string_id,source_en,lang_code,target_language,model,translation,latency_sec
0,Recursion limit:,mr:,Marathi,qwen2.5-coder:7b,रिकॉर्सन असाठी अंतर्गत:,3.195
1,Satellite voice communication controller,mr:,Marathi,qwen2.5-coder:7b,सौरभ वाक्य संचालक,2.312
2,globalization,mr:,Marathi,qwen2.5-coder:7b,ग्लोबलाशास्त्र,1.797
3,Gray Heading,mr:,Marathi,qwen2.5-coder:7b,ग्रे हैडिंग,1.489
4,Codec from,mr:,Marathi,qwen2.5-coder:7b,कोडक आणि,1.262
5,IO-port information,mr:,Marathi,qwen2.5-coder:7b,आयोजन अंतर्मुखीय माहिती,2.739
6,& QIT; Explained,mr:,Marathi,qwen2.5-coder:7b,& QIT; विश्लेषित,2.163
7,Input Text (wml),mr:,Marathi,qwen2.5-coder:7b,प्रवेश कार्याङ्गन (wml),2.508
8,Attendee list,mr:,Marathi,qwen2.5-coder:7b,प्रतिभावरी तपशील,2.035
9,Default Gateway:,mr:,Marathi,qwen2.5-coder:7b,डिफॉल्ट गेटवे:,1.973
10,Gather some meaningful statistics,mr:,Marathi,qwen2.5-coder:7b,सांगत एक अर्थवादी अँकांचे गट्टी करण्यात आला.,5.018
11,Useful tips,mr:,Marathi,qwen2.5-coder:7b,योग्य सुझावे,1.599
12,Properties management,mr:,Marathi,qwen2.5-coder:7b,प्रॉप्स व्यवस्था,2.105
13,position,mr:,Marathi,qwen2.5-coder:7b,स्थिती,1.028
14,Post Reply,mr:,Marathi,qwen2.5-coder:7b,प्रतिक्रिया जोड्या,1.987
15,Signature Algorithm:,mr:,Marathi,qwen2.5-coder:7b,सांस्कृतिक अल्गोरिथम:,2.544
16,Text file,mr:,Marathi,qwen2.5-coder:7b,पाठ्यक्रम फाइल,1.773
17,Done!,mr:,Marathi,qwen2.5-coder:7b,पूर्ण!,1.13
18,A star,mr:,Marathi,qwen2.5-coder:7b,सात्य,0.961
19,You have %1,mr:,Marathi,qwen2.5-coder:7b,आपले %1 होते,1.564
20,Image Smoothing,mr:,Marathi,qwen2.5-coder:7b,चित्र विस्तारण,1.861
21,starts with '#V1S# ',mr:,Marathi,qwen2.5-coder:7b,शुरू होते '#V1S# ,2.335
22,Suspend to Disk,mr:,Marathi,qwen2.5-coder:7b,डिस्कावर रोखणे,1.97
23,of the & year,mr:,Marathi,qwen2.5-coder:7b,& वर्षाच्या,1.618
24,Capitals:,mr:,Marathi,qwen2.5-coder:7b,महानगरे:,1.232
25,Uncategorized Album,mr:,Marathi,qwen2.5-coder:7b,अनुशासित आल्बम,1.81
26,Column width,mr:,Marathi,qwen2.5-coder:7b,कॉलमचे चौंद,1.692
27,Recipient,mr:,Marathi,qwen2.5-coder:7b,प्रतिवादी,1.223
28,& Pixel Dimensions,mr:,Marathi,qwen2.5-coder:7b,& पिक्सल आयामे,1.744
29,Rights Management,mr:,Marathi,qwen2.5-coder:7b,प्राथमिकता प्रबंधन,1.972
30,Formula String,mr:,Marathi,qwen2.5-coder:7b,फॉर्मूला शृंखला,2.297
31,Group base:,mr:,Marathi,qwen2.5-coder:7b,ग्रुप आधार:,1.491
32,Edit Patch,mr:,Marathi,qwen2.5-coder:7b,पॅच संपादित करा,1.87
33,Role Name,mr:,Marathi,qwen2.5-coder:7b,नाव योजना,1.367
34,Calendar Format,mr:,Marathi,qwen2.5-coder:7b,कॅलेंडर फॅमॅट,2.094
35,20 Cards,mr:,Marathi,qwen2.5-coder:7b,20 कार्ड्स,1.424
36,Bibtex quotation style:,mr:,Marathi,qwen2.5-coder:7b,बिब्टीकी उदाहरण स्टायल:,2.812
37,New type: vtun,mr:,Marathi,qwen2.5-coder:7b,नव्या प्रकार: व्टून,2.417
38,Using & ktts;,mr:,Marathi,qwen2.5-coder:7b,कॅट्टीस वापरते &,2.381
39,Data CD,mr:,Marathi,qwen2.5-coder:7b,डेटा च्या डीजी,1.827
40,Male 3,mr:,Marathi,qwen2.5-coder:7b,महिला 3,1.201
41,Dolphin General,mr:,Marathi,qwen2.5-coder:7b,डोल्फिन जनरल,1.728
42,Pointer,mr:,Marathi,qwen2.5-coder:7b,पंक्ती,1.037
43,Output directory:,mr:,Marathi,qwen2.5-coder:7b,आउटपुट दिशा:,1.67
44,From now on:,mr:,Marathi,qwen2.5-coder:7b,आणि अबचे:,1.425
45,battle,mr:,Marathi,qwen2.5-coder:7b,युद्ध,0.918
46,Go back,mr:,Marathi,qwen2.5-coder:7b,पुढील जाणा,1.473
47,Sunday,mr:,Marathi,qwen2.5-coder:7b,आयताळा,1.089
48,Layer Settings,mr:,Marathi,qwen2.5-coder:7b,परिस्थिती सेटिंग्स,2.207
49,texture list,mr:,Marathi,qwen2.5-coder:7b,ताक्षणीय सूची,1.71
50,angularVelocity variance,mr:,Marathi,qwen2.5-coder:7b,वृत्ताकार वेग विविधता,2.822
51,Ritzaus Bureau NITF version (RBNITF DTD),mr:,Marathi,qwen2.5-coder:7b,रित्जाउस बूर्ज निटीएफ वर्शन (र्बनिट्फ डीटीडी),5.51
52,Exceptions,mr:,Marathi,qwen2.5-coder:7b,अपराधे,1.048
53,Sample,mr:,Marathi,qwen2.5-coder:7b,मान्यता,1.12
54,Find City,mr:,Marathi,qwen2.5-coder:7b,शहर खोजा,1.247
55,Unknown Bus,mr:,Marathi,qwen2.5-coder:7b,अज्ञानी बस,1.482
56,General Plugins,mr:,Marathi,qwen2.5-coder:7b,सामान्य योग्यकरणे,2.057
57,Open,mr:,Marathi,qwen2.5-coder:7b,खोला,0.802
58,Post removed,mr:,Marathi,qwen2.5-coder:7b,पोस्ट हटले गेले,1.795
59,RTF In Sync,mr:,Marathi,qwen2.5-coder:7b,आणि र्टफ सिंक,1.773
60,Positioning:,mr:,Marathi,qwen2.5-coder:7b,पद्धती:,1.113
61,& Gray level,mr:,Marathi,qwen2.5-coder:7b,& ग्रे लेवल,1.436
62,Time (hh: mm),mr:,Marathi,qwen2.5-coder:7b,समय (hh: mm),1.395
63,Group number:,mr:,Marathi,qwen2.5-coder:7b,ग्रुप नंबर:,1.431
64,"Asia, East",mr:,Marathi,qwen2.5-coder:7b,"आशिया, पश्चिम",1.628
65,Kig figure,mr:,Marathi,qwen2.5-coder:7b,खालील चित्र देणा,1.918
66,New protocol,mr:,Marathi,qwen2.5-coder:7b,नवीन प्रोटोकोल,1.686
67,As Attachment,mr:,Marathi,qwen2.5-coder:7b,प्रतिलिपीमध्ये,1.758
68,Firing,mr:,Marathi,qwen2.5-coder:7b,फिरणे,0.946
69,Border:,mr:,Marathi,qwen2.5-coder:7b,परिसीमा:,1.257
70,Three Staples,mr:,Marathi,qwen2.5-coder:7b,तीन शिप्पणे,1.554
71,Upload Info,mr:,Marathi,qwen2.5-coder:7b,प्रतिबिंब आपल्याला अपलून करा,3.124
72,Maximum download rate:,mr:,Marathi,qwen2.5-coder:7b,मजकून डाउनलोड दर:,2.336
73,expired,mr:,Marathi,qwen2.5-coder:7b,पुरानो,0.986
74,SpeedoMeter,mr:,Marathi,qwen2.5-coder:7b,स्पीडोमिटर,1.409
75,60 Points,mr:,Marathi,qwen2.5-coder:7b,60 अंके,1.141
76,Cordless TrackMan FX,mr:,Marathi,qwen2.5-coder:7b,कांदाच्या फ्लॅक्स,2.458
77,LawnGreen,mr:,Marathi,qwen2.5-coder:7b,लावन रंग,1.3
78,measureRectCenter,mr:,Marathi,qwen2.5-coder:7b,माप रेक्ट केंद्र,1.89
79,Go forward,mr:,Marathi,qwen2.5-coder:7b,आणखी आणखी झाला,1.879
80,Contacts,mr:,Marathi,qwen2.5-coder:7b,कार्यक्रमांचे व्यक्ती या विशेष असे अनुवादित करण्यात आला आहे.,6.268
81,Combination method,mr:,Marathi,qwen2.5-coder:7b,मिश्रण विधि,1.562
82,starts with,mr:,Marathi,qwen2.5-coder:7b,शुरू झाले,1.673
83,Security Configuration,mr:,Marathi,qwen2.5-coder:7b,सुरक्षा व्यवस्था,2.05
84,Tab Bar position:,mr:,Marathi,qwen2.5-coder:7b,टॅब बार स्थान:,2.016
85,city,mr:,Marathi,qwen2.5-coder:7b,शहर,0.741
86,Date Display,mr:,Marathi,qwen2.5-coder:7b,दिवसाचे प्रदर्शन,1.776
87,Verb Deinflection,mr:,Marathi,qwen2.5-coder:7b,वर्णन अनुवर्तन,2.136
88,Sector size:,mr:,Marathi,qwen2.5-coder:7b,खेताचे आकार:,1.801
89,Spanish (Nicaragua),mr:,Marathi,qwen2.5-coder:7b,स्पेनिश (निकारागुआ),2.378
90,Do Not Save,mr:,Marathi,qwen2.5-coder:7b,नाहीत बनवणा,1.611
91,Edit,mr:,Marathi,qwen2.5-coder:7b,संपादित करणे,1.535
92,Status Change,mr:,Marathi,qwen2.5-coder:7b,परिवर्तन असे झाला,2.166
93,Grant,mr:,Marathi,qwen2.5-coder:7b,अनुमती देणे,1.527
94,timeouts,mr:,Marathi,qwen2.5-coder:7b,मार्गदर्शन अवधीं अंतराल,2.669
95,& Folder contents:,mr:,Marathi,qwen2.5-coder:7b,&फोल्डराचे सामग्री:,2.193
96,& male,mr:,Marathi,qwen2.5-coder:7b,& महाला,1.024
97,No dial tone response:,mr:,Marathi,qwen2.5-coder:7b,कोणत्याही डायल टोन रिसपन्स:,3.237
98,Address Book,mr:,Marathi,qwen2.5-coder:7b,पत्ता यादी,1.451
99,Find buffer,mr:,Marathi,qwen2.5-coder:7b,बफर खोजा,1.457
100,& Close Project,mr:,Marathi,qwen2.5-coder:7b,&परियोजना बंद करा,2.146
101,Increment (to %1),mr:,Marathi,qwen2.5-coder:7b,जांचा (सर्वात %1),2.25
102,& New Folder,mr:,Marathi,qwen2.5-coder:7b,&नवीन फोल्डर,1.699
103,View Formatting,mr:,Marathi,qwen2.5-coder:7b,प्राथमिक दृश्य,1.922
104,Meta character set:,mr:,Marathi,qwen2.5-coder:7b,मूळ चिन्ह सेट:,2.003
105,Nickname:,mr:,Marathi,qwen2.5-coder:7b,नावनाव:,1.075
106,ImagePlugin_SuperImpose,mr:,Marathi,qwen2.5-coder:7b,प्रतिबिंबनुसार आपले चित्र आणि अन्य चित्रांना एकत्रित करणे,5.794
107,Uncategorized,mr:,Marathi,qwen2.5-coder:7b,अनुशासित नावे,1.799
108,& Attachments,mr:,Marathi,qwen2.5-coder:7b,& आवश्यकता आहे,1.907
109,Users,mr:,Marathi,qwen2.5-coder:7b,योजना,0.991
110,Goal,mr:,Marathi,qwen2.5-coder:7b,प्रमाण,0.9
111,Draw Frames,mr:,Marathi,qwen2.5-coder:7b,खालील चालून आणि चालून चालून चालून चालून चालून चालून चालून चालून चालून चालून चालून चालून,10.2
112,Network device,mr:,Marathi,qwen2.5-coder:7b,नेटवर्क निवडणे,1.896
113,Quanta Project Importer,mr:,Marathi,qwen2.5-coder:7b,प्रोजेक्ट इम्पोर्टर,2.386
114,Text Area,mr:,Marathi,qwen2.5-coder:7b,तेक्स्ट अलेखातः,1.998
115,Budget year,mr:,Marathi,qwen2.5-coder:7b,बजुड्यारी,1.38
116,50 bumps,mr:,Marathi,qwen2.5-coder:7b,50 बंधुरीयांचे असणे,2.346
117,Edje File:,mr:,Marathi,qwen2.5-coder:7b,एडजे फाइल:,1.46
118,Position x:,mr:,Marathi,qwen2.5-coder:7b,पद्धती x:,1.195
119,interior declaration,mr:,Marathi,qwen2.5-coder:7b,प्रतिनिधी घोषणा,1.815
120,Data select,mr:,Marathi,qwen2.5-coder:7b,डेटा चुनाव करणा,1.845
121,TV for KDE,mr:,Marathi,qwen2.5-coder:7b,TV for KDE,0.982
122,Unknown server,mr:,Marathi,qwen2.5-coder:7b,अज्ञानी सर्वर,1.702
123,Dolphin Toolbar,mr:,Marathi,qwen2.5-coder:7b,डोल्फिन टूलबार,2.013
124,End Color:,mr:,Marathi,qwen2.5-coder:7b,खाली रंग:,1.324
125,Could not find conduit %1.,mr:,Marathi,qwen2.5-coder:7b,किंवा निर्माण नाहीत %1.,2.71
126,Black and White,mr:,Marathi,qwen2.5-coder:7b,काले आणि सफळ,1.716
127,KDevStructureTree,mr:,Marathi,qwen2.5-coder:7b,कडवेट्रुक्सट्रक्चर,2.055
128,Write-only,mr:,Marathi,qwen2.5-coder:7b,प्राप्त नाहीं,1.601
129,Library,mr:,Marathi,qwen2.5-coder:7b,बुकार्थी,1.177
130,Border size:,mr:,Marathi,qwen2.5-coder:7b,तपासाचे आकार:,1.711
131,Allow,mr:,Marathi,qwen2.5-coder:7b,अनुमत देणे,1.417
132,Audio output device,mr:,Marathi,qwen2.5-coder:7b,आवाज आउटपुट निवडक,2.229
133,Password changer,mr:,Marathi,qwen2.5-coder:7b,पासवर्ड बदलकर्ता,2.087
134,Akonadi Knut Data File,mr:,Marathi,qwen2.5-coder:7b,आकोणडी कन्ट डेटा फाइल,2.528
135,Skipping %1...,mr:,Marathi,qwen2.5-coder:7b,पुनरावर्तन %1 घेणे घेणे...,2.772
136,Scheduler priority: %1,mr:,Marathi,qwen2.5-coder:7b,स्थापना प्राथमिकता: %1,2.671
137,Audio mixer utility,mr:,Marathi,qwen2.5-coder:7b,आवडण योजना,1.509
138,Graph Files,mr:,Marathi,qwen2.5-coder:7b,ग्राफ फाइल्स,1.609
139,& Beep,mr:,Marathi,qwen2.5-coder:7b,& बीप,0.985
140,LDAP Operation,mr:,Marathi,qwen2.5-coder:7b,LDAP ऑपरेशन,1.237
141,Palette name:,mr:,Marathi,qwen2.5-coder:7b,पेलेटचे नाव:,1.681
142,Tunnels (1) - The Monster,mr:,Marathi,qwen2.5-coder:7b,तुन्नीले (1) - मोन्स्टर,2.738
143,Spanish (Costa Rica),mr:,Marathi,qwen2.5-coder:7b,स्पेनिश (कोस्टा रिका),2.604
144,& List Environment,mr:,Marathi,qwen2.5-coder:7b,& परिस्थिती सूची,1.96
145,Union,mr:,Marathi,qwen2.5-coder:7b,योजना,0.984
146,Help Contents,mr:,Marathi,qwen2.5-coder:7b,मदताचे सामग्री,1.67
147,Key bindings,mr:,Marathi,qwen2.5-coder:7b,कुंजी बंधने,1.514
148,Copyright (c) 2007-2008 The KapTeam,mr:,Marathi,qwen2.5-coder:7b,कॉपीराइट (c) 2007-2008 या कप्तीचे टीम,4.733
149,ComboBox dialog,mr:,Marathi,qwen2.5-coder:7b,कंबोबॉक्स डिलगो,2.105
150,Sent date:,mr:,Marathi,qwen2.5-coder:7b,दिलेली तारीख:,1.833
151,Write error,mr:,Marathi,qwen2.5-coder:7b,प्रकारण गर्ले,1.799
152,Educational applications,mr:,Marathi,qwen2.5-coder:7b,शिक्षण अनुप्रयोगे,2.261
153,Select wind format:,mr:,Marathi,qwen2.5-coder:7b,वायु प्राथमिकता चुनाव करा:,2.957
154,Western Europe,mr:,Marathi,qwen2.5-coder:7b,पश्चिम युरोप,1.604
155,Channel Mode,mr:,Marathi,qwen2.5-coder:7b,चौंस रूपण,1.527
156,%1 (Brokerage),mr:,Marathi,qwen2.5-coder:7b,%1 (ब्रोकर्ज),1.685
157,Image:,mr:,Marathi,qwen2.5-coder:7b,चित्र:,0.957
158,of Heshvan,mr:,Marathi,qwen2.5-coder:7b,हेशवनाच्या मध्ये,2.063
159,Could not read script '%1 '. Error %2,mr:,Marathi,qwen2.5-coder:7b,क्रिप्ट असाठी वापरले जाले '%1 '. त्रुटी %2,4.38
160,Logging in...,mr:,Marathi,qwen2.5-coder:7b,लॉगिंग झाले...,1.785
161,Print Frame...,mr:,Marathi,qwen2.5-coder:7b,प्रिंट फ्रेम...,1.576
162,Yellow-Green Filter,mr:,Marathi,qwen2.5-coder:7b,पाळ-पाळ फिल्टर,1.929
163,Computer/ AI Player,mr:,Marathi,qwen2.5-coder:7b,कंप्यूटर/ आयोजन खेलकाळी,2.796
164,Landing Site,mr:,Marathi,qwen2.5-coder:7b,लॅंडिंग साइट,1.647
165,Default Language:,mr:,Marathi,qwen2.5-coder:7b,मानव भाषा:,1.478
166,Channel %1,mr:,Marathi,qwen2.5-coder:7b,कॅन्यूनल %1,1.628
167,cubic miles,mr:,Marathi,qwen2.5-coder:7b,क्यूबिक मिली (Kubik Mili),2.429
168,S/ MIME Validation,mr:,Marathi,qwen2.5-coder:7b,सीएमआई वैधता,1.793
169,New Field,mr:,Marathi,qwen2.5-coder:7b,नव्हा जग्वान,1.624
170,"American Male, MBROLA",mr:,Marathi,qwen2.5-coder:7b,"अमेरिकी लोक, MBROLA",2.124
171,UserId,mr:,Marathi,qwen2.5-coder:7b,उपयोगकर्ता ID,1.542
172,Segmented,mr:,Marathi,qwen2.5-coder:7b,सेगमेंटेड,1.525
173,Video Device,mr:,Marathi,qwen2.5-coder:7b,वीडियो निवडणा,1.727
174,License,mr:,Marathi,qwen2.5-coder:7b,लाइसेंस,1.144
175,Graph style,mr:,Marathi,qwen2.5-coder:7b,ग्राफ शैली,1.428
176,Device Error,mr:,Marathi,qwen2.5-coder:7b,उपलब्धी गती घटना,2.043
177,Scan Results,mr:,Marathi,qwen2.5-coder:7b,रिंकाचे परिणाम,1.782
178,Remove image,mr:,Marathi,qwen2.5-coder:7b,मोजे घटवाला,1.547
179,New Tab Behavior,mr:,Marathi,qwen2.5-coder:7b,नवीन टॅब का व्यवहार,2.392
180,RSQ(known Y; known X),mr:,Marathi,qwen2.5-coder:7b,RSQ(जाणलेल्या Y; जाणलेल्या X),3.416
181,Commands,mr:,Marathi,qwen2.5-coder:7b,मोड्यूल्स,1.387
182,pendown,mr:,Marathi,qwen2.5-coder:7b,पेंडाउन,1.099
183,Transfer type:,mr:,Marathi,qwen2.5-coder:7b,प्रसार क्रमांक:,1.587
184,Output Channels,mr:,Marathi,qwen2.5-coder:7b,आउटपुट चौनकीं,1.895
185,Ballot X Bullet,mr:,Marathi,qwen2.5-coder:7b,बॅलट एक बूटल,1.92
186,Hosts allow:,mr:,Marathi,qwen2.5-coder:7b,मूळ व्यवसायांना अनुमती देतात:,3.435
187,What,mr:,Marathi,qwen2.5-coder:7b,कायदा,0.926
188,Card Number,mr:,Marathi,qwen2.5-coder:7b,कार्ड नंबर,1.423
189,Modification,mr:,Marathi,qwen2.5-coder:7b,मूख्य परिवर्तन,1.835
190,Ports,mr:,Marathi,qwen2.5-coder:7b,पोर्ट्स,1.144
191,ATI Query,mr:,Marathi,qwen2.5-coder:7b,ATI प्रश्न,1.395
192,Open a torrent,mr:,Marathi,qwen2.5-coder:7b,तर्टन खोला,1.528
193,of Hijjah,mr:,Marathi,qwen2.5-coder:7b,हिज्जातील,1.395
194,Wire mesh,mr:,Marathi,qwen2.5-coder:7b,वायर माझीसाठी,1.668
195,Painterly Overlay,mr:,Marathi,qwen2.5-coder:7b,पेन्टरली अवयवीकरण,2.202
196,Output Order,mr:,Marathi,qwen2.5-coder:7b,आउटपुट आयोजन,1.706
197,"Copyright (c) 1999-2006, Developers",mr:,Marathi,qwen2.5-coder:7b,"कॉपीराइट (c) 1999-2006, डेवलपर्स",4.202
198,Backend Selection,mr:,Marathi,qwen2.5-coder:7b,पार्कन चयन,1.511
199,A2 Invitation,mr:,Marathi,qwen2.5-coder:7b,आणि 2 प्रस्ताव,1.637
200,Username: %1,mr:,Marathi,qwen2.5-coder:7b,उपयोगकर्ता नाव: %1,2.155
201,Vocabulary exam,mr:,Marathi,qwen2.5-coder:7b,वाक्यांकडी,1.454
202,Output Type,mr:,Marathi,qwen2.5-coder:7b,आउटपुट प्रकार,1.485
203,Format Percent,mr:,Marathi,qwen2.5-coder:7b,प्रतिशत आकारण,1.582
204,Phone Number:,mr:,Marathi,qwen2.5-coder:7b,फोन नंबर:,1.363
205,Banners,mr:,Marathi,qwen2.5-coder:7b,बानर्स,1.04
206,Ammann lines,mr:,Marathi,qwen2.5-coder:7b,अम्मण्यांचे लांबी,2.216
207,Screen shot,mr:,Marathi,qwen2.5-coder:7b,स्क्रीनशॉट,1.472
208,Delete Filter?,mr:,Marathi,qwen2.5-coder:7b,फिल्टर अड्वारा घटाणा?,2.464
209,& Insecure,mr:,Marathi,qwen2.5-coder:7b,& असुरक्षित,1.582
210,KStars Tools,mr:,Marathi,qwen2.5-coder:7b,कस्टर्स टूल्स,1.947
211,KDE CD player,mr:,Marathi,qwen2.5-coder:7b,कडी खालील खालील खालील खालील खालील खालील खालील खालील खालील खालील खालील खालील खालील खालील खालील खालील,10.125
212,Please select a game:,mr:,Marathi,qwen2.5-coder:7b,कृपया एक खेळ चुना:,2.454
213,Anchor,mr:,Marathi,qwen2.5-coder:7b,आंचल,0.843
214,KResources Framework Plugin,mr:,Marathi,qwen2.5-coder:7b,क्रेसर्स फ्रेमवर्क प्लगइन,2.787
215,Got old transactions,mr:,Marathi,qwen2.5-coder:7b,पुरान्य लेखांचे प्राप्त केले,2.956
216,State:,mr:,Marathi,qwen2.5-coder:7b,प्रदेश:,1.023
217,Throughput Graph,mr:,Marathi,qwen2.5-coder:7b,प्रवाह ग्राफ,1.431
218,Parent ID,mr:,Marathi,qwen2.5-coder:7b,पारंतु ID,1.112
219,Filename Patterns,mr:,Marathi,qwen2.5-coder:7b,फाइलनावाचे पॅटर्न्स,2.271
220,Search Engine,mr:,Marathi,qwen2.5-coder:7b,मोठी खोज इंजीन,1.776
221,Getting & kde;,mr:,Marathi,qwen2.5-coder:7b,कडे जाणते & kde;,1.874
222,Image Resolution,mr:,Marathi,qwen2.5-coder:7b,प्रतिस्थापन दाखला,2.078
223,Observing List...,mr:,Marathi,qwen2.5-coder:7b,प्राश्नांकांची सूची...,2.507
224,New Tab Page,mr:,Marathi,qwen2.5-coder:7b,नवीन टॅब पृष्ठ,2.015
225,Copying Succeeded,mr:,Marathi,qwen2.5-coder:7b,साठन झाला,1.445
226,Selected text,mr:,Marathi,qwen2.5-coder:7b,चुनलेला पाठ्याचे वर्ण,2.506
227,CadetBlue4,mr:,Marathi,qwen2.5-coder:7b,काडेटब्लू4,1.715
228,Track Color:,mr:,Marathi,qwen2.5-coder:7b,त्रॅक कार्यालय:,1.862
229,Network Problems,mr:,Marathi,qwen2.5-coder:7b,नेटवर्क समस्या,1.693
230,Text-to-Speech,mr:,Marathi,qwen2.5-coder:7b,पाठ्यांसाठी वाक्यांना अनुवाद करणे,3.907
231,Host/ User,mr:,Marathi,qwen2.5-coder:7b,होस्ट/ योजक्षा,1.969
232,Horizontally,mr:,Marathi,qwen2.5-coder:7b,हार्यातील,1.341
233,Grouping Stencils,mr:,Marathi,qwen2.5-coder:7b,स्टेन्स ग्रुप करणे,2.111
234,Template & name:,mr:,Marathi,qwen2.5-coder:7b,मोठी &नाव:,1.451
235,Wind speed: %1,mr:,Marathi,qwen2.5-coder:7b,वायु वेग: %1,1.625
236,SpringGreen,mr:,Marathi,qwen2.5-coder:7b,सूर्यपीत,1.325
237,Acceleration & profile:,mr:,Marathi,qwen2.5-coder:7b,त्याची वेग आणि प्रोफाइल:,2.836
238,& Size:,mr:,Marathi,qwen2.5-coder:7b,& आकार:,1.183
239,Max age,mr:,Marathi,qwen2.5-coder:7b,मजकून आयु,1.522
240,incomplete,mr:,Marathi,qwen2.5-coder:7b,अभी तक पूर्ण नाहीं,2.22
241,Add Repository,mr:,Marathi,qwen2.5-coder:7b,संग्रहालय जोडा,1.876
242,Informative,mr:,Marathi,qwen2.5-coder:7b,सांगीकरणीय,1.447
243,& rsibreak; statistics,mr:,Marathi,qwen2.5-coder:7b,& rsibreak; अळवरी आणि अळवरी अनुमान,3.648
244,Multiplication,mr:,Marathi,qwen2.5-coder:7b,मल्याला,1.154
245,pptpclient is missing,mr:,Marathi,qwen2.5-coder:7b,pptpclient असून आले आहे,2.33
246,Skipped.,mr:,Marathi,qwen2.5-coder:7b,पुरावली घेली.,1.872
247,& Superlative,mr:,Marathi,qwen2.5-coder:7b,& सर्वात अच्छा,1.802
248,Design View,mr:,Marathi,qwen2.5-coder:7b,डिजाइन व्यवस्था,1.905
249,DarkGreen,mr:,Marathi,qwen2.5-coder:7b,काळे रंग,1.244
250,Accesspoint,mr:,Marathi,qwen2.5-coder:7b,अनुपलब्धीकरण,1.686
251,Contents Behavior,mr:,Marathi,qwen2.5-coder:7b,वापरासाठी काही माहिती दिलेले जाते.,3.532
252,Not Ready,mr:,Marathi,qwen2.5-coder:7b,नाहीत आयोजित आहे,2.093
253,Setting Category:,mr:,Marathi,qwen2.5-coder:7b,शेडिंग श्रेणी:,1.788
254,Elevation:,mr:,Marathi,qwen2.5-coder:7b,उंचाई:,1.014
255,Unable to start %1.,mr:,Marathi,qwen2.5-coder:7b,%1 शुरू नाही.,1.896
256,Sample rate,mr:,Marathi,qwen2.5-coder:7b,मूळ दर,1.274
257,Shut Up,mr:,Marathi,qwen2.5-coder:7b,बंधा,1.055
258,Page size:,mr:,Marathi,qwen2.5-coder:7b,पृष्ठाचा आकार:,1.88
259,Display Prefix:,mr:,Marathi,qwen2.5-coder:7b,प्रतिश्रंख दाखवणे:,2.093
260,Storm,mr:,Marathi,qwen2.5-coder:7b,सूर्यातील जावटी,1.959
261,Best effort,mr:,Marathi,qwen2.5-coder:7b,शक्तिशाली प्रयास,1.819
262,Years,mr:,Marathi,qwen2.5-coder:7b,वर्षे,0.891
263,XML Validation,mr:,Marathi,qwen2.5-coder:7b,एक्सएमएल वैधीकरण,2.149
264,black (bold),mr:,Marathi,qwen2.5-coder:7b,काले (पिच्चे),1.721
265,Formula Selection,mr:,Marathi,qwen2.5-coder:7b,फॉर्मूला चयन,1.794
266,Secure,mr:,Marathi,qwen2.5-coder:7b,सुरक्षित,1.169
267,Coral,mr:,Marathi,qwen2.5-coder:7b,कोरल,0.826
268,Work path:,mr:,Marathi,qwen2.5-coder:7b,कार्यालयाचा पथ:,1.892
269,First-run Wizard,mr:,Marathi,qwen2.5-coder:7b,पहिला चालणाचे विज्ञान,2.606
270,OK dialog,mr:,Marathi,qwen2.5-coder:7b,ओळखा दिलेला जावळ,2.281
271,Last & Friday,mr:,Marathi,qwen2.5-coder:7b,पिछ्ले &शुक्रवार,1.839
272,File Path,mr:,Marathi,qwen2.5-coder:7b,फाइल पासवर्ड,1.49
273,Groups,mr:,Marathi,qwen2.5-coder:7b,ग्रुप्स,0.979
274,Pixmap:,mr:,Marathi,qwen2.5-coder:7b,पिक्मॅक्स:,1.505
275,Austrian Schilling,mr:,Marathi,qwen2.5-coder:7b,ऑस्ट्रियन शिल्लिंग,2.245
276,Phoenix Islands,mr:,Marathi,qwen2.5-coder:7b,फॅनिक्स इंडियां,2.088
277,42 Points,mr:,Marathi,qwen2.5-coder:7b,42 अंके,1.223
278,French,mr:,Marathi,qwen2.5-coder:7b,फ्रांसीसी,1.224
279,Rectangular,mr:,Marathi,qwen2.5-coder:7b,आयताकार,1.144
280,Foreground color,mr:,Marathi,qwen2.5-coder:7b,प्रसिद्धान्त रंग,2.02
281,Place cursor,mr:,Marathi,qwen2.5-coder:7b,कार्शनाचा निर्धारित करा,2.87
282,Shortcut name: s,mr:,Marathi,qwen2.5-coder:7b,क्षेत्राचे नाव: s,2.244
283,Output To,mr:,Marathi,qwen2.5-coder:7b,आउटपुट ला,1.386
284,(none),mr:,Marathi,qwen2.5-coder:7b,नाहीं,0.99
285,_Password:,mr:,Marathi,qwen2.5-coder:7b,पासवर्ड:,1.215
286,Verification:,mr:,Marathi,qwen2.5-coder:7b,पुष्टीकरण:,1.408
287,Log Directory:,mr:,Marathi,qwen2.5-coder:7b,लॉग दाखवणी:,1.765
288,Flower box,mr:,Marathi,qwen2.5-coder:7b,फूल बॉक्स,1.596
289,LightCoral,mr:,Marathi,qwen2.5-coder:7b,लाईट कोरल,1.328
290,& Next Track,mr:,Marathi,qwen2.5-coder:7b,& अगला ट्रॅक,1.625
291,Save to,mr:,Marathi,qwen2.5-coder:7b,सेव करा,1.224
292,Monthly,mr:,Marathi,qwen2.5-coder:7b,मासाचे,0.971
293,Dark green,mr:,Marathi,qwen2.5-coder:7b,काळे रंग,1.224
294,Focal Length:,mr:,Marathi,qwen2.5-coder:7b,फोकल लंबाई:,1.537
295,Next in XMMS,mr:,Marathi,qwen2.5-coder:7b,पर्याय आणि अन्य विशेष अवयवे असलेल्या वापरकर्त्यांनी अनुवाद करण्यासाठी अनुशासनांमधून अनुकूल अवयवांना,10.018
296,Default view layout:,mr:,Marathi,qwen2.5-coder:7b,डिफॉल्ट व्यवस्था:,2.285
297,weightConst,mr:,Marathi,qwen2.5-coder:7b,वजनचा संतती,1.453
298,Written Data,mr:,Marathi,qwen2.5-coder:7b,प्रकारित आणि वापरण या विशेष असलेल्या असा आणि वापरण या विशेष असलेल्या असा आणि वापरण या विशेष असलेल्या,10.336
299,Y rotation,mr:,Marathi,qwen2.5-coder:7b,या घटनाची घटना,1.885
300,& find,mr:,Marathi,qwen2.5-coder:7b,& खोजणे,1.163
301,Nationalities,mr:,Marathi,qwen2.5-coder:7b,नागरिकतांचे नावे,2.139
302,Open a script...,mr:,Marathi,qwen2.5-coder:7b,स्क्रिप्ट खोला...,1.885
303,Frost Glass,mr:,Marathi,qwen2.5-coder:7b,फ्रोस्ट ग्लास,1.697
304,WEEKSINYEAR(year),mr:,Marathi,qwen2.5-coder:7b,वर्षातील वार्त्यांची संख्या (वर्ष),3.814
305,SingleSided,mr:,Marathi,qwen2.5-coder:7b,एकदिशीय,1.241
306,vCard Address Book File,mr:,Marathi,qwen2.5-coder:7b,वॅकड ठेवाचे फाइल,2.172
307,Search What,mr:,Marathi,qwen2.5-coder:7b,खोजा क्या,1.264
308,Vector Equality Test,mr:,Marathi,qwen2.5-coder:7b,वेक्टर समानता परीक्षा,2.585
309,Light Gray,mr:,Marathi,qwen2.5-coder:7b,चालीसा खाली,1.61
310,Game New Sandbox Game,mr:,Marathi,qwen2.5-coder:7b,खेल नव बॉंडेबॉक खेल,2.523
311,Mobile Phone Information,mr:,Marathi,qwen2.5-coder:7b,मोबाइल फोन जाहीरात,2.325
312,Paper Size:,mr:,Marathi,qwen2.5-coder:7b,पेपर आकार:,1.427
313,Network Construction Game,mr:,Marathi,qwen2.5-coder:7b,नेटवर्क निर्माण खेळ,2.35
314,COLUMNS(reference),mr:,Marathi,qwen2.5-coder:7b,स्तंभांचे नाव (संदर्भ),2.489
315,Generalization,mr:,Marathi,qwen2.5-coder:7b,सामान्यता,1.31
316,Issued,mr:,Marathi,qwen2.5-coder:7b,आणली झाली,1.356
317,Answer string:,mr:,Marathi,qwen2.5-coder:7b,उत्तर शब्दाचा:,1.844
318,Middle,mr:,Marathi,qwen2.5-coder:7b,मध्ये,0.953
319,Vert. Size Type,mr:,Marathi,qwen2.5-coder:7b,उंचीता प्रकार,1.565
320,12 MB or more,mr:,Marathi,qwen2.5-coder:7b,12 MB या अधिक,1.577
321,PCSCLite Configuration,mr:,Marathi,qwen2.5-coder:7b,प्रस्थानाचे व्यवस्था,2.37
322,1024 mm or more,mr:,Marathi,qwen2.5-coder:7b,1024 म्म आणि अधिक,2.281
323,KDE Certificate Request,mr:,Marathi,qwen2.5-coder:7b,क्याडी चार्टिस अनुरोध,2.519
324,NMM Configuration,mr:,Marathi,qwen2.5-coder:7b,नम्म व्यवस्था,1.799
325,CGConstraintSolver,mr:,Marathi,qwen2.5-coder:7b,CGConstraintSolver,0.782
326,Overwrite mode:,mr:,Marathi,qwen2.5-coder:7b,पुनर्लोड अवधारणा:,2.355
327,Adding Applets,mr:,Marathi,qwen2.5-coder:7b,एप्पलेट्स जोडणे,2.249
328,Starting in cell,mr:,Marathi,qwen2.5-coder:7b,शहरात शुरू करण्यात,2.512
329,List Wizard,mr:,Marathi,qwen2.5-coder:7b,सूची जाहीरात,1.783
330,Player Names,mr:,Marathi,qwen2.5-coder:7b,खेलकारांचे नावे,1.981
331,Music Tool,mr:,Marathi,qwen2.5-coder:7b,म्यूजिक टूल,1.782
332,Control Center Modules,mr:,Marathi,qwen2.5-coder:7b,कंट्रोल केंद्र मॉड्यूल्स,2.761
333,%1 unsaved document (%2),mr:,Marathi,qwen2.5-coder:7b,%1 असेलेले दस्तऐवज (%2),2.781
334,Instructions:,mr:,Marathi,qwen2.5-coder:7b,दिशायांचे:,1.59
335,Resolve,mr:,Marathi,qwen2.5-coder:7b,सुलझाणा,1.094
336,Progressive,mr:,Marathi,qwen2.5-coder:7b,प्रगतीसाठी,1.304
337,Descriptions,mr:,Marathi,qwen2.5-coder:7b,विवरणे,1.059
338,Filter Log Viewer,mr:,Marathi,qwen2.5-coder:7b,फिल्टर लॉग वीवर,2.125
339,Pre-text:,mr:,Marathi,qwen2.5-coder:7b,प्री-पासारी:,1.584
340,Transparent,mr:,Marathi,qwen2.5-coder:7b,प्रकाशीय,1.093
341,Multiline response color:,mr:,Marathi,qwen2.5-coder:7b,मल्याला उत्तर रंग:,2.298
342,File Quality,mr:,Marathi,qwen2.5-coder:7b,फाईल काळ्यता,1.497
343,Connect,mr:,Marathi,qwen2.5-coder:7b,संबंधित करा,1.572
344,Finished,mr:,Marathi,qwen2.5-coder:7b,पुढील,0.936
345,& Gamma (Color correction):,mr:,Marathi,qwen2.5-coder:7b,& गमा (कार्यात्मक संशोधन):,2.793
346,Home user,mr:,Marathi,qwen2.5-coder:7b,होम युजर,1.308
347,Desktop Sessions,mr:,Marathi,qwen2.5-coder:7b,डेस्कटॉप सीझने,1.863
348,System Tray Applet,mr:,Marathi,qwen2.5-coder:7b,प्रणाली ट्रेय अप्लिट,2.477
349,USB Device,mr:,Marathi,qwen2.5-coder:7b,USB निवडणी,1.276
350,Stretch,mr:,Marathi,qwen2.5-coder:7b,साधारण रूपांतरण असा असा असा असा असा असा असा असा असा असा असा असा असा असा असा असा असा असा असा असा असा,10.369
351,Kugar report template,mr:,Marathi,qwen2.5-coder:7b,कुगार रिपोर्ट टेम्पलेट,2.622
352,New board,mr:,Marathi,qwen2.5-coder:7b,नवीन बोर्ड,1.469
353,Australia/ Broken_Hill,mr:,Marathi,qwen2.5-coder:7b,ऑस्ट्रेलिया/ब्रोकन हिल,2.508
354,Torture Krita with filters,mr:,Marathi,qwen2.5-coder:7b,फिल्टर्स वाढवा करा,2.587
355,User Properties Dialog,mr:,Marathi,qwen2.5-coder:7b,प्रयोगकर्ता संपदा चिन्हाचा विवरण,3.613
356,(no trace),mr:,Marathi,qwen2.5-coder:7b,(नाहीले ट्रेस),1.763
357,Image Plugins,mr:,Marathi,qwen2.5-coder:7b,प्रतिमा योजना,1.724
358,*. ui_BAR_Designer Files,mr:,Marathi,qwen2.5-coder:7b,*. ui_BAR_Designer फाइले,1.8
359,KDevHTMLPreview,mr:,Marathi,qwen2.5-coder:7b,कडे एनएचएमएल प्रभावीकरण,2.615
360,S/ MIME Key Selection,mr:,Marathi,qwen2.5-coder:7b,मीमी चालाणे का चयन,2.293
361,Math Mode,mr:,Marathi,qwen2.5-coder:7b,मॅथ मोड,1.185
362,Data entry,mr:,Marathi,qwen2.5-coder:7b,डेटा इनपुट,1.463
363,Recommended: UTF-8,mr:,Marathi,qwen2.5-coder:7b,सुझावित: UTF-8,1.702
364,Popup Top-Right,mr:,Marathi,qwen2.5-coder:7b,उपलब्धी उत्तरांतर्गत,2.538
365,Transition duration,mr:,Marathi,qwen2.5-coder:7b,परिवर्तनाचे समय,1.899
366,Transfers,mr:,Marathi,qwen2.5-coder:7b,प्रसारणे,1.166
367,Asia/ Kuching,mr:,Marathi,qwen2.5-coder:7b,आशिया/कुचिंग,1.694
368,Cups PDF Log Files,mr:,Marathi,qwen2.5-coder:7b,पीडीएफ लॉग फाइल्स,2.329
369,Clock Frequency,mr:,Marathi,qwen2.5-coder:7b,घडीचे आवेश,1.495
370,Triple,mr:,Marathi,qwen2.5-coder:7b,त्रिपल्या,1.212
371,*** Finished ***,mr:,Marathi,qwen2.5-coder:7b,*** पूर्ण ***,1.245
372,Searching: search,mr:,Marathi,qwen2.5-coder:7b,खोजी झाली: %s,1.944
373,Success.,mr:,Marathi,qwen2.5-coder:7b,सफलता.,0.993
374,Portable Pixmap Image (. ppm),mr:,Marathi,qwen2.5-coder:7b,पेट्रोबल पिक्मॅप इमेज (. ppm),2.763
375,SSL Ciphers,mr:,Marathi,qwen2.5-coder:7b,SSL चिफर्स,1.52
376,Required by:,mr:,Marathi,qwen2.5-coder:7b,आणि आवश्यक आहे:,1.987
377,Empty the cache,mr:,Marathi,qwen2.5-coder:7b,चॅश खाली करणा,1.806
378,Database Creator,mr:,Marathi,qwen2.5-coder:7b,डेटाबेस बनायारा,2.21
379,Read only,mr:,Marathi,qwen2.5-coder:7b,निर्यातीय,1.364
380,Term,mr:,Marathi,qwen2.5-coder:7b,वापरण,0.943
381,JS Sample Engine,mr:,Marathi,qwen2.5-coder:7b,जीएस एनजी एंजिन,2.0
382,isiXhosa Xhosa (South Africa),mr:,Marathi,qwen2.5-coder:7b,isiXhosa Xhosa (South Africa),1.966
383,Video Player,mr:,Marathi,qwen2.5-coder:7b,वीडियो प्लेयर,1.578
384,Math Environments,mr:,Marathi,qwen2.5-coder:7b,मॅथ वास्तवांशे,1.904
385,angularVelocity,mr:,Marathi,qwen2.5-coder:7b,अंगुलीय वेलोसिटी,2.058
386,"Letter, Modifier",mr:,Marathi,qwen2.5-coder:7b,"पत्र, मोडफिकेटर",1.746
387,User2,mr:,Marathi,qwen2.5-coder:7b,योजक 2,1.03
388,Wildcard,mr:,Marathi,qwen2.5-coder:7b,प्रतिबंधक,1.239
389,Check List dialog,mr:,Marathi,qwen2.5-coder:7b,चालणा सूची दिवाली,2.091
390,& PFS Group,mr:,Marathi,qwen2.5-coder:7b,& प्यार्टन फ्रांस ग्रुप,2.432
391,too old,mr:,Marathi,qwen2.5-coder:7b,त्याचे आया असे असे असे असे असे असे असे असे असे असे असे असे असे असे असे असे असे असे असे असे असे असे अ,10.542
392,%1 Transfers.,mr:,Marathi,qwen2.5-coder:7b,%1 अनुपालने.,1.784
393,LDAP idmap suffix:,mr:,Marathi,qwen2.5-coder:7b,LDAP idmap suffix:,1.174
394,Interpolate:,mr:,Marathi,qwen2.5-coder:7b,प्रतिस्थापन करा:,1.93
395,Explosions,mr:,Marathi,qwen2.5-coder:7b,प्रस्थाने,1.27
396,Aligned,mr:,Marathi,qwen2.5-coder:7b,संधालित,1.06
397,& Talker:,mr:,Marathi,qwen2.5-coder:7b,& टॅक्सर:,1.421
398,unlimited,mr:,Marathi,qwen2.5-coder:7b,अनंत,0.908
399,Image source:,mr:,Marathi,qwen2.5-coder:7b,प्रतिमा का स्रोत:,1.852
400,Web Forms Daemon,mr:,Marathi,qwen2.5-coder:7b,वेब फॉर्म्स देवनागरी,2.589
401,& kxsldbg; can now,mr:,Marathi,qwen2.5-coder:7b,& kxsldbg; अब येथे आले,2.509
402,Refine Shopping List,mr:,Marathi,qwen2.5-coder:7b,खरपासारखी विस्तारित करा,2.953
403,Destination,mr:,Marathi,qwen2.5-coder:7b,उद्देश्य,1.245
404,Statistics,mr:,Marathi,qwen2.5-coder:7b,सांख्यिकी,1.349
405,Shortcut name: show,mr:,Marathi,qwen2.5-coder:7b,क्षेत्राचे नाव: दिखावा,2.702
406,Radial,mr:,Marathi,qwen2.5-coder:7b,राडियल,1.028
407,Initial level:,mr:,Marathi,qwen2.5-coder:7b,आरक्षित स्तर:,1.595
408,Electronegativity (Pauling),mr:,Marathi,qwen2.5-coder:7b,पॅलिंग अनुक्रमता,2.258
409,Package name:,mr:,Marathi,qwen2.5-coder:7b,पॅकेज नाव:,1.583
410,Chad,mr:,Marathi,qwen2.5-coder:7b,चाड्या,1.074
411,KWD Files,mr:,Marathi,qwen2.5-coder:7b,क्व्ड फाईल्स,1.637
412,Tile border:,mr:,Marathi,qwen2.5-coder:7b,ताल्याचे भाग:,1.675
413,Available,mr:,Marathi,qwen2.5-coder:7b,उपलब्ध,0.968
414,Coupons per year,mr:,Marathi,qwen2.5-coder:7b,या वर्षातील कूपने,2.263
415,close,mr:,Marathi,qwen2.5-coder:7b,बंद करणे,1.15
416,power profile %1,mr:,Marathi,qwen2.5-coder:7b,पावर प्रोफाइल %1,1.848
417,Action messages:,mr:,Marathi,qwen2.5-coder:7b,कार्य संदेशे:,1.798
418,Ukraine,mr:,Marathi,qwen2.5-coder:7b,यूक्रेन,1.161
419,Port,mr:,Marathi,qwen2.5-coder:7b,पोर्ट,0.924
420,image save OK,mr:,Marathi,qwen2.5-coder:7b,चित्र साठवणे येथे,2.207
421,Item height,mr:,Marathi,qwen2.5-coder:7b,आयामाची आयाम,1.701
422,& Query Modem...,mr:,Marathi,qwen2.5-coder:7b,&प्रश्न निर्माण...,1.946
423,Constraints,mr:,Marathi,qwen2.5-coder:7b,परिसंधाने,1.352
424,Scanning for %1...,mr:,Marathi,qwen2.5-coder:7b,सर्वात जगावत आहे %1...,2.567
425,F Major,mr:,Marathi,qwen2.5-coder:7b,F माजर,0.933
426,Soundcard Information,mr:,Marathi,qwen2.5-coder:7b,संदेशकार जाहीरात,2.001
427,& Background color:,mr:,Marathi,qwen2.5-coder:7b,&पृष्ठभूमीचे रंग:,2.303
428,Dithering PPI,mr:,Marathi,qwen2.5-coder:7b,डिथरिंग प्रति विकास,2.411
429,Other command line options,mr:,Marathi,qwen2.5-coder:7b,अन्य कमांड लाइन विकल्पे,2.757
430,Part Instruction Call,mr:,Marathi,qwen2.5-coder:7b,पार्ट इनस्ट्रक्शन कॉल,2.515
431,Identity:,mr:,Marathi,qwen2.5-coder:7b,आयोजना:,1.134
432,Shuffle,mr:,Marathi,qwen2.5-coder:7b,शून्य करणा,1.453
433,Expense,mr:,Marathi,qwen2.5-coder:7b,खर्च,0.837
434,LightBlue4,mr:,Marathi,qwen2.5-coder:7b,लाईटब्लू4,1.429
435,Last. fm Profile,mr:,Marathi,qwen2.5-coder:7b,पिछले. फ्यूमोला,2.256
436,& Grayscale,mr:,Marathi,qwen2.5-coder:7b,& ग्रेसस्कोया,1.765
437,Autoconfiguration,mr:,Marathi,qwen2.5-coder:7b,स्वतंत्र व्यवस्था,2.098
438,Subject distance type:,mr:,Marathi,qwen2.5-coder:7b,दृष्टी क्षेत्र प्रकार:,2.528
439,File Size:,mr:,Marathi,qwen2.5-coder:7b,फाईल आकार:,1.493
440,Comments: %1,mr:,Marathi,qwen2.5-coder:7b,टिप्पणी: %1,1.691
441,Example: mount %d,mr:,Marathi,qwen2.5-coder:7b,उदाहरण: मांडूना %d,2.261
442,Append Signature,mr:,Marathi,qwen2.5-coder:7b,प्रस्तुती जोडणे,1.906
443,No CMY,mr:,Marathi,qwen2.5-coder:7b,नाही क्यामी,1.521
444,Buy,mr:,Marathi,qwen2.5-coder:7b,खरेदी करणा,1.333
445,Statistics Plugin,mr:,Marathi,qwen2.5-coder:7b,स्टॅटिस्टिक्स प्लगइन,2.454
446,CARY(Radius; Angle),mr:,Marathi,qwen2.5-coder:7b,कार्य (त्रिज्या; कोण),2.542
447,Translate Points,mr:,Marathi,qwen2.5-coder:7b,पूर्ण करणे मार्फत बिंदूं टाका,3.426
448,High Scores,mr:,Marathi,qwen2.5-coder:7b,उच्च अंकांसाठी,1.906
449,Strokes:,mr:,Marathi,qwen2.5-coder:7b,प्रतिबंधे:,1.422
450,Recipient (%1),mr:,Marathi,qwen2.5-coder:7b,प्रतिवासी (%1),1.534
451,&File,mr:,Marathi,qwen2.5-coder:7b,&फाइल,0.955
452,& Dutch,mr:,Marathi,qwen2.5-coder:7b,& डच्या,1.11
453,Decrement (to %1),mr:,Marathi,qwen2.5-coder:7b,माणून कमी करा (%1),2.153
454,The Spiral,mr:,Marathi,qwen2.5-coder:7b,चक्रीय चाला,1.415
455,Script Termination,mr:,Marathi,qwen2.5-coder:7b,स्क्रिप्ट संपादन,1.829
456,Interrupted,mr:,Marathi,qwen2.5-coder:7b,अंतराल,1.082
457,IP Addresses,mr:,Marathi,qwen2.5-coder:7b,आयामांचे असाठी,1.878
458,User ID:,mr:,Marathi,qwen2.5-coder:7b,योजक आयडी:,1.448
459,Swampy coloration,mr:,Marathi,qwen2.5-coder:7b,मोठ्या रंगीती,1.815
460,Direct deposit,mr:,Marathi,qwen2.5-coder:7b,दाखला दाखला,1.585
461,Carbonic acid,mr:,Marathi,qwen2.5-coder:7b,कार्बनिक अम्बरात्री,2.299
462,Documentation Tree,mr:,Marathi,qwen2.5-coder:7b,दस्तऐवज्याचे पेड,2.188
463,Lightness Curve,mr:,Marathi,qwen2.5-coder:7b,चांदीचा लांबी वक्र,2.124
464,turtle,mr:,Marathi,qwen2.5-coder:7b,तुर्ली,0.986
465,Perspective 4D,mr:,Marathi,qwen2.5-coder:7b,प्रतिबिम्ब ४डी,1.909
466,Pot Hole,mr:,Marathi,qwen2.5-coder:7b,पोट होल,1.045
467,View with Moamp; zilla,mr:,Marathi,qwen2.5-coder:7b,मोआम्प जिल्ला मध्ये देखा,2.989
468,& Account,mr:,Marathi,qwen2.5-coder:7b,& खाता,1.019
469,SlateBlue3,mr:,Marathi,qwen2.5-coder:7b,स्लेटब्लू3,1.612
470,Subject Distance:,mr:,Marathi,qwen2.5-coder:7b,दृष्टी दूरी:,1.977
471,Contact Group Serializer,mr:,Marathi,qwen2.5-coder:7b,संपर्क समूह शालीकरणकारी,2.807
472,Pass:,mr:,Marathi,qwen2.5-coder:7b,पासवर्ड:,1.203
473,Red: nbsp; Nation,mr:,Marathi,qwen2.5-coder:7b,रांग: न्यून देश,2.083
474,screen grab,mr:,Marathi,qwen2.5-coder:7b,स्क्रीन ग्राब,1.537
475,& D-Bus registration:,mr:,Marathi,qwen2.5-coder:7b,& डी-बूस रजिस्ट्रेशन:,2.655
476,South Kalimantan,mr:,Marathi,qwen2.5-coder:7b,सूर्यातील कालिमंतन,2.353
477,Parent,mr:,Marathi,qwen2.5-coder:7b,पाठक,0.808
478,Luganda sounds,mr:,Marathi,qwen2.5-coder:7b,लूगंडा शब्दांचे शब्दांचे शब्दांचे शब्दांचे शब्दांचे शब्दांचे शब्दांचे शब्दांचे शब्दांचे शब्दांचे शब,10.497
479,Final value:,mr:,Marathi,qwen2.5-coder:7b,फाइनल मूल्य:,1.623
480,& French To,mr:,Marathi,qwen2.5-coder:7b,& फ्रांसीसी ते,1.691
481,Months,mr:,Marathi,qwen2.5-coder:7b,महिने,0.954
482,New Tag...,mr:,Marathi,qwen2.5-coder:7b,नवीन टॅग...,1.518
483,Comparison forms,mr:,Marathi,qwen2.5-coder:7b,परिसंग्रहांना,1.805
484,Selection Tool,mr:,Marathi,qwen2.5-coder:7b,चयन टूल,1.195
485,Previous Track,mr:,Marathi,qwen2.5-coder:7b,पिछीला ट्रॅक,1.573
486,RoyalBlue3,mr:,Marathi,qwen2.5-coder:7b,राजालाल्ब्लू3,1.824
487,Year of computation,mr:,Marathi,qwen2.5-coder:7b,योग्यता वर्ष,1.605
488,Maximum share ratio:,mr:,Marathi,qwen2.5-coder:7b,मानते शेअर अनुपात:,2.283
489,Attachment name,mr:,Marathi,qwen2.5-coder:7b,परिवारणाचे नाव,1.875
490,Network interface %1 disconnected,mr:,Marathi,qwen2.5-coder:7b,नेटवर्क इंटरफेस %1 असलेले नाहीं,3.594
491,%1 selected (%2),mr:,Marathi,qwen2.5-coder:7b,%1 चा चयन (%2),1.792
492,Agenda View,mr:,Marathi,qwen2.5-coder:7b,अनुसारी दृश्य,1.871
493,Street:,mr:,Marathi,qwen2.5-coder:7b,सड्याचे नाव:,1.548
494,Identities...,mr:,Marathi,qwen2.5-coder:7b,आव्यव्यास...,1.405
495,action,mr:,Marathi,qwen2.5-coder:7b,कार्य,0.924
496,LARGE: even larger.,mr:,Marathi,qwen2.5-coder:7b,जाली: अधिक जाली.,2.305
497,Card Appearance,mr:,Marathi,qwen2.5-coder:7b,कार्ड आहार्थ,1.645
498,Neighbors:,mr:,Marathi,qwen2.5-coder:7b,निवडांचे:,1.274
499,Action-Button Bindings,mr:,Marathi,qwen2.5-coder:7b,कार्य-बटन बंधने,2.2
500,DodgerBlue4,mr:,Marathi,qwen2.5-coder:7b,DodgerBlue4,0.945
501,KMobileTools EngineXP,mr:,Marathi,qwen2.5-coder:7b,कमोबाइलटूल्स इंजन एक्सप्रींट,3.193
502,& Previous Day,mr:,Marathi,qwen2.5-coder:7b,&पिछ्ला दिवस,1.64
503,Stock,mr:,Marathi,qwen2.5-coder:7b,स्टॉक,1.076
504,"Core Developer: Marble Runners, World-Clock Plasmoid",mr:,Marathi,qwen2.5-coder:7b,"मार्बल रनर्स, विश्व घडी प्लास्मोइड",4.212
505,Cross-stitch,mr:,Marathi,qwen2.5-coder:7b,क्रॉस-स्टिच,1.623
506,Jpeg-Image,mr:,Marathi,qwen2.5-coder:7b,जीपीजी-चित्र,1.641
507,Color correction,mr:,Marathi,qwen2.5-coder:7b,कार्यक्रम संशोधन,1.866
508,(Customized),mr:,Marathi,qwen2.5-coder:7b,(स्वचालित),1.468
509,Archive & file:,mr:,Marathi,qwen2.5-coder:7b,अर्हावान आणि फाइल:,2.385
510,Passwords,mr:,Marathi,qwen2.5-coder:7b,पासवर्ड्स,1.313
511,New document,mr:,Marathi,qwen2.5-coder:7b,नवीन दस्तऐवज,1.647
512,Iptc,mr:,Marathi,qwen2.5-coder:7b,आप्तीसी,1.172
513,Copy %1 to:,mr:,Marathi,qwen2.5-coder:7b,प्रतीकार %1 को करा:,2.023
514,Airport,mr:,Marathi,qwen2.5-coder:7b,आयापाटी,1.104
515,& Column,mr:,Marathi,qwen2.5-coder:7b,& स्तंभ,1.08
516,Wire,mr:,Marathi,qwen2.5-coder:7b,वायर,0.852
517,Easy Start,mr:,Marathi,qwen2.5-coder:7b,सरल शुरुआत,1.417
518,GIF Images,mr:,Marathi,qwen2.5-coder:7b,जीएफ चित्रे,1.442
519,Rectangle,mr:,Marathi,qwen2.5-coder:7b,आयत,0.706
520,Correct perspective,mr:,Marathi,qwen2.5-coder:7b,सही प्रतिबिम्ब,1.588
521,Effect Properties,mr:,Marathi,qwen2.5-coder:7b,प्रभावी वैशिष्ट्ये,2.146
522,May,mr:,Marathi,qwen2.5-coder:7b,मार्चे,1.02
523,IMPOWER(string),mr:,Marathi,qwen2.5-coder:7b,प्रेरणा करा (%s),1.75
524,Double-clicking,mr:,Marathi,qwen2.5-coder:7b,दोन्ही क्लिक करणे,1.949
525,Shape Properties,mr:,Marathi,qwen2.5-coder:7b,आकाराचे प्रॉप्स,1.888
526,Warnings.,mr:,Marathi,qwen2.5-coder:7b,चेतावनीं.,1.322
527,Horizon (line),mr:,Marathi,qwen2.5-coder:7b,होरिजन (रेषा),1.73
528,Year:,mr:,Marathi,qwen2.5-coder:7b,वर्ष:,0.936
529,Colors Configuration,mr:,Marathi,qwen2.5-coder:7b,कार्यात्मक व्यवस्था,2.365
530,Comic:,mr:,Marathi,qwen2.5-coder:7b,मोहित:,1.123
531,Random Mix,mr:,Marathi,qwen2.5-coder:7b,अनुक्रमित मिश्रण,1.728
532,Albums By,mr:,Marathi,qwen2.5-coder:7b,लूप्स यांच्या,1.989
533,Verify,mr:,Marathi,qwen2.5-coder:7b,पुष्टी करणा,1.438
534,Remove From Disk,mr:,Marathi,qwen2.5-coder:7b,डिस्कमधून हटवा,1.839
535,OpenSSL finished.,mr:,Marathi,qwen2.5-coder:7b,OpenSSL पूर्ण झाला.,2.004
536,Protocol Versions,mr:,Marathi,qwen2.5-coder:7b,प्रोटोकॉल वर्गीकरणे,2.318
537,Script-based,mr:,Marathi,qwen2.5-coder:7b,स्क्रिप्ट आधारित,1.985
538,Zoom Blur,mr:,Marathi,qwen2.5-coder:7b,जळवण ब्लर्बर्बर्बर्बर्बर्बर्बर्बर्बर्बर्बर्बर्बर्बर्बर्बर्बर्बर्बर्बर्बर्बर्बर्बर्बर्बर्बर्बर्बर्बर,10.423
539,Scan Workgroup,mr:,Marathi,qwen2.5-coder:7b,वॉर्कग्रुप स्कॅन करा,2.487
540,Remove Skin,mr:,Marathi,qwen2.5-coder:7b,पात्र अड्वेटीस्ट करणे,2.359
541,Simple 1,mr:,Marathi,qwen2.5-coder:7b,सामान्य 1,1.431
542,Move Down,mr:,Marathi,qwen2.5-coder:7b,वाढवा,0.951
543,& Step up,mr:,Marathi,qwen2.5-coder:7b,& अगोड्या झाला,1.923
544,New tab opens:,mr:,Marathi,qwen2.5-coder:7b,नवीन टॅब खोलते:,2.067
545,Root Album Folders,mr:,Marathi,qwen2.5-coder:7b,मूळ एल्बम फोल्डर्स,2.534
546,Expiration date,mr:,Marathi,qwen2.5-coder:7b,पुंजाबी तारीख,1.8
547,Appointment Time,mr:,Marathi,qwen2.5-coder:7b,समयाचे आयोजन,1.667
548,SkyBlue2,mr:,Marathi,qwen2.5-coder:7b,नеб्यू लाल,1.452
549,Keys,mr:,Marathi,qwen2.5-coder:7b,कुंजीहा,1.086
550,Section Level 2,mr:,Marathi,qwen2.5-coder:7b,अंतर्गत शैली 2,1.923
551,PopSquares,mr:,Marathi,qwen2.5-coder:7b,पोपस्क्वार्स,1.669
552,Group name:,mr:,Marathi,qwen2.5-coder:7b,ग्रुपचे नाव:,1.558
553,Calling,mr:,Marathi,qwen2.5-coder:7b,परवाह करण्यात आहे,2.053
554,Radius,mr:,Marathi,qwen2.5-coder:7b,राडियस,1.073
555,Ending Balance,mr:,Marathi,qwen2.5-coder:7b,आख्यातील ब्यांच,1.967
556,Log Files,mr:,Marathi,qwen2.5-coder:7b,लॉग फाइल्स,1.503
557,Download List,mr:,Marathi,qwen2.5-coder:7b,डाउनलोड लिस्ट,1.717
558,& German To,mr:,Marathi,qwen2.5-coder:7b,& जर्मन ते,1.522
559,Folder List,mr:,Marathi,qwen2.5-coder:7b,फोल्डर यादी,1.533
560,Frame Error Rate,mr:,Marathi,qwen2.5-coder:7b,फ्रेम त्रुटी दर,1.759
561,Sri Lankan rupee,mr:,Marathi,qwen2.5-coder:7b,सर्विशेष रुपया,1.94
562,Video Quality,mr:,Marathi,qwen2.5-coder:7b,वीडियो काळिकता,1.681
563,Quick Upload,mr:,Marathi,qwen2.5-coder:7b,त्याची वेगवेगी आपल्या फाइलांना अपलून करा,4.415
564,Key connectors,mr:,Marathi,qwen2.5-coder:7b,कुंजी जोड्यांचे वापर,2.493
565,Light red,mr:,Marathi,qwen2.5-coder:7b,लाल दर्शक,1.371
566,KDE Notification Daemon,mr:,Marathi,qwen2.5-coder:7b,क्डी नोटिफिकेशन दावड़ी,2.718
567,Tool information,mr:,Marathi,qwen2.5-coder:7b,तूलाचे माहिती,1.754
568,Closed Tabs,mr:,Marathi,qwen2.5-coder:7b,निरंतर टॅब्स,1.782
569,ImagePlugin_Border,mr:,Marathi,qwen2.5-coder:7b,प्रतिबिंब अंतर्गत,2.145
570,"Yes, red-eye",mr:,Marathi,qwen2.5-coder:7b,"हाँ, रेड-आये",1.768
571,Presentation Variables,mr:,Marathi,qwen2.5-coder:7b,प्रस्तावाचे वार्त्त्यांचे संदर्भ,3.507
572,Tag Properties:,mr:,Marathi,qwen2.5-coder:7b,तागचे प्रॉप्स:,1.791
573,Selecting objects,mr:,Marathi,qwen2.5-coder:7b,वस्तूंचे चयन करणे,2.399
574,SlateBlue,mr:,Marathi,qwen2.5-coder:7b,स्लेटब्लू,1.518
575,Ctrl; C Copy,mr:,Marathi,qwen2.5-coder:7b,कॉन्ट्रोल; सी कॉपी,2.258
576,Commands for navigation,mr:,Marathi,qwen2.5-coder:7b,नाविगेशनासाठी कामांचे योजना,3.137
577,Extensions,mr:,Marathi,qwen2.5-coder:7b,अवधारणां,1.27
578,Altitude Correction,mr:,Marathi,qwen2.5-coder:7b,उंचीता सुधारणा,1.809
579,Quarters 1/ 4,mr:,Marathi,qwen2.5-coder:7b,चौथाई 1/ 4,1.69
580,Bookshelf,mr:,Marathi,qwen2.5-coder:7b,पुस्तकालय,1.328
581,Low,mr:,Marathi,qwen2.5-coder:7b,कमी,0.734
582,Data types,mr:,Marathi,qwen2.5-coder:7b,डेटा वर्गांचे प्रकार,2.219
583,East Azarbaijan,mr:,Marathi,qwen2.5-coder:7b,पश्चिम अजारबाज़िन,2.417
584,Trimmed,mr:,Marathi,qwen2.5-coder:7b,साठवला,1.285
585,Add Host,mr:,Marathi,qwen2.5-coder:7b,होस्ट जोड्या,1.667
586,New backend,mr:,Marathi,qwen2.5-coder:7b,नव्हा बॅक्एंड,1.806
587,Window Decoration,mr:,Marathi,qwen2.5-coder:7b,जंगल अवरोधण,1.494
588,Incomes,mr:,Marathi,qwen2.5-coder:7b,आयांचे योग्यता,1.819
589,Backup canceled.,mr:,Marathi,qwen2.5-coder:7b,बॅकअप रद्दी केली.,2.195
590,Final activity,mr:,Marathi,qwen2.5-coder:7b,पर्याय आयोजन,1.67
591,Pad 7 - Halo,mr:,Marathi,qwen2.5-coder:7b,पद 7 - हॅलो,1.561
592,Budgeted,mr:,Marathi,qwen2.5-coder:7b,बजूड़ाणी,1.461
593,Slow,mr:,Marathi,qwen2.5-coder:7b,स्वयं,1.085
594,Search Settings,mr:,Marathi,qwen2.5-coder:7b,खोज सेटिंग्स,1.7
595,cutOffFraction,mr:,Marathi,qwen2.5-coder:7b,कट्टी अंशांची मान्यता,2.527
596,Copy Messages,mr:,Marathi,qwen2.5-coder:7b,संदेशां कॉपी करणा,2.1
597,& Organization:,mr:,Marathi,qwen2.5-coder:7b,& व्यवसाय:,1.493
598,Audio Properties,mr:,Marathi,qwen2.5-coder:7b,आवड्यानाचे प्रॉप्सिटीजे,2.607
599,Shortcut name: watch,mr:,Marathi,qwen2.5-coder:7b,क्षेत्राचे नाव: वाच्याचे दर्शवण,3.656
600,Square,mr:,Marathi,qwen2.5-coder:7b,स्वर्ग,1.004
601,Highest,mr:,Marathi,qwen2.5-coder:7b,उच्चतम,0.964
602,Strikeout,mr:,Marathi,qwen2.5-coder:7b,उंदान करणा,1.325
603,Project Tree,mr:,Marathi,qwen2.5-coder:7b,परियोजना पेट्री,1.726
604,XML; Transformer,mr:,Marathi,qwen2.5-coder:7b,XML; ट्रांसफॅर्मर,2.022
605,New Budget,mr:,Marathi,qwen2.5-coder:7b,नवीन बजुड्डी,1.678
606,& Template:,mr:,Marathi,qwen2.5-coder:7b,& टेम्पलेट:,1.582
607,Torrent Files,mr:,Marathi,qwen2.5-coder:7b,टॉरंट फाइल्स,1.826
608,Graph,mr:,Marathi,qwen2.5-coder:7b,ग्राफ,0.835
609,English (Canada),mr:,Marathi,qwen2.5-coder:7b,अंग्रेजी (कॅनाडा),2.144
610,Contained Items,mr:,Marathi,qwen2.5-coder:7b,पाठवलेल्या वस्तूंचे संगणक,2.99
611,QMake Manager,mr:,Marathi,qwen2.5-coder:7b,म्हणजे तुमच्या अनुवादाचे पासवर्ड अशा आहे की तुमच्या अनुवादाचे पासवर्ड अशा आहे की तुमच्या अनुवादाचे पासवर,10.446
612,Shooting date,mr:,Marathi,qwen2.5-coder:7b,शोटिंग तारीख,1.617
613,*. cws_BAR_Cantor Worksheet,mr:,Marathi,qwen2.5-coder:7b,*. cws_BAR_Cantor वृत्तांकरण,2.33
614,& Relationships...,mr:,Marathi,qwen2.5-coder:7b,& संबंधां...,1.385
615,user: %1,mr:,Marathi,qwen2.5-coder:7b,प्रयोगकर्ता: %1,2.091
616,Tree View mode,mr:,Marathi,qwen2.5-coder:7b,वैशिष्ट्य दृशी模式,2.236
617,Basic applications,mr:,Marathi,qwen2.5-coder:7b,आधिकारिक अनुप्रयोगे,2.284
618,(%1 filtered),mr:,Marathi,qwen2.5-coder:7b,(%1 फिल्टर्ड),1.674
619,Occidental Australia,mr:,Marathi,qwen2.5-coder:7b,अपश्चिम अफ्रिका,1.932
620,Security update,mr:,Marathi,qwen2.5-coder:7b,सुरक्षा अपडेट,1.801
621,Northern Sami,mr:,Marathi,qwen2.5-coder:7b,नाउन शामी,1.354
622,Squaric acid,mr:,Marathi,qwen2.5-coder:7b,स्कॅरिक असिड,1.772
623,Database Location,mr:,Marathi,qwen2.5-coder:7b,देखील स्थान,1.629
624,Equations:,mr:,Marathi,qwen2.5-coder:7b,समीकरणे:,1.265
625,Changing theme...,mr:,Marathi,qwen2.5-coder:7b,थीम बदलता आहे...,1.937
626,Independence,mr:,Marathi,qwen2.5-coder:7b,आत्मनिर्भारतीयता,2.104
627,File extension,mr:,Marathi,qwen2.5-coder:7b,फाईल अवधारणा,1.599
628,Current Track Settings,mr:,Marathi,qwen2.5-coder:7b,आणि तुमच्या ट्रॅकचे सेटिंग्स अपडेट करा.,4.088
629,Warning - Step,mr:,Marathi,qwen2.5-coder:7b,चेतावनी - चरण,1.931
630,Mrs.,mr:,Marathi,qwen2.5-coder:7b,मानी.,0.923
631,Add entry,mr:,Marathi,qwen2.5-coder:7b,प्रविष्टी जोडा,1.883
632,14th Last,mr:,Marathi,qwen2.5-coder:7b,14व्या पिछ्ल्या,1.973
633,Cancelled,mr:,Marathi,qwen2.5-coder:7b,रद्दी केली गेली,1.745
634,Current mixer:,mr:,Marathi,qwen2.5-coder:7b,आणि वर्तमान मिशक्तीचे नाव:,2.825
635,Head area,mr:,Marathi,qwen2.5-coder:7b,पाठ्यक्षेत्र,1.506
636,dual channel,mr:,Marathi,qwen2.5-coder:7b,दुवळ्या चौंकीया,2.135
637,Text Selection Mode,mr:,Marathi,qwen2.5-coder:7b,पाठाचा चयन अवधारणा,2.331
638,Failed to load %1: %2,mr:,Marathi,qwen2.5-coder:7b,%1 लोड झाला नाही: %2,2.574
639,Suspend & duration:,mr:,Marathi,qwen2.5-coder:7b,सुप्सेंड आणि दुर्लंबन:,2.705
640,Using Bibitems,mr:,Marathi,qwen2.5-coder:7b,बिबिटम्स वापरते,2.121
641,Computer Administration,mr:,Marathi,qwen2.5-coder:7b,"म्हणून अपला टेक्स्ट अशा आहे:

म्हणून अपला टेक्स्ट अशा आहे:

म्हणून अपला टेक्स्ट अशा आहे:

म्हणून अपला",10.142
642,Active console:,mr:,Marathi,qwen2.5-coder:7b,सक्रिय कंसोल:,1.692
643,& Archive File:,mr:,Marathi,qwen2.5-coder:7b,& अँकडे फाइल:,1.901
644,honeydew3,mr:,Marathi,qwen2.5-coder:7b,हनीड्वू3,1.523
645,EXIF: created,mr:,Marathi,qwen2.5-coder:7b,EXIF: निर्मित,1.648
646,US English,mr:,Marathi,qwen2.5-coder:7b,अमेरिकन अंग्रेजी,2.007
647,of Sivan,mr:,Marathi,qwen2.5-coder:7b,सिवणाच्या,1.398
648,Max velocity,mr:,Marathi,qwen2.5-coder:7b,माथी वेग,1.301
649,Mime Type,mr:,Marathi,qwen2.5-coder:7b,माइम टाइप,1.412
650,Step Width:,mr:,Marathi,qwen2.5-coder:7b,चरण चौड़ाई:,1.777
651,character special,mr:,Marathi,qwen2.5-coder:7b,चर्या विशेष,1.505
652,Second:,mr:,Marathi,qwen2.5-coder:7b,दुसऱ्या:,1.416
653,Intr. requests %1,mr:,Marathi,qwen2.5-coder:7b,प्रस्तुत अनुरोधे %1,2.325
654,Diff change:,mr:,Marathi,qwen2.5-coder:7b,दिव्याचे परिवर्तन:,2.299
655,& Theme Installer,mr:,Marathi,qwen2.5-coder:7b,& थीम इनस्टॅलर,1.963
656,Payment Accounts,mr:,Marathi,qwen2.5-coder:7b,पायम्बर खाता,1.71
657,Reference image:,mr:,Marathi,qwen2.5-coder:7b,संदर्भ चित्र:,1.678
658,Thumbnail & Rows:,mr:,Marathi,qwen2.5-coder:7b,मोठी चित्रे & पंक्ती:,2.4
659,Box Drawing,mr:,Marathi,qwen2.5-coder:7b,बॉक्स ड्राउंग,1.801
660,Request folder:,mr:,Marathi,qwen2.5-coder:7b,"माहिती वळता:""
(Translation: ""Request folder:"")",2.59
661,Cell size,mr:,Marathi,qwen2.5-coder:7b,शेल्स आकार,1.446
662,Focal length (35mm equivalent):,mr:,Marathi,qwen2.5-coder:7b,फोकल लंबाई (35mm वैशिष्ट्य):,3.349
663,Test Date Book,mr:,Marathi,qwen2.5-coder:7b,परीक्षा तारीख बुक,2.223
664,& Flashcard,mr:,Marathi,qwen2.5-coder:7b,& फ्लॅशकार्ड,1.739
665,Increase Volume,mr:,Marathi,qwen2.5-coder:7b,वैधानिक करणे,1.661
666,Valid From,mr:,Marathi,qwen2.5-coder:7b,वैध आणि आणि आणि आणि आणि आणि आणि आणि आणि आणि आणि आणि आणि आणि आणि आणि आणि आणि आणि आणि आणि आणि आणि आणि,10.428
667,Arcade Bombing Game,mr:,Marathi,qwen2.5-coder:7b,मार्कड बोम्बिंग खेळ,2.494
668,Sidereal time:,mr:,Marathi,qwen2.5-coder:7b,साधारण समय:,1.551
669,Search:,mr:,Marathi,qwen2.5-coder:7b,खोजा:,0.897
670,Set Overwrite Mode,mr:,Marathi,qwen2.5-coder:7b,परिवर्तन असण्यासाठी सेट करा,3.065
671,angularMomentumVariance,mr:,Marathi,qwen2.5-coder:7b,अंग्रेजी मोड्यूल वापरण्यासाठी या शब्दाची अनुवाद आणि उपयोग असणे आवश्यक आहे. कृपया अंग्रेजी मोड्यूलची व,10.457
672,Milestone Progress,mr:,Marathi,qwen2.5-coder:7b,मार्गदर्शन प्रगती,2.077
673,Source revision,mr:,Marathi,qwen2.5-coder:7b,स्रोत रिविशन,1.579
674,Mouse Wheel,mr:,Marathi,qwen2.5-coder:7b,माउस वेल,1.278
675,Creating accounts,mr:,Marathi,qwen2.5-coder:7b,खालील खाते बनवते,2.043
676,Nothing,mr:,Marathi,qwen2.5-coder:7b,नाहीं,0.907
677,development,mr:,Marathi,qwen2.5-coder:7b,प्रविधि,1.168
678,Cell style,mr:,Marathi,qwen2.5-coder:7b,शेल्स्टाइल,1.476
679,GLU version,mr:,Marathi,qwen2.5-coder:7b,GLU वर्शन,1.317
680,Black cartridge,mr:,Marathi,qwen2.5-coder:7b,काले कार्टीज,1.583
681,Selection management,mr:,Marathi,qwen2.5-coder:7b,परिस्कार प्रबंधन,2.129
682,& Location of %1,mr:,Marathi,qwen2.5-coder:7b,& स्थानाने %1,1.675
683,Keyboard input:,mr:,Marathi,qwen2.5-coder:7b,कुंजीपटन:,1.523
684,& konqueror; manual,mr:,Marathi,qwen2.5-coder:7b,& कन्यार; मूल्यांकन,2.325
685,Warning:,mr:,Marathi,qwen2.5-coder:7b,चेतावनी:,1.333
686,Shading depth:,mr:,Marathi,qwen2.5-coder:7b,शेडिंग दृश्यता:,2.054
687,Status,mr:,Marathi,qwen2.5-coder:7b,स्थिती,1.046
688,Amazon (US),mr:,Marathi,qwen2.5-coder:7b,अमाजन (यूएस),1.74
689,Quanta Properties,mr:,Marathi,qwen2.5-coder:7b,क्वांटा प्रॉप्पार्टीजे,2.471
690,Creation,mr:,Marathi,qwen2.5-coder:7b,संरचना,0.992
691,Picture editing tool,mr:,Marathi,qwen2.5-coder:7b,फोटो संपादन टूल,1.918
692,Bold Italic,mr:,Marathi,qwen2.5-coder:7b,पिचे उळे,1.388
693,advancedDialog,mr:,Marathi,qwen2.5-coder:7b,आधुनिक विवाद,1.639
694,Do & Not Close,mr:,Marathi,qwen2.5-coder:7b,नाही & बंद करणा,1.807
695,Address Books,mr:,Marathi,qwen2.5-coder:7b,पत्ता किताबे,1.539
696,Authenticated,mr:,Marathi,qwen2.5-coder:7b,प्रमाणित,1.086
697,%1 Album Properties,mr:,Marathi,qwen2.5-coder:7b,%1 अल्बमची प्रॉप्शन्स,2.544
698,Filter Layer Properties,mr:,Marathi,qwen2.5-coder:7b,फिल्टर तेर्याचे प्रॉप्स,2.775
699,Simulation Toolbar,mr:,Marathi,qwen2.5-coder:7b,सिमुलेशन टूलबार,2.309
700,Loaned,mr:,Marathi,qwen2.5-coder:7b,नियमित,1.063
701,New Layer,mr:,Marathi,qwen2.5-coder:7b,नव्हा तेर्या,1.724
702,Base computation:,mr:,Marathi,qwen2.5-coder:7b,मूळ गणना:,1.654
703,LDAP version:,mr:,Marathi,qwen2.5-coder:7b,LDAP वर्गीकरण:,1.558
704,What country,mr:,Marathi,qwen2.5-coder:7b,कोणती देश?,1.492
705,Feather,mr:,Marathi,qwen2.5-coder:7b,फॅथर,0.957
706,& Amount:,mr:,Marathi,qwen2.5-coder:7b,& रक्षा:,1.274
707,Pipes,mr:,Marathi,qwen2.5-coder:7b,पायां,1.012
708,& Edit Host...,mr:,Marathi,qwen2.5-coder:7b,&संपादन वर्गीकरण...,2.088
709,Province filter:,mr:,Marathi,qwen2.5-coder:7b,प्रदेश फिल्टर:,1.812
710,unchanged,mr:,Marathi,qwen2.5-coder:7b,अनपरिवर्तित,1.582
711,Quite a lot,mr:,Marathi,qwen2.5-coder:7b,जाहीर अशा असे आहे,2.197
712,CImg Image Restoration Filter,mr:,Marathi,qwen2.5-coder:7b,फोटो रिस्टोर करण्याचे फिल्टर,3.136
713,new_package,mr:,Marathi,qwen2.5-coder:7b,नव्हा पॅकेज,1.503
714,Screen Ruler,mr:,Marathi,qwen2.5-coder:7b,स्क्रीन रुलर,1.541
715,Channel.,mr:,Marathi,qwen2.5-coder:7b,चौंसी.,1.118
716,Password Management,mr:,Marathi,qwen2.5-coder:7b,पासवर्ड प्रबंधन,1.679
717,Triangles,mr:,Marathi,qwen2.5-coder:7b,त्रिकोणांचे आकार,1.819
718,Last. fm credentials,mr:,Marathi,qwen2.5-coder:7b,लास्ट. फीम क्रेडेंशियन्स,2.834
719,(usually Y),mr:,Marathi,qwen2.5-coder:7b,(माझ्यामध्ये Y),1.903
720,Shortcut name: r,mr:,Marathi,qwen2.5-coder:7b,क्षेत्राचे नाव: r,2.302
721,Error: Unable to open terminal %1.,mr:,Marathi,qwen2.5-coder:7b,त्रुटी: टर्मिनल %1 खोलून येणारा असला नाही.,4.895
722,tea,mr:,Marathi,qwen2.5-coder:7b,तेा,0.709
723,Show & name,mr:,Marathi,qwen2.5-coder:7b,शो & नाव,1.326
724,angleVariance,mr:,Marathi,qwen2.5-coder:7b,अंगलीयाचे विविधता,2.196
725,MyPaint brush,mr:,Marathi,qwen2.5-coder:7b,मायपांट ब्रश,1.662
726,KDE Accessibility Tool,mr:,Marathi,qwen2.5-coder:7b,कडे अन्याय टूल,1.945
727,Grow by,mr:,Marathi,qwen2.5-coder:7b,बढावा देण्यात,1.95
728,Player 3:,mr:,Marathi,qwen2.5-coder:7b,प्रतिवादक ३:,1.71
729,Telescope Control,mr:,Marathi,qwen2.5-coder:7b,तेलीस्कोप नियंत्रण,2.128
730,Select Event,mr:,Marathi,qwen2.5-coder:7b,परियाय चुना,1.76
731,Content Fetcher,mr:,Marathi,qwen2.5-coder:7b,माहिती आवशेषकर्ता,2.201
732,Click to test notification,mr:,Marathi,qwen2.5-coder:7b,प्रतिक्रिया करण्यासाठी नोटिफिकेशन परीक्षा करा,4.604
733,Find:,mr:,Marathi,qwen2.5-coder:7b,खोजा:,0.921
734,Bricks,mr:,Marathi,qwen2.5-coder:7b,ब्रिक्स,1.024
735,Orange Filter,mr:,Marathi,qwen2.5-coder:7b,आँखांचे फिल्टर,1.886
736,Scan Preview,mr:,Marathi,qwen2.5-coder:7b,पूर्वानुभव चालाणा,2.261
737,Key signature,mr:,Marathi,qwen2.5-coder:7b,कुंजी अंक,1.396
738,Sun Arrow shape,mr:,Marathi,qwen2.5-coder:7b,सूर्य शिखराचा आकार,2.307
739,Invite,mr:,Marathi,qwen2.5-coder:7b,आम्हाला येथे देणे,2.033
740,OpenPGP-Sign...,mr:,Marathi,qwen2.5-coder:7b,ओपनपीजीएपी-साइन...,2.096
741,Network,mr:,Marathi,qwen2.5-coder:7b,नेटवर्क,1.116
742,Conditions,mr:,Marathi,qwen2.5-coder:7b,शर्ते,0.952
743,Positive Float,mr:,Marathi,qwen2.5-coder:7b,सकारात्मक फ्लॉट,2.063
744,Input file:,mr:,Marathi,qwen2.5-coder:7b,फाइल आवश्यक आहे:,2.11
745,Char,mr:,Marathi,qwen2.5-coder:7b,चर,0.611
746,Southern Leyte,mr:,Marathi,qwen2.5-coder:7b,सूर्यनगर,1.32
747,KOffice Spreadsheet Application,mr:,Marathi,qwen2.5-coder:7b,कोफिस विस्तार संपदा,2.37
748,Samba Shares,mr:,Marathi,qwen2.5-coder:7b,संबा शेअर्स,1.562
749,Perspective transform Tool,mr:,Marathi,qwen2.5-coder:7b,प्रतिबिम्बनुसार टूल,2.319
750,Minimum speed,mr:,Marathi,qwen2.5-coder:7b,मिनिमल गती,1.435
751,User-Agent,mr:,Marathi,qwen2.5-coder:7b,उपयोगकर्ता-एजेंट,2.074
752,Flatness:,mr:,Marathi,qwen2.5-coder:7b,तापत्रता:,1.401
753,Profile Version,mr:,Marathi,qwen2.5-coder:7b,प्रोफाइल वर्शन,1.779
754,Printer Added,mr:,Marathi,qwen2.5-coder:7b,प्रिंटर जोडले गेले,2.206
755,for:,mr:,Marathi,qwen2.5-coder:7b,माझ्याला:,1.433
756,patches,mr:,Marathi,qwen2.5-coder:7b,पॅच्या,1.134
757,New database,mr:,Marathi,qwen2.5-coder:7b,नवीन डेटाबेस,1.724
758,Read Usage,mr:,Marathi,qwen2.5-coder:7b,प्रयोग देखा,1.685
759,Group member,mr:,Marathi,qwen2.5-coder:7b,ग्रुप व्यक्ती,1.666
760,Character,mr:,Marathi,qwen2.5-coder:7b,चर्या,0.922
761,Received: %1,mr:,Marathi,qwen2.5-coder:7b,प्राप्त: %1,1.419
762,Current year,mr:,Marathi,qwen2.5-coder:7b,आधीच्या वर्षाचा नाव,2.307
763,Graph position,mr:,Marathi,qwen2.5-coder:7b,ग्राफ अस्थित्व,1.819
764,Shortcut name: n,mr:,Marathi,qwen2.5-coder:7b,क्षेत्राचे नाव: n,2.265
765,Domain-Specific,mr:,Marathi,qwen2.5-coder:7b,विषय सпециफिक,1.699
766,& Column Settings...,mr:,Marathi,qwen2.5-coder:7b,&स्तंभ सेटिंग्स...,1.993
767,& Security,mr:,Marathi,qwen2.5-coder:7b,& सुरक्षा,1.196
768,& Landscape,mr:,Marathi,qwen2.5-coder:7b,& भूमिकाला,1.449
769,Stylesheet location:,mr:,Marathi,qwen2.5-coder:7b,स्टाइलशीट लोकेशन:,2.161
770,Rewritable,mr:,Marathi,qwen2.5-coder:7b,पुनर्लिख्यात्मक,1.995
771,& Scheme,mr:,Marathi,qwen2.5-coder:7b,& शांती,1.151
772,System Group:,mr:,Marathi,qwen2.5-coder:7b,सिस्टम ग्रुप:,1.624
773,Word Processing,mr:,Marathi,qwen2.5-coder:7b,पासारख्या संस्कृती,2.163
774,Draw Venus?,mr:,Marathi,qwen2.5-coder:7b,वेनस घ्याला?,1.608
775,Perspective grid,mr:,Marathi,qwen2.5-coder:7b,प्रतिबिम्बनुक्रम नगर्हण,2.443
776,Carsten Burghardt (burghardt at kde org): Core developer,mr:,Marathi,qwen2.5-coder:7b,कार्स्टन बर्गहर्ट (burghardt at kde org): मुख्य विकासकार,4.783
777,without name,mr:,Marathi,qwen2.5-coder:7b,नावाचे असला,1.5
778,Book Title,mr:,Marathi,qwen2.5-coder:7b,पुस्तकाचे शीर्षक,2.001
779,& Source name:,mr:,Marathi,qwen2.5-coder:7b,& स्रोताचे नाव:,1.818
780,Current Track,mr:,Marathi,qwen2.5-coder:7b,आणि अधिकारी अनुवाद आहे.,2.672
781,& No sources:,mr:,Marathi,qwen2.5-coder:7b,& कोणत्याही स्रोत नाही:,2.56
782,Quitting & knotes;,mr:,Marathi,qwen2.5-coder:7b,निवेश करणे & कोट्यांचे नोंदवणे;,3.565
783,Article Source,mr:,Marathi,qwen2.5-coder:7b,मर्यादा वेबसाइट,2.111
784,ODP Files,mr:,Marathi,qwen2.5-coder:7b,फायल्यां (ODP),1.648
785,Parallel Vertical,mr:,Marathi,qwen2.5-coder:7b,परस्पर लांबी,1.674
786,Driver info:,mr:,Marathi,qwen2.5-coder:7b,ड्राइवर जाहीरात:,1.883
787,Maximum Size,mr:,Marathi,qwen2.5-coder:7b,महत्त्वाची आकार,1.89
788,Online Services support,mr:,Marathi,qwen2.5-coder:7b,संपर्क करण्याचे सेवा,2.194
789,Group Chats in & kopete;,mr:,Marathi,qwen2.5-coder:7b,ग्रुप चॅट्स आणि &kopete;,2.658
790,Free/ Busy,mr:,Marathi,qwen2.5-coder:7b,स्वतंत्र / खाली,2.006
791,Location Toolbar,mr:,Marathi,qwen2.5-coder:7b,स्थानीयता टूलबार,2.054
792,& File content:,mr:,Marathi,qwen2.5-coder:7b,& फाइलाचे सामग्री:,1.988
793,rectMeanKineticEnergyVariance,mr:,Marathi,qwen2.5-coder:7b,वेटिकनेट इन्यावरिएंस,2.685
794,South-East,mr:,Marathi,qwen2.5-coder:7b,पश्चिम-पश्चिमातील,2.118
795,RadicalSelector,mr:,Marathi,qwen2.5-coder:7b,रेडिकलसेलक्टर,1.801
796,The Board,mr:,Marathi,qwen2.5-coder:7b,बोर्ड,0.951
797,Include *-version:,mr:,Marathi,qwen2.5-coder:7b,खालील वर्गाचे वर्णन शामिल करा: *-version:,3.949
798,Enter Usemap,mr:,Marathi,qwen2.5-coder:7b,यांचा उपयोग आकारात द्याला,3.238
799,Equality threshold:,mr:,Marathi,qwen2.5-coder:7b,समानता घटक:,1.56
800,Joliet Settings,mr:,Marathi,qwen2.5-coder:7b,जोलियट सेटिंग्स,1.929
801,Simulations,mr:,Marathi,qwen2.5-coder:7b,सिमुलेशने,1.407
802,Harpsichord,mr:,Marathi,qwen2.5-coder:7b,हर्पिशोर्ड,1.47
803,Linediff: A< - > B,mr:,Marathi,qwen2.5-coder:7b,लाइन दिव्यावर्तन: A< - > B,3.026
804,Word types,mr:,Marathi,qwen2.5-coder:7b,शब्दांचे प्रकार,1.804
805,Unknown host.,mr:,Marathi,qwen2.5-coder:7b,अज्ञानी होस्ट.,1.79
806,Main,mr:,Marathi,qwen2.5-coder:7b,माझे,0.79
807,%1: does n't exists,mr:,Marathi,qwen2.5-coder:7b,%1: असते नाही,1.944
808,& Maximized,mr:,Marathi,qwen2.5-coder:7b,& वृख्य करण्यात,1.922
809,Sunrise,mr:,Marathi,qwen2.5-coder:7b,सूर्याशोक,1.521
810,Read-only,mr:,Marathi,qwen2.5-coder:7b,नियंत्रित,1.279
811,Fulltext Extractor,mr:,Marathi,qwen2.5-coder:7b,पूर्णपाठ निकालकर्ता,2.472
812,Right To Left Language,mr:,Marathi,qwen2.5-coder:7b,दाखला दाखला भाषा,2.163
813,User & limit:,mr:,Marathi,qwen2.5-coder:7b,योजक & सीमा:,1.552
814,Adjustments,mr:,Marathi,qwen2.5-coder:7b,अपदे करणे,1.211
815,Find in Project,mr:,Marathi,qwen2.5-coder:7b,परियोजनेत खोजा,1.946
816,Arrival Turn,mr:,Marathi,qwen2.5-coder:7b,तर्जीह झाला,1.61
817,Rating =,mr:,Marathi,qwen2.5-coder:7b,तरिका =,1.169
818,Inactive console,mr:,Marathi,qwen2.5-coder:7b,अक्रिय वाद्यकारी,1.993
819,Active,mr:,Marathi,qwen2.5-coder:7b,कार्यान्वयनीय,1.665
820,In use,mr:,Marathi,qwen2.5-coder:7b,प्रयोगात,1.327
821,& File Output,mr:,Marathi,qwen2.5-coder:7b,& फाइल आउटपुट,1.824
822,UADescription (Googlebot/ 2.1),mr:,Marathi,qwen2.5-coder:7b,UADescription (Googlebot/ 2.1),2.202
823,Performance counters,mr:,Marathi,qwen2.5-coder:7b,प्रदर्शन गणके,1.669
824,Aggregation,mr:,Marathi,qwen2.5-coder:7b,असमावेशण,1.292
825,& Delete item,mr:,Marathi,qwen2.5-coder:7b,& आपदेचा मान्यता ठेवणे,2.596
826,Predefined process shape,mr:,Marathi,qwen2.5-coder:7b,प्राविधिक प्रक्रिया आकार,2.636
827,Collection Folders,mr:,Marathi,qwen2.5-coder:7b,फॅल्डर ग्रुप्स,1.927
828,& Many sources:,mr:,Marathi,qwen2.5-coder:7b,& अनेक स्रोते:,1.65
829,Action Date,mr:,Marathi,qwen2.5-coder:7b,दिनांक,1.052
830,Samba config file:,mr:,Marathi,qwen2.5-coder:7b,संबा कॉन्फिग फाइल:,2.356
831,Grid height,mr:,Marathi,qwen2.5-coder:7b,ग्रिड उंचीती,1.589
832,Angular step:,mr:,Marathi,qwen2.5-coder:7b,Angular चरण:,1.161
833,Instruction Sets,mr:,Marathi,qwen2.5-coder:7b,निर्देश सेट्स,1.806
834,2D Texture,mr:,Marathi,qwen2.5-coder:7b,2D टेक्सचर्या,1.74
835,Storage Devices,mr:,Marathi,qwen2.5-coder:7b,स्टोरेज डिवाइसे,1.907
836,& Brightness,mr:,Marathi,qwen2.5-coder:7b,& खालीलांची आशा,1.984
837,Folder & Properties,mr:,Marathi,qwen2.5-coder:7b,फोल्डर आणि प्रॉप्शन्स,2.58
838,CMake & Binary:,mr:,Marathi,qwen2.5-coder:7b,CMake & Binary:,1.052
839,DarkSeaGreen1,mr:,Marathi,qwen2.5-coder:7b,डार्कसीएन्जन1,1.852
840,KDE 1 preview,mr:,Marathi,qwen2.5-coder:7b,KDE 1 प्रभावीण्याचा पूर्वानुभव,3.297
841,Track Information,mr:,Marathi,qwen2.5-coder:7b,प्रतिनिधित्व माहिती,2.196
842,Where,mr:,Marathi,qwen2.5-coder:7b,जहाजा जहाजा जहाजा जहाजा जहाजा जहाजा जहाजा जहाजा जहाजा जहाजा जहाजा जहाजा जहाजा जहाजा जहाजा जहाजा जहाज,10.052
843,& Expiration Settings,mr:,Marathi,qwen2.5-coder:7b,& समाप्ती सेटिंग्स,2.119
844,Ada support,mr:,Marathi,qwen2.5-coder:7b,आडा सपोर्ट,1.421
845,Network printer (%1),mr:,Marathi,qwen2.5-coder:7b,नेटवर्क प्रिंटर (%1),2.159
846,& North,mr:,Marathi,qwen2.5-coder:7b,& उत्तर,1.148
847,Documentation copyright 2003:,mr:,Marathi,qwen2.5-coder:7b,डॉक्यूमेंट योजना 2003:,3.074
848,Initial State,mr:,Marathi,qwen2.5-coder:7b,आरक्षित अवस्था,1.816
849,People you know,mr:,Marathi,qwen2.5-coder:7b,जाणते आपणांना व्यक्तींदरी,2.994
850,searchpath,mr:,Marathi,qwen2.5-coder:7b,शोधार्थी,1.501
851,15th Last,mr:,Marathi,qwen2.5-coder:7b,15व्या पिछ्ल्या,1.86
852,South-Korea,mr:,Marathi,qwen2.5-coder:7b,कोयंकोटी,1.297
853,Telephone number,mr:,Marathi,qwen2.5-coder:7b,फोन नंबर,1.275
854,User information,mr:,Marathi,qwen2.5-coder:7b,योजक जाहीरात,1.595
855,"1 Staple, parallel",mr:,Marathi,qwen2.5-coder:7b,"1 शेप्टल, सामान्य",2.128
856,traditional,mr:,Marathi,qwen2.5-coder:7b,परंपरिक,1.169
857,Save as %1,mr:,Marathi,qwen2.5-coder:7b,साठी बनवा %1,1.834
858,View with & Opera,mr:,Marathi,qwen2.5-coder:7b,वापरून & ऑपरा देखा,2.453
859,& Print Canvas...,mr:,Marathi,qwen2.5-coder:7b,&प्रिंट कॅनवास...,1.84
860,Book name:,mr:,Marathi,qwen2.5-coder:7b,नावाचे नाव:,1.565
861,Unmounting,mr:,Marathi,qwen2.5-coder:7b,उनमोजी करण्यात,1.894
862,Minimum rate of death,mr:,Marathi,qwen2.5-coder:7b,मूल्यांकन दर,1.848
863,Profile Pictures,mr:,Marathi,qwen2.5-coder:7b,प्रोफाइल चित्रे,1.771
864,CC Field Name,mr:,Marathi,qwen2.5-coder:7b,कार्यालयाचे नाव,2.048
865,Alternative,mr:,Marathi,qwen2.5-coder:7b,मिळालेला,1.232
866,Quadrilateral,mr:,Marathi,qwen2.5-coder:7b,चतुर्भुज,1.335
867,Overdue,mr:,Marathi,qwen2.5-coder:7b,वेळाचे अंतर्गत,1.89
868,Layer 2,mr:,Marathi,qwen2.5-coder:7b,परिस्थिती 2,1.635
869,Start position:,mr:,Marathi,qwen2.5-coder:7b,शुरू असणारी स्थिती:,2.372
870,KDE Printing Management,mr:,Marathi,qwen2.5-coder:7b,क्यूडी प्रिंटिंग मॅनेजमेंट,3.238
871,User%,mr:,Marathi,qwen2.5-coder:7b,योजक,1.058
872,Perspective 3D,mr:,Marathi,qwen2.5-coder:7b,प्रतिबिम्ब 3D,1.762
873,Add Podcast...,mr:,Marathi,qwen2.5-coder:7b,पोडकास्ट जोड्या...,2.06
874,TIFF Properties,mr:,Marathi,qwen2.5-coder:7b,TIFF माहिती,1.275
875,Triadic,mr:,Marathi,qwen2.5-coder:7b,त्रिअधिकारी,1.386
876,Show Frame,mr:,Marathi,qwen2.5-coder:7b,फ्रेम दिखावा,1.494
877,channel admin,mr:,Marathi,qwen2.5-coder:7b,चौंसला अधिकारी,1.96
878,Device Description,mr:,Marathi,qwen2.5-coder:7b,उपलब्ध वापरकारी वर्णन,2.562
879,Draw labels,mr:,Marathi,qwen2.5-coder:7b,ताल्यांचा आवडणा,2.013
880,Brush size:,mr:,Marathi,qwen2.5-coder:7b,मोठी आणि छोटी:,1.992
881,Spanish (Guatemala),mr:,Marathi,qwen2.5-coder:7b,स्पेनिश (गुतमेला),2.166
882,Tab Properties,mr:,Marathi,qwen2.5-coder:7b,टॅब प्रॉप्शन्स,1.802
883,Check Query,mr:,Marathi,qwen2.5-coder:7b,प्रश्नाची जाहीर करणा,2.142
884,new_component,mr:,Marathi,qwen2.5-coder:7b,नव योजना,1.252
885,Move Variable Up,mr:,Marathi,qwen2.5-coder:7b,परिवर्तन को अतिशय उठवा,2.83
886,OpenGL mode:,mr:,Marathi,qwen2.5-coder:7b,OpenGL मोड:,1.088
887,Time To,mr:,Marathi,qwen2.5-coder:7b,समय आहे,1.155
888,Follow,mr:,Marathi,qwen2.5-coder:7b,पाहण्यासाठी,1.555
889,Environment Variables,mr:,Marathi,qwen2.5-coder:7b,परिस्थितीय मानेरे,2.061
890,Phone costs:,mr:,Marathi,qwen2.5-coder:7b,फोन की दाखिला:,1.795
891,OpenGL information,mr:,Marathi,qwen2.5-coder:7b,OpenGL माहिती,1.157
892,Help & with %1,mr:,Marathi,qwen2.5-coder:7b,मदत & %1,1.129
893,No other,mr:,Marathi,qwen2.5-coder:7b,नाहीं आणि,1.29
894,Oxygen,mr:,Marathi,qwen2.5-coder:7b,ऑक्सीजन,1.111
895,Filename Layout Chooser,mr:,Marathi,qwen2.5-coder:7b,फाइलनाव आणि आयतन चुनावकार्यकारी,3.667
896,Label Size,mr:,Marathi,qwen2.5-coder:7b,ताचे आकार,1.354
897,Username & level:,mr:,Marathi,qwen2.5-coder:7b,उपयोगकर्ता नाव आणि स्तर:,2.809
898,Dialing speed (sec/ 100):,mr:,Marathi,qwen2.5-coder:7b,दूरसंदेश गती (सेक / 100):,3.155
899,Project Sources,mr:,Marathi,qwen2.5-coder:7b,परियोजना काहीरात,1.875
900,playing,mr:,Marathi,qwen2.5-coder:7b,खेलते,1.116
901,Songwriter:,mr:,Marathi,qwen2.5-coder:7b,संगीतकार:,1.496
902,Group Box,mr:,Marathi,qwen2.5-coder:7b,ग्रुप बॉक्स,1.542
903,Domain Guests,mr:,Marathi,qwen2.5-coder:7b,मोनाहांचे विस्थापन,2.306
904,Closed Items,mr:,Marathi,qwen2.5-coder:7b,परिणामांना निर्वाहित केले गेले आहेत,3.901
905,Preparation Method:,mr:,Marathi,qwen2.5-coder:7b,प्रतियोगी विधि:,1.898
906,Paid from,mr:,Marathi,qwen2.5-coder:7b,पुरावलेला,1.371
907,Element symbols,mr:,Marathi,qwen2.5-coder:7b,आणि असांचे असांचे असांचे असांचे असांचे असांचे असांचे असांचे असांचे असांचे असांचे असांचे असांचे असांच,10.293
908,sent-mail,mr:,Marathi,qwen2.5-coder:7b,पठिल इ-मेल,1.461
909,Source file access,mr:,Marathi,qwen2.5-coder:7b,स्रोत फाइल अनुकूली झाली,2.808
910,New%1,mr:,Marathi,qwen2.5-coder:7b,नव्हा%1,1.235
911,Filename: %1,mr:,Marathi,qwen2.5-coder:7b,फाइलनाव: %1,1.483
912,Playback Settings,mr:,Marathi,qwen2.5-coder:7b,प्रदर्शन सेटिंग्स,1.915
913,24 Cards,mr:,Marathi,qwen2.5-coder:7b,24 कार्ड्स,1.37
914,DVD device:,mr:,Marathi,qwen2.5-coder:7b,डीवीडी वाहन:,1.62
915,½ (#189;) Fraction one-half,mr:,Marathi,qwen2.5-coder:7b,½ (#189;) एक दोन्हीचा भाग,2.978
916,Mouse Navigation,mr:,Marathi,qwen2.5-coder:7b,माउस नाविगेशन,1.772
917,By & Date,mr:,Marathi,qwen2.5-coder:7b,प्रति दिनांक,1.853
918,Percent Format,mr:,Marathi,qwen2.5-coder:7b,प्रतिशत फॉर्मेट,1.985
919,pppd version:,mr:,Marathi,qwen2.5-coder:7b,प्पप्प्ड वर्शन:,2.0
920,Translucency,mr:,Marathi,qwen2.5-coder:7b,प्रसारणा,1.229
921,Output Settings,mr:,Marathi,qwen2.5-coder:7b,आउटपुट सेटिंग्स,1.8
922,Mouseposition: X: Y,mr:,Marathi,qwen2.5-coder:7b,माउस अस्थित्व: X: Y,2.351
923,Master Document,mr:,Marathi,qwen2.5-coder:7b,मुख्य दस्तऐवज,1.787
924,Acl compatibility:,mr:,Marathi,qwen2.5-coder:7b,अस्तित्वाची संगती:,2.251
925,KTouch Keyboard Editor - %1 %2,mr:,Marathi,qwen2.5-coder:7b,क्यूटोश्ची टाक्बोर्ड एडिटर - %1 %2,3.982
926,Gather*,mr:,Marathi,qwen2.5-coder:7b,संग्रह करणे,1.387
927,Compression:,mr:,Marathi,qwen2.5-coder:7b,पक्षीतरण:,1.423
928,total,mr:,Marathi,qwen2.5-coder:7b,सम्पूर्ण,1.374
929,Systemsettings,mr:,Marathi,qwen2.5-coder:7b,सिस्टम सेटिंग्स,1.882
930,Steering,mr:,Marathi,qwen2.5-coder:7b,चालणा,0.968
931,& Keep menu open,mr:,Marathi,qwen2.5-coder:7b,& मेनू खोला रखा राहा जाऊं,3.032
932,Default language:,mr:,Marathi,qwen2.5-coder:7b,मानव भाषा:,1.62
933,Group Sections,mr:,Marathi,qwen2.5-coder:7b,शैली समूह,1.7
934,Wind direction,mr:,Marathi,qwen2.5-coder:7b,वायु दिशा,1.384
935,Australia/ Queensland,mr:,Marathi,qwen2.5-coder:7b,ऑस्ट्रेलिया/क्विंग्लॅंड,2.704
936,Colour Depth,mr:,Marathi,qwen2.5-coder:7b,देखाव गहावर,1.62
937,Prepunched,mr:,Marathi,qwen2.5-coder:7b,प्रे-पुंखाडी,1.605
938,Password Checking,mr:,Marathi,qwen2.5-coder:7b,पासवर्ड जाहीर करणे,2.172
939,Exposure mode:,mr:,Marathi,qwen2.5-coder:7b,प्रतिबन्ध विशेषता:,2.222
940,Function Profile,mr:,Marathi,qwen2.5-coder:7b,फंक्शन प्रोफाइल,1.793
941,APS Driver (%1),mr:,Marathi,qwen2.5-coder:7b,APS ड्राइवर (%1),1.768
942,Gold,mr:,Marathi,qwen2.5-coder:7b,जॉल्ड,0.996
943,& Remote:,mr:,Marathi,qwen2.5-coder:7b,& दूरीवाजी:,1.57
944,31st Last,mr:,Marathi,qwen2.5-coder:7b,पिच्चा 31,1.655
945,Timelines Configuration,mr:,Marathi,qwen2.5-coder:7b,समयांचे व्यवस्थित करणा,2.628
946,& female,mr:,Marathi,qwen2.5-coder:7b,& महिला,1.075
947,Banner Selection,mr:,Marathi,qwen2.5-coder:7b,बानर चयन,1.247
948,Project Name,mr:,Marathi,qwen2.5-coder:7b,परियायाचे नाव,1.662
949,User/ Pass:,mr:,Marathi,qwen2.5-coder:7b,योजक/पासवर्ड:,1.697
950,& Mail action:,mr:,Marathi,qwen2.5-coder:7b,& ईमेल क्रिया:,1.638
951,Keyboard Mode,mr:,Marathi,qwen2.5-coder:7b,कुंदली अवधारणा,1.835
952,Cisco - Workgroup director,mr:,Marathi,qwen2.5-coder:7b,कोसिस - कार्यक्रमाचे निर्देशक,3.135
953,Processor Information,mr:,Marathi,qwen2.5-coder:7b,प्रक्रिया माहिती,1.699
954,User Info,mr:,Marathi,qwen2.5-coder:7b,योजक जाहीरात,1.618
955,with %2,mr:,Marathi,qwen2.5-coder:7b,साठी %2,1.315
956,Center,mr:,Marathi,qwen2.5-coder:7b,मध्ये,0.904
957,Yesterday,mr:,Marathi,qwen2.5-coder:7b,यानंदीला,1.156
958,Immediate,mr:,Marathi,qwen2.5-coder:7b,आता,0.72
959,Newsticker Configuration Dialog,mr:,Marathi,qwen2.5-coder:7b,नवीन नावसाठी गुंतवणे वापरणे योग्य विनिमय वापरणे योग्य विनिमय वापरणे योग्य विनिमय वापरणे योग्य विनिमय,10.545
960,Service currently unavailable,mr:,Marathi,qwen2.5-coder:7b,सेवा अभी अपलून उपलब्ध नाहीं,3.142
961,Qt-SQL Source (single table),mr:,Marathi,qwen2.5-coder:7b,Qt-SQL स्रोत (एक ताबल),2.324
962,Date Range,mr:,Marathi,qwen2.5-coder:7b,दिवसाचे यंत्र,1.666
963,Uncategorized Albums,mr:,Marathi,qwen2.5-coder:7b,अनुशासित आल्बम्स,2.127
964,Form design,mr:,Marathi,qwen2.5-coder:7b,फॉर्म डिजाइन,1.741
965,Common,mr:,Marathi,qwen2.5-coder:7b,सामान्य,1.111
966,Cabri figure,mr:,Marathi,qwen2.5-coder:7b,काब्री चित्र,1.558
967,Pacific/ Fakaofo,mr:,Marathi,qwen2.5-coder:7b,पॅसिफिक / फकाओफो,2.109
968,PERT duration variance: %1,mr:,Marathi,qwen2.5-coder:7b,PERT दुर्लभता: %1,2.009
969,Printing...,mr:,Marathi,qwen2.5-coder:7b,प्रिंटिंग...,1.285
970,Headphone,mr:,Marathi,qwen2.5-coder:7b,हैडफाइन,1.273
971,Base font size:,mr:,Marathi,qwen2.5-coder:7b,मूळ फॉन्ट आकार:,2.387
972,Power Management,mr:,Marathi,qwen2.5-coder:7b,पावर मॅनेमेंट,1.807
973,Shear X,mr:,Marathi,qwen2.5-coder:7b,शेयर एक्स,1.381
974,Under-water,mr:,Marathi,qwen2.5-coder:7b,उत्तराधारी,1.441
975,Assorted,mr:,Marathi,qwen2.5-coder:7b,संग्रहित,1.178
976,Output Destination,mr:,Marathi,qwen2.5-coder:7b,उत्पादन गंतव्य,1.868
977,Restitution:,mr:,Marathi,qwen2.5-coder:7b,पुनर्वापन:,1.525
978,"2 Staples, parallel",mr:,Marathi,qwen2.5-coder:7b,"2 स्टॅपल्स, सामान्य",2.198
979,Remove project,mr:,Marathi,qwen2.5-coder:7b,परियोजना हटवा,1.589
980,Breath Noise,mr:,Marathi,qwen2.5-coder:7b,प्राणी शक्ती,1.618
981,Short Moves,mr:,Marathi,qwen2.5-coder:7b,कात्रील गेल्या आणि गेलेल्या,3.078
982,pattern,mr:,Marathi,qwen2.5-coder:7b,पॅटरन,0.986
983,RightImg,mr:,Marathi,qwen2.5-coder:7b,दायानीचे चित्र,1.668
984,Icon Change,mr:,Marathi,qwen2.5-coder:7b,आयोजन बदला,1.429
985,Delete Script,mr:,Marathi,qwen2.5-coder:7b,स्क्रिप्ट अड्वारा काढून काढून करणे,3.71
986,nothing,mr:,Marathi,qwen2.5-coder:7b,नाहीं,0.911
987,AVI Video Player,mr:,Marathi,qwen2.5-coder:7b,वीडियो प्लेयर,1.652
988,Elliptical Selection,mr:,Marathi,qwen2.5-coder:7b,椭圆选择,0.813
989,& Host Game...,mr:,Marathi,qwen2.5-coder:7b,&मोठ्या खेळाचा आवश्यकता...,2.936
990,Pop Up Completion List,mr:,Marathi,qwen2.5-coder:7b,उत्तरदान सूची आलेली,2.511
991,Password Protection,mr:,Marathi,qwen2.5-coder:7b,पासवर्ड सुरक्षा,1.892
992,Start pattern,mr:,Marathi,qwen2.5-coder:7b,पॅटर्न शुरू करणा,2.184
993,Area:,mr:,Marathi,qwen2.5-coder:7b,क्षेत्रफळ:,1.545
994,Layout direction,mr:,Marathi,qwen2.5-coder:7b,पॅश्चिमी दिशा,2.057
995,Is new:,mr:,Marathi,qwen2.5-coder:7b,या नवीन आहे:,1.694
996,Volume Values:,mr:,Marathi,qwen2.5-coder:7b,वैल्यू अंशांचे माने:,2.588
997,Rectangular Selection,mr:,Marathi,qwen2.5-coder:7b,आयताची चयन,1.51
998,Limitations,mr:,Marathi,qwen2.5-coder:7b,संदेशांचे संदेशांचे संदेशांचे संदेशांचे संदेशांचे संदेशांचे संदेशांचे संदेशांचे संदेशांचे संदेशांचे संदेशांचे स,10.461
999,Shift width:,mr:,Marathi,qwen2.5-coder:7b,शीफ्ट वाढा:,1.636
1000,& Reply...,mr:,Marathi,qwen2.5-coder:7b,& उत्तर देणे...,1.747
1001,Key characters,mr:,Marathi,qwen2.5-coder:7b,कार्यकारी चिन्हांचे वर्णन,3.023
1002,mean,mr:,Marathi,qwen2.5-coder:7b,मानणे,0.911
1003,Mesh density,mr:,Marathi,qwen2.5-coder:7b,माझी आणि आणि आणि आणि आणि आणि आणि आणि आणि आणि आणि आणि आणि आणि आणि आणि आणि आणि आणि आणि आणि आणि आणि आणि,10.118
1004,& Authentication Method,mr:,Marathi,qwen2.5-coder:7b,& प्रमाणांकन विधी,2.016
1005,Panning slider,mr:,Marathi,qwen2.5-coder:7b,प्रसार ट्रास्ट,1.732
1006,Animation Speed,mr:,Marathi,qwen2.5-coder:7b,अनिमेशन गती,1.56
1007,Attendees:,mr:,Marathi,qwen2.5-coder:7b,प्रतिभाविते:,1.498
1008,Brokerage,mr:,Marathi,qwen2.5-coder:7b,ब्रोकर्ज,1.108
1009,"The path to the program ""grep""",mr:,Marathi,qwen2.5-coder:7b,"प्रोग्रामाचे ""grep"" यांच्या पासारी",3.262
1010,kdetv Panel Extension,mr:,Marathi,qwen2.5-coder:7b,कडेट्व पनेल एक्स्टेंशन,2.696
1011,Volume off/ low/ high:,mr:,Marathi,qwen2.5-coder:7b,वॉल्यूम अक्षम/ कमी/ जास्ती:,3.424
1012,22.345 Inv IntDiv 8 = also gives 2,mr:,Marathi,qwen2.5-coder:7b,22.345 वैशिष्ट्य भाग 8 = त्याची भागाची भाग भी देते 2,6.177
1013,Mount point (/ mnt/ floppy):,mr:,Marathi,qwen2.5-coder:7b,माउंट बिंदू (/ mnt/ फ्लोपी):,3.083
1014,No Side Border,mr:,Marathi,qwen2.5-coder:7b,नाहीले भाजक,1.634
1015,Operation Settings,mr:,Marathi,qwen2.5-coder:7b,संस्करण सेटिंग्स,1.966
1016,Engaging DAO,mr:,Marathi,qwen2.5-coder:7b,सांगी डीओए,1.708
1017,A4 (Small),mr:,Marathi,qwen2.5-coder:7b,आयोज (सामान्य),1.755
1018,choice-add,mr:,Marathi,qwen2.5-coder:7b,चुनाव-जोडणे,1.52
1019,Unnamed plugin,mr:,Marathi,qwen2.5-coder:7b,अनामित विनिर्माणकार,2.414
1020,System Error,mr:,Marathi,qwen2.5-coder:7b,प्रणाली त्रुटी,1.691
1021,Encrypt,mr:,Marathi,qwen2.5-coder:7b,सांगणा,1.222
1022,Subdivisions:,mr:,Marathi,qwen2.5-coder:7b,विभाजन:,1.247
1023,Server Root Location: /,mr:,Marathi,qwen2.5-coder:7b,सर्वात आधिकारिक स्थान: /,2.891
1024,Time & Date,mr:,Marathi,qwen2.5-coder:7b,समय आणि दिनांक,1.923
1025,& Graph,mr:,Marathi,qwen2.5-coder:7b,& ग्राफ,1.061
1026,End record:,mr:,Marathi,qwen2.5-coder:7b,प्रतिनिधी झाला:,2.008
1027,KDE User Editor,mr:,Marathi,qwen2.5-coder:7b,कडे योजकारी,1.787
1028,& Document Properties,mr:,Marathi,qwen2.5-coder:7b,& दस्तऐवजीकरण विशेषताएं,2.761
1029,Where & lt; OPTION_NAMEgt; can be either,mr:,Marathi,qwen2.5-coder:7b,जे &lt;OPTION_NAME&gt; या दोन्हीमध्ये असतो जाते,4.347
1030,IPP Printer Information,mr:,Marathi,qwen2.5-coder:7b,प्रिंटर जाहीरात,2.109
1031,& Force Dump,mr:,Marathi,qwen2.5-coder:7b,& फोर्स डॉम्प,1.907
1032,Document Class Selection - \\documentclass{},mr:,Marathi,qwen2.5-coder:7b,दस्तऐवजीकरण च्या चुनाव - \\documentclass{},3.712
1033,Boot Manager (LILO),mr:,Marathi,qwen2.5-coder:7b,बूट मॅनेजर (LILO),2.097
1034,SearchFile,mr:,Marathi,qwen2.5-coder:7b,फाइल खोजणे,1.475
1035,Image Information,mr:,Marathi,qwen2.5-coder:7b,प्रतिमा माहिती,1.67
1036,Copy Item To...,mr:,Marathi,qwen2.5-coder:7b,आपण आयोजनाचा कॉपी करा...,2.647
1037,Frame Stack,mr:,Marathi,qwen2.5-coder:7b,फ्रेम स्टॅक,1.451
1038,Vocabulary,mr:,Marathi,qwen2.5-coder:7b,वाक्यांशाला,1.554
1039,& File name:,mr:,Marathi,qwen2.5-coder:7b,& फाइलचे नाव:,1.874
1040,Image file names,mr:,Marathi,qwen2.5-coder:7b,फोटो फाइलांचे नावे,2.243
1041,Gravity (GL),mr:,Marathi,qwen2.5-coder:7b,गुरुत्व (GL),1.443
1042,Rewind,mr:,Marathi,qwen2.5-coder:7b,पुनरावर्तन करा,1.67
1043,Max depth,mr:,Marathi,qwen2.5-coder:7b,"माहिती दिलेल्या आणि अनुवाद असे असलेले आहे:

""माहिती दिलेल्या आणि अनुवाद असे असलेले आहे:

माहिती दिलेल्या",10.36
1044,Previous Slide,mr:,Marathi,qwen2.5-coder:7b,पिछला स्लाइड,1.595
1045,& Length,mr:,Marathi,qwen2.5-coder:7b,& लंबी,1.06
1046,New Country,mr:,Marathi,qwen2.5-coder:7b,नव्हा देश,1.426
1047,Avoidance,mr:,Marathi,qwen2.5-coder:7b,प्रतिरोध,1.165
1048,Display field code,mr:,Marathi,qwen2.5-coder:7b,फील्ड कोड दाखवणा,2.043
1049,Category Hard,mr:,Marathi,qwen2.5-coder:7b,श्रेणी कठोर,1.373
1050,& Print poster,mr:,Marathi,qwen2.5-coder:7b,& पोस्टर टाक्याला बँदा,2.611
1051,of J. Awal,mr:,Marathi,qwen2.5-coder:7b,ज. आवलाला या वेळातील,2.591
1052,Configuration options for & ktouch;,mr:,Marathi,qwen2.5-coder:7b,क्यांदीचे विनिमय विकल्पे &ktouch;,3.53
1053,Excluded,mr:,Marathi,qwen2.5-coder:7b,असून असलेला,1.693
1054,a chart,mr:,Marathi,qwen2.5-coder:7b,चार्ट,0.961
1055,New profile wizard OpenVPN,mr:,Marathi,qwen2.5-coder:7b,नव्हा प्रोफाइल विज्जार्ड ऑपनव्हीन,3.684
1056,View Profiles,mr:,Marathi,qwen2.5-coder:7b,प्रोफाइल देखणा,1.695
1057,Track Width:,mr:,Marathi,qwen2.5-coder:7b,त्रॅकचे चौंद:,1.828
1058,Total time of activity,mr:,Marathi,qwen2.5-coder:7b,कार्याचे कुल समय,1.86
1059,Issuer,mr:,Marathi,qwen2.5-coder:7b,आवश्यक करण्याचा व्यक्ती,2.536
1060,immediate mode,mr:,Marathi,qwen2.5-coder:7b,मोड अनुमानी,1.566
1061,Safety level,mr:,Marathi,qwen2.5-coder:7b,सुरक्षा स्तर,1.517
1062,Bit rate,mr:,Marathi,qwen2.5-coder:7b,बिट रेट,1.2
1063,Available Plugins,mr:,Marathi,qwen2.5-coder:7b,उपलब्ध योग्यकारींंचे सूची,2.839
1064,Chinese VCD3.0 track interpretation,mr:,Marathi,qwen2.5-coder:7b,चीनी व्हीडियो डिस्क 3.0 ट्रॅक अनिवार्यांसाठी,5.098
1065,Extinction:,mr:,Marathi,qwen2.5-coder:7b,आपल्या विविधता असलेल्या विशेषतांना आणि त्यांच्या विशेष विविधतांना आणि त्यांच्या विशेष विविधतांना आणि,10.279
1066,rectParticleCount,mr:,Marathi,qwen2.5-coder:7b,rectपार्टिकलसंख्या,2.03
1067,Boolean or,mr:,Marathi,qwen2.5-coder:7b,बूलियन या,1.552
1068,Relationships,mr:,Marathi,qwen2.5-coder:7b,संबंधे,1.036
1069,Spreadsheets,mr:,Marathi,qwen2.5-coder:7b,स्प्रेडशीट्स,1.556
1070,Cisco VPN profile,mr:,Marathi,qwen2.5-coder:7b,कार्बन वॉन प्रोफाइल,2.354
1071,Blue Heading,mr:,Marathi,qwen2.5-coder:7b,बूँदी शीर्षक,1.789
1072,Color filters,mr:,Marathi,qwen2.5-coder:7b,फर्शाचे फिल्टर्स,1.955
1073,Copy Folder To...,mr:,Marathi,qwen2.5-coder:7b,फोल्डर को कॉपी करा...,2.191
1074,Refresh Rate,mr:,Marathi,qwen2.5-coder:7b,फ्रेशन रेट,1.394
1075,Application Options,mr:,Marathi,qwen2.5-coder:7b,प्रयोगसाठीचे विकल्प,2.484
1076,Data,mr:,Marathi,qwen2.5-coder:7b,डेटा,0.803
1077,Close...,mr:,Marathi,qwen2.5-coder:7b,बंद करा...,1.169
1078,Home Address Street,mr:,Marathi,qwen2.5-coder:7b,पर्यायाचे रास्ता,2.007
1079,A window! What now?,mr:,Marathi,qwen2.5-coder:7b,एक जंगल! क्या अब?,2.185
1080,Tokens,mr:,Marathi,qwen2.5-coder:7b,टोकन्स,1.048
1081,Members,mr:,Marathi,qwen2.5-coder:7b,मळ्यांचे सदस्यांसाठी,2.335
1082,Using & ktouch;,mr:,Marathi,qwen2.5-coder:7b,कॉटच वापरते &,2.059
1083,Seed radius,mr:,Marathi,qwen2.5-coder:7b,सीड राडियस,1.458
1084,Security Level,mr:,Marathi,qwen2.5-coder:7b,सुरक्षा स्तर,1.558
1085,Tantalum,mr:,Marathi,qwen2.5-coder:7b,तांटलम,1.122
1086,west & central Borneo,mr:,Marathi,qwen2.5-coder:7b,पश्चिम आणि मध्य बोर्नो,2.689
1087,& Properties,mr:,Marathi,qwen2.5-coder:7b,& प्रॉप्स,1.282
1088,Black & & White,mr:,Marathi,qwen2.5-coder:7b,काले आणि सफ़ेद,1.975
1089,10th Last,mr:,Marathi,qwen2.5-coder:7b,10व्या पुढील,1.629
1090,Custom Brush,mr:,Marathi,qwen2.5-coder:7b,स्वचाता ब्रश,1.539
1091,SMB shared printer (Windows),mr:,Marathi,qwen2.5-coder:7b,संदेशाचा शेडर (विंडोज),2.746
1092,Flute,mr:,Marathi,qwen2.5-coder:7b,फ्लूट,1.082
1093,C Major,mr:,Marathi,qwen2.5-coder:7b,सी माजर,1.076
1094,Shortcut name: down,mr:,Marathi,qwen2.5-coder:7b,क्षेत्राचे नाव: डाउन,2.655
1095,PPT Files,mr:,Marathi,qwen2.5-coder:7b,पीपीटी फाइल्स,1.858
1096,Sold,mr:,Marathi,qwen2.5-coder:7b,खेलला,0.921
1097,Added,mr:,Marathi,qwen2.5-coder:7b,जोडले,1.092
1098,torqueVariance,mr:,Marathi,qwen2.5-coder:7b,टर्क्व वरिएंस,1.738
1099,Change logo...,mr:,Marathi,qwen2.5-coder:7b,चिन्ह बदला...,1.524
1100,ColorSmart Graphics,mr:,Marathi,qwen2.5-coder:7b,ग्राफिक्स स्वर्ग्यातील रंग व्यवस्था,3.849
1101,Unknown host,mr:,Marathi,qwen2.5-coder:7b,अज्ञानी होस्ट,1.659
1102,OpenGL Imageviewer,mr:,Marathi,qwen2.5-coder:7b,ओप्लेंगल चित्रप्रदर्शक,2.498
1103,& Log message:,mr:,Marathi,qwen2.5-coder:7b,& लॉग मेसेज:,1.719
1104,Window height,mr:,Marathi,qwen2.5-coder:7b,जनक ऊंचीता,1.473
1105,Show the file system,mr:,Marathi,qwen2.5-coder:7b,फायल सिस्टम दाखवा,2.072
1106,90 degree rotation speed,mr:,Marathi,qwen2.5-coder:7b,90 डिग्री घेठावणी,2.096
1107,print() takes one argument,mr:,Marathi,qwen2.5-coder:7b,प्रिंट() एक अंग्रेजी लेखते आहे,3.271
1108,Domain component,mr:,Marathi,qwen2.5-coder:7b,डोमेन कंपनींग,1.686
1109,& Size limit (KB):,mr:,Marathi,qwen2.5-coder:7b,& आकार साठी अंतर्गत (KB):,2.702
1110,Transactions,mr:,Marathi,qwen2.5-coder:7b,प्रसारणे,1.184
1111,Considerations When Building,mr:,Marathi,qwen2.5-coder:7b,जाहीरांदारी जारी करण्यासाठी,3.311
1112,Plugin for KSpread,mr:,Marathi,qwen2.5-coder:7b,क्षेत्रांचे वेगळे,2.286
1113,Explosion decay,mr:,Marathi,qwen2.5-coder:7b,प्रसार विस्थापन,2.101
1114,Crisp,mr:,Marathi,qwen2.5-coder:7b,चांदी,0.985
1115,management,mr:,Marathi,qwen2.5-coder:7b,मूळ्यांकन,1.477
1116,pppd kernel log level:,mr:,Marathi,qwen2.5-coder:7b,प्रसिद्धान्त लॉग स्तर:,2.714
1117,CD Device,mr:,Marathi,qwen2.5-coder:7b,डीएस निवडणीय वाहन,2.137
1118,Finish-Finish,mr:,Marathi,qwen2.5-coder:7b,पूर्ण करणे-पूर्ण करणे,2.585
1119,Input Levels,mr:,Marathi,qwen2.5-coder:7b,आवश्यक स्तरे,1.583
1120,Using & kbattleship;,mr:,Marathi,qwen2.5-coder:7b,खेलाला वापरणे & kbattleship;,2.481
1121,EndTime,mr:,Marathi,qwen2.5-coder:7b,पासंदीदा समय,1.52
1122,Driver,mr:,Marathi,qwen2.5-coder:7b,ड्राइवर,1.001
1123,Brazil/ Acre,mr:,Marathi,qwen2.5-coder:7b,ब्राजिल/अक्रे,1.564
1124,String List,mr:,Marathi,qwen2.5-coder:7b,स्ट्रिंग लिस्ट,1.733
1125,Cote D'Ivoire,mr:,Marathi,qwen2.5-coder:7b,कोटे दी इवोरी,1.907
1126,The Window Menu,mr:,Marathi,qwen2.5-coder:7b,जनवरीचा डिजिटल मेनू,2.407
1127,Australia/ Brisbane,mr:,Marathi,qwen2.5-coder:7b,ऑस्ट्रेलिया/ब्रिजन्स,2.322
1128,Current Mixer,mr:,Marathi,qwen2.5-coder:7b,आणि वर्तमान मिक्सर,2.07
1129,Phosgene,mr:,Marathi,qwen2.5-coder:7b,फोस्गीन,1.201
1130,Wind speed,mr:,Marathi,qwen2.5-coder:7b,वायु वेग,1.249
1131,Could not read %1.,mr:,Marathi,qwen2.5-coder:7b,%1 ला पढून शकत नाही.,2.544
1132,Plot Area,mr:,Marathi,qwen2.5-coder:7b,प्लॉट क्षेत्र,1.874
1133,Areas,mr:,Marathi,qwen2.5-coder:7b,जगभर,1.025
1134,Not used.,mr:,Marathi,qwen2.5-coder:7b,नाहीते.,1.134
1135,Main Application Interface,mr:,Marathi,qwen2.5-coder:7b,मुख्य अनुप्रयोग इंटरफейस,2.625
1136,Drag location,mr:,Marathi,qwen2.5-coder:7b,स्थान घेणा,1.502
1137,Draw Jupiter?,mr:,Marathi,qwen2.5-coder:7b,जूपिटर चालू करा?,2.101
1138,Access Permissions:,mr:,Marathi,qwen2.5-coder:7b,अनुमती देणे:,1.694
1139,Correct answer,mr:,Marathi,qwen2.5-coder:7b,सही उत्तर,1.333
1140,Browse order,mr:,Marathi,qwen2.5-coder:7b,खोज आदेश,1.43
1141,By Date,mr:,Marathi,qwen2.5-coder:7b,दिवसात आणि वेळात,1.97
1142,Older,mr:,Marathi,qwen2.5-coder:7b,पुढील,0.934
1143,& Advanced,mr:,Marathi,qwen2.5-coder:7b,& आगमनीय,1.213
1144,Position: %1,mr:,Marathi,qwen2.5-coder:7b,स्थिती: %1,1.457
1145,Interrupt,mr:,Marathi,qwen2.5-coder:7b,अतिरिक्त करणे,1.63
1146,Attendee,mr:,Marathi,qwen2.5-coder:7b,प्रतिभावित,1.347
1147,Hangul Compatibility Jamo,mr:,Marathi,qwen2.5-coder:7b,हंगुल संगतता जामो,2.15
1148,Asia/ Pyongyang,mr:,Marathi,qwen2.5-coder:7b,आशिया/पायंगनी,1.831
1149,Keyboard Layout:,mr:,Marathi,qwen2.5-coder:7b,कुंजीपटक आकार:,1.978
1150,Billing information:,mr:,Marathi,qwen2.5-coder:7b,बिल जाहीरात:,1.775
1151,Game Solve,mr:,Marathi,qwen2.5-coder:7b,खेल सोडवा,1.283
1152,"GUI design, channel plugins",mr:,Marathi,qwen2.5-coder:7b,डिजाइन आणि चॅनल प्लगइन्स,3.166
1153,Search line,mr:,Marathi,qwen2.5-coder:7b,खोज रेशी,1.272
1154,Visibility Level,mr:,Marathi,qwen2.5-coder:7b,दृष्टिकोण स्तर,1.843
1155,To & Today,mr:,Marathi,qwen2.5-coder:7b,आणि आज,1.106
1156,All dates,mr:,Marathi,qwen2.5-coder:7b,सर्व तारीखे,1.493
1157,Testbed,mr:,Marathi,qwen2.5-coder:7b,परीक्षण आयाम,1.629
1158,& Ctrl; Shift; Arrow keys,mr:,Marathi,qwen2.5-coder:7b,& कंट्रोल; शीफ्ट; उवर टीयारी,3.331
1159,Asia/ Ashkhabad,mr:,Marathi,qwen2.5-coder:7b,आशिया/अश्क्हाबद,2.186
1160,Comic Strip,mr:,Marathi,qwen2.5-coder:7b,मोहित चित्र,1.492
1161,Sell,mr:,Marathi,qwen2.5-coder:7b,खेळणे,0.921
1162,System Tray,mr:,Marathi,qwen2.5-coder:7b,सिस्टम ट्रेअй,1.649
1163,Activity Diagram Shapes,mr:,Marathi,qwen2.5-coder:7b,आकारांचे आणि आकारांचे आणि आकारांचे आणि आकारांचे आणि आकारांचे आणि आकारांचे आणि आकारांचे आणि आकारांचे,10.449
1164,forward (fw),mr:,Marathi,qwen2.5-coder:7b,आगे जाणा (FW),1.554
1165,Plural,mr:,Marathi,qwen2.5-coder:7b,पुल्याच्या असणा,1.923
1166,Remove IPTC...,mr:,Marathi,qwen2.5-coder:7b,हटवा IPTC...,1.324
1167,of October,mr:,Marathi,qwen2.5-coder:7b,अक्टूबरच्या मध्ये,2.166
1168,Calibration,mr:,Marathi,qwen2.5-coder:7b,कलीब्रेशन,1.305
1169,Explain modes,mr:,Marathi,qwen2.5-coder:7b,मोड्यांना वर्णन करा,2.528
1170,Coin Collection,mr:,Marathi,qwen2.5-coder:7b,मुद्दे संग्रह,1.533
1171,Undefined Recipient Type,mr:,Marathi,qwen2.5-coder:7b,अज्ञानी रास्ता प्रकार,2.351
1172,Canceled,mr:,Marathi,qwen2.5-coder:7b,रद्दी केली,1.495
1173,& Use SSL,mr:,Marathi,qwen2.5-coder:7b,& अणि SSL वापरा,1.609
1174,Open the New Tab Page,mr:,Marathi,qwen2.5-coder:7b,नव्हा टॅब पेज खोला,2.366
1175,How to obtain & kget;,mr:,Marathi,qwen2.5-coder:7b,आणि कॅप्चर घेणे काय करते?,2.937
1176,arc seconds,mr:,Marathi,qwen2.5-coder:7b,अर्क विचारणे,1.69
1177,Double Line,mr:,Marathi,qwen2.5-coder:7b,दोन रिंग लाईन,1.758
1178,Subject line,mr:,Marathi,qwen2.5-coder:7b,विषय लाइन,1.602
1179,Middle:,mr:,Marathi,qwen2.5-coder:7b,मध्ये:,1.015
1180,Repeatable.,mr:,Marathi,qwen2.5-coder:7b,पुनरावर्तनीय.,1.767
1181,Show & year,mr:,Marathi,qwen2.5-coder:7b,दिखाओ & वर्ष,1.824
1182,(no function),mr:,Marathi,qwen2.5-coder:7b,(कोणतील फंक्शन नाही),2.495
1183,Delete Item,mr:,Marathi,qwen2.5-coder:7b,आपण आयोजनाची आहे.,2.215
1184,Samba domain name,mr:,Marathi,qwen2.5-coder:7b,संबा दोमेन नाव,1.984
1185,Icons view mode,mr:,Marathi,qwen2.5-coder:7b,आयोजनांना देखाव रूप,2.493
1186,Add as & Attachment,mr:,Marathi,qwen2.5-coder:7b,जालीपासून जोडून,2.356
1187,Air for netbooks,mr:,Marathi,qwen2.5-coder:7b,नेटबुक्साला वायु,2.131
1188,Print Density,mr:,Marathi,qwen2.5-coder:7b,प्रिंट आणि आवडीसी,2.045
1189,Forecast,mr:,Marathi,qwen2.5-coder:7b,प्रогнास्ट,1.206
1190,& Titlebar Actions,mr:,Marathi,qwen2.5-coder:7b,& शीर्षक अभियान्यांचे कार्यात्मक अवसर,4.01
1191,TimeTunnel,mr:,Marathi,qwen2.5-coder:7b,तारातारीख,1.439
1192,Kile Project Files,mr:,Marathi,qwen2.5-coder:7b,किले प्रोजेक्ट फाइल्स,2.318
1193,Delete Tracks,mr:,Marathi,qwen2.5-coder:7b,ट्रॅक्स अड्वारा काढणा,2.343
1194,Subject Field,mr:,Marathi,qwen2.5-coder:7b,विषय शेफ्ट,1.407
1195,Add Tracker,mr:,Marathi,qwen2.5-coder:7b,ट्रॅकर जोड्या,1.666
1196,Text Selection,mr:,Marathi,qwen2.5-coder:7b,पाठाचा चयन,1.434
1197,Minimum movement:,mr:,Marathi,qwen2.5-coder:7b,मिनिमल आवश्यकता:,2.162
1198,Battery:,mr:,Marathi,qwen2.5-coder:7b,पावरचालना:,1.416
1199,KDE Poker Game,mr:,Marathi,qwen2.5-coder:7b,कडे पोकर खेळ,1.634
1200,Network failure.,mr:,Marathi,qwen2.5-coder:7b,नेटवर्क अश्यावस्था.,2.377
1201,Key Pressed Interaction,mr:,Marathi,qwen2.5-coder:7b,कुंजी दाखवली आणि आणि आणि आणि आणि आणि आणि आणि आणि आणि आणि आणि आणि आणि आणि आणि आणि आणि आणि आणि आणि आण,10.206
1202,Process Query,mr:,Marathi,qwen2.5-coder:7b,प्रश्न प्रक्रिया करा,2.013
1203,Municipalities,mr:,Marathi,qwen2.5-coder:7b,महानगर्यांचे विभाजन,2.327
1204,Accepted EULA,mr:,Marathi,qwen2.5-coder:7b,असलेले एउएला,1.702
1205,Node Color:,mr:,Marathi,qwen2.5-coder:7b,नोड कार्यालयाचा रंग:,2.291
1206,Mounting,mr:,Marathi,qwen2.5-coder:7b,मोठण्या,1.168
1207,The file $HOME /. cvsignore.,mr:,Marathi,qwen2.5-coder:7b,फायल $HOME /. cvsignore.,1.757
1208,16 bits color depth,mr:,Marathi,qwen2.5-coder:7b,16 बिट रंग दृश्यता,2.526
1209,Segment,mr:,Marathi,qwen2.5-coder:7b,खंड,0.714
1210,GPG User ID (deprecated),mr:,Marathi,qwen2.5-coder:7b,गीप्जीजी यूजर आयडी (मार्गदर्शनीय),3.74
1211,Gradient:,mr:,Marathi,qwen2.5-coder:7b,ग्रेडियन:,1.245
1212,Mount Command,mr:,Marathi,qwen2.5-coder:7b,माउंट कमांड,1.431
1213,Transfer List,mr:,Marathi,qwen2.5-coder:7b,यांचे सूची,1.443
1214,Version Error,mr:,Marathi,qwen2.5-coder:7b,वर्षण गळ्या,1.674
1215,Text-to-Speech Manager,mr:,Marathi,qwen2.5-coder:7b,माहिती-वाक्य प्रशासकी,2.468
1216,Network settings,mr:,Marathi,qwen2.5-coder:7b,नेटवर्क सेटिंग्स,1.988
1217,Suspended,mr:,Marathi,qwen2.5-coder:7b,सुंदरणाली,1.6
1218,Previous Unread & Message,mr:,Marathi,qwen2.5-coder:7b,पिछला अनुभव आणि संदेश,2.585
1219,Watched,mr:,Marathi,qwen2.5-coder:7b,पाठवले,1.089
1220,"(c) 1997-2009, KDE PIM Developers",mr:,Marathi,qwen2.5-coder:7b,"(१९९७-२००९, क्डीजीई एसपीएम डेवलपर्स)",5.371
1221,Max size:,mr:,Marathi,qwen2.5-coder:7b,माहिती अधिकार:,1.939
1222,Resolution:,mr:,Marathi,qwen2.5-coder:7b,समावेशी:,1.199
1223,Grade:,mr:,Marathi,qwen2.5-coder:7b,ग्रेड:,0.883
1224,& Query message:,mr:,Marathi,qwen2.5-coder:7b,& प्रश्न संदेश:,1.599
1225,EXIF Actions,mr:,Marathi,qwen2.5-coder:7b,EXIF कार्यां,1.585
1226,Schedule,mr:,Marathi,qwen2.5-coder:7b,समयपासंख्या,1.493
1227,& Duration,mr:,Marathi,qwen2.5-coder:7b,& अवधी,1.035
1228,Subtitle PID:,mr:,Marathi,qwen2.5-coder:7b,उपशीर्षक पिड:,1.709
1229,Computer Player,mr:,Marathi,qwen2.5-coder:7b,"म्हणून या उत्तरात अनुवादाची शरूकी आहे:

म्हणून या उत्तरात अनुवादाची शरूकी आहे:

म्हणून या उत्तरात अ",10.401
1230,"Path to ""setkey"":",mr:,Marathi,qwen2.5-coder:7b,पथ लागू करण्यासाठी:,2.576
1231,Accuracy,mr:,Marathi,qwen2.5-coder:7b,आणि अनुमती देणे,1.939
1232,Counterclockwise,mr:,Marathi,qwen2.5-coder:7b,सामान्य दिशा काळीवर,2.356
1233,Identity Settings,mr:,Marathi,qwen2.5-coder:7b,आयोजन अस्तित्वाचे सेटिंग्स,2.977
1234,Does NOT Contain,mr:,Marathi,qwen2.5-coder:7b,नाहीत असे असते,1.959
1235,Choose Pixmap,mr:,Marathi,qwen2.5-coder:7b,चाँदपट चुना,1.529
1236,Expression base:,mr:,Marathi,qwen2.5-coder:7b,प्रकार आधार:,1.614
1237,Animation speed:,mr:,Marathi,qwen2.5-coder:7b,अनिमेशन गती:,1.781
1238,SAM System-Administration,mr:,Marathi,qwen2.5-coder:7b,सम वेबसाइट - प्रशासन,2.165
1239,& Delete Tag...,mr:,Marathi,qwen2.5-coder:7b,& टॅग अड्वेल्ट...,2.085
1240,rowLayout,mr:,Marathi,qwen2.5-coder:7b,रोव लेयआउट,1.436
1241,Instance,mr:,Marathi,qwen2.5-coder:7b,आवश्यकता,1.165
1242,Associations,mr:,Marathi,qwen2.5-coder:7b,संबंधांं,1.247
1243,Landscape,mr:,Marathi,qwen2.5-coder:7b,प्राभाविक,1.252
1244,Wins,mr:,Marathi,qwen2.5-coder:7b,प्राप्त जीते,1.449
1245,Recipe Name,mr:,Marathi,qwen2.5-coder:7b,नावाचे रसायण,1.608
1246,Tremolo Strings,mr:,Marathi,qwen2.5-coder:7b,त्रेमोलो श्वासांचे शब्दांचे शब्दांचे शब्दांचे शब्दांचे शब्दांचे शब्दांचे शब्दांचे शब्दांचे शब्दांचे श,10.314
1247,Abbreviations:,mr:,Marathi,qwen2.5-coder:7b,संक्षिप्तांतर:,2.072
1248,Membership options,mr:,Marathi,qwen2.5-coder:7b,सदस्यता विकल्पे,1.947
1249,Application & working folder,mr:,Marathi,qwen2.5-coder:7b,प्रयोगशाला आणि कार्यक्रम वंशाला,3.543
1250,& Serial Cable,mr:,Marathi,qwen2.5-coder:7b,& श्रृंखला चालून टाकणे,2.811
1251,Audio disc,mr:,Marathi,qwen2.5-coder:7b,आवडीया डिस्क,1.721
1252,& Monthly,mr:,Marathi,qwen2.5-coder:7b,& मासाचे,1.168
1253,Start Page,mr:,Marathi,qwen2.5-coder:7b,प्रारम्भ पृष्ठ,1.802
1254,Interface & name:,mr:,Marathi,qwen2.5-coder:7b,प्रतिबिंब & नाव:,1.963
1255,No media,mr:,Marathi,qwen2.5-coder:7b,नाहीत विस्तार,1.755
1256,True,mr:,Marathi,qwen2.5-coder:7b,प्रथम वापर्यात असणे याची शक्ती दिलेली जाते.,4.432
1257,Document Properties dialog,mr:,Marathi,qwen2.5-coder:7b,दस्तऐवजीकरण विशेषतांचे विवरण,3.551
1258,2D Graphs,mr:,Marathi,qwen2.5-coder:7b,2D ग्राफ्स,1.496
1259,Enable emoticons,mr:,Marathi,qwen2.5-coder:7b,मोहित अनुक्रमांना अनुकूल करा,3.299
1260,Keyboard Filters,mr:,Marathi,qwen2.5-coder:7b,कुंदली फिल्टर्स,1.911
1261,Structure View,mr:,Marathi,qwen2.5-coder:7b,संरचना दृश्य,1.785
1262,& Server name:,mr:,Marathi,qwen2.5-coder:7b,& सर्वराचे नाव:,1.833
1263,Table Data (wml),mr:,Marathi,qwen2.5-coder:7b,ताबलीचे डेटा (wml),2.235
1264,Change Admin,mr:,Marathi,qwen2.5-coder:7b,प्रशासकीय व्यवस्था परिवर्तन करा,3.133
1265,feet²,mr:,Marathi,qwen2.5-coder:7b,feet²,0.771
1266,of Mehr,mr:,Marathi,qwen2.5-coder:7b,महराजी,1.027
1267,Next: Tips,mr:,Marathi,qwen2.5-coder:7b,पर्याय: टिप्स,1.696
1268,Audio bit rate (kbit):,mr:,Marathi,qwen2.5-coder:7b,आवडी बिट रेट (क्बिट):,2.448
1269,Plasma ContainmentActions,mr:,Marathi,qwen2.5-coder:7b,प्लाजम विनाशात वापरलेला बदलांचे नाव,3.902
1270,Default group:,mr:,Marathi,qwen2.5-coder:7b,डिफॉल्ट ग्रुप:,1.816
1271,Nick Name,mr:,Marathi,qwen2.5-coder:7b,नावीचे नाव,1.421
1272,reconciled,mr:,Marathi,qwen2.5-coder:7b,संपदांना समावेशित केला,2.688
1273,Range error,mr:,Marathi,qwen2.5-coder:7b,परिसंधान त्रुटी,2.105
1274,Cylindrical,mr:,Marathi,qwen2.5-coder:7b,किलिंड्रिक,1.401
1275,Lens Distortion,mr:,Marathi,qwen2.5-coder:7b,प्रतिबंध विस्तार,1.988
1276,Encoder Configuration,mr:,Marathi,qwen2.5-coder:7b,एनकोडर व्यवस्था,2.003
1277,20th Last,mr:,Marathi,qwen2.5-coder:7b,20व्या पुढील,1.635
1278,Expense details,mr:,Marathi,qwen2.5-coder:7b,खर्च विवरण,1.488
1279,Database driver:,mr:,Marathi,qwen2.5-coder:7b,डेटाबेस ड्राइवर:,1.996
1280,Flood color,mr:,Marathi,qwen2.5-coder:7b,फूल रंग,1.225
1281,Focal point:,mr:,Marathi,qwen2.5-coder:7b,प्रसिद्ध बिंदू:,1.863
1282,Max. Aspect,mr:,Marathi,qwen2.5-coder:7b,माहिती असलेले असे असे असे असे असे असे असे असे असे असे असे असे असे असे असे असे असे असे असे असे असे अस,10.398
1283,Insertion,mr:,Marathi,qwen2.5-coder:7b,प्रवेश,1.177
1284,CVS Watch Remove,mr:,Marathi,qwen2.5-coder:7b,CVS Watch Remove,1.126
1285,& Enable alarm,mr:,Marathi,qwen2.5-coder:7b,& अलाम्याची अक्षात करणा,2.559
1286,SMB shared printer (Windows;),mr:,Marathi,qwen2.5-coder:7b,संदेशाचा शेडर (विंडोज;),2.907
1287,Group file:,mr:,Marathi,qwen2.5-coder:7b,ग्रुप फाइल:,1.489
1288,Find Minimum Point,mr:,Marathi,qwen2.5-coder:7b,नाराजा बिंदू खोजा,2.488
1289,GLX extensions,mr:,Marathi,qwen2.5-coder:7b,GLX अवगतीं,1.422
1290,Image List,mr:,Marathi,qwen2.5-coder:7b,चित्र सूची,1.369
1291,angularAccelerationVariance,mr:,Marathi,qwen2.5-coder:7b,वृत्ताकार विस्थापन विचारणा,3.425
1292,Transport stream ID:,mr:,Marathi,qwen2.5-coder:7b,प्रसार श्रृंखला ID:,2.216
1293,Transferring time:,mr:,Marathi,qwen2.5-coder:7b,समय अपलायचे:,1.767
1294,Writeable,mr:,Marathi,qwen2.5-coder:7b,पुरवक्षीय,1.348
1295,Europe,mr:,Marathi,qwen2.5-coder:7b,यूरोप,1.016
1296,Source files:,mr:,Marathi,qwen2.5-coder:7b,स्रोत फाइले:,1.559
1297,Active:,mr:,Marathi,qwen2.5-coder:7b,सक्रिय:,1.1
1298,Sentences,mr:,Marathi,qwen2.5-coder:7b,वाक्यांसाठी,1.58
1299,Outline:,mr:,Marathi,qwen2.5-coder:7b,परिमार्यजना:,1.573
1300,Reference,mr:,Marathi,qwen2.5-coder:7b,संदर्भ,0.971
1301,System Cleaner,mr:,Marathi,qwen2.5-coder:7b,सिस्टम सफाईकर्ता,1.902
1302,& Output,mr:,Marathi,qwen2.5-coder:7b,& आउटपुट,1.259
1303,Keyboard & model:,mr:,Marathi,qwen2.5-coder:7b,कुंजीपटक आणि मॉडल:,2.433
1304,Formatting Options,mr:,Marathi,qwen2.5-coder:7b,प्रसारण विकल्पे,1.783
1305,Young's modulus:,mr:,Marathi,qwen2.5-coder:7b,यंगचे मोडसुलस:,1.713
1306,Signal processing controller,mr:,Marathi,qwen2.5-coder:7b,साइगनल प्रोसेसिंग कंट्रोलर,2.645
1307,Group List,mr:,Marathi,qwen2.5-coder:7b,ग्रुप यादी,1.388
1308,Show cover,mr:,Marathi,qwen2.5-coder:7b,प्रतिलोक दिखावा,1.861
1309,deactivated,mr:,Marathi,qwen2.5-coder:7b,डिसॅकटिवेटेड,1.891
1310,& Underline links,mr:,Marathi,qwen2.5-coder:7b,& लिंक्यांना अंतर्गत करा,2.845
1311,Skipped:,mr:,Marathi,qwen2.5-coder:7b,पुरावलेले:,1.578
1312,light group,mr:,Marathi,qwen2.5-coder:7b,लाइट ग्रुप,1.523
1313,Sublocation:,mr:,Marathi,qwen2.5-coder:7b,उपस्थितीय जग्गाचे नाव:,2.708
1314,gold,mr:,Marathi,qwen2.5-coder:7b,जॉल्ड,1.055
1315,& Keyboard Layouts,mr:,Marathi,qwen2.5-coder:7b,& क्याबोर्ड आणि लेखन आवर्तने,3.256
1316,Line Extensions,mr:,Marathi,qwen2.5-coder:7b,पंक्ती विस्तार,1.883
1317,How to obtain and install & ktouch;,mr:,Marathi,qwen2.5-coder:7b,कैसे आणि इंसॉल कॅन गेले &ktouch;,3.587
1318,Key management,mr:,Marathi,qwen2.5-coder:7b,कुंजी प्रबंधन,1.596
1319,Preselection:,mr:,Marathi,qwen2.5-coder:7b,प्रसिद्धान्तिकरण:,2.072
1320,Pattern Size,mr:,Marathi,qwen2.5-coder:7b,पॅटरन आकार,1.506
1321,%1 does not exist,mr:,Marathi,qwen2.5-coder:7b,%1 असून आहे,1.821
1322,channel,mr:,Marathi,qwen2.5-coder:7b,चौंसी,1.076
1323,Every time,mr:,Marathi,qwen2.5-coder:7b,प्रत्येक समय,1.399
1324,Gop size:,mr:,Marathi,qwen2.5-coder:7b,गोप आकार:,1.365
1325,Privacy Settings,mr:,Marathi,qwen2.5-coder:7b,नियामिती सेटिंग्स,1.976
1326,Interval check time:,mr:,Marathi,qwen2.5-coder:7b,अंतराल जांच समय:,1.908
1327,m{w} Alignment,mr:,Marathi,qwen2.5-coder:7b,m{w} संरचना,1.695
1328,Entities,mr:,Marathi,qwen2.5-coder:7b,एंटिटीजे,1.18
1329,Operations,mr:,Marathi,qwen2.5-coder:7b,आयोजने,1.035
1330,Border Bottom,mr:,Marathi,qwen2.5-coder:7b,नीचे भाग,1.238
1331,File Previews,mr:,Marathi,qwen2.5-coder:7b,फाइल प्रभावीतींदरीं,2.109
1332,QMake Builder,mr:,Marathi,qwen2.5-coder:7b,QMake बिल्डर,1.363
1333,Locate in KMail,mr:,Marathi,qwen2.5-coder:7b,खालीलप्रमाणे खोजा: KMail,2.35
1334,Playlist Name,mr:,Marathi,qwen2.5-coder:7b,प्लेलिस्ट नाव,1.761
1335,0 unsent,mr:,Marathi,qwen2.5-coder:7b,0 असेले नाहीं,1.821
1336,Squares,mr:,Marathi,qwen2.5-coder:7b,स्क्वायर्स,1.461
1337,Debugger Frontend,mr:,Marathi,qwen2.5-coder:7b,डेबगर फ्रंट एंड,1.896
1338,Cookies Disabled,mr:,Marathi,qwen2.5-coder:7b,कूकी अक्षम आहे,1.932
1339,& Network name:,mr:,Marathi,qwen2.5-coder:7b,&नेटवर्क नाव:,1.748
1340,Left Arrow,mr:,Marathi,qwen2.5-coder:7b,चालवणे वाढवणे,1.771
1341,Close Document,mr:,Marathi,qwen2.5-coder:7b,दस्तऐवज खालील करा,2.079
1342,Query name,mr:,Marathi,qwen2.5-coder:7b,प्रश्नाचे नाव,1.692
1343,Remove Document,mr:,Marathi,qwen2.5-coder:7b,दस्तऐवज़ानाची घटना ठेवणे,3.182
1344,new_operation,mr:,Marathi,qwen2.5-coder:7b,नवीन अनुभव,1.516
1345,Rotate Layer,mr:,Marathi,qwen2.5-coder:7b,तेर्याचे वर्तन करणे,2.272
1346,Project manager,mr:,Marathi,qwen2.5-coder:7b,परियोजना प्रबंधक,1.78
1347,Coloring Tint:,mr:,Marathi,qwen2.5-coder:7b,रंगावणे तांत्रिक:,2.234
1348,Optional:,mr:,Marathi,qwen2.5-coder:7b,पर्यायी:,1.196
1349,Writing mode,mr:,Marathi,qwen2.5-coder:7b,प्रकार लिखणे,1.482
1350,Copy offset:,mr:,Marathi,qwen2.5-coder:7b,सामान्य शेवट:,1.816
1351,Thumbnail,mr:,Marathi,qwen2.5-coder:7b,थूम्बनाव,1.333
1352,TIFF Files,mr:,Marathi,qwen2.5-coder:7b,TIFF फाइले,1.29
1353,Dispersion:,mr:,Marathi,qwen2.5-coder:7b,विस्तार:,1.269
1354,Current Year,mr:,Marathi,qwen2.5-coder:7b,आधीच्या वर्षाचा नाव,2.372
1355,Player 2 name,mr:,Marathi,qwen2.5-coder:7b,प्लेयर 2चे नाव,1.943
1356,Border Color:,mr:,Marathi,qwen2.5-coder:7b,परिसर रंग:,1.555
1357,Icon chooser dialog,mr:,Marathi,qwen2.5-coder:7b,आयोजन चुनाव विज्ञान,2.426
1358,Start Color:,mr:,Marathi,qwen2.5-coder:7b,शीर्षक शुरू करा:,2.091
1359,KStep preview,mr:,Marathi,qwen2.5-coder:7b,कस्टेप प्रभावीकरण,2.006
1360,To Tallest,mr:,Marathi,qwen2.5-coder:7b,सर्वात उंच्या,2.012
1361,Equation Solver,mr:,Marathi,qwen2.5-coder:7b,समीकरण सोल्वर,1.71
1362,Keyboard LEDs,mr:,Marathi,qwen2.5-coder:7b,कुंदली लांबाई,1.745
1363,Operating System,mr:,Marathi,qwen2.5-coder:7b,चालणाची प्रणाली,1.768
1364,Database driver,mr:,Marathi,qwen2.5-coder:7b,डेटाबेस ड्राइवर,1.898
1365,Feed added,mr:,Marathi,qwen2.5-coder:7b,फ्रीड जोडले गेले,1.878
1366,Installed size: %1,mr:,Marathi,qwen2.5-coder:7b,स्थापना की आकार: %1,2.382
1367,File List,mr:,Marathi,qwen2.5-coder:7b,फाइल लिस्ट,1.514
1368,& View Logs,mr:,Marathi,qwen2.5-coder:7b,& लॉग देखणा,1.651
1369,environment ',mr:,Marathi,qwen2.5-coder:7b,मानव वास्तवतः,2.009
1370,User Time,mr:,Marathi,qwen2.5-coder:7b,योजक समय,1.132
1371,Frame & Width:,mr:,Marathi,qwen2.5-coder:7b,फ्रेम आणि चौंद:,1.991
1372,Cover Manager,mr:,Marathi,qwen2.5-coder:7b,मिळालेल्या आवश्यकतांचा प्रबंधक,3.255
1373,Search Files With Kat,mr:,Marathi,qwen2.5-coder:7b,कॅट वारी फाइल्स शोधा,2.85
1374,Song Properties,mr:,Marathi,qwen2.5-coder:7b,पाठ्यक्रमाचे प्रौत्थमिक प्रौत्थमिक प्रौत्थमिक प्रौत्थमिक प्रौत्थमिक प्रौत्थमिक प्रौत्थमिक प्रौत्थमिक प्रौत्थम,10.469
1375,Delete tag,mr:,Marathi,qwen2.5-coder:7b,टॅग अड्वकारण करणे,2.211
1376,Six,mr:,Marathi,qwen2.5-coder:7b,छहा,0.727
1377,MediumAquamarine,mr:,Marathi,qwen2.5-coder:7b,मध्यम अक्वामराइन,2.142
1378,Atomic Radius,mr:,Marathi,qwen2.5-coder:7b,आण्याचे आणि आणि आणि आणि आणि आणि आणि आणि आणि आणि आणि आणि आणि आणि आणि आणि आणि आणि आणि आणि आणि आणि आणि,10.477
1379,Verify failure,mr:,Marathi,qwen2.5-coder:7b,प्रमाण असल्याची असणारी विफलता,3.454
1380,Quick Post,mr:,Marathi,qwen2.5-coder:7b,त्याचा वेळी जोडणे,2.351
1381,End Activity,mr:,Marathi,qwen2.5-coder:7b,संस्क्रिती समाप्त करा,2.514
1382,Mount command,mr:,Marathi,qwen2.5-coder:7b,माउंट कमांड,1.471
1383,Location filter:,mr:,Marathi,qwen2.5-coder:7b,स्थानाचा फिल्टर:,2.069
1384,New profile wizard racoon,mr:,Marathi,qwen2.5-coder:7b,नव्हा प्रोफाइल विज्जाइडर राकून,3.517
1385,& Group Password:,mr:,Marathi,qwen2.5-coder:7b,& ग्रुप पासवर्ड:,1.937
1386,Page one,mr:,Marathi,qwen2.5-coder:7b,पृथ्वी 1,1.394
1387,IP Settings,mr:,Marathi,qwen2.5-coder:7b,आयरपेड सेटिंग्स,1.881
1388,Spanish (Panama),mr:,Marathi,qwen2.5-coder:7b,स्पेनिश (पानामा),2.078
1389,New & To-do...,mr:,Marathi,qwen2.5-coder:7b,नवीन & कार्यक्रम...,1.952
1390,Label,mr:,Marathi,qwen2.5-coder:7b,लेबल,0.827
1391,Major radius (z),mr:,Marathi,qwen2.5-coder:7b,मुख्य त्रिज्या (z),2.179
1392,LDAP suffix:,mr:,Marathi,qwen2.5-coder:7b,LDAP शिक्षण:,1.452
1393,IMREAL(string),mr:,Marathi,qwen2.5-coder:7b,IMREAL(%s),0.979
1394,Merged,mr:,Marathi,qwen2.5-coder:7b,मिळवले,1.034
1395,libxz plugin for Kerfuffle,mr:,Marathi,qwen2.5-coder:7b,खरफुल्ले लाब्स यांची एक उपलब्धी: लिबएक्स्ज़ यांची योग्यता,6.11
1396,Board Game Collection,mr:,Marathi,qwen2.5-coder:7b,मोठ्या खेळाचे संग्रह,2.185
1397,Move Right,mr:,Marathi,qwen2.5-coder:7b,दाखला करण्यात जाणा,2.183
1398,Authentication method,mr:,Marathi,qwen2.5-coder:7b,प्रमाणप्रदान विधी,1.995
1399,Telephonebook Search Provider,mr:,Marathi,qwen2.5-coder:7b,तेलीफोन बुक शोध प्रदाता,2.497
1400,Host authentication:,mr:,Marathi,qwen2.5-coder:7b,होस्ट अनुमती दाखवणे:,2.346
1401,Trust,mr:,Marathi,qwen2.5-coder:7b,मान्यता,1.121
1402,lightyears,mr:,Marathi,qwen2.5-coder:7b,युनायटेड रिपोर्ट्स,2.284
1403,disabled,mr:,Marathi,qwen2.5-coder:7b,अक्षम,0.951
1404,Marker Lines,mr:,Marathi,qwen2.5-coder:7b,मार्कर लाईन्स,1.76
1405,Searching for %1...,mr:,Marathi,qwen2.5-coder:7b,खोज झाली %1...,1.722
1406,Keyboard Colors,mr:,Marathi,qwen2.5-coder:7b,कुब्जाचे रंगे,1.699
1407,"Operating system related: chdir, shell, tty",mr:,Marathi,qwen2.5-coder:7b,"चालणाचे संबंधित: chdir, shell, tty",2.758
1408,(8) Sys. Administration,mr:,Marathi,qwen2.5-coder:7b,(८) सिस्टम अनुशासन,2.305
1409,Sound file,mr:,Marathi,qwen2.5-coder:7b,ध्वनी फाइल,1.503
1410,Attachment Title,mr:,Marathi,qwen2.5-coder:7b,परिवादाचे शीर्षक,2.052
1411,Min distance,mr:,Marathi,qwen2.5-coder:7b,मिळती दूरी,1.6
1412,Equipment:,mr:,Marathi,qwen2.5-coder:7b,उपकरण:,1.023
1413,Line Chart,mr:,Marathi,qwen2.5-coder:7b,रेशी चार्ट,1.447
1414,Town:,mr:,Marathi,qwen2.5-coder:7b,गाव:,0.82
1415,& Previous Week,mr:,Marathi,qwen2.5-coder:7b,&पिछ्ला वीक,1.532
1416,Network Printer (socket),mr:,Marathi,qwen2.5-coder:7b,नेटवर्क प्रिंटर (सोकेट),2.441
1417,Preview opacity:,mr:,Marathi,qwen2.5-coder:7b,पूर्वीकृत अवशेष:,2.169
1418,Close Project,mr:,Marathi,qwen2.5-coder:7b,परियोजना बंद करा,1.889
1419,log files,mr:,Marathi,qwen2.5-coder:7b,लॉग फाइल्स,1.497
1420,Client NTLMv2 authentication,mr:,Marathi,qwen2.5-coder:7b,कायदा NTLMv2 साठी अनुमती देणे,3.162
1421,Ink Depletion Curve,mr:,Marathi,qwen2.5-coder:7b,खाली अंशाचे वक्र,2.257
1422,ICal Calendar File,mr:,Marathi,qwen2.5-coder:7b,आणि चालणाचे फाइल,2.137
1423,body part,mr:,Marathi,qwen2.5-coder:7b,शरीराचा भाग,1.596
1424,Cover Image,mr:,Marathi,qwen2.5-coder:7b,चित्रपट्या चित्राचा विस्तार,2.975
1425,Image Settings,mr:,Marathi,qwen2.5-coder:7b,चित्र सेटिंग्स,1.659
1426,Halftone,mr:,Marathi,qwen2.5-coder:7b,हल्फटन,1.067
1427,View with & Firefox,mr:,Marathi,qwen2.5-coder:7b,Firefox मध्ये देखा,1.78
1428,Disc Type,mr:,Marathi,qwen2.5-coder:7b,डिस्क रक्षा,1.567
1429,Radar Chart,mr:,Marathi,qwen2.5-coder:7b,राडार चार्ट,1.605
1430,Shaded,mr:,Marathi,qwen2.5-coder:7b,शेडेड,0.94
1431,Dessert,mr:,Marathi,qwen2.5-coder:7b,डिस्यर्ट,1.261
1432,Player%1,mr:,Marathi,qwen2.5-coder:7b,प्लेयर%1,1.239
1433,Personal:,mr:,Marathi,qwen2.5-coder:7b,प्रयोगकारी:,1.383
1434,PictureGrade,mr:,Marathi,qwen2.5-coder:7b,पिच्यार्ड,1.291
1435,Search playlists,mr:,Marathi,qwen2.5-coder:7b,प्लेलिस्ट शोधा,2.001
1436,& Examples,mr:,Marathi,qwen2.5-coder:7b,& उदाहरणे,1.4
1437,Group file,mr:,Marathi,qwen2.5-coder:7b,फाइल ग्रुप करणा,1.777
1438,& Low,mr:,Marathi,qwen2.5-coder:7b,& निम्न लागि,1.652
1439,Dominican Peso,mr:,Marathi,qwen2.5-coder:7b,डोमिनिकन पेसो,1.805
1440,Add peer:,mr:,Marathi,qwen2.5-coder:7b,प्रतिबंध जोड्या:,2.056
1441,Lookup vector,mr:,Marathi,qwen2.5-coder:7b,वेक्टर खोजणे,1.703
1442,of Bahman,mr:,Marathi,qwen2.5-coder:7b,of बहमन,1.267
1443,Locked,mr:,Marathi,qwen2.5-coder:7b,खुल्ला,0.998
1444,& Office:,mr:,Marathi,qwen2.5-coder:7b,& कार्यालय:,1.382
1445,Standard Preview,mr:,Marathi,qwen2.5-coder:7b,सामान्य पूर्वावलोकन,2.434
1446,KDE port,mr:,Marathi,qwen2.5-coder:7b,KDE पोर्ट,1.2
1447,Foreground:,mr:,Marathi,qwen2.5-coder:7b,प्रसिद्धान्त:,1.573
1448,Plot Appearance,mr:,Marathi,qwen2.5-coder:7b,प्लॉट आकार,1.479
1449,& Enabled,mr:,Marathi,qwen2.5-coder:7b,& सक्षम,1.016
1450,high,mr:,Marathi,qwen2.5-coder:7b,उच्च गुनता,1.451
1451,Maze,mr:,Marathi,qwen2.5-coder:7b,माजे,0.858
1452,Access,mr:,Marathi,qwen2.5-coder:7b,अनुकूल झाला,1.579
1453,Top-Right,mr:,Marathi,qwen2.5-coder:7b,उपरी-दाखला,1.435
1454,Hotkey,mr:,Marathi,qwen2.5-coder:7b,हॉटकी,1.036
1455,Top,mr:,Marathi,qwen2.5-coder:7b,पहिला,0.912
1456,Publisher:,mr:,Marathi,qwen2.5-coder:7b,प्रकाशक:,1.105
1457,Watch TV!,mr:,Marathi,qwen2.5-coder:7b,त्वाचा देखा!,1.688
1458,Medium Outline,mr:,Marathi,qwen2.5-coder:7b,मध्यम आंकडे,1.505
1459,Trust:,mr:,Marathi,qwen2.5-coder:7b,मान्यता:,1.18
1460,Snow Grains,mr:,Marathi,qwen2.5-coder:7b,सून ग्रेन्स,1.591
1461,Others,mr:,Marathi,qwen2.5-coder:7b,अन्यांसाठी,1.382
1462,DodgerBlue2,mr:,Marathi,qwen2.5-coder:7b,DodgerBlue2,0.891
1463,Serial Port #2 (Linux),mr:,Marathi,qwen2.5-coder:7b,श्रृंखला खंड #2 (लिनॅक्स),3.125
1464,Save As,mr:,Marathi,qwen2.5-coder:7b,साठी बनवा,1.565
1465,Debugging Output,mr:,Marathi,qwen2.5-coder:7b,डिग्बिंग आउटपुट,2.041
1466,Font Files,mr:,Marathi,qwen2.5-coder:7b,फॉन्ट फाइल्स,1.772
1467,Bitrate,mr:,Marathi,qwen2.5-coder:7b,बिटरेट,1.067
1468,View Background,mr:,Marathi,qwen2.5-coder:7b,पृथ्वीचे वापरणे,2.074
1469,Palette Name:,mr:,Marathi,qwen2.5-coder:7b,पेलेट नाव:,1.418
1470,Appearance Page,mr:,Marathi,qwen2.5-coder:7b,प्रतियोग तालिका,1.765
1471,Dump Certificate Error,mr:,Marathi,qwen2.5-coder:7b,मार्चेट गुंतुका गळ्याचे गळ्याचे गळ्याचे गळ्याचे गळ्याचे गळ्याचे गळ्याचे गळ्याचे गळ्याचे ग,10.146
1472,Particle size:,mr:,Marathi,qwen2.5-coder:7b,मानक आकार:,1.5
1473,& Word,mr:,Marathi,qwen2.5-coder:7b,& शब्द,1.037
1474,Reconciled,mr:,Marathi,qwen2.5-coder:7b,संपदा केली गेली,1.884
1475,to:,mr:,Marathi,qwen2.5-coder:7b,वर्षा:,1.16
1476,Top:,mr:,Marathi,qwen2.5-coder:7b,पहिला:,1.045
1477,OCR Image,mr:,Marathi,qwen2.5-coder:7b,OCR चित्र,1.041
1478,Kexi Open Database Connectivity Driver,mr:,Marathi,qwen2.5-coder:7b,केक्सी ऑपन डेटाबेस कनेक्टिविटी ड्राइवर,4.038
1479,Next,mr:,Marathi,qwen2.5-coder:7b,परिश्रम झाला,1.46
1480,Other Transfers,mr:,Marathi,qwen2.5-coder:7b,अन्य ट्रांफर्स,1.739
1481,Image Captions,mr:,Marathi,qwen2.5-coder:7b,चित्रांचे विवरण,1.918
1482,Maldivian Rufiyaa,mr:,Marathi,qwen2.5-coder:7b,मल्विडन रुफिया,2.067
1483,wait,mr:,Marathi,qwen2.5-coder:7b,प्रतीक्षा करणा,1.561
1484,Delete object,mr:,Marathi,qwen2.5-coder:7b,परिणामी वस्तू अड्डा करणा,2.711
1485,Enter a phone number:,mr:,Marathi,qwen2.5-coder:7b,फोन नंबर द्या:,1.86
1486,Dolphin Preferences,mr:,Marathi,qwen2.5-coder:7b,डोल्फिन अवलंबणे,2.033
1487,Last. Fm Events,mr:,Marathi,qwen2.5-coder:7b,पिछ्ले. एफएम इवेंट्स,2.611
1488,Blue multiplier,mr:,Marathi,qwen2.5-coder:7b,बूँद गुनक,1.5
1489,Beveled,mr:,Marathi,qwen2.5-coder:7b,प्रसिद्ध,1.319
1490,Distortion...,mr:,Marathi,qwen2.5-coder:7b,विस्तार...,1.377
1491,Mean:,mr:,Marathi,qwen2.5-coder:7b,माणा:,0.896
1492,Table Data,mr:,Marathi,qwen2.5-coder:7b,ताबलीचे माहिती,1.684
1493,%1 added,mr:,Marathi,qwen2.5-coder:7b,%1 जोडले,1.41
1494,Duplicate open,mr:,Marathi,qwen2.5-coder:7b,दुव्यांचे खोला,2.1
1495,Kings,mr:,Marathi,qwen2.5-coder:7b,राज्यांचे नावे,1.896
1496,PCI card,mr:,Marathi,qwen2.5-coder:7b,प्राथमिक चार्ड,1.751
1497,City:,mr:,Marathi,qwen2.5-coder:7b,शहर:,0.82
1498,Outlook2VCal main window,mr:,Marathi,qwen2.5-coder:7b,आउटलॉक2व्कॅल मुख्य विंडो,3.087
1499,Attendees,mr:,Marathi,qwen2.5-coder:7b,प्रतिभाविते,1.478
1500,The board,mr:,Marathi,qwen2.5-coder:7b,बर्ड,0.859
1501,File System Support,mr:,Marathi,qwen2.5-coder:7b,पत्ता प्रणाली समर्थन,2.09
1502,single DMA,mr:,Marathi,qwen2.5-coder:7b,एक DMA,0.954
1503,from %1,mr:,Marathi,qwen2.5-coder:7b,पण %1,0.935
1504,Blur,mr:,Marathi,qwen2.5-coder:7b,प्रसारणा,1.147
1505,Samba domain SID,mr:,Marathi,qwen2.5-coder:7b,संबा दोमेन एसआयडी,2.148
1506,Position Y:,mr:,Marathi,qwen2.5-coder:7b,पोजिशन या:,1.5
1507,Image Operations,mr:,Marathi,qwen2.5-coder:7b,चित्र ऑपरेशन्स,1.729
1508,& Ascending,mr:,Marathi,qwen2.5-coder:7b,& अवरोधी,1.236
1509,Website Validators,mr:,Marathi,qwen2.5-coder:7b,वेबसाइट वैधक्यांकड़े,2.564
1510,Entity & name:,mr:,Marathi,qwen2.5-coder:7b,सामान्य आणि नाव:,2.108
1511,Payout,mr:,Marathi,qwen2.5-coder:7b,पॅउट,1.07
1512,& Environment,mr:,Marathi,qwen2.5-coder:7b,& परिस्थिती,1.466
1513,untitled. step,mr:,Marathi,qwen2.5-coder:7b,नाव नाही. चरण,2.126
1514,Street,mr:,Marathi,qwen2.5-coder:7b,सड्या,0.93
1515,& Preview cmd:,mr:,Marathi,qwen2.5-coder:7b,&पूर्वानुभव कम्ड:,2.198
1516,Visit homepage...,mr:,Marathi,qwen2.5-coder:7b,हून होमपेज जाऊना...,2.365
1517,Woman Shape,mr:,Marathi,qwen2.5-coder:7b,महिला आकार,1.417
1518,Pop-up Notes,mr:,Marathi,qwen2.5-coder:7b,उठवण्याचे नोट्स,1.961
1519,developer (JavaScript),mr:,Marathi,qwen2.5-coder:7b,डेवलपर (जावास्क्रिप्ट),2.545
1520,Charcoal Drawing...,mr:,Marathi,qwen2.5-coder:7b,चार्चोल चित्रण...,2.053
1521,Trash Settings.,mr:,Marathi,qwen2.5-coder:7b,साठी असणारे सेटिंग्स.,2.536
1522,Is End,mr:,Marathi,qwen2.5-coder:7b,या काही अंत्याचे,1.99
1523,DCC Receive,mr:,Marathi,qwen2.5-coder:7b,डीसीसी रिच्वाइव करणे,2.295
1524,Hor. Policy,mr:,Marathi,qwen2.5-coder:7b,होर. नियम,1.32
1525,Ingredient,mr:,Marathi,qwen2.5-coder:7b,सामान्य,1.123
1526,Crosshair,mr:,Marathi,qwen2.5-coder:7b,क्रॉस हाइर,1.383
1527,Deletions,mr:,Marathi,qwen2.5-coder:7b,माहिती अपलायचे,1.918
1528,The Thesaurus Tab,mr:,Marathi,qwen2.5-coder:7b,संकोशक टॅब,1.86
1529,Toggle equalizer.,mr:,Marathi,qwen2.5-coder:7b,समानता असावा.,1.919
1530,Gold Mesh,mr:,Marathi,qwen2.5-coder:7b,जॉल्ड मिश्चा,1.601
1531,Current Frame,mr:,Marathi,qwen2.5-coder:7b,आणि वर्तमान फ्रेम,1.967
1532,Pan Flute,mr:,Marathi,qwen2.5-coder:7b,पन फ्लूट,1.355
1533,Filter out accounts,mr:,Marathi,qwen2.5-coder:7b,खाली खाली खाली खाली खाली खाली खाली खाली खाली खाली खाली खाली खाली खाली खाली खाली खाली खाली खाली खाली,10.248
1534,Painterly Color Mixer,mr:,Marathi,qwen2.5-coder:7b,पेन्टरली रंग मिशक्ती,2.427
1535,Master volume,mr:,Marathi,qwen2.5-coder:7b,मुख्य शैली,1.506
1536,"& kicker;, the & kde; Panel",mr:,Marathi,qwen2.5-coder:7b,"& किक्कर;, त्याचे & क्डी; पॅनल",3.227
1537,DCOP Call,mr:,Marathi,qwen2.5-coder:7b,डीसीओपी कॉल,1.59
1538,NT SMB support,mr:,Marathi,qwen2.5-coder:7b,NT SMB सहायता,1.248
1539,Bottom Center,mr:,Marathi,qwen2.5-coder:7b,निचे दक्षिणेकडे,1.943
1540,Memory Configuration,mr:,Marathi,qwen2.5-coder:7b,मेमोरी कॉन्फिगरेशन,2.319
1541,female,mr:,Marathi,qwen2.5-coder:7b,महिला,0.912
1542,& Shift; Right Arrow,mr:,Marathi,qwen2.5-coder:7b,& शेफ्ट; दाखला अंशाचे उत्तर,3.127
1543,Opening,mr:,Marathi,qwen2.5-coder:7b,खोलणे,0.934
1544,sky sphere declaration,mr:,Marathi,qwen2.5-coder:7b,स्वातंत्र्य घड्याचा घोषणा,2.921
1545,units,mr:,Marathi,qwen2.5-coder:7b,मात्राें,1.157
1546,High Gloss Film,mr:,Marathi,qwen2.5-coder:7b,उच्च गोश्याचा फिल्म,2.419
1547,Inserting Widget,mr:,Marathi,qwen2.5-coder:7b,विडेट आवश्यक करते आहे,2.5
1548,Main & Demo,mr:,Marathi,qwen2.5-coder:7b,मुख्य & डेमो,1.625
1549,Job Billing,mr:,Marathi,qwen2.5-coder:7b,जोब बिलिंग,1.677
1550,ImagePlugin_LocalContrast,mr:,Marathi,qwen2.5-coder:7b,प्रत्यक्ष अवस्थापन,2.518
1551,Bracketing to HDR,mr:,Marathi,qwen2.5-coder:7b,ब्रॅकेटिंग लागू करणे,2.782
1552,No tasks,mr:,Marathi,qwen2.5-coder:7b,कोणतील कार्यांचे नाहीत,2.611
1553,Use large file support,mr:,Marathi,qwen2.5-coder:7b,मोठ्या फाइलाची समर्थन वापरा,3.388
1554,System peripheral,mr:,Marathi,qwen2.5-coder:7b,प्रणाली परिपटी,1.685
1555,Colony shape,mr:,Marathi,qwen2.5-coder:7b,कोलनी कार्यालय,1.803
1556,Memory Speed,mr:,Marathi,qwen2.5-coder:7b,महत्त्वाची गती,1.901
1557,KMobileTools Device Manager,mr:,Marathi,qwen2.5-coder:7b,मोबाइलटूल्स डिवाइस मॅनेजर,3.189
1558,Usenet Newsgroups (NNTP),mr:,Marathi,qwen2.5-coder:7b,उसनेट न्यूज़ग्रुप्स (न्यूटप),3.622
1559,& Description:,mr:,Marathi,qwen2.5-coder:7b,& विवरण:,1.295
1560,Black,mr:,Marathi,qwen2.5-coder:7b,काला,0.857
1561,Assigned Tags,mr:,Marathi,qwen2.5-coder:7b,प्रतिश्रुत टॅग्स,1.913
1562,New Zealand dollar,mr:,Marathi,qwen2.5-coder:7b,न्यू जीलैंड डॉलर,2.423
1563,Pencil color:,mr:,Marathi,qwen2.5-coder:7b,पेनला रंग:,1.482
1564,Activate time,mr:,Marathi,qwen2.5-coder:7b,समय सक्षम करणे,1.571
1565,Photos Data Engine,mr:,Marathi,qwen2.5-coder:7b,फोटोजी डेटा इंजिन,2.111
1566,Good,mr:,Marathi,qwen2.5-coder:7b,गुनते,0.933
1567,Image Effects...,mr:,Marathi,qwen2.5-coder:7b,प्रतिबिंब आणि फेॅक्ट्स...,2.865
1568,KSpread Spreadsheet,mr:,Marathi,qwen2.5-coder:7b,क्षेत्रफल गणना,1.823
1569,TeX Group,mr:,Marathi,qwen2.5-coder:7b,TeX ग्रुप,1.062
1570,From File...,mr:,Marathi,qwen2.5-coder:7b,फाइलातून...,1.432
1571,Line width:,mr:,Marathi,qwen2.5-coder:7b,तालखाडीचे आकार:,1.891
1572,Package collections,mr:,Marathi,qwen2.5-coder:7b,पॅकेज संग्रहांसाठी,2.189
1573,Transfer Details,mr:,Marathi,qwen2.5-coder:7b,प्रसार यादींदारी,1.997
1574,Main Settings,mr:,Marathi,qwen2.5-coder:7b,मुख्य सेटिंग्स,1.79
1575,Unknown Context,mr:,Marathi,qwen2.5-coder:7b,अज्ञानी संदेश,1.709
1576,Icelandic,mr:,Marathi,qwen2.5-coder:7b,आयोजनीय,1.183
1577,User-Defined Tags,mr:,Marathi,qwen2.5-coder:7b,उपयोगकर्ता-निर्धारित टॅग्स,3.288
1578,Kate Session Launcher,mr:,Marathi,qwen2.5-coder:7b,केट सेशन लॉनचर,1.934
1579,Valid to:,mr:,Marathi,qwen2.5-coder:7b,वैध आहे:,1.374
1580,Getting Started,mr:,Marathi,qwen2.5-coder:7b,शुरूआत करण्यासाठी,2.078
1581,European Foolscap,mr:,Marathi,qwen2.5-coder:7b,यूरोपीय फूल्सकाप,2.315
1582,Before,mr:,Marathi,qwen2.5-coder:7b,पहिले,0.913
1583,Do Not Disturb,mr:,Marathi,qwen2.5-coder:7b,दुखावा न करा,1.747
1584,Document View,mr:,Marathi,qwen2.5-coder:7b,दस्तऐवज दृष्टिकोण,2.204
1585,Disk Full,mr:,Marathi,qwen2.5-coder:7b,डिस्क खाली आहे,1.947
1586,Fire,mr:,Marathi,qwen2.5-coder:7b,आग,0.62
1587,more,mr:,Marathi,qwen2.5-coder:7b,थेच्या,0.964
1588,%1 points: Bonus,mr:,Marathi,qwen2.5-coder:7b,%1 मार्क्स: बुन्यादी,2.382
1589,Player & 1,mr:,Marathi,qwen2.5-coder:7b,प्लेयर & 1,1.67
1590,DateTime Functions,mr:,Marathi,qwen2.5-coder:7b,दिवसाचे वेळी फंक्शन्स,2.756
1591,Display Properties,mr:,Marathi,qwen2.5-coder:7b,प्रौत्थमिक प्रौत्थमिक प्रौत्थमिक प्रौत्थमिक प्रौत्थमिक प्रौत्थमिक प्रौत्थमिक प्रौत्थमिक प्रौत्थमिक प्रौत्थमिक,10.445
1592,Signature file,mr:,Marathi,qwen2.5-coder:7b,सांस्कृतिक फाइल,2.068
1593,Game Rules,mr:,Marathi,qwen2.5-coder:7b,खेळाचे नियमे,1.681
1594,Drag time (1/ 10 sec):,mr:,Marathi,qwen2.5-coder:7b,समय घेणे (1/10 सेकंड):,2.891
1595,Bitrate: %1 Mbit/ s,mr:,Marathi,qwen2.5-coder:7b,विट्रेट: %1 मिबिट/सेकंड,2.748
1596,Remote network,mr:,Marathi,qwen2.5-coder:7b,रोमेट नेटवर्क,1.745
1597,& LDAP Requests,mr:,Marathi,qwen2.5-coder:7b,& लॅडप अनुप्रयोग,2.115
1598,Light Table,mr:,Marathi,qwen2.5-coder:7b,चांदपट्टी,1.38
1599,Set Point 2,mr:,Marathi,qwen2.5-coder:7b,पून्हा अंकित करणे,2.122
1600,Instructions,mr:,Marathi,qwen2.5-coder:7b,दिशांदर्शन,1.558
1601,Pass through,mr:,Marathi,qwen2.5-coder:7b,पास गेला,1.191
1602,Cubic,mr:,Marathi,qwen2.5-coder:7b,क्यूबिक,1.189
1603,Newsgroup,mr:,Marathi,qwen2.5-coder:7b,न्यायालय,1.305
1604,File Transfers,mr:,Marathi,qwen2.5-coder:7b,फाईल ट्रांफर्स,1.832
1605,Developer (2005-2006),mr:,Marathi,qwen2.5-coder:7b,डेवलपर (2005-2006),2.595
1606,Port number:,mr:,Marathi,qwen2.5-coder:7b,पोर्ट नंबर:,1.599
1607,Start a shell,mr:,Marathi,qwen2.5-coder:7b,शेल शुरू करा,1.689
1608,Attraction,mr:,Marathi,qwen2.5-coder:7b,त्याचे विविधता,1.774
1609,Spiral Shape,mr:,Marathi,qwen2.5-coder:7b,शिप्रला आकार,1.63
1610,Remove feeds,mr:,Marathi,qwen2.5-coder:7b,फ्रीड्स घटाणा,1.676
1611,Cut Sheet Bin 2,mr:,Marathi,qwen2.5-coder:7b,चालू बाजार 2,1.779
1612,Template:,mr:,Marathi,qwen2.5-coder:7b,मोठी:,0.886
1613,Brazil/ West,mr:,Marathi,qwen2.5-coder:7b,ब्राजिल/पश्चिम,1.722
1614,Default (XFree 4),mr:,Marathi,qwen2.5-coder:7b,डिफॉल्ट (एक्सफ्री 4),2.403
1615,Size,mr:,Marathi,qwen2.5-coder:7b,आकार,0.824
1616,Order,mr:,Marathi,qwen2.5-coder:7b,आदेश,0.848
1617,Expiration,mr:,Marathi,qwen2.5-coder:7b,पुंजाबी असण्यासाठी,2.235
1618,Previous window,mr:,Marathi,qwen2.5-coder:7b,पिछीला जने,1.397
1619,Information Functions,mr:,Marathi,qwen2.5-coder:7b,सांख्यिकी फंक्शन्स,2.329
1620,Open File,mr:,Marathi,qwen2.5-coder:7b,फाइल खोला,1.356
1621,Label color:,mr:,Marathi,qwen2.5-coder:7b,लेबल कार्यालय:,1.812
1622,Updates,mr:,Marathi,qwen2.5-coder:7b,अपडेट्स,1.131
1623,Average bitrate,mr:,Marathi,qwen2.5-coder:7b,माध्यमान बायटरेट,2.054
1624,overline,mr:,Marathi,qwen2.5-coder:7b,उपरांचा लांबा,1.807
1625,Property Editor,mr:,Marathi,qwen2.5-coder:7b,प्रॉप्स एडिटर,1.77
1626,Marking color,mr:,Marathi,qwen2.5-coder:7b,मार्किंग रंग,1.738
1627,KDE Theme Manager,mr:,Marathi,qwen2.5-coder:7b,क्डी थीम मॅनेजर,2.017
1628,line,mr:,Marathi,qwen2.5-coder:7b,रिंग,0.848
1629,& Operating Systems,mr:,Marathi,qwen2.5-coder:7b,& ऑपरेटिंग सिस्टम्स,2.343
1630,Tile size:,mr:,Marathi,qwen2.5-coder:7b,तालखातीचे आकार:,2.031
1631,"Letter, Color",mr:,Marathi,qwen2.5-coder:7b,"पत्र, रंग",1.309
1632,Deactivate Script,mr:,Marathi,qwen2.5-coder:7b,स्क्रिप्ट अक्षम करा,2.442
1633,"5 for & RedHat; 3. x and later, and for & Mandrake;",mr:,Marathi,qwen2.5-coder:7b,"5 लागि & रेडहॅट; 3. एक्स आणि आणि लागि, आणि & मंड्रेक;",6.169
1634,Flip,mr:,Marathi,qwen2.5-coder:7b,"फिलप्याचे उदाहरण: ""फिलप्याचे उदाहरण",3.8
1635,Time:,mr:,Marathi,qwen2.5-coder:7b,समय:,0.807
1636,Activity Diagram,mr:,Marathi,qwen2.5-coder:7b,आक्रमण चित्र,1.399
1637,Winbind cache time:,mr:,Marathi,qwen2.5-coder:7b,विंबिंड कॅश समय:,2.003
1638,chained DMA,mr:,Marathi,qwen2.5-coder:7b,चेन्याचा DMA,1.418
1639,Local scope keywords:,mr:,Marathi,qwen2.5-coder:7b,स्थानीय स्कोप कीवर्णनांचे शब्दां:,3.71
1640,graph,mr:,Marathi,qwen2.5-coder:7b,ग्राफ,0.846
1641,Day Duration,mr:,Marathi,qwen2.5-coder:7b,दिवसाचे समय,1.422
1642,Waiting,mr:,Marathi,qwen2.5-coder:7b,प्रतीक्रिया अपलेली नाहीं,2.492
1643,tracklist,mr:,Marathi,qwen2.5-coder:7b,ट्रॅक लिस्ट,1.574
1644,Alt vs. Time,mr:,Marathi,qwen2.5-coder:7b,अल्ट व वेळ,1.515
1645,"\t""Output file """,mr:,Marathi,qwen2.5-coder:7b,"\t""फाइल आउटपुट ",2.034
1646,& Group,mr:,Marathi,qwen2.5-coder:7b,& ग्रुप,1.077
1647,Colour Intensity,mr:,Marathi,qwen2.5-coder:7b,कार्यात्मक शक्ती,2.023
1648,One-sided,mr:,Marathi,qwen2.5-coder:7b,एकदिशीय,1.098
1649,Write,mr:,Marathi,qwen2.5-coder:7b,पाठवा,0.903
1650,/ join #channel,mr:,Marathi,qwen2.5-coder:7b,/ जोड नंवर #चॅनल,2.179
1651,Log process & identifier,mr:,Marathi,qwen2.5-coder:7b,लॉग प्रक्रिया आणि पहिला अंक,2.995
1652,Young,mr:,Marathi,qwen2.5-coder:7b,यांचा,0.956
1653,Logitech Support,mr:,Marathi,qwen2.5-coder:7b,लोजिटच सपोर्ट,1.738
1654,Star Density:,mr:,Marathi,qwen2.5-coder:7b,स्टार आवशेषीकरण:,2.075
1655,Actions Options,mr:,Marathi,qwen2.5-coder:7b,कार्यात्मक विकल्पे,2.255
1656,Decrease Gamma,mr:,Marathi,qwen2.5-coder:7b,गम्मा कमी करा,1.717
1657,Intercept,mr:,Marathi,qwen2.5-coder:7b,प्रतिबंध करणे,1.529
1658,User Defined,mr:,Marathi,qwen2.5-coder:7b,योग्य वापरकर्ता,1.967
1659,Landscape (90°),mr:,Marathi,qwen2.5-coder:7b,प्रदेश (90°),1.608
1660,& Incoming,mr:,Marathi,qwen2.5-coder:7b,&प्रवेशीय,1.229
1661,Meta-Information,mr:,Marathi,qwen2.5-coder:7b,मिळालेली माहिती,1.889
1662,Purchase Date,mr:,Marathi,qwen2.5-coder:7b,खरेदी तारीख,1.594
1663,Skip 10 Forward,mr:,Marathi,qwen2.5-coder:7b,पुढील 10 चाला,1.883
1664,-u user,mr:,Marathi,qwen2.5-coder:7b,- युजर,1.121
1665,Output Format,mr:,Marathi,qwen2.5-coder:7b,आउटपुट फॅमॅट,1.899
1666,annotation,mr:,Marathi,qwen2.5-coder:7b,अनोटेशन,1.105
1667,NT domain name:,mr:,Marathi,qwen2.5-coder:7b,नेटवर्क डोमेन नाव:,2.18
1668,large,mr:,Marathi,qwen2.5-coder:7b,मोठा,0.814
1669,NetBIOS scope:,mr:,Marathi,qwen2.5-coder:7b,नेटबीओस स्कोप:,1.744
1670,Python data engine,mr:,Marathi,qwen2.5-coder:7b,पायथन डेटा इंजन,1.971
1671,EXIF Information,mr:,Marathi,qwen2.5-coder:7b,EXIF माहिती,1.548
1672,Round Corners Filter,mr:,Marathi,qwen2.5-coder:7b,चांदी फिल्टर,1.932
1673,6 MB or more,mr:,Marathi,qwen2.5-coder:7b,6 मिलिबायट आणि अधिक,2.386
1674,Rules,mr:,Marathi,qwen2.5-coder:7b,राज्यांसाठी,1.529
1675,1st Course,mr:,Marathi,qwen2.5-coder:7b,प्रथम कोर्स,1.39
1676,Collections Manager,mr:,Marathi,qwen2.5-coder:7b,मूळ संग्रहालय,1.779
1677,NIS group,mr:,Marathi,qwen2.5-coder:7b,निश्चित ग्रुप,1.718
1678,Agent Identity:,mr:,Marathi,qwen2.5-coder:7b,एजेंट आयडी:,1.552
1679,Completion,mr:,Marathi,qwen2.5-coder:7b,पूर्णता,1.204
1680,Delete item,mr:,Marathi,qwen2.5-coder:7b,आपण आयोजनाची घटना अनुकूल असणा चाहताते.,4.44
1681,Flake device definition,mr:,Marathi,qwen2.5-coder:7b,फ्लेक निर्माण विनिमय,2.538
1682,"Updating ""%1""",mr:,Marathi,qwen2.5-coder:7b,"अपडेट झाले ""%1",1.936
1683,Document version,mr:,Marathi,qwen2.5-coder:7b,दस्तऐवज़ानीचे संस्करण,2.521
1684,Maximum speed,mr:,Marathi,qwen2.5-coder:7b,मानताची गहिल्या गती,2.39
1685,Triangle,mr:,Marathi,qwen2.5-coder:7b,त्रिकोण,1.05
1686,File size is,mr:,Marathi,qwen2.5-coder:7b,फाइल आकार होते,1.834
1687,Copy Function,mr:,Marathi,qwen2.5-coder:7b,फक्ती करणे,1.36
1688,Windmills,mr:,Marathi,qwen2.5-coder:7b,वायुमाला,1.317
1689,Playground Menu,mr:,Marathi,qwen2.5-coder:7b,प्लेग्राउंड मेनू,1.998
1690,File types:,mr:,Marathi,qwen2.5-coder:7b,फाइल प्रकारे:,1.622
1691,FluidBalls,mr:,Marathi,qwen2.5-coder:7b,फ्लूडबॉल्स,1.651
1692,new_literal,mr:,Marathi,qwen2.5-coder:7b,नव्या लिटरल,1.49
1693,%1 (Connected),mr:,Marathi,qwen2.5-coder:7b,%1 (संबंधित),1.573
1694,system monitor,mr:,Marathi,qwen2.5-coder:7b,प्रणाली संशोधक,1.713
1695,Copy Folder,mr:,Marathi,qwen2.5-coder:7b,फोल्डर कॉपी करणा,1.878
1696,New type: racoon,mr:,Marathi,qwen2.5-coder:7b,नव्या प्रकार: राकून,2.25
1697,height field type,mr:,Marathi,qwen2.5-coder:7b,उंचीता क्षेत्राचा प्रकार,2.527
1698,New & Subitem,mr:,Marathi,qwen2.5-coder:7b,नव आणि निर्देशित वस्तू,2.9
1699,Exposure,mr:,Marathi,qwen2.5-coder:7b,प्रतिबन्ध,1.263
1700,Online Source,mr:,Marathi,qwen2.5-coder:7b,आणि ऑनलाइन स्रोत,1.775
1701,Resource constraint.,mr:,Marathi,qwen2.5-coder:7b,संसाधन संशोधन.,1.673
1702,State,mr:,Marathi,qwen2.5-coder:7b,राज्य,0.891
1703,Entry,mr:,Marathi,qwen2.5-coder:7b,प्रवेश,0.915
1704,Issue date,mr:,Marathi,qwen2.5-coder:7b,दिलेली तारीख,1.69
1705,Advanced Filter,mr:,Marathi,qwen2.5-coder:7b,उच्च फिल्टर,1.562
1706,Table of & Contents,mr:,Marathi,qwen2.5-coder:7b,सामान्य वापरणे,1.873
1707,"Date, Time",mr:,Marathi,qwen2.5-coder:7b,"दिनांक, समय",1.42
1708,License Agreement,mr:,Marathi,qwen2.5-coder:7b,अधिकार विनियोजन,1.877
1709,Obtained,mr:,Marathi,qwen2.5-coder:7b,प्राप्त केले गेले,2.025
1710,out,mr:,Marathi,qwen2.5-coder:7b,आउट,0.711
1711,Away Message:,mr:,Marathi,qwen2.5-coder:7b,विनंती:,1.243
1712,Show Advanced,mr:,Marathi,qwen2.5-coder:7b,प्रसिद्ध शोधा,1.659
1713,& Screen size,mr:,Marathi,qwen2.5-coder:7b,& चार्यक्षेत्र आकार,2.254
1714,XAUTH username: %1,mr:,Marathi,qwen2.5-coder:7b,XAUTH योजना: %1,1.705
1715,Thumbnail View,mr:,Marathi,qwen2.5-coder:7b,पिच व्यवहार,1.521
1716,Best wishes,mr:,Marathi,qwen2.5-coder:7b,शुभ वाचने,1.379
1717,JavaScript support,mr:,Marathi,qwen2.5-coder:7b,जावास्क्रिप्ट समर्थन,2.159
1718,& occurrence(s),mr:,Marathi,qwen2.5-coder:7b,& असाचे घटना(हे),1.999
1719,KLinkStatus - Link Checker,mr:,Marathi,qwen2.5-coder:7b,क्लांस्टास्ट - लिंक जाहीरातक,3.298
1720,Copy Here,mr:,Marathi,qwen2.5-coder:7b,या येथे कॉपी करा,1.912
1721,Left Edge:,mr:,Marathi,qwen2.5-coder:7b,पासे झड्याचा:,1.782
1722,Collator,mr:,Marathi,qwen2.5-coder:7b,कॉलेटर,1.107
1723,Show Previous,mr:,Marathi,qwen2.5-coder:7b,पिछ्ला दिखावा,1.766
1724,Scope & Flags:,mr:,Marathi,qwen2.5-coder:7b,स्कोप आणि फ्लॅग्स:,2.525
1725,Unknown (%1),mr:,Marathi,qwen2.5-coder:7b,अजानीले (%1),1.428
1726,tracking noise,mr:,Marathi,qwen2.5-coder:7b,त्रॅकिंग नाव्या,1.846
1727,IPTC character set:,mr:,Marathi,qwen2.5-coder:7b,आणि चिठ्याचे अक्षर सेट:,2.863
1728,String Replacers.,mr:,Marathi,qwen2.5-coder:7b,स्ट्रिंग रिप्लेसर्स.,2.43
1729,View Filter,mr:,Marathi,qwen2.5-coder:7b,फिल्टर देखा,1.495
1730,Edit protocol,mr:,Marathi,qwen2.5-coder:7b,प्रोटोकॉल संपादित करा,2.376
1731,Display the table view,mr:,Marathi,qwen2.5-coder:7b,ताबली व्यवस्था प्रदर्शित करणा,3.151
1732,Write Flags,mr:,Marathi,qwen2.5-coder:7b,फ्लॅग लिहा,1.5
1733,Decryption,mr:,Marathi,qwen2.5-coder:7b,डिस्क्रिप्शन,1.524
1734,comment,mr:,Marathi,qwen2.5-coder:7b,कमेंट,0.914
1735,Language English,mr:,Marathi,qwen2.5-coder:7b,भाषा अंग्रेजी,1.59
1736,Sound effects,mr:,Marathi,qwen2.5-coder:7b,संगीत आणि ध्वनी प्रभावे,2.556
1737,Multiple input method switcher,mr:,Marathi,qwen2.5-coder:7b,मल्याला अनेक इनपुट मिथ्याचा बदलकर्ता,4.162
1738,Element Add Add 1x2 Matrix,mr:,Marathi,qwen2.5-coder:7b,प्रत्येक जोडी योग्य आवश्यकता आहे,4.019
1739,Referenced Entity,mr:,Marathi,qwen2.5-coder:7b,परिश्रमित वस्तू,2.017
1740,Device driver,mr:,Marathi,qwen2.5-coder:7b,डिवाइस ड्रावर,1.687
1741,Negative offset:,mr:,Marathi,qwen2.5-coder:7b,नकारात्या अस्थित्वाचा:,2.715
1742,Browse,mr:,Marathi,qwen2.5-coder:7b,खोजा,0.834
1743,AMS Arrows,mr:,Marathi,qwen2.5-coder:7b,AMS अंशां,1.388
1744,Remove Widgets...,mr:,Marathi,qwen2.5-coder:7b,विडेग्वाही हटायचे...,2.314
1745,Time Tracker,mr:,Marathi,qwen2.5-coder:7b,तारीख ट्रॅकर,1.626
1746,Scientific,mr:,Marathi,qwen2.5-coder:7b,वैज्ञानिक,1.441
1747,Chamber Music,mr:,Marathi,qwen2.5-coder:7b,कम्बर म्युजिक,1.738
1748,Password dialog,mr:,Marathi,qwen2.5-coder:7b,पासवर्ड दिलेला जावळ,2.477
1749,Surname:,mr:,Marathi,qwen2.5-coder:7b,उपनाम:,1.017
1750,"Europe, Southern",mr:,Marathi,qwen2.5-coder:7b,"यूरोप, दक्षिणी",1.952
1751,Play Media,mr:,Marathi,qwen2.5-coder:7b,मीडिया खेला,1.783
1752,Path Selection,mr:,Marathi,qwen2.5-coder:7b,पास चयन,1.155
1753,Channel ownership mode patch,mr:,Marathi,qwen2.5-coder:7b,प्रतिनिधी धार्यता विधियाचा पॅच,3.502
1754,lion,mr:,Marathi,qwen2.5-coder:7b,लून,0.832
1755,Previous Book,mr:,Marathi,qwen2.5-coder:7b,पिछला किताब,1.43
1756,Greece,mr:,Marathi,qwen2.5-coder:7b,ग्रीस,0.826
1757,Create soft body items,mr:,Marathi,qwen2.5-coder:7b,सॉफ्ट बाउडी आयटम्स बनवा,2.789
1758,Wine Collection,mr:,Marathi,qwen2.5-coder:7b,विनायक संग्रह,1.617
1759,BlueViolet,mr:,Marathi,qwen2.5-coder:7b,ब्लूविलेट,1.499
1760,Current node:,mr:,Marathi,qwen2.5-coder:7b,आणि अधिकारी असलेला वर्ग:,2.883
1761,Unknown,mr:,Marathi,qwen2.5-coder:7b,अज्ञानी,1.082
1762,Practice & Counts,mr:,Marathi,qwen2.5-coder:7b,प्रशिक्षण & संख्या,1.936
1763,Destination Line,mr:,Marathi,qwen2.5-coder:7b,देवाली,1.273
1764,Balloons,mr:,Marathi,qwen2.5-coder:7b,बल्लोन्स,1.296
1765,Block transfer,mr:,Marathi,qwen2.5-coder:7b,ब्लॉक ट्रांफर,1.714
1766,& Country:,mr:,Marathi,qwen2.5-coder:7b,& देश:,1.034
1767,thunderstorm,mr:,Marathi,qwen2.5-coder:7b,थूनरी,1.156
1768,Extracting %1,mr:,Marathi,qwen2.5-coder:7b,प्रतिस्थापन करण्यात आहे %1,2.904
1769,GravitationForce,mr:,Marathi,qwen2.5-coder:7b,गुरुत्वाकर्षण,1.817
1770,Black point:,mr:,Marathi,qwen2.5-coder:7b,काले बिंदू:,1.667
1771,Vector class,mr:,Marathi,qwen2.5-coder:7b,वेक्टर क्लास,1.618
1772,Thread Starters,mr:,Marathi,qwen2.5-coder:7b,थ्रेड शुरूकर्ता,1.924
1773,DTD; Change the & DTD;...,mr:,Marathi,qwen2.5-coder:7b,DTD; चांदलाची बदला & DTD;...,2.672
1774,File location:,mr:,Marathi,qwen2.5-coder:7b,पत्ता:,1.082
1775,Subproject Leader,mr:,Marathi,qwen2.5-coder:7b,उपलेखक श्रमिक,1.691
1776,Konversation Channel List: %1 - %2,mr:,Marathi,qwen2.5-coder:7b,कार्यवास्तव चौंसी यादी: %1 - %2,3.615
1777,Search for:,mr:,Marathi,qwen2.5-coder:7b,खोजा:,0.972
1778,Payment,mr:,Marathi,qwen2.5-coder:7b,प्रसारणा,1.138
1779,(EmptyName),mr:,Marathi,qwen2.5-coder:7b,(नाव खाली),1.497
1780,restLength,mr:,Marathi,qwen2.5-coder:7b,रिस्ट लंग्थ,1.53
1781,Images,mr:,Marathi,qwen2.5-coder:7b,चित्रे,0.879
1782,L2 Data Write Miss,mr:,Marathi,qwen2.5-coder:7b,लूट डेटा लिखण्याची घेठली,3.274
1783,Optional,mr:,Marathi,qwen2.5-coder:7b,पर्यायी,1.093
1784,Result,mr:,Marathi,qwen2.5-coder:7b,परिणाम,0.999
1785,Find In Files,mr:,Marathi,qwen2.5-coder:7b,फाइल्यात खोजणे,1.901
1786,Current: %1,mr:,Marathi,qwen2.5-coder:7b,आणि: %1,1.182
1787,Delete emoticon,mr:,Marathi,qwen2.5-coder:7b,मोहित अनुक्रमांना अडूना,3.033
1788,Music,mr:,Marathi,qwen2.5-coder:7b,म्हूळ शब्द: म्हूळ शब्द: म्हूळ शब्द: म्हूळ शब्द: म्हूळ शब्द: म्हूळ शब्द: म्हूळ शब्द: म्हूळ श,10.385
1789,Build & Target,mr:,Marathi,qwen2.5-coder:7b,निर्माण & कार्यक्रम,2.316
1790,Read Accesses,mr:,Marathi,qwen2.5-coder:7b,पढणे अनुमती,1.729
1791,& Enterprise Headers,mr:,Marathi,qwen2.5-coder:7b,& व्यवसायी शीर्षके,2.237
1792,tools,mr:,Marathi,qwen2.5-coder:7b,उपकरणे,1.08
1793,Ignored,mr:,Marathi,qwen2.5-coder:7b,अनुमत नाहीं,1.561
1794,Project Options,mr:,Marathi,qwen2.5-coder:7b,परियोजना विकल्पे,1.975
1795,Suspend Compositing,mr:,Marathi,qwen2.5-coder:7b,संयोजन घटवावा,2.11
1796,Glossary of Terms,mr:,Marathi,qwen2.5-coder:7b,वापराचे शब्दकोश,2.036
1797,Searching,mr:,Marathi,qwen2.5-coder:7b,खोजण्यात,1.226
1798,Color depth:,mr:,Marathi,qwen2.5-coder:7b,देखाव गहाव:,1.557
1799,Using & kfloppy;,mr:,Marathi,qwen2.5-coder:7b,खालील वापरा &kfloppy;,2.178
1800,Preliminary,mr:,Marathi,qwen2.5-coder:7b,प्राथमिक,1.186
1801,Fade effect,mr:,Marathi,qwen2.5-coder:7b,फॅड इफेक्ट,1.579
1802,Daemons' Logs,mr:,Marathi,qwen2.5-coder:7b,डेमोन्सचे लॉग्स,2.117
1803,Migrate,mr:,Marathi,qwen2.5-coder:7b,मागीला करणा,1.462
1804,Create & QTest,mr:,Marathi,qwen2.5-coder:7b,Create & QTest,0.968
1805,Admin tools,mr:,Marathi,qwen2.5-coder:7b,प्रशासकीय उपकरणे,1.877
1806,Field Name,mr:,Marathi,qwen2.5-coder:7b,फील्ड नाव,1.366
1807,& Later,mr:,Marathi,qwen2.5-coder:7b,& नंतर,1.06
1808,Distribution Lists,mr:,Marathi,qwen2.5-coder:7b,वित्तीय सूचींे,1.934
1809,%1's birthday,mr:,Marathi,qwen2.5-coder:7b,%1च्या जन्मदिनात,2.159
1810,Median,mr:,Marathi,qwen2.5-coder:7b,मध्यम,0.934
1811,& Amount,mr:,Marathi,qwen2.5-coder:7b,& रक्षा,1.093
1812,Placemarks Plugin,mr:,Marathi,qwen2.5-coder:7b,मान्यते या विस्तारात आपल्या विशेष जगभागांचे विस्तार देणे आणि त्यांचे विवरण देणे योग्य आहे.,9.684
1813,Add mirror,mr:,Marathi,qwen2.5-coder:7b,मिर्रो जोडा,1.685
1814,Number Format,mr:,Marathi,qwen2.5-coder:7b,संख्या आणि फॉर्मॅट,2.424
1815,Uzbek,mr:,Marathi,qwen2.5-coder:7b,उज्बीक,1.101
1816,& Edit,mr:,Marathi,qwen2.5-coder:7b,&संपादन,1.16
1817,& Office #1:,mr:,Marathi,qwen2.5-coder:7b,& कार्यालय #1:,1.737
1818,Uric Acid,mr:,Marathi,qwen2.5-coder:7b,युरिक असिड,1.533
1819,User Settings,mr:,Marathi,qwen2.5-coder:7b,योजक सेटिंग्स,1.604
1820,Version:,mr:,Marathi,qwen2.5-coder:7b,वर्षणा:,1.079
1821,GIMP Native Image Format (. xcf),mr:,Marathi,qwen2.5-coder:7b,जीप्म असलेल्या चित्राचे मूळ फाय्ल फॉर्मेट (. xcf),5.306
1822,Bandwidth Scheduler,mr:,Marathi,qwen2.5-coder:7b,बांधन शेड्युलर,1.842
1823,Search...,mr:,Marathi,qwen2.5-coder:7b,खोजा...,0.882
1824,X length,mr:,Marathi,qwen2.5-coder:7b,X लंबी,1.017
1825,Button Order,mr:,Marathi,qwen2.5-coder:7b,बटन आयाम,1.254
1826,Configure Image Save Assistant,mr:,Marathi,qwen2.5-coder:7b,प्रतिमा सेवा असाठी व्यवस्थित करा,3.67
1827,Edited as %1,mr:,Marathi,qwen2.5-coder:7b,संपादित केले गेले %1,2.582
1828,SDP UUid:,mr:,Marathi,qwen2.5-coder:7b,SDP UUid:,1.136
1829,Netbios Log Files,mr:,Marathi,qwen2.5-coder:7b,नेटबिउस लॉग फाइल्स,2.404
1830,Zoom to 50%,mr:,Marathi,qwen2.5-coder:7b,50% जावळण्यासाठी जळवा,3.115
1831,& English To,mr:,Marathi,qwen2.5-coder:7b,& अंग्रेजी ते,1.776
1832,GMX address book file (*. gmxa),mr:,Marathi,qwen2.5-coder:7b,GMX पत्ता किताबी फाइल (*. gmxa),3.048
1833,Protocols:,mr:,Marathi,qwen2.5-coder:7b,प्रोटोकल्स:,1.49
1834,Contents Head 1,mr:,Marathi,qwen2.5-coder:7b,शास्त्रीय शीर्षक 1,2.231
1835,Options Bookmark,mr:,Marathi,qwen2.5-coder:7b,पर्यायांचे बुकमार्क,2.404
1836,Parallel Diagonal,mr:,Marathi,qwen2.5-coder:7b,परस्परीय विकर्ण,1.997
1837,Address Book Component,mr:,Marathi,qwen2.5-coder:7b,पत्ता यादी योजना,2.18
1838,Padding,mr:,Marathi,qwen2.5-coder:7b,पॅडिंग,1.101
1839,Extended,mr:,Marathi,qwen2.5-coder:7b,विस्तृत,1.37
1840,Panel layout,mr:,Marathi,qwen2.5-coder:7b,पनल आकार,1.257
1841,Page Output,mr:,Marathi,qwen2.5-coder:7b,पृष्ठाचे आउटपुट,1.983
1842,Output Mode,mr:,Marathi,qwen2.5-coder:7b,आउटपुट मोड,1.35
1843,Stop the turtle,mr:,Marathi,qwen2.5-coder:7b,तुल्ली रोका,1.828
1844,Player 4:,mr:,Marathi,qwen2.5-coder:7b,प्रतिवादक 4:,1.551
1845,Romanized Hindi sounds,mr:,Marathi,qwen2.5-coder:7b,हिंदी रूमानी शब्दांचे शब्दांचे शब्दांचे शब्दांचे शब्दांचे शब्दांचे शब्दांचे शब्दांचे शब्दांचे शब्द,10.323
1846,Developers,mr:,Marathi,qwen2.5-coder:7b,डेवलपर्स,1.214
1847,PCL3GUI Language Mode,mr:,Marathi,qwen2.5-coder:7b,प्रसिद्धी भाषा मोड,2.105
1848,Gutter size,mr:,Marathi,qwen2.5-coder:7b,गुट्टी आकार,1.597
1849,List View Settings,mr:,Marathi,qwen2.5-coder:7b,सूची व्यवस्था,1.839
1850,Brush size,mr:,Marathi,qwen2.5-coder:7b,मोठी आणि छोटी,1.675
1851,Effect name,mr:,Marathi,qwen2.5-coder:7b,प्रभावाचे नाव,1.674
1852,Top Arrow,mr:,Marathi,qwen2.5-coder:7b,उपरी शिखर,1.382
1853,Pictures Adjustments,mr:,Marathi,qwen2.5-coder:7b,प्रतिमा संशोधने,1.807
1854,From & cursor,mr:,Marathi,qwen2.5-coder:7b,आणि कार्याचे उद्धरण दिला जाते.,3.308
1855,Appearance Configuration,mr:,Marathi,qwen2.5-coder:7b,वास्तविकता व्यवस्था,2.227
1856,Lyrics,mr:,Marathi,qwen2.5-coder:7b,लाईरीजे,1.143
1857,Match case,mr:,Marathi,qwen2.5-coder:7b,सर्वात छोटे व्यवहारांना देणे,3.093
1858,& KDE help,mr:,Marathi,qwen2.5-coder:7b,& कडी हेल्प,1.36
1859,Gas particle,mr:,Marathi,qwen2.5-coder:7b,गॅस पार्टिकल,1.728
1860,Front Cover,mr:,Marathi,qwen2.5-coder:7b,पहिला पृष्ठ,1.494
1861,often,mr:,Marathi,qwen2.5-coder:7b,मोठी जागतीच्या असलेल्या वेळांमध्ये,3.687
1862,BasePolygon,mr:,Marathi,qwen2.5-coder:7b,आधार चतुर्भुज,1.685
1863,Space (GL),mr:,Marathi,qwen2.5-coder:7b,स्पेस (GL),1.257
1864,Maximized,mr:,Marathi,qwen2.5-coder:7b,महत्त्वाचे,1.493
1865,Function:,mr:,Marathi,qwen2.5-coder:7b,फंक्शन:,1.188
1866,Game Configuration,mr:,Marathi,qwen2.5-coder:7b,खेळाचे व्यवस्था,1.859
1867,S/ MIME-Sign...,mr:,Marathi,qwen2.5-coder:7b,सीएमआई-साइन...,1.663
1868,File Indexing,mr:,Marathi,qwen2.5-coder:7b,फाइल इंडेक्सिंग,1.951
1869,Click Actions,mr:,Marathi,qwen2.5-coder:7b,कार्यांचे चालना करा,2.285
1870,Color settings,mr:,Marathi,qwen2.5-coder:7b,कार्यात्मक सेटिंग्स,2.158
1871,Added Tags:,mr:,Marathi,qwen2.5-coder:7b,टॅग्स जोडले:,1.788
1872,Move Y:,mr:,Marathi,qwen2.5-coder:7b,यांची गेला:,1.59
1873,Thumbnail Cache,mr:,Marathi,qwen2.5-coder:7b,थूम्बनाव चॅश,1.851
1874,Capitalization:,mr:,Marathi,qwen2.5-coder:7b,कार्यक्रमाचे शब्दांचे शब्दांचे शब्दांचे शब्दांचे शब्दांचे शब्दांचे शब्दांचे शब्दांचे शब्दांचे शब्दांच,10.209
1875,South Khorasan,mr:,Marathi,qwen2.5-coder:7b,सूर्यातील कोरसान,2.159
1876,Desert Theme,mr:,Marathi,qwen2.5-coder:7b,मार्गदर्शन थीम,2.016
1877,Standard Deviation,mr:,Marathi,qwen2.5-coder:7b,माध्यमान विचार,1.836
1878,Cisco - Router in building,mr:,Marathi,qwen2.5-coder:7b,कार्बनसारखी - निर्माणात रूटर,3.399
1879,Extending & ktouch;,mr:,Marathi,qwen2.5-coder:7b,खालील विशेषता देणे & क्टूच;,3.295
1880,Realization,mr:,Marathi,qwen2.5-coder:7b,आयामात्मकता,1.617
1881,(write protected),mr:,Marathi,qwen2.5-coder:7b,(प्रिंट रिकृत),1.858
1882,Price:,mr:,Marathi,qwen2.5-coder:7b,मूल्य:,1.099
1883,Color contrast,mr:,Marathi,qwen2.5-coder:7b,कार्यात्मकता,1.577
1884,stored:,mr:,Marathi,qwen2.5-coder:7b,संरक्षित:,1.413
1885,ArtisticTextShape,mr:,Marathi,qwen2.5-coder:7b,संगीतीय टेक्स्ट शेप,2.638
1886,& Report Bug,mr:,Marathi,qwen2.5-coder:7b,& बग रिपोर्ट करणा,2.127
1887,Quotes:,mr:,Marathi,qwen2.5-coder:7b,उळे:,1.082
1888,Developer (HTML rendering engine),mr:,Marathi,qwen2.5-coder:7b,डेवलपर (HTML रेंडरिंग इंजीन),2.989
1889,Short Name,mr:,Marathi,qwen2.5-coder:7b,कात्रीनी नाव,1.616
1890,SquareDithering,mr:,Marathi,qwen2.5-coder:7b,स्वर्गात्मक डिथरिंग,2.322
1891,%1 after the end,mr:,Marathi,qwen2.5-coder:7b,%1 अंतापछी,1.564
1892,1440 x 2880 DPI Emulated,mr:,Marathi,qwen2.5-coder:7b,1440 x 2880 DPI अनुपालित,2.93
1893,Wake Island,mr:,Marathi,qwen2.5-coder:7b,वाक द्वारा,1.438
1894,Draw Uranus?,mr:,Marathi,qwen2.5-coder:7b,उरानस घ्याला?,1.855
1895,Integral step:,mr:,Marathi,qwen2.5-coder:7b,पूर्ण चरण:,1.68
1896,Verifying: %1...,mr:,Marathi,qwen2.5-coder:7b,प्रमाणीकरण करतात: %1...,2.473
1897,Postprocessing,mr:,Marathi,qwen2.5-coder:7b,पोस्टप्रोसेसिंग,1.879
1898,Task Execution,mr:,Marathi,qwen2.5-coder:7b,कार्याची आयोजना,1.961
1899,Configure Quiz,mr:,Marathi,qwen2.5-coder:7b,प्रश्नांकाचा व्यवस्थापन करा,3.0
1900,Country:,mr:,Marathi,qwen2.5-coder:7b,देश:,0.838
1901,Subject: %1,mr:,Marathi,qwen2.5-coder:7b,विषय: %1,1.218
1902,x rotation:,mr:,Marathi,qwen2.5-coder:7b,क्रमांक घटना:,1.749
1903,Relations:,mr:,Marathi,qwen2.5-coder:7b,संबंधे:,1.25
1904,Go On,mr:,Marathi,qwen2.5-coder:7b,जाणा,0.854
1905,Observing List,mr:,Marathi,qwen2.5-coder:7b,वापरणारा तपशील,1.802
1906,Master abort,mr:,Marathi,qwen2.5-coder:7b,मास्टर अभावणा,1.678
1907,Error reading address book,mr:,Marathi,qwen2.5-coder:7b,पत्ता किताबाला पढतात नाही,2.955
1908,Support,mr:,Marathi,qwen2.5-coder:7b,सहाय्य,0.999
1909,Max food,mr:,Marathi,qwen2.5-coder:7b,माहिती अधिकार,1.676
1910,File Settings,mr:,Marathi,qwen2.5-coder:7b,फाईल सेटिंग्स,1.623
1911,Running,mr:,Marathi,qwen2.5-coder:7b,रन्यात,1.258
1912,Step & down,mr:,Marathi,qwen2.5-coder:7b,पद्धती घेणे,1.735
1913,Username,mr:,Marathi,qwen2.5-coder:7b,उपयोगकर्ता नाव,1.787
1914,78 Points,mr:,Marathi,qwen2.5-coder:7b,78 अंके,1.211
1915,Designer,mr:,Marathi,qwen2.5-coder:7b,डिजाइनर,1.14
1916,Page Look,mr:,Marathi,qwen2.5-coder:7b,पृष्ठाचे दृश्य,2.065
1917,Computer Plays,mr:,Marathi,qwen2.5-coder:7b,"मोठी खालील शब्दांची अनुवाद देण्यात आहे:

मोठी खालील शब्दांची अनुवाद देण्यात आहे:

मोठी खालील शब्दांची अन",10.415
1918,Top Developers,mr:,Marathi,qwen2.5-coder:7b,पहिले डेवलपर्स,1.878
1919,Auto Detect,mr:,Marathi,qwen2.5-coder:7b,स्वतंत्र आवडणे,1.771
1920,Merge data,mr:,Marathi,qwen2.5-coder:7b,डेटा जोडणे,1.448
1921,Office Documents,mr:,Marathi,qwen2.5-coder:7b,офिस दस्तऐवजे,1.651
1922,Degrees of freedom 1,mr:,Marathi,qwen2.5-coder:7b,स्वतंत्रता 1,1.822
1923,Using & kfilereplace;,mr:,Marathi,qwen2.5-coder:7b,खालील वापरा & kfilereplace;,2.418
1924,Segment Color,mr:,Marathi,qwen2.5-coder:7b,"खालील शब्दाचे अर्थ दिलेले आहे:

""खालील शब्दाचे अर्थ दिलेले आहे:",6.56
1925,Editor Chooser,mr:,Marathi,qwen2.5-coder:7b,पासर चुनावकार,2.014
1926,Design object,mr:,Marathi,qwen2.5-coder:7b,वस्तू डिजाइन,1.983
1927,Roll Feed,mr:,Marathi,qwen2.5-coder:7b,फुल्ल फीड,1.405
1928,Backup System,mr:,Marathi,qwen2.5-coder:7b,सिंहासन बॅकअप,1.865
1929,DVD-RW Sequential,mr:,Marathi,qwen2.5-coder:7b,DVD-RW श्रृंखला,1.769
1930,Popsquares,mr:,Marathi,qwen2.5-coder:7b,पोपस्क्वर्स,1.532
1931,Three,mr:,Marathi,qwen2.5-coder:7b,तीन,0.713
1932,Signal Plotter,mr:,Marathi,qwen2.5-coder:7b,साइगनल प्लॉटर,1.821
1933,Initial Point,mr:,Marathi,qwen2.5-coder:7b,प्रारम्भिक बिंदू,2.073
1934,Frequency,mr:,Marathi,qwen2.5-coder:7b,फ्रिजन्स,1.123
1935,Conjunctions,mr:,Marathi,qwen2.5-coder:7b,संयोजने,1.389
1936,First Name,mr:,Marathi,qwen2.5-coder:7b,पहिला नाव,1.384
1937,Blackbox Logic Game,mr:,Marathi,qwen2.5-coder:7b,बॅकबॉक लॉजिक खेळ,2.451
1938,& Tools,mr:,Marathi,qwen2.5-coder:7b,& टूल्स,1.292
1939,Open with:,mr:,Marathi,qwen2.5-coder:7b,खोला जाण्यासाठी:,2.02
1940,New profile wizard cisco,mr:,Marathi,qwen2.5-coder:7b,नव्हा प्रोफाइल विज्जार्ड काइसो,3.281
1941,Image files,mr:,Marathi,qwen2.5-coder:7b,चित्र फाइले,1.488
1942,User ID,mr:,Marathi,qwen2.5-coder:7b,योजक आयडी,1.339
1943,Acceleration & time:,mr:,Marathi,qwen2.5-coder:7b,त्याची वेग आणि समय:,2.329
1944,Plasma Geolocation Provider,mr:,Marathi,qwen2.5-coder:7b,प्लाजमा ज्योतिषी अवस्थापनकार,3.411
1945,Sound Mixer,mr:,Marathi,qwen2.5-coder:7b,संगीत संयंत्र,1.601
1946,positionVariance,mr:,Marathi,qwen2.5-coder:7b,स्थानात्मक विविधता,2.301
1947,Column Properties,mr:,Marathi,qwen2.5-coder:7b,स्तंभाचे प्रॉप्शन्स,2.297
1948,& Time:,mr:,Marathi,qwen2.5-coder:7b,& समय:,0.983
1949,Cemetery,mr:,Marathi,qwen2.5-coder:7b,मृत्युजातीय जगाला,2.304
1950,Stop Editor,mr:,Marathi,qwen2.5-coder:7b,संपादक रोकणे,1.691
1951,port,mr:,Marathi,qwen2.5-coder:7b,पोर्ट,0.891
1952,State of Matter,mr:,Marathi,qwen2.5-coder:7b,सांस्कृतिक रूप,1.992
1953,joint stereo,mr:,Marathi,qwen2.5-coder:7b,जॉइंट स्टीरो,1.7
1954,Keyboard Edit Options,mr:,Marathi,qwen2.5-coder:7b,पिछले विकल्पे,1.995
1955,K3b SoX Audio Encoder,mr:,Marathi,qwen2.5-coder:7b,कृपया अंतर्गत अनुवाद करा.,3.083
1956,Friday,mr:,Marathi,qwen2.5-coder:7b,फरवरी,0.929
1957,BMP Image (. bmp),mr:,Marathi,qwen2.5-coder:7b,आणि इमेज (.bmp),1.669
1958,Theme Manager,mr:,Marathi,qwen2.5-coder:7b,मोठ्या प्रबंधक,1.651
1959,Identities,mr:,Marathi,qwen2.5-coder:7b,आव्यव्यासे,1.431
1960,Granatier is a Bomberman Clone!,mr:,Marathi,qwen2.5-coder:7b,ग्रानटीयार एक बोमब्रेमन क्लोन आहे!,3.566
1961,Fade power:,mr:,Marathi,qwen2.5-coder:7b,फॅड पावर:,1.32
1962,JPEG quality %1,mr:,Marathi,qwen2.5-coder:7b,JPEG गुणवत्ता %1,1.655
1963,Target Image,mr:,Marathi,qwen2.5-coder:7b,प्रतिबिंद,1.451
1964,Biosphere,mr:,Marathi,qwen2.5-coder:7b,बायोसफ्रेश्युन,1.709
1965,Data Tools,mr:,Marathi,qwen2.5-coder:7b,डेटा टूल्स,1.534
1966,Typing line,mr:,Marathi,qwen2.5-coder:7b,ताकण्य रेषा,1.621
1967,Tajik data files,mr:,Marathi,qwen2.5-coder:7b,तजिक डेटा फाइले,2.009
1968,Reference Point Offset,mr:,Marathi,qwen2.5-coder:7b,संदर्भ बिंदू अस्थिती,2.589
1969,New Download,mr:,Marathi,qwen2.5-coder:7b,नव्हा डाउनलोड,1.746
1970,Spiral,mr:,Marathi,qwen2.5-coder:7b,स्पिरल,1.115
1971,Black Level,mr:,Marathi,qwen2.5-coder:7b,काले स्तर,1.253
1972,QuickPreview,mr:,Marathi,qwen2.5-coder:7b,प्रतीक्षा,1.229
1973,& Close Path,mr:,Marathi,qwen2.5-coder:7b,&पथ बंद करा,1.415
1974,Not shared,mr:,Marathi,qwen2.5-coder:7b,नाहीत शेअर केला गेला,2.415
1975,file,mr:,Marathi,qwen2.5-coder:7b,फाइल,0.793
1976,SortColumnInvisible,mr:,Marathi,qwen2.5-coder:7b,सूचना असून वाढवणा,2.286
1977,LaTeX Reference,mr:,Marathi,qwen2.5-coder:7b,लेटेक्स संदर्भ,1.991
1978,Phone number:,mr:,Marathi,qwen2.5-coder:7b,फोन नंबर:,1.4
1979,trash:,mr:,Marathi,qwen2.5-coder:7b,पाठ्यक्रम:,1.429
1980,Not Scheduled,mr:,Marathi,qwen2.5-coder:7b,नियंत्रित नाहीं,1.847
1981,Others:,mr:,Marathi,qwen2.5-coder:7b,अन्यांसाठी:,1.478
1982,New host,mr:,Marathi,qwen2.5-coder:7b,नव्हा होस्ट,1.426
1983,The directory %1 does not exist,mr:,Marathi,qwen2.5-coder:7b,प्रतिवर्तन %1 असून आहे,2.76
1984,slope map,mr:,Marathi,qwen2.5-coder:7b,"वृत्तांक खालील असे मानला जातो: ""वृत्तांक खालील असे मानला जातो: ""वृत्तांक खालील असे मानला जातो: ""वृत्त",10.399
1985,Mass Storage Device,mr:,Marathi,qwen2.5-coder:7b,महत्त्वाची स्टोरेज डिवाइस,2.954
1986,CornflowerBlue,mr:,Marathi,qwen2.5-coder:7b,कांडू ब्रून,1.718
1987,Head motion,mr:,Marathi,qwen2.5-coder:7b,मुख्य गतिविधी,1.729
1988,Template Scopes,mr:,Marathi,qwen2.5-coder:7b,पट्टी सामान्यतया,2.017
1989,RTF Files,mr:,Marathi,qwen2.5-coder:7b,आणि फाइल्स,1.516
1990,& Tabular Environment,mr:,Marathi,qwen2.5-coder:7b,& ताबुलार वातावरण,2.298
1991,Transparency:,mr:,Marathi,qwen2.5-coder:7b,प्रकाशता:,1.269
1992,Help,mr:,Marathi,qwen2.5-coder:7b,मदत,0.693
1993,& DOC file:,mr:,Marathi,qwen2.5-coder:7b,& डॉक्यूमेंट फाइल:,2.513
1994,Raise Mask,mr:,Marathi,qwen2.5-coder:7b,मास्क उठवा,1.502
1995,& Bookmark,mr:,Marathi,qwen2.5-coder:7b,& बुकमार्क,1.493
1996,Alternatives,mr:,Marathi,qwen2.5-coder:7b,महत्त्वाचे विकल्पे,2.311
1997,Extract,mr:,Marathi,qwen2.5-coder:7b,उन्हा निकालणा,1.753
1998,New SMS,mr:,Marathi,qwen2.5-coder:7b,नव्हा एसएमएस,1.666
1999,Preview Type,mr:,Marathi,qwen2.5-coder:7b,पूर्वानुभव क्रम,1.874
2000,Connection 09,mr:,Marathi,qwen2.5-coder:7b,संबंध ०९,1.718
2001,Advanced...,mr:,Marathi,qwen2.5-coder:7b,उच्च शिक्षण...,1.647
2002,OEM Code Page,mr:,Marathi,qwen2.5-coder:7b,ओळखाचे कोड पेज,1.856
2003,Polygonal Selection,mr:,Marathi,qwen2.5-coder:7b,पिडोलांचे चयन,1.808
2004,ImagePlugin_InPainting,mr:,Marathi,qwen2.5-coder:7b,प्रतिमा प्रसारण,1.743
2005,Move up,mr:,Marathi,qwen2.5-coder:7b,उठवा,0.834
2006,GPG encryption,mr:,Marathi,qwen2.5-coder:7b,गीप्जी एनक्रिप्शन,1.996
2007,Target position:,mr:,Marathi,qwen2.5-coder:7b,पर्याय असेल:,1.791
2008,Calendar Manager,mr:,Marathi,qwen2.5-coder:7b,कॅलेंडर मॅनेजर,1.956
2009,Draw,mr:,Marathi,qwen2.5-coder:7b,चालणा,0.931
2010,State...,mr:,Marathi,qwen2.5-coder:7b,राज्य...,1.025
2011,Role,mr:,Marathi,qwen2.5-coder:7b,पण्याचा भूमिका,1.937
2012,Castle,mr:,Marathi,qwen2.5-coder:7b,कळ्याण,1.147
2013,Samba log file:,mr:,Marathi,qwen2.5-coder:7b,संबा लॉग फाइल:,2.051
2014,Low Saxon,mr:,Marathi,qwen2.5-coder:7b,लोव सॅक्सन,1.534
2015,Resources,mr:,Marathi,qwen2.5-coder:7b,संस्कृती वापरणे या उपयोगकर्ता अभ्यासात आणि अनुवादात आणि अनुवादात आणि अनुवादात आणि अनुवादात आणि अनुव,9.944
2016,System Capabilities,mr:,Marathi,qwen2.5-coder:7b,प्रणालीचे क्षमता,1.937
2017,Last row,mr:,Marathi,qwen2.5-coder:7b,पिछीली पंक्ती,1.672
2018,Network Settings,mr:,Marathi,qwen2.5-coder:7b,नेटवर्क सेटिंग्स,1.878
2019,CJK Compatibility Forms,mr:,Marathi,qwen2.5-coder:7b,संस्कृत योजना फॉर्म्स,2.797
2020,Dial & string:,mr:,Marathi,qwen2.5-coder:7b,दाखला आणि शब्द:,2.164
2021,Work Address,mr:,Marathi,qwen2.5-coder:7b,वॉर्क ठेवाचे पत्ता,2.262
2022,Development Tools,mr:,Marathi,qwen2.5-coder:7b,तंत्रज्ञानी यंत्रांसाठी,2.547
2023,Contents Head 3,mr:,Marathi,qwen2.5-coder:7b,वापराचे शीर्षक 3,2.187
2024,Link Validator,mr:,Marathi,qwen2.5-coder:7b,वापरकर्ता जाली वैधकीयकर्ता,3.133
2025,Performance Options,mr:,Marathi,qwen2.5-coder:7b,प्रदर्शन विकल्पे,1.899
2026,& Speed:,mr:,Marathi,qwen2.5-coder:7b,& गती:,1.04
2027,Only the label,mr:,Marathi,qwen2.5-coder:7b,ते लेबल अनेक आहे.,2.151
2028,Zimbabwean Dollar A/ 06,mr:,Marathi,qwen2.5-coder:7b,जिंबिबू दूर रुपया A/ 06,3.167
2029,& Edit Message,mr:,Marathi,qwen2.5-coder:7b,& संदेश संपादित करा,2.117
2030,Game Screen,mr:,Marathi,qwen2.5-coder:7b,खेळ चालना,1.368
2031,& kwrite; Copyright 2001 by the & kate; team.,mr:,Marathi,qwen2.5-coder:7b,& kwrite; कायथा 2001 या वर्षात & kate; टीमचे द्वारा अधिकार दिले गेले.,6.912
2032,Line Spacing:,mr:,Marathi,qwen2.5-coder:7b,रेशाळाचा अंतर:,2.051
2033,Local Serial Printer,mr:,Marathi,qwen2.5-coder:7b,स्थानीय श्रृंखला टापी,2.619
2034,YW rotation,mr:,Marathi,qwen2.5-coder:7b,यावायाची घटना,1.792
2035,Previous (wml),mr:,Marathi,qwen2.5-coder:7b,पिछला (wml),1.393
2036,System Configuration,mr:,Marathi,qwen2.5-coder:7b,सिस्टम व्यवस्था,1.903
2037,StructureTree,mr:,Marathi,qwen2.5-coder:7b,संरचना पेडीट्री,1.779
2038,More Actions,mr:,Marathi,qwen2.5-coder:7b,थेच्या कार्यांचे अधिक माहिती,2.934
2039,As Root,mr:,Marathi,qwen2.5-coder:7b,याची शक्ती आहे,1.866
2040,Outward,mr:,Marathi,qwen2.5-coder:7b,आउटवार्ड,1.236
2041,Filemanager,mr:,Marathi,qwen2.5-coder:7b,फायलमॅनेजर,1.503
2042,Last used,mr:,Marathi,qwen2.5-coder:7b,पिछ्ले वेळ वापरले गेले,2.692
2043,16.999 Rsh 2 = also gives 4.,mr:,Marathi,qwen2.5-coder:7b,16.999 रश 2 = त्याचे भाग 4 देते.,4.128
2044,Default operation scope:,mr:,Marathi,qwen2.5-coder:7b,डिफॉल्ट ऑपरेशन स्कोप:,2.714
2045,Rotation X:,mr:,Marathi,qwen2.5-coder:7b,रोटेशन एक्स:,1.76
2046,Print Preview,mr:,Marathi,qwen2.5-coder:7b,प्रिंट प्रीवीज,1.593
2047,Surface Depth,mr:,Marathi,qwen2.5-coder:7b,पृष्ठाची गहावीतील दूरी,2.849
2048,& Clone Layer,mr:,Marathi,qwen2.5-coder:7b,& कप्यूट तेरी गेले,2.343
2049,& Quit SuperKaramba,mr:,Marathi,qwen2.5-coder:7b,& शेवट शुक्र करण्यात यात्रा करण्यात यात्रा करण्यात यात्रा करण्यात यात्रा करण्यात यात्रा करण्यात यात्रा करण्यात यात,10.524
2050,Copy Value,mr:,Marathi,qwen2.5-coder:7b,पूर्वांकापणे करणे,2.164
2051,Abort Quiz,mr:,Marathi,qwen2.5-coder:7b,प्रश्नाचे रद्द करणे,2.199
2052,Tracing Configuration,mr:,Marathi,qwen2.5-coder:7b,परिस्थिती व्यवस्था घोषणा,2.799
2053,depthVariance,mr:,Marathi,qwen2.5-coder:7b,वेगांतरण,1.28
2054,User4,mr:,Marathi,qwen2.5-coder:7b,योजक 4,1.052
2055,for example txt,mr:,Marathi,qwen2.5-coder:7b,उदाहरणार्थ txt,1.773
2056,Not loaded,mr:,Marathi,qwen2.5-coder:7b,नियमित नाहीं लोड केला गेला,3.005
2057,Using & kturtle;,mr:,Marathi,qwen2.5-coder:7b,कॅटर्टल (kturtle) वापरते;,2.683
2058,Increase & Contrast,mr:,Marathi,qwen2.5-coder:7b,वृद्धी & विस्तार,2.239
2059,& Search...,mr:,Marathi,qwen2.5-coder:7b,&खोज...,0.964
2060,Density List,mr:,Marathi,qwen2.5-coder:7b,मोठी यादी,1.325
2061,contributor,mr:,Marathi,qwen2.5-coder:7b,प्राथमिक मान्यता,1.772
2062,desktop search,mr:,Marathi,qwen2.5-coder:7b,डेस्कटॉप शोध,1.778
2063,Yellow only,mr:,Marathi,qwen2.5-coder:7b,याही शेवटी शेवटी शेवटी शेवटी शेवटी शेवटी शेवटी शेवटी शेवटी शेवटी शेवटी शेवटी शेवटी शेवटी शेवटी शेवटी,10.098
2064,places,mr:,Marathi,qwen2.5-coder:7b,स्थानांंचे वर्णन,2.041
2065,SkyBlue,mr:,Marathi,qwen2.5-coder:7b,नеб्याला,1.141
2066,Redemption,mr:,Marathi,qwen2.5-coder:7b,पुनर्जना,1.203
2067,Clipped By,mr:,Marathi,qwen2.5-coder:7b,प्रतिकापित आहे,2.028
2068,Flash opacity:,mr:,Marathi,qwen2.5-coder:7b,फ्लॅश अपचाय:,1.767
2069,BatchProcessImages,mr:,Marathi,qwen2.5-coder:7b,प्रतिभावर्तन चित्रे,2.187
2070,Host/ User:,mr:,Marathi,qwen2.5-coder:7b,होस्ट/ योग्यकार:,2.131
2071,Gravitational Constant,mr:,Marathi,qwen2.5-coder:7b,गुरुत्वाकारण,1.796
2072,cutoff,mr:,Marathi,qwen2.5-coder:7b,कट्टा,0.945
2073,Working,mr:,Marathi,qwen2.5-coder:7b,काम करतात,1.444
2074,Class Composition,mr:,Marathi,qwen2.5-coder:7b,कक्षाचे संस्थापन,1.972
2075,CD Read Speed,mr:,Marathi,qwen2.5-coder:7b,CD वापरण गती,1.596
2076,_Username:,mr:,Marathi,qwen2.5-coder:7b,उपयोगकर्ता नाव:,1.913
2077,Transfer group:,mr:,Marathi,qwen2.5-coder:7b,ग्रुप अपलावणे:,1.796
2078,"Resource management,",mr:,Marathi,qwen2.5-coder:7b,"संसाधन प्रबंधन,",1.847
2079,play,mr:,Marathi,qwen2.5-coder:7b,प्ले,0.845
2080,Contributor,mr:,Marathi,qwen2.5-coder:7b,प्राथमिक मान्यता,1.781
2081,openDesktop Activities,mr:,Marathi,qwen2.5-coder:7b,डेस्कटॉप अभ्यासे खोला,2.539
2082,Down Speed,mr:,Marathi,qwen2.5-coder:7b,वैशिष्ट्य वेग,1.89
2083,Suspend To Disk,mr:,Marathi,qwen2.5-coder:7b,डिस्कावर्तन करा,2.117
2084,between tag:,mr:,Marathi,qwen2.5-coder:7b,मध्ये टॅग:,1.695
2085,& Support KVpnc...,mr:,Marathi,qwen2.5-coder:7b,& सहाय्य KVpnc...,1.673
2086,Total Time: 00:00:00,mr:,Marathi,qwen2.5-coder:7b,समाप्तीय समय: 00:00:00,2.928
2087,NoPCL3GUI,mr:,Marathi,qwen2.5-coder:7b,नोप्लेसी3गीआयी,1.989
2088,General,mr:,Marathi,qwen2.5-coder:7b,सामान्य,1.094
2089,Per Resource,mr:,Marathi,qwen2.5-coder:7b,प्रत्येक संसाधन,1.685
2090,& Encoding:,mr:,Marathi,qwen2.5-coder:7b,& कोडी:,1.066
2091,Host:,mr:,Marathi,qwen2.5-coder:7b,होस्ट:,1.05
2092,Night duration: %1,mr:,Marathi,qwen2.5-coder:7b,शाळा काळ: %1,1.767
2093,Languages,mr:,Marathi,qwen2.5-coder:7b,भाषांं,1.048
2094,Quits the & ksnapshot; application.,mr:,Marathi,qwen2.5-coder:7b,किस्नोप्स हे अनुप्रयोग वित्तीय करते.,3.922
2095,& Identities...,mr:,Marathi,qwen2.5-coder:7b,& आव्यव्यांसाठी...,2.14
2096,Image Border Color,mr:,Marathi,qwen2.5-coder:7b,प्रतिबंध रंग,1.626
2097,Application icon,mr:,Marathi,qwen2.5-coder:7b,अप्लिकेशन इकोन,1.857
2098,stiffnessVariance,mr:,Marathi,qwen2.5-coder:7b,विविधता,1.303
2099,& Comment:,mr:,Marathi,qwen2.5-coder:7b,& कॅम्पने:,1.448
2100,Certificate format,mr:,Marathi,qwen2.5-coder:7b,प्रमाणपत्र फॉर्मेट,2.199
2101,required by,mr:,Marathi,qwen2.5-coder:7b,आवश्यक आहे,1.496
2102,Title Page,mr:,Marathi,qwen2.5-coder:7b,प्रथम पृष्ठ,1.419
2103,& Nickname:,mr:,Marathi,qwen2.5-coder:7b,& नावीचे नाव:,1.712
2104,Data size:,mr:,Marathi,qwen2.5-coder:7b,डेटा आकार:,1.469
2105,Best Score,mr:,Marathi,qwen2.5-coder:7b,शक्तिशाली अंक,1.706
2106,Cisco (proprietary),mr:,Marathi,qwen2.5-coder:7b,कोसिस (प्राप्तांत्रिक),2.364
2107,Line Order,mr:,Marathi,qwen2.5-coder:7b,रिंग आयात,1.378
2108,Using Festival-Czech,mr:,Marathi,qwen2.5-coder:7b,फेस्टिवल-चेस्क वापरते,2.632
2109,Binocular,mr:,Marathi,qwen2.5-coder:7b,बिनोक्लर,1.28
2110,Manage Link...,mr:,Marathi,qwen2.5-coder:7b,प्रतिलिंब व्यवस्थित करा...,2.782
2111,Set of characters,mr:,Marathi,qwen2.5-coder:7b,सांख्यिक समूह,1.762
2112,Network Profiles,mr:,Marathi,qwen2.5-coder:7b,नेटवर्क प्रोफाइल्स,2.039
2113,Sound Properties,mr:,Marathi,qwen2.5-coder:7b,संगीताचे प्रॉप्स,2.001
2114,Finished...,mr:,Marathi,qwen2.5-coder:7b,पूर्ण झाला...,1.636
2115,Individual,mr:,Marathi,qwen2.5-coder:7b,आणि व्यक्ती,1.519
2116,Timer Configuration,mr:,Marathi,qwen2.5-coder:7b,समयपासून व्यवस्था,2.243
2117,Revision B:,mr:,Marathi,qwen2.5-coder:7b,परिवर्तन B:,1.484
2118,& DOS file mode,mr:,Marathi,qwen2.5-coder:7b,& DOS फाइल मोड,1.523
2119,Only the & label,mr:,Marathi,qwen2.5-coder:7b,आणि लेबल,1.369
2120,lsm file,mr:,Marathi,qwen2.5-coder:7b,ल्यूसीएम फाईल,1.861
2121,Configuration:,mr:,Marathi,qwen2.5-coder:7b,परिस्थितीकरण:,1.795
2122,& Encrypt,mr:,Marathi,qwen2.5-coder:7b,& एन्क्रिप्ट करा,1.799
2123,Table Environment,mr:,Marathi,qwen2.5-coder:7b,ताबल वातावरण,1.617
2124,Show tabs,mr:,Marathi,qwen2.5-coder:7b,पट्ट्यांदाखवा,1.68
2125,Incidence Serializer,mr:,Marathi,qwen2.5-coder:7b,असर श्रृंखलकर्ता,2.115
2126,KsirK - Goal Display,mr:,Marathi,qwen2.5-coder:7b,क्षीरक - लक्ष्य प्रदर्शन,2.665
2127,& Keep,mr:,Marathi,qwen2.5-coder:7b,& रखा,0.942
2128,ascending,mr:,Marathi,qwen2.5-coder:7b,ascending,0.556
2129,Section Level 1,mr:,Marathi,qwen2.5-coder:7b,अंतर्गत 1 शैली,2.005
2130,Logon path:,mr:,Marathi,qwen2.5-coder:7b,लॉगन पास्था:,1.681
2131,& Never,mr:,Marathi,qwen2.5-coder:7b,& नाहीं,1.126
2132,weightConstVariance,mr:,Marathi,qwen2.5-coder:7b,वजनचा वार्यं,1.751
2133,Attach,mr:,Marathi,qwen2.5-coder:7b,परिसंबोधित करा,1.734
2134,Forwarded: %1,mr:,Marathi,qwen2.5-coder:7b,पुढीलपासून पाठवले: %1,2.467
2135,account,mr:,Marathi,qwen2.5-coder:7b,खाता,0.807
2136,Public key:,mr:,Marathi,qwen2.5-coder:7b,खालील बुळाला:,1.968
2137,Application first run,mr:,Marathi,qwen2.5-coder:7b,प्रथम चालणा,1.47
2138,Owner,mr:,Marathi,qwen2.5-coder:7b,प्राप्तकार,1.265
2139,Yi Radicals,mr:,Marathi,qwen2.5-coder:7b,या राडिकल्स,1.643
2140,Auto Synchronization,mr:,Marathi,qwen2.5-coder:7b,स्वतंत्र संश्लेषण,2.0
2141,system tray,mr:,Marathi,qwen2.5-coder:7b,सिस्टम ट्रेय,1.601
2142,Destination Server Info,mr:,Marathi,qwen2.5-coder:7b,देवस्थान सर्वर जाहीरात,2.799
2143,Obsoletes,mr:,Marathi,qwen2.5-coder:7b,पुरानो असे असते,2.021
2144,Scrollback,mr:,Marathi,qwen2.5-coder:7b,स्क्रॉलबॅॅक,1.777
2145,Organization name:,mr:,Marathi,qwen2.5-coder:7b,संस्थेचे नाव:,1.875
2146,User filter:,mr:,Marathi,qwen2.5-coder:7b,योजक फिल्टर:,1.696
2147,Pixar deflate,mr:,Marathi,qwen2.5-coder:7b,पिक्सर दिल्ली झाली,2.249
2148,Release Info,mr:,Marathi,qwen2.5-coder:7b,प्रकाशन माहिती,1.669
2149,Filter Images manual,mr:,Marathi,qwen2.5-coder:7b,फिल्टर चित्र अनुमान,2.294
2150,sqrt X,mr:,Marathi,qwen2.5-coder:7b,X का वर्गमूल,1.892
2151,group,mr:,Marathi,qwen2.5-coder:7b,ग्रुप,0.809
2152,Postcondition:,mr:,Marathi,qwen2.5-coder:7b,पोस्टकंडिशन:,1.565
2153,Data rate,mr:,Marathi,qwen2.5-coder:7b,देटा रेट,1.194
2154,Choose a file,mr:,Marathi,qwen2.5-coder:7b,फाइल चुना,1.34
2155,minimum size,mr:,Marathi,qwen2.5-coder:7b,मिनिमल आकार,1.502
2156,IT8 linework RLE,mr:,Marathi,qwen2.5-coder:7b,IT8 लाइनवर्ण RLE,2.099
2157,Sound Controls,mr:,Marathi,qwen2.5-coder:7b,संगीत नियंत्रण,1.794
2158,approximately %1,mr:,Marathi,qwen2.5-coder:7b,आणि अनुमानात आहे %1,2.23
2159,Impossible?,mr:,Marathi,qwen2.5-coder:7b,असंभव आहे?,1.459
2160,Audio Section,mr:,Marathi,qwen2.5-coder:7b,आवडणे खंड,1.351
2161,operating system,mr:,Marathi,qwen2.5-coder:7b,चालणाची प्रणाली,1.712
2162,Has voice,mr:,Marathi,qwen2.5-coder:7b,वाक्याचे आहे,1.642
2163,Main developers,mr:,Marathi,qwen2.5-coder:7b,मुख्य विकासकर्ता,2.096
2164,Frame color:,mr:,Marathi,qwen2.5-coder:7b,फ्रेम कार्यालय:,1.73
2165,The Project Menu,mr:,Marathi,qwen2.5-coder:7b,परियोजना मेनू,1.722
2166,& Document class options:,mr:,Marathi,qwen2.5-coder:7b,& दस्तऐवजीकरण विकल्प:,2.545
2167,Thumbnail Size:,mr:,Marathi,qwen2.5-coder:7b,मोठी आकार:,1.572
2168,PhoneBook,mr:,Marathi,qwen2.5-coder:7b,फोन बुक,1.127
2169,Shooting time,mr:,Marathi,qwen2.5-coder:7b,शॅटिंग वेळ,1.536
2170,"Remove From ""%1""",mr:,Marathi,qwen2.5-coder:7b,उन्हा घेण्यात ठेवा,2.437
2171,changed,mr:,Marathi,qwen2.5-coder:7b,परिवर्तन झाला,1.747
2172,Main angle:,mr:,Marathi,qwen2.5-coder:7b,मुख्य कोण्ठाचा:,1.852
2173,& Files,mr:,Marathi,qwen2.5-coder:7b,& फाइल्स,1.292
2174,Item overwritten...,mr:,Marathi,qwen2.5-coder:7b,आयाम वाढवले...,1.722
2175,Activation Gestures,mr:,Marathi,qwen2.5-coder:7b,सक्रियता गेस्टर्स,2.203
2176,Swirl,mr:,Marathi,qwen2.5-coder:7b,विविधता,1.143
2177,& Unscramble (Rot 13),mr:,Marathi,qwen2.5-coder:7b,& अनुसारण करा (रोट 13),2.644
2178,Unpacking,mr:,Marathi,qwen2.5-coder:7b,अनुकल्पन करण्यात आहे,2.302
2179,Widget Configuration,mr:,Marathi,qwen2.5-coder:7b,विडेट कॉन्फिगरेशन,2.132
2180,Audio Files,mr:,Marathi,qwen2.5-coder:7b,ऑडियो फाइल्स,1.612
2181,Color Registration,mr:,Marathi,qwen2.5-coder:7b,पारंपारिक रंग रजिस्ट्री,2.541
2182,Play Track,mr:,Marathi,qwen2.5-coder:7b,प्रतिनिधी खेला,1.746
2183,Name of variable:,mr:,Marathi,qwen2.5-coder:7b,नावाचे नाव:,1.646
2184,English (Belize),mr:,Marathi,qwen2.5-coder:7b,अंग्रेजी (बेलजी),1.866
2185,Administrator,mr:,Marathi,qwen2.5-coder:7b,प्रशासकीय,1.17
2186,Proxy Collection,mr:,Marathi,qwen2.5-coder:7b,प्रोक्सी संग्रहण,1.747
2187,Extended booleans,mr:,Marathi,qwen2.5-coder:7b,विस्तृत बॉलीटन्स,2.513
2188,EcoBlack,mr:,Marathi,qwen2.5-coder:7b,इकोब्लॅक्क,1.624
2189,Middle Name,mr:,Marathi,qwen2.5-coder:7b,मध्यनाव्या नावासाठी,2.372
2190,Progress:,mr:,Marathi,qwen2.5-coder:7b,प्रगती:,0.991
2191,The WBS,mr:,Marathi,qwen2.5-coder:7b,व्हीबीएस,1.23
2192,*** Aborted ***,mr:,Marathi,qwen2.5-coder:7b,*** रोकला गेला आहे ***,2.278
2193,Stacking order,mr:,Marathi,qwen2.5-coder:7b,स्टॅकिंग आयाम,1.88
2194,Using & kmousetool;,mr:,Marathi,qwen2.5-coder:7b,उपयोग & kmousetool;,1.813
2195,Copy rule,mr:,Marathi,qwen2.5-coder:7b,राणी करणा,1.217
2196,Wood,mr:,Marathi,qwen2.5-coder:7b,पाटी,0.799
2197,Head 2,mr:,Marathi,qwen2.5-coder:7b,पाठ्यक्रम 2,1.435
2198,In weeks,mr:,Marathi,qwen2.5-coder:7b,आणि वाजांद्वारा,1.956
2199,Number Forms,mr:,Marathi,qwen2.5-coder:7b,संख्या रूपांसाठी,2.189
2200,Card Deck Selection,mr:,Marathi,qwen2.5-coder:7b,चार्ड डीक चुनाव,2.006
2201,Open Cube,mr:,Marathi,qwen2.5-coder:7b,क्यूब खोला,1.588
2202,Point at,mr:,Marathi,qwen2.5-coder:7b,पूरा करण्यासाठी,2.154
2203,Test Sync,mr:,Marathi,qwen2.5-coder:7b,परीक्षा संक्षेपण,1.86
2204,Device name,mr:,Marathi,qwen2.5-coder:7b,उपलब्ध वापरकारीचे नाव,2.453
2205,KGpg - encryption tool,mr:,Marathi,qwen2.5-coder:7b,KGpg - एन्क्रिप्शन टूल,2.388
2206,Initial activity,mr:,Marathi,qwen2.5-coder:7b,आरक्षित क्रिया,1.66
2207,Markers,mr:,Marathi,qwen2.5-coder:7b,मार्कर्स,1.216
2208,Account & disabled,mr:,Marathi,qwen2.5-coder:7b,खाता अक्षम झाला,1.958
2209,Remove Torrent,mr:,Marathi,qwen2.5-coder:7b,टॉरंट अड्वारा काढून केला जाऊ शकतो.,3.887
2210,Leo,mr:,Marathi,qwen2.5-coder:7b,लोईो,0.818
2211,Versions,mr:,Marathi,qwen2.5-coder:7b,वर्णने,0.969
2212,Multiple monitors,mr:,Marathi,qwen2.5-coder:7b,मल्याला वाजवीय चालना,2.332
2213,Button name:,mr:,Marathi,qwen2.5-coder:7b,नावाचे नाव:,1.604
2214,2 Weeks,mr:,Marathi,qwen2.5-coder:7b,2 व्या वाजांचे,1.816
2215,HP Iron-on T-shirt Transfers,mr:,Marathi,qwen2.5-coder:7b,हीपी आणि ताराचे टांश्यांचे ट्रांफर्स,3.991
2216,Terminal Features,mr:,Marathi,qwen2.5-coder:7b,तर्मिनल वैशिष्ट्ये,2.294
2217,Template Actions,mr:,Marathi,qwen2.5-coder:7b,पट्टीचे कार्यांचे अवलोकन,2.742
2218,Software Management,mr:,Marathi,qwen2.5-coder:7b,सॉफ्टवेअर प्रबंधन,1.99
2219,CD Configuration,mr:,Marathi,qwen2.5-coder:7b,CD गुननीयता,1.438
2220,Gamma Black,mr:,Marathi,qwen2.5-coder:7b,गम्मा बाल्क,1.51
2221,"Unable to find ""%1"".",mr:,Marathi,qwen2.5-coder:7b,"किंवा ""%1"" खालील आहे.",2.614
2222,Cut-off distance,mr:,Marathi,qwen2.5-coder:7b,कट्टी दूरी,1.538
2223,KDE-Classic,mr:,Marathi,qwen2.5-coder:7b,KDE-स्वतंत्र,1.458
2224,Late Finish,mr:,Marathi,qwen2.5-coder:7b,पुढील समाप्ती,1.772
2225,File Selector,mr:,Marathi,qwen2.5-coder:7b,फाइल चुनावकार,1.775
2226,Device,mr:,Marathi,qwen2.5-coder:7b,उपलब्धी,1.155
2227,Five,mr:,Marathi,qwen2.5-coder:7b,पाचे,0.845
2228,Last,mr:,Marathi,qwen2.5-coder:7b,पिछ्ला,1.018
2229,KDE network manager,mr:,Marathi,qwen2.5-coder:7b,कडे नेटवर्क मॅनेजर,2.225
2230,KResource Migration Tool,mr:,Marathi,qwen2.5-coder:7b,क्रियाशास्त्र आणि वास्तविकता अंतर्गत अंतर्गत अंतर्गत अंतर्गत अंतर्गत अंतर्गत अंतर्गत अंतर्गत अंतर्गत अ,10.213
2231,DeskJet 970C with Duplexer,mr:,Marathi,qwen2.5-coder:7b,डेस्कजेट 970C जागीने,2.826
2232,Fancy Formatting,mr:,Marathi,qwen2.5-coder:7b,मोजगी फॉर्मॅटिंग,2.309
2233,Health Information,mr:,Marathi,qwen2.5-coder:7b,स्वास्थ्य जागरण,2.007
2234,Navigate,mr:,Marathi,qwen2.5-coder:7b,नाविगेट,1.125
2235,Separator,mr:,Marathi,qwen2.5-coder:7b,विभाजक,1.186
2236,countries,mr:,Marathi,qwen2.5-coder:7b,देशांची यादी,1.554
2237,Lower boundary,mr:,Marathi,qwen2.5-coder:7b,निम्न सीमा,1.328
2238,AstroInfo: Table of Contents,mr:,Marathi,qwen2.5-coder:7b,आस्ट्रोइनफो: सामग्रीचा सादर,2.944
2239,Minimum width:,mr:,Marathi,qwen2.5-coder:7b,मिनिमल चौंद:,1.885
2240,Difficulty level:,mr:,Marathi,qwen2.5-coder:7b,त्रुटीचे स्तर:,1.593
2241,Info Data Engine,mr:,Marathi,qwen2.5-coder:7b,इंफो डेटा इंजिन,1.897
2242,Circular Arrow,mr:,Marathi,qwen2.5-coder:7b,आर्को चक्रीय चाला,2.057
2243,Samba Status Information,mr:,Marathi,qwen2.5-coder:7b,संबा स्थिती माहिती,2.057
2244,KDevelop4 Project Files,mr:,Marathi,qwen2.5-coder:7b,कडेवॅप्रोजेक्ट फाइल्स,2.654
2245,Hor. Stretch,mr:,Marathi,qwen2.5-coder:7b,होर. विस्तार करा,2.238
2246,Your version (A):,mr:,Marathi,qwen2.5-coder:7b,आपचे वर्षण (A):,1.824
2247,Filter Optimization,mr:,Marathi,qwen2.5-coder:7b,फिल्टर अनुकूलन,1.923
2248,Target,mr:,Marathi,qwen2.5-coder:7b,मान्यता,1.299
2249,Window Action,mr:,Marathi,qwen2.5-coder:7b,जनक अक्षरण,1.6
2250,Canvas color:,mr:,Marathi,qwen2.5-coder:7b,कावनस कार्यालयाचा रंग:,2.6
2251,The & k3b; & DCOP; Interface,mr:,Marathi,qwen2.5-coder:7b,& k3b; & DCOP; अभ्यासक्रमण,2.86
2252,KWin helper utility,mr:,Marathi,qwen2.5-coder:7b,कव्हिन हॅप्पीटीलीटी,2.468
2253,"Bug: who should be 0, 1 or 2.",mr:,Marathi,qwen2.5-coder:7b,"परंतु: कोणी 0, 1 या 2 असात आहे.",3.945
2254,Shading,mr:,Marathi,qwen2.5-coder:7b,शेडिंग,1.057
2255,Crosses,mr:,Marathi,qwen2.5-coder:7b,क्रूर्या,1.255
2256,Mtp Device,mr:,Marathi,qwen2.5-coder:7b,म्याटप डिवाइस,1.781
2257,Raw Image Converter,mr:,Marathi,qwen2.5-coder:7b,चालू चित्र चौंदकारी,2.668
2258,Bank number,mr:,Marathi,qwen2.5-coder:7b,बँक नंबर,1.312
2259,Cleared: %1,mr:,Marathi,qwen2.5-coder:7b,सुरू झाली: %1,1.97
2260,Summaries,mr:,Marathi,qwen2.5-coder:7b,सारांशे,1.162
2261,Item skipped...,mr:,Marathi,qwen2.5-coder:7b,आयाम अवशेषित केले गेले...,2.681
2262,Segment Axis,mr:,Marathi,qwen2.5-coder:7b,अंतर्गतील अक्ष,1.9
2263,Books,mr:,Marathi,qwen2.5-coder:7b,पुस्तके,1.08
2264,Mýrdalsjökull Glacier,mr:,Marathi,qwen2.5-coder:7b,म्युर्दल्सजोक्कल ग्लैसर,2.999
2265,turn off,mr:,Marathi,qwen2.5-coder:7b,फक्त घेणा,1.374
2266,Max. Packet Size %1,mr:,Marathi,qwen2.5-coder:7b,माहिती असते: अंतर्गत अधिकारी असणे या विशेष असणे या विशेष असणे या विशेष असणे या विशेष असणे या विशेष अ,10.568
2267,System Info Center,mr:,Marathi,qwen2.5-coder:7b,सिस्टम जाहिरात केंद्र,2.385
2268,Target port,mr:,Marathi,qwen2.5-coder:7b,टॅगर पोर्ट,1.673
2269,Length: %1,mr:,Marathi,qwen2.5-coder:7b,आयाम: %1,1.195
2270,Candle,mr:,Marathi,qwen2.5-coder:7b,चांदी,0.924
2271,& Temperature:,mr:,Marathi,qwen2.5-coder:7b,& तापमान:,1.399
2272,OpenVPN selection,mr:,Marathi,qwen2.5-coder:7b,वेबप्रोफाइल चुनाव,2.138
2273,Real Name:,mr:,Marathi,qwen2.5-coder:7b,नाव असे:,1.219
2274,Fruit Tea,mr:,Marathi,qwen2.5-coder:7b,फूट चाय,1.225
2275,Publisher,mr:,Marathi,qwen2.5-coder:7b,प्रकाशक,1.056
2276,Kolab server name,mr:,Marathi,qwen2.5-coder:7b,कोलब सर्वरचे नाव,1.996
2277,Layout Tool,mr:,Marathi,qwen2.5-coder:7b,पॅक्ट टूल,1.555
2278,Delete,mr:,Marathi,qwen2.5-coder:7b,हटाणा,0.909
2279,Replied,mr:,Marathi,qwen2.5-coder:7b,परंपरण केला,1.405
2280,Unsubscribe,mr:,Marathi,qwen2.5-coder:7b,अपन्याची निरोक्ता करणा,2.52
2281,Directory Merge,mr:,Marathi,qwen2.5-coder:7b,डिरेक्ट्री मर्ग करणे,2.376
2282,Mid Point,mr:,Marathi,qwen2.5-coder:7b,मध्य बिंदू,1.607
2283,50% of Node,mr:,Marathi,qwen2.5-coder:7b,50% नोड्याचे,1.704
2284,Above:,mr:,Marathi,qwen2.5-coder:7b,उपरी:,0.893
2285,XML Completion,mr:,Marathi,qwen2.5-coder:7b,XML पुराण झाला,1.56
2286,Preparer:,mr:,Marathi,qwen2.5-coder:7b,प्रूफ़र:,1.378
2287,Location: %1,mr:,Marathi,qwen2.5-coder:7b,स्थान: %1,1.346
2288,Choqok - Disabled,mr:,Marathi,qwen2.5-coder:7b,चोकोक - अक्षम,1.751
2289,Plugin development,mr:,Marathi,qwen2.5-coder:7b,प्लगइन विकास,1.67
2290,Root Directory...,mr:,Marathi,qwen2.5-coder:7b,मूळ दिशा...,1.514
2291,Source name,mr:,Marathi,qwen2.5-coder:7b,स्रोताचे नाव,1.519
2292,In Use,mr:,Marathi,qwen2.5-coder:7b,प्रयोगात,1.412
2293,Average value:,mr:,Marathi,qwen2.5-coder:7b,माध्यमीय मूल्य:,2.078
2294,Delete item '%1 '?,mr:,Marathi,qwen2.5-coder:7b,पदाचे मिळणे '%1'?,2.111
2295,Frequency: %1,mr:,Marathi,qwen2.5-coder:7b,फ्रिजनसी: %1,1.53
2296,SO-30 Bulk Sorter,mr:,Marathi,qwen2.5-coder:7b,SO-30 बॅक्लू सोर्टर,2.549
2297,of Aban,mr:,Marathi,qwen2.5-coder:7b,अभणातील,1.216
2298,Town,mr:,Marathi,qwen2.5-coder:7b,गाव,0.715
2299,French Horn,mr:,Marathi,qwen2.5-coder:7b,फ्रेंच हॉर्न,1.556
2300,British English (en-gb),mr:,Marathi,qwen2.5-coder:7b,ब्रिटिश अंग्रेजी (en-gb),2.614
2301,flashcard,mr:,Marathi,qwen2.5-coder:7b,फ्लॅशकार्ड,1.545
2302,Border Preview,mr:,Marathi,qwen2.5-coder:7b,परिसर पूर्वीकृत करणे,2.341
2303,& Nickname; watch list.,mr:,Marathi,qwen2.5-coder:7b,& नावीचे दर्शवर्ती तपशील.,3.15
2304,User workstations:,mr:,Marathi,qwen2.5-coder:7b,योग्यकारी कार्यस्थानांचे:,3.079
2305,Boring blue,mr:,Marathi,qwen2.5-coder:7b,बाजूल लाला,1.556
2306,Blend,mr:,Marathi,qwen2.5-coder:7b,मिळवणा,0.979
2307,The Canvas,mr:,Marathi,qwen2.5-coder:7b,कावनस,0.945
2308,Capacity: %1,mr:,Marathi,qwen2.5-coder:7b,काहीतरी: %1,1.518
2309,LightSteelBlue2,mr:,Marathi,qwen2.5-coder:7b,लाईटस्टीलब्लू2,2.08
2310,Monday,mr:,Marathi,qwen2.5-coder:7b,मंगलवार,1.086
2311,"Ndebele, South",mr:,Marathi,qwen2.5-coder:7b,"न्देबेल, दक्षिण",2.012
2312,(unknown),mr:,Marathi,qwen2.5-coder:7b,अजाद,0.85
2313,& Create,mr:,Marathi,qwen2.5-coder:7b,& निर्माण करणा,1.691
2314,Indent:,mr:,Marathi,qwen2.5-coder:7b,प्रतिबंध:,1.354
2315,Bagpipe,mr:,Marathi,qwen2.5-coder:7b,बगपाइप,1.081
2316,Scale to,mr:,Marathi,qwen2.5-coder:7b,स्केल करण्यासाठी,1.958
2317,Translation & Memory,mr:,Marathi,qwen2.5-coder:7b,प्रशासन आणि संदर्भ,2.102
2318,DNG Image Converter,mr:,Marathi,qwen2.5-coder:7b,डीएनजी चालक,1.649
2319,Mail Alert,mr:,Marathi,qwen2.5-coder:7b,मिळाला अलर्ट,1.672
2320,Snapping,mr:,Marathi,qwen2.5-coder:7b,संकटीत झाला,1.548
2321,show,mr:,Marathi,qwen2.5-coder:7b,दिखावा,1.027
2322,& Entity Relationship Diagram...,mr:,Marathi,qwen2.5-coder:7b,& एन्टिटी रिश्वास चित्र...,2.785
2323,ImagePlugin_FilmGrain,mr:,Marathi,qwen2.5-coder:7b,फिल्म ग्रेन,1.649
2324,Blue:,mr:,Marathi,qwen2.5-coder:7b,बूँदचा रंग:,1.722
2325,training,mr:,Marathi,qwen2.5-coder:7b,त्रेनिंग,1.156
2326,Search Scope,mr:,Marathi,qwen2.5-coder:7b,खोज स्कोप,1.209
2327,& Visibility:,mr:,Marathi,qwen2.5-coder:7b,& दृष्टिकोण:,1.668
2328,Docbook List Wizard,mr:,Marathi,qwen2.5-coder:7b,डॉक्बुक लिस्ट विज्ञान,2.626
2329,Rate:,mr:,Marathi,qwen2.5-coder:7b,मूल्यांकन:,1.567
2330,Gantt Chart,mr:,Marathi,qwen2.5-coder:7b,गंट चार्ट,1.423
2331,Brown Tone,mr:,Marathi,qwen2.5-coder:7b,ब्रोन्य टोन,1.463
2332,Default folder:,mr:,Marathi,qwen2.5-coder:7b,डिफॉल्ट फोल्डर:,1.988
2333,Education,mr:,Marathi,qwen2.5-coder:7b,शिक्षा,1.037
2334,Silent,mr:,Marathi,qwen2.5-coder:7b,सर्वात अन्य,1.489
2335,Black hole,mr:,Marathi,qwen2.5-coder:7b,बाल्क होल्ड,1.419
2336,New:,mr:,Marathi,qwen2.5-coder:7b,नवीन:,0.929
2337,& New Game...,mr:,Marathi,qwen2.5-coder:7b,&नवीन खेळ...,1.508
2338,Entity Constraints,mr:,Marathi,qwen2.5-coder:7b,संस्थापनाचे संरिक्षणे,2.39
2339,84 Points,mr:,Marathi,qwen2.5-coder:7b,84 अंके,1.166
2340,Partition Editor,mr:,Marathi,qwen2.5-coder:7b,पार्टिशन संपादक,1.798
2341,Data Mode,mr:,Marathi,qwen2.5-coder:7b,डेटा मोड,1.192
2342,Class of printers,mr:,Marathi,qwen2.5-coder:7b,प्रिंटरांचे कक्षा,2.01
2343,Used Mirrors:,mr:,Marathi,qwen2.5-coder:7b,प्रयोग केलेले दर्शकांचे:,2.802
2344,Ships,mr:,Marathi,qwen2.5-coder:7b,शिप्स,0.98
2345,& Update interval:,mr:,Marathi,qwen2.5-coder:7b,&अपडेट अंतराल:,1.915
2346,As Child,mr:,Marathi,qwen2.5-coder:7b,जातीला,1.303
2347,Amazon (Germany),mr:,Marathi,qwen2.5-coder:7b,अमाजन (जर्मनी),1.731
2348,Variable,mr:,Marathi,qwen2.5-coder:7b,परिवर्तनीय,1.366
2349,June,mr:,Marathi,qwen2.5-coder:7b,जून,0.808
2350,Recurrence Range,mr:,Marathi,qwen2.5-coder:7b,पुनरावर्तन क्रमांक,1.987
2351,System Activity,mr:,Marathi,qwen2.5-coder:7b,सिस्टम अभ्यास,1.775
2352,System Information,mr:,Marathi,qwen2.5-coder:7b,सистем जाहीरात,1.374
2353,Sides:,mr:,Marathi,qwen2.5-coder:7b,पासे:,0.909
2354,Total Time,mr:,Marathi,qwen2.5-coder:7b,समाप्तीय समय,1.475
2355,Black Tea,mr:,Marathi,qwen2.5-coder:7b,काला चाय,1.214
2356,Orbital mode,mr:,Marathi,qwen2.5-coder:7b,आर्बिटल मोड,1.47
2357,Disabled Burnfree,mr:,Marathi,qwen2.5-coder:7b,डिसेबल्ड बर्फ्री,2.203
2358,Selection Tools,mr:,Marathi,qwen2.5-coder:7b,चयन टूल्स,1.495
2359,Centering,mr:,Marathi,qwen2.5-coder:7b,मध्यमाकरण,1.338
2360,& Tense:,mr:,Marathi,qwen2.5-coder:7b,&Tense:,0.788
2361,No Items,mr:,Marathi,qwen2.5-coder:7b,नाहीत आपणाला आहे,2.134
2362,Isobars,mr:,Marathi,qwen2.5-coder:7b,इसोबार्स,1.306
2363,"(c) 2002-2010, digiKam developers team",mr:,Marathi,qwen2.5-coder:7b,"(२००२-२०१०, दिगीकाम विकासकार टीम)",4.852
2364,AAC sound,mr:,Marathi,qwen2.5-coder:7b,AAC शैलीचा शब्द,1.802
2365,HSV Adjustment,mr:,Marathi,qwen2.5-coder:7b,ह्यूएसवी अप्पाडूना राखणे,2.894
2366,Duplexing,mr:,Marathi,qwen2.5-coder:7b,डुप्लिकिंग,1.488
2367,Word Processor,mr:,Marathi,qwen2.5-coder:7b,पासारख्या संस्कृती,2.165
2368,Enhanced,mr:,Marathi,qwen2.5-coder:7b,उत्तरदायक,1.357
2369,Session Preferences,mr:,Marathi,qwen2.5-coder:7b,सत्राचे पसंदीदा,1.809
2370,Custom 8,mr:,Marathi,qwen2.5-coder:7b,स्वचाता ८,1.505
2371,Color Transfer,mr:,Marathi,qwen2.5-coder:7b,कार्यात्मक रंग परिवर्तन,2.729
2372,Actions,mr:,Marathi,qwen2.5-coder:7b,कार्यांचे विस्तार,2.189
2373,Difference,mr:,Marathi,qwen2.5-coder:7b,अंतर,0.825
2374,Directory Size,mr:,Marathi,qwen2.5-coder:7b,दिशा आकार,1.331
2375,Certificate Dump,mr:,Marathi,qwen2.5-coder:7b,प्रमाणपत्र डॉम्प,1.922
2376,ATM Networking,mr:,Marathi,qwen2.5-coder:7b,आटएम नेटवर्किंग,2.013
2377,Desktop Overview,mr:,Marathi,qwen2.5-coder:7b,पत्ता विश्लेषण,1.883
2378,Lao Kip,mr:,Marathi,qwen2.5-coder:7b,लाऊ किप,1.098
2379,Algerian Dinar,mr:,Marathi,qwen2.5-coder:7b,अलजेरियन डिनर,1.786
2380,Media Source,mr:,Marathi,qwen2.5-coder:7b,मीडिया स्रोत,1.421
2381,Life time,mr:,Marathi,qwen2.5-coder:7b,महत्त्वाचे समय,1.716
2382,Extrusion,mr:,Marathi,qwen2.5-coder:7b,प्रसारण,1.078
2383,Look,mr:,Marathi,qwen2.5-coder:7b,पाहण्यात आहे,1.532
2384,Policy,mr:,Marathi,qwen2.5-coder:7b,नियम,0.787
2385,Flip Over,mr:,Marathi,qwen2.5-coder:7b,फिलप ओवर,1.247
2386,Value in Y,mr:,Marathi,qwen2.5-coder:7b,व्यापकता या या,1.895
2387,& Rating,mr:,Marathi,qwen2.5-coder:7b,& रेटिंग,1.305
2388,Notification from %1,mr:,Marathi,qwen2.5-coder:7b,सूचना आयताचे %1,2.249
2389,Rotation:,mr:,Marathi,qwen2.5-coder:7b,रोटेशन:,1.208
2390,Bridges,mr:,Marathi,qwen2.5-coder:7b,"पुढील शब्दांची अनुवाद देण्यात आहे:

पुढील शब्दांची अनुवाद देण्यात आहे:

पुढील शब्दांची अनुवाद देण्यात आह",10.367
2391,March,mr:,Marathi,qwen2.5-coder:7b,मार्च,0.908
2392,Dig Deep,mr:,Marathi,qwen2.5-coder:7b,दूरी जाला,1.404
2393,KSnake: Single player,mr:,Marathi,qwen2.5-coder:7b,कस्नेक: एकल खेळ,2.128
2394,Certification,mr:,Marathi,qwen2.5-coder:7b,प्रमाणपत्र,1.281
2395,Blue Curve,mr:,Marathi,qwen2.5-coder:7b,बूँदी वक्र,1.498
2396,& General MIDI,mr:,Marathi,qwen2.5-coder:7b,& जनार्ड माइडी,1.759
2397,Finishings:,mr:,Marathi,qwen2.5-coder:7b,पूर्णांतरणे:,1.815
2398,Asia/ Manila,mr:,Marathi,qwen2.5-coder:7b,आशिया/मंगलाबाडी,1.993
2399,Connected:,mr:,Marathi,qwen2.5-coder:7b,संबंधित:,1.272
2400,wait X,mr:,Marathi,qwen2.5-coder:7b,प्रतीक्रिया झाली असारख्या तारख्या असा आहे,4.503
2401,Brackets,mr:,Marathi,qwen2.5-coder:7b,कोण्यातील वापरणे आणि निर्माण करणे योग्य ब्रॅकेट्स,5.325
2402,KHelpCenter Index Builder,mr:,Marathi,qwen2.5-coder:7b,कहाला इंडेक्स बिल्डर,2.614
2403,Case Insensitive,mr:,Marathi,qwen2.5-coder:7b,वापरक्रमानिरंजनी,2.182
2404,Keyboard,mr:,Marathi,qwen2.5-coder:7b,कुंजीपट्टी,1.47
2405,& QuickBuild configuration:,mr:,Marathi,qwen2.5-coder:7b,& व्यवस्था व्यवस्था:,2.516
2406,Spanish peseta,mr:,Marathi,qwen2.5-coder:7b,स्पेनिश पेसेटा,1.859
2407,libssh2 Developers,mr:,Marathi,qwen2.5-coder:7b,डेवलपर्स लाबस्ख्यूट्स,2.947
2408,currentValue,mr:,Marathi,qwen2.5-coder:7b,वर्तमान मूल्य,1.73
2409,History size:,mr:,Marathi,qwen2.5-coder:7b,इतिहास आकार:,1.625
2410,& New,mr:,Marathi,qwen2.5-coder:7b,& नवीन,1.092
2411,Cell Format,mr:,Marathi,qwen2.5-coder:7b,शेल्ड फॅमॅट,1.814
2412,Placement:,mr:,Marathi,qwen2.5-coder:7b,स्थापना:,1.288
2413,quick start,mr:,Marathi,qwen2.5-coder:7b,त्याची शुरुवत,1.91
2414,Free/ busy,mr:,Marathi,qwen2.5-coder:7b,स्वतंत्र/ खाली,2.02
2415,Bracket highlight:,mr:,Marathi,qwen2.5-coder:7b,कोड अंदाजाचे उल्लेख:,2.585
2416,& Remove Sensor,mr:,Marathi,qwen2.5-coder:7b,&सेंसर घटाणा,1.778
2417,Symmetric Point,mr:,Marathi,qwen2.5-coder:7b,समान्तर बिंदू,1.94
2418,& User,mr:,Marathi,qwen2.5-coder:7b,& व्यक्ती,1.344
2419,Close Object,mr:,Marathi,qwen2.5-coder:7b,वस्तू बंद करणे,1.864
2420,Adblock disabled,mr:,Marathi,qwen2.5-coder:7b,अडब्लॉक अक्षम किले,2.354
2421,Nepomuk PIMO Resource Editor,mr:,Marathi,qwen2.5-coder:7b,नेपोमुक पीमो संसाधन संपादक,3.022
2422,& Selected Addresses,mr:,Marathi,qwen2.5-coder:7b,& चुनून केलेल्या पत्ते,2.519
2423,Solution Moves,mr:,Marathi,qwen2.5-coder:7b,सोल्युशन मोव्स,1.795
2424,helpviewer,mr:,Marathi,qwen2.5-coder:7b,मदत वेचालक,1.466
2425,Caps Lock is enabled,mr:,Marathi,qwen2.5-coder:7b,कॅप्स लॉक अक्षम आहे,2.688
2426,Temperature Unit,mr:,Marathi,qwen2.5-coder:7b,तापाचे यंत्र,1.616
2427,Updated,mr:,Marathi,qwen2.5-coder:7b,अपडेट केले गेले,1.786
2428,Star Tool,mr:,Marathi,qwen2.5-coder:7b,स्टार टूल,1.477
2429,of Muharram,mr:,Marathi,qwen2.5-coder:7b,मुहर्रमाच्या विशेषतांमधून,3.103
2430,Ratings,mr:,Marathi,qwen2.5-coder:7b,रेटिंग्स,1.291
2431,Activity Transition,mr:,Marathi,qwen2.5-coder:7b,प्रयोग अनुयायी,1.97
2432,Report Design,mr:,Marathi,qwen2.5-coder:7b,रिपोर्ट डिजाइन,1.876
2433,"Artist ""%1"" from %2",mr:,Marathi,qwen2.5-coder:7b,आर्थिस %1 आणि %2 मध्ये,2.788
2434,24-hour format,mr:,Marathi,qwen2.5-coder:7b,24-प्रश्नमान आणि वेळ,2.482
2435,KGame Pointer,mr:,Marathi,qwen2.5-coder:7b,कगेम दिस्वारा,1.807
2436,Newspaper activity,mr:,Marathi,qwen2.5-coder:7b,न्यायालय अभ्यास,2.077
2437,Girl,mr:,Marathi,qwen2.5-coder:7b,महिला,0.929
2438,Resource:,mr:,Marathi,qwen2.5-coder:7b,संस्कृती:,1.449
2439,World Domination Strategy Game,mr:,Marathi,qwen2.5-coder:7b,पृथ्वी जीवनाचे निर्माण खेळ,3.291
2440,Other,mr:,Marathi,qwen2.5-coder:7b,अन्याचे,1.111
2441,Recording folder:,mr:,Marathi,qwen2.5-coder:7b,मार्गणे वलेले फोल्डर:,2.497
2442,& Highlighting,mr:,Marathi,qwen2.5-coder:7b,& अंशांना अंशांना अंशांना अंशांना अंशांना अंशांना अंशांना अंशांना अंशांना अंशांना अंशांना अंशांना अं,10.43
2443,& Fine Tuning,mr:,Marathi,qwen2.5-coder:7b,& फाइन टूनिंग,1.916
2444,Tea List,mr:,Marathi,qwen2.5-coder:7b,चाय यादी,1.331
2445,Unit management,mr:,Marathi,qwen2.5-coder:7b,मास्त्री व्यवस्था,2.094
2446,Picture Properties,mr:,Marathi,qwen2.5-coder:7b,प्रतीकाचे प्रॉप्स,1.884
2447,Save License,mr:,Marathi,qwen2.5-coder:7b,लाइसेंस साठी सेवा करा,2.457
2448,HTMLPreview,mr:,Marathi,qwen2.5-coder:7b,HTMLप्रभावीतरी,1.484
2449,Show a Contact,mr:,Marathi,qwen2.5-coder:7b,संपर्क दाखवा,1.888
2450,Date & & Time,mr:,Marathi,qwen2.5-coder:7b,दिनांक आणि समय,1.77
2451,Cisco - Workgroup switch,mr:,Marathi,qwen2.5-coder:7b,कासिओस - कार्यग्रुप स्विच,2.514
2452,Pay to,mr:,Marathi,qwen2.5-coder:7b,पाया करण्यासाठी,1.775
2453,< Generic >,mr:,Marathi,qwen2.5-coder:7b,< सामान्य >,1.423
2454,slider,mr:,Marathi,qwen2.5-coder:7b,स्लाइडर,1.11
2455,"Yellow, Black",mr:,Marathi,qwen2.5-coder:7b,"पीले, काले",1.381
2456,of Shvat,mr:,Marathi,qwen2.5-coder:7b,श्वतातील,1.253
2457,Main directory,mr:,Marathi,qwen2.5-coder:7b,मुख्य दस्तऐवज,1.741
2458,Interpolate,mr:,Marathi,qwen2.5-coder:7b,प्रतिस्थापन करणे,2.111
2459,Update Source,mr:,Marathi,qwen2.5-coder:7b,असे अद्ययात अद्ययात अद्ययात अद्ययात अद्ययात अद्ययात अद्ययात अद्ययात अद्ययात अद्ययात अद्ययात अद्ययात,10.223
2460,0x00 (None),mr:,Marathi,qwen2.5-coder:7b,0x00 (कोणते नाही),2.098
2461,Left of,mr:,Marathi,qwen2.5-coder:7b,पासून,1.24
2462,SXM Files,mr:,Marathi,qwen2.5-coder:7b,सीएम फाईल्स,1.632
2463,In-Painting,mr:,Marathi,qwen2.5-coder:7b,प्रवेश रंगीत करणे,2.017
2464,of November,mr:,Marathi,qwen2.5-coder:7b,of November,0.849
2465,Dependencies:,mr:,Marathi,qwen2.5-coder:7b,परिवादे:,1.342
2466,Quick search:,mr:,Marathi,qwen2.5-coder:7b,त्याचा त्याचा खोज:,2.316
2467,DVD-R Sequential,mr:,Marathi,qwen2.5-coder:7b,डीवीडी-एर सर्वात श्रेणी,2.683
2468,Single Player,mr:,Marathi,qwen2.5-coder:7b,एकल खेळ,1.163
2469,Forest,mr:,Marathi,qwen2.5-coder:7b,जंगल,0.836
2470,Xsldbg Entities,mr:,Marathi,qwen2.5-coder:7b,एसएसलडब्ग एन्टिटीज़,2.464
2471,Conclusion,mr:,Marathi,qwen2.5-coder:7b,परिणामांक,1.335
2472,Purchase,mr:,Marathi,qwen2.5-coder:7b,खरेदी करणा,1.286
2473,interface skin,mr:,Marathi,qwen2.5-coder:7b,इंटरफ़ेस स्किन,1.806
2474,knots,mr:,Marathi,qwen2.5-coder:7b,कोट्या,1.085
2475,XY grid resolution,mr:,Marathi,qwen2.5-coder:7b,XY ग्रिड रिश्लेशन,2.096
2476,Bond Length,mr:,Marathi,qwen2.5-coder:7b,बंड लंबी,1.274
2477,Logic Game,mr:,Marathi,qwen2.5-coder:7b,लॉजिक खेळ,1.414
2478,Upload Lists,mr:,Marathi,qwen2.5-coder:7b,प्रसारित करणे,1.486
2479,Background object color:,mr:,Marathi,qwen2.5-coder:7b,पृथ्वीचे वस्तूना कार्यात्मक रंग:,3.707
2480,Destination File,mr:,Marathi,qwen2.5-coder:7b,फाइल अनुक्रमण्यात,2.109
2481,Dialogs,mr:,Marathi,qwen2.5-coder:7b,डिलॅग्स,1.263
2482,Current,mr:,Marathi,qwen2.5-coder:7b,आणि अधिकारी अनुमान आणि अनुमान अनुमान अनुमान अनुमान अनुमान अनुमान अनुमान अनुमान अनुमान अनुमान अनुमान,10.373
2483,Keyboard controller,mr:,Marathi,qwen2.5-coder:7b,कुंदली नियंत्रक,1.832
2484,Softest,mr:,Marathi,qwen2.5-coder:7b,सोफ्टेस्ट,1.308
2485,New Item,mr:,Marathi,qwen2.5-coder:7b,नवीन आयतन,1.311
2486,is between '#V1S# 'and '#V2S#',mr:,Marathi,qwen2.5-coder:7b,मध्ये '#V1S#' आणि '#V2S#' इतरतः,3.772
2487,Collection,mr:,Marathi,qwen2.5-coder:7b,संग्रह,0.917
2488,Rolled back,mr:,Marathi,qwen2.5-coder:7b,पुनर्वाप्त केला,2.007
2489,Structure beginning:,mr:,Marathi,qwen2.5-coder:7b,संरचना शुरूवात:,2.205
2490,Group Section Editor,mr:,Marathi,qwen2.5-coder:7b,शेअर खंड संपादक,2.045
2491,Does Not Contain,mr:,Marathi,qwen2.5-coder:7b,नाहीत असते,1.541
2492,& Response,mr:,Marathi,qwen2.5-coder:7b,& उत्तर,1.169
2493,Config file:,mr:,Marathi,qwen2.5-coder:7b,फाइल अव्यवस्था:,2.04
2494,Details for: %1,mr:,Marathi,qwen2.5-coder:7b,विस्तारांना: %1,1.979
2495,Aperture priority,mr:,Marathi,qwen2.5-coder:7b,प्रतिबंध प्राथमिकता,2.089
2496,Signs,mr:,Marathi,qwen2.5-coder:7b,सांगणे,1.062
2497,Phonebook,mr:,Marathi,qwen2.5-coder:7b,फोनबुक,1.039
2498,User1,mr:,Marathi,qwen2.5-coder:7b,उपयोगकर्ता 1,1.7
2499,Border size (pixels):,mr:,Marathi,qwen2.5-coder:7b,त्रिज्या (पिक्सेल):,2.157
2500,& Copy Folders To,mr:,Marathi,qwen2.5-coder:7b,& कॅप्यूट फोल्डर्स येथे करा,3.27
2501,Multiple,mr:,Marathi,qwen2.5-coder:7b,मल्याला,1.211
2502,Null passwords,mr:,Marathi,qwen2.5-coder:7b,निरन्तर शब्दकोषे,2.075
2503,Sampler Example:,mr:,Marathi,qwen2.5-coder:7b,सैंपलर उदाहरण:,2.098
2504,LastFM Data Engine,mr:,Marathi,qwen2.5-coder:7b,लास्टएमीन डेटा इंजिन,2.728
2505,developer (HTML rendering engine),mr:,Marathi,qwen2.5-coder:7b,डेवलपर (HTML रेंडरिंग इंजन),2.848
2506,Trusted,mr:,Marathi,qwen2.5-coder:7b,प्रमाणित,1.186
2507,Developer (JavaScript),mr:,Marathi,qwen2.5-coder:7b,डेवलपर (जावास्क्रिप्ट),2.521
2508,Dither Algorithm,mr:,Marathi,qwen2.5-coder:7b,डिथर अल्गोरिदम,1.864
2509,Rotation degree,mr:,Marathi,qwen2.5-coder:7b,रोटेशन ग्रेडियंट,1.859
2510,Online Since:,mr:,Marathi,qwen2.5-coder:7b,संदेशाच्या दिवसात:,2.249
2511,Finisher Installed,mr:,Marathi,qwen2.5-coder:7b,फिनिशर इंस्टॉल केले गेले,3.155
2512,Service ID:,mr:,Marathi,qwen2.5-coder:7b,सेवा आयडी:,1.515
2513,Maximum seeds:,mr:,Marathi,qwen2.5-coder:7b,माहिती असलेले जासे:,2.261
2514,DodgerBlue,mr:,Marathi,qwen2.5-coder:7b,DodgerBlue,0.781
2515,& Name:,mr:,Marathi,qwen2.5-coder:7b,& नाव:,1.033
2516,Enrollment progress,mr:,Marathi,qwen2.5-coder:7b,प्रवेश प्रगती,1.495
2517,Current Document,mr:,Marathi,qwen2.5-coder:7b,सध्या दस्तऐवज,1.779
2518,theta,mr:,Marathi,qwen2.5-coder:7b,थे थे,0.922
2519,Environment:,mr:,Marathi,qwen2.5-coder:7b,परिस्थिती:,1.418
2520,of Ramadan,mr:,Marathi,qwen2.5-coder:7b,मुळे रमदानाच्या,2.053
2521,< < Previous,mr:,Marathi,qwen2.5-coder:7b,< < पिछे,1.082
2522,Phone numbers,mr:,Marathi,qwen2.5-coder:7b,फोन नंबर्स,1.452
2523,Network Management Backend,mr:,Marathi,qwen2.5-coder:7b,नेटवर्क मॅनेमेंट बैक्एंड,3.045
2524,PolicyKit Authorization,mr:,Marathi,qwen2.5-coder:7b,पॅसिलोकिट अनुमती,2.199
2525,Filesystems,mr:,Marathi,qwen2.5-coder:7b,फायलसिस्टम्स,1.659
2526,Line Color...,mr:,Marathi,qwen2.5-coder:7b,रेखा कार्यालय...,1.691
2527,Playlist Layouts,mr:,Marathi,qwen2.5-coder:7b,प्लेलिस्ट आणि आयामे,2.341
2528,& Edit Feed...,mr:,Marathi,qwen2.5-coder:7b,&प्रशासन संस्कृती विकसित करणे...,3.337
2529,Decrypt,mr:,Marathi,qwen2.5-coder:7b,डिस्क्रिप्ट,1.66
2530,Overcrowding,mr:,Marathi,qwen2.5-coder:7b,पुरावाढी,1.29
2531,& Search Directory Service,mr:,Marathi,qwen2.5-coder:7b,& धार्या सेवा शोधणे,2.379
2532,& Extended,mr:,Marathi,qwen2.5-coder:7b,& विस्तृत,1.437
2533,Skymap Options,mr:,Marathi,qwen2.5-coder:7b,स्क्यूमॅप विकल्पे,2.488
2534,Game Done!,mr:,Marathi,qwen2.5-coder:7b,खेळ झाला!,1.383
2535,Unsticky,mr:,Marathi,qwen2.5-coder:7b,अस्टिक ठेवणे,1.599
2536,%1 by Flag,mr:,Marathi,qwen2.5-coder:7b,%1 जागरणाच्या द्वारे,2.595
2537,Notes color:,mr:,Marathi,qwen2.5-coder:7b,नोट्स कार्यालय:,1.931
2538,Adept Updater,mr:,Marathi,qwen2.5-coder:7b,अद्वितीय अपडेटर,1.939
2539,Remove applet,mr:,Marathi,qwen2.5-coder:7b,मोठ्या अप्लिकेशन अड्वेटिस ठेवणे,3.828
2540,site_,mr:,Marathi,qwen2.5-coder:7b,साइट_,0.989
2541,Apply filter,mr:,Marathi,qwen2.5-coder:7b,फिल्टर लागू करणा,2.146
2542,Leader name,mr:,Marathi,qwen2.5-coder:7b,प्रमुखाचे नाव,1.667
2543,23rd Last,mr:,Marathi,qwen2.5-coder:7b,23व्या पिछ्ल्या,1.851
2544,Page: XX of XX,mr:,Marathi,qwen2.5-coder:7b,पृष्ठ: दोन्ही या दोन्ही,2.982
2545,& Charge,mr:,Marathi,qwen2.5-coder:7b,& चार्ज,1.174
2546,Here exact,mr:,Marathi,qwen2.5-coder:7b,या प्रकारी,1.27
2547,Work Week View,mr:,Marathi,qwen2.5-coder:7b,वर्षाचे दिवसांचा दृश्य,2.77
2548,Template Class,mr:,Marathi,qwen2.5-coder:7b,मोठी कक्षा,1.316
2549,Power,mr:,Marathi,qwen2.5-coder:7b,पावर,0.792
2550,segment,mr:,Marathi,qwen2.5-coder:7b,सेगमेंट,1.129
2551,Review Copy,mr:,Marathi,qwen2.5-coder:7b,परीक्षण कॉपी,1.604
2552,Nepomuk Desktop Search Configuration,mr:,Marathi,qwen2.5-coder:7b,नेपोमुक डेस्कटॉप शोध व्यवस्था,3.461
2553,System Tray Mode,mr:,Marathi,qwen2.5-coder:7b,सिस्टम ट्रेय मोड,1.925
2554,Australia/ West,mr:,Marathi,qwen2.5-coder:7b,Australia/पश्चिम,1.496
2555,Run in terminal,mr:,Marathi,qwen2.5-coder:7b,परियायात चालवा,2.062
2556,Unknown Applet,mr:,Marathi,qwen2.5-coder:7b,अज्ञानी अप्लिट,1.893
2557,MaximumAttachmentSize,mr:,Marathi,qwen2.5-coder:7b,महत्त्वाचे आटचमेंट आकार,2.787
2558,Font Type Selection,mr:,Marathi,qwen2.5-coder:7b,फॉन्ट टाइप चयन,2.044
2559,Finish,mr:,Marathi,qwen2.5-coder:7b,पुढील,0.936
2560,User Processes,mr:,Marathi,qwen2.5-coder:7b,योजना प्रक्रिया,1.65
2561,Faeroe Islands,mr:,Marathi,qwen2.5-coder:7b,फारोइस द्वारा आहे,2.164
2562,Choose pixmap:,mr:,Marathi,qwen2.5-coder:7b,चित्रपट चुना:,1.651
2563,vertices,mr:,Marathi,qwen2.5-coder:7b,वृत्तांखडे,1.54
2564,CA Expired,mr:,Marathi,qwen2.5-coder:7b,CA अजार,1.297
2565,XY rotation,mr:,Marathi,qwen2.5-coder:7b,या धार्मिकीचे घटना,2.475
2566,Height 1:,mr:,Marathi,qwen2.5-coder:7b,उंचीता 1:,1.432
2567,Contents,mr:,Marathi,qwen2.5-coder:7b,वापरासाठी,1.33
2568,Anyone:,mr:,Marathi,qwen2.5-coder:7b,प्रत्येक:,1.206
2569,homeaddress,mr:,Marathi,qwen2.5-coder:7b,होम अड्रेस,1.289
2570,DarkGrey,mr:,Marathi,qwen2.5-coder:7b,काळे लाल,1.204
2571,Board Size,mr:,Marathi,qwen2.5-coder:7b,बोर्ड आकार,1.472
2572,ProjectTree Description,mr:,Marathi,qwen2.5-coder:7b,परियोजना पेट्री विवरण,2.28
2573,Config Editor,mr:,Marathi,qwen2.5-coder:7b,सेटिंग एडिटर,1.661
2574,User password,mr:,Marathi,qwen2.5-coder:7b,उपयोगकर्ता पासवर्ड,2.202
2575,To Shortest,mr:,Marathi,qwen2.5-coder:7b,सर्वात छोट्या,1.955
2576,LightSlateGrey,mr:,Marathi,qwen2.5-coder:7b,लाइटस्लेटग्रीय,1.825
2577,3D look,mr:,Marathi,qwen2.5-coder:7b,त्रिजीला दृश्य,1.905
2578,Access key:,mr:,Marathi,qwen2.5-coder:7b,अनुकूल चालना:,1.9
2579,Tool:,mr:,Marathi,qwen2.5-coder:7b,तूल्या:,1.22
2580,Selection mode:,mr:,Marathi,qwen2.5-coder:7b,परिवार अवधारणा:,2.074
2581,Cooperation?,mr:,Marathi,qwen2.5-coder:7b,सहयोग?,1.083
2582,User Profiles,mr:,Marathi,qwen2.5-coder:7b,योजक विवरणे,1.583
2583,A screenshot of & kolorlines;,mr:,Marathi,qwen2.5-coder:7b,कोलोरलाइन्सचे एक फिटचर्ट आणि एक फिटचर्ट आणि एक फिटचर्ट आणि एक फिटचर्ट आणि एक फिटचर्ट आणि एक फिटचर्ट,10.537
2584,Speech,mr:,Marathi,qwen2.5-coder:7b,आणि,0.71
2585,Transaction error,mr:,Marathi,qwen2.5-coder:7b,वापरी त्रुटी,1.675
2586,unitsY,mr:,Marathi,qwen2.5-coder:7b,यंत्रांची मात्रा,1.769
2587,Collection Manager,mr:,Marathi,qwen2.5-coder:7b,मूल्यांकन प्रबंधक,1.985
2588,Direct Line,mr:,Marathi,qwen2.5-coder:7b,दाखल लाइन,1.307
2589,Outline Selection,mr:,Marathi,qwen2.5-coder:7b,परिचयाचा चयन,1.781
2590,Painterly Mixer,mr:,Marathi,qwen2.5-coder:7b,पेन्टरली मिशक्की,2.047
2591,Data Ranges...,mr:,Marathi,qwen2.5-coder:7b,देखाला यंत्रांचे विस्तार...,2.926
2592,Base Tools,mr:,Marathi,qwen2.5-coder:7b,आधारी टूल्स,1.685
2593,Unencoded,mr:,Marathi,qwen2.5-coder:7b,अनकोडित,1.168
2594,& kde; News Resource,mr:,Marathi,qwen2.5-coder:7b,& kde; न्यूज़ वास्तविकता,3.046
2595,& Line graph,mr:,Marathi,qwen2.5-coder:7b,& लाइन ग्राफ,1.579
2596,Key frame:,mr:,Marathi,qwen2.5-coder:7b,कुंडली:,1.167
2597,Twitter username:,mr:,Marathi,qwen2.5-coder:7b,ट्विटर युजरनेम:,1.913
2598,Spread Sheet,mr:,Marathi,qwen2.5-coder:7b,स्प्रेडशीट,1.365
2599,Marked: 0,mr:,Marathi,qwen2.5-coder:7b,मार्केड: 0,1.552
2600,Printer identification,mr:,Marathi,qwen2.5-coder:7b,प्रिंटर आयडी,1.587
2601,File System Type,mr:,Marathi,qwen2.5-coder:7b,फाइल सिस्टम वर्गीकरण,2.397
2602,Authentication CUPS; IPP SSL TLS,mr:,Marathi,qwen2.5-coder:7b,अनुमती देणे; IPP SSL TLS,2.212
2603,increasing Y,mr:,Marathi,qwen2.5-coder:7b,Y मजकूर करणे,1.741
2604,Time-stamping,mr:,Marathi,qwen2.5-coder:7b,समय चिन्हित करणा,1.945
2605,Disabled plugins,mr:,Marathi,qwen2.5-coder:7b,अक्षम योजना,1.594
2606,To Bottom,mr:,Marathi,qwen2.5-coder:7b,ते शीर्षकडेव्या उळखावण्यासाठी,3.472
2607,Print,mr:,Marathi,qwen2.5-coder:7b,प्रिंट,0.94
2608,Close Nevertheless,mr:,Marathi,qwen2.5-coder:7b,वेळी तोडणे,1.482
2609,may,mr:,Marathi,qwen2.5-coder:7b,माहे,0.819
2610,Eastern Europe,mr:,Marathi,qwen2.5-coder:7b,पश्चिम युरोप,1.687
2611,Excluded:,mr:,Marathi,qwen2.5-coder:7b,पुंजाबी असलेला व्यक्तीही शामिल नाहीत:,4.305
2612,Taskbar & Notification,mr:,Marathi,qwen2.5-coder:7b,तासबार आणि नोटीफिकेशन,2.692
2613,Layer,mr:,Marathi,qwen2.5-coder:7b,परिस्थिती,1.286
2614,EXIF: digitized,mr:,Marathi,qwen2.5-coder:7b,EXIF: दिग्यातील,1.809
2615,Accelerator:,mr:,Marathi,qwen2.5-coder:7b,खालील:,1.187
2616,Communication,mr:,Marathi,qwen2.5-coder:7b,संचालन,1.029
2617,Player 1 name,mr:,Marathi,qwen2.5-coder:7b,पिल्याचे नाव,1.733
2618,Block Size,mr:,Marathi,qwen2.5-coder:7b,ब्लॉक आकार,1.622
2619,Global Shortcut Registration,mr:,Marathi,qwen2.5-coder:7b,सामान्य गुंतवणे रегист्रीशन,2.822
2620,SUBTOTAL(9; A1: A5) returns 119,mr:,Marathi,qwen2.5-coder:7b,सब्टोटल(9; ए1: ए5) 119 देशाते,4.173
2621,tv device,mr:,Marathi,qwen2.5-coder:7b,त्व निवडणे,1.474
2622,& Run Speed,mr:,Marathi,qwen2.5-coder:7b,& रन गती,1.327
2623,Maze of Ladders,mr:,Marathi,qwen2.5-coder:7b,चढळांचा गुट्टी,2.104
2624,Text-to-Speech Frontend,mr:,Marathi,qwen2.5-coder:7b,प्रसिद्धान्त वाक्यांना अनुवाद करणे,3.669
2625,Bottom Margin,mr:,Marathi,qwen2.5-coder:7b,ताच्या अंदाजी,1.756
2626,Activity name:,mr:,Marathi,qwen2.5-coder:7b,क्रिया नाव:,1.551
2627,No carrier response:,mr:,Marathi,qwen2.5-coder:7b,कार्यक्रम नाहीत:,2.125
2628,Constraint Start,mr:,Marathi,qwen2.5-coder:7b,संरिक्षण शुरूवात,2.401
2629,Unbeatable,mr:,Marathi,qwen2.5-coder:7b,अनुभवीय,1.196
2630,Preferred account,mr:,Marathi,qwen2.5-coder:7b,पसंत खाता,1.296
2631,Main Area,mr:,Marathi,qwen2.5-coder:7b,मुख्य क्षेत्र,1.578
2632,Mexican peso,mr:,Marathi,qwen2.5-coder:7b,मेक्सिकन रुपया,1.894
2633,ImagePlugin_Core,mr:,Marathi,qwen2.5-coder:7b,इमेजप्लगइन_कोर्याट्री,2.447
2634,Screen Size,mr:,Marathi,qwen2.5-coder:7b,दिवाली आकार,1.502
2635,Group,mr:,Marathi,qwen2.5-coder:7b,ग्रुप,0.834
2636,Gain,mr:,Marathi,qwen2.5-coder:7b,प्राप्त करणे,1.631
2637,& Quiz,mr:,Marathi,qwen2.5-coder:7b,& प्रश्नावरी,1.472
2638,Colon,mr:,Marathi,qwen2.5-coder:7b,कोलन,0.832
2639,KMail Question,mr:,Marathi,qwen2.5-coder:7b,कमाई प्रश्न,1.318
2640,Launch plugin-configuration dialog,mr:,Marathi,qwen2.5-coder:7b,प्लगइन-कॉन्फिगरेशन डिलॉग आवडवा,3.797
2641,Music Box,mr:,Marathi,qwen2.5-coder:7b,म्याज बॉक्स,1.618
2642,Master Slide...,mr:,Marathi,qwen2.5-coder:7b,मास्टर स्लाइड...,1.663
2643,Unknown Host,mr:,Marathi,qwen2.5-coder:7b,अज्ञानी होस्ट,1.589
2644,Gallery:,mr:,Marathi,qwen2.5-coder:7b,गृहपटी:,1.184
2645,Grid size,mr:,Marathi,qwen2.5-coder:7b,ग्रिड आकार,1.289
2646,Sky Walker,mr:,Marathi,qwen2.5-coder:7b,स्वायक लावर्क,1.711
2647,Custom Type 5,mr:,Marathi,qwen2.5-coder:7b,स्वचाता प्रकार 5,1.982
2648,Collections,mr:,Marathi,qwen2.5-coder:7b,संग्रहांसाठी,1.488
2649,VmSize,mr:,Marathi,qwen2.5-coder:7b,व्हीमान आकार,1.617
2650,Midpoint,mr:,Marathi,qwen2.5-coder:7b,मध्य बिंदू,1.594
2651,Draw goal,mr:,Marathi,qwen2.5-coder:7b,गोल घेणा,1.281
2652,Friction,mr:,Marathi,qwen2.5-coder:7b,फ्रिक्शन,1.123
2653,& Option:,mr:,Marathi,qwen2.5-coder:7b,& विकल्प:,1.297
2654,The Grid,mr:,Marathi,qwen2.5-coder:7b,ग्रिड,0.894
2655,Opposites,mr:,Marathi,qwen2.5-coder:7b,प्रतिवादी वादी,1.806
2656,Signal:,mr:,Marathi,qwen2.5-coder:7b,साइगनल:,1.18
2657,Little Worm,mr:,Marathi,qwen2.5-coder:7b,काली जीवी,1.366
2658,Running in Kile,mr:,Marathi,qwen2.5-coder:7b,खालीलपासून चलते,2.369
2659,A. I. Configuration,mr:,Marathi,qwen2.5-coder:7b,आयोजना व्यवस्था,2.097
2660,chargeVariance,mr:,Marathi,qwen2.5-coder:7b,चार्ज वरिएंस,1.636
2661,South African Rand,mr:,Marathi,qwen2.5-coder:7b,अफ्रिकन रूपया,1.703
2662,Drawings,mr:,Marathi,qwen2.5-coder:7b,चित्रे,0.951
2663,Multicast Packet Rate,mr:,Marathi,qwen2.5-coder:7b,मल्टीकास्ट पॅकेट दर,2.473
2664,Spreadsheet,mr:,Marathi,qwen2.5-coder:7b,स्प्रेडशीट,1.378
2665,Please change & name:,mr:,Marathi,qwen2.5-coder:7b,कृपया नावाची बदला & name:,2.517
2666,Pattern,mr:,Marathi,qwen2.5-coder:7b,पॅटरन,0.971
2667,KoProperty Test,mr:,Marathi,qwen2.5-coder:7b,प्रपत्र परीक्षा,1.724
2668,Title Definition,mr:,Marathi,qwen2.5-coder:7b,शीर्षक व्याख्या,1.969
2669,Thumbnail Handler,mr:,Marathi,qwen2.5-coder:7b,थूम्बनावा प्रबंधक,2.064
2670,Icelandic (is),mr:,Marathi,qwen2.5-coder:7b,आय्योक्तीय (is),1.902
2671,Scaling mode,mr:,Marathi,qwen2.5-coder:7b,मोड योजना,1.386
2672,Open with & Konqueror,mr:,Marathi,qwen2.5-coder:7b,खोला & कन्कुरोर,1.832
2673,Belarusian,mr:,Marathi,qwen2.5-coder:7b,बेलारुशीय,1.37
2674,Panel Tool Box,mr:,Marathi,qwen2.5-coder:7b,पेनल टूल बॉक्स,2.101
2675,Speed down/ up,mr:,Marathi,qwen2.5-coder:7b,तेलवा/उठवा,1.78
2676,G Major,mr:,Marathi,qwen2.5-coder:7b,ग माजोर,1.071
2677,Icon Editor,mr:,Marathi,qwen2.5-coder:7b,आयोजन रедак्टर,1.573
2678,Job Description,mr:,Marathi,qwen2.5-coder:7b,वॉकल विवरण,1.504
2679,CUPS Server Configuration,mr:,Marathi,qwen2.5-coder:7b,सर्वात उच्च शिक्षण विद्यालयाचे व्यवस्था,4.315
2680,Access Permissions,mr:,Marathi,qwen2.5-coder:7b,अनुमती देणे,1.571
2681,Lesson descriptions,mr:,Marathi,qwen2.5-coder:7b,विषय विवरणे,1.496
2682,Folder Properties,mr:,Marathi,qwen2.5-coder:7b,फोल्डर गुणवत्ता,1.916
2683,Root Folder,mr:,Marathi,qwen2.5-coder:7b,मूळ फोल्डर,1.652
2684,No Constraint,mr:,Marathi,qwen2.5-coder:7b,नाहीले काही असंदेश,2.153
2685,Ink Drying Time (sec),mr:,Marathi,qwen2.5-coder:7b,मोठ्या वेळाचे वाढवणे (सेकंड),3.311
2686,Main author,mr:,Marathi,qwen2.5-coder:7b,मुख्य लेखक,1.464
2687,Attachment List,mr:,Marathi,qwen2.5-coder:7b,प्रतिनिधी सूची,1.709
2688,Motion blur,mr:,Marathi,qwen2.5-coder:7b,मोटिवेशन ब्लर,1.732
2689,sphere sweep,mr:,Marathi,qwen2.5-coder:7b,sfera swip,1.08
2690,Configuration Wizard,mr:,Marathi,qwen2.5-coder:7b,माहिती विनाशक,1.77
2691,Steps:,mr:,Marathi,qwen2.5-coder:7b,पद्धतीं:,1.238
2692,Unknown type,mr:,Marathi,qwen2.5-coder:7b,अज्ञानी प्रकार,1.67
2693,Enter for example sys.,mr:,Marathi,qwen2.5-coder:7b,प्रतिलिपी यांचे उदाहरण द्या: sys.,3.417
2694,Case sensitive,mr:,Marathi,qwen2.5-coder:7b,सांस्कृतिक विशेषता,2.412
2695,Time Tunnel,mr:,Marathi,qwen2.5-coder:7b,समय तुलना,1.384
2696,Installation directory:,mr:,Marathi,qwen2.5-coder:7b,"स्थापना कार्यक्रम:""
(Installation directory:)",2.578
2697,Specified:,mr:,Marathi,qwen2.5-coder:7b,परिश्रमित करणे:,1.731
2698,XVideo port,mr:,Marathi,qwen2.5-coder:7b,XVideo पोर्ट,1.148
2699,Bit Rate:,mr:,Marathi,qwen2.5-coder:7b,बिट रेट:,1.204
2700,Structure Tree Plugin,mr:,Marathi,qwen2.5-coder:7b,प्रकार संचय इंडियन्स लागू करणे,3.343
2701,Connection specific:: OpenVPN,mr:,Marathi,qwen2.5-coder:7b,संबंध विशिष्ट:: OpenVPN,2.4
2702,Samoan,mr:,Marathi,qwen2.5-coder:7b,सामोन,1.017
2703,Very Large (1600x1200),mr:,Marathi,qwen2.5-coder:7b,दिल्ली जागतिक (1600x1200),3.184
2704,Building Shapes,mr:,Marathi,qwen2.5-coder:7b,आकार बनवाणा,1.573
2705,News,mr:,Marathi,qwen2.5-coder:7b,न्यूजळे,1.287
2706,Presentation Quality,mr:,Marathi,qwen2.5-coder:7b,प्रस्तावना की गुणवत्ता,2.394
2707,"(#034;) Quotation mark
Access Control
High
Some
ROW(reference)
Grid Settings
Impose
Power Profile
Preview Image:
Size: %1
(C) 1997-2008, KDE Developers
Category Animals
Artifact & name:
Network Tool
Certificate authority
Magic output:
3D view type:
Complete Files
& Work path:
Scheduling constraint:
Indentation Amount
CSV Data
Access:
xsltproc & executable:
Environments
Volume set name:
printed: %1
Shred
Ball Game
Maintenance
Texture:
Developer
& No scaling
Domain name:
Keyring Settings
Custom 5
KGet Transfer List
Lightness Adjustments
ExtensionsManager
Screw
Temperature:
Holiday color
Settings Show Toolbar
Network Port
PolicyKit KDE Authorization
%1 are empty
Album Properties
Size of One Page
Samba Access Log Files
Share modes
Default DTD:
Text Settings
& Scale Bar
Regular expression\t(Alt+4)
File Info
Do It
Override Type
VideoCD on CD-i
Reflection print scanner
& Pen width:
Hebrew (he)
Save Location:
Access (wml)
Weather condition
Movie player
Playlist Options
Accounts
KEnvy24 Main Part
North-East
Non-ready
Chat text:
History...
Milestone Gantt View
Morning
Rechargeable
Rename Object
Online Reader Configuration
Image quality:
Media ID:
See-through bands
Document Settings
Unable to open '%1 '
Usenet News
Referenced
Browsing With & konqueror;
British Pound
Calendar & Support
MusicBrainz Query
PhoneIn
Every %1 minutes
Center Right
In progress
& Queued:
Using Stencils
Calculation
CadetBlue2
Page:
ImagePlugin_RainDrop
User Images
Alert
LightBlue1
& Templates folder:
Tenor Sax
deleted
Edit Item
Retry
language
Example sentence
KDE User's Manual
& Rename
Access Rights
Start Position: %1
Reverted %1.
Parser problem
Result Preview
24 fifteen
& Keyboard Layout
SO-6 Bulk Sorter
Gilbert Islands
& Typeface size:
built-in
Translucency:
Pentagon
Copy To...
Orbit Trails
Very Big (1280 pixels)
Version Control
Read-write
Project Overview
& Profile Properties
No Logging
Graph Style
Output was: %1
C++ Support
Clock Speeds
Below:
Per Amount
Aborted.
& Placement:
SVN Delete
point
Gradient: Melting point
Outgoing Transfers
& Settings
Selection Mode
How to obtain & kwordquiz;
Event history
Particle type
calculate
Thumbnail viewer
Remote Addr:
& Resources
Cascade
Interruption
blue2
The Horizon
New & Tab
Show Next
Group 8:
Main developer
Chrominance filtering
Appearance:
maximum size
System Configuration Problems
Handheld - > PC
Activity Bar
Generator Layer Properties
{expected
Report for %1
At %1, you wrote:
Color chooser
Corner point
Move down
Folder type:
Azerbaijani Manat
Zeroconf enhancements
ImagePlugin_ShearTool
Collisions
City
Pressure development: %1
Update Ban
Receipt:
New Game
Follow cursor
& New Item
& Change
Printer driver file:
Artwork directory
Venezuelian bolivar
rectMeanParticleMassVariance
west Uzbekistan
Customizing
Docbook Image Wizard
Level stats
Blur Effects
Start Time:
Dialog to print
lengthVariance
Shortcut name: w
Place names
Update?
Swiss French (fr-ch)
Sky culture:
memory allocation failure
Use PFS:
Paste As
Flood Fill
Ukrainian (Ukraine)
Tuning
Suspend KTorrent
Exit Options
Server binaries:
User5
Contains
& Connection name:
Group & Properties
Data Area
Window-Specific
Acceptance delay:
DodgerBlue3
& Quote indicator:
New Model
Subtraction:
English (Zimbabwe)
Practice
Completion code
Nepomuk resource inspector
Processing document...
Block size:
underscore
Window Identification
& Bookmarks
Game speed:
Chord
OpenPGP Signing Certificate:
Parsing
Appendable:
Top Right
Tiled
Show name
Distinguished Name
Floaters
Remote network:
CCSGraph
*. rc_BAR_DTEP Description
Search Scripts
Max size: %1
3 Weeks
Checkout From Repository...
Project Edit Accounts...
Particle density
Hardware information
Irish
& Opacity:
cD galaxies:
passwords
Resource Cache Settings
Ambient light:
Add Record
Template Manager
& Publisher:
Computer Name
Hydrophobicity
Iceland
Quality Type
Color Matching
Printcap name:
PowderBlue
awesome
Diff Ext for Windows
OpenVPN profile file
Points
Stretch Contrast
Unmount command:
F9 Rename
Encoder priority
Loved Tracks
Player name
The Buttons
& New Album
Power management
Management
Forecast:
Code Viewer
Player5
Active Torrents
Code Verbosity
KickBan
Mountain Time - south Idaho & east Oregon
Seeders:
(6) Games
Falkland Islands
Closed Captioning Plugin
Service Toolbar
LibParted Exception: %1
Flemish Brabant
Congratulations
UADescription (Wget 1.11.4)
Favorite
Scope & Flags
CJK Compatibility Ideographs
& Billing information:
Model Properties
sound
Cisco - Truck
3D View
File size:
Particle Fountain (GL)
French (fr)
PEAP & Version:
Address book:
Simple_action
Tandem Configuration
Task Leader
Corrupted torrent.
Target File
& Quality:
How to obtain & ark;
DarkSlateGrey
New & Task...
aquamarine1
points
Queue Length
Initial Activity
Folder View Properties
Calendar Plugin Interface
Autoinclude
Filename extension:
First GID
Interrupts for 16-bit cards
Paper source:
Command Toolbar
Generation Progress
KJots Books
Bills
Delete Diagram?
& History size:
Layer Profile:
Rounding
File Preview
Side-band addressing
Documentation Window
Exiting
Charcoal Drawing
Calculating...
Rename Item...
Contact Manager
Eighths 1/ 8
& smime; encryption certificate
Datatrack Mode
Finished stylesheet
CDMA network devices
Saved
Search text:
Append
Halftone Images
Konqueror Integration
%1 (Encrypted)
Diff Output
Convert:
Server response color:
Advanced Dump
lieutenant
Template Properties
& Device
Music/ Audio
Near
Player Name
Did it work?
Center Of Curvature
Sphere Sweep
Background theme
client GLX vendor
False Color
Line segments
Description:
Listen port
File system browser
Bookmark Sync
Phong size:
Skip 1000 Forward
Frame Rate
& Audio languages
Interior view
Favorites
Game Show Standings
%1 (AI player)
Contents:
Agressive
Quiz
Smoothness
DATE(year; month; date)
Size Settings
verticalBox
1440 x 1440 DPI Emulated
< Unchanged >
Large
Player
Bouncing Cursor
Control polygon
Billing Periods
complete
Last Year
Search on Wikitravel
Processing
Size:
Photobook
Administrator Authentication
Glare of Sun:
Character...
Dual
Alternate (H)
Dimensions:
KDE Wallet Management Tool
Text property.
Interrupt Request (IRQ) Lines
KDE 4 Porting
DeepSkyBlue1
Proof
Delete Frame
Equation:
Outset
Arc file:
CA file
Transfers:
Scribo annotation plugin
Subject Change
Regular
Min password length:
Rename
Breakpoint
Yield
Your names
Right Arrow
KWordQuiz vocabulary
command-output
Stop color:
Image View
developer (HTML rendering engine, JavaScript)
deprecated
Shutdown script:
Turkey
Draw skin
Lightness:
Drop Down Box
Image Position
Search Preferences
Move right
Solve Problem
Gunshot
3D - filled
SpeedMine
Waiting...
Glsl Image
Installation Error
Using & knetattach;
Step Down
File System
F5 File Status
angularVelocityVariance
Audio CD inserted
Keyboard Mouse Battery
Volume Name
Crop Settings
Move Repository
ICC profile
uidNumber
Action...
Magenta, Yellow, Black
Recursive
CJK Strokes
SECOND(time)
arcade
Libya
FreeTTS speech synthesizer
of Sha`ban
Requests
Maximizing
& between
& New Entry...
Subscription Date:
Environment variables
Screen Captures
thistle1
Concentration Calculator
Uses of
& Completion mode:
X magnification
& Theme name:
Max height
Database Selector
Correction Mask
for example > 1999-10-10
& East
48 Points
System Theme
Position
Australia/ NSW
Version Message:
Motion Blur
Edit Referrer
KOffice Word Processor
Acidic Behaviour
Czechia
Distortion Effects...
Plasma group
Settings Beginner Speed
Deny
& Breakpoints
Java Code Generation
Brilliance:
Cycleway
Refresh:
Quick Select:
Matabeleland south
Source File:
New camera
picture
(c) 1999-2002 KDE Developers
Unknown error occurred.
Permissions Check
Execution time: %1 ms
Hardback
, but got '
KWeather Interfaces
buttonGroup
Parity
6th Last
Do Not Fetch
Cambodia
Hotpluggable
Networktransparency via KIO
Mount Point:
family
Shadow password file
Weak (fastest)
Cisco selection
Action list:
16 Cards
Searchers
Flat (faster)
Log Printing
Wetness
& User name:
Threshold
& Observation
Get Cover From & Internet...
Debugger Breakpoints
Network Clients Configuration
System Time
Network Configuration
Difficulty level.
Supporting KDE
WAV Info
Collection Setup
Configuring & kalarm;
Gamma Yellow
Certificate Information
Profile Information
Calendar events
Busy
player
Blockable items:
Cayman Islands Dollar
Non-digit
£(#163;) Pound sign
Transfer Settings
Window List
Not Filled
Maximum blink dwell time
Shortcut name: h
Select
Track name:
Message List
Fading duration:
Import Statistics
12 Months
purple
& Previous
¢(#162;) Cent sign
Admin Authentication
Sound
Account
Contributions
Command Reference
DVB Unknown
Period Definition
Tel No.
User Tag Radio: %1""",mr:,Marathi,qwen2.5-coder:7b,"(#034;) अनुक्रमण चिन्ह
कार्याधिकार
उच्च
कुछ
यंत्र (संदर्भ)
ग्रिड सेटिंग
प्रतिबंधित करा
विकास शैली
पूर्ण फाइ",13.979
2708,Colour mode,mr:,Marathi,qwen2.5-coder:7b,कार्यक्रम शैली,1.905
2709,Server Log,mr:,Marathi,qwen2.5-coder:7b,सर्वर लॉग,1.409
2710,Tropic of Cancer,mr:,Marathi,qwen2.5-coder:7b,कृष्ण ग्राही,1.653
2711,EXIF viewer,mr:,Marathi,qwen2.5-coder:7b,EXIF वाचक,1.401
2712,SSL(3) encryption,mr:,Marathi,qwen2.5-coder:7b,SSL(3) एनक्रिप्शन,2.069
2713,Lens Correction,mr:,Marathi,qwen2.5-coder:7b,कल्पना सुधारणा,1.744
2714,First row,mr:,Marathi,qwen2.5-coder:7b,पहिली पंक्ती,1.581
2715,Selected,mr:,Marathi,qwen2.5-coder:7b,चुनिले,1.032
2716,Stock%1,mr:,Marathi,qwen2.5-coder:7b,स्टॉक%1,1.318
2717,& Collections,mr:,Marathi,qwen2.5-coder:7b,& संग्रहालयांचे संग्रह,2.205
2718,Video device:,mr:,Marathi,qwen2.5-coder:7b,वीडियो निवडक:,1.816
2719,Join,mr:,Marathi,qwen2.5-coder:7b,पक्षी झाला,1.592
2720,Group filter:,mr:,Marathi,qwen2.5-coder:7b,ग्रुप फिल्टर:,1.716
2721,& Add Watch...,mr:,Marathi,qwen2.5-coder:7b,& वाट्च जोड्या...,1.954
2722,"Summit, peak",mr:,Marathi,qwen2.5-coder:7b,"समुद्रातल, शिखर",2.008
2723,Text direction:,mr:,Marathi,qwen2.5-coder:7b,दिशा यांचे वापर:,2.062
2724,New,mr:,Marathi,qwen2.5-coder:7b,नव्हा,0.924
2725,Enrollment method,mr:,Marathi,qwen2.5-coder:7b,माहिती आवश्यक करणे विधी,2.598
2726,prev,mr:,Marathi,qwen2.5-coder:7b,पिछला,0.915
2727,Glow,mr:,Marathi,qwen2.5-coder:7b,गोव्हा घालणे,1.688
2728,Main Webpage,mr:,Marathi,qwen2.5-coder:7b,मुख्य वेबपेज,1.695
2729,Enabled,mr:,Marathi,qwen2.5-coder:7b,सक्षम आहे,1.291
2730,creating,mr:,Marathi,qwen2.5-coder:7b,साठन्याचे,1.471
2731,"Taiwan, Province Of China",mr:,Marathi,qwen2.5-coder:7b,चीनाचे ताईवान,1.933
2732,IPSec selection,mr:,Marathi,qwen2.5-coder:7b,IPSec चयन,1.272
2733,"The database ""%1"" does not exist.",mr:,Marathi,qwen2.5-coder:7b,"डेटाबेस ""%1"" असते नाही.",2.72
2734,Action Editor,mr:,Marathi,qwen2.5-coder:7b,एक्शन एडिटर,1.547
2735,HTTP Response:,mr:,Marathi,qwen2.5-coder:7b,HTTP रिसपन्स:,1.476
2736,Ring response:,mr:,Marathi,qwen2.5-coder:7b,वापरकारीको जवाब:,2.1
2737,three,mr:,Marathi,qwen2.5-coder:7b,तीन,0.714
2738,German Mark,mr:,Marathi,qwen2.5-coder:7b,जर्मन मार्क,1.411
2739,Selected Processor,mr:,Marathi,qwen2.5-coder:7b,परस्पर चुनिले,1.677
2740,& Groups:,mr:,Marathi,qwen2.5-coder:7b,& गट्टीहरू:,1.602
2741,Envelope Feed,mr:,Marathi,qwen2.5-coder:7b,पत्रकारण फ्रीड,1.711
2742,Usability,mr:,Marathi,qwen2.5-coder:7b,योग्यता,1.113
2743,& License:,mr:,Marathi,qwen2.5-coder:7b,& लाइसेंस:,1.382
2744,busy,mr:,Marathi,qwen2.5-coder:7b,बँधूळ्या,1.551
2745,& Jens. Hoefkens. mail;,mr:,Marathi,qwen2.5-coder:7b,& जेन्स. हॉफकेंस. मेल;,2.802
2746,& Alignment,mr:,Marathi,qwen2.5-coder:7b,& संरेखण,1.098
2747,Shadow Color:,mr:,Marathi,qwen2.5-coder:7b,शाड्याचा रंग:,1.726
2748,KCachegrind Configuration,mr:,Marathi,qwen2.5-coder:7b,कचेग्रिंग कार्यालय व्यवस्था,2.958
2749,Latest,mr:,Marathi,qwen2.5-coder:7b,नवीनतम,1.019
2750,Saving to:,mr:,Marathi,qwen2.5-coder:7b,साठ्यासाठी:,1.603
2751,Separator:,mr:,Marathi,qwen2.5-coder:7b,विभाजक:,1.181
2752,Remove server,mr:,Marathi,qwen2.5-coder:7b,सर्वर घटाणा,1.662
2753,My Tags,mr:,Marathi,qwen2.5-coder:7b,माझे टॅग्स,1.511
2754,note,mr:,Marathi,qwen2.5-coder:7b,नोट,0.71
2755,Character Selector,mr:,Marathi,qwen2.5-coder:7b,चर्या चुनावकार्यक्रम,2.278
2756,Preparation Methods,mr:,Marathi,qwen2.5-coder:7b,प्रतियोजन विधिंे,2.022
2757,Sensitivity:,mr:,Marathi,qwen2.5-coder:7b,वास्तवता:,1.421
2758,Event,mr:,Marathi,qwen2.5-coder:7b,आयोजन,0.903
2759,Quitting & kalarm;,mr:,Marathi,qwen2.5-coder:7b,प्रतियोग आणि कालरम;,2.269
2760,KDE file find utility,mr:,Marathi,qwen2.5-coder:7b,कडे फाइल खोज उपयोगकर्ता,3.113
2761,Dark Yellow,mr:,Marathi,qwen2.5-coder:7b,काळे नाहीं,1.489
2762,more than one monitor.,mr:,Marathi,qwen2.5-coder:7b,थेच्या एका विशेषता.,2.532
2763,Alignment,mr:,Marathi,qwen2.5-coder:7b,संरूपण,1.146
2764,Game difficulty level.,mr:,Marathi,qwen2.5-coder:7b,खेळाचे कठीणता स्तर.,2.192
2765,Tools,mr:,Marathi,qwen2.5-coder:7b,उपकरणे,1.038
2766,2 - 2 Output Expanders,mr:,Marathi,qwen2.5-coder:7b,2 - 2 आउटपुट एक्सप्रेडर्स,2.917
2767,A vs. B Overview,mr:,Marathi,qwen2.5-coder:7b,A व. ब विस्तार,2.024
2768,Ctrl; N New,mr:,Marathi,qwen2.5-coder:7b,कंट्रल; न नव्य,1.823
2769,Using & plasma;,mr:,Marathi,qwen2.5-coder:7b,उपयोग करण्यासाठी & प्लाजमा;,2.881
2770,Kolor Management Settings,mr:,Marathi,qwen2.5-coder:7b,कलोर मॅनेजमेंट सेटिंग्स,2.734
2771,Image Name,mr:,Marathi,qwen2.5-coder:7b,नाव चित्राचा,1.582
2772,Address book,mr:,Marathi,qwen2.5-coder:7b,पत्ता किताबी,1.544
2773,Print Width:,mr:,Marathi,qwen2.5-coder:7b,प्रिंट चौंदाची आकार:,2.449
2774,& Language:,mr:,Marathi,qwen2.5-coder:7b,& भाषा:,1.194
2775,Responsible:,mr:,Marathi,qwen2.5-coder:7b,प्रतिबंधित:,1.601
2776,Use rhosts,mr:,Marathi,qwen2.5-coder:7b,रहस्ता वापरा,1.924
2777,Device:,mr:,Marathi,qwen2.5-coder:7b,उपलब्धी:,1.172
2778,Ultimately,mr:,Marathi,qwen2.5-coder:7b,आखेरीतरीला,1.349
2779,Seasons:,mr:,Marathi,qwen2.5-coder:7b,संवत्ती:,1.194
2780,Fleet No.,mr:,Marathi,qwen2.5-coder:7b,फिल्ट नंबर,1.432
2781,Certify...,mr:,Marathi,qwen2.5-coder:7b,साकारात्मक करण्यात...,2.213
2782,Kaleidescope,mr:,Marathi,qwen2.5-coder:7b,कालेडिस्कोप,1.615
2783,Capture Date,mr:,Marathi,qwen2.5-coder:7b,दिनांक घेणा,1.476
2784,char examples,mr:,Marathi,qwen2.5-coder:7b,चर उदाहरणे,1.411
2785,Layer Size,mr:,Marathi,qwen2.5-coder:7b,परिमाण,1.074
2786,disable XIM,mr:,Marathi,qwen2.5-coder:7b,XIM अक्षम करा,1.829
2787,of Adar II,mr:,Marathi,qwen2.5-coder:7b,अधर दोन्हीच्या वर्षाच्या मध्ये,3.421
2788,& AMS Math Environments,mr:,Marathi,qwen2.5-coder:7b,& अंम्स मैथ अवलंबने,2.486
2789,Scripting in & kile;,mr:,Marathi,qwen2.5-coder:7b,स्क्रिप्टिंग आणि & kile;,2.616
2790,Unknown object %1,mr:,Marathi,qwen2.5-coder:7b,अज्ञानी वस्तू %1,2.17
2791,Friends,mr:,Marathi,qwen2.5-coder:7b,मित्रांचे,1.252
2792,Album & name:,mr:,Marathi,qwen2.5-coder:7b,एल्बम आणि नाव:,1.925
2793,Deutsche mark (DEM),mr:,Marathi,qwen2.5-coder:7b,जर्मन रुपया (DEM),1.924
2794,Property 1,mr:,Marathi,qwen2.5-coder:7b,प्रॉप्पी 1,1.503
2795,Players,mr:,Marathi,qwen2.5-coder:7b,खेलकाळीं,1.219
2796,thistle4,mr:,Marathi,qwen2.5-coder:7b,थिस्ले4,1.187
2797,Scripts Tree,mr:,Marathi,qwen2.5-coder:7b,शैली पेडी,1.315
2798,Add Feed,mr:,Marathi,qwen2.5-coder:7b,फीड जोड्या,1.457
2799,Domain master,mr:,Marathi,qwen2.5-coder:7b,मोनार्थ मास्टर,1.754
2800,How to obtain & klinkstatus;,mr:,Marathi,qwen2.5-coder:7b,कैसे & क्लिंकस्टाटस प्राप्त करून;,3.773
2801,Frame rate,mr:,Marathi,qwen2.5-coder:7b,फ्रेम रेट,1.259
2802,CRL missing,mr:,Marathi,qwen2.5-coder:7b,क्रल अजावडे आहे,2.094
2803,& Size,mr:,Marathi,qwen2.5-coder:7b,आकार,0.849
2804,Student ID Card,mr:,Marathi,qwen2.5-coder:7b,माहितीपत्र,1.403
2805,Delay:,mr:,Marathi,qwen2.5-coder:7b,मजकूळ:,1.344
2806,Location Bar,mr:,Marathi,qwen2.5-coder:7b,स्थानीयता मालिकी,1.913
2807,7th Last,mr:,Marathi,qwen2.5-coder:7b,सप्ताहाची दुसऱ्या दिवसीया,2.979
2808,MD5 shadow passwords,mr:,Marathi,qwen2.5-coder:7b,MD5 शेडोव पासवर्ड्स,2.316
2809,DeepSkyBlue2,mr:,Marathi,qwen2.5-coder:7b,देवाश्वाला 2,1.723
2810,House,mr:,Marathi,qwen2.5-coder:7b,घर,0.609
2811,Kompare icon artist,mr:,Marathi,qwen2.5-coder:7b,कोमपे इकोन अर्टिस्ट,2.457
2812,Profile Error,mr:,Marathi,qwen2.5-coder:7b,प्रोफाइल त्रुटी,1.802
2813,Movement:,mr:,Marathi,qwen2.5-coder:7b,मोवमेंट:,1.265
2814,Perspective Grid Tool,mr:,Marathi,qwen2.5-coder:7b,प्रतिबिम्बनुक्रम रेखांची टूल,3.095
2815,Amount:,mr:,Marathi,qwen2.5-coder:7b,माहिती:,1.107
2816,Copying,mr:,Marathi,qwen2.5-coder:7b,कॉपी करण्यात आहे,2.01
2817,Game is Running,mr:,Marathi,qwen2.5-coder:7b,खेल चलत आहे,1.561
2818,Font Configuration,mr:,Marathi,qwen2.5-coder:7b,फॉन्ट कॉन्फिगरेशन,2.213
2819,current & Layer,mr:,Marathi,qwen2.5-coder:7b,आणि तपशील,1.419
2820,East Timor,mr:,Marathi,qwen2.5-coder:7b,येव्हा तिमोर,1.682
2821,& English,mr:,Marathi,qwen2.5-coder:7b,& अंग्रेजी,1.341
2822,Rename Item (%1),mr:,Marathi,qwen2.5-coder:7b,आपणाला आयोजनाचे नाव बदला (%1),3.212
2823,FDDI network controller,mr:,Marathi,qwen2.5-coder:7b,फडी नेटवर्क कंट्रोलर,2.34
2824,& Last,mr:,Marathi,qwen2.5-coder:7b,& अंतिम,1.208
2825,Connection side image,mr:,Marathi,qwen2.5-coder:7b,संबंधाचे चित्र,1.946
2826,Option:,mr:,Marathi,qwen2.5-coder:7b,पर्याय:,1.059
2827,Lives:,mr:,Marathi,qwen2.5-coder:7b,जीवने:,1.008
2828,Painting assistants,mr:,Marathi,qwen2.5-coder:7b,पेंटिंग असिस्टेंट्स,2.319
2829,Yearly,mr:,Marathi,qwen2.5-coder:7b,वर्षाच्या,1.306
2830,& Download Checked,mr:,Marathi,qwen2.5-coder:7b,& चालू असलेल्या डाउनलोड करा,3.043
2831,& File location:,mr:,Marathi,qwen2.5-coder:7b,&स्थानाचा लक्षांक:,2.145
2832,Performing,mr:,Marathi,qwen2.5-coder:7b,प्रसारण करण्यात आहे,2.081
2833,Color tool:,mr:,Marathi,qwen2.5-coder:7b,रंग टूल:,1.459
2834,Exercises,mr:,Marathi,qwen2.5-coder:7b,अभ्यासांचे वर्णन,2.077
2835,Panel Alignment,mr:,Marathi,qwen2.5-coder:7b,पनल संमती,1.218
2836,Unknown directive,mr:,Marathi,qwen2.5-coder:7b,अज्ञानी दार्शनीय,1.924
2837,Alphabetically,mr:,Marathi,qwen2.5-coder:7b,अल्पवर्णीय रूपांतरण,2.449
2838,Edit Printer,mr:,Marathi,qwen2.5-coder:7b,प्रिंटर संशोधित करा,1.975
2839,Max file size:,mr:,Marathi,qwen2.5-coder:7b,मजकून फाइल आकार:,2.092
2840,Preserve Carriage Return:,mr:,Marathi,qwen2.5-coder:7b,रिल्ली राखा:,1.869
2841,1 running,mr:,Marathi,qwen2.5-coder:7b,1 चालू आहे,1.56
2842,Action name:,mr:,Marathi,qwen2.5-coder:7b,कार्याचे नाव:,1.775
2843,Project name:,mr:,Marathi,qwen2.5-coder:7b,परियायाचे नाव:,1.849
2844,Sound Policy Server,mr:,Marathi,qwen2.5-coder:7b,संगीत नियम सर्वर,2.011
2845,Server URL:,mr:,Marathi,qwen2.5-coder:7b,सर्वर URL:,1.253
2846,Trusted:,mr:,Marathi,qwen2.5-coder:7b,प्रमाणित:,1.225
2847,Go Go Forward,mr:,Marathi,qwen2.5-coder:7b,आणि आणि आगे जाणा,2.04
2848,User canceled the installation,mr:,Marathi,qwen2.5-coder:7b,यो योजना योग्य झाली आहे,2.858
2849,Fingerprint Verification,mr:,Marathi,qwen2.5-coder:7b,फिंग्रिंग वेरिफिकेशन,2.403
2850,letter is expected,mr:,Marathi,qwen2.5-coder:7b,पत्र अपलून आला जाते,2.392
2851,Verifying:,mr:,Marathi,qwen2.5-coder:7b,प्रमाणीकरण झाला आहे:,2.493
2852,Point size,mr:,Marathi,qwen2.5-coder:7b,पॅन्ट आकार,1.49
2853,& Reply-to address:,mr:,Marathi,qwen2.5-coder:7b,& अपलायाचे पत्ता:,2.028
2854,Bezier Painting Tool,mr:,Marathi,qwen2.5-coder:7b,बीजीजी पांचनाली टूल,2.337
2855,& Search by Product...,mr:,Marathi,qwen2.5-coder:7b,& वस्तूनुसार शोधा...,2.445
2856,Please enter name:,mr:,Marathi,qwen2.5-coder:7b,कृपया नाव द्याला:,2.216
2857,Certifications,mr:,Marathi,qwen2.5-coder:7b,प्रमाणांचे साठी,1.739
2858,Data Sources,mr:,Marathi,qwen2.5-coder:7b,स्रोत आणि डेटा,1.793
2859,Percentage Format,mr:,Marathi,qwen2.5-coder:7b,प्रतिशत फॉर्मेट,1.995
2860,Software Updates,mr:,Marathi,qwen2.5-coder:7b,सॉफ्टवेअर अपडेट्स,2.269
2861,Exclude,mr:,Marathi,qwen2.5-coder:7b,"उदाहरणाचा उत्तर: ""निष्कर्षित करा",3.589
2862,Tag List,mr:,Marathi,qwen2.5-coder:7b,सूची यांचे तालिका,2.301
2863,File Naming,mr:,Marathi,qwen2.5-coder:7b,फाइल नावणे,1.463
2864,Skip 100 Forward,mr:,Marathi,qwen2.5-coder:7b,100 आणि आगत झाला,2.438
2865,Project description,mr:,Marathi,qwen2.5-coder:7b,परियोजना का विवरण,2.096
2866,Saturday,mr:,Marathi,qwen2.5-coder:7b,शनि,0.705
2867,Recycle Bin,mr:,Marathi,qwen2.5-coder:7b,पुनरावृत्ति गुंतुळ,2.367
2868,Square Bullet,mr:,Marathi,qwen2.5-coder:7b,वर्ग बूटल,1.466
2869,Text Functions,mr:,Marathi,qwen2.5-coder:7b,पाठ्यांचे कार्यां,2.182
2870,Comic Book Collection,mr:,Marathi,qwen2.5-coder:7b,कॉमिक बुक संग्रह,2.029
2871,Frame Width,mr:,Marathi,qwen2.5-coder:7b,फ्रेमचे चौड़ाई,1.912
2872,Cuneiform,mr:,Marathi,qwen2.5-coder:7b,कुनूफाइम,1.414
2873,tiles,mr:,Marathi,qwen2.5-coder:7b,ताल्यांची गह्यांची गह्यांची गह्यांची गह्यांची गह्यांची गह्यांची गह्यांची गह्यांची गह्यांची गह्यांची,10.353
2874,... newsgroups?,mr:,Marathi,qwen2.5-coder:7b,... न्यायालयांचे?,2.047
2875,Could not get socket nonce: %1,mr:,Marathi,qwen2.5-coder:7b,सोकेट नॉनसेक्वर निपक्ष नाही: %1,3.635
2876,vold is not running.,mr:,Marathi,qwen2.5-coder:7b,वॉल्ड चालू नाहीत.,2.46
2877,Withdraw freqency,mr:,Marathi,qwen2.5-coder:7b,वित्तीय अनुदान आवश्यकता,2.809
2878,Cups Access Log Files,mr:,Marathi,qwen2.5-coder:7b,कप्यूस अक्सेस लॉग फाइल्स,3.21
2879,Single color,mr:,Marathi,qwen2.5-coder:7b,एक रंग,1.104
2880,Environment,mr:,Marathi,qwen2.5-coder:7b,परिस्थिती,1.327
2881,Close view,mr:,Marathi,qwen2.5-coder:7b,वेचा वेचा,1.38
2882,Top Left Diagonal,mr:,Marathi,qwen2.5-coder:7b,उत्तरात वाढा धारा,2.229
2883,& Remove Server,mr:,Marathi,qwen2.5-coder:7b,& सर्वराचा हटणे,1.826
2884,View back,mr:,Marathi,qwen2.5-coder:7b,पिछे देखा,1.358
2885,& Property Editor,mr:,Marathi,qwen2.5-coder:7b,& संपदा संपादक,1.659
2886,Print Finish,mr:,Marathi,qwen2.5-coder:7b,प्रिंट झाला,1.453
2887,equal to,mr:,Marathi,qwen2.5-coder:7b,समान आहे,1.192
2888,& Admin access,mr:,Marathi,qwen2.5-coder:7b,& प्रशासकीय प्रवेश,1.806
2889,DAAP Collection,mr:,Marathi,qwen2.5-coder:7b,DAAP संग्रह,1.426
2890,& Unlimited,mr:,Marathi,qwen2.5-coder:7b,& अनंततः,1.366
2891,Plasma Package Manager,mr:,Marathi,qwen2.5-coder:7b,प्लाजमा पॅकेज मॅनेजर,2.608
2892,At Most,mr:,Marathi,qwen2.5-coder:7b,अधिकारीत,1.205
2893,uninterrupted,mr:,Marathi,qwen2.5-coder:7b,अनिरंतर,1.136
2894,Profile Configuration,mr:,Marathi,qwen2.5-coder:7b,प्रोफाइल व्यवस्था,2.057
2895,Compact,mr:,Marathi,qwen2.5-coder:7b,काढीण,0.886
2896,Service/ File:,mr:,Marathi,qwen2.5-coder:7b,सेवा/ फाइल:,1.51
2897,Scrollback Options,mr:,Marathi,qwen2.5-coder:7b,स्क्रॉलबॅॅक विकल्पे,2.809
2898,IP filter file:,mr:,Marathi,qwen2.5-coder:7b,फायल अनुक्रमांकन:,2.127
2899,Swiss German (de-ch),mr:,Marathi,qwen2.5-coder:7b,स्विस्स जर्मन (de-ch),2.274
2900,Stamp Symbol,mr:,Marathi,qwen2.5-coder:7b,मार्च चिन्ह,1.588
2901,Encryption,mr:,Marathi,qwen2.5-coder:7b,एनक्रिप्शन,1.476
2902,Start record:,mr:,Marathi,qwen2.5-coder:7b,प्रारम्भ करा:,1.614
2903,Correlation:,mr:,Marathi,qwen2.5-coder:7b,कोर्युलेशन:,1.546
2904,List View,mr:,Marathi,qwen2.5-coder:7b,सूची दृश्य,1.638
2905,& smime; Validation,mr:,Marathi,qwen2.5-coder:7b,&smime; प्रमाणीकरण,1.803
2906,Sample rate:,mr:,Marathi,qwen2.5-coder:7b,मूळ दर:,1.346
2907,Creation error,mr:,Marathi,qwen2.5-coder:7b,संरचना त्रुटी,1.863
2908,DivineProportion tool,mr:,Marathi,qwen2.5-coder:7b,देवी अनुपात टूल,2.138
2909,(unnamed),mr:,Marathi,qwen2.5-coder:7b,(नाव नाही),1.515
2910,Function 10:,mr:,Marathi,qwen2.5-coder:7b,फंक्शन १०:,1.757
2911,High Gloss,mr:,Marathi,qwen2.5-coder:7b,उच्च गोश्ठी,1.556
2912,Edit Server,mr:,Marathi,qwen2.5-coder:7b,सर्वर संशोधन करा,1.884
2913,Flat,mr:,Marathi,qwen2.5-coder:7b,चौदा,0.92
2914,Input Color Profile:,mr:,Marathi,qwen2.5-coder:7b,प्रवेश कार्यालय:,1.829
2915,Pink,mr:,Marathi,qwen2.5-coder:7b,पिंक,0.814
2916,Capacity:,mr:,Marathi,qwen2.5-coder:7b,क्षमता:,1.113
2917,Head image,mr:,Marathi,qwen2.5-coder:7b,पहिला चित्र,1.459
2918,n of n,mr:,Marathi,qwen2.5-coder:7b,न या नम्बरमध्ये,1.978
2919,Flake shapes %1,mr:,Marathi,qwen2.5-coder:7b,फ्लेक आकार %1,1.807
2920,Erroneous,mr:,Marathi,qwen2.5-coder:7b,गल्पणात आणि गल्पणात आणि गल्पणात आणि गल्पणात आणि गल्पणात आणि गल्पणात आणि गल्पणात आणि गल्पणात आणि गल्प,10.454
2921,Hofsjökull Glacier,mr:,Marathi,qwen2.5-coder:7b,होफ्सजोक्कल ग्लेसरी,2.552
2922,Security Information,mr:,Marathi,qwen2.5-coder:7b,सुरक्षा माहिती,1.782
2923,Revision:,mr:,Marathi,qwen2.5-coder:7b,परिवर्तन:,1.338
2924,Wire frame:,mr:,Marathi,qwen2.5-coder:7b,पायथर चालणा:,1.675
2925,Action program,mr:,Marathi,qwen2.5-coder:7b,कार्यक्रम,1.289
2926,X innie,mr:,Marathi,qwen2.5-coder:7b,खालील आहे,1.586
2927,& Lens Correction...,mr:,Marathi,qwen2.5-coder:7b,& लेंस कार्यक्रम...,2.032
2928,Build Index,mr:,Marathi,qwen2.5-coder:7b,सूची बनाणा,1.81
2929,Profession,mr:,Marathi,qwen2.5-coder:7b,व्यवसाय,1.142
2930,Australia/ ACT,mr:,Marathi,qwen2.5-coder:7b,ऑस्ट्रेलिया/एक्सट्रेशन कॉलेज,3.043
2931,& Reply-To address:,mr:,Marathi,qwen2.5-coder:7b,& अपलायाचे पत्ता:,2.163
2932,Backgound color:,mr:,Marathi,qwen2.5-coder:7b,पृष्ठभूमीचे रंग:,2.387
2933,never,mr:,Marathi,qwen2.5-coder:7b,नाहीं,0.918
2934,(La)TeX development environment,mr:,Marathi,qwen2.5-coder:7b,(लॅटॅक्स) विकास वास्तविकता,3.389
2935,Glossary:,mr:,Marathi,qwen2.5-coder:7b,गोल्सारी:,1.416
2936,New type: pptp,mr:,Marathi,qwen2.5-coder:7b,नव्या प्रकार: pptp,1.791
2937,client GLX version,mr:,Marathi,qwen2.5-coder:7b,कायदा ग्ल्यूएक्स वर्शन,2.709
2938,Anchor Points,mr:,Marathi,qwen2.5-coder:7b,आंचली बिंदूं,1.773
2939,expenses,mr:,Marathi,qwen2.5-coder:7b,खर्चे,0.886
2940,New name,mr:,Marathi,qwen2.5-coder:7b,नव्हा नाव,1.306
2941,Multiple Monitors,mr:,Marathi,qwen2.5-coder:7b,मल्याला चालणा,1.813
2942,Grid Spacing,mr:,Marathi,qwen2.5-coder:7b,ग्रिड स्पेसिंग,1.703
2943,Input Area,mr:,Marathi,qwen2.5-coder:7b,प्रवेश क्षेत्र,1.776
2944,atmospheres,mr:,Marathi,qwen2.5-coder:7b,आवाजांं,1.19
2945,conditional-head2,mr:,Marathi,qwen2.5-coder:7b,शर्ताचे शीर्षक 2,2.313
2946,Data Write Access,mr:,Marathi,qwen2.5-coder:7b,देखील लिखणे अनुमती,2.31
2947,Y offset:,mr:,Marathi,qwen2.5-coder:7b,या अस्तित्वाचा अस्तित्व:,3.012
2948,Green:,mr:,Marathi,qwen2.5-coder:7b,पाश्चिमी:,1.375
2949,Smartcards,mr:,Marathi,qwen2.5-coder:7b,स्मार्टकार्ड्स,1.853
2950,Breakpoints,mr:,Marathi,qwen2.5-coder:7b,ब्रेकपूट्स,1.402
2951,Twirl,mr:,Marathi,qwen2.5-coder:7b,चालणा,0.907
2952,The question,mr:,Marathi,qwen2.5-coder:7b,प्रश्न,0.951
2953,Album Cover Manager,mr:,Marathi,qwen2.5-coder:7b,पॅल्बम कवर मॅनेजर,2.178
2954,Total,mr:,Marathi,qwen2.5-coder:7b,जातील,0.91
2955,(No function selected),mr:,Marathi,qwen2.5-coder:7b,(कोणती फंक्शन निवडली नाही),2.969
2956,Key Direction:,mr:,Marathi,qwen2.5-coder:7b,कुंजी दिशा:,1.606
2957,KDE Repository Accounts,mr:,Marathi,qwen2.5-coder:7b,कडे रिपोजिटरी खाता,2.241
2958,DCC Receive Question,mr:,Marathi,qwen2.5-coder:7b,डीसीसी वापरले याची प्रश्न प्राप्त करणे,3.788
2959,Custom Type 4,mr:,Marathi,qwen2.5-coder:7b,स्वचाता प्रकार 4,1.937
2960,KOrganizer event duration,mr:,Marathi,qwen2.5-coder:7b,कोर्गनार्स घटना काळांची लांबी,3.213
2961,Log Viewer,mr:,Marathi,qwen2.5-coder:7b,प्रतिलोक्षक,1.447
2962,Auto Correction,mr:,Marathi,qwen2.5-coder:7b,स्वतंत्र संशोधन,1.756
2963,Paint ladders,mr:,Marathi,qwen2.5-coder:7b,पेंट लढाईं,1.519
2964,massVariance,mr:,Marathi,qwen2.5-coder:7b,मास वरिएंस,1.483
2965,"Fatal error: Unable to load the pictures, aborting.",mr:,Marathi,qwen2.5-coder:7b,"फाटल त्रुटी: चित्रांना लोड नाही, रद्द करण्यात आहे.",5.437
2966,& Paper size:,mr:,Marathi,qwen2.5-coder:7b,& पत्रकारी आकार:,1.838
2967,Min. Call Cost,mr:,Marathi,qwen2.5-coder:7b,मिन. कॉल की लागाव,2.153
2968,X speed,mr:,Marathi,qwen2.5-coder:7b,खोटी गती,1.27
2969,Score,mr:,Marathi,qwen2.5-coder:7b,शोर्स,0.881
2970,pink (bold),mr:,Marathi,qwen2.5-coder:7b,पिंक (पिंक),1.411
2971,CCITT Modified Huffman RLE,mr:,Marathi,qwen2.5-coder:7b,CCITT Modified Huffman RLE,1.208
2972,Australia/ Adelaide,mr:,Marathi,qwen2.5-coder:7b,ऑस्ट्रेलिया/अदलेड,2.079
2973,Comic,mr:,Marathi,qwen2.5-coder:7b,कॉमिक,1.006
2974,Removing,mr:,Marathi,qwen2.5-coder:7b,मागली झाली,1.533
2975,Fade Curve,mr:,Marathi,qwen2.5-coder:7b,फॅड कर्वी,1.292
2976,Gravitation,mr:,Marathi,qwen2.5-coder:7b,ग्रविशास,1.192
2977,Bit Rate,mr:,Marathi,qwen2.5-coder:7b,बिट रेट,1.162
2978,Rename Filter,mr:,Marathi,qwen2.5-coder:7b,फिल्टर रिनाम करा,1.889
2979,Again,mr:,Marathi,qwen2.5-coder:7b,फिर येथे,1.218
2980,dark yellow,mr:,Marathi,qwen2.5-coder:7b,काळे नाहीं,1.485
2981,& Application:,mr:,Marathi,qwen2.5-coder:7b,& अनुप्रयोग:,1.507
2982,Group tracks,mr:,Marathi,qwen2.5-coder:7b,ग्रुप ट्रॅक्स,1.622
2983,& New Entry,mr:,Marathi,qwen2.5-coder:7b,& नवीन प्रवेश,1.587
2984,GDB integration,mr:,Marathi,qwen2.5-coder:7b,गडबी आणि गडबी योजना,2.326
2985,Background Color,mr:,Marathi,qwen2.5-coder:7b,पृष्ठभूमीचे रंग,2.133
2986,Profile name: %1,mr:,Marathi,qwen2.5-coder:7b,प्रोफाइल नाव: %1,1.958
2987,& Pointing,mr:,Marathi,qwen2.5-coder:7b,& अंदाज करणे,1.576
2988,Abbreviation,mr:,Marathi,qwen2.5-coder:7b,अभावीकरण,1.261
2989,Key shape,mr:,Marathi,qwen2.5-coder:7b,कुंडली कारक,1.384
2990,Costa Rican Colon,mr:,Marathi,qwen2.5-coder:7b,कोस्टारिकन कोलोन,2.034
2991,Tightness:,mr:,Marathi,qwen2.5-coder:7b,तांत्रिकी:,1.411
2992,Page Preview,mr:,Marathi,qwen2.5-coder:7b,पृष्ठाचे पूर्वानावरीती,2.61
2993,Advance,mr:,Marathi,qwen2.5-coder:7b,प्रगती,0.878
2994,The & kate; team:,mr:,Marathi,qwen2.5-coder:7b,काटे टीम:,1.602
2995,Printer %1 does not exist.,mr:,Marathi,qwen2.5-coder:7b,प्रिंटर %1 असते नाही.,2.498
2996,Accessories,mr:,Marathi,qwen2.5-coder:7b,उपकरणे,1.063
2997,Media Player Menu,mr:,Marathi,qwen2.5-coder:7b,मीडिया प्लेयर मेनू,2.198
2998,Natural,mr:,Marathi,qwen2.5-coder:7b,नाताराज्ञानी,1.65
2999,Selection Background,mr:,Marathi,qwen2.5-coder:7b,परिवार आवश्यकता,2.151
3000,Needs Patch,mr:,Marathi,qwen2.5-coder:7b,पॅच आवश्यक आहे,1.957
3001,& Continuous,mr:,Marathi,qwen2.5-coder:7b,& चालणा,1.21
3002,Iridiscence wave length:,mr:,Marathi,qwen2.5-coder:7b,इरिडिसेंस वैल्यू:,2.53
3003,States,mr:,Marathi,qwen2.5-coder:7b,प्रदेशे,1.027
3004,Delete Record,mr:,Marathi,qwen2.5-coder:7b,मान्यता हटणा,1.51
3005,Delimiter Line,mr:,Marathi,qwen2.5-coder:7b,विभाजन रेखा,1.716
3006,Decline,mr:,Marathi,qwen2.5-coder:7b,निरोक्ता करणा,1.674
3007,Camera Configuration,mr:,Marathi,qwen2.5-coder:7b,कॅमरा कॉन्फिगरेशन,2.27
3008,Vertex-vertex behavior,mr:,Marathi,qwen2.5-coder:7b,वैर्टिकल-वैर्टिकल व्यवहार,3.226
3009,Kenyan Shilling,mr:,Marathi,qwen2.5-coder:7b,केन्याचे शिल्लिंग,2.282
3010,The Moon,mr:,Marathi,qwen2.5-coder:7b,चांद,0.845
3011,"\t""XML data """,mr:,Marathi,qwen2.5-coder:7b,"\t""XML डेटा ",1.567
3012,S peed,mr:,Marathi,qwen2.5-coder:7b,स प्रेड,1.005
3013,LILO Configuration,mr:,Marathi,qwen2.5-coder:7b,LILO व्यवस्था,1.704
3014,Vtun profile name,mr:,Marathi,qwen2.5-coder:7b,व्यक्तिगत विवरणाचे नाव,2.788
3015,Rear,mr:,Marathi,qwen2.5-coder:7b,पासे,0.888
3016,kmines; Preferences,mr:,Marathi,qwen2.5-coder:7b,क्मिन्स; पसंदीदा,1.978
3017,Authentication,mr:,Marathi,qwen2.5-coder:7b,अनुमती देणे,1.53
3018,Close Script,mr:,Marathi,qwen2.5-coder:7b,स्क्रिप्ट बंद करा,1.942
3019,Continue?,mr:,Marathi,qwen2.5-coder:7b,पुढील जाणून?,1.757
3020,SDL - Function,mr:,Marathi,qwen2.5-coder:7b,SDL - फंक्शन,1.358
3021,& GUI; description,mr:,Marathi,qwen2.5-coder:7b,& GUI; विवरण,1.393
3022,& Bullets,mr:,Marathi,qwen2.5-coder:7b,& बुलेट्स,1.361
3023,entity relationship diagram,mr:,Marathi,qwen2.5-coder:7b,संबंध चित्र,1.764
3024,Security Warning,mr:,Marathi,qwen2.5-coder:7b,सुरक्षा अलावणी,1.822
3025,Line/ Curve,mr:,Marathi,qwen2.5-coder:7b,रेषी/करवाई,1.499
3026,Solid Device,mr:,Marathi,qwen2.5-coder:7b,सत्याचा निवड,1.649
3027,& Section:,mr:,Marathi,qwen2.5-coder:7b,& अनुभव:,1.229
3028,decreaseShortcut,mr:,Marathi,qwen2.5-coder:7b,कमी करा,1.29
3029,Script action,mr:,Marathi,qwen2.5-coder:7b,स्क्रिप्ट क्रिया,1.79
3030,Underline (wml),mr:,Marathi,qwen2.5-coder:7b,विस्तार करा (wml),1.877
3031,Probed,mr:,Marathi,qwen2.5-coder:7b,प्रोबेड,0.999
3032,Random (modified),mr:,Marathi,qwen2.5-coder:7b,अनुकूल (मोडीफिकेड),2.164
3033,User Commands,mr:,Marathi,qwen2.5-coder:7b,योजना कार्यांचे उपयोगकर्ता,2.81
3034,Look Sea Theme,mr:,Marathi,qwen2.5-coder:7b,विश्वास आहे,1.531
3035,UI Design,mr:,Marathi,qwen2.5-coder:7b,डिजाइन ऑफ यूआई,2.116
3036,Group:,mr:,Marathi,qwen2.5-coder:7b,ग्रुप:,0.891
3037,Read,mr:,Marathi,qwen2.5-coder:7b,पढा,0.682
3038,Initial Conditions,mr:,Marathi,qwen2.5-coder:7b,आरंभिक स्थिती,1.558
3039,Performance indexes,mr:,Marathi,qwen2.5-coder:7b,प्रदर्शन मानके,1.567
3040,Run with realtime & scheduling,mr:,Marathi,qwen2.5-coder:7b,रिंग रिलไทम आणि नियंत्रणात,3.178
3041,Relative,mr:,Marathi,qwen2.5-coder:7b,सामान्य,1.128
3042,Scatter Chart,mr:,Marathi,qwen2.5-coder:7b,स्केटर चार्ट,1.695
3043,of Rabi ` al-Thaani,mr:,Marathi,qwen2.5-coder:7b,"राबी ""थूनी",1.801
3044,Lines,mr:,Marathi,qwen2.5-coder:7b,रिंग्स,1.042
3045,Disable IPX protocol:,mr:,Marathi,qwen2.5-coder:7b,IPX प्रोटोकॉल अक्षम करा:,2.774
3046,5th Last,mr:,Marathi,qwen2.5-coder:7b,पाचवी अंतिम,1.557
3047,Port Number,mr:,Marathi,qwen2.5-coder:7b,पोर्ट नंबर,1.408
3048,Positioning Indices,mr:,Marathi,qwen2.5-coder:7b,स्थापना शिंकाले,2.14
3049,Write Capabilities:,mr:,Marathi,qwen2.5-coder:7b,वापरक्षांचे काहीतरी:,2.297
3050,By class,mr:,Marathi,qwen2.5-coder:7b,प्रकारांना,1.507
3051,Help Documents,mr:,Marathi,qwen2.5-coder:7b,दस्तऐवज्यांसाठी,1.893
3052,Create site,mr:,Marathi,qwen2.5-coder:7b,साइट बनाणा,1.413
3053,is between #V1# and #V2#,mr:,Marathi,qwen2.5-coder:7b,#V1# आणि #V2# दरम्यान आहे,3.14
3054,SeaGreen4,mr:,Marathi,qwen2.5-coder:7b,SeaGreen4,0.787
3055,Italic (wml),mr:,Marathi,qwen2.5-coder:7b,आणि (wml),1.169
3056,& HMAC Authentication:,mr:,Marathi,qwen2.5-coder:7b,& हॅमचॅन्याचा अनुमतीपत्र:,2.912
3057,Quick search...,mr:,Marathi,qwen2.5-coder:7b,त्याचा त्याचा खोजणे...,2.662
3058,Podcast Configuration,mr:,Marathi,qwen2.5-coder:7b,पोडकास्ट व्यवस्था,2.253
3059,"Break point related: break, showbreak, delete, enable",mr:,Marathi,qwen2.5-coder:7b,"ब्रेक बिंदू संबंधित: ब्रेक, शो ब्रेक, डिलीट, अभ्यास करा",6.148
3060,Preconfiguration file,mr:,Marathi,qwen2.5-coder:7b,प्रीकॉनफिगरेशन फाइल,2.453
3061,Layer view,mr:,Marathi,qwen2.5-coder:7b,परिस्थिती दृशी,1.998
3062,Cover File,mr:,Marathi,qwen2.5-coder:7b,फाइल खोला,1.364
3063,"Amundsen-Scott Station, South Pole",mr:,Marathi,qwen2.5-coder:7b,"अमुन्डसन-स्कॅट अवलय, दक्षिण गुफ्या",4.18
3064,Quilt controls:,mr:,Marathi,qwen2.5-coder:7b,प्रतिबंध नियंत्रण:,2.245
3065,Snippet Repository:,mr:,Marathi,qwen2.5-coder:7b,स्किनेट रिपोजिटरी:,2.281
3066,Sequence Number (start),mr:,Marathi,qwen2.5-coder:7b,सर्वात लहान संख्या (शुरू करण्यासाठी),3.932
3067,Group Password,mr:,Marathi,qwen2.5-coder:7b,ग्रुप पासवर्ड,1.589
3068,Shutdown Toolbar,mr:,Marathi,qwen2.5-coder:7b,शक्ती घटाणा टूलबार,2.589
3069,Degrees of freedom,mr:,Marathi,qwen2.5-coder:7b,स्वतंत्रता अंक,1.778
3070,Archiving,mr:,Marathi,qwen2.5-coder:7b,अर्हावण्यात आला,1.953
3071,landscape,mr:,Marathi,qwen2.5-coder:7b,प्राकृतिक विविधता,2.083
3072,GravitationForceErrors,mr:,Marathi,qwen2.5-coder:7b,गुरुत्वाक्रिया गतिविधी त्रुटींांचे वर्णन,4.412
3073,Mass Conversions,mr:,Marathi,qwen2.5-coder:7b,महत्त्वाची परिवर्तने,2.287
3074,Choose Brush to Add,mr:,Marathi,qwen2.5-coder:7b,पेखवण्यासाठी चालावा चुना,2.967
3075,SkyBlue1,mr:,Marathi,qwen2.5-coder:7b,"नеб्यूना खालील शब्दांची अनुवाद देण्यात आला आहे:

""नеб्यूना",6.014
3076,New program %1,mr:,Marathi,qwen2.5-coder:7b,नव्हा प्रोग्राम %1,1.969
3077,& Library,mr:,Marathi,qwen2.5-coder:7b,& लाबरी,1.193
3078,& Documentation path:,mr:,Marathi,qwen2.5-coder:7b,& दस्तऐवज्याचे पास्त्र:,2.445
3079,Session name:,mr:,Marathi,qwen2.5-coder:7b,सत्राचे नाव:,1.595
3080,Predefined Timers,mr:,Marathi,qwen2.5-coder:7b,प्रसिद्ध टाईमर्स,2.046
3081,Writing speed: %1 KB/ s (%2x),mr:,Marathi,qwen2.5-coder:7b,वापरासाठी गती: %1 KB/स (%2x),3.136
3082,Music path:,mr:,Marathi,qwen2.5-coder:7b,संगीताचे पथ:,1.693
3083,Windows Shares,mr:,Marathi,qwen2.5-coder:7b,विंडोज शेअर्स,1.772
3084,Map & theme:,mr:,Marathi,qwen2.5-coder:7b,चित्र & विशेषता:,1.991
3085,Supporting & kde;,mr:,Marathi,qwen2.5-coder:7b,सहायता & kde;,1.607
3086,Away & message:,mr:,Marathi,qwen2.5-coder:7b,आहे & संदेश:,1.434
3087,Page border:,mr:,Marathi,qwen2.5-coder:7b,पृष्ठाचे भाग:,1.835
3088,& Volume:,mr:,Marathi,qwen2.5-coder:7b,& वैशिष्ट्य:,1.664
3089,LaTeX environments:,mr:,Marathi,qwen2.5-coder:7b,LaTeX माध्यमांचे पाठ्यक्रम:,2.69
3090,Dimensions: %1x%2,mr:,Marathi,qwen2.5-coder:7b,आकार: %1x%2,1.686
3091,Spanish (Puerto Rico),mr:,Marathi,qwen2.5-coder:7b,स्पेनिश (पुर्तो रिको),2.562
3092,Remove filter,mr:,Marathi,qwen2.5-coder:7b,फिल्टर अड्वारा काढून केला जाऊ शकतो.,3.697
3093,LDAP User container,mr:,Marathi,qwen2.5-coder:7b,LDAP योजना वास्तवाचे वस्तु,3.044
3094,Cancer,mr:,Marathi,qwen2.5-coder:7b,कृपया अपले विशेष नियमांना देखा.,3.703
3095,Text editing tool,mr:,Marathi,qwen2.5-coder:7b,पाठ्य संपादन टूल,2.36
3096,PIM Presence,mr:,Marathi,qwen2.5-coder:7b,पीएमआय प्रतिबिंध,1.933
3097,Statistics:,mr:,Marathi,qwen2.5-coder:7b,सांख्यिकी:,1.447
3098,ends with,mr:,Marathi,qwen2.5-coder:7b,पर्यायात आहे,1.792
3099,Example output:,mr:,Marathi,qwen2.5-coder:7b,उदाहरणाचे आउटपुट:,2.04
3100,Frame duration:,mr:,Marathi,qwen2.5-coder:7b,फ्रेम दुर्लंबन:,1.827
3101,South African rand,mr:,Marathi,qwen2.5-coder:7b,अफ्रिकन रूपया,1.797
3102,previous,mr:,Marathi,qwen2.5-coder:7b,पिछला,0.89
3103,Swedish (Finland),mr:,Marathi,qwen2.5-coder:7b,स्वीडन या फिनलैंडमध्ये,2.757
3104,Selection: -,mr:,Marathi,qwen2.5-coder:7b,परिणाम: -,1.514
3105,Comic Package Structure,mr:,Marathi,qwen2.5-coder:7b,मोहित टॅक्षन वर्गीकरण,2.718
3106,& Chapters,mr:,Marathi,qwen2.5-coder:7b,& क्षेत्रांचे अवधारणा,2.396
3107,Output file name,mr:,Marathi,qwen2.5-coder:7b,फाइलाचे नाव आउटपुट करण्यासाठी,3.414
3108,Answer response:,mr:,Marathi,qwen2.5-coder:7b,तर्ज्ञान देणे:,1.977
3109,Message Preview Pane,mr:,Marathi,qwen2.5-coder:7b,प्रेवीकृत संदेश पट्टी,2.287
3110,Summary View,mr:,Marathi,qwen2.5-coder:7b,सारांश देखवा,1.577
3111,Pointer acceleration:,mr:,Marathi,qwen2.5-coder:7b,पंक्ती वेग वेळकारी:,2.268
3112,Protected,mr:,Marathi,qwen2.5-coder:7b,प्रविष्टी रोखी,1.732
3113,%1 armies to place,mr:,Marathi,qwen2.5-coder:7b,%1 युद्धकाळांना घेणे,2.63
3114,Draw cell,mr:,Marathi,qwen2.5-coder:7b,येथे एक शेल्ड घेणा,2.337
3115,Open a KMyMoney document,mr:,Marathi,qwen2.5-coder:7b,खालील दस्तऐवज खोला:,2.549
3116,Brightness correction:,mr:,Marathi,qwen2.5-coder:7b,स्वास्थ्यकोशाचे सुधार:,2.683
3117,& XSL; source files,mr:,Marathi,qwen2.5-coder:7b,& XSL; स्रोत फाइले,1.933
3118,Contact Information,mr:,Marathi,qwen2.5-coder:7b,संपर्कात जाहीरात,1.992
3119,Bluish,mr:,Marathi,qwen2.5-coder:7b,बूँदायीची,1.573
3120,Occurrence,mr:,Marathi,qwen2.5-coder:7b,आवश्यकता,1.245
3121,Password Hint:,mr:,Marathi,qwen2.5-coder:7b,पासवर्ड विचार:,1.843
3122,Exercise:,mr:,Marathi,qwen2.5-coder:7b,अभ्यास:,1.093
3123,Ctrl; Shift; F9 View VPL; Editor,mr:,Marathi,qwen2.5-coder:7b,कंट्रोल; शिफ्ट; फॉक्स वीपीएल; ऑफिसर,4.165
3124,ColorFX,mr:,Marathi,qwen2.5-coder:7b,कार्यक्रम फक्टरी,1.94
3125,Aerial view,mr:,Marathi,qwen2.5-coder:7b,आयामी दृश्य,1.721
3126,Enable filters,mr:,Marathi,qwen2.5-coder:7b,फिल्टर्स सक्षम करणे,2.166
3127,HAL-Power,mr:,Marathi,qwen2.5-coder:7b,हल-शक्ती,1.297
3128,JPEG quality:,mr:,Marathi,qwen2.5-coder:7b,JPEG गुणवत्ता:,1.622
3129,Canvas decorations,mr:,Marathi,qwen2.5-coder:7b,कावनस अनुक्रमण्यां,2.139
3130,performance,mr:,Marathi,qwen2.5-coder:7b,प्रदर्शन,1.132
3131,Properties:,mr:,Marathi,qwen2.5-coder:7b,प्रॉप्स:,1.171
3132,Search Options,mr:,Marathi,qwen2.5-coder:7b,खोज पर्याये,1.449
3133,Arena Name,mr:,Marathi,qwen2.5-coder:7b,अरेना नाव,1.348
3134,Rating: %1,mr:,Marathi,qwen2.5-coder:7b,मूल्यांकन: %1,2.055
3135,Question - Cantor,mr:,Marathi,qwen2.5-coder:7b,प्रश्न - कॉन्टर,1.798
3136,Media Management,mr:,Marathi,qwen2.5-coder:7b,मीडिया प्रबंधन,1.625
3137,Packet size,mr:,Marathi,qwen2.5-coder:7b,पॅकेट आकार,1.538
3138,Fill color:,mr:,Marathi,qwen2.5-coder:7b,फरक खाली करा:,1.677
3139,Bandwidth Monitor,mr:,Marathi,qwen2.5-coder:7b,बांधनावरीण अनुक्रमणकार,2.639
3140,& Keyboard layout:,mr:,Marathi,qwen2.5-coder:7b,& क्याबोर्ड आणि आणि आणि आणि आणि आणि आणि आणि आणि आणि आणि आणि आणि आणि आणि आणि आणि आणि आणि आणि आणि आणि आ,10.513
3141,Prev,mr:,Marathi,qwen2.5-coder:7b,पिछे,0.861
3142,How to obtain & marble;,mr:,Marathi,qwen2.5-coder:7b,कैसे &मार्बल जाणून पाठवा;,3.239
3143,length,mr:,Marathi,qwen2.5-coder:7b,दूरी,0.928
3144,Cluster Groups,mr:,Marathi,qwen2.5-coder:7b,ग्रुप्स क्लस्टर करणे,2.08
3145,Next Document,mr:,Marathi,qwen2.5-coder:7b,परिणामात्मक दस्तऐवज,2.277
3146,File Management,mr:,Marathi,qwen2.5-coder:7b,फाइल प्रबंधन,1.482
3147,Read Data,mr:,Marathi,qwen2.5-coder:7b,डेटा वाढवा,1.401
3148,User Scripts,mr:,Marathi,qwen2.5-coder:7b,योजना स्क्रिप्टे,1.802
3149,Invoice,mr:,Marathi,qwen2.5-coder:7b,आकार,0.81
3150,Playlist:,mr:,Marathi,qwen2.5-coder:7b,प्लेलिस्ट:,1.335
3151,Uganda,mr:,Marathi,qwen2.5-coder:7b,यूगांडा,1.25
3152,new time event,mr:,Marathi,qwen2.5-coder:7b,नव्हा समय घटना,1.794
3153,KPlato Resources,mr:,Marathi,qwen2.5-coder:7b,कप्लॅटो वास्तविकताः,2.531
3154,Table field,mr:,Marathi,qwen2.5-coder:7b,ताबली फील्ड,1.545
3155,Exercise Dialog,mr:,Marathi,qwen2.5-coder:7b,अभ्यास दिल्ली,1.78
3156,Encryption controller,mr:,Marathi,qwen2.5-coder:7b,एनक्रिप्शन कंट्रोलर,2.283
3157,Can Read,mr:,Marathi,qwen2.5-coder:7b,पढून सकते,1.334
3158,Head 1,mr:,Marathi,qwen2.5-coder:7b,पहिला शीर्षक,1.616
3159,"Unfortunately, & kde; can not:",mr:,Marathi,qwen2.5-coder:7b,"काहीतरी, & kde; असक्यात नाही:",3.313
3160,Tea Properties,mr:,Marathi,qwen2.5-coder:7b,ते गुणवत्ता,1.592
3161,Highscore List,mr:,Marathi,qwen2.5-coder:7b,उच्च अंक तयारी,1.9
3162,Attack 1,mr:,Marathi,qwen2.5-coder:7b,आक्रमण 1,1.186
3163,Black Cartridge,mr:,Marathi,qwen2.5-coder:7b,काले कार्टीक,1.522
3164,Request,mr:,Marathi,qwen2.5-coder:7b,आवश्यकता,1.195
3165,29th Last,mr:,Marathi,qwen2.5-coder:7b,29व्या पिछ्ल्या,1.88
3166,FITS Viewer,mr:,Marathi,qwen2.5-coder:7b,फिट्स वीझर,1.487
3167,"Color, fast, RGB",mr:,Marathi,qwen2.5-coder:7b,"रंग, तेज, RGB",1.552
3168,Polling interval,mr:,Marathi,qwen2.5-coder:7b,पोलिंग अंतराल,1.802
3169,DoubleSided,mr:,Marathi,qwen2.5-coder:7b,दोन्ही झाली,1.538
3170,Coffee sponsoring,mr:,Marathi,qwen2.5-coder:7b,कॉफी संस्कृती,1.816
3171,& Text file:,mr:,Marathi,qwen2.5-coder:7b,& टेक्स्ट फाइल:,1.933
3172,at most,mr:,Marathi,qwen2.5-coder:7b,अधिकारितता असते,1.993
3173,4th Last,mr:,Marathi,qwen2.5-coder:7b,चौथा पछीड्या,1.739
3174,medium size,mr:,Marathi,qwen2.5-coder:7b,मध्यम आकार,1.4
3175,& Scan,mr:,Marathi,qwen2.5-coder:7b,&स्कॅन,1.096
3176,Network Manager,mr:,Marathi,qwen2.5-coder:7b,नेटवर्क मॅनेजर,1.815
3177,Command Name,mr:,Marathi,qwen2.5-coder:7b,नाव या कमांडचे,1.763
3178,Execution,mr:,Marathi,qwen2.5-coder:7b,परिश्रम,1.043
3179,Modify filter,mr:,Marathi,qwen2.5-coder:7b,फिल्टर बदला,1.561
3180,CPU usage,mr:,Marathi,qwen2.5-coder:7b,उपलब्धी वापरणे,1.876
3181,Font Installer,mr:,Marathi,qwen2.5-coder:7b,फॉन्ट इनस्टॉलर,1.992
3182,Track 1 of 1,mr:,Marathi,qwen2.5-coder:7b,प्रतिनिधित्व 1 या 1,2.448
3183,Iron Seal,mr:,Marathi,qwen2.5-coder:7b,आहार शीला,1.304
3184,Tool Options,mr:,Marathi,qwen2.5-coder:7b,उपलब्धी विकल्पे,1.896
3185,Line Break - \\linebreak,mr:,Marathi,qwen2.5-coder:7b,रेखा काट - \\linebreak,1.701
3186,Package & name:,mr:,Marathi,qwen2.5-coder:7b,पॅकेज आणि नाव:,1.927
3187,Projection system: %1,mr:,Marathi,qwen2.5-coder:7b,प्रतिबिंबनिक विधी: %1,2.471
3188,is empty,mr:,Marathi,qwen2.5-coder:7b,खाली आहे,1.293
3189,Sound & file:,mr:,Marathi,qwen2.5-coder:7b,गायक आणि फाइल:,1.902
3190,CardBus bridge,mr:,Marathi,qwen2.5-coder:7b,कार्डबास ब्रिज्ज,1.981
3191,ColorSmartCRD Graphics,mr:,Marathi,qwen2.5-coder:7b,कार्यात्मक चित्रे,2.147
3192,Show & Acid Behavior,mr:,Marathi,qwen2.5-coder:7b,खालील असे दाखवा & असारी विविधता,3.724
3193,Yields,mr:,Marathi,qwen2.5-coder:7b,उत्पादन,1.112
3194,Byline:,mr:,Marathi,qwen2.5-coder:7b,प्रसार:,1.107
3195,Schedule Handler,mr:,Marathi,qwen2.5-coder:7b,समयपासंतती हॅंडलर,2.054
3196,Ring Chart,mr:,Marathi,qwen2.5-coder:7b,चार्ट गोडवारणे,1.865
3197,lines,mr:,Marathi,qwen2.5-coder:7b,रिंग्स,1.042
3198,Receiver,mr:,Marathi,qwen2.5-coder:7b,प्रतिबिंबकार,1.534
3199,%1 start failed.,mr:,Marathi,qwen2.5-coder:7b,%1 शुरू झाली नाही.,2.317
3200,Feather Selection,mr:,Marathi,qwen2.5-coder:7b,पत्रकार चयन,1.528
3201,files,mr:,Marathi,qwen2.5-coder:7b,फाइल्स,1.003
3202,goal type,mr:,Marathi,qwen2.5-coder:7b,प्रसिद्धीचा प्रकार,1.955
3203,Queue:,mr:,Marathi,qwen2.5-coder:7b,प्रवेश शैली:,1.723
3204,& Weekly,mr:,Marathi,qwen2.5-coder:7b,&प्रति वीक्रम,1.574
3205,Screen resolution: %1 dpi,mr:,Marathi,qwen2.5-coder:7b,दिसूने रिश्वेट: %1 डीपीआई,2.999
3206,KAB CSV XXPort Plugin,mr:,Marathi,qwen2.5-coder:7b,काब एसवीएस एक्स्पोर्ट प्लगइन,3.18
3207,Screens hot,mr:,Marathi,qwen2.5-coder:7b,स्क्रीन्स गर्म आहेत,2.12
3208,Warning,mr:,Marathi,qwen2.5-coder:7b,चेतावणी,1.053
3209,good,mr:,Marathi,qwen2.5-coder:7b,गुनते,0.915
3210,File Shell,mr:,Marathi,qwen2.5-coder:7b,फाईल शेल,1.304
3211,The Game,mr:,Marathi,qwen2.5-coder:7b,खेल,0.725
3212,Advanced,mr:,Marathi,qwen2.5-coder:7b,उच्च शैली,1.335
3213,Completion Files,mr:,Marathi,qwen2.5-coder:7b,पूर्णांत फाइल्स,2.028
3214,Lyx Files,mr:,Marathi,qwen2.5-coder:7b,लियॅक फाइल्स,1.822
3215,Subject,mr:,Marathi,qwen2.5-coder:7b,विषय,0.811
3216,Authentication algorithm,mr:,Marathi,qwen2.5-coder:7b,अनुमती गणना,1.556
3217,State Value,mr:,Marathi,qwen2.5-coder:7b,वर्षा मूल्य,1.587
3218,YZ rotation speed,mr:,Marathi,qwen2.5-coder:7b,YZ घटनाची गती,1.952
3219,Zig Zag,mr:,Marathi,qwen2.5-coder:7b,जिग जाग,1.179
3220,Clear,mr:,Marathi,qwen2.5-coder:7b,साठा करण्यात आला,1.841
3221,& Remove Item,mr:,Marathi,qwen2.5-coder:7b,& आपणाला आहे आयटम ठेवणे,2.629
3222,Distribution List,mr:,Marathi,qwen2.5-coder:7b,वित्तीय सूची,1.645
3223,Color rate:,mr:,Marathi,qwen2.5-coder:7b,रंग दर:,1.166
3224,Back Cover,mr:,Marathi,qwen2.5-coder:7b,पिछला खंड,1.347
3225,Launch plugin configuration dialog,mr:,Marathi,qwen2.5-coder:7b,प्लगइन,1.218
3226,Animation speed,mr:,Marathi,qwen2.5-coder:7b,अनिमेशन गती,1.646
3227,help,mr:,Marathi,qwen2.5-coder:7b,मदत,0.719
3228,Carpet size,mr:,Marathi,qwen2.5-coder:7b,चापाचे आकार,1.591
3229,Download Selection,mr:,Marathi,qwen2.5-coder:7b,परिवार डाउनलोड करा,2.381
3230,Spanish Peseta,mr:,Marathi,qwen2.5-coder:7b,स्पेनिश पेसेटा,1.801
3231,& Multimedia keys,mr:,Marathi,qwen2.5-coder:7b,& मिडिया कुंदलीं,1.894
3232,Stiffness,mr:,Marathi,qwen2.5-coder:7b,संक्रमण,1.106
3233,"Regards,",mr:,Marathi,qwen2.5-coder:7b,"सामान्यतः,",1.542
3234,"S & SE Brazil (GO, DF, MG, ES, RJ, SP, PR, SC, RS)",mr:,Marathi,qwen2.5-coder:7b,"स आणि एस ब्राजिल (जो, डीएफ, म्यूगी, एस, रिजी, एसपी, पीएल, सीसी, रीएस)",7.89
3235,SeaGreen1,mr:,Marathi,qwen2.5-coder:7b,SeaGreen1,0.778
3236,(modified),mr:,Marathi,qwen2.5-coder:7b,मोडीфи केले गेले,1.881
3237,Signatures,mr:,Marathi,qwen2.5-coder:7b,सांस्कृतिक अंकणे,2.137
3238,Backend name:,mr:,Marathi,qwen2.5-coder:7b,पार्कनाम्बर्थ:,1.851
3239,Mouse pressure,mr:,Marathi,qwen2.5-coder:7b,माउस दाबाद,1.458
3240,Shortcut name: ent,mr:,Marathi,qwen2.5-coder:7b,क्षेत्राचे नाव: ent,2.267
3241,German (Liechtenstein),mr:,Marathi,qwen2.5-coder:7b,जर्मन (लिएचन्स्टाइन),2.469
3242,Utility Window,mr:,Marathi,qwen2.5-coder:7b,उपलब्धी जंगल,1.696
3243,Fan Speed (%),mr:,Marathi,qwen2.5-coder:7b,फन गती (%),1.189
3244,Business,mr:,Marathi,qwen2.5-coder:7b,व्यवसाय,1.086
3245,Audio Capture,mr:,Marathi,qwen2.5-coder:7b,आवडण घेणे,1.29
3246,Flatten,mr:,Marathi,qwen2.5-coder:7b,निर्धारण करणा,1.596
3247,Aspect & Ratio,mr:,Marathi,qwen2.5-coder:7b,आसपेक्ष आणि अनुपात,2.176
3248,Satire,mr:,Marathi,qwen2.5-coder:7b,सतीर,0.837
3249,Update frequency:,mr:,Marathi,qwen2.5-coder:7b,अपडेट आवश्यकता:,1.839
3250,Read-Only,mr:,Marathi,qwen2.5-coder:7b,नियंत्रित,1.219
3251,& Projection:,mr:,Marathi,qwen2.5-coder:7b,& प्रतिबिंध:,1.446
3252,Error description:,mr:,Marathi,qwen2.5-coder:7b,त्रुटी विवरण:,1.81
3253,back,mr:,Marathi,qwen2.5-coder:7b,पिछले,0.918
3254,Opening Order,mr:,Marathi,qwen2.5-coder:7b,खोलण्याचे आदेश,1.843
3255,Keep Encryption,mr:,Marathi,qwen2.5-coder:7b,प्रतिबंध रखा,1.816
3256,Castilian Spanish Male,mr:,Marathi,qwen2.5-coder:7b,मर्चिशन स्पेनिश महिला,2.329
3257,Conversation ID,mr:,Marathi,qwen2.5-coder:7b,संवाद आयडी,1.471
3258,Synchronization Mode,mr:,Marathi,qwen2.5-coder:7b,संश्लेषण अवधारणा,2.099
3259,Declination:,mr:,Marathi,qwen2.5-coder:7b,विकास:,1.201
3260,The tag %1 already exists,mr:,Marathi,qwen2.5-coder:7b,%1 या टॅग इतर्यादी आहे,3.006
3261,(Custom),mr:,Marathi,qwen2.5-coder:7b,(स्वचालित),1.426
3262,AntMaze,mr:,Marathi,qwen2.5-coder:7b,अंटमाजे,1.208
3263,Interactive,mr:,Marathi,qwen2.5-coder:7b,इंटरॅक्टिव,1.545
3264,KDE Screen Ruler,mr:,Marathi,qwen2.5-coder:7b,कडे स्क्रीन रुलर,1.945
3265,Transfer protocols,mr:,Marathi,qwen2.5-coder:7b,प्रसार योजना,1.525
3266,Color Space,mr:,Marathi,qwen2.5-coder:7b,कार्यक्रम स्थान,1.735
3267,Baritone Sax,mr:,Marathi,qwen2.5-coder:7b,बारिटन सैक्स,1.706
3268,& Window Decoration,mr:,Marathi,qwen2.5-coder:7b,& जनकारी दर्शवणा,2.074
3269,Mail Summary Configuration Dialog,mr:,Marathi,qwen2.5-coder:7b,मिळालेल्या सामग्रीचे सारांश,3.118
3270,4. Playing Piles,mr:,Marathi,qwen2.5-coder:7b,4. पालांचा खेळणे,2.21
3271,Group shapes,mr:,Marathi,qwen2.5-coder:7b,ग्रुप आकारे,1.467
3272,Last step,mr:,Marathi,qwen2.5-coder:7b,पिछ्ला चरण,1.442
3273,Artist Name:,mr:,Marathi,qwen2.5-coder:7b,आर्थिस्टचे नाव:,1.911
3274,Addressee Serializer,mr:,Marathi,qwen2.5-coder:7b,प्रतिवादी श्रृंखलकालकार,2.96
3275,User-IDs,mr:,Marathi,qwen2.5-coder:7b,यूजर-आयडीस्वर्गीयता,2.405
3276,position1Variance,mr:,Marathi,qwen2.5-coder:7b,पोजिशन1वरिएंस,1.733
3277,Ruler,mr:,Marathi,qwen2.5-coder:7b,मार्गदर्शी,1.391
3278,Netherlands,mr:,Marathi,qwen2.5-coder:7b,नॅथेलैंड्स,1.644
3279,New type: freeswan,mr:,Marathi,qwen2.5-coder:7b,नव्या प्रकार: फ्रीस्वन,2.334
3280,to space characters,mr:,Marathi,qwen2.5-coder:7b,स्पेस चिन्हांना करण्यासाठी,3.001
3281,KThesaurus - List synonyms,mr:,Marathi,qwen2.5-coder:7b,कथूनाचे संबंधित शब्दांची यादी,3.351
3282,Virgin Islands,mr:,Marathi,qwen2.5-coder:7b,विजिनियन आणि,1.589
3283,Shortcut name: watches,mr:,Marathi,qwen2.5-coder:7b,क्षेत्राचे नाव: वाट्च्यांना,3.215
3284,Coloring,mr:,Marathi,qwen2.5-coder:7b,"खालील शब्दाची अनुवाद देण्यात आहे:

खालील शब्दाची अनुवाद देण्यात आहे:

खालील शब्दाची अनुवाद देण्यात आहे:

ख",10.313
3285,New Folder,mr:,Marathi,qwen2.5-coder:7b,नवीन फोल्डर,1.595
3286,Table editing tool,mr:,Marathi,qwen2.5-coder:7b,ताबली संपादन टूल,2.086
3287,Serbia and Montenegro,mr:,Marathi,qwen2.5-coder:7b,सर्बिया आणि मोंटेनग्रो,2.621
3288,Delete A & & B,mr:,Marathi,qwen2.5-coder:7b,डिल्या आणि बी,2.094
3289,Owner: %1,mr:,Marathi,qwen2.5-coder:7b,प्राप्तकार: %1,1.658
3290,DodgerBlue1,mr:,Marathi,qwen2.5-coder:7b,DodgerBlue1,0.913
3291,Slider algorithm,mr:,Marathi,qwen2.5-coder:7b,स्लाइडर अल्गोरिथम,2.205
3292,A arrow,mr:,Marathi,qwen2.5-coder:7b,ए शून्या,1.368
3293,Write Error,mr:,Marathi,qwen2.5-coder:7b,त्रुटी लिहा,1.674
3294,& Permissions,mr:,Marathi,qwen2.5-coder:7b,&अनुमतीं,1.249
3295,Subjects,mr:,Marathi,qwen2.5-coder:7b,विषये,0.944
3296,Place:,mr:,Marathi,qwen2.5-coder:7b,स्थान:,1.092
3297,Edit Account:,mr:,Marathi,qwen2.5-coder:7b,खाता संपादित करा:,1.978
3298,ILM EXR Image (. exr),mr:,Marathi,qwen2.5-coder:7b,इल्म एक्सर इमेज (.exr),2.714
3299,Bookmark Editor,mr:,Marathi,qwen2.5-coder:7b,मार्कबॉक्स संपादक,2.182
3300,Head 3,mr:,Marathi,qwen2.5-coder:7b,हृदय 3,1.199
3301,Label color,mr:,Marathi,qwen2.5-coder:7b,लेबल कार्यालय,1.604
3302,Network Status,mr:,Marathi,qwen2.5-coder:7b,नेटवर्क स्थिती,1.779
3303,User name:,mr:,Marathi,qwen2.5-coder:7b,उपयोगकर्ता नाव:,1.973
3304,KDE SSL Certificate Dialog,mr:,Marathi,qwen2.5-coder:7b,कडे SSL चालाचे दिवाली,2.472
3305,Down Arrow,mr:,Marathi,qwen2.5-coder:7b,थेचे अंतर्गत,1.59
3306,Forbidden,mr:,Marathi,qwen2.5-coder:7b,प्रतिबंधित,1.264
3307,Graphical artwork,mr:,Marathi,qwen2.5-coder:7b,ग्राफिकल अर्थकार्य,2.193
3308,Build up,mr:,Marathi,qwen2.5-coder:7b,बनवा,1.072
3309,Star speed,mr:,Marathi,qwen2.5-coder:7b,स्टार गती,1.36
3310,Project Manager,mr:,Marathi,qwen2.5-coder:7b,परियोजना प्रबंधक,1.857
3311,Profile Name,mr:,Marathi,qwen2.5-coder:7b,प्रोफाइल नाव,1.602
3312,Misc,mr:,Marathi,qwen2.5-coder:7b,मिस्की,1.053
3313,& NT Domain:,mr:,Marathi,qwen2.5-coder:7b,& न्यूट्रोन डोमेन:,2.339
3314,Simplify,mr:,Marathi,qwen2.5-coder:7b,सरल करणे,1.189
3315,Adjustment Type,mr:,Marathi,qwen2.5-coder:7b,प्रकार अपदेश,1.598
3316,Strength,mr:,Marathi,qwen2.5-coder:7b,मजबूती,1.124
3317,Scaling Algorithm,mr:,Marathi,qwen2.5-coder:7b,अक्षरण अल्गोरिथम,2.041
3318,Paper width (cm):,mr:,Marathi,qwen2.5-coder:7b,पेपरचे चौदा (सेंटीमीटर):,2.758
3319,Rupiah,mr:,Marathi,qwen2.5-coder:7b,रुपया,0.984
3320,five,mr:,Marathi,qwen2.5-coder:7b,पाचे,0.795
3321,Subject:,mr:,Marathi,qwen2.5-coder:7b,विषय:,0.889
3322,Client signing:,mr:,Marathi,qwen2.5-coder:7b,कायदेचे सांस्करण:,1.975
3323,Horizontally in & Splitter,mr:,Marathi,qwen2.5-coder:7b,वाढाने & विभाजक,2.246
3324,Ready,mr:,Marathi,qwen2.5-coder:7b,पासंदीदा,1.261
3325,Remove Display,mr:,Marathi,qwen2.5-coder:7b,दिसावर अड्वारा काढून काढून,3.107
3326,My Downloads,mr:,Marathi,qwen2.5-coder:7b,माझे डाउनलोड्स,1.843
3327,Cups Page Log Files,mr:,Marathi,qwen2.5-coder:7b,पानीचे पृष्ठ लॉग फाइले,2.885
3328,& Previous Hole,mr:,Marathi,qwen2.5-coder:7b,& पिछ्ला होल,1.506
3329,Unknown host %1,mr:,Marathi,qwen2.5-coder:7b,अज्ञानी होस्ट %1,1.969
3330,& Statistics...,mr:,Marathi,qwen2.5-coder:7b,& अँकांसाठी...,1.8
3331,Monthly Log,mr:,Marathi,qwen2.5-coder:7b,मासाचे लॉग,1.584
3332,My Neighborhood,mr:,Marathi,qwen2.5-coder:7b,माझे निकाल,1.433
3333,Network name,mr:,Marathi,qwen2.5-coder:7b,नेटवर्क नाव,1.547
3334,Custom 3,mr:,Marathi,qwen2.5-coder:7b,स्वचाता ३,1.449
3335,Printing,mr:,Marathi,qwen2.5-coder:7b,प्रिंटिंग,1.224
3336,Energy amount:,mr:,Marathi,qwen2.5-coder:7b,शक्ती मात्रा:,1.609
3337,Picture,mr:,Marathi,qwen2.5-coder:7b,चित्र,0.795
3338,Marking improvements,mr:,Marathi,qwen2.5-coder:7b,मार्गदर्शन सुधारणा,2.115
3339,locale,mr:,Marathi,qwen2.5-coder:7b,स्थानावरण,1.328
3340,Running Account,mr:,Marathi,qwen2.5-coder:7b,खालील खालील खालील खालील खालील खालील खालील खालील खालील खालील खालील खालील खालील खालील खालील खालील खाली,10.295
3341,D2 support,mr:,Marathi,qwen2.5-coder:7b,डू डू सपोर्ट,1.792
3342,Off,mr:,Marathi,qwen2.5-coder:7b,आकार घटवणा,1.448
3343,Device & name,mr:,Marathi,qwen2.5-coder:7b,उपलब्ध वापरकारी आणि नाव,2.647
3344,User:,mr:,Marathi,qwen2.5-coder:7b,योजक:,0.897
3345,Iron,mr:,Marathi,qwen2.5-coder:7b,आयरन,0.807
3346,& Username:,mr:,Marathi,qwen2.5-coder:7b,& उपयोगकर्ता नाव:,2.197
3347,Row number,mr:,Marathi,qwen2.5-coder:7b,स्तंभ संख्या,1.599
3348,ImagePlugin_AntiVignetting,mr:,Marathi,qwen2.5-coder:7b,अंतीविन्गटिंग चित्रप्रसंस्कृती,3.629
3349,Set Initial PIN (NKS),mr:,Marathi,qwen2.5-coder:7b,आरक्षित PIN असून सेट करा (NKS),3.001
3350,Channel Password,mr:,Marathi,qwen2.5-coder:7b,कॅन्याल पासवर्ड,1.954
3351,Swiss Franc,mr:,Marathi,qwen2.5-coder:7b,स्विस्स फ्रांस,1.806
3352,Texture preview:,mr:,Marathi,qwen2.5-coder:7b,पात्रता पूर्वावली:,2.175
3353,Defined macros,mr:,Marathi,qwen2.5-coder:7b,परिभाषित मार्कोस्यांंचे नावे,3.232
3354,& Pitch:,mr:,Marathi,qwen2.5-coder:7b,& वापरणे:,1.387
3355,Attack 2,mr:,Marathi,qwen2.5-coder:7b,आक्रमण 2,1.195
3356,Price,mr:,Marathi,qwen2.5-coder:7b,मूल्य,0.997
3357,Image size:,mr:,Marathi,qwen2.5-coder:7b,प्रतिमा की आकार:,1.985
3358,Normalized,mr:,Marathi,qwen2.5-coder:7b,नैतिकीकृत,1.535
3359,Files,mr:,Marathi,qwen2.5-coder:7b,फाइल्स,0.978
3360,& Subtitles,mr:,Marathi,qwen2.5-coder:7b,& सब्यांचे शब्दांचे विवरण,2.779
3361,X resolution,mr:,Marathi,qwen2.5-coder:7b,X रिश्लेशन,1.515
3362,2: Real Part,mr:,Marathi,qwen2.5-coder:7b,2: वास्तव भाग,1.749
3363,Non-Proportional,mr:,Marathi,qwen2.5-coder:7b,नियोजित नाहीं,1.765
3364,moving,mr:,Marathi,qwen2.5-coder:7b,मोडणे,0.888
3365,& Filename:,mr:,Marathi,qwen2.5-coder:7b,& फाइलनाव:,1.382
3366,Wikipedia localization,mr:,Marathi,qwen2.5-coder:7b,विकिपीडिया अनुवाद,2.144
3367,XML Bookmark file,mr:,Marathi,qwen2.5-coder:7b,XML पुकारण फाइल,1.726
3368,& Grant,mr:,Marathi,qwen2.5-coder:7b,& अनुमती देणा,1.7
3369,Course Information,mr:,Marathi,qwen2.5-coder:7b,कोर्स जाहिरात,1.747
3370,& Transfer Settings,mr:,Marathi,qwen2.5-coder:7b,&सेटिंग्स ट्रांसफर करा,2.539
3371,Structure delimiting:,mr:,Marathi,qwen2.5-coder:7b,संरचना सांगलेली:,2.231
3372,Pen Size,mr:,Marathi,qwen2.5-coder:7b,पेन आकार,1.233
3373,From Parent Role,mr:,Marathi,qwen2.5-coder:7b,पाठक भूमिका से,1.871
3374,Derivatives,mr:,Marathi,qwen2.5-coder:7b,वर्गीकरणे,1.405
3375,Track Encoded,mr:,Marathi,qwen2.5-coder:7b,खोजा एन्कोड किले,2.166
3376,& Ctrl; Space,mr:,Marathi,qwen2.5-coder:7b,& कंट्रल; स्पेस,1.722
3377,Verification Settings,mr:,Marathi,qwen2.5-coder:7b,प्रमाणीकरण सेटिंग्स,2.199
3378,printing,mr:,Marathi,qwen2.5-coder:7b,प्रिंटिंग,1.185
3379,Storage Drive,mr:,Marathi,qwen2.5-coder:7b,स्टोरेज ड्राइव,1.655
3380,Button Background,mr:,Marathi,qwen2.5-coder:7b,बटन आवर्तन,1.385
3381,Guard time (sec/ 50):,mr:,Marathi,qwen2.5-coder:7b,प्रतिबंध समय (सेक / 50):,2.668
3382,Gather,mr:,Marathi,qwen2.5-coder:7b,संग्रह करणा,1.37
3383,Contone (4096 colors),mr:,Marathi,qwen2.5-coder:7b,कॉन्टोन (4096 रंग),2.539
3384,Floating-point precision:,mr:,Marathi,qwen2.5-coder:7b,दशमलव अनुमान:,1.878
3385,Dump reason:,mr:,Marathi,qwen2.5-coder:7b,तपासणीचे कारण:,1.847
3386,Security,mr:,Marathi,qwen2.5-coder:7b,सुरक्षा,1.123
3387,Groups:,mr:,Marathi,qwen2.5-coder:7b,ग्रुप्स:,1.142
3388,lightyear,mr:,Marathi,qwen2.5-coder:7b,युनायटेड रिसर्च असारख्या विज्ञानाचे अनुभवांना आणि विज्ञानाचे विविधता असारख्या विचारांना आणि विज्ञान,10.288
3389,%1 (capture),mr:,Marathi,qwen2.5-coder:7b,%1 (सामान्य करणे),1.953
3390,Stapler Option,mr:,Marathi,qwen2.5-coder:7b,स्टॅप्लर विकल्प,2.079
3391,Looks,mr:,Marathi,qwen2.5-coder:7b,आहे,0.693
3392,Area,mr:,Marathi,qwen2.5-coder:7b,क्षेत्र,1.02
3393,Default paint operations,mr:,Marathi,qwen2.5-coder:7b,डिफॅल्ट पेंट ऑपरेशन्स,2.795
3394,Battery Actions,mr:,Marathi,qwen2.5-coder:7b,पावतीचे कार्यात्मक अवसर,2.69
3395,& Next tab,mr:,Marathi,qwen2.5-coder:7b,& अगला टॅब,1.577
3396,Level number:,mr:,Marathi,qwen2.5-coder:7b,स्तर संख्या:,1.515
3397,Print Index - \\printindex,mr:,Marathi,qwen2.5-coder:7b,प्रिंट इंडेक्स - \\प्रिंटइंडेक्स,3.129
3398,DVD titles pattern,mr:,Marathi,qwen2.5-coder:7b,प्रथम शीर्षक पॅटरन,2.432
3399,Views,mr:,Marathi,qwen2.5-coder:7b,प्रस्थाने,1.186
3400,Network interface information,mr:,Marathi,qwen2.5-coder:7b,नेटवर्क इंटरफейस जाहीरात,2.701
3401,Air speed,mr:,Marathi,qwen2.5-coder:7b,आहार वेग,1.265
3402,Kate Styles,mr:,Marathi,qwen2.5-coder:7b,केट यास्टिल्स,1.695
3403,Track Progression,mr:,Marathi,qwen2.5-coder:7b,प्रगती चालणा घेणा,2.061
3404,myTurn,mr:,Marathi,qwen2.5-coder:7b,माझ्यातurn,1.275
3405,Playing order:,mr:,Marathi,qwen2.5-coder:7b,प्रसार वर्गीकरण:,2.086
3406,Scripting.,mr:,Marathi,qwen2.5-coder:7b,स्क्रिप्टिंग.,1.703
3407,Network Proxy,mr:,Marathi,qwen2.5-coder:7b,नेटवर्क प्रॅक्सी,1.903
3408,of January,mr:,Marathi,qwen2.5-coder:7b,of जानेवरी,1.589
3409,KMail Migration Tool,mr:,Marathi,qwen2.5-coder:7b,कमाई मиграेशन टूल,1.868
3410,Track announcement popups,mr:,Marathi,qwen2.5-coder:7b,ट्रॅक अनूंदान आपडेट्स,2.947
3411,Download speed:,mr:,Marathi,qwen2.5-coder:7b,डाउनलोड गती:,1.693
3412,CD Encoded,mr:,Marathi,qwen2.5-coder:7b,CD एन्कोडेड,1.486
3413,German (de),mr:,Marathi,qwen2.5-coder:7b,जर्मनी (de),1.393
3414,Custom 2,mr:,Marathi,qwen2.5-coder:7b,स्वचाता 2,1.388
3415,Your name:,mr:,Marathi,qwen2.5-coder:7b,आपणाचे नाव:,1.602
3416,& Driver:,mr:,Marathi,qwen2.5-coder:7b,& ड्राइवर:,1.343
3417,_Release,mr:,Marathi,qwen2.5-coder:7b,प्रकाशित करणे,1.552
3418,Seeding,mr:,Marathi,qwen2.5-coder:7b,सिंडिंग,1.215
3419,Calendar system:,mr:,Marathi,qwen2.5-coder:7b,कॅलेंडर प्रणाली:,1.864
3420,Upper Austria,mr:,Marathi,qwen2.5-coder:7b,उपर अस्ट्रिया,1.666
3421,This month,mr:,Marathi,qwen2.5-coder:7b,या महिना,1.134
3422,Project,mr:,Marathi,qwen2.5-coder:7b,परियाय,0.974
3423,Formatting Characters,mr:,Marathi,qwen2.5-coder:7b,फॅरमॅटिंग चिन्हांचे वर्णन,3.155
3424,Plotting Range,mr:,Marathi,qwen2.5-coder:7b,प्लॉटिंग रेंज,2.128
3425,Identities Page,mr:,Marathi,qwen2.5-coder:7b,आयोजनांची पृष्ठपटा,2.291
3426,Immediately,mr:,Marathi,qwen2.5-coder:7b,आणि तुमच्या आणि माझ्या दुवैला असतात.,3.969
3427,Use Sendmail,mr:,Marathi,qwen2.5-coder:7b,Sendmail वापरा,1.515
3428,Shortcut name: style,mr:,Marathi,qwen2.5-coder:7b,क्षेत्राचे नाव: शैली,2.605
3429,Call Chain,mr:,Marathi,qwen2.5-coder:7b,चालणा श्रृंखला,1.87
3430,Sounds tuning,mr:,Marathi,qwen2.5-coder:7b,संधान अनुकूलण,1.768
3431,Scrolling,mr:,Marathi,qwen2.5-coder:7b,स्क्रॉल करणे,1.479
3432,Value Options,mr:,Marathi,qwen2.5-coder:7b,वैल्यू विकल्पे,2.029
3433,Optimized,mr:,Marathi,qwen2.5-coder:7b,सुधारणा केली गेली,2.248
3434,Placement,mr:,Marathi,qwen2.5-coder:7b,स्थापना,1.166
3435,Always Best,mr:,Marathi,qwen2.5-coder:7b,प्रत्येकदिन सर्वात अच्छा,2.689
3436,Capture from %1,mr:,Marathi,qwen2.5-coder:7b,प्रतिनिधी घेणे %1,2.218
3437,Deleted,mr:,Marathi,qwen2.5-coder:7b,मिळवले,0.996
3438,Binary Tree,mr:,Marathi,qwen2.5-coder:7b,बाइनरी वैशिष्ट्य,2.037
3439,South Bohemia,mr:,Marathi,qwen2.5-coder:7b,सूर्यातील भारत,1.994
3440,Liberian Dollar,mr:,Marathi,qwen2.5-coder:7b,रिबरियन डॉलर,1.867
3441,Orca Speech,mr:,Marathi,qwen2.5-coder:7b,ओर्का वाक्यांचे वापर,2.485
3442,Mexican Peso,mr:,Marathi,qwen2.5-coder:7b,मेक्सिकन रूपया,2.043
3443,of September,mr:,Marathi,qwen2.5-coder:7b,सप्टिहांच्या मध्ये,2.194
3444,Peak Speed:,mr:,Marathi,qwen2.5-coder:7b,पर्याप्त गति:,1.772
3445,A vs. C Overview,mr:,Marathi,qwen2.5-coder:7b,A व. C सामान्य विवरण,2.478
3446,Piece glued,mr:,Marathi,qwen2.5-coder:7b,पिस गेला,1.242
3447,Variable name.,mr:,Marathi,qwen2.5-coder:7b,परिवर्तनाचे नाव.,2.017
3448,single channel,mr:,Marathi,qwen2.5-coder:7b,एक चौंकी,1.323
3449,Note Actions,mr:,Marathi,qwen2.5-coder:7b,नोट अक्षरणे,1.497
3450,icon design,mr:,Marathi,qwen2.5-coder:7b,आयोजन डिजाइन,1.593
3451,Video Record,mr:,Marathi,qwen2.5-coder:7b,वीडियो रिकॅर्ड,1.848
3452,Strings:,mr:,Marathi,qwen2.5-coder:7b,स्ट्रिंग्स:,1.361
3453,Midi effects,mr:,Marathi,qwen2.5-coder:7b,म्यादी असरे,1.606
3454,Image Type,mr:,Marathi,qwen2.5-coder:7b,प्रतिमा प्रकार,1.486
3455,property,mr:,Marathi,qwen2.5-coder:7b,प्रॉप्पीटी,1.391
3456,Symbol rate (kS/ s):,mr:,Marathi,qwen2.5-coder:7b,सिंबल रेट (kS/ s):,2.224
3457,Bolivian Mvdol,mr:,Marathi,qwen2.5-coder:7b,बोलिवियन म्वडोल,2.007
3458,& lt; size in bytesgt;,mr:,Marathi,qwen2.5-coder:7b,&lt; अवैश्विक आकार मध्ये बायट्स &gt;,3.904
3459,Custom Type 1,mr:,Marathi,qwen2.5-coder:7b,स्वचाता प्रकार 1,1.977
3460,Encrypting,mr:,Marathi,qwen2.5-coder:7b,माहिती अनुक्रमात्मक करण्यात,2.993
3461,Frequency:,mr:,Marathi,qwen2.5-coder:7b,फ्रिजनची दर:,1.473
3462,Or Between Tags,mr:,Marathi,qwen2.5-coder:7b,या बीचमध्ये,1.532
3463,Christian Gangsta Rap,mr:,Marathi,qwen2.5-coder:7b,क्रिस्टियन गंगस्टा राप,2.833
3464,Scripting interface,mr:,Marathi,qwen2.5-coder:7b,स्क्रिप्टिंग इंटरफ़ेस,2.645
3465,Disk Buffers,mr:,Marathi,qwen2.5-coder:7b,डिस्क बफर्स,1.608
3466,Interface Overview,mr:,Marathi,qwen2.5-coder:7b,प्रतिबिंबाचे सामान्य माहिती,2.882
3467,Omani Rial,mr:,Marathi,qwen2.5-coder:7b,ओमनी रियल,1.435
3468,& Norwegian,mr:,Marathi,qwen2.5-coder:7b,& नॉर्वेजियन,1.756
3469,z rotation:,mr:,Marathi,qwen2.5-coder:7b,जांचणी: ,1.396
3470,Signing,mr:,Marathi,qwen2.5-coder:7b,साठन्याचे गर्मी,1.932
3471,source,mr:,Marathi,qwen2.5-coder:7b,स्रोत,0.84
3472,Look for:,mr:,Marathi,qwen2.5-coder:7b,खोजा:,1.039
3473,pigment declaration,mr:,Marathi,qwen2.5-coder:7b,पिग्मेंट दर्शावट,2.078
3474,Project version,mr:,Marathi,qwen2.5-coder:7b,परियोजना संस्कृति,2.175
3475,new Signal,mr:,Marathi,qwen2.5-coder:7b,नव शिनाली,1.373
3476,Online Certificate Validation,mr:,Marathi,qwen2.5-coder:7b,अनलाइन चालाचे प्रमाणपत्र पुष्टीकरण,3.529
3477,no file,mr:,Marathi,qwen2.5-coder:7b,नाहीले फाइल,1.51
3478,Templates Settings,mr:,Marathi,qwen2.5-coder:7b,पट्ट्यांचे सेटिंग्स,2.214
3479,1200 Image Quality,mr:,Marathi,qwen2.5-coder:7b,1200 चित्र गुणवत्ता,2.443
3480,Icon size: %1 pixels,mr:,Marathi,qwen2.5-coder:7b,आयोजनाचे आकार: %1 पिक्सले,2.972
3481,Profile Management,mr:,Marathi,qwen2.5-coder:7b,प्रोफाइल प्रबंधन,1.807
3482,& Statistics,mr:,Marathi,qwen2.5-coder:7b,& अँकांगीकरण,1.777
3483,Definition List,mr:,Marathi,qwen2.5-coder:7b,सूचना सूची,1.606
3484,Conflict Detected,mr:,Marathi,qwen2.5-coder:7b,मिळलेला विरोध,1.803
3485,Data Project,mr:,Marathi,qwen2.5-coder:7b,डेटा परियोजना,1.664
3486,& Crop,mr:,Marathi,qwen2.5-coder:7b,& काटणा,1.032
3487,Print Engine Select (Printer 1),mr:,Marathi,qwen2.5-coder:7b,प्रिंट इंजन चुनाव (प्रिंटर 1),3.113
3488,"Developer (HTML rendering engine, JavaScript)",mr:,Marathi,qwen2.5-coder:7b,"डेवलपर (HTML रेंडरिंग इंजीन, जावास्क्रिप्ट)",4.439
3489,Turkish Lira,mr:,Marathi,qwen2.5-coder:7b,तुर्की लिरा,1.618
3490,& feminine,mr:,Marathi,qwen2.5-coder:7b,& महिला,1.048
3491,Green Tone,mr:,Marathi,qwen2.5-coder:7b,पाश्चिमी रंग,1.64
3492,Outgoing,mr:,Marathi,qwen2.5-coder:7b,आउटगोइंग,1.259
3493,Color Space Conversion,mr:,Marathi,qwen2.5-coder:7b,क्लर अन्वेषण,1.608
3494,Sample Width,mr:,Marathi,qwen2.5-coder:7b,मानक चौड़ाई,1.67
3495,corrupted chunks,mr:,Marathi,qwen2.5-coder:7b,प्रतिबंधित खंडे,2.089
3496,Romanian Leu A/ 05,mr:,Marathi,qwen2.5-coder:7b,रोमानियन लू ए/ 05,2.431
3497,Applications,mr:,Marathi,qwen2.5-coder:7b,अप्लिकेशन्स,1.501
3498,Deviation,mr:,Marathi,qwen2.5-coder:7b,विविधता,1.204
3499,new_fkey_constraint,mr:,Marathi,qwen2.5-coder:7b,नवीन फीकी कंस्ट्रॅक्शन,2.638
3500,Track Length,mr:,Marathi,qwen2.5-coder:7b,त्रॅक लंबाई,1.555
3501,Example,mr:,Marathi,qwen2.5-coder:7b,उदाहरण,0.981
3502,"Paste ""%1"" to input",mr:,Marathi,qwen2.5-coder:7b,"प्रतिलेख ""%1"" आवश्यक क्षेत्रात लगवा",3.615
3503,Typewriter,mr:,Marathi,qwen2.5-coder:7b,मोठी टापी,1.353
3504,Next Track,mr:,Marathi,qwen2.5-coder:7b,परिणामी ट्रॅक,1.735
3505,My Bugs,mr:,Marathi,qwen2.5-coder:7b,माझे बग्जीयां,1.729
3506,X.509 Certificate,mr:,Marathi,qwen2.5-coder:7b,"खालील शब्दांचे अनुवाद:

""X.509 चिन्हाचा नाव",4.842
3507,Selection Mode:,mr:,Marathi,qwen2.5-coder:7b,परिवार अवधारणा:,2.098
3508,density map declaration,mr:,Marathi,qwen2.5-coder:7b,मोठी आणि छोटी असलेल्या क्षेत्रांच्या आवश्यकतांचा वर्णन,5.712
3509,Keyword,mr:,Marathi,qwen2.5-coder:7b,कुंजीवार,1.217
3510,Record,mr:,Marathi,qwen2.5-coder:7b,मानिला,1.051
3511,Delete all,mr:,Marathi,qwen2.5-coder:7b,सर्वांना मिळवा,1.865
3512,Liability,mr:,Marathi,qwen2.5-coder:7b,मान्यता,1.131
3513,Line Spacing,mr:,Marathi,qwen2.5-coder:7b,रेषाचे अंतर,1.584
3514,power governor %1,mr:,Marathi,qwen2.5-coder:7b,पावर गोवर्नर %1,1.909
3515,Extension Information,mr:,Marathi,qwen2.5-coder:7b,अवधानाची माहिती,2.041
3516,Password Manager,mr:,Marathi,qwen2.5-coder:7b,पासवर्ड मॅनेजर,1.88
3517,Dialog Editor,mr:,Marathi,qwen2.5-coder:7b,डिलॅग एडिटर,1.672
3518,Window title,mr:,Marathi,qwen2.5-coder:7b,ज़िवाचे शीर्षक,1.968
3519,Scheduled Time:,mr:,Marathi,qwen2.5-coder:7b,पाठ्यकाळ:,1.426
3520,Changed,mr:,Marathi,qwen2.5-coder:7b,परिवर्तन केला गेले,2.117
3521,Forty & Eight,mr:,Marathi,qwen2.5-coder:7b,चौव्यासी,1.464
3522,Bolivian Boliviano,mr:,Marathi,qwen2.5-coder:7b,बोलिवियान बोलिवियान,2.529
3523,Volume,mr:,Marathi,qwen2.5-coder:7b,वॉल्यूम,1.293
3524,Chapters,mr:,Marathi,qwen2.5-coder:7b,चापे,0.811
3525,Connection specific:: Racoon,mr:,Marathi,qwen2.5-coder:7b,संबंध विशिष्ट:: राकून,2.89
3526,Opening date,mr:,Marathi,qwen2.5-coder:7b,प्रकल्पना की तारीख,2.313
3527,Overlaying Stencils,mr:,Marathi,qwen2.5-coder:7b,स्टेन्सिल्स आवरण करण्यात आहे,3.301
3528,Start Parley first.,mr:,Marathi,qwen2.5-coder:7b,पर्ली शुरू करा.,2.09
3529,Personal,mr:,Marathi,qwen2.5-coder:7b,प्रयोगकर्ता,1.417
3530,Minimum size:,mr:,Marathi,qwen2.5-coder:7b,मिनिमल आकार:,1.714
3531,Romanian Leu,mr:,Marathi,qwen2.5-coder:7b,रोमानियन लू,1.68
3532,Edit Formula,mr:,Marathi,qwen2.5-coder:7b,सूत्र संपादित करा,2.16
3533,of R. Awal,mr:,Marathi,qwen2.5-coder:7b,आवली र. आवली,1.75
3534,Escape response:,mr:,Marathi,qwen2.5-coder:7b,प्रतिक्रिया बाकी ठेवणे:,2.639
3535,Croatia,mr:,Marathi,qwen2.5-coder:7b,क्रोएस्टियन,1.514
3536,Show as: Free,mr:,Marathi,qwen2.5-coder:7b,शेवटे: मुक्त,1.815
3537,OpenPGP export file:,mr:,Marathi,qwen2.5-coder:7b,OpenPGP फाइल आउटपुट:,2.313
3538,Ctrl; H Game,mr:,Marathi,qwen2.5-coder:7b,कंट्रल; ह खेळ,1.669
3539,Selected 2,mr:,Marathi,qwen2.5-coder:7b,2 च्या चयन केले गेले,2.397
3540,Nuke,mr:,Marathi,qwen2.5-coder:7b,नुक्का,1.095
3541,Recommended,mr:,Marathi,qwen2.5-coder:7b,सुझावित,1.117
3542,active,mr:,Marathi,qwen2.5-coder:7b,क्रियाशील,1.243
3543,Red Player,mr:,Marathi,qwen2.5-coder:7b,रिड व्हिडियो प्लेयर,2.31
3544,Northern Europe,mr:,Marathi,qwen2.5-coder:7b,उत्तर यूरोप,1.594
3545,Host (server) name,mr:,Marathi,qwen2.5-coder:7b,सर्वराचे नाव,1.718
3546,Configuration Files,mr:,Marathi,qwen2.5-coder:7b,परिस्थिती फाइले,2.004
3547,current,mr:,Marathi,qwen2.5-coder:7b,आधीचा,0.915
3548,& Bold,mr:,Marathi,qwen2.5-coder:7b,&पिछले,1.054
3549,interior,mr:,Marathi,qwen2.5-coder:7b,आनंदीय,1.121
3550,LDAP delete dn,mr:,Marathi,qwen2.5-coder:7b,LDAP डीन डिल्ट,1.804
3551,Add Script,mr:,Marathi,qwen2.5-coder:7b,स्क्रिप्ट जोडा,1.999
3552,Image Restoration Tools,mr:,Marathi,qwen2.5-coder:7b,तेर्याचे चित्र रिस्टोर करणे योजना,3.833
3553,Ascorbic acid,mr:,Marathi,qwen2.5-coder:7b,अस्कोबिक असिड,1.885
3554,Navigation Toolbar,mr:,Marathi,qwen2.5-coder:7b,नाविगेशन टूलबार,2.047
3555,Alignment:,mr:,Marathi,qwen2.5-coder:7b,संरेखन:,1.217
3556,Polygons,mr:,Marathi,qwen2.5-coder:7b,पुल्यांचे आकार,1.765
3557,green,mr:,Marathi,qwen2.5-coder:7b,हिरवी,0.88
3558,Deep Blue,mr:,Marathi,qwen2.5-coder:7b,दिल्ली नींद,1.56
3559,system performance,mr:,Marathi,qwen2.5-coder:7b,प्रणाली कामतापणे,1.791
3560,Interpolation:,mr:,Marathi,qwen2.5-coder:7b,प्रतिस्थापन:,1.579
3561,& Frame Color:,mr:,Marathi,qwen2.5-coder:7b,& फ्रेम कार्यालय:,1.91
3562,Power state,mr:,Marathi,qwen2.5-coder:7b,पावर अवस्था,1.578
3563,LEAP Username,mr:,Marathi,qwen2.5-coder:7b,यादारी यांचे नाव,2.034
3564,No Project,mr:,Marathi,qwen2.5-coder:7b,नाहीले विशेषता,1.894
3565,Astrocalculator,mr:,Marathi,qwen2.5-coder:7b,आस्ट्रोकॅल्कुलेटर,2.206
3566,Unknown Type,mr:,Marathi,qwen2.5-coder:7b,अज्ञानी प्रकार,1.695
3567,(unknown call),mr:,Marathi,qwen2.5-coder:7b,अजानली टॅली,1.658
3568,Destination Folder,mr:,Marathi,qwen2.5-coder:7b,टॅक्सने फोल्डर,2.105
3569,digiKam Core Image Plugin,mr:,Marathi,qwen2.5-coder:7b,डिगीकाम कोर इमेज प्लगइन,2.773
3570,Filter Applied,mr:,Marathi,qwen2.5-coder:7b,फिल्टर लागू केले गेले,2.647
3571,Print Engine Select (Printer 2),mr:,Marathi,qwen2.5-coder:7b,प्रिंट इंजन चुनाव (प्रिंटर 2),3.225
3572,(2) System Calls,mr:,Marathi,qwen2.5-coder:7b,(2) प्रणालीय कॉल्स,2.191
3573,Shutdown,mr:,Marathi,qwen2.5-coder:7b,शक्ती घटाणा,1.572
3574,loop,mr:,Marathi,qwen2.5-coder:7b,चक्रवर्ती,1.212
3575,Next Conflict,mr:,Marathi,qwen2.5-coder:7b,पर्याय आणि विरोध,2.054
3576,Serial,mr:,Marathi,qwen2.5-coder:7b,सरियाचा नंबर,1.608
3577,KMyMoney files,mr:,Marathi,qwen2.5-coder:7b,काम्यमनी फाइल्स,2.02
3578,Action:,mr:,Marathi,qwen2.5-coder:7b,कार्य:,1.006
3579,Time coherent,mr:,Marathi,qwen2.5-coder:7b,समय संतुलित,1.377
3580,A hundred,mr:,Marathi,qwen2.5-coder:7b,शून्य एक शतक,1.678
3581,19th Last,mr:,Marathi,qwen2.5-coder:7b,19व्या पुढील,1.615
3582,Monthly Budget,mr:,Marathi,qwen2.5-coder:7b,मासाचे बजूड़ा,1.94
3583,License:,mr:,Marathi,qwen2.5-coder:7b,लाइसेंस:,1.212
3584,Marble Map,mr:,Marathi,qwen2.5-coder:7b,मार्बल मॅप,1.446
3585,Background image:,mr:,Marathi,qwen2.5-coder:7b,पृष्ठभूमीचे चित्र:,2.355
3586,visited,mr:,Marathi,qwen2.5-coder:7b,परवाहिले,1.386
3587,ImagePlugin_AdjustLevels,mr:,Marathi,qwen2.5-coder:7b,प्रतिबिम्बप्रसंस्कृती_स्तरांपरिणामित करणे,4.397
3588,Delete A & B,mr:,Marathi,qwen2.5-coder:7b,डिल्या आणि बी,2.077
3589,Romanian,mr:,Marathi,qwen2.5-coder:7b,रोमानियन,1.257
3590,& Copy Content,mr:,Marathi,qwen2.5-coder:7b,& काही कपडे कापणा,1.931
3591,Fuzziness:,mr:,Marathi,qwen2.5-coder:7b,फुज्जीती:,1.376
3592,Fan Control,mr:,Marathi,qwen2.5-coder:7b,फन नियंत्रण,1.406
3593,Open Calais registration key,mr:,Marathi,qwen2.5-coder:7b,कालाइस रजिस्ट्रेशन कुंजी खोला,3.552
3594,Attribute Properties,mr:,Marathi,qwen2.5-coder:7b,प्रौत्येक वैशिष्ट्यांचे प्रौत्येक वैशिष्ट्यांचे प्रौत्येक वैशिष्ट्यांचे प्रौत्येक वैशिष्ट्यांचे प्रौ,10.397
3595,Track,mr:,Marathi,qwen2.5-coder:7b,प्रतिस्थापन करणा,1.847
3596,Card Collection,mr:,Marathi,qwen2.5-coder:7b,कार्ड संग्रह,1.468
3597,In Progress,mr:,Marathi,qwen2.5-coder:7b,प्रक्रियाचे आग्रेहार,2.084
3598,Until,mr:,Marathi,qwen2.5-coder:7b,होते जपाले,1.405
3599,& User:,mr:,Marathi,qwen2.5-coder:7b,& वापरकर्ता:,1.634
3600,Passing Direction,mr:,Marathi,qwen2.5-coder:7b,दिशा पास करणे,1.573
3601,End Time:,mr:,Marathi,qwen2.5-coder:7b,समाप्ती समय:,1.61
3602,Tidy by Kommander,mr:,Marathi,qwen2.5-coder:7b,कम्मांडर द्वारा सारखा,2.843
3603,Always Off,mr:,Marathi,qwen2.5-coder:7b,हा पर्यायाचा हा असा असून असा असून असा असून असा असून असा असून असा असून असा असून असा असून असा अस,10.457
3604,Minimum length:,mr:,Marathi,qwen2.5-coder:7b,मिनिमल लंबाई:,1.787
3605,Timeline,mr:,Marathi,qwen2.5-coder:7b,तारिक्षा,1.184
3606,Option Group (wml),mr:,Marathi,qwen2.5-coder:7b,अपचार समूह (wml),1.979
3607,USB device,mr:,Marathi,qwen2.5-coder:7b,USB निर्यातक,1.453
3608,Key type:,mr:,Marathi,qwen2.5-coder:7b,कुंजी प्रकार:,1.562
3609,& Text-to-Speech,mr:,Marathi,qwen2.5-coder:7b,& टेक्स्ट या वाक्यांना अनुवाद करण्यासाठी,4.456
3610,not,mr:,Marathi,qwen2.5-coder:7b,नाहीं,0.975
3611,File extensions:,mr:,Marathi,qwen2.5-coder:7b,फाईल अवधारणा:,1.714
3612,Current score:,mr:,Marathi,qwen2.5-coder:7b,आणि अनुमान अंकाचे अंकाचे अंकाचे अंकाचे अंकाचे अंकाचे अंकाचे अंकाचे अंकाचे अंकाचे अंकाचे अंकाचे अंकाच,10.318
3613,Read bmpx,mr:,Marathi,qwen2.5-coder:7b,Read bmpx,1.01
3614,& Unmount,mr:,Marathi,qwen2.5-coder:7b,& अनमोजळण करा,1.79
3615,History-based,mr:,Marathi,qwen2.5-coder:7b,प्रासिद्धिक आधारित,2.192
3616,Average:,mr:,Marathi,qwen2.5-coder:7b,माध्यम:,1.251
3617,Outgoing:,mr:,Marathi,qwen2.5-coder:7b,आउटगोइंग:,1.357
3618,Enter Signal,mr:,Marathi,qwen2.5-coder:7b,प्रतिबंध द्याला,1.849
3619,Spikes:,mr:,Marathi,qwen2.5-coder:7b,स्पिक्स:,1.297
3620,Domain Name:,mr:,Marathi,qwen2.5-coder:7b,डोमेन नाव:,1.407
3621,Change Board Layout,mr:,Marathi,qwen2.5-coder:7b,बॉर्ड आणि आणि आणि आणि आणि आणि आणि आणि आणि आणि आणि आणि आणि आणि आणि आणि आणि आणि आणि आणि आणि आणि आणि आ,10.23
3622,Time Calculators,mr:,Marathi,qwen2.5-coder:7b,समय गणके,1.308
3623,spacing:,mr:,Marathi,qwen2.5-coder:7b,स्पेसिंग:,1.436
3624,KHTML Userscript Installer,mr:,Marathi,qwen2.5-coder:7b,KHTML युजरस्क्रिप्ट इंस्टॉलर,3.165
3625,Edit Host,mr:,Marathi,qwen2.5-coder:7b,सर्वात विस्तारित उत्तर दिलेले जाते.,3.866
3626,Title & Alignment,mr:,Marathi,qwen2.5-coder:7b,शीर्षक आणि संरचना,2.132
3627,Circuit,mr:,Marathi,qwen2.5-coder:7b,कार्यवाही,1.328
3628,LightBlue3,mr:,Marathi,qwen2.5-coder:7b,लाईटब्लू3,1.429
3629,Access log file,mr:,Marathi,qwen2.5-coder:7b,अनुपलब्धता लॉग फाइल,2.446
3630,User Help,mr:,Marathi,qwen2.5-coder:7b,योजना सहायता,1.514
3631,User certificate:,mr:,Marathi,qwen2.5-coder:7b,उपयोगकर्ता चालाचे प्रमाणपत्र:,3.056
3632,Line Break,mr:,Marathi,qwen2.5-coder:7b,रेखा काटणे,1.319
3633,Trigonometry Functions,mr:,Marathi,qwen2.5-coder:7b,त्रिकोणमिती फंक्शन्स,2.456
3634,Keyboard & Layout:,mr:,Marathi,qwen2.5-coder:7b,कुंजीपटक आणि आयाम:,2.385
3635,Info window,mr:,Marathi,qwen2.5-coder:7b,इंफो जंगल,1.397
3636,Aleutian Islands,mr:,Marathi,qwen2.5-coder:7b,अलेउटियन आळे,1.752
3637,Symbol List,mr:,Marathi,qwen2.5-coder:7b,सिंहल यादी,1.416
3638,Content,mr:,Marathi,qwen2.5-coder:7b,माहिती,1.037
3639,64th,mr:,Marathi,qwen2.5-coder:7b,६४व्या,1.266
3640,Traffic & Plotter,mr:,Marathi,qwen2.5-coder:7b,मार्गदर्शन & ग्राफिक्स,2.446
3641,Members:,mr:,Marathi,qwen2.5-coder:7b,माहिती आहे:,1.469
3642,Account balance=%1,mr:,Marathi,qwen2.5-coder:7b,खाता बॅलेंस=%1,1.848
3643,Skipping %1,mr:,Marathi,qwen2.5-coder:7b,पुनरावर्तन झाला %1,2.293
3644,Adjust Volume,mr:,Marathi,qwen2.5-coder:7b,वॉल्यूम समायोजित करा,2.461
3645,Ball Bouncing Game,mr:,Marathi,qwen2.5-coder:7b,बॉल बाजून खेळ,1.961
3646,Already Running,mr:,Marathi,qwen2.5-coder:7b,आणि चालू आहे,1.765
3647,Browseable,mr:,Marathi,qwen2.5-coder:7b,प्रसारी,1.063
3648,Contact Actions,mr:,Marathi,qwen2.5-coder:7b,कार्यांचे संपर्क,1.994
3649,of Kislev,mr:,Marathi,qwen2.5-coder:7b,किसल्वे या मध्ये,2.001
3650,Subtitle,mr:,Marathi,qwen2.5-coder:7b,उपशीर्षक,1.242
3651,Certificate Password,mr:,Marathi,qwen2.5-coder:7b,पासवर्ड याचे नाव,1.977
3652,Owning Group,mr:,Marathi,qwen2.5-coder:7b,प्राप्त गट्टी,1.677
3653,Style Script,mr:,Marathi,qwen2.5-coder:7b,स्टायल स्क्रिप्ट,1.832
3654,Print range,mr:,Marathi,qwen2.5-coder:7b,प्रिंट क्रिंत्याचे अन्वेषण,2.7
3655,Run Project via KXSLDbg,mr:,Marathi,qwen2.5-coder:7b,परियोजना को KXSLDbg मावते चाला,3.069
3656,Colorize,mr:,Marathi,qwen2.5-coder:7b,कार्यात्मक रंग देणे,2.395
3657,PPTP settings,mr:,Marathi,qwen2.5-coder:7b,पॅट्टी प्रस्थाने,2.019
3658,Modify Host,mr:,Marathi,qwen2.5-coder:7b,मोडी असा घेणे,1.794
3659,Section Level 3,mr:,Marathi,qwen2.5-coder:7b,अंतर्गत शैली 3,2.04
3660,LocalDomainFilter,mr:,Marathi,qwen2.5-coder:7b,स्थानीय डोमेन फिल्टर,2.726
3661,RosyBrown2,mr:,Marathi,qwen2.5-coder:7b,रोसीब्रॉन2,1.533
3662,Resize Row,mr:,Marathi,qwen2.5-coder:7b,रोड आकार बदला,1.957
3663,Forward,mr:,Marathi,qwen2.5-coder:7b,आगे जाणा,1.298
3664,Screen Manager,mr:,Marathi,qwen2.5-coder:7b,मार्गदर्शन प्रशासकी,2.076
3665,DVD Size,mr:,Marathi,qwen2.5-coder:7b,डीवीडी आकार,1.56
3666,LightSkyBlue3,mr:,Marathi,qwen2.5-coder:7b,लाईटस्कायब्लू3,2.055
3667,Multi-Channel,mr:,Marathi,qwen2.5-coder:7b,मल्याला,1.187
3668,& None,mr:,Marathi,qwen2.5-coder:7b,& नाहीं,1.145
3669,Fibers,mr:,Marathi,qwen2.5-coder:7b,फिबर्स,1.116
3670,& Fleet Overview,mr:,Marathi,qwen2.5-coder:7b,& फ्लीट विस्तार,1.945
3671,& Pitch,mr:,Marathi,qwen2.5-coder:7b,& वापरणे,1.262
3672,DST rule:,mr:,Marathi,qwen2.5-coder:7b,स्थायी वक्तीय नियम:,2.53
3673,QMake Binary:,mr:,Marathi,qwen2.5-coder:7b,QMake बाइनरी:,1.63
3674,Hip-Hop,mr:,Marathi,qwen2.5-coder:7b,हिप-हॉप,1.265
3675,27th Last,mr:,Marathi,qwen2.5-coder:7b,27वा अंतिम,1.455
3676,Emphasize (wml),mr:,Marathi,qwen2.5-coder:7b,वेपण करा (wml),1.64
3677,Filename:,mr:,Marathi,qwen2.5-coder:7b,फाइलनाव:,1.177
3678,& General,mr:,Marathi,qwen2.5-coder:7b,& जनाला,1.146
3679,& Blue,mr:,Marathi,qwen2.5-coder:7b,& लाल,0.889
3680,& Edit Sensor...,mr:,Marathi,qwen2.5-coder:7b,&सेंसर विस्तार करा...,2.192
3681,Navigation Panel,mr:,Marathi,qwen2.5-coder:7b,नाविगेशन पने,1.613
3682,Bond length,mr:,Marathi,qwen2.5-coder:7b,बंड लंबी,1.268
3683,Instruction Jump,mr:,Marathi,qwen2.5-coder:7b,दाखवणे,1.235
3684,Warnings,mr:,Marathi,qwen2.5-coder:7b,चेतावनीं,1.181
3685,StorageInfo,mr:,Marathi,qwen2.5-coder:7b,स्टोरेज जाहीरात,1.873
3686,Form Completion,mr:,Marathi,qwen2.5-coder:7b,फॅर्म आपली करण्याचा पूर्ण करणे,3.352
3687,ConstraintSolver,mr:,Marathi,qwen2.5-coder:7b,संशोधनसंस्कारक,1.881
3688,& Keyboard Layout:,mr:,Marathi,qwen2.5-coder:7b,& क्याबोर्ड आणि लेखन आणि वापरणे:,3.6
3689,& Right Side,mr:,Marathi,qwen2.5-coder:7b,& दायाची झडी,1.666
3690,logout,mr:,Marathi,qwen2.5-coder:7b,लॉगआउट,1.127
3691,Table Shape,mr:,Marathi,qwen2.5-coder:7b,ताबलीचा आकार,1.579
3692,Income,mr:,Marathi,qwen2.5-coder:7b,आया,0.732
3693,To amount,mr:,Marathi,qwen2.5-coder:7b,माहिती अंतर्गत अंकड्याची योग्यता देणे.,4.202
3694,KColorScheme configuration file,mr:,Marathi,qwen2.5-coder:7b,क्लोरस्कीम व्यवस्था फाइल,2.919
3695,F5 Copy,mr:,Marathi,qwen2.5-coder:7b,F5 कॉपी करणा,1.538
3696,& Standard Headers,mr:,Marathi,qwen2.5-coder:7b,& मानक शीर्षके,1.719
3697,& Copy To,mr:,Marathi,qwen2.5-coder:7b,& कॉपी करा,1.324
3698,Reply-To address,mr:,Marathi,qwen2.5-coder:7b,पर्याप्त व्यक्तीचे पत्ता,2.849
3699,Extraction Dialog,mr:,Marathi,qwen2.5-coder:7b,प्रतिस्थापन दिल्ली,2.295
3700,(Away),mr:,Marathi,qwen2.5-coder:7b,(आयावण्यात),1.558
3701,Overwrite Mode,mr:,Marathi,qwen2.5-coder:7b,पुनर्लोड अव्यवस्था,2.334
3702,Credits,mr:,Marathi,qwen2.5-coder:7b,क्रेडिट्स,1.2
3703,fade curve,mr:,Marathi,qwen2.5-coder:7b,फॅड कर्वी,1.293
3704,Afghanistan Afghani,mr:,Marathi,qwen2.5-coder:7b,अफगानिस्तान अफगानी,2.309
3705,Mutt dotlock privileged,mr:,Marathi,qwen2.5-coder:7b,मूत दोटलॉक अनुमती दिलेले,3.212
3706,New profile wizard PPTP,mr:,Marathi,qwen2.5-coder:7b,नव्हा प्रोफाइल विज्जाइडर पॅट्टीपीटीपी,3.955
3707,Fraction,mr:,Marathi,qwen2.5-coder:7b,फ्रॅक्शन,1.216
3708,WiFi Geolocation,mr:,Marathi,qwen2.5-coder:7b,वाइफी जोड्यात जगातील स्थान,2.894
3709,Angle (degrees),mr:,Marathi,qwen2.5-coder:7b,कोणते अंतर (डिग्री),2.227
3710,Key Management,mr:,Marathi,qwen2.5-coder:7b,कुंजी प्रबंधन,1.561
3711,JourneysArr,mr:,Marathi,qwen2.5-coder:7b,यात्रा आणि यात्रा,2.006
3712,Maximum Request Size,mr:,Marathi,qwen2.5-coder:7b,महत्त्वाचे अनुप्रयोग आकार,2.933
3713,"DCOPID=`dcop _BAR_ grep karm ` if [$DCOPID] then dcop $DCOPID KarmDCOPIface else echo ""karm; not running"" fi",mr:,Marathi,qwen2.5-coder:7b,"DCOPID=`dcop _BAR_ grep karm ` if [$DCOPID] then dcop $DCOPID KarmDCOPIface else echo ""karm; not running"" fi",3.624
3714,Document Properties,mr:,Marathi,qwen2.5-coder:7b,दस्तऐवजीकरणाचे प्रॉप्शन्स,2.814
3715,Kernel change notify,mr:,Marathi,qwen2.5-coder:7b,कर्नल बदलाचे जाहीरात करणे,2.899
3716,Management card,mr:,Marathi,qwen2.5-coder:7b,प्रशासनीय कार्ड,1.71
3717,Colour Correction,mr:,Marathi,qwen2.5-coder:7b,कार्यात्मक संशोधन,2.033
3718,Style area,mr:,Marathi,qwen2.5-coder:7b,स्टायल क्षेत्र,1.705
3719,Velocity X:,mr:,Marathi,qwen2.5-coder:7b,वेलोसिटी एक्स:,1.884
3720,Article List Colors,mr:,Marathi,qwen2.5-coder:7b,सामग्री सूची रंग,2.206
3721,Brazil/ DeNoronha,mr:,Marathi,qwen2.5-coder:7b,ब्राजिल/डेनोरोन्हा,2.324
3722,Open Files,mr:,Marathi,qwen2.5-coder:7b,फाइल्यां खोला,1.786
3723,Node Properties,mr:,Marathi,qwen2.5-coder:7b,नोड प्रॉप्शन्स,1.799
3724,Terminal-based,mr:,Marathi,qwen2.5-coder:7b,तर्मिनल-आधारित,1.873
3725,Quits & kgeography;,mr:,Marathi,qwen2.5-coder:7b,प्रतिरोध आणि क्व्यूनारी;,3.041
3726,PHP Manual Integration,mr:,Marathi,qwen2.5-coder:7b,PHP मूल्यांकन आवश्यकता,2.389
3727,XSLT file:,mr:,Marathi,qwen2.5-coder:7b,XSLT फाइल:,1.49
3728,The URL %1 does not contain {searchTerms}.,mr:,Marathi,qwen2.5-coder:7b,या URL %1 मध्ये {searchTerms} असून आहे.,3.081
3729,Serial controller,mr:,Marathi,qwen2.5-coder:7b,सरियाचा नियंत्रक,1.908
3730,Card,mr:,Marathi,qwen2.5-coder:7b,कार्ड,0.909
3731,Acetyle salicylic acid,mr:,Marathi,qwen2.5-coder:7b,एसिटिल शलिसिलिक असिड,2.561
3732,localPosition2Variance,mr:,Marathi,qwen2.5-coder:7b,लोकलपोजिशन2वरिएन्स,2.605
3733,Show scrollbar,mr:,Marathi,qwen2.5-coder:7b,शून्याचे दर्शवणा,2.149
3734,Filters (Advanced),mr:,Marathi,qwen2.5-coder:7b,फिल्टर्स (उन्हाळी),2.248
3735,ImagePlugin_Texture,mr:,Marathi,qwen2.5-coder:7b,ताच्या चित्राचे पात्र,2.302
3736,Tunneled TLS,mr:,Marathi,qwen2.5-coder:7b,टुन्यलेड ट्लीएसएस,2.315
3737,Textual,mr:,Marathi,qwen2.5-coder:7b,पाठ्याचा,1.281
3738,Do not Know,mr:,Marathi,qwen2.5-coder:7b,नाही काही जाणते,1.907
3739,Final,mr:,Marathi,qwen2.5-coder:7b,पर्यायाचे अंतिम रिकार्ड,2.736
3740,Factory shape,mr:,Marathi,qwen2.5-coder:7b,फॅक्ट्री आकार,1.783
3741,Nordic,mr:,Marathi,qwen2.5-coder:7b,नॉर्डिक,1.283
3742,First element:,mr:,Marathi,qwen2.5-coder:7b,पहिला तत्त्व:,1.794
3743,CA domain,mr:,Marathi,qwen2.5-coder:7b,CA दोमेन,1.159
3744,Outline Quality,mr:,Marathi,qwen2.5-coder:7b,वैशिष्ट्य गुणवत्ता,2.376
3745,X resolution:,mr:,Marathi,qwen2.5-coder:7b,X रिश्लेश:,1.574
3746,Rotate photo,mr:,Marathi,qwen2.5-coder:7b,फोटो घेतावणा,1.681
3747,%1 does not exist.,mr:,Marathi,qwen2.5-coder:7b,%1 असून आहे.,1.885
3748,Serial Port #1 (NetBSD),mr:,Marathi,qwen2.5-coder:7b,सरियाचे विंडो #1 (NetBSD),2.72
3749,Plugins,mr:,Marathi,qwen2.5-coder:7b,प्लगइन्स,1.271
3750,Sound bell,mr:,Marathi,qwen2.5-coder:7b,बजावा करा,1.209
3751,Temperature (December),mr:,Marathi,qwen2.5-coder:7b,तापमान (डिसेंबर),1.929
3752,Data Store shape,mr:,Marathi,qwen2.5-coder:7b,डेटा स्टोर आकार,2.018
3753,Conics,mr:,Marathi,qwen2.5-coder:7b,कॉनिक्स,1.222
3754,***** output file:,mr:,Marathi,qwen2.5-coder:7b,***** आउटपुट फाइल:,1.884
3755,Log level:,mr:,Marathi,qwen2.5-coder:7b,लॉग लेवल:,1.459
3756,Residue Color Settings,mr:,Marathi,qwen2.5-coder:7b,रिश्वास रंग सेटिंग्स,2.517
3757,Background Color:,mr:,Marathi,qwen2.5-coder:7b,पृष्ठभूमीचे रंग:,2.27
3758,Paper size (cm):,mr:,Marathi,qwen2.5-coder:7b,पत्रकारी आकार (सेंटीमीटर):,2.929
3759,Rectangle Shape,mr:,Marathi,qwen2.5-coder:7b,आयताकार आकार,1.695
3760,My Games,mr:,Marathi,qwen2.5-coder:7b,माझे खेळे,1.32
3761,PPD Version,mr:,Marathi,qwen2.5-coder:7b,प्रसिद्धी वर्गीकरण,2.129
3762,Prussia,mr:,Marathi,qwen2.5-coder:7b,प्रस्वित्ता,1.511
3763,Print Geometry,mr:,Marathi,qwen2.5-coder:7b,ज्यामिती आयाम लागू करणा,2.788
3764,Ctrl; Q Quit,mr:,Marathi,qwen2.5-coder:7b,कंट्रोल; ची तारीख घेणा,2.53
3765,merge,mr:,Marathi,qwen2.5-coder:7b,मिळवणा,1.029
3766,Ssh User name,mr:,Marathi,qwen2.5-coder:7b,खालील वापरकारीचे नाव:,2.664
3767,Profile Assignment,mr:,Marathi,qwen2.5-coder:7b,प्रोफाइल असावणे,1.879
3768,& Delete,mr:,Marathi,qwen2.5-coder:7b,& हटाया,1.05
3769,Image Preview,mr:,Marathi,qwen2.5-coder:7b,प्रतिबिंब विस्तार,2.143
3770,Album View,mr:,Marathi,qwen2.5-coder:7b,अल्बम व्यवहार,1.752
3771,LDAP Requests,mr:,Marathi,qwen2.5-coder:7b,LDAP अनुरोध,1.395
3772,Remove Script,mr:,Marathi,qwen2.5-coder:7b,स्क्रिप्ट हटायचे,1.957
3773,Finish wizard,mr:,Marathi,qwen2.5-coder:7b,विज्ञानाची समाप्ती करण्यासाठी,3.384
3774,Valid Until,mr:,Marathi,qwen2.5-coder:7b,वेळाचे अंतिम दिन,2.111
3775,Repeat Tool,mr:,Marathi,qwen2.5-coder:7b,तरण टूल,1.271
3776,internal part,mr:,Marathi,qwen2.5-coder:7b,आंतर्गतील भाग,1.752
3777,Change Tracker,mr:,Marathi,qwen2.5-coder:7b,परिवर्तन ट्रॅकर,1.952
3778,Control Center,mr:,Marathi,qwen2.5-coder:7b,कंट्रोल केंद्र,1.568
3779,Phishing Alert,mr:,Marathi,qwen2.5-coder:7b,फिशिंग अलर्ट,1.696
3780,Execute on all operations,mr:,Marathi,qwen2.5-coder:7b,सर्व ऑपरेशन्स पर आयोजित करा,3.124
3781,Vibraphone,mr:,Marathi,qwen2.5-coder:7b,विब्रफोन,1.231
3782,Clipboard history,mr:,Marathi,qwen2.5-coder:7b,पेशी इतिहास,1.556
3783,Far Blur,mr:,Marathi,qwen2.5-coder:7b,फर ब्लूर,1.327
3784,& Additional Comments:,mr:,Marathi,qwen2.5-coder:7b,& अतिरिक्त माहिती:,2.112
3785,South Korea,mr:,Marathi,qwen2.5-coder:7b,मध्यप्रदेश,1.405
3786,Tape size:,mr:,Marathi,qwen2.5-coder:7b,तापे आकार:,1.494
3787,Contents Settings,mr:,Marathi,qwen2.5-coder:7b,सामग्री सेटिंग्स,1.882
3788,Profile path:,mr:,Marathi,qwen2.5-coder:7b,प्रोफाइल पास्थान:,1.985
3789,Assembly file,mr:,Marathi,qwen2.5-coder:7b,संस्कृती फाइल,1.859
3790,Ignore unsafe symlinks,mr:,Marathi,qwen2.5-coder:7b,अनुमत नाहीले अनुक्रमांकने लागू करणे,3.819
3791,As & Web,mr:,Marathi,qwen2.5-coder:7b,जैसे & वेब,1.675
3792,Bulgarian Lev,mr:,Marathi,qwen2.5-coder:7b,बुल्गार लेव,1.618
3793,Kexi Relation Design,mr:,Marathi,qwen2.5-coder:7b,केकी संबंध डिजाइन,2.176
3794,%1: Operation Report,mr:,Marathi,qwen2.5-coder:7b,%1: अभ्यास रिपोर्ट,2.507
3795,& Delete Feed,mr:,Marathi,qwen2.5-coder:7b,& फीड अड्वक्ष करणे,2.239
3796,F8 Delete,mr:,Marathi,qwen2.5-coder:7b,F8 डिलीट,1.287
3797,Count:,mr:,Marathi,qwen2.5-coder:7b,संख्या:,1.07
3798,Copy budget,mr:,Marathi,qwen2.5-coder:7b,बजेट कॉपी करा,1.577
3799,Master Volume,mr:,Marathi,qwen2.5-coder:7b,मुख्य शैली,1.545
3800,Rename object,mr:,Marathi,qwen2.5-coder:7b,आणि वस्तूचे नाव बदला,2.447
3801,CadetBlue1,mr:,Marathi,qwen2.5-coder:7b,काडेटब्लू1,1.642
3802,Remove Mask,mr:,Marathi,qwen2.5-coder:7b,मास्क ठेवणे,1.571
3803,To Narrowest,mr:,Marathi,qwen2.5-coder:7b,वाढवण्यासाठी,1.917
3804,& View Source,mr:,Marathi,qwen2.5-coder:7b,& स्रोत देखणा,1.615
3805,NT domain name,mr:,Marathi,qwen2.5-coder:7b,नेटवर्क दोमेन नाव,2.23
3806,Albums by %1,mr:,Marathi,qwen2.5-coder:7b,लेबम्स यांनी %1,2.18
3807,TCP Port,mr:,Marathi,qwen2.5-coder:7b,टीसीपी पोर्ट,1.553
3808,Under-Exposure Indicator,mr:,Marathi,qwen2.5-coder:7b,विस्तारित उपस्थिती इंडिकेटर,3.254
3809,Upload Profiles,mr:,Marathi,qwen2.5-coder:7b,प्रोफाइल्स अपलोड करा,2.291
3810,Directory %1 does not exist!,mr:,Marathi,qwen2.5-coder:7b,दिशा %1 असून आहे!,2.326
3811,Text actions,mr:,Marathi,qwen2.5-coder:7b,पाठ्यक्रिया,1.689
3812,Play & Recent,mr:,Marathi,qwen2.5-coder:7b,खेल & अतिशयाचे,1.914
3813,Quality:,mr:,Marathi,qwen2.5-coder:7b,कामतात्पदी:,1.543
3814,Postponed:,mr:,Marathi,qwen2.5-coder:7b,माझा:,1.082
3815,notification dialogs,mr:,Marathi,qwen2.5-coder:7b,अधिकारी चिन्हांचे विस्तार,3.037
3816,& Turn off computer,mr:,Marathi,qwen2.5-coder:7b,& कंप्यूटर अक्षम करण्यात आहे,3.304
3817,Database Permissions,mr:,Marathi,qwen2.5-coder:7b,देखील सुविधा,1.845
3818,Time Seeded,mr:,Marathi,qwen2.5-coder:7b,समय शैली साधारण,2.037
3819,position2Variance,mr:,Marathi,qwen2.5-coder:7b,पोजिशन2वरिएंस,1.769
3820,& Minimum movement:,mr:,Marathi,qwen2.5-coder:7b,& कमीती गती:,1.526
3821,City name,mr:,Marathi,qwen2.5-coder:7b,शहराचे नाव,1.493
3822,Feed Properties,mr:,Marathi,qwen2.5-coder:7b,प्रतिबंध संपदा,1.681
3823,Question,mr:,Marathi,qwen2.5-coder:7b,प्रश्न,0.937
3824,Widescreen,mr:,Marathi,qwen2.5-coder:7b,विस्वासी चिन्हांचा वापर करण्यात आहे.,3.817
3825,Deform brush,mr:,Marathi,qwen2.5-coder:7b,मोठावण्याचा ब्रश,1.913
3826,Retry search,mr:,Marathi,qwen2.5-coder:7b,तपशील लागू करा,2.055
3827,& Quit reason:,mr:,Marathi,qwen2.5-coder:7b,& कारण विवरण:,1.673
3828,Print Progress,mr:,Marathi,qwen2.5-coder:7b,प्रिंट प्रगती,1.437
3829,& Subnetwork:,mr:,Marathi,qwen2.5-coder:7b,& उपनेटवर्क:,1.712
3830,Annotations:,mr:,Marathi,qwen2.5-coder:7b,अनोटेशन्स:,1.403
3831,Observing List Wizard,mr:,Marathi,qwen2.5-coder:7b,वर्तनीकरण सूची विज्ञान,2.665
3832,Light yellow,mr:,Marathi,qwen2.5-coder:7b,प्रसिद्ध नाहीं,1.783
3833,& Frequency,mr:,Marathi,qwen2.5-coder:7b,& फ्रिग्युनेस्टी,1.994
3834,Image size: %1 x %2,mr:,Marathi,qwen2.5-coder:7b,आयाम: %1 x %2,1.785
3835,Pattern tool,mr:,Marathi,qwen2.5-coder:7b,पॅटरन टूल,1.519
3836,American Samoa,mr:,Marathi,qwen2.5-coder:7b,अमेरिकन सामोआ,1.617
3837,Documentation,mr:,Marathi,qwen2.5-coder:7b,दस्तऐवज्ञा,1.474
3838,Unknown processor,mr:,Marathi,qwen2.5-coder:7b,अज्ञानी प्रक्रियकर,1.929
3839,Finished:,mr:,Marathi,qwen2.5-coder:7b,पुढील:,1.037
3840,Quick Select,mr:,Marathi,qwen2.5-coder:7b,त्याचा चयन करणे,1.826
3841,& German,mr:,Marathi,qwen2.5-coder:7b,& जर्मनी,1.201
3842,Stop search,mr:,Marathi,qwen2.5-coder:7b,खोजावा रोका,1.713
3843,Descending,mr:,Marathi,qwen2.5-coder:7b,विसर्वतः,1.312
3844,Seldom,mr:,Marathi,qwen2.5-coder:7b,हेरफारी,1.153
3845,window settings,mr:,Marathi,qwen2.5-coder:7b,ज़िवाचे सेटिंग्स,2.11
3846,Ready.,mr:,Marathi,qwen2.5-coder:7b,पासंत.,1.023
3847,Drippiness,mr:,Marathi,qwen2.5-coder:7b,द्रिप्पनीती,1.427
3848,Custom (%1),mr:,Marathi,qwen2.5-coder:7b,स्वचाता (%1),1.406
3849,Function Plotter,mr:,Marathi,qwen2.5-coder:7b,फंक्शन प्लॉटर,1.719
3850,white space,mr:,Marathi,qwen2.5-coder:7b,स्पेस,0.95
3851,Game Status,mr:,Marathi,qwen2.5-coder:7b,खेळाचे अवस्था,1.751
3852,Mount,mr:,Marathi,qwen2.5-coder:7b,मोठा,0.801
3853,Popup,mr:,Marathi,qwen2.5-coder:7b,पुपुल,0.891
3854,umbrello; 's User Interface,mr:,Marathi,qwen2.5-coder:7b,उम्ब्रेल्लो; याचे वापरक्रम अभिव्यक्ती,3.979
3855,image %1,mr:,Marathi,qwen2.5-coder:7b,चित्र %1,1.129
3856,(Current field),mr:,Marathi,qwen2.5-coder:7b,(सध्या जग्वान),1.934
3857,Subscript,mr:,Marathi,qwen2.5-coder:7b,उपस्थिती,1.244
3858,Table Row (wml),mr:,Marathi,qwen2.5-coder:7b,ताबली रोंखी (wml),2.003
3859,& Phone Contacts,mr:,Marathi,qwen2.5-coder:7b,& फोन कार्यक्रमांचे योजना,2.827
3860,Fear Circle,mr:,Marathi,qwen2.5-coder:7b,भय गोला,1.213
3861,X Server Information,mr:,Marathi,qwen2.5-coder:7b,"खालील जाहीरात: ""खालील जाहीरात: एक्स सर्वर जाहीरात",5.312
3862,Grandfather,mr:,Marathi,qwen2.5-coder:7b,गांधार,1.056
3863,Phone Call,mr:,Marathi,qwen2.5-coder:7b,फोन कॉल,1.123
3864,Panel Settings,mr:,Marathi,qwen2.5-coder:7b,पनल सेटिंग्स,1.496
3865,Moving Stencils,mr:,Marathi,qwen2.5-coder:7b,मोडण्याचे टेन्सिल्स,2.458
3866,Next Target >,mr:,Marathi,qwen2.5-coder:7b,पर्यायाचे अगला >,2.233
3867,Arcade Game,mr:,Marathi,qwen2.5-coder:7b,मर्गदारी खेळ,1.644
3868,Pictures directory:,mr:,Marathi,qwen2.5-coder:7b,प्रतिमांनी वर्गीकरण:,2.214
3869,Manager,mr:,Marathi,qwen2.5-coder:7b,मॅनेजर,1.104
3870,Line Width,mr:,Marathi,qwen2.5-coder:7b,तालाची चौंदी,1.737
3871,Y speed,mr:,Marathi,qwen2.5-coder:7b,या गती,1.068
3872,lathe,mr:,Marathi,qwen2.5-coder:7b,लथी,0.735
3873,Property,mr:,Marathi,qwen2.5-coder:7b,प्रौप्य,1.092
3874,Bounce,mr:,Marathi,qwen2.5-coder:7b,बांधणे,1.014
3875,Open With,mr:,Marathi,qwen2.5-coder:7b,खोला जाणा,1.349
3876,Connection & name:,mr:,Marathi,qwen2.5-coder:7b,संबंध आणि नाव:,1.998
3877,Table Body,mr:,Marathi,qwen2.5-coder:7b,ताबलीचे शरीर,1.683
3878,& Volume name:,mr:,Marathi,qwen2.5-coder:7b,& वैशिष्ट्याचे नाव:,2.521
3879,Read Only,mr:,Marathi,qwen2.5-coder:7b,नियमित,1.082
3880,Bit Order,mr:,Marathi,qwen2.5-coder:7b,बिट आयामी,1.299
3881,of Rajab,mr:,Marathi,qwen2.5-coder:7b,राजाबाला,1.229
3882,Network Type,mr:,Marathi,qwen2.5-coder:7b,नेटवर्क प्रकार,1.683
3883,Grabber Widget Based,mr:,Marathi,qwen2.5-coder:7b,विडेट आणि ग्राबर आधारित,2.925
3884,No Date,mr:,Marathi,qwen2.5-coder:7b,नाहीं दिलेली तारीख,2.284
3885,lost+found,mr:,Marathi,qwen2.5-coder:7b,पाठवलेला+पाठवलेला,2.43
3886,SeaGreen,mr:,Marathi,qwen2.5-coder:7b,सीआयीन,1.079
3887,Cordless Optical TrackMan,mr:,Marathi,qwen2.5-coder:7b,कांदाली अनुक्रमण ट्रॅकमन,2.898
3888,String Matching,mr:,Marathi,qwen2.5-coder:7b,स्ट्रिंग मॅचिंग,1.908
3889,& Numbers:,mr:,Marathi,qwen2.5-coder:7b,& नंबर्स:,1.319
3890,Interior,mr:,Marathi,qwen2.5-coder:7b,आनंदाचे अंतर्गत,1.895
3891,My Comic Books,mr:,Marathi,qwen2.5-coder:7b,माझे कॉमिक बुक्स,1.998
3892,& Center,mr:,Marathi,qwen2.5-coder:7b,&मध्य असणा,1.414
3893,Matching anything,mr:,Marathi,qwen2.5-coder:7b,कुठून आणि जाणून,2.254
3894,Do n't rotate,mr:,Marathi,qwen2.5-coder:7b,नाहीत घेणे,1.652
3895,Complete:,mr:,Marathi,qwen2.5-coder:7b,पूर्ण करण्याचे:,1.934
3896,Light Blue,mr:,Marathi,qwen2.5-coder:7b,"चालीसा खालीला रंग अशा आहे: ""चालीसा खालीला रंग अशा आहे",5.836
3897,& Validate,mr:,Marathi,qwen2.5-coder:7b,&पुष्टी करणा,1.581
3898,æ (#230;) Small ae ligature,mr:,Marathi,qwen2.5-coder:7b,æ (#230;) छोटे ए लिगूटर,2.896
3899,Geolocation IP,mr:,Marathi,qwen2.5-coder:7b,ज्यातील IP,1.273
3900,& Open Certificate Manager...,mr:,Marathi,qwen2.5-coder:7b,&प्रमाणपत्र प्रबंधक खोला...,2.574
3901,Not started,mr:,Marathi,qwen2.5-coder:7b,नाहीले शुरू केले गेले,2.642
3902,Tabulature,mr:,Marathi,qwen2.5-coder:7b,ताबुलेटरी,1.44
3903,%1: Connected,mr:,Marathi,qwen2.5-coder:7b,%1: जोडले गेले,1.983
3904,General Options,mr:,Marathi,qwen2.5-coder:7b,सामान्य विकल्पे,1.981
3905,Peruvian Nuevo Sol,mr:,Marathi,qwen2.5-coder:7b,परुवियन न्यू झोल,2.276
3906,Zoom level:,mr:,Marathi,qwen2.5-coder:7b,जळाव त्याग:,1.776
3907,Output File:,mr:,Marathi,qwen2.5-coder:7b,फाइल आउटपुट:,1.671
3908,Please wait,mr:,Marathi,qwen2.5-coder:7b,कृपया अपनत जाली राहा,2.504
3909,Layer name:,mr:,Marathi,qwen2.5-coder:7b,परिस्थितीचे नाव:,2.112
3910,Do not wait,mr:,Marathi,qwen2.5-coder:7b,निराशा न करा,1.822
3911,Ryan Cumming (ryan at kde org): Core developer,mr:,Marathi,qwen2.5-coder:7b,रायन कुम्मिंग (रायन आणि क्डी ऑर्ग): मुख्य विकासकार,5.262
3912,Math mode,mr:,Marathi,qwen2.5-coder:7b,मॅथ मोड,1.204
3913,Festival speech synthesizer,mr:,Marathi,qwen2.5-coder:7b,फेस्टिवल शब्दाचा संश्लेषक,2.91
3914,WBS Definition,mr:,Marathi,qwen2.5-coder:7b,व्हीबीएस टिफिशन,2.014
3915,MPlayerThumbs Configuration Utility,mr:,Marathi,qwen2.5-coder:7b,म्यूप्लेरथम्ब्स कॉन्फिगरेशन योग्यता,4.068
3916,finish,mr:,Marathi,qwen2.5-coder:7b,पुढील्या चरणाचे अभ्यास करण्यासाठी या बटनाचा दबवा करा.,5.546
3917,"Could not open project ""%1"".",mr:,Marathi,qwen2.5-coder:7b,"परियोजना ""%1"" खोलू शकत नाही.",3.492
3918,Color Similarity,mr:,Marathi,qwen2.5-coder:7b,शीर्षक समानता,1.65
3919,PixiePlus Image Manager,mr:,Marathi,qwen2.5-coder:7b,पिक्सीप्लस चित्र प्रबंधक,2.622
3920,This year,mr:,Marathi,qwen2.5-coder:7b,या वर्षात,1.383
3921,GroupingPanel,mr:,Marathi,qwen2.5-coder:7b,ग्रुपिंग पेनल,1.613
3922,Working with & knode;,mr:,Marathi,qwen2.5-coder:7b,काम करतात & knode;,1.849
3923,Birds-eye View,mr:,Marathi,qwen2.5-coder:7b,वायुनावी दृश्य,2.052
3924,Entertainment encryption device,mr:,Marathi,qwen2.5-coder:7b,मनोरंजन एन्क्रिप्शन डिवाइस,3.089
3925,Class Associations,mr:,Marathi,qwen2.5-coder:7b,क्लास जोड्यांचे संबंध,2.377
3926,Content:,mr:,Marathi,qwen2.5-coder:7b,माहिती:,1.098
3927,Audio Recorder,mr:,Marathi,qwen2.5-coder:7b,आवडण रिकॅर्डर,1.841
3928,Storage Media Notifications,mr:,Marathi,qwen2.5-coder:7b,स्टोरेज मीडिया नोटिफिकेशन्स,2.953
3929,feet,mr:,Marathi,qwen2.5-coder:7b,फिट्स,0.915
3930,Compositing is disabled,mr:,Marathi,qwen2.5-coder:7b,कॉमपोसिटिंग अक्षम आहे,2.805
3931,Revert,mr:,Marathi,qwen2.5-coder:7b,पुनर्वाप्यास्ता करणा,2.378
3932,Asia/ Singapore,mr:,Marathi,qwen2.5-coder:7b,आशिया/संगोड़ा,1.91
3933,Master Page,mr:,Marathi,qwen2.5-coder:7b,मुख्य पृष्ठ,1.568
3934,KSysGuard Developers,mr:,Marathi,qwen2.5-coder:7b,क्षेत्र गaurd विकासकार,2.462
3935,HalfTone,mr:,Marathi,qwen2.5-coder:7b,हल्फटन,1.066
3936,Altar,mr:,Marathi,qwen2.5-coder:7b,आल्टर,0.912
3937,24-bit Color,mr:,Marathi,qwen2.5-coder:7b,24-बिट कार्यालय,1.835
3938,Passive Downloads,mr:,Marathi,qwen2.5-coder:7b,पासिव डाउनलोड्स,1.914
3939,Receive,mr:,Marathi,qwen2.5-coder:7b,प्राप्त करणे,1.434
3940,forty,mr:,Marathi,qwen2.5-coder:7b,चार्याचा,1.246
3941,& Random Hole,mr:,Marathi,qwen2.5-coder:7b,& यादू घेणे,1.701
3942,Raw Colors:,mr:,Marathi,qwen2.5-coder:7b,राव रंगांचे:,1.806
3943,Unions,mr:,Marathi,qwen2.5-coder:7b,युनियन्स,1.339
3944,session,mr:,Marathi,qwen2.5-coder:7b,सत्रा,0.802
3945,Insert in Project,mr:,Marathi,qwen2.5-coder:7b,परियोजनात आवश्यक करण्यात,2.705
3946,& New:,mr:,Marathi,qwen2.5-coder:7b,& नवीन:,1.162
3947,KTouch keyboard editor,mr:,Marathi,qwen2.5-coder:7b,क्यूटोश्चे टाक्बोर्ड एडिटर,3.213
3948,Nepomuk store size:,mr:,Marathi,qwen2.5-coder:7b,नेपोमुक स्टोर आकार:,2.437
3949,Unlisted Shell,mr:,Marathi,qwen2.5-coder:7b,असून शेल,1.407
3950,Function Optimizer...,mr:,Marathi,qwen2.5-coder:7b,फंक्शन ऑप्टिमाइजर...,2.284
3951,Other folder:,mr:,Marathi,qwen2.5-coder:7b,अन्य फोल्डर:,1.682
3952,Default maximum share ratio:,mr:,Marathi,qwen2.5-coder:7b,डिफॉल्ट अधिकारित शेअर अनुपात:,3.482
3953,Custom filter rules:,mr:,Marathi,qwen2.5-coder:7b,स्वचालित फिल्टर नियम:,2.727
3954,Not managed,mr:,Marathi,qwen2.5-coder:7b,नियंत्रित नाहीं,1.892
3955,Output Levels,mr:,Marathi,qwen2.5-coder:7b,आउटपुट त्यांचे स्तरे,2.372
3956,Encrypt...,mr:,Marathi,qwen2.5-coder:7b,सांगणे...,1.193
3957,"MID(""KOffice ""; 2) returns"" Office """,mr:,Marathi,qwen2.5-coder:7b,"मध्ये (""कोफिस ""; 2) रिटर्न करते"" ""ऑफिस",3.962
3958,honeydew4,mr:,Marathi,qwen2.5-coder:7b,हनीड्वू4,1.462
3959,Organizational unit:,mr:,Marathi,qwen2.5-coder:7b,संस्थानाची इंटियाज:,2.507
3960,Quit & kspaceduel;,mr:,Marathi,qwen2.5-coder:7b,प्रत्याहार & kspaceduel;,2.227
3961,& Constellation lines,mr:,Marathi,qwen2.5-coder:7b,& ग्रहन रेखा,1.656
3962,Copy of,mr:,Marathi,qwen2.5-coder:7b,कॉपी ऑफ,1.291
3963,& Foreground color:,mr:,Marathi,qwen2.5-coder:7b,&पूर्वग्राहीत रंग:,2.224
3964,Revision Date,mr:,Marathi,qwen2.5-coder:7b,अधिकारी तारीख,1.743
3965,Thanks to,mr:,Marathi,qwen2.5-coder:7b,धन्यावाद आणि,1.635
3966,Search for '%1 'with,mr:,Marathi,qwen2.5-coder:7b,खोजा '%1' जे,1.827
3967,polygon,mr:,Marathi,qwen2.5-coder:7b,पॅलिंगन,1.225
3968,Paused,mr:,Marathi,qwen2.5-coder:7b,पास्य किल्ला,1.547
3969,Texture filter:,mr:,Marathi,qwen2.5-coder:7b,ताक्षणिक फिल्टर:,2.171
3970,Configuration dialog,mr:,Marathi,qwen2.5-coder:7b,कॉन्फिगरेशन डिलॉग,2.412
3971,Identifier expected,mr:,Marathi,qwen2.5-coder:7b,आयडियने अपली झाले आहे,2.554
3972,Tolerance,mr:,Marathi,qwen2.5-coder:7b,मान्यता,1.148
3973,Sliding popups,mr:,Marathi,qwen2.5-coder:7b,प्रस्थानीय पुलपुलीं,2.261
3974,Pad 6 - Metallic,mr:,Marathi,qwen2.5-coder:7b,पद 6 - मिळ्याची,1.794
3975,Population size,mr:,Marathi,qwen2.5-coder:7b,जनसंख्या,1.256
3976,"Failed to read ""%1"".",mr:,Marathi,qwen2.5-coder:7b,"पढून असलेले असला नाही: ""%1"".",3.354
3977,Glossary - \\makeglossary,mr:,Marathi,qwen2.5-coder:7b,ग्लोसारी - \\makeglossary,2.116
3978,house_number,mr:,Marathi,qwen2.5-coder:7b,घराचे संख्या,1.521
3979,WPA-PSK Encryption,mr:,Marathi,qwen2.5-coder:7b,व्हीपीएसपीएसी एनक्रिप्शन,2.871
3980,time(s),mr:,Marathi,qwen2.5-coder:7b,समय (समयां),1.485
3981,Development,mr:,Marathi,qwen2.5-coder:7b,प्रगती,0.921
3982,& Speak,mr:,Marathi,qwen2.5-coder:7b,& बोवणा,1.117
3983,Indentation width:,mr:,Marathi,qwen2.5-coder:7b,वापरासाठी अंतराल:,2.213
3984,Accessors are inline,mr:,Marathi,qwen2.5-coder:7b,असेक्यांना आणि असेक्यांना आणि असेक्यांना आणि असेक्यांना आणि असेक्यांना आणि असेक्यांना आणि असेक्यांना,10.504
3985,Color List,mr:,Marathi,qwen2.5-coder:7b,शीर्षक: रंग सूची,2.076
3986,Reduced form:,mr:,Marathi,qwen2.5-coder:7b,संकल्पना:,1.509
3987,Signal,mr:,Marathi,qwen2.5-coder:7b,साइगनल,0.996
3988,Run make,mr:,Marathi,qwen2.5-coder:7b,माक चाला,1.42
3989,By & Name,mr:,Marathi,qwen2.5-coder:7b,&नाव,0.883
3990,& Mailing List Management...,mr:,Marathi,qwen2.5-coder:7b,& मिळालेल्या सूचीने प्रबंधन...,3.07
3991,& XSL; Processing,mr:,Marathi,qwen2.5-coder:7b,& XSL; प्रक्रिया,1.666
3992,Tile Game,mr:,Marathi,qwen2.5-coder:7b,ताली खेळ,1.3
3993,"Selection: - Cursor: x: 0, y: 0",mr:,Marathi,qwen2.5-coder:7b,"परिवार: - कार्श: x: 0, y: 0",3.479
3994,Print Error,mr:,Marathi,qwen2.5-coder:7b,प्रिंट त्रुटी,1.568
3995,Allocation,mr:,Marathi,qwen2.5-coder:7b,अवस्थापना,1.328
3996,300 DPI Grayscale,mr:,Marathi,qwen2.5-coder:7b,300 डीपीआई ग्रेसस्कॅल,2.753
3997,& Fuzziness:,mr:,Marathi,qwen2.5-coder:7b,& फुज्जीती:,1.678
3998,Lists,mr:,Marathi,qwen2.5-coder:7b,सूचींदरी,1.378
3999,Locale,mr:,Marathi,qwen2.5-coder:7b,स्थानावर्तन,1.484
4000,Service Discovery,mr:,Marathi,qwen2.5-coder:7b,सेवा खोजणे,1.413
4001,Document Statistics,mr:,Marathi,qwen2.5-coder:7b,दस्तऐवज सांख्यिकी,2.096
4002,Gray,mr:,Marathi,qwen2.5-coder:7b,ग्रे याचे रंग चालू आहे.,2.61
4003,Field Properties,mr:,Marathi,qwen2.5-coder:7b,फील्ड प्रॉप्शन्स,1.878
4004,Source folder,mr:,Marathi,qwen2.5-coder:7b,स्रोत फोल्डर,1.56
4005,Profile Part,mr:,Marathi,qwen2.5-coder:7b,प्रोफाइल भाग,1.567
4006,Main sequence,mr:,Marathi,qwen2.5-coder:7b,मुख्य श्रेणी,1.593
4007,Places,mr:,Marathi,qwen2.5-coder:7b,स्थानांचे वर्णन,1.835
4008,Connection specific,mr:,Marathi,qwen2.5-coder:7b,संबंध सпециफिक,1.486
4009,Production: %1,mr:,Marathi,qwen2.5-coder:7b,प्रोडक्शन: %1,1.871
4010,No Borders,mr:,Marathi,qwen2.5-coder:7b,नाहीला भागांचे,1.885
4011,Focus Decoration,mr:,Marathi,qwen2.5-coder:7b,फोकस डिक्शनरी,1.812
4012,Arabia,mr:,Marathi,qwen2.5-coder:7b,अरबिया,1.083
4013,No active document,mr:,Marathi,qwen2.5-coder:7b,कोणत्याही वापरलेला दस्तऐवज नाही,3.601
4014,Reference Unit:,mr:,Marathi,qwen2.5-coder:7b,संदर्भ इकाई:,1.797
4015,XSync Support,mr:,Marathi,qwen2.5-coder:7b,स्क्रिप्ट समर्थन,1.902
4016,Line & width:,mr:,Marathi,qwen2.5-coder:7b,रेषी आणि चौंदी:,2.109
4017,Personal SSL,mr:,Marathi,qwen2.5-coder:7b,व्यक्तिगत SSL,1.666
4018,& Lines,mr:,Marathi,qwen2.5-coder:7b,& लाईन्स,1.255
4019,Previous year,mr:,Marathi,qwen2.5-coder:7b,पिछ्ला वर्ष,1.535
4020,US A2 Invitation,mr:,Marathi,qwen2.5-coder:7b,मार्किन अ2 आम्हीचे प्रस्ताव,3.144
4021,Latex style,mr:,Marathi,qwen2.5-coder:7b,लेटॅक्स स्टाइल,1.918
4022,Light green,mr:,Marathi,qwen2.5-coder:7b,प्रसिद्ध शांत रंग,1.999
4023,Reflect in Line,mr:,Marathi,qwen2.5-coder:7b,रेफ्लेक्षन रेखात झाला,2.704
4024,X Alignment,mr:,Marathi,qwen2.5-coder:7b,X अनुक्रमण,1.353
4025,Equal button (=),mr:,Marathi,qwen2.5-coder:7b,समान बटन (=),1.495
4026,S/ MIME signing certificate:,mr:,Marathi,qwen2.5-coder:7b,सीएमआई सांगण चालाला नाव:,2.847
4027,Minor,mr:,Marathi,qwen2.5-coder:7b,मात्रा,0.929
4028,Upper Bitrate,mr:,Marathi,qwen2.5-coder:7b,उच्च बिटरेट,1.642
4029,Unknown album,mr:,Marathi,qwen2.5-coder:7b,अज्ञान आल्बम,1.663
4030,World Clock,mr:,Marathi,qwen2.5-coder:7b,पृथ्वीचा घडी,1.689
4031,Figure 1,mr:,Marathi,qwen2.5-coder:7b,चित्र 1,1.082
4032,Visualization,mr:,Marathi,qwen2.5-coder:7b,विविधता,1.126
4033,Color-blindness simulation,mr:,Marathi,qwen2.5-coder:7b,अंग्रेजी दर्शन मोजगी,2.218
4034,Authentication Log File,mr:,Marathi,qwen2.5-coder:7b,प्रमाणपत्र लॉग फाइल,2.189
4035,Edit Tag,mr:,Marathi,qwen2.5-coder:7b,ताग संपादित करा,1.988
4036,Cisco - Man/ Woman,mr:,Marathi,qwen2.5-coder:7b,कासिओस - महिला / पुरुष,2.268
4037,Work Area,mr:,Marathi,qwen2.5-coder:7b,कार्य क्षेत्र,1.491
4038,Certificate Manager,mr:,Marathi,qwen2.5-coder:7b,मार्चिटेटर मॅनेजर,2.099
4039,Saudi Arabia,mr:,Marathi,qwen2.5-coder:7b,साउदी अरबिया,1.596
4040,Color Balance,mr:,Marathi,qwen2.5-coder:7b,संरक्षण बिंदू,1.793
4041,& Kernel filename:,mr:,Marathi,qwen2.5-coder:7b,& कर्नेल फाइलनावळ:,2.273
4042,Align Center (Horizontal),mr:,Marathi,qwen2.5-coder:7b,साठी जमा करा (होरिजोनल),2.622
4043,Total:,mr:,Marathi,qwen2.5-coder:7b,संपूर्ण:,1.342
4044,KGoldRunner Default,mr:,Marathi,qwen2.5-coder:7b,कगोलरनर डिफॉल्ट,2.121
4045,Set beginners' speed.,mr:,Marathi,qwen2.5-coder:7b,मुख्यांकारांना गती असून.,2.989
4046,Difficulty:,mr:,Marathi,qwen2.5-coder:7b,त्रुटी:,1.024
4047,Remove Tabulator,mr:,Marathi,qwen2.5-coder:7b,टॅबूलेटर ठेवणे,2.004
4048,Expiring,mr:,Marathi,qwen2.5-coder:7b,पुराण झाले,1.452
4049,Adhesive Labels,mr:,Marathi,qwen2.5-coder:7b,आधारी लेबल्स,1.727
4050,File List Description,mr:,Marathi,qwen2.5-coder:7b,फाइल लिस्ट विवरण,2.009
4051,East Caribbean Dollar,mr:,Marathi,qwen2.5-coder:7b,येस पश्चिमी कारबाइन डॉलर,2.663
4052,Goal following,mr:,Marathi,qwen2.5-coder:7b,प्रमाणाचा पालन,1.599
4053,Encoder Priority,mr:,Marathi,qwen2.5-coder:7b,एनकोडर प्राथमिकता,1.897
4054,Group password:,mr:,Marathi,qwen2.5-coder:7b,ग्रुप पासवर्ड:,1.642
4055,Settings Full Screen Mode,mr:,Marathi,qwen2.5-coder:7b,सेटिंग्स फुल स्क्रीन मोड,2.651
4056,Features,mr:,Marathi,qwen2.5-coder:7b,वैशिष्ट्ये,1.465
4057,& UML; Association,mr:,Marathi,qwen2.5-coder:7b,& UML; संबंध,1.391
4058,Script actions,mr:,Marathi,qwen2.5-coder:7b,स्क्रिप्ट अक्षरणे,2.042
4059,Desert,mr:,Marathi,qwen2.5-coder:7b,मार्गी,1.07
4060,Quit & ktouch;,mr:,Marathi,qwen2.5-coder:7b,प्रत्याहार & क्टौच;,2.376
4061,Prime:,mr:,Marathi,qwen2.5-coder:7b,प्राइम:,1.036
4062,Administer,mr:,Marathi,qwen2.5-coder:7b,प्रशासित करणे,1.518
4063,Society Islands,mr:,Marathi,qwen2.5-coder:7b,सामाजिक देशां,1.748
4064,User Name,mr:,Marathi,qwen2.5-coder:7b,उपयोगकर्ता नाव,1.813
4065,KXSLDbg Output,mr:,Marathi,qwen2.5-coder:7b,खालील शक्तीपूर्वक आउटपुट:,3.247
4066,Size of the window:,mr:,Marathi,qwen2.5-coder:7b,आपल्या जंगलाचे आकार:,2.545
4067,LightSteelBlue4,mr:,Marathi,qwen2.5-coder:7b,लाईटस्टीलब्लू4,1.966
4068,An Instant Messenger,mr:,Marathi,qwen2.5-coder:7b,आणि अनिमत जागाला,2.09
4069,& Forward,mr:,Marathi,qwen2.5-coder:7b,& परवर्ती करणा,1.683
4070,Nickname List,mr:,Marathi,qwen2.5-coder:7b,नावाचे यादीबद्दल,2.112
4071,Path editing tool,mr:,Marathi,qwen2.5-coder:7b,पाथ संपादन टूल,1.856
4072,Quiz mode,mr:,Marathi,qwen2.5-coder:7b,प्रश्नांकांद mode,1.57
4073,& Application,mr:,Marathi,qwen2.5-coder:7b,& अनुप्रयोग,1.395
4074,Default resolution:,mr:,Marathi,qwen2.5-coder:7b,डिफॉल्ट रिशोल्यूशन:,2.596
4075,Validity,mr:,Marathi,qwen2.5-coder:7b,वैधता,1.016
4076,Entity Relationship Diagram,mr:,Marathi,qwen2.5-coder:7b,प्रत्यक्ष विस्तार चित्र,2.511
4077,Compound Tool,mr:,Marathi,qwen2.5-coder:7b,मिळालेला टूल,1.802
4078,Discovered,mr:,Marathi,qwen2.5-coder:7b,पाठिल्याचा,1.674
4079,Course Name,mr:,Marathi,qwen2.5-coder:7b,कोर्स नाव,1.372
4080,& Master document:,mr:,Marathi,qwen2.5-coder:7b,& मुख्य दस्तऐवज:,1.889
4081,Online game,mr:,Marathi,qwen2.5-coder:7b,ऑनलाइन खेळ,1.425
4082,Add only,mr:,Marathi,qwen2.5-coder:7b,जागतील शिकार,1.862
4083,Document Relations,mr:,Marathi,qwen2.5-coder:7b,दस्तऐवज संबंधे,1.973
4084,ImagePlugin_Charcoal,mr:,Marathi,qwen2.5-coder:7b,चार्चोला चित्र योग्यकरण,2.613
4085,Talker Configuration,mr:,Marathi,qwen2.5-coder:7b,साठीकरण,1.369
4086,Output Darkness,mr:,Marathi,qwen2.5-coder:7b,आउटपुट दार्द्ध्य,2.004
4087,Fixed Point,mr:,Marathi,qwen2.5-coder:7b,स्थितीय बिंदू,1.885
4088,File logging settings,mr:,Marathi,qwen2.5-coder:7b,फाईल लॉग सेटिंग्स,2.237
4089,Not Running,mr:,Marathi,qwen2.5-coder:7b,नाहीले चलते,1.605
4090,running,mr:,Marathi,qwen2.5-coder:7b,रन्यात आहे,1.37
4091,A count,mr:,Marathi,qwen2.5-coder:7b,या गणना,1.099
4092,Thiophene,mr:,Marathi,qwen2.5-coder:7b,थिओफने,1.07
4093,Phone details,mr:,Marathi,qwen2.5-coder:7b,मोबाइल याचे विवरण,2.08
4094,Rendering...,mr:,Marathi,qwen2.5-coder:7b,प्रतिबिंबनिष्ठ करण्यात आहे...,3.025
4095,Revision (0 for HEAD):,mr:,Marathi,qwen2.5-coder:7b,परिवर्तन (0 आणि HEAD लागू):,3.05
4096,Traditional,mr:,Marathi,qwen2.5-coder:7b,परंपरिक,1.162
4097,Australia/ Victoria,mr:,Marathi,qwen2.5-coder:7b,ऑस्ट्रेलिया/विक्टोरिया,2.619
4098,Auth Class:,mr:,Marathi,qwen2.5-coder:7b,अनुमती कक्ष:,1.694
4099,mailreader,mr:,Marathi,qwen2.5-coder:7b,मिल लेडर,1.249
4100,Action name,mr:,Marathi,qwen2.5-coder:7b,कार्याचे नाव,1.671
4101,Device Manual,mr:,Marathi,qwen2.5-coder:7b,मदतीय विधिविधी,1.859
4102,Activity type:,mr:,Marathi,qwen2.5-coder:7b,क्रिया प्रकार:,1.564
4103,Zambian Kwacha,mr:,Marathi,qwen2.5-coder:7b,जंबियान क्वाचा,1.845
4104,Truevision Targa image,mr:,Marathi,qwen2.5-coder:7b,त्रूविजन टार्गा चित्र,2.603
4105,< Unknown >,mr:,Marathi,qwen2.5-coder:7b,अजानेला,1.209
4106,Message Copy To,mr:,Marathi,qwen2.5-coder:7b,संदेश प्रतिलिपी करण्यासाठी,2.862
4107,Customize...,mr:,Marathi,qwen2.5-coder:7b,सुधारणा...,1.24
4108,Open System,mr:,Marathi,qwen2.5-coder:7b,सистем खोला,1.129
4109,Black:,mr:,Marathi,qwen2.5-coder:7b,काला:,0.88
4110,Music Shape,mr:,Marathi,qwen2.5-coder:7b,म्यूजिक शेप्चा आहे,2.28
4111,Operation mode:,mr:,Marathi,qwen2.5-coder:7b,कार्यात्मक विधि:,2.075
4112,Remove this display?,mr:,Marathi,qwen2.5-coder:7b,या प्रदर्शनाचा अगमन करणे?,2.598
4113,schedule,mr:,Marathi,qwen2.5-coder:7b,समयपासंख्या,1.513
4114,comboBox,mr:,Marathi,qwen2.5-coder:7b,कंबोबॉकस,1.285
4115,between,mr:,Marathi,qwen2.5-coder:7b,मध्ये,0.875
4116,View Options,mr:,Marathi,qwen2.5-coder:7b,विकल्प देखा,1.49
4117,Title,mr:,Marathi,qwen2.5-coder:7b,शीर्षक,0.967
4118,DMA Channel Information,mr:,Marathi,qwen2.5-coder:7b,DMA चौनकीची माहिती,2.105
4119,Show Name,mr:,Marathi,qwen2.5-coder:7b,नावाचे दिखवा,1.61
4120,Idle Detection,mr:,Marathi,qwen2.5-coder:7b,आवासीयता विश्लेषण,2.044
4121,Passive Uploads,mr:,Marathi,qwen2.5-coder:7b,पासिव अपलोड्स,1.839
4122,Center Top,mr:,Marathi,qwen2.5-coder:7b,मध्यापासे शीर्षक,2.063
4123,SlateBlue4,mr:,Marathi,qwen2.5-coder:7b,स्लेटब्लू 4,1.701
4124,Network printer (TCP),mr:,Marathi,qwen2.5-coder:7b,नेटवर्क प्रिंटर (टीसीपी),2.611
4125,Active filters:,mr:,Marathi,qwen2.5-coder:7b,क्रियाशील फिल्टरे:,2.287
4126,Button Size,mr:,Marathi,qwen2.5-coder:7b,बटन आकार,1.278
4127,Sri Lanka Rupee,mr:,Marathi,qwen2.5-coder:7b,सर्विक रूपी,1.757
4128,S/ MIME encryption certificate:,mr:,Marathi,qwen2.5-coder:7b,सीएमआई अनुक्रमानीकरण चालाला:,3.287
4129,Edit Listbox,mr:,Marathi,qwen2.5-coder:7b,सूचीबॉक्स संपादित करा,2.844
4130,Using & kxkb;,mr:,Marathi,qwen2.5-coder:7b,खालील वापरा & kxkb;,2.165
4131,Modified.,mr:,Marathi,qwen2.5-coder:7b,मध्यमित केले.,1.638
4132,Prev Conflict,mr:,Marathi,qwen2.5-coder:7b,पिछला कॉन्फिल्क्ट,2.181
4133,Change Account,mr:,Marathi,qwen2.5-coder:7b,खालील खालील खालील खालील खालील खालील खालील खालील खालील खालील खालील खालील खालील खालील खालील खालील खाली,10.477
4134,Fade Time,mr:,Marathi,qwen2.5-coder:7b,फॅड टाइम,1.317
4135,Diff deletion:,mr:,Marathi,qwen2.5-coder:7b,विविधता अनुकूलन:,2.204
4136,Callback phone number,mr:,Marathi,qwen2.5-coder:7b,कॅलबॅॅक फोन नंबर,2.427
4137,KDE Dot News,mr:,Marathi,qwen2.5-coder:7b,क्यूडी डॉट न्यूज़,2.628
4138,Activate time:,mr:,Marathi,qwen2.5-coder:7b,समय सक्षम करा:,1.606
4139,Not available.,mr:,Marathi,qwen2.5-coder:7b,नाहीत.,1.033
4140,ID found: %1,mr:,Marathi,qwen2.5-coder:7b,आयडी म्हणून खालील आहे: %1,2.888
4141,Personal Details,mr:,Marathi,qwen2.5-coder:7b,व्यक्तिगत माहिती,1.992
4142,Rate change,mr:,Marathi,qwen2.5-coder:7b,दर बदला,1.178
4143,& Update,mr:,Marathi,qwen2.5-coder:7b,& अद्ययात्याचे अद्ययात्याचे अद्ययात्याचे अद्ययात्याचे अद्ययात्याचे अद्ययात्याचे अद्ययात्याचे अद्ययात,10.424
4144,Ctrl; E Hole Edit,mr:,Marathi,qwen2.5-coder:7b,कंट्रोल; ए होले एडिट,2.44
4145,& Calculate,mr:,Marathi,qwen2.5-coder:7b,& कॅल्कुलेट करा,1.873
4146,Game Basics,mr:,Marathi,qwen2.5-coder:7b,खेळाचे मूळ अवधारणा,2.407
4147,Image Properties,mr:,Marathi,qwen2.5-coder:7b,प्रतिमा काही माहिती,2.089
4148,& Delete Account,mr:,Marathi,qwen2.5-coder:7b,&खालील खाता अड्वेस्ट करणे,2.858
4149,New game,mr:,Marathi,qwen2.5-coder:7b,नव्हा खेळ,1.382
4150,England,mr:,Marathi,qwen2.5-coder:7b,इंग्लैंड,1.319
4151,Symbol color:,mr:,Marathi,qwen2.5-coder:7b,सिंहला कार्यालय:,1.927
4152,Compute,mr:,Marathi,qwen2.5-coder:7b,मागण्य करणे,1.39
4153,Not Loaded,mr:,Marathi,qwen2.5-coder:7b,नियमित नाहीं लोड केला गेला,2.796
4154,Fade distance:,mr:,Marathi,qwen2.5-coder:7b,फॅड दूरी:,1.521
4155,accelerationVariance,mr:,Marathi,qwen2.5-coder:7b,वेगाच्या विविधतेचे मान,2.473
4156,Removing extra route: %1 over %2 gw %3,mr:,Marathi,qwen2.5-coder:7b,जाली राड घेणे: %1 वर असा %2 ग्व %3,4.028
4157,Statistics...,mr:,Marathi,qwen2.5-coder:7b,सांख्यिकी...,1.401
4158,& Create Filter,mr:,Marathi,qwen2.5-coder:7b,& फिल्टर बनाणा,1.866
4159,& Operation sign:,mr:,Marathi,qwen2.5-coder:7b,& अनुभवाचे चिन्ह:,2.203
4160,Plot Area...,mr:,Marathi,qwen2.5-coder:7b,प्लॉट क्षेत्र...,1.921
4161,Paper format:,mr:,Marathi,qwen2.5-coder:7b,पत्रकारी फॅमिट:,1.99
4162,Plugin Selection,mr:,Marathi,qwen2.5-coder:7b,प्लगइन चयन,1.472
4163,Tint Level:,mr:,Marathi,qwen2.5-coder:7b,तिंट त्यांदूनचे स्तर:,2.605
4164,Temperature alarm!,mr:,Marathi,qwen2.5-coder:7b,तापाचे अलाम्बर!,2.014
4165,Phosphoric Acid,mr:,Marathi,qwen2.5-coder:7b,फोस्फोरिक असिड,1.847
4166,Stop color.,mr:,Marathi,qwen2.5-coder:7b,रंग रोका.,1.307
4167,Take Shot,mr:,Marathi,qwen2.5-coder:7b,फोटो लागू करणा,1.801
4168,Shear Tool,mr:,Marathi,qwen2.5-coder:7b,शेयर टूल,1.427
4169,& Text Events,mr:,Marathi,qwen2.5-coder:7b,& टेक्स्ट घटना,1.855
4170,X Session Log,mr:,Marathi,qwen2.5-coder:7b,खालील असणारे याद राहिले:,2.835
4171,Started late,mr:,Marathi,qwen2.5-coder:7b,लाट शुरू केले,1.883
4172,Working with & kivio;,mr:,Marathi,qwen2.5-coder:7b,किवियो वापरते &,2.243
4173,Connection established.,mr:,Marathi,qwen2.5-coder:7b,संबंध स्थापित केले.,2.169
4174,MINUTE(time),mr:,Marathi,qwen2.5-coder:7b,मिनिट (समय),1.481
4175,Plotting Area,mr:,Marathi,qwen2.5-coder:7b,प्लॉटिंग क्षेत्र,2.186
4176,Non-empty,mr:,Marathi,qwen2.5-coder:7b,निरंतर अनेक असेल,1.962
4177,Sharp,mr:,Marathi,qwen2.5-coder:7b,कापी,0.805
4178,Clipboard Viewer,mr:,Marathi,qwen2.5-coder:7b,पेशी वेचकर्ता,1.785
4179,Big (wml),mr:,Marathi,qwen2.5-coder:7b,मोठे (wml),1.382
4180,Making directory: %1,mr:,Marathi,qwen2.5-coder:7b,माध्यमनिर्माण करता: %1,2.67
4181,Server Authentication,mr:,Marathi,qwen2.5-coder:7b,सर्वराचे सांत्याचा प्रमाणीकरण,2.925
4182,Equator,mr:,Marathi,qwen2.5-coder:7b,मध्य धारा,1.553
4183,Could not read %1,mr:,Marathi,qwen2.5-coder:7b,%1 ला वापरून निवडले जाले,3.149
4184,image,mr:,Marathi,qwen2.5-coder:7b,चित्र,0.845
4185,next,mr:,Marathi,qwen2.5-coder:7b,परिणामात्मक अवसराचे अगोदर,2.934
4186,X offset:,mr:,Marathi,qwen2.5-coder:7b,X अस्थित्व:,1.651
4187,& Shutdown Kleopatra,mr:,Marathi,qwen2.5-coder:7b,& खालील केला करा Kleopatra,2.158
4188,Backlinks:,mr:,Marathi,qwen2.5-coder:7b,पूर्वांतर्गत लिंक्स:,2.604
4189,Section Authors,mr:,Marathi,qwen2.5-coder:7b,अॅथर्स शेक्शन,2.104
4190,Group identities,mr:,Marathi,qwen2.5-coder:7b,ग्रुप आवश्यकत्या,1.963
4191,Printing Status - %1,mr:,Marathi,qwen2.5-coder:7b,प्रिंटिंग स्थिती - %1,2.184
4192,Launch frequency,mr:,Marathi,qwen2.5-coder:7b,फायल लॉन्च फ्रीक्यूनेसी,2.938
4193,Length measurement,mr:,Marathi,qwen2.5-coder:7b,मानाचे मापणे,1.599
4194,& Neighbor groups:,mr:,Marathi,qwen2.5-coder:7b,& पारिसंपदा गट्टीही:,2.427
4195,Border width:,mr:,Marathi,qwen2.5-coder:7b,तपासाची चौड़ाी:,2.232
4196,vertically,mr:,Marathi,qwen2.5-coder:7b,उत्तराभावी,1.454
4197,Conjugation,mr:,Marathi,qwen2.5-coder:7b,संयोजन,1.241
4198,Player & 2,mr:,Marathi,qwen2.5-coder:7b,प्लेयर & 2,1.363
4199,Virtualization,mr:,Marathi,qwen2.5-coder:7b,वैरिटाशन,1.332
4200,& Placemarks Plugin,mr:,Marathi,qwen2.5-coder:7b,& अस्थानांचे योग्यता योग्यता,3.21
4201,Data source scripts,mr:,Marathi,qwen2.5-coder:7b,स्रोत शैलींच वापरणे,2.342
4202,Refresh time:,mr:,Marathi,qwen2.5-coder:7b,तारिक्षा तालिका:,2.163
4203,KDE Image libraries,mr:,Marathi,qwen2.5-coder:7b,कडे चित्र लाईब्रारींे,2.488
4204,color map declaration,mr:,Marathi,qwen2.5-coder:7b,मार्गदर्शन वर्णन,2.114
4205,Australia/ Melbourne,mr:,Marathi,qwen2.5-coder:7b,ऑस्ट्रेलिया/मेलबुल्ले,2.541
4206,System,mr:,Marathi,qwen2.5-coder:7b,सिस्टम,1.045
4207,ships,mr:,Marathi,qwen2.5-coder:7b,शिप्स,0.9
4208,By position,mr:,Marathi,qwen2.5-coder:7b,पदार्थात आणि विस्तारात,2.572
4209,& 3D Graph,mr:,Marathi,qwen2.5-coder:7b,& 3D ग्राफ,1.429
4210,Using & irkick;,mr:,Marathi,qwen2.5-coder:7b,उपयोग करा & irkick;,1.792
4211,%1 is still alive...,mr:,Marathi,qwen2.5-coder:7b,%1 अभी जीवित आहे...,2.309
4212,Printer Corrected,mr:,Marathi,qwen2.5-coder:7b,प्रिंटर सुधारणा केली गेली,2.735
4213,Dark Gray,mr:,Marathi,qwen2.5-coder:7b,"मध्येर ग्रे यांचे उदाहरण: ""मध्येर ग्रे",3.955
4214,Traffic Notifications,mr:,Marathi,qwen2.5-coder:7b,त्राफिक नोटिफिकेशने,2.284
4215,Dissolve,mr:,Marathi,qwen2.5-coder:7b,विस्थापित करणे,1.795
4216,Device Manager,mr:,Marathi,qwen2.5-coder:7b,मदतकारी मॅनेजर,1.852
4217,Line,mr:,Marathi,qwen2.5-coder:7b,रेषी,0.784
4218,IO-Ports,mr:,Marathi,qwen2.5-coder:7b,आयोजन-पोर्ट्स,1.698
4219,Connection Time:,mr:,Marathi,qwen2.5-coder:7b,संबंधाचे समय:,1.649
4220,& Justify,mr:,Marathi,qwen2.5-coder:7b,& जास्त्यात करणा,2.034
4221,(Black %1),mr:,Marathi,qwen2.5-coder:7b,(काले %1),1.397
4222,"Ì (#204;) Capital I, grave accent",mr:,Marathi,qwen2.5-coder:7b,आयताचा उच्चारण (204) आणि ग्राव अंकडी,3.928
4223,Vertical BGR,mr:,Marathi,qwen2.5-coder:7b,वॉर्टिकल बग्री,1.796
4224,PNG compression:,mr:,Marathi,qwen2.5-coder:7b,PNG घोषकारण:,1.438
4225,Printer Default,mr:,Marathi,qwen2.5-coder:7b,प्रिंटर डिफॉल्ट,1.878
4226,Player3,mr:,Marathi,qwen2.5-coder:7b,प्लेयर3,1.138
4227,Printout Quality,mr:,Marathi,qwen2.5-coder:7b,प्रिंट गुणवत्ता,1.911
4228,Draft,mr:,Marathi,qwen2.5-coder:7b,पर्याय,1.048
4229,Presence,mr:,Marathi,qwen2.5-coder:7b,प्रसिद्धी,1.225
4230,Frozen,mr:,Marathi,qwen2.5-coder:7b,मज़ेक,1.19
4231,Data mode:,mr:,Marathi,qwen2.5-coder:7b,डेटा मोड:,1.183
4232,Samples,mr:,Marathi,qwen2.5-coder:7b,मानांसाठी,1.252
4233,Examples,mr:,Marathi,qwen2.5-coder:7b,उदाहरणे,1.092
4234,active task,mr:,Marathi,qwen2.5-coder:7b,क्रियाशील कार्य,1.691
4235,Talker Chooser,mr:,Marathi,qwen2.5-coder:7b,चालक चुनावकर्ता,2.028
4236,Remove Webseed,mr:,Marathi,qwen2.5-coder:7b,वेबसीड ठेवा,1.815
4237,Encryption Tool,mr:,Marathi,qwen2.5-coder:7b,क्रिप्टोग्राफी टूल,2.366
4238,Permissions:,mr:,Marathi,qwen2.5-coder:7b,अनुमतीहरू:,1.587
4239,Capability list,mr:,Marathi,qwen2.5-coder:7b,सक्षमता सूची,1.675
4240,Synchronization 1,mr:,Marathi,qwen2.5-coder:7b,संश्लेषण 1,1.479
4241,Bump size:,mr:,Marathi,qwen2.5-coder:7b,बम्प आकार:,1.548
4242,Decrypting: %1...,mr:,Marathi,qwen2.5-coder:7b,डिस्याप्रिक्टिंग: %1...,2.601
4243,errorsCalculation,mr:,Marathi,qwen2.5-coder:7b,गणना त्रुटी,1.644
4244,LEAP Password,mr:,Marathi,qwen2.5-coder:7b,लीप पासवर्ड,1.416
4245,Reshape Histogram,mr:,Marathi,qwen2.5-coder:7b,हिस्टोग्राम रिश्तारण करणा,2.699
4246,Polygon,mr:,Marathi,qwen2.5-coder:7b,पॅनोल गुन्याचे नाव आहे.,2.846
4247,IRC channels:,mr:,Marathi,qwen2.5-coder:7b,आरसीसी चौंसी:,1.853
4248,Power management applet,mr:,Marathi,qwen2.5-coder:7b,पावर मॅनेजमेंट अप्लिटेट,2.842
4249,Playlist Files on Disk,mr:,Marathi,qwen2.5-coder:7b,डिस्कवरील प्लेलीस्ट फाइले,3.0
4250,Maximize Button,mr:,Marathi,qwen2.5-coder:7b,माहिती बढवा,1.872
4251,Faeroese (Faero Islands),mr:,Marathi,qwen2.5-coder:7b,फेरोजी (फेरो आणि),2.267
4252,Perspective Transformation,mr:,Marathi,qwen2.5-coder:7b,प्रतिबिम्बनुसार अपवाद,2.517
4253,Scroll Bar,mr:,Marathi,qwen2.5-coder:7b,स्क्रॉल बार,1.596
4254,general,mr:,Marathi,qwen2.5-coder:7b,सामान्य,1.137
4255,First Slide,mr:,Marathi,qwen2.5-coder:7b,पहिला स्लाइड,1.546
4256,Sun shading:,mr:,Marathi,qwen2.5-coder:7b,शाखावर शक्ती:,1.758
4257,Search in subdirectories,mr:,Marathi,qwen2.5-coder:7b,उपलब्धींना शोधा,2.227
4258,Default Transport,mr:,Marathi,qwen2.5-coder:7b,डिफॉल्ट ट्रांसपोर्ट,2.262
4259,Information:,mr:,Marathi,qwen2.5-coder:7b,प्रकार:,1.058
4260,Tools Toolbar,mr:,Marathi,qwen2.5-coder:7b,तूल्यांचा पट्टी,1.905
4261,Open with %1,mr:,Marathi,qwen2.5-coder:7b,खोला %1,1.131
4262,Moving average,mr:,Marathi,qwen2.5-coder:7b,मोडकला वापरणे,1.71
4263,Reference pattern,mr:,Marathi,qwen2.5-coder:7b,परियोजना पॅटर्न,1.928
4264,Size of project:,mr:,Marathi,qwen2.5-coder:7b,परिमाण या परियोजनेचे:,2.626
4265,of Esfand,mr:,Marathi,qwen2.5-coder:7b,of एसफंड,1.465
4266,Case Sensitive:,mr:,Marathi,qwen2.5-coder:7b,सर्वात अनुकूल:,2.126
4267,Year,mr:,Marathi,qwen2.5-coder:7b,वर्ष,0.789
4268,Trash folder:,mr:,Marathi,qwen2.5-coder:7b,पाठ्यक्रम विभाग:,1.948
4269,LaTeX Environments,mr:,Marathi,qwen2.5-coder:7b,लेटेक्स वास्तवांत्यां,2.865
4270,time,mr:,Marathi,qwen2.5-coder:7b,समय,0.745
4271,Source language,mr:,Marathi,qwen2.5-coder:7b,स्रोत भाषा,1.327
4272,Plasma Wallpaper Viewer,mr:,Marathi,qwen2.5-coder:7b,प्लाजमा वापरपेच्या दृश्याचा देखवा,3.75
4273,Aborting...,mr:,Marathi,qwen2.5-coder:7b,प्रतिरोध झाला...,1.811
4274,Bump size,mr:,Marathi,qwen2.5-coder:7b,बम्प आकार,1.637
4275,& Color Adjustment curves...,mr:,Marathi,qwen2.5-coder:7b,& रंग संशोधन गुरुत्वांकरी...,2.897
4276,Head Separation,mr:,Marathi,qwen2.5-coder:7b,शाखा विभाजन,1.639
4277,Files Tree,mr:,Marathi,qwen2.5-coder:7b,फाइल्स तारीका,1.751
4278,"NE Brazil (MA, PI, CE, RN, PB)",mr:,Marathi,qwen2.5-coder:7b,"नेहारियाचे ब्राजिल (मा, पी, सी, रन, पीबी)",4.231
4279,Market interest rate,mr:,Marathi,qwen2.5-coder:7b,मार्केट दर,1.459
4280,CPU Information,mr:,Marathi,qwen2.5-coder:7b,इंफोर्मेशन ऑफ युआएसपी,2.601
4281,Destination Image,mr:,Marathi,qwen2.5-coder:7b,उद्देशीचे चित्र,2.076
4282,Online comic strips,mr:,Marathi,qwen2.5-coder:7b,ऑनलाइन कॉमिक शृंखला,2.405
4283,This month:,mr:,Marathi,qwen2.5-coder:7b,या महिन्याचे:,1.598
4284,¶ (#182;) Paragraph sign,mr:,Marathi,qwen2.5-coder:7b,परंतु (१८२) परंतु चिन्ह,2.912
4285,Teaching Tools,mr:,Marathi,qwen2.5-coder:7b,त्याचे उपयोग योजना,2.316
4286,Single sided,mr:,Marathi,qwen2.5-coder:7b,एकदा देखील,1.456
4287,Height (%),mr:,Marathi,qwen2.5-coder:7b,उंचीता (%),1.148
4288,Center Bottom,mr:,Marathi,qwen2.5-coder:7b,मध्य शीर्षक,1.591
4289,miles,mr:,Marathi,qwen2.5-coder:7b,मिल्स,0.931
4290,Class operation:,mr:,Marathi,qwen2.5-coder:7b,कक्षाचे कार्य:,1.697
4291,Moroccan Dirham,mr:,Marathi,qwen2.5-coder:7b,मोरक्कोने दिरहम,2.047
4292,Justify Center,mr:,Marathi,qwen2.5-coder:7b,सेंटर जास्तवा करणा,2.148
4293,Variable group,mr:,Marathi,qwen2.5-coder:7b,परिवार समूह,1.563
4294,Music:,mr:,Marathi,qwen2.5-coder:7b,म्हूळ्यात:,1.565
4295,Blue Filter,mr:,Marathi,qwen2.5-coder:7b,बूँद फिल्टर,1.669
4296,Selection Text,mr:,Marathi,qwen2.5-coder:7b,परिणामात्मक पाठ्याचे विस्तार,3.088
4297,Your emails,mr:,Marathi,qwen2.5-coder:7b,आपचे ईमेले,1.484
4298,Standard Folder,mr:,Marathi,qwen2.5-coder:7b,सामान्य फोल्डर,1.869
4299,& Player List,mr:,Marathi,qwen2.5-coder:7b,& खेळाडी सूची,1.802
4300,Unknown client,mr:,Marathi,qwen2.5-coder:7b,अज्ञानी कायदा,1.714
4301,Current Time,mr:,Marathi,qwen2.5-coder:7b,सध्याचा समय,1.46
4302,View Histogram,mr:,Marathi,qwen2.5-coder:7b,हिस्टोग्राम देखा,2.175
4303,HTTP Request,mr:,Marathi,qwen2.5-coder:7b,आपले HTTP अनुरोध,1.663
4304,Network communication error,mr:,Marathi,qwen2.5-coder:7b,नेटवर्क संचालन त्रुटी,2.367
4305,"February 1st, 2005 K Desktop Environment",mr:,Marathi,qwen2.5-coder:7b,"2005 मार्च 1, K डेस्कटॉप वायरस",3.831
4306,Gimmicks,mr:,Marathi,qwen2.5-coder:7b,गिम्क्स,1.196
4307,Opponent,mr:,Marathi,qwen2.5-coder:7b,प्रतिविरुद्धी,1.668
4308,Data Source Properties,mr:,Marathi,qwen2.5-coder:7b,प्रमाणात्मक स्रोताचे प्रॉप्शन्स,3.226
4309,Picture Tool,mr:,Marathi,qwen2.5-coder:7b,पिच टूल,1.263
4310,(current),mr:,Marathi,qwen2.5-coder:7b,(सध्या),1.135
4311,Profile:,mr:,Marathi,qwen2.5-coder:7b,प्रोफाइल:,1.247
4312,W Pointing West,mr:,Marathi,qwen2.5-coder:7b,व दक्षिणात दिलेले,2.262
4313,Deactivated,mr:,Marathi,qwen2.5-coder:7b,निष्क्रिय करण्याचे,2.299
4314,Remove Record,mr:,Marathi,qwen2.5-coder:7b,मान्यता हटणा,1.586
4315,Maximum distance:,mr:,Marathi,qwen2.5-coder:7b,मानताची दूरी:,1.974
4316,RosyBrown1,mr:,Marathi,qwen2.5-coder:7b,रोसीब्रॉन1,1.534
4317,Ejected,mr:,Marathi,qwen2.5-coder:7b,उडळण्याचा,1.456
4318,Album Library,mr:,Marathi,qwen2.5-coder:7b,एल्बम लाईब्री,1.583
4319,KAlarm version,mr:,Marathi,qwen2.5-coder:7b,कलार्म वर्षणा,1.696
4320,Not ready,mr:,Marathi,qwen2.5-coder:7b,नाहीत आयोजित आहे,2.017
4321,Job Billing:,mr:,Marathi,qwen2.5-coder:7b,जोब बिलिंग:,1.705
4322,Moldova,mr:,Marathi,qwen2.5-coder:7b,मोल्डोवा,1.297
4323,You have to choose a directory.,mr:,Marathi,qwen2.5-coder:7b,आपने एक दस्तऐवज चुनाव करणा पडते.,3.651
4324,Printing Manager,mr:,Marathi,qwen2.5-coder:7b,प्रिंटिंग मॅनेजर,2.031
4325,Library Paths,mr:,Marathi,qwen2.5-coder:7b,पुस्तकालयाचे पथे,2.094
4326,direction,mr:,Marathi,qwen2.5-coder:7b,दिशा,0.826
4327,K3b External Audio Encoder,mr:,Marathi,qwen2.5-coder:7b,कृपया अंतर्गत अवशेष अनुवाद करा.,3.697
4328,velocity variance,mr:,Marathi,qwen2.5-coder:7b,वेलिटी वारिवारी,2.025
4329,& Invite...,mr:,Marathi,qwen2.5-coder:7b,&प्रस्तुत करण्यात...,2.076
4330,Keybinding Reference,mr:,Marathi,qwen2.5-coder:7b,कुंजी बंधन संदर्भ,2.05
4331,& Merge,mr:,Marathi,qwen2.5-coder:7b,& जोड्या,1.209
4332,1200 Quality,mr:,Marathi,qwen2.5-coder:7b,1200 गुणवत्ता,1.836
4333,Release:,mr:,Marathi,qwen2.5-coder:7b,प्रकाशित करणे:,1.567
4334,Fuji digital camera RAW file format,mr:,Marathi,qwen2.5-coder:7b,फुजी डिजिटल कॅमरा RAW फाइल फॉर्मॅट,3.759
4335,filename,mr:,Marathi,qwen2.5-coder:7b,फाइलनाव,1.127
4336,screen capture,mr:,Marathi,qwen2.5-coder:7b,स्क्रीन कॅप्चर,1.837
4337,Incidence details,mr:,Marathi,qwen2.5-coder:7b,आवश्यकता विवरण,1.826
4338,Synchronization prefix:,mr:,Marathi,qwen2.5-coder:7b,संश्लेषण प्रसिद्धान्त:,2.349
4339,Motorway,mr:,Marathi,qwen2.5-coder:7b,मोटरवे,1.034
4340,Critical path,mr:,Marathi,qwen2.5-coder:7b,कार्यालयाचे महत्त्वाचे पथ,2.776
4341,Z Matrix Editor...,mr:,Marathi,qwen2.5-coder:7b,मॅट्रिक्स एडिटर...,2.092
4342,game,mr:,Marathi,qwen2.5-coder:7b,खेल,0.712
4343,catch expected,mr:,Marathi,qwen2.5-coder:7b,प्रतिश्पासित घोषणा पकडणे,2.744
4344,Authentication selection,mr:,Marathi,qwen2.5-coder:7b,प्रमाणांकन चयन,1.769
4345,Dithering Algorithm,mr:,Marathi,qwen2.5-coder:7b,डिथरिंग अल्गोरिथम,2.449
4346,Control points,mr:,Marathi,qwen2.5-coder:7b,कंट्रोल बिंदूं,1.859
4347,Sundanese,mr:,Marathi,qwen2.5-coder:7b,संडनेशी,1.253
4348,Equal,mr:,Marathi,qwen2.5-coder:7b,समान,0.797
4349,Plugged In,mr:,Marathi,qwen2.5-coder:7b,प्रत्याशित किल्ला,1.891
4350,Icon View,mr:,Marathi,qwen2.5-coder:7b,आयोजन दृश्य,1.634
4351,Default transition:,mr:,Marathi,qwen2.5-coder:7b,डिफॉल्ट ट्रांशियन:,2.362
4352,Difficulty,mr:,Marathi,qwen2.5-coder:7b,त्रुटी,0.908
4353,Transit time: %1,mr:,Marathi,qwen2.5-coder:7b,प्रवास समय: %1,1.663
4354,Video bit rate (kbit):,mr:,Marathi,qwen2.5-coder:7b,वीडियो बिट रेट (क्बिट):,2.692
4355,added,mr:,Marathi,qwen2.5-coder:7b,जोडले,1.132
4356,Search for '%1 'with %2,mr:,Marathi,qwen2.5-coder:7b,खोजा '%1' जे %2 होते,2.478
4357,(1) User Commands,mr:,Marathi,qwen2.5-coder:7b,(1) योजना काही माहिती दिलेली आहे.,3.644
4358,Arrow Keys,mr:,Marathi,qwen2.5-coder:7b,आर्थ चिन्हे,1.646
4359,Add Printer Wizard,mr:,Marathi,qwen2.5-coder:7b,प्रिंटर जागा,1.63
4360,Vocabulary & list,mr:,Marathi,qwen2.5-coder:7b,वाक्यांश आणि सूची,2.137
4361,compiling,mr:,Marathi,qwen2.5-coder:7b,कॉम्पाइलिंग,1.657
4362,Super User Mode,mr:,Marathi,qwen2.5-coder:7b,प्रमुख उपयोगकर्ता अवधारणा,3.001
4363,slope map declaration,mr:,Marathi,qwen2.5-coder:7b,वृद्धि खात्री घोषणा,2.362
4364,Vector-based Drawing Program,mr:,Marathi,qwen2.5-coder:7b,वेक्टर आधारित चित्रनकारी,2.852
4365,PrevWord,mr:,Marathi,qwen2.5-coder:7b,पिछला शब्द,1.493
4366,Now Playing,mr:,Marathi,qwen2.5-coder:7b,आणि आणि आणि आणि आणि आणि आणि आणि आणि आणि आणि आणि आणि आणि आणि आणि आणि आणि आणि आणि आणि आणि आणि आणि आणि,10.448
4367,Make backups,mr:,Marathi,qwen2.5-coder:7b,बॅकअप बनाणा,1.68
4368,System Users,mr:,Marathi,qwen2.5-coder:7b,प्रणाली युजर्स,1.707
4369,XML Paper Specification Info,mr:,Marathi,qwen2.5-coder:7b,XML पेपर सпеक्शन जाहीरात,2.561
4370,KWSDL Compiler,mr:,Marathi,qwen2.5-coder:7b,क्वएसडीएल कंपाइलर,2.109
4371,Rename budget,mr:,Marathi,qwen2.5-coder:7b,बजुड्याचे नाव बदला,2.261
4372,ssh is missing,mr:,Marathi,qwen2.5-coder:7b,ssh असून आले,1.83
4373,gravitationConstVariance,mr:,Marathi,qwen2.5-coder:7b,ग्रविटेशन अस्तित्व विविधता,2.972
4374,WhiteSmoke,mr:,Marathi,qwen2.5-coder:7b,वाट्समोक्स,1.43
4375,Info Center,mr:,Marathi,qwen2.5-coder:7b,इंफो सेंटर,1.366
4376,Gravity points,mr:,Marathi,qwen2.5-coder:7b,गुरुत्व बिंदूं,1.979
4377,Word Wrap,mr:,Marathi,qwen2.5-coder:7b,वर्णांचा वापरणा,1.868
4378,Teletext Plugin,mr:,Marathi,qwen2.5-coder:7b,तेलीटेक्स योजना,2.041
4379,Job Control,mr:,Marathi,qwen2.5-coder:7b,काम नियंत्रण,1.575
4380,Swap Space,mr:,Marathi,qwen2.5-coder:7b,स्वॅप स्पेस,1.638
4381,Anniversary,mr:,Marathi,qwen2.5-coder:7b,आयातीयता,1.261
4382,History,mr:,Marathi,qwen2.5-coder:7b,इतिहास,1.001
4383,Soft,mr:,Marathi,qwen2.5-coder:7b,सॉफ्ट,0.988
4384,Denmark,mr:,Marathi,qwen2.5-coder:7b,डेनमार्क,1.186
4385,Move Items,mr:,Marathi,qwen2.5-coder:7b,आयामांना आकडा लागवणा,2.344
4386,GDB Support,mr:,Marathi,qwen2.5-coder:7b,सुपोर्ट गडबीडी,1.899
4387,Events,mr:,Marathi,qwen2.5-coder:7b,आयातीय घटनाें,1.659
4388,Enumerations,mr:,Marathi,qwen2.5-coder:7b,अस्तित्वाचे वर्गीकरण,2.426
4389,Bulgarian,mr:,Marathi,qwen2.5-coder:7b,बुल्गारीय,1.414
4390,Completed,mr:,Marathi,qwen2.5-coder:7b,पूर्ण झाला,1.518
4391,In progress...,mr:,Marathi,qwen2.5-coder:7b,प्रक्रिया चल रही हो...,2.28
4392,Previews,mr:,Marathi,qwen2.5-coder:7b,प्रभावीण्यांसाठी,2.016
4393,Without:,mr:,Marathi,qwen2.5-coder:7b,निर्वाही:,1.429
4394,Position pattern,mr:,Marathi,qwen2.5-coder:7b,पद्धतीचा विस्तार,1.976
4395,Example Sentences,mr:,Marathi,qwen2.5-coder:7b,उदाहरणांचे महत्त्वाचे वाक्ये,3.046
4396,Translation Tool,mr:,Marathi,qwen2.5-coder:7b,तर्यात योजना,1.587
4397,Bad signature.,mr:,Marathi,qwen2.5-coder:7b,विशेष नावाचे असणारे असला.,2.907
4398,Soundcard,mr:,Marathi,qwen2.5-coder:7b,संदेशकारण,1.35
4399,List of channels:,mr:,Marathi,qwen2.5-coder:7b,चौंसाठीचा यादी:,2.079
4400,ImagePlugin_Perspective,mr:,Marathi,qwen2.5-coder:7b,प्रसिद्धी चित्रप्रमाण,2.26
4401,Edit Metadata,mr:,Marathi,qwen2.5-coder:7b,माध्यमिक तपशील संपादन करा,2.847
4402,Resource Settings,mr:,Marathi,qwen2.5-coder:7b,संसाधन सेटिंग्स,1.861
4403,Incoming,mr:,Marathi,qwen2.5-coder:7b,प्रवेशीय,1.118
4404,Unknown subtype,mr:,Marathi,qwen2.5-coder:7b,अज्ञानी उपक्रमात्मक विवरण,2.884
4405,Includes,mr:,Marathi,qwen2.5-coder:7b,माहिती शामिल आहे,2.011
4406,Ctrl; Shift; Z Redo,mr:,Marathi,qwen2.5-coder:7b,कंट्रोल; शिफ्ट; जी रिडो,2.892
4407,Prefix:,mr:,Marathi,qwen2.5-coder:7b,प्रिफिक्स:,1.278
4408,Sessions,mr:,Marathi,qwen2.5-coder:7b,सत्यागारे,1.255
4409,Black Levels,mr:,Marathi,qwen2.5-coder:7b,काले स्तरे,1.338
4410,"Error: Could not find script ""%1"".",mr:,Marathi,qwen2.5-coder:7b,"त्रुटी: वास्तविक शैली ""%1"" म्हणून खालील नाही.",4.939
4411,United States Dollar (Same Day),mr:,Marathi,qwen2.5-coder:7b,यूनाइटेड स्टेट्स डॉलर (सामान्य दिवस),4.04
4412,Custom:,mr:,Marathi,qwen2.5-coder:7b,स्वचाता:,1.265
4413,Minimum Size,mr:,Marathi,qwen2.5-coder:7b,नारायणीय आकार,1.762
4414,Altitude vs. Time Tool,mr:,Marathi,qwen2.5-coder:7b,उंचीता व. समय टूल,2.326
4415,Engineering Functions,mr:,Marathi,qwen2.5-coder:7b,इंजीनियरिक फंक्शन्स,2.391
4416,Moving,mr:,Marathi,qwen2.5-coder:7b,मोडणे,0.902
4417,Key Group,mr:,Marathi,qwen2.5-coder:7b,कुंजी समूह,1.38
4418,S Orientation South,mr:,Marathi,qwen2.5-coder:7b,स उत्तर दक्षिण,2.112
4419,few,mr:,Marathi,qwen2.5-coder:7b,काही माझे असलेले शब्द आहे.,2.901
4420,Dialog & position:,mr:,Marathi,qwen2.5-coder:7b,डिलॅग आणि स्थान:,2.106
4421,Fifteen Puzzle,mr:,Marathi,qwen2.5-coder:7b,पाचे पासारी,1.464
4422,Crunchiness,mr:,Marathi,qwen2.5-coder:7b,चांदीता,1.212
4423,Default time for reminders,mr:,Marathi,qwen2.5-coder:7b,मान्यता दिलेल्या अदत्ता,2.701
4424,Configuration Error,mr:,Marathi,qwen2.5-coder:7b,माहिती असलेले त्रुटी,2.515
4425,Association Error,mr:,Marathi,qwen2.5-coder:7b,संस्था त्रुटी,1.681
4426,Getting the token,mr:,Marathi,qwen2.5-coder:7b,टोकन जाणणे,1.684
4427,Whale speed,mr:,Marathi,qwen2.5-coder:7b,वाल्याचे गती,1.672
4428,Initial Caps,mr:,Marathi,qwen2.5-coder:7b,आरक्षित अंतर्गत अक्षरे,2.532
4429,Travel,mr:,Marathi,qwen2.5-coder:7b,यात्रा,0.908
4430,Best,mr:,Marathi,qwen2.5-coder:7b,शक्तिशाली,1.312
4431,Signature,mr:,Marathi,qwen2.5-coder:7b,सांस्कृतिक अंकड़ा,2.314
4432,Copy Mode,mr:,Marathi,qwen2.5-coder:7b,कॉपी मोड,1.292
4433,%1 (current),mr:,Marathi,qwen2.5-coder:7b,%1 (सध्या),1.435
4434,The Rose,mr:,Marathi,qwen2.5-coder:7b,रोजी,0.919
4435,Open with & Mozilla,mr:,Marathi,qwen2.5-coder:7b,मोजिला वाढवा,1.851
4436,No Label,mr:,Marathi,qwen2.5-coder:7b,नाव नाहीत,1.293
4437,Percent Bar Chart,mr:,Marathi,qwen2.5-coder:7b,प्रतिशत बार चार्ट,2.047
4438,Previous,mr:,Marathi,qwen2.5-coder:7b,पिछला,0.931
4439,Assembly Code,mr:,Marathi,qwen2.5-coder:7b,संगणक कोड,1.249
4440,(always),mr:,Marathi,qwen2.5-coder:7b,(प्रत्येकप्रयासात),2.075
4441,Password file:,mr:,Marathi,qwen2.5-coder:7b,पासवर्ड फाइल:,1.861
4442,Binding Edge:,mr:,Marathi,qwen2.5-coder:7b,संबंधित किनारा:,1.979
4443,Select Filters,mr:,Marathi,qwen2.5-coder:7b,फिल्टर चुना,1.511
4444,Face editor,mr:,Marathi,qwen2.5-coder:7b,फेस एडिटर,1.326
4445,How to Obtain & kgoldrunner;,mr:,Marathi,qwen2.5-coder:7b,कैसे अपलाई खालील लागू करून & kgoldrunner; अनुकूल करा: %s,5.616
4446,Contains Test,mr:,Marathi,qwen2.5-coder:7b,माहिती अनुमानी आहे,2.292
4447,Response,mr:,Marathi,qwen2.5-coder:7b,प्रतिक्रिया,1.342
4448,Connection specific:: Cisco,mr:,Marathi,qwen2.5-coder:7b,संबंध विशिष्ट:: कासिओस,2.623
4449,Povray User Documentation,mr:,Marathi,qwen2.5-coder:7b,पोव्रे योजना योग्यता साठी,2.897
4450,random (rnd),mr:,Marathi,qwen2.5-coder:7b,रूनदान (rnd),1.521
4451,DTD - > DTEP Conversion,mr:,Marathi,qwen2.5-coder:7b,DTD -> DTEP परिवर्तन,1.944
4452,Closed,mr:,Marathi,qwen2.5-coder:7b,बंद झाला,1.24
4453,Above,mr:,Marathi,qwen2.5-coder:7b,उपरी,0.823
4454,Yellow Level,mr:,Marathi,qwen2.5-coder:7b,पीला स्तर,1.233
4455,CMYK Inks,mr:,Marathi,qwen2.5-coder:7b,क्याम्यूक्यूएक्स इंक्स,2.89
4456,undefined,mr:,Marathi,qwen2.5-coder:7b,अनिश्चित,1.23
4457,Root Directory,mr:,Marathi,qwen2.5-coder:7b,मूळ दिशा,1.451
4458,New name #,mr:,Marathi,qwen2.5-coder:7b,नव्हा नाव #,1.529
4459,Uncompressed,mr:,Marathi,qwen2.5-coder:7b,अनपोक्षणीय,1.473
4460,Size Canvas,mr:,Marathi,qwen2.5-coder:7b,आकार चापणे,1.399
4461,Bulgarian lev,mr:,Marathi,qwen2.5-coder:7b,बुल्गार लेव,1.592
4462,& Preview,mr:,Marathi,qwen2.5-coder:7b,&पूर्वानुभव,1.656
4463,Certificate & file:,mr:,Marathi,qwen2.5-coder:7b,प्रमाणपत्र आणि फाइल:,2.334
4464,Game Keys,mr:,Marathi,qwen2.5-coder:7b,खेळाचे कुंजीं,1.61
4465,Appellation,mr:,Marathi,qwen2.5-coder:7b,प्रतिनिधि,1.202
4466,Bookmark serializer,mr:,Marathi,qwen2.5-coder:7b,मार्कबॉक्स श्रृंखलकार,2.711
4467,Austria,mr:,Marathi,qwen2.5-coder:7b,ऑस्ट्रिया,1.214
4468,Appendix,mr:,Marathi,qwen2.5-coder:7b,पिच्चा,1.082
4469,& Company:,mr:,Marathi,qwen2.5-coder:7b,& कंपनी:,1.108
4470,Marquee image,mr:,Marathi,qwen2.5-coder:7b,मार्किंग चित्र,1.718
4471,& Remove Host,mr:,Marathi,qwen2.5-coder:7b,& होस्ट अड्वेटीस्ट करणा,2.545
4472,& kexi; Copyright 2002-2006 The & kexi; Team,mr:,Marathi,qwen2.5-coder:7b,& kexi; कार्यालयाचे कृतियां 2002-2006 मध्ये योजनित केली गेली.,6.856
4473,Destination:,mr:,Marathi,qwen2.5-coder:7b,देवाचे नाव:,1.669
4474,Authorization manager,mr:,Marathi,qwen2.5-coder:7b,अनुमती प्रबंधक,1.698
4475,Option 4:,mr:,Marathi,qwen2.5-coder:7b,पर्याय 4:,1.401
4476,Color Model,mr:,Marathi,qwen2.5-coder:7b,मोडल रंग,1.212
4477,Next week,mr:,Marathi,qwen2.5-coder:7b,पर्यंत वाढवण्याचा वर्षा,2.678
4478,Paint with curves,mr:,Marathi,qwen2.5-coder:7b,काळीपणे चाला,1.91
4479,Title & alignment,mr:,Marathi,qwen2.5-coder:7b,शीर्षक आणि संरचना,2.122
4480,& to,mr:,Marathi,qwen2.5-coder:7b,& ते,0.852
4481,Task type,mr:,Marathi,qwen2.5-coder:7b,कार्यात्मक प्रकार,1.937
4482,Copy of %1,mr:,Marathi,qwen2.5-coder:7b,कॉपी ऑफ %1,1.634
4483,24th Last,mr:,Marathi,qwen2.5-coder:7b,24व्या पिछ्ल्या,1.836
4484,Stay Offline,mr:,Marathi,qwen2.5-coder:7b,साठी अनलाइन रहा,2.188
4485,Exposure Program,mr:,Marathi,qwen2.5-coder:7b,प्रतिबन्ध प्रोग्राम,2.013
4486,Object classes,mr:,Marathi,qwen2.5-coder:7b,परिणामात्मक वर्गांना,2.488
4487,Solid User Interface Server,mr:,Marathi,qwen2.5-coder:7b,सत्याचे वापरकर्ता सर्वर,2.612
4488,CPU Frequency: %1,mr:,Marathi,qwen2.5-coder:7b,कॅप्यूटरचे फ्रीक्यूनेसी: %1,3.234
4489,ImagePlugin_NoiseReduction,mr:,Marathi,qwen2.5-coder:7b,प्रतिबिम्बप्रणाली_नावाशीलांना_हटाणे,4.174
4490,Print warning,mr:,Marathi,qwen2.5-coder:7b,प्रिंट वारनंग,1.669
4491,Fading,mr:,Marathi,qwen2.5-coder:7b,फॅडिंग,1.193
4492,Server response:,mr:,Marathi,qwen2.5-coder:7b,सर्वर उत्तर:,1.696
4493,Preprocessed body:,mr:,Marathi,qwen2.5-coder:7b,प्रसंस्कृत शरीर:,2.029
4494,of Shahrivar,mr:,Marathi,qwen2.5-coder:7b,शहरीवरातील,1.548
4495,Replace backwards.,mr:,Marathi,qwen2.5-coder:7b,पूर्वात रिकडून बदला.,2.811
4496,Duplicate current Layer,mr:,Marathi,qwen2.5-coder:7b,वर्तमान तेर्याचे दुवळणा करणा,3.325
4497,Series,mr:,Marathi,qwen2.5-coder:7b,श्रृंखला,1.182
4498,Browse List,mr:,Marathi,qwen2.5-coder:7b,सूची वापरा,1.714
4499,acceleration,mr:,Marathi,qwen2.5-coder:7b,त्याची वेगीयता,1.876
4500,Per transfer:,mr:,Marathi,qwen2.5-coder:7b,प्रत्येक अनुपालनासाठी:,2.445
4501,Delete Scripts,mr:,Marathi,qwen2.5-coder:7b,स्क्रिप्ट्स अड्वारे काढून घेणा,3.37
4502,Poster size:,mr:,Marathi,qwen2.5-coder:7b,पोस्टर आकार:,1.697
4503,moderated,mr:,Marathi,qwen2.5-coder:7b,मध्यसंस्थित,1.54
4504,Microblog Serializer,mr:,Marathi,qwen2.5-coder:7b,मार्गदर्शन श्रृंखला,2.351
4505,Icy Tree,mr:,Marathi,qwen2.5-coder:7b,आणखी वाला पेडी,1.839
4506,& Player,mr:,Marathi,qwen2.5-coder:7b,& खालील खालील खालील खालील खालील खालील खालील खालील खालील खालील खालील खालील खालील खालील खालील खालील ख,10.423
4507,complete medium,mr:,Marathi,qwen2.5-coder:7b,मध्यम पूर्ण करण्यात,2.33
4508,Software sources,mr:,Marathi,qwen2.5-coder:7b,सॉफ्टवेअर स्रोते,1.978
4509,Always,mr:,Marathi,qwen2.5-coder:7b,प्रत्येक गणना आणि अनुवाद अपल्या अनुदानाच्या विधिंमध्ये असलेल्या असलेल्या असलेल्या असलेल्या असलेल्या अ,10.133
4510,Auto Detection,mr:,Marathi,qwen2.5-coder:7b,स्वतंत्र विश्लेषण,2.096
4511,Departmental,mr:,Marathi,qwen2.5-coder:7b,विभागाची,1.48
4512,No Artist,mr:,Marathi,qwen2.5-coder:7b,कोणते शेतकारी,1.961
4513,Added %1,mr:,Marathi,qwen2.5-coder:7b,जोडले %1,1.404
4514,List,mr:,Marathi,qwen2.5-coder:7b,सूची,0.93
4515,redirection,mr:,Marathi,qwen2.5-coder:7b,पुनरावर्तन,1.483
4516,Ease of Preparation,mr:,Marathi,qwen2.5-coder:7b,प्रतियोगिता सुंदरी आहे,2.493
4517,Security Settings,mr:,Marathi,qwen2.5-coder:7b,सुरक्षा सेटिंग्स,1.941
4518,& Line termination:,mr:,Marathi,qwen2.5-coder:7b,& लाईन अंतर्गतील असणे:,2.584
4519,Script Manager,mr:,Marathi,qwen2.5-coder:7b,प्रोग्रामपाठक,1.506
4520,The options will be saved automatically.,mr:,Marathi,qwen2.5-coder:7b,पर्यायांना आवडले जातात.,2.76
4521,Command Output,mr:,Marathi,qwen2.5-coder:7b,आदेशाचे आउटपुट,1.768
4522,exactly one,mr:,Marathi,qwen2.5-coder:7b,एक असेल,1.122
4523,Example curves tool,mr:,Marathi,qwen2.5-coder:7b,उदाहरण गर्ल्स टूल,2.192
4524,Main window,mr:,Marathi,qwen2.5-coder:7b,मुख्य जंचणी,1.567
4525,Cover for HP DeskJet 3425,mr:,Marathi,qwen2.5-coder:7b,HP DeskJet 3425 च्या आवरण,2.694
4526,momentum variance,mr:,Marathi,qwen2.5-coder:7b,मोमेंटम वरिवारी,1.906
4527,Wikipedia Page,mr:,Marathi,qwen2.5-coder:7b,विकिपीडिया पृष्ठ,2.073
4528,DarkOliveGreen2,mr:,Marathi,qwen2.5-coder:7b,डार्क ऑल्वीजन 2,2.092
4529,Banner Settings,mr:,Marathi,qwen2.5-coder:7b,बानर सेटिंग्स,1.64
4530,Paper Size,mr:,Marathi,qwen2.5-coder:7b,पेपर आकार,1.362
4531,Line break,mr:,Marathi,qwen2.5-coder:7b,पंक्ती संवेदन,1.693
4532,KDE Text-to-Speech,mr:,Marathi,qwen2.5-coder:7b,कडे टेक्स्ट टू स्पीश,2.689
4533,Structure Definitions,mr:,Marathi,qwen2.5-coder:7b,संरचना परिभाषा,1.788
4534,Game over,mr:,Marathi,qwen2.5-coder:7b,खेळ झाला,1.213
4535,The Plugins Menu,mr:,Marathi,qwen2.5-coder:7b,प्लगइन्स मेनू,1.707
4536,Stiffness variance,mr:,Marathi,qwen2.5-coder:7b,साधारणता विविधता,2.184
4537,Relief:,mr:,Marathi,qwen2.5-coder:7b,सुनार:,1.184
4538,Session Management,mr:,Marathi,qwen2.5-coder:7b,सत्र प्रबंधन,1.361
4539,Game name:,mr:,Marathi,qwen2.5-coder:7b,खेळाचे नाव:,1.583
4540,Previous Tab,mr:,Marathi,qwen2.5-coder:7b,पिछला टॅब,1.463
4541,Copy,mr:,Marathi,qwen2.5-coder:7b,कॉपी करणा,1.307
4542,Via telephone,mr:,Marathi,qwen2.5-coder:7b,प्रतियोग दृश्य,1.892
4543,Qt Designer Files,mr:,Marathi,qwen2.5-coder:7b,फाइल्यांचे डिजाइनर युनायटी,3.158
4544,Sproingies,mr:,Marathi,qwen2.5-coder:7b,स्प्राइंजींस,1.634
4545,New Album From Selection,mr:,Marathi,qwen2.5-coder:7b,नवीन अल्बम चुनूकारात आणि आणि आणि आणि आणि आणि आणि आणि आणि आणि आणि आणि आणि आणि आणि आणि आणि आणि आणि आण,10.168
4546,Announce version:,mr:,Marathi,qwen2.5-coder:7b,वर्षणाचा घोषणा:,2.125
4547,Nepomuk Task Manager,mr:,Marathi,qwen2.5-coder:7b,नेपोमुक कार्यप्रबंधक,2.474
4548,Polyline Tool,mr:,Marathi,qwen2.5-coder:7b,पोलीलाईन टूल,1.822
4549,Akonadi is running,mr:,Marathi,qwen2.5-coder:7b,आकोनाडी चालू आहे,2.267
4550,Error log:,mr:,Marathi,qwen2.5-coder:7b,त्रुटी लॉग:,1.592
4551,Lithuanian,mr:,Marathi,qwen2.5-coder:7b,लिथुआनिया,1.366
4552,Italic,mr:,Marathi,qwen2.5-coder:7b,आणि,0.725
4553,Go to Line %1,mr:,Marathi,qwen2.5-coder:7b,यादीला जाणून जावटा %1,2.556
4554,New Entry,mr:,Marathi,qwen2.5-coder:7b,नवीन प्रवेश,1.344
4555,Partition Usage,mr:,Marathi,qwen2.5-coder:7b,पार्टिशन वापर,1.873
4556,Album cover manager,mr:,Marathi,qwen2.5-coder:7b,अल्बम कवर मॅनेजर,1.986
4557,Column Type,mr:,Marathi,qwen2.5-coder:7b,कॉलम रक्षा,1.604
4558,Choose a filename to save under,mr:,Marathi,qwen2.5-coder:7b,फाइलनाव चुनून करा जवळ तपासणे,3.488
4559,Neighborhood,mr:,Marathi,qwen2.5-coder:7b,निकाला,1.062
4560,Move 10,mr:,Marathi,qwen2.5-coder:7b,10 चाला,1.424
4561,Animation:,mr:,Marathi,qwen2.5-coder:7b,अनिमेशन:,1.215
4562,Placeholder,mr:,Marathi,qwen2.5-coder:7b,साठी घेणे जाला,1.802
4563,Spectators,mr:,Marathi,qwen2.5-coder:7b,प्रतिबंधी,1.34
4564,Bitrate based,mr:,Marathi,qwen2.5-coder:7b,बिटरेट आधारित,1.81
4565,Latin'calx 'for'lime',mr:,Marathi,qwen2.5-coder:7b,लाटिनीच्या लाम्बाच्या लाम्बाच्या लाम्बाच्या लाम्बाच्या लाम्बाच्या लाम्बाच्या लाम्बाच्या लाम्बाच्या,10.682
4566,reason:,mr:,Marathi,qwen2.5-coder:7b,कारण:,0.924
4567,& Last name:,mr:,Marathi,qwen2.5-coder:7b,& अंतिम नाव:,1.704
4568,Fiji Islands,mr:,Marathi,qwen2.5-coder:7b,फिजी देशांचे देशां,2.435
4569,OpenGL extensions,mr:,Marathi,qwen2.5-coder:7b,ओप्लेंगल अवगतीं,1.963
4570,Adjustment:,mr:,Marathi,qwen2.5-coder:7b,अनुपातीकरण:,1.582
4571,Amortization,mr:,Marathi,qwen2.5-coder:7b,मार्गदर्शन,1.488
4572,New game.,mr:,Marathi,qwen2.5-coder:7b,नवीन खेळ.,1.423
4573,Playlist,mr:,Marathi,qwen2.5-coder:7b,प्लेलिस्ट,1.272
4574,& Text for:,mr:,Marathi,qwen2.5-coder:7b,& टेक्स्ट लागू करण्यासाठी:,2.965
4575,Field,mr:,Marathi,qwen2.5-coder:7b,फिल्ड,0.957
4576,Date Format,mr:,Marathi,qwen2.5-coder:7b,दिवसाचे फॅमॅट,1.938
4577,Profile:: PSK,mr:,Marathi,qwen2.5-coder:7b,प्रोफाइल :: प्सखी,1.873
4578,Edit Alias,mr:,Marathi,qwen2.5-coder:7b,एलिस विस्तार करा,1.951
4579,Cpu Frequency Selector,mr:,Marathi,qwen2.5-coder:7b,चापु फ्रीक्यूनेस चुनावकर्ता,3.231
4580,one,mr:,Marathi,qwen2.5-coder:7b,एक,0.632
4581,SandyBrown,mr:,Marathi,qwen2.5-coder:7b,संडीब्रौंश्वर्ड,1.977
4582,New Modem,mr:,Marathi,qwen2.5-coder:7b,नव्हा मोडम,1.402
4583,Category Easy,mr:,Marathi,qwen2.5-coder:7b,श्रेणी सरल,1.248
4584,Enable OpenGL,mr:,Marathi,qwen2.5-coder:7b,OpenGL सक्षम करा,1.612
4585,challenge password,mr:,Marathi,qwen2.5-coder:7b,पासवर्ड विचालणा,1.975
4586,Procmail lockfile:,mr:,Marathi,qwen2.5-coder:7b,प्रोकमल लॉक फाइल:,2.141
4587,Fireworkx,mr:,Marathi,qwen2.5-coder:7b,फायर्वॉक्स,1.616
4588,Filter Field,mr:,Marathi,qwen2.5-coder:7b,फिल्टर फील्ड,1.653
4589,rectConcentration,mr:,Marathi,qwen2.5-coder:7b,रेक्ट कंसेंट्रेशन,1.968
4590,Terminate (TERM),mr:,Marathi,qwen2.5-coder:7b,प्रतिरोध करणे (TERM),2.02
4591,No Reason,mr:,Marathi,qwen2.5-coder:7b,नाहीं काही वजन,1.777
4592,Inactive Text,mr:,Marathi,qwen2.5-coder:7b,अक्षम टेक्स्ट,1.77
4593,View Properties,mr:,Marathi,qwen2.5-coder:7b,प्रॉप्स देखा,1.657
4594,Create image,mr:,Marathi,qwen2.5-coder:7b,चित्र बनाणा,1.454
4595,Focal length,mr:,Marathi,qwen2.5-coder:7b,फोकल लंबी,1.375
4596,Admin,mr:,Marathi,qwen2.5-coder:7b,प्रशासकीय,1.192
4597,Sizes,mr:,Marathi,qwen2.5-coder:7b,आकारे,0.933
4598,not in,mr:,Marathi,qwen2.5-coder:7b,नाहीं मध्ये,1.457
4599,Item Actions,mr:,Marathi,qwen2.5-coder:7b,आयामचे कार्यात्मकता,2.256
4600,File Masks,mr:,Marathi,qwen2.5-coder:7b,फाईल माक्स,1.423
4601,Delete item(s),mr:,Marathi,qwen2.5-coder:7b,आपण आयोजनांना डिलीट करणा शकतात.,3.516
4602,OpenPGP signing key:,mr:,Marathi,qwen2.5-coder:7b,OpenPGP सांगणक:,1.696
4603,Network Meeting,mr:,Marathi,qwen2.5-coder:7b,नेटवर्क मिळाला,1.764
4604,Enclosure:,mr:,Marathi,qwen2.5-coder:7b,पत्रकारी:,1.312
4605,Between,mr:,Marathi,qwen2.5-coder:7b,मध्ये,0.882
4606,Glow preview,mr:,Marathi,qwen2.5-coder:7b,प्रभावी पूर्वानावी,2.231
4607,Input Password,mr:,Marathi,qwen2.5-coder:7b,पासवर्ड इनपुट करा,2.098
4608,Line Art,mr:,Marathi,qwen2.5-coder:7b,रेखा अंतर्गत,1.677
4609,Wavelet Noise Reducer,mr:,Marathi,qwen2.5-coder:7b,वेवल नाइस राजकरण,2.186
4610,Fireworks,mr:,Marathi,qwen2.5-coder:7b,फिर्वाट्स,1.316
4611,KDE LDAP Directory Manager,mr:,Marathi,qwen2.5-coder:7b,KDE लॅडप दिशानुक्रमकार,2.79
4612,Camera File Properties,mr:,Marathi,qwen2.5-coder:7b,फोटोकॅमा फाइलचे संपदा,2.629
4613,Move Tab Up,mr:,Marathi,qwen2.5-coder:7b,टॅब अपर ले जाणा,2.221
4614,Slider,mr:,Marathi,qwen2.5-coder:7b,स्लाइडर,1.11
4615,Perspective,mr:,Marathi,qwen2.5-coder:7b,प्रतिबिम्ब,1.376
4616,DNS address & list:,mr:,Marathi,qwen2.5-coder:7b,DNS पत्ता आणि सूची:,2.255
4617,& Abbreviation:,mr:,Marathi,qwen2.5-coder:7b,& अभावीकरण:,1.595
4618,KritaShape editing tool,mr:,Marathi,qwen2.5-coder:7b,क्रिताशेप एडिटिंग टूल,2.608
4619,Spin Box,mr:,Marathi,qwen2.5-coder:7b,स्वर्ग बॉक्स,1.789
4620,Double,mr:,Marathi,qwen2.5-coder:7b,दुवळा,1.025
4621,AliceBlue,mr:,Marathi,qwen2.5-coder:7b,आलिसे ब्लू,1.547
4622,Current Source:,mr:,Marathi,qwen2.5-coder:7b,आधीचे स्रोत:,1.523
4623,SXW Files,mr:,Marathi,qwen2.5-coder:7b,SXW फाइले,1.286
4624,Ruby Code Generation,mr:,Marathi,qwen2.5-coder:7b,राबी खालील शोधणे,2.135
4625,Cooking Book,mr:,Marathi,qwen2.5-coder:7b,"काही खालील अनुवाद आहे:

""खालील खालील खालील खालील खालील खालील खालील खालील खालील खालील खालील खालील खालील",10.429
4626,Imageviewer,mr:,Marathi,qwen2.5-coder:7b,प्रतिमा दर्शक,1.679
4627,Chess Game,mr:,Marathi,qwen2.5-coder:7b,चाश खेल,1.144
4628,& First name:,mr:,Marathi,qwen2.5-coder:7b,& पहिला नाव:,1.565
4629,Confirmation,mr:,Marathi,qwen2.5-coder:7b,पुष्टीकरण,1.365
4630,"Unexpected tag ""%1""",mr:,Marathi,qwen2.5-coder:7b,"अनिश्चित टॅग ""%1",2.114
4631,Self,mr:,Marathi,qwen2.5-coder:7b,आणि,0.72
4632,Use gateway,mr:,Marathi,qwen2.5-coder:7b,गेटवे वापरा,1.547
4633,plane,mr:,Marathi,qwen2.5-coder:7b,प्लेन,0.909
4634,Camera response:,mr:,Marathi,qwen2.5-coder:7b,कॅमरा रिसपन्स:,1.863
4635,Color Adjustment,mr:,Marathi,qwen2.5-coder:7b,अंशांकन,1.115
4636,Userdefined & MTU:,mr:,Marathi,qwen2.5-coder:7b,उपयोगकर्ता परिभाषित & MTU:,2.793
4637,& Channel List,mr:,Marathi,qwen2.5-coder:7b,& चौंसाई यादी,1.901
4638,Internet Key Exchange mode,mr:,Marathi,qwen2.5-coder:7b,माइन्टरनेट की युक्ती विनिमय श्रृंखला,4.272
4639,Color matrix,mr:,Marathi,qwen2.5-coder:7b,कार्यक्रम मूल्यांचे वर्ग,2.793
4640,Cipher Wizard,mr:,Marathi,qwen2.5-coder:7b,किपर जानकारी,1.681
4641,Time signature,mr:,Marathi,qwen2.5-coder:7b,समय चिन्हाचा वर्णन,2.251
4642,Personal Time Tracker,mr:,Marathi,qwen2.5-coder:7b,प्रयोगकारी समय ट्रॅकर,2.429
4643,Hue Shift,mr:,Marathi,qwen2.5-coder:7b,हुआ शिफ्ट,1.468
4644,Image Size:,mr:,Marathi,qwen2.5-coder:7b,आयाम आकार:,1.462
4645,Mail Merge - Editor,mr:,Marathi,qwen2.5-coder:7b,मिल जोडणे - संपादक,2.165
4646,Communication synchronizer,mr:,Marathi,qwen2.5-coder:7b,संचालन समायोजक,1.753
4647,Preparation,mr:,Marathi,qwen2.5-coder:7b,प्रतियोजन,1.227
4648,Remove items,mr:,Marathi,qwen2.5-coder:7b,आयामांना हटवा,1.689
4649,Acquiring & quantaplus;,mr:,Marathi,qwen2.5-coder:7b,अनुकूली आणि कौंटेप्लस;,2.997
4650,Vanishing Point Decoration,mr:,Marathi,qwen2.5-coder:7b,वनाशी अभ्यास,1.802
4651,Preview Program,mr:,Marathi,qwen2.5-coder:7b,प्रभावित करणे,1.553
4652,Substep Width:,mr:,Marathi,qwen2.5-coder:7b,उपपद चौड़ाई:,1.903
4653,Master Page...,mr:,Marathi,qwen2.5-coder:7b,मुख्य पृष्ठ...,1.67
4654,& neutral,mr:,Marathi,qwen2.5-coder:7b,& नियमित,1.242
4655,Link device,mr:,Marathi,qwen2.5-coder:7b,डिवाइस लिंक करा,1.932
4656,& Mount,mr:,Marathi,qwen2.5-coder:7b,& जोड्या,1.262
4657,audio/ x-wav _BAR_Wave Sound Files,mr:,Marathi,qwen2.5-coder:7b,audio/x-wav _BAR_Wave Sound Files,1.97
4658,Answer:,mr:,Marathi,qwen2.5-coder:7b,उत्तर:,0.99
4659,F6 Move,mr:,Marathi,qwen2.5-coder:7b,F6 आकर्षण करा,1.618
4660,Shift up,mr:,Marathi,qwen2.5-coder:7b,उत्तरावला,1.292
4661,Input levels,mr:,Marathi,qwen2.5-coder:7b,आवश्यकता स्तरे,1.719
4662,Search Later,mr:,Marathi,qwen2.5-coder:7b,पुढीलपणे शोधा,1.865
4663,Deform Radius,mr:,Marathi,qwen2.5-coder:7b,दिलाली आकार,1.781
4664,SeaGreen2,mr:,Marathi,qwen2.5-coder:7b,SeaGreen2,0.813
4665,Menu Updating Tool,mr:,Marathi,qwen2.5-coder:7b,मेनू आद्याचा टूल,2.353
4666,Create New,mr:,Marathi,qwen2.5-coder:7b,नव्हा बनाणा,1.528
4667,Toys,mr:,Marathi,qwen2.5-coder:7b,चालाले,1.026
4668,Disable KWallet?,mr:,Marathi,qwen2.5-coder:7b,क्वेल्वेट अक्षम करणे?,2.552
4669,Code cleaning,mr:,Marathi,qwen2.5-coder:7b,कोड सफाई,1.188
4670,Audio Preview,mr:,Marathi,qwen2.5-coder:7b,आवडणे पूर्वानुभव,2.086
4671,Bond order,mr:,Marathi,qwen2.5-coder:7b,बंड आयाम,1.21
4672,Game artwork,mr:,Marathi,qwen2.5-coder:7b,खेळाचे अंकड़ा,1.952
4673,WZ rotation speed,mr:,Marathi,qwen2.5-coder:7b,व्हीडियो रोटेशन गती,2.435
4674,%1 removed,mr:,Marathi,qwen2.5-coder:7b,%1 हटले,1.194
4675,Variance,mr:,Marathi,qwen2.5-coder:7b,वरिवारी,1.21
4676,Exchange mode (%1): %2,mr:,Marathi,qwen2.5-coder:7b,स्विच अव्यवस्था (%1): %2,2.713
4677,Request Help,mr:,Marathi,qwen2.5-coder:7b,मदत अभ्यास करणा,1.865
4678,Paths,mr:,Marathi,qwen2.5-coder:7b,पाठ्यांचे यादी,1.762
4679,TIFF File Format,mr:,Marathi,qwen2.5-coder:7b,फाइल फॅक्टरी टीआईएफ,2.553
4680,Alternate (V),mr:,Marathi,qwen2.5-coder:7b,विनामित (V),1.45
4681,Fileselector component,mr:,Marathi,qwen2.5-coder:7b,फाईल चुनाव योजना,1.977
4682,Memory Information,mr:,Marathi,qwen2.5-coder:7b,महत्त्वाची माहिती,2.015
4683,File Size,mr:,Marathi,qwen2.5-coder:7b,फाइल आकार,1.32
4684,Vocabulary collection:,mr:,Marathi,qwen2.5-coder:7b,वाक्यांकडीचा संग्रह:,2.214
4685,Step into,mr:,Marathi,qwen2.5-coder:7b,परिवर्तनासाठी,1.964
4686,File Renamer,mr:,Marathi,qwen2.5-coder:7b,फाइल रिनामकर्ता,2.055
4687,Wallpaper mode,mr:,Marathi,qwen2.5-coder:7b,पेज वापरणे,1.444
4688,Maximum size,mr:,Marathi,qwen2.5-coder:7b,महत्त्वाची आकार,1.862
4689,RAM memory,mr:,Marathi,qwen2.5-coder:7b,राम मेमोरी,1.282
4690,Wired,mr:,Marathi,qwen2.5-coder:7b,वाइड्रिड,1.19
4691,Open invitations: %1,mr:,Marathi,qwen2.5-coder:7b,प्रस्तावित आवेदने: %1,2.493
4692,"Jazz, mixed",mr:,Marathi,qwen2.5-coder:7b,"जॅज, मिश्रित",1.661
4693,UNIX Passwords,mr:,Marathi,qwen2.5-coder:7b,यूनिकॉन पासवर्ड्स,2.334
4694,Dialup Networks,mr:,Marathi,qwen2.5-coder:7b,डिलू नेटवर्क्स,2.028
4695,Next & Week,mr:,Marathi,qwen2.5-coder:7b,आणि वाढवणे,1.499
4696,Turn speed,mr:,Marathi,qwen2.5-coder:7b,त्वरण बदला,1.449
4697,Spring tension force,mr:,Marathi,qwen2.5-coder:7b,सूर्यातील तांत्रिक बल,2.629
4698,Czech (cs),mr:,Marathi,qwen2.5-coder:7b,चेक (cs),1.15
4699,Not now,mr:,Marathi,qwen2.5-coder:7b,नाहीं अब,1.22
4700,DAYOFYEAR(year; month; date),mr:,Marathi,qwen2.5-coder:7b,दिवशीला (year; month; date),1.947
4701,Italian (it),mr:,Marathi,qwen2.5-coder:7b,आयतनीय (it),1.31
4702,Date end,mr:,Marathi,qwen2.5-coder:7b,तारीख अंत्याला,2.044
4703,Axes labels:,mr:,Marathi,qwen2.5-coder:7b,अक्षांचे लेबले:,2.009
4704,Open ledger,mr:,Marathi,qwen2.5-coder:7b,खोला बुक,1.255
4705,& Functions:,mr:,Marathi,qwen2.5-coder:7b,& फंक्शन्स:,1.503
4706,CMY Scale,mr:,Marathi,qwen2.5-coder:7b,स्केल CMY,1.167
4707,Networks,mr:,Marathi,qwen2.5-coder:7b,नेटवर्क्स,1.348
4708,Desktop communication,mr:,Marathi,qwen2.5-coder:7b,डेस्कटॉप संचालन,1.87
4709,Config file,mr:,Marathi,qwen2.5-coder:7b,फाइल अव्यवस्थिती,2.081
4710,High Color (16 Bit),mr:,Marathi,qwen2.5-coder:7b,उच्च रंग (16 बिट),2.235
4711,Some Fundamentals,mr:,Marathi,qwen2.5-coder:7b,काही मूलभूमी,1.808
4712,& Starting banner:,mr:,Marathi,qwen2.5-coder:7b,& शुरूवातीचे बानर:,2.4
4713,Pacific/ Tarawa,mr:,Marathi,qwen2.5-coder:7b,पॅसिफिक/टारवा,1.955
4714,Kaleidoscope,mr:,Marathi,qwen2.5-coder:7b,केलिडोस्कोप,1.654
4715,Continue & Later,mr:,Marathi,qwen2.5-coder:7b,पुढील & नंतर,1.805
4716,Path:,mr:,Marathi,qwen2.5-coder:7b,पास्य:,0.98
4717,Phone Numbers,mr:,Marathi,qwen2.5-coder:7b,फोन नंबर्स,1.383
4718,Thumbnails,mr:,Marathi,qwen2.5-coder:7b,थूम्ब्स,1.201
4719,Realtime priority,mr:,Marathi,qwen2.5-coder:7b,सामान्य प्राथमिकता,2.117
4720,Kashubian,mr:,Marathi,qwen2.5-coder:7b,काशुबियन,1.294
4721,Sync progress:,mr:,Marathi,qwen2.5-coder:7b,संकेत झाला:,1.481
4722,By Type,mr:,Marathi,qwen2.5-coder:7b,प्रकारातः,1.311
4723,Life time:,mr:,Marathi,qwen2.5-coder:7b,महिला जीवन:,1.538
4724,File Transfer,mr:,Marathi,qwen2.5-coder:7b,फाईल ट्रांसफर,1.623
4725,Overbooking,mr:,Marathi,qwen2.5-coder:7b,पुनर्बुकिंग,1.519
4726,Class printers:,mr:,Marathi,qwen2.5-coder:7b,कक्षाचे प्रिंटरे:,1.915
4727,OpenLook preview,mr:,Marathi,qwen2.5-coder:7b,प्रभावी देखवा,1.718
4728,Effective,mr:,Marathi,qwen2.5-coder:7b,उपयुक्त,1.129
4729,Staple 1,mr:,Marathi,qwen2.5-coder:7b,पत्ता 1,1.244
4730,Guide lines,mr:,Marathi,qwen2.5-coder:7b,नियमांचे विवरण,1.853
4731,Removing directory: %1,mr:,Marathi,qwen2.5-coder:7b,डिरेक्ट्री घटाण्यात: %1,2.915
4732,Power Manager,mr:,Marathi,qwen2.5-coder:7b,पावर मॅनेजर,1.588
4733,Input device,mr:,Marathi,qwen2.5-coder:7b,इनपुट यंत्र,1.44
4734,& Monitor profile:,mr:,Marathi,qwen2.5-coder:7b,&प्रोफाइल वापरा वापरा:,2.618
4735,Block Selection Mode,mr:,Marathi,qwen2.5-coder:7b,मूळनुसार चयन क्रिया,2.629
4736,& Playlists,mr:,Marathi,qwen2.5-coder:7b,& प्लेलिस्ट्स,1.645
4737,Azerbaijanian Manat,mr:,Marathi,qwen2.5-coder:7b,अजाबिजानी मनाट,1.846
4738,SQL statement:,mr:,Marathi,qwen2.5-coder:7b,SQL मान्यता:,1.4
4739,Fade Strength,mr:,Marathi,qwen2.5-coder:7b,फॅड स्ट्रॉग्थ,1.767
4740,Plugged,mr:,Marathi,qwen2.5-coder:7b,प्रत्याशित,1.376
4741,burning,mr:,Marathi,qwen2.5-coder:7b,पाटणारा,1.31
4742,Six Staples,mr:,Marathi,qwen2.5-coder:7b,छह शाप्तांचे,1.798
4743,Northern,mr:,Marathi,qwen2.5-coder:7b,उत्तरीय,1.129
4744,Domain Search List,mr:,Marathi,qwen2.5-coder:7b,डोमेन शोध सूची,2.074
4745,4 Weeks,mr:,Marathi,qwen2.5-coder:7b,4 व्या महिन्यांच्या,2.303
4746,Output: #234;,mr:,Marathi,qwen2.5-coder:7b,आउटपुट: #234;,1.743
4747,Cost Item Colors,mr:,Marathi,qwen2.5-coder:7b,माहिती आयामाचे रंगे,2.262
4748,Work online.,mr:,Marathi,qwen2.5-coder:7b,सामाजिकतः काम करा.,2.276
4749,Course %1 does not exist.,mr:,Marathi,qwen2.5-coder:7b,कोर्स %1 असते नाही.,2.43
4750,Little Billy,mr:,Marathi,qwen2.5-coder:7b,बिली छोटे,1.383
4751,Slovak Koruna,mr:,Marathi,qwen2.5-coder:7b,स्लोवाक कोरुना,1.763
4752,DVD Navigation...,mr:,Marathi,qwen2.5-coder:7b,डीवीडी नाविगेशन...,2.123
4753,Trail size,mr:,Marathi,qwen2.5-coder:7b,पायाचे आकार,1.613
4754,KDE Development,mr:,Marathi,qwen2.5-coder:7b,क्यूडी विकास,1.801
4755,Auto-Correction...,mr:,Marathi,qwen2.5-coder:7b,स्वच्छन्नता सुधारणा...,2.557
4756,--end-time nbsp; end-time,mr:,Marathi,qwen2.5-coder:7b,--समय समाप्ती nbsp; समय समाप्ती,2.93
4757,Sign position:,mr:,Marathi,qwen2.5-coder:7b,सांगणे विस्थापन:,2.006
4758,Weather,mr:,Marathi,qwen2.5-coder:7b,वेटर,0.803
4759,Google Summer of Code 2008 Project: Vector Tiles for Marble,mr:,Marathi,qwen2.5-coder:7b,गोगल सूटमर ऑफ कोड २००८ परियाय: मार्बलाला वॅक्टर टाइल्स,6.581
4760,Formatting,mr:,Marathi,qwen2.5-coder:7b,फॅरमॅटिंग,1.525
4761,Tree View,mr:,Marathi,qwen2.5-coder:7b,पेडवाई देखवा,1.647
4762,K3b??? Encoder,mr:,Marathi,qwen2.5-coder:7b,K3b??? एन्कोडर,1.938
4763,Button Action,mr:,Marathi,qwen2.5-coder:7b,बटन अक्षरण,1.467
4764,Deployment View,mr:,Marathi,qwen2.5-coder:7b,प्रसार दृश्य,1.888
4765,Grades from %1 to %2,mr:,Marathi,qwen2.5-coder:7b,मार्गणे %1 आणि %2 यांनी,2.827
4766,RITOn,mr:,Marathi,qwen2.5-coder:7b,RITOn,0.798
4767,January,mr:,Marathi,qwen2.5-coder:7b,जानवरी,0.987
4768,Book Collection,mr:,Marathi,qwen2.5-coder:7b,पुस्तक संग्रह,1.477
4769,& Directory for this profile:,mr:,Marathi,qwen2.5-coder:7b,&प्रोफाइलाचे या दस्तऐवजीकरणाचे विभिन्न वर्ग:,4.672
4770,& Delete Item,mr:,Marathi,qwen2.5-coder:7b,& आपण आयोजनाची असणारे दुव्योजन अनुकूल असणारे दुव्योजन अनुकूल असणारे दुव्योजन अनुकूल असणारे दुव्यो,10.089
4771,Use Case Description,mr:,Marathi,qwen2.5-coder:7b,प्रयोगस्थानाचे विवरण,2.46
4772,CMake Manager,mr:,Marathi,qwen2.5-coder:7b,म्यामी मॅनेजर,1.8
4773,Transformation Effects,mr:,Marathi,qwen2.5-coder:7b,परिवर्तन आणि प्रभावे,2.286
4774,bookmarks,mr:,Marathi,qwen2.5-coder:7b,मान्यते,1.192
4775,Welcome,mr:,Marathi,qwen2.5-coder:7b,स्वागत होते,1.358
4776,SDL - Decision,mr:,Marathi,qwen2.5-coder:7b,SDL - फरक घेणे,1.508
4777,File Properties,mr:,Marathi,qwen2.5-coder:7b,फाइलचे संपदा,1.503
4778,& Prefix:,mr:,Marathi,qwen2.5-coder:7b,& प्रसिद्ध शब्द:,1.786
4779,Data Overview,mr:,Marathi,qwen2.5-coder:7b,माहिती सामान्य माहिती,2.27
4780,Reading,mr:,Marathi,qwen2.5-coder:7b,पढता,0.788
4781,linespecific,mr:,Marathi,qwen2.5-coder:7b,रेषीविशिष्ट,1.493
4782,Red Leaf,mr:,Marathi,qwen2.5-coder:7b,रूपणे लाल,1.464
4783,dark red,mr:,Marathi,qwen2.5-coder:7b,काळे लाल,1.213
4784,Match:,mr:,Marathi,qwen2.5-coder:7b,"मूळ टेक्स्ट: ""Match:""
मराठी अनुवाद: मूळ टेक्स्ट: ""मूळ टेक्स्ट:",6.081
4785,Greek,mr:,Marathi,qwen2.5-coder:7b,ग्रीक,0.82
4786,Responsible,mr:,Marathi,qwen2.5-coder:7b,आणि आयोजित करण्यात आला आहे.,3.054
4787,Delete %1,mr:,Marathi,qwen2.5-coder:7b,हटाणे %1,1.367
4788,Bulgarian Lev A/ 99,mr:,Marathi,qwen2.5-coder:7b,बुल्गारीय लेव ए/99,2.336
4789,Adding,mr:,Marathi,qwen2.5-coder:7b,जोडणे,1.096
4790,through,mr:,Marathi,qwen2.5-coder:7b,पासारी,1.031
4791,System Load Viewer,mr:,Marathi,qwen2.5-coder:7b,प्रणाली लोड वीडिवर्शक,2.518
4792,Command-Line Options,mr:,Marathi,qwen2.5-coder:7b,आवश्यकता विकल्पे,2.029
4793,warning,mr:,Marathi,qwen2.5-coder:7b,चेतावणी,1.11
4794,Used:,mr:,Marathi,qwen2.5-coder:7b,प्रयोगिता:,1.464
4795,Clef,mr:,Marathi,qwen2.5-coder:7b,क्लेफ,0.954
4796,Logon,mr:,Marathi,qwen2.5-coder:7b,लॉगन,0.93
4797,Work Offline,mr:,Marathi,qwen2.5-coder:7b,साठी वैशिष्ट्य,2.123
4798,Disc #,mr:,Marathi,qwen2.5-coder:7b,डिस्क #,1.04
4799,(no caller),mr:,Marathi,qwen2.5-coder:7b,(कोणी नाही),1.582
4800,Hover And Press Effect,mr:,Marathi,qwen2.5-coder:7b,वापरणार्थ आणि दबवणार्थ,2.77
4801,Ab Major,mr:,Marathi,qwen2.5-coder:7b,मार्जियाट,1.542
4802,Content type:,mr:,Marathi,qwen2.5-coder:7b,माहिती प्रकार:,1.624
4803,Average Bitrate,mr:,Marathi,qwen2.5-coder:7b,माध्यम बिटरेट,1.789
4804,IP Filter List,mr:,Marathi,qwen2.5-coder:7b,फाइल्टर लिस्ट,1.763
4805,Dithering,mr:,Marathi,qwen2.5-coder:7b,डिथरिंग,1.187
4806,Project Templates,mr:,Marathi,qwen2.5-coder:7b,परियायांचे पट्टीयांसाठी,2.672
4807,Track front margin (0..150):,mr:,Marathi,qwen2.5-coder:7b,प्राथमिक मानक (0..150):,2.629
4808,XML Tools,mr:,Marathi,qwen2.5-coder:7b,XML टूल्स,1.225
4809,Gray threshold:,mr:,Marathi,qwen2.5-coder:7b,ग्रेह थ्रेशहॉल्ड:,1.946
4810,Docbook Generation Complete...,mr:,Marathi,qwen2.5-coder:7b,डॉकबुक गन्नण सुरुवात झाली...,3.255
4811,Repeat interval,mr:,Marathi,qwen2.5-coder:7b,पुनरावर्तन अंतराल,2.223
4812,system,mr:,Marathi,qwen2.5-coder:7b,सिस्टम,1.011
4813,knot,mr:,Marathi,qwen2.5-coder:7b,कोटी,0.82
4814,No editor,mr:,Marathi,qwen2.5-coder:7b,नाहीले एडिटर,1.645
4815,KNewStuff contributions,mr:,Marathi,qwen2.5-coder:7b,नवीन सामान्य योग्यता,2.351
4816,horizontally,mr:,Marathi,qwen2.5-coder:7b,हार्यातील,1.366
4817,Lithuanian (lt),mr:,Marathi,qwen2.5-coder:7b,लिथुआनियाती (lt),1.913
4818,Generate Stub Class,mr:,Marathi,qwen2.5-coder:7b,स्टब क्लास बनाणा,2.1
4819,Player size,mr:,Marathi,qwen2.5-coder:7b,प्लेयर आकार,1.768
4820,Read Only account,mr:,Marathi,qwen2.5-coder:7b,अनिवार्य खाता,1.796
4821,Table id:,mr:,Marathi,qwen2.5-coder:7b,ताबली आयडी:,1.603
4822,Kangxi Radicals,mr:,Marathi,qwen2.5-coder:7b,कंग्ही राडिकल्स,2.079
4823,Vendor's Name,mr:,Marathi,qwen2.5-coder:7b,विक्रेताचे नाव,1.811
4824,ColorSmartCRD Images,mr:,Marathi,qwen2.5-coder:7b,कार्यालय चालन्याचे चित्रे,2.98
4825,Looking for %1...,mr:,Marathi,qwen2.5-coder:7b,खोजते %1...,1.398
4826,Page Edge:,mr:,Marathi,qwen2.5-coder:7b,पृष्ठाचे किनारे:,1.993
4827,Dictionary:,mr:,Marathi,qwen2.5-coder:7b,शब्दकोश:,1.311
4828,Nature,mr:,Marathi,qwen2.5-coder:7b,प्रकृती,1.083
4829,Search Results,mr:,Marathi,qwen2.5-coder:7b,शोध परिणाम,1.502
4830,Office:,mr:,Marathi,qwen2.5-coder:7b,कार्यालय:,1.384
4831,CSV Files,mr:,Marathi,qwen2.5-coder:7b,फाइल्यांचे वेळी वेळी,2.318
4832,Comment: %1,mr:,Marathi,qwen2.5-coder:7b,काहीतरी: %1,1.664
4833,AMiddleLengthText...,mr:,Marathi,qwen2.5-coder:7b,मध्यमाचा लंबाया पाठ...,2.366
4834,25th Last,mr:,Marathi,qwen2.5-coder:7b,25 अंतिम,1.307
4835,Set champions' speed.,mr:,Marathi,qwen2.5-coder:7b,चांदांची गती सेट करा.,2.409
4836,Till Adam (till at adam-lilienthal de): Core developer,mr:,Marathi,qwen2.5-coder:7b,अत अदमाच्या तक (तक अधिकारी अदम-लिलिएंथल दे): मुख्य विकासकार,6.176
4837,United Kingdom,mr:,Marathi,qwen2.5-coder:7b,यूनाइटेड कंग्रेस,1.972
4838,ImagePlugin_Restoration,mr:,Marathi,qwen2.5-coder:7b,प्रतिमा प्रसारण,1.773
4839,Script for @%1 is empty.,mr:,Marathi,qwen2.5-coder:7b,स्क्रिप्ट लागू आहे.,2.449
4840,ImagePlugin_HotPixels,mr:,Marathi,qwen2.5-coder:7b,प्रतिबिम्ब योग्यता,2.467
4841,Quick Help,mr:,Marathi,qwen2.5-coder:7b,सुरुवात योग्यता,2.01
4842,X spin,mr:,Marathi,qwen2.5-coder:7b,X रोटी,1.066
4843,Serial number:,mr:,Marathi,qwen2.5-coder:7b,सर्व नंबर:,1.416
4844,Battery Usage,mr:,Marathi,qwen2.5-coder:7b,बॅटरी उपयोग,1.572
4845,Alphabetical,mr:,Marathi,qwen2.5-coder:7b,अल्पवर्णीय,1.424
4846,Quit?,mr:,Marathi,qwen2.5-coder:7b,प्रत्येक करा?,1.562
4847,Over-Exposure Indicator,mr:,Marathi,qwen2.5-coder:7b,प्रत्याश्य विश्वासकारण,2.627
4848,Format Row,mr:,Marathi,qwen2.5-coder:7b,फॅरमॅट रोड,1.605
4849,& Cancel,mr:,Marathi,qwen2.5-coder:7b,& रद्द करा,1.29
4850,Languages:,mr:,Marathi,qwen2.5-coder:7b,भाषां:,1.003
4851,& lt; recipientsgt;,mr:,Marathi,qwen2.5-coder:7b,& राष्ट्रीय विज्ञान विद्यालय &lt; विद्यार्थी &gt;,4.914
4852,& Profile:,mr:,Marathi,qwen2.5-coder:7b,& प्रोफाइल:,1.29
4853,Text Length,mr:,Marathi,qwen2.5-coder:7b,पाठ्यांची लांबी,1.903
4854,& Ambient light:,mr:,Marathi,qwen2.5-coder:7b,& आवाजाचे प्रसार:,2.032
4855,Gathered - \\begin{gathered},mr:,Marathi,qwen2.5-coder:7b,संग्रहित - \\begin{gathered},2.235
4856,Color Scheme,mr:,Marathi,qwen2.5-coder:7b,कार्यक्रम शीमा,1.759
4857,Enable OpenGL shaders,mr:,Marathi,qwen2.5-coder:7b,OpenGL शेडर्स अक्षम करा,2.467
4858,HTTP proxy settings,mr:,Marathi,qwen2.5-coder:7b,HTTP प्रॅक्सी सेटिंग्स,2.316
4859,Strip,mr:,Marathi,qwen2.5-coder:7b,पिण्हा,1.001
4860,Power Control,mr:,Marathi,qwen2.5-coder:7b,पावर कंट्रोल,1.422
4861,Expenditure:,mr:,Marathi,qwen2.5-coder:7b,खर्च:,1.008
4862,Sleepy,mr:,Marathi,qwen2.5-coder:7b,सोड़ा होता,1.484
4863,anything,mr:,Marathi,qwen2.5-coder:7b,कुठूनी कोशिश करण्यात आहे.,2.85
4864,conditional,mr:,Marathi,qwen2.5-coder:7b,परिस्थितीविशेष,1.762
4865,Delete?,mr:,Marathi,qwen2.5-coder:7b,डिल्यायचे?,1.46
4866,Script Properties,mr:,Marathi,qwen2.5-coder:7b,प्रोपर्टी असाठी शैली,2.479
4867,& Join,mr:,Marathi,qwen2.5-coder:7b,& जोड्या,1.282
4868,Planner Summary,mr:,Marathi,qwen2.5-coder:7b,पालन सारांश,1.523
4869,Playlist name:,mr:,Marathi,qwen2.5-coder:7b,प्लेलिस्टचे नाव:,2.08
4870,exit,mr:,Marathi,qwen2.5-coder:7b,प्रतिरोध झाला,1.579
4871,Help Center,mr:,Marathi,qwen2.5-coder:7b,सहायता केंद्र,1.475
4872,Deactivate & WINS,mr:,Marathi,qwen2.5-coder:7b,विसक्षित करा & WINS,2.073
4873,Desktop functions:,mr:,Marathi,qwen2.5-coder:7b,डेस्कटॉप फंक्शन्स:,2.382
4874,& Ctrl; Down Arrow,mr:,Marathi,qwen2.5-coder:7b,& कंट्रोल; डाउन आर्या,2.514
4875,Blue arrow,mr:,Marathi,qwen2.5-coder:7b,नीले शिखर,1.464
4876,Copy...,mr:,Marathi,qwen2.5-coder:7b,प्रतिलिपित करा...,1.87
4877,Music Location,mr:,Marathi,qwen2.5-coder:7b,म्यूजिक लोकेशन,1.932
4878,Shadow group file:,mr:,Marathi,qwen2.5-coder:7b,शैडो ग्रुप फाइल:,2.071
4879,Profile Part %1,mr:,Marathi,qwen2.5-coder:7b,प्रोफाइल भाग %1,1.856
4880,At home,mr:,Marathi,qwen2.5-coder:7b,होम असते,1.245
4881,--- separator ---,mr:,Marathi,qwen2.5-coder:7b,--- विभाजक ---,1.404
4882,Belarus,mr:,Marathi,qwen2.5-coder:7b,बेलारूस,1.316
4883,Developer (2004),mr:,Marathi,qwen2.5-coder:7b,डेवलपर (2004),1.758
4884,Sells,mr:,Marathi,qwen2.5-coder:7b,विक्रमात्मक,1.411
4885,Shortcut name: pub,mr:,Marathi,qwen2.5-coder:7b,क्षेत्राचे नाव: पब,2.278
4886,Main Toolbar,mr:,Marathi,qwen2.5-coder:7b,मुख्य टूलबार,1.777
4887,Print Frame,mr:,Marathi,qwen2.5-coder:7b,प्रिंट फ्रेम,1.464
4888,Output intensity.,mr:,Marathi,qwen2.5-coder:7b,आउटपुट आणि त्याचे आयाम.,2.73
4889,Output device profile:,mr:,Marathi,qwen2.5-coder:7b,आउटपुट निवडक विशेषता:,2.584
4890,Key properties,mr:,Marathi,qwen2.5-coder:7b,कुंपणीचे महत्त्वाचे प्रमाणे,2.894
4891,Swedish (sv),mr:,Marathi,qwen2.5-coder:7b,स्वीडनी (sv),1.529
4892,Cube Map Texture,mr:,Marathi,qwen2.5-coder:7b,क्यूब मॅप टेक्सचर्या,2.59
4893,Custom Type 2,mr:,Marathi,qwen2.5-coder:7b,कस्टम टाइप 2,1.772
4894,"print ""x""",mr:,Marathi,qwen2.5-coder:7b,प्रिंट खालील शब्दाचा प्रतिबिंब: %s,3.69
4895,"Letter, Colour",mr:,Marathi,qwen2.5-coder:7b,"पत्र, रंग",1.283
4896,& Initial value:,mr:,Marathi,qwen2.5-coder:7b,& प्रारम्भी मूल्य:,2.034
4897,This Week,mr:,Marathi,qwen2.5-coder:7b,या सप्ताहात,1.486
4898,Main Window,mr:,Marathi,qwen2.5-coder:7b,मुख्य जंचकारी,1.767
4899,Format,mr:,Marathi,qwen2.5-coder:7b,फॅरमॅट,1.221
4900,Condition,mr:,Marathi,qwen2.5-coder:7b,सत्याचे अवस्था,1.896
4901,"Space """"",mr:,Marathi,qwen2.5-coder:7b,स्पेस,0.903
4902,Review,mr:,Marathi,qwen2.5-coder:7b,परीक्षा,1.074
4903,Expression:,mr:,Marathi,qwen2.5-coder:7b,वाक्याचा अर्थ:,1.859
4904,purple3,mr:,Marathi,qwen2.5-coder:7b,पुर्वाश्वारा3,1.75
4905,Hide drop target,mr:,Marathi,qwen2.5-coder:7b,प्रतिदर्शन कमा करणे,2.1
4906,New target/ name:,mr:,Marathi,qwen2.5-coder:7b,नवीन लक्षाकार/नाव:,2.265
4907,Line spread,mr:,Marathi,qwen2.5-coder:7b,रेषी विस्तार,1.609
4908,& License Agreement,mr:,Marathi,qwen2.5-coder:7b,& लाइसेंस अनुसारण,2.117
4909,Binding edge:,mr:,Marathi,qwen2.5-coder:7b,संबंधित किनारा:,1.979
4910,Yellows,mr:,Marathi,qwen2.5-coder:7b,पाळे,0.912
4911,Remove Printer,mr:,Marathi,qwen2.5-coder:7b,प्रिंटर ठेवणे,1.609
4912,Template Title:,mr:,Marathi,qwen2.5-coder:7b,पट्टीचे शीर्षक:,1.858
4913,Grayscale,mr:,Marathi,qwen2.5-coder:7b,ग्रेसस्क्रीय,1.445
4914,& Real name:,mr:,Marathi,qwen2.5-coder:7b,& वास्तविक नाव:,1.906
4915,Search & for:,mr:,Marathi,qwen2.5-coder:7b,खोज & करा:,1.414
4916,Christmas Theme by Kenichiro Takahashi,mr:,Marathi,qwen2.5-coder:7b,केनिचिरो ताकाहाशीचे जगावणी,3.357
4917,N/ A,mr:,Marathi,qwen2.5-coder:7b,नाहीं / अजानीला,1.922
4918,Indentation Properties,mr:,Marathi,qwen2.5-coder:7b,प्रतिबंध संपदा,1.641
4919,Dimethyl ether,mr:,Marathi,qwen2.5-coder:7b,मोटीमोटी एथर,1.648
4920,Keyboard Status Applet,mr:,Marathi,qwen2.5-coder:7b,कुंजीपटक अवस्था अप्लिकेशन,3.274
4921,KNemo wireless icon theme,mr:,Marathi,qwen2.5-coder:7b,कनेमो वायुमंडल आयोजन थीम,3.023
4922,Archives:,mr:,Marathi,qwen2.5-coder:7b,अर्हावे:,1.257
4923,Index log:,mr:,Marathi,qwen2.5-coder:7b,प्रमाण लॉग:,1.602
4924,Photos of & Me,mr:,Marathi,qwen2.5-coder:7b,फोटो आणि माझे,1.694
4925,Mount CD,mr:,Marathi,qwen2.5-coder:7b,डीएस आढावा,1.685
4926,Link quality: %1,mr:,Marathi,qwen2.5-coder:7b,लिंक काळिकता: %1,2.151
4927,Copy From,mr:,Marathi,qwen2.5-coder:7b,प्रतिलिपी करण्यासाठी,2.286
4928,Delayed,mr:,Marathi,qwen2.5-coder:7b,मजबूत,1.004
4929,View Gantt,mr:,Marathi,qwen2.5-coder:7b,गंटी देखा,1.367
4930,Illumination:,mr:,Marathi,qwen2.5-coder:7b,प्रकाश:,1.213
4931,height,mr:,Marathi,qwen2.5-coder:7b,उंचीता,0.991
4932,& Brightness:,mr:,Marathi,qwen2.5-coder:7b,& आशा:,1.027
4933,Pencil tool,mr:,Marathi,qwen2.5-coder:7b,पेन टूल,1.319
4934,Rename...,mr:,Marathi,qwen2.5-coder:7b,नावाची बदलणे...,1.854
4935,& Open Photo,mr:,Marathi,qwen2.5-coder:7b,& फोटो खोला,1.61
4936,OpenGL version,mr:,Marathi,qwen2.5-coder:7b,वॉप्ली वर्शन,1.784
4937,Keyboard Repeat,mr:,Marathi,qwen2.5-coder:7b,कुंडली दुवळणे,1.825
4938,Memory Enhancement Game,mr:,Marathi,qwen2.5-coder:7b,महत्त्वाची वापरणे गेम,2.609
4939,Recalculation,mr:,Marathi,qwen2.5-coder:7b,पुनराकल्पना,1.815
4940,KDevelop Project Interface,mr:,Marathi,qwen2.5-coder:7b,कडेवलप परियोजना इंटरफейस,2.752
4941,Template Preview,mr:,Marathi,qwen2.5-coder:7b,प्रतिलिपी पूर्वावलोकन,2.514
4942,& Identity:,mr:,Marathi,qwen2.5-coder:7b,& आयडियाचे:,1.584
4943,negative,mr:,Marathi,qwen2.5-coder:7b,नकारात्या,1.381
4944,Server passwords,mr:,Marathi,qwen2.5-coder:7b,सर्वर पासवर्ड्स,1.869
4945,Remove & All,mr:,Marathi,qwen2.5-coder:7b,हटवा & सर्व,1.529
4946,Playlist name,mr:,Marathi,qwen2.5-coder:7b,प्लेलिस्ट नाव,1.722
4947,Target:,mr:,Marathi,qwen2.5-coder:7b,प्रतिनिधी:,1.385
4948,core developer,mr:,Marathi,qwen2.5-coder:7b,मुख्य विकासकार,1.76
4949,& Copy,mr:,Marathi,qwen2.5-coder:7b,& कॉपी करणा,1.391
4950,North Korean Won,mr:,Marathi,qwen2.5-coder:7b,नाउर्कोन वन,1.629
4951,Untranslated,mr:,Marathi,qwen2.5-coder:7b,अनुवाद झाला नाही,1.965
4952,Piecewise,mr:,Marathi,qwen2.5-coder:7b,पिच्वाईसाठी,1.515
4953,Province:,mr:,Marathi,qwen2.5-coder:7b,प्रदेश:,0.975
4954,With Custom Template,mr:,Marathi,qwen2.5-coder:7b,सामान्य टेम्पलेट वाढवणे,2.779
4955,Saving,mr:,Marathi,qwen2.5-coder:7b,साठन्य करण्यात आहे,2.168
4956,Print Plot,mr:,Marathi,qwen2.5-coder:7b,प्रिंट प्लॉट,1.591
4957,# of Items,mr:,Marathi,qwen2.5-coder:7b,आयामांची संख्या,1.896
4958,Czech Koruna,mr:,Marathi,qwen2.5-coder:7b,चेक कोरुना,1.432
4959,From Medium...,mr:,Marathi,qwen2.5-coder:7b,मध्यमाने...,1.333
4960,0 levels,mr:,Marathi,qwen2.5-coder:7b,0 त्यांचे स्तरे,1.85
4961,Ruins,mr:,Marathi,qwen2.5-coder:7b,रुइन्स,1.054
4962,Signing Key,mr:,Marathi,qwen2.5-coder:7b,सांगणकीय कुंजी,1.686
4963,Tibetan (Bhutan),mr:,Marathi,qwen2.5-coder:7b,तिब्यतन (भूटान),2.166
4964,Output: #x1234;,mr:,Marathi,qwen2.5-coder:7b,आउटपुट: #x1234;,2.088
4965,LDAP Password,mr:,Marathi,qwen2.5-coder:7b,LDAP पासवर्ड,1.456
4966,%1 inh.,mr:,Marathi,qwen2.5-coder:7b,%1 इंहीं.,1.439
4967,Not word boundary,mr:,Marathi,qwen2.5-coder:7b,नाव शीर्षक असला नाहीं,2.613
4968,& Attendees,mr:,Marathi,qwen2.5-coder:7b,& सहभागीयां,1.516
4969,"Server said: ""%1""",mr:,Marathi,qwen2.5-coder:7b,"सर्वर यादीला: ""%1",2.179
4970,Bottom Left,mr:,Marathi,qwen2.5-coder:7b,ताचे शीर्षक,1.577
4971,Middle East,mr:,Marathi,qwen2.5-coder:7b,मध्य पश्चिम,1.464
4972,Multiplayer,mr:,Marathi,qwen2.5-coder:7b,मल्याला,1.126
4973,Channel & password:,mr:,Marathi,qwen2.5-coder:7b,कॅन्चल आणि पासवर्ड:,2.286
4974,Surface Chart,mr:,Marathi,qwen2.5-coder:7b,पृष्ठभाग चार्ट,1.882
4975,Server HTTP Configuration,mr:,Marathi,qwen2.5-coder:7b,सर्वर HTTP व्यवस्था,2.221
4976,Toggle Full Screen,mr:,Marathi,qwen2.5-coder:7b,पूर्ण स्क्रीन बदला,2.206
4977,Turbulence:,mr:,Marathi,qwen2.5-coder:7b,तुर्बुलेंस:,1.606
4978,Channelsuite management,mr:,Marathi,qwen2.5-coder:7b,चौंसीटुशी मॅनेजमेंट,2.438
4979,Scan results,mr:,Marathi,qwen2.5-coder:7b,रिंकाचे परिणाम,1.696
4980,Parsing...,mr:,Marathi,qwen2.5-coder:7b,पार्सिंग...,1.383
4981,Soften,mr:,Marathi,qwen2.5-coder:7b,मोठवा,0.966
4982,Scan Interval...,mr:,Marathi,qwen2.5-coder:7b,स्कॅन अंतराल...,1.913
4983,Public,mr:,Marathi,qwen2.5-coder:7b,सामाजिक,1.145
4984,ParleyPractice is practiced.,mr:,Marathi,qwen2.5-coder:7b,परलीप्रौक्षण अभ्यासित आहे.,3.102
4985,Template directory,mr:,Marathi,qwen2.5-coder:7b,पट्टी दाखला,1.51
4986,Cisco - PC Router Card,mr:,Marathi,qwen2.5-coder:7b,कासिओस - प्रतिबिम्बकार चार्ड,2.898
4987,The Canvas Menu,mr:,Marathi,qwen2.5-coder:7b,कावनस मेनू,1.514
4988,Enable Arena,mr:,Marathi,qwen2.5-coder:7b,अरेना सक्षम करणे,1.893
4989,Strikeout:,mr:,Marathi,qwen2.5-coder:7b,उंदान करण्याचे:,1.898
4990,Subscribe,mr:,Marathi,qwen2.5-coder:7b,पाठवा,0.918
4991,& kde; web and & FTP; mirror sites,mr:,Marathi,qwen2.5-coder:7b,& kde; वेब आणि & FTP; मिरर साइट्स,3.086
4992,Eccentricity:,mr:,Marathi,qwen2.5-coder:7b,उत्साह:,1.326
4993,Chief Investigator,mr:,Marathi,qwen2.5-coder:7b,मुख्य विश्वासी,1.876
4994,Tile size,mr:,Marathi,qwen2.5-coder:7b,तालखातीचे आकार,1.898
4995,& Series...,mr:,Marathi,qwen2.5-coder:7b,& श्रृंखला...,1.515
4996,File view,mr:,Marathi,qwen2.5-coder:7b,फाइल दृश्य,1.524
4997,NavyBlue,mr:,Marathi,qwen2.5-coder:7b,नवीन ब्लू,1.437
4998,Filter Effects,mr:,Marathi,qwen2.5-coder:7b,फिल्टर आणि इफेक्ट्स,2.397
4999,timer,mr:,Marathi,qwen2.5-coder:7b,टाइमर,0.953
5000,Event Viewer,mr:,Marathi,qwen2.5-coder:7b,प्रसिद्धी दर्शक,1.857
5001,TV Viewer,mr:,Marathi,qwen2.5-coder:7b,त्व वाचक,1.267
5002,Wildcarded String,mr:,Marathi,qwen2.5-coder:7b,प्रसिद्ध शब्द,1.737
5003,Attached:,mr:,Marathi,qwen2.5-coder:7b,प्रतिलिपी आहे:,1.746
5004,< Custom >,mr:,Marathi,qwen2.5-coder:7b,<स्वतंत्र>,1.437
5005,Managing Tags,mr:,Marathi,qwen2.5-coder:7b,मार्गणे प्रबंधित करणे,2.291
5006,Slide Layouts,mr:,Marathi,qwen2.5-coder:7b,स्लाइड आकारे,1.741
5007,Figure Environment,mr:,Marathi,qwen2.5-coder:7b,प्रतिबिंब वातावरण,1.98
5008,UML Collections,mr:,Marathi,qwen2.5-coder:7b,UML संग्रहालयां,1.827
5009,Input/ Output Port Information,mr:,Marathi,qwen2.5-coder:7b,प्रवेश/उत्पादन निर्माण साठी जाहीरात,3.862
5010,disable,mr:,Marathi,qwen2.5-coder:7b,डिसेबल,1.293
5011,Alarm color:,mr:,Marathi,qwen2.5-coder:7b,आलामचे रंग:,1.568
5012,"(c) 2000, KDE developers",mr:,Marathi,qwen2.5-coder:7b,"(२०००, कडे विकासकारांनी)",3.539
5013,Latin,mr:,Marathi,qwen2.5-coder:7b,लॅटिन,1.08
5014,Translation memory,mr:,Marathi,qwen2.5-coder:7b,मानवाचे संदेशाचे संग्रह,2.479
5015,Strength:,mr:,Marathi,qwen2.5-coder:7b,साधारणतः शक्ती:,1.958
5016,Starts With,mr:,Marathi,qwen2.5-coder:7b,परिश्रमातील शिखरी आहे,2.372
5017,Autocorrection plugin,mr:,Marathi,qwen2.5-coder:7b,अतोमो वर्तमान योग्यता योग्यता योग्यता योग्यता योग्यता योग्यता योग्यता योग्यता योग्यता योग्यता योग्यत,10.271
5018,& Appearance,mr:,Marathi,qwen2.5-coder:7b,& व्यवहार,1.306
5019,Connection Time,mr:,Marathi,qwen2.5-coder:7b,संबंधाचे समय,1.552
5020,Upgrade Database,mr:,Marathi,qwen2.5-coder:7b,डेटाबेस अपग्रेड करा,2.267
5021,Print Manager,mr:,Marathi,qwen2.5-coder:7b,प्रिंट मॅनेजर,1.674
5022,Encryption key:,mr:,Marathi,qwen2.5-coder:7b,क्रिप्टोग्राफी कुंजी:,2.286
5023,Kolab user password,mr:,Marathi,qwen2.5-coder:7b,कोलब युजर पासवर्ड,2.16
5024,Texture List,mr:,Marathi,qwen2.5-coder:7b,पात्र योजना,1.457
5025,& Greeting:,mr:,Marathi,qwen2.5-coder:7b,& स्वागत:,1.273
5026,User Accounts,mr:,Marathi,qwen2.5-coder:7b,"योजना खालील असे अनुवादित करण्यात आहे:

खाता खातांंचे योजना",5.966
5027,Printing the crontab.,mr:,Marathi,qwen2.5-coder:7b,क्रोनटाब याची प्रिंट करणे.,2.827
5028,ivory2,mr:,Marathi,qwen2.5-coder:7b,ivory2,0.78
5029,& Spanish,mr:,Marathi,qwen2.5-coder:7b,& स्पेनिश,1.252
5030,& Done,mr:,Marathi,qwen2.5-coder:7b,& केला,0.884
5031,Miles,mr:,Marathi,qwen2.5-coder:7b,मिल्स,0.945
5032,Marc Mutz (mutz at kde org): Core developer,mr:,Marathi,qwen2.5-coder:7b,मार्च मुट्झे (मुट्झे आणि क्डी ऑर्ग): केव्हा विकासकार,5.626
5033,Composers,mr:,Marathi,qwen2.5-coder:7b,कार्यकारींचे नावे,2.211
5034,New row,mr:,Marathi,qwen2.5-coder:7b,नवीन रिंग्राजी,1.815
5035,Sprites,mr:,Marathi,qwen2.5-coder:7b,स्प्रिट्स,1.225
5036,& Create Project,mr:,Marathi,qwen2.5-coder:7b,& परियोजना बनाणा,1.9
5037,Restricted,mr:,Marathi,qwen2.5-coder:7b,प्रतिबंधित,1.356
5038,MetaBall Movement,mr:,Marathi,qwen2.5-coder:7b,म्याटा बाल आणि आणि आणि आणि आणि आणि आणि आणि आणि आणि आणि आणि आणि आणि आणि आणि आणि आणि आणि आणि आणि आणि आ,10.482
5039,Workgroup,mr:,Marathi,qwen2.5-coder:7b,कार्य समूह,1.464
5040,transactions,mr:,Marathi,qwen2.5-coder:7b,विनियोजने,1.548
5041,& Finished,mr:,Marathi,qwen2.5-coder:7b,& पूर्ण झाला,1.702
5042,Linediff: B < - > C,mr:,Marathi,qwen2.5-coder:7b,लाइन दिव्यांकरण: ब < - > च,3.336
5043,Serbia,mr:,Marathi,qwen2.5-coder:7b,सर्बिया,1.158
5044,Amount to pay (USD):,mr:,Marathi,qwen2.5-coder:7b,परिमाण जसे खरेदी करा (USD):,2.891
5045,Fair,mr:,Marathi,qwen2.5-coder:7b,समान,0.797
5046,Current DTD:,mr:,Marathi,qwen2.5-coder:7b,आणि वर्तमान DTD:,1.817
5047,File:,mr:,Marathi,qwen2.5-coder:7b,फाइल:,0.917
5048,non-vj,mr:,Marathi,qwen2.5-coder:7b,नाहीं-व्हीडियो,1.794
5049,Comment:,mr:,Marathi,qwen2.5-coder:7b,कृपया अपन्याचे माहिती देण्यासाठी या फाईलाचा नाव लिखा जाणा येणारे.,6.952
5050,Philippines,mr:,Marathi,qwen2.5-coder:7b,फिलिपिनों,1.407
5051,Feature,mr:,Marathi,qwen2.5-coder:7b,विशेषता,1.329
5052,View,mr:,Marathi,qwen2.5-coder:7b,प्रशिक्षण,1.193
5053,Print Plugins,mr:,Marathi,qwen2.5-coder:7b,प्रिंट योजना,1.512
5054,Translation Status,mr:,Marathi,qwen2.5-coder:7b,प्रशासनाचे अवस्था,2.07
5055,& Extensions,mr:,Marathi,qwen2.5-coder:7b,& अवशेषे,1.293
5056,Data Sets,mr:,Marathi,qwen2.5-coder:7b,डेटा सेट्स,1.372
5057,From Bottom,mr:,Marathi,qwen2.5-coder:7b,पूर्वी,1.122
5058,& XSLT file:,mr:,Marathi,qwen2.5-coder:7b,& XSLT फाइल:,1.607
5059,Medium Image,mr:,Marathi,qwen2.5-coder:7b,मध्यम चित्र,1.503
5060,Category:,mr:,Marathi,qwen2.5-coder:7b,श्रेणी:,1.045
5061,Akonadi Resources Configuration,mr:,Marathi,qwen2.5-coder:7b,आकोणडी रसोई व्यवस्था,2.609
5062,blue3,mr:,Marathi,qwen2.5-coder:7b,ब्लू3,1.05
5063,"Equal. eq(a, b) = a=b",mr:,Marathi,qwen2.5-coder:7b,"समान. eq(a, b) = a=b",1.988
5064,suspended,mr:,Marathi,qwen2.5-coder:7b,सुंदरणाली,1.569
5065,Gears,mr:,Marathi,qwen2.5-coder:7b,गिर्हांसाठी,1.495
5066,Print Warning,mr:,Marathi,qwen2.5-coder:7b,प्रिंट वारन्ग,1.62
5067,My Printer,mr:,Marathi,qwen2.5-coder:7b,माझे प्रिंटर,1.495
5068,CDDA Extractor for KDE,mr:,Marathi,qwen2.5-coder:7b,कड्डा एक्स्ट्रॅक्टर के लिए क्डी एफ डी ए,4.115
5069,By Name,mr:,Marathi,qwen2.5-coder:7b,नावाचे आणि वर्ग अनुसार,2.682
5070,of Shawwal,mr:,Marathi,qwen2.5-coder:7b,शावलाच्या मध्ये,1.948
5071,Paper height (cm):,mr:,Marathi,qwen2.5-coder:7b,पेपरची ऊळखी (सेंटीमीटर):,2.871
5072,event,mr:,Marathi,qwen2.5-coder:7b,समयाचे घटना,1.673
5073,Membership type:,mr:,Marathi,qwen2.5-coder:7b,सदस्यता प्रकार:,1.717
5074,CJK Compatibility,mr:,Marathi,qwen2.5-coder:7b,संस्कृत योजना संगती,2.393
5075,Scalable Graphics,mr:,Marathi,qwen2.5-coder:7b,स्केलेबल ग्राफिक्स,2.286
5076,How to obtain & kdiff3;,mr:,Marathi,qwen2.5-coder:7b,कैसे & kdiff3 अभ्यास करून प्राप्त करून;,4.028
5077,Drawn,mr:,Marathi,qwen2.5-coder:7b,पाठवला,1.034
5078,Refresh rate:,mr:,Marathi,qwen2.5-coder:7b,तरफारी दर:,1.405
5079,Table View,mr:,Marathi,qwen2.5-coder:7b,ताबली व्यवस्था,1.759
5080,Accessed,mr:,Marathi,qwen2.5-coder:7b,आवेदित केले गेले,1.877
5081,Runtime: %1ms,mr:,Marathi,qwen2.5-coder:7b,रनटाइम: %1मिसेकंड,2.382
5082,Company Proprietary,mr:,Marathi,qwen2.5-coder:7b,कंपनीचे स्वतंत्रता,2.394
5083,Lower,mr:,Marathi,qwen2.5-coder:7b,लोअप,0.998
5084,Upper Case,mr:,Marathi,qwen2.5-coder:7b,उपरी शब्दांचे अक्षरे,2.319
5085,(No Stack),mr:,Marathi,qwen2.5-coder:7b,(नाहीले डिस्काड),2.006
5086,Call(s) to %1,mr:,Marathi,qwen2.5-coder:7b,प्रतियोग (साठी) %1,2.173
5087,Spectator,mr:,Marathi,qwen2.5-coder:7b,प्रतिबंधी,1.287
5088,& Ctrl; Right Arrow,mr:,Marathi,qwen2.5-coder:7b,& Ctrl; दाखला अंश,1.912
5089,Fear of Heights,mr:,Marathi,qwen2.5-coder:7b,उच्चाई दावा,1.586
5090,No recipients,mr:,Marathi,qwen2.5-coder:7b,नाहीले प्रतिभागीतीय व्यक्तींचे नाव असे दिले आहे.,4.982
5091,Folder Selection,mr:,Marathi,qwen2.5-coder:7b,फोल्डर चयन,1.505
5092,Previous Sentence,mr:,Marathi,qwen2.5-coder:7b,पिछील्या वाक्याचे,2.181
5093,Builtin,mr:,Marathi,qwen2.5-coder:7b,प्राधान्याचे,1.514
5094,Batch Processing,mr:,Marathi,qwen2.5-coder:7b,बॅच प्रक्रिया,1.513
5095,Game Save,mr:,Marathi,qwen2.5-coder:7b,खेळ सुरक्षित करणे,1.983
5096,Documentation & copy; 2004 Keith Isdale,mr:,Marathi,qwen2.5-coder:7b,दस्तऐवज & कॉपीराइट; 2004 कीथ इसडेल,4.029
5097,Mobile,mr:,Marathi,qwen2.5-coder:7b,मोबाइल,0.993
5098,& Cleanup,mr:,Marathi,qwen2.5-coder:7b,& सफाई करणा,1.285
5099,increase,mr:,Marathi,qwen2.5-coder:7b,बढवा,1.072
5100,2nd pile,mr:,Marathi,qwen2.5-coder:7b,2व्या टापीला,1.738
5101,Profile Dumps,mr:,Marathi,qwen2.5-coder:7b,प्रोफाइल डॉम्प्स,2.026
5102,LightSeaGreen,mr:,Marathi,qwen2.5-coder:7b,लाइटसीएयरजन,1.621
5103,Organization,mr:,Marathi,qwen2.5-coder:7b,संस्था,1.014
5104,Default Policy,mr:,Marathi,qwen2.5-coder:7b,डिफॉल्ट नियम,1.699
5105,Synchronization,mr:,Marathi,qwen2.5-coder:7b,संश्लेषण,1.237
5106,Ipod Collection,mr:,Marathi,qwen2.5-coder:7b,आप्पोड कॉलेक्शन,1.932
5107,brown,mr:,Marathi,qwen2.5-coder:7b,ब्रोन्या,1.129
5108,Scaling capability,mr:,Marathi,qwen2.5-coder:7b,स्केलिंग क्षमता,1.782
5109,First-Last Sector,mr:,Marathi,qwen2.5-coder:7b,पहिला-अंतिम क्षेत्र,2.228
5110,Help document version,mr:,Marathi,qwen2.5-coder:7b,दस्तऐवजीकरण वर्गीकरण,2.531
5111,& First language:,mr:,Marathi,qwen2.5-coder:7b,& पहिला भाषा:,1.655
5112,Transparency,mr:,Marathi,qwen2.5-coder:7b,प्रकाशता,1.157
5113,Enable antialiasing,mr:,Marathi,qwen2.5-coder:7b,अंटी-अलियासिंग योग्य करणा,2.949
5114,None.,mr:,Marathi,qwen2.5-coder:7b,नाही.,0.928
5115,3rd pile,mr:,Marathi,qwen2.5-coder:7b,तिसाचा आकार,1.603
5116,Pad 1 - New Age,mr:,Marathi,qwen2.5-coder:7b,पद 1 - नव आयु,1.743
5117,Archived,mr:,Marathi,qwen2.5-coder:7b,अर्हित,1.015
5118,Transfer error,mr:,Marathi,qwen2.5-coder:7b,प्रसार त्रुटी,1.476
5119,DarkOliveGreen,mr:,Marathi,qwen2.5-coder:7b,डार्क ऑल्वीजन,1.796
5120,Pin Wheel,mr:,Marathi,qwen2.5-coder:7b,पिन वैल्व,1.436
5121,& Visibility,mr:,Marathi,qwen2.5-coder:7b,& दृष्टिकोण,1.698
5122,Conversion,mr:,Marathi,qwen2.5-coder:7b,परिवर्तन,1.218
5123,Course name: %1,mr:,Marathi,qwen2.5-coder:7b,कोर्सचे नाव: %1,1.947
5124,@ (#064;) Commercial at sign,mr:,Marathi,qwen2.5-coder:7b,"@"" (#064;) कार्यालयाचे अंकड़ा",3.403
5125,& Until,mr:,Marathi,qwen2.5-coder:7b,& ते अन्त ते,1.603
5126,battleship,mr:,Marathi,qwen2.5-coder:7b,बाटलशिप,1.197
5127,SVG Images,mr:,Marathi,qwen2.5-coder:7b,SVG चित्रे,1.134
5128,Does nothing,mr:,Marathi,qwen2.5-coder:7b,नाहीतोड्या,1.404
5129,Clanbomber Big Standard,mr:,Marathi,qwen2.5-coder:7b,क्लॅनबोम्बर बड्या मानक,2.891
5130,Wish List,mr:,Marathi,qwen2.5-coder:7b,शप्ताची सूची,1.723
5131,Blue Curl,mr:,Marathi,qwen2.5-coder:7b,बूँद गुल्ली,1.703
5132,KDE Address Book,mr:,Marathi,qwen2.5-coder:7b,कडे अपनाही यांचे यांचे यांचे यांचे यांचे यांचे यांचे यांचे यांचे यांचे यांचे यांचे यांचे यांचे यांचे,10.358
5133,KHotkeys file id.,mr:,Marathi,qwen2.5-coder:7b,खोटीक्षे फाइल आयडी.,2.49
5134,Using & kmenuedit;,mr:,Marathi,qwen2.5-coder:7b,उपयोग & kmenuedit;,1.72
5135,System colors:,mr:,Marathi,qwen2.5-coder:7b,प्रणाली रंगे:,1.656
5136,Demo Liquid,mr:,Marathi,qwen2.5-coder:7b,डेमो लिक्विड,1.658
5137,Handedness,mr:,Marathi,qwen2.5-coder:7b,हांडफुक्याची शक्ती,2.271
5138,Afghan Afghani,mr:,Marathi,qwen2.5-coder:7b,अफगानी अफगानी,1.88
5139,Size Canvas...,mr:,Marathi,qwen2.5-coder:7b,आकार चापना...,1.571
5140,SSH protocol version,mr:,Marathi,qwen2.5-coder:7b,शैली वैशिष्ट्य,2.298
5141,A themable analog clock,mr:,Marathi,qwen2.5-coder:7b,एक विशेषित अनौपचारिक घडी,3.144
5142,Delete widget,mr:,Marathi,qwen2.5-coder:7b,विड्गेट अड्वकारण करणा,2.421
5143,Channel:,mr:,Marathi,qwen2.5-coder:7b,कांडला:,1.134
5144,& Event List,mr:,Marathi,qwen2.5-coder:7b,& घटना सूची,1.572
5145,Play List,mr:,Marathi,qwen2.5-coder:7b,प्ले लिस्ट,1.451
5146,The Box,mr:,Marathi,qwen2.5-coder:7b,बॉक्स,1.085
5147,Article Training,mr:,Marathi,qwen2.5-coder:7b,अर्टिकल ट्रेनिंग,1.957
5148,Weather for %1,mr:,Marathi,qwen2.5-coder:7b,वेटर लागून आहे %1,2.268
5149,Gaussian:,mr:,Marathi,qwen2.5-coder:7b,गॅसियन:,1.284
5150,Speed:,mr:,Marathi,qwen2.5-coder:7b,तेल्या:,1.229
5151,Dvorak Spanish,mr:,Marathi,qwen2.5-coder:7b,ड्वोरक अंग्रेजी,1.915
5152,Mathgroup:,mr:,Marathi,qwen2.5-coder:7b,मॅथग्रुप:,1.366
5153,Statistics in & ktouch;,mr:,Marathi,qwen2.5-coder:7b,सांख्यिकी & क्टूचे;,2.473
5154,Hot Pixels Correction,mr:,Marathi,qwen2.5-coder:7b,हॉट पिक्सल कार्यात्मकता,2.622
5155,Jordanian Dinar,mr:,Marathi,qwen2.5-coder:7b,जोर्डनी डिनर,1.75
5156,& Game,mr:,Marathi,qwen2.5-coder:7b,& खेल,0.948
5157,& Channel file,mr:,Marathi,qwen2.5-coder:7b,& चॅन्यल फाइल,1.882
5158,Source Folder,mr:,Marathi,qwen2.5-coder:7b,स्रोत फोल्डर,1.538
5159,%1 (Current),mr:,Marathi,qwen2.5-coder:7b,%1 (आणि अधिकारित),2.063
5160,American foolscap,mr:,Marathi,qwen2.5-coder:7b,अमेरिकी फूल्सकाप,2.287
5161,No captions,mr:,Marathi,qwen2.5-coder:7b,नाहीत शीर्षके,1.796
5162,channel owner,mr:,Marathi,qwen2.5-coder:7b,कांडल्याचे मालिक,1.977
5163,Currencies,mr:,Marathi,qwen2.5-coder:7b,मुद्दे,1.045
5164,Download added,mr:,Marathi,qwen2.5-coder:7b,डाउनलोड जोडले गेले,2.218
5165,Cloudy weather,mr:,Marathi,qwen2.5-coder:7b,सागरी वार्ता,1.751
5166,Angular distance:,mr:,Marathi,qwen2.5-coder:7b,अंग्रेजी दूरी:,1.981
5167,Vector Difference,mr:,Marathi,qwen2.5-coder:7b,वेक्टर अंतर,1.627
5168,Stop Layouting,mr:,Marathi,qwen2.5-coder:7b,पॅक्ट घेणे रोकणे,2.404
5169,& Network,mr:,Marathi,qwen2.5-coder:7b,& नेटवर्क,1.407
5170,Move Up,mr:,Marathi,qwen2.5-coder:7b,उत्तराच्या दिशेत झाला,2.604
5171,internationalization,mr:,Marathi,qwen2.5-coder:7b,अंतर्राष्ट्रीयीकरण,2.093
5172,KDE Input Method Panel,mr:,Marathi,qwen2.5-coder:7b,कडे इनपुट मध्यम पन्ने,2.521
5173,300 DPI Color,mr:,Marathi,qwen2.5-coder:7b,300 डीपीआई क्लर्कोलर,2.402
5174,Spanish (Honduras),mr:,Marathi,qwen2.5-coder:7b,स्पेनिश (होंडुरास),2.182
5175,Gamma Correction,mr:,Marathi,qwen2.5-coder:7b,गम्मा कॉर्टिशन,1.861
5176,Ghostscript Resolution,mr:,Marathi,qwen2.5-coder:7b,गॅस्टस्क्रिप्ट रिशोल्यूशन,2.985
5177,Add hydrogens,mr:,Marathi,qwen2.5-coder:7b,हाडोज जोडणा,1.555
5178,Float 64-bit,mr:,Marathi,qwen2.5-coder:7b,64-बिट फ्लॉट,1.801
5179,& Add Podcast,mr:,Marathi,qwen2.5-coder:7b,& एड पोस्टकाड,1.655
5180,Lookahead,mr:,Marathi,qwen2.5-coder:7b,प्रतिश्लेषण,1.466
5181,Copying theme,mr:,Marathi,qwen2.5-coder:7b,थीम को कॉपी करता,1.759
5182,Game difficulty.,mr:,Marathi,qwen2.5-coder:7b,खेळाचे कठीणता.,1.687
5183,Save As (%1),mr:,Marathi,qwen2.5-coder:7b,साठी बनवा (%1),1.845
5184,Duration: %1,mr:,Marathi,qwen2.5-coder:7b,वेळ: %1,1.094
5185,The Zenith,mr:,Marathi,qwen2.5-coder:7b,परिमाणाचे शीर्षक,2.205
5186,geography,mr:,Marathi,qwen2.5-coder:7b,ज्योतिष्की,1.427
5187,Structure,mr:,Marathi,qwen2.5-coder:7b,संरचना,0.981
5188,last week,mr:,Marathi,qwen2.5-coder:7b,पिछ्ला वारी,1.482
5189,Tape block size:,mr:,Marathi,qwen2.5-coder:7b,तापे ब्लॉक आकार:,2.173
5190,New Signal Handler,mr:,Marathi,qwen2.5-coder:7b,नव्हा साइगनल हॅंडलर,2.331
5191,Registration Data,mr:,Marathi,qwen2.5-coder:7b,पंजीकरण डेटा,1.581
5192,DarkRed,mr:,Marathi,qwen2.5-coder:7b,काळे लाल,1.197
5193,VGA forwarding,mr:,Marathi,qwen2.5-coder:7b,व्यवस्थापन व्याख्या,2.327
5194,& Rotation:,mr:,Marathi,qwen2.5-coder:7b,& घोषणा:,1.272
5195,Crop,mr:,Marathi,qwen2.5-coder:7b,कारणा,0.967
5196,Alaska Time,mr:,Marathi,qwen2.5-coder:7b,अलॅस्का समय,1.517
5197,angle variance,mr:,Marathi,qwen2.5-coder:7b,कोणत्याचे अंतर,1.802
5198,Currency Calculator,mr:,Marathi,qwen2.5-coder:7b,मानवरील गणक,1.565
5199,Color deformation,mr:,Marathi,qwen2.5-coder:7b,रंग विस्तार,1.545
5200,Training,mr:,Marathi,qwen2.5-coder:7b,त्रेनिंग,1.098
5201,Contribute...,mr:,Marathi,qwen2.5-coder:7b,प्रदान करा...,1.413
5202,Font Color:,mr:,Marathi,qwen2.5-coder:7b,फॉन्ट कार्यालय:,1.984
5203,Klipper version,mr:,Marathi,qwen2.5-coder:7b,क्लिपपर्याय वर्षणा,2.237
5204,Kalzium concentration Calculator,mr:,Marathi,qwen2.5-coder:7b,काल्जियम कांसेंट्रेशन गणक,2.892
5205,Tab position:,mr:,Marathi,qwen2.5-coder:7b,ताब स्थिती:,1.481
5206,Spiral number:,mr:,Marathi,qwen2.5-coder:7b,सर्पाचे संख्या:,1.834
5207,The Account menu,mr:,Marathi,qwen2.5-coder:7b,खाता मेनू,1.311
5208,Function & 1:,mr:,Marathi,qwen2.5-coder:7b,Function & 1:,1.071
5209,Configuration,mr:,Marathi,qwen2.5-coder:7b,कॉन्फिगरेशन,1.626
5210,First matrix,mr:,Marathi,qwen2.5-coder:7b,पहिला मॅट्रिक्स,1.8
5211,Advanced > >,mr:,Marathi,qwen2.5-coder:7b,उच्च शिक्षण > >,1.89
5212,9th Last,mr:,Marathi,qwen2.5-coder:7b,9व्या पछीच्या,1.752
5213,Clean,mr:,Marathi,qwen2.5-coder:7b,चист करणा,0.984
5214,honeydew,mr:,Marathi,qwen2.5-coder:7b,हून्याड्वा,1.545
5215,"Cordially,",mr:,Marathi,qwen2.5-coder:7b,"म्हणजे,",1.25
5216,& kde; applications,mr:,Marathi,qwen2.5-coder:7b,& kde; अप्लिकेशन्स,2.101
5217,DVI Viewer,mr:,Marathi,qwen2.5-coder:7b,डीवी व्यवहारकर्ता,2.159
5218,What is & ktouch;?,mr:,Marathi,qwen2.5-coder:7b,कितने &ktouch; होते?,1.926
5219,Keyboard Layout,mr:,Marathi,qwen2.5-coder:7b,कुंदली आणि विकास,1.947
5220,rectTemperatureVariance,mr:,Marathi,qwen2.5-coder:7b,वर्तमान तापमान विविधता,2.771
5221,& quality,mr:,Marathi,qwen2.5-coder:7b,& गुणवत्ता,1.454
5222,Aperture Value,mr:,Marathi,qwen2.5-coder:7b,प्रत्यास्थापन मान,2.066
5223,Dim target color:,mr:,Marathi,qwen2.5-coder:7b,निर्धारित रंग:,1.998
5224,Add Transport,mr:,Marathi,qwen2.5-coder:7b,परिवार जोडा,1.789
5225,Speed,mr:,Marathi,qwen2.5-coder:7b,गती,0.7
5226,Serial Number,mr:,Marathi,qwen2.5-coder:7b,सर्व नंबर,1.29
5227,Transfer Timer,mr:,Marathi,qwen2.5-coder:7b,टांफर टाईमर,1.563
5228,"Cyan, Yellow",mr:,Marathi,qwen2.5-coder:7b,"कायन, याळा",1.519
5229,Section:,mr:,Marathi,qwen2.5-coder:7b,शेअक्शन:,1.328
5230,Exposure time:,mr:,Marathi,qwen2.5-coder:7b,प्रतिबंध समय:,1.591
5231,A hexagon,mr:,Marathi,qwen2.5-coder:7b,हेक्सागोन,1.42
5232,Thumbnail is null,mr:,Marathi,qwen2.5-coder:7b,पिच नाहीत,1.387
5233,Talker:,mr:,Marathi,qwen2.5-coder:7b,पोहोचक:,1.255
5234,Possible,mr:,Marathi,qwen2.5-coder:7b,प्रायोगिक,1.24
5235,Gameport controller,mr:,Marathi,qwen2.5-coder:7b,गेमपोर्ट कंट्रोलर,1.92
5236,Foreground Color,mr:,Marathi,qwen2.5-coder:7b,प्रसिद्ध रंग,1.551
5237,Suspended & rsibreak;,mr:,Marathi,qwen2.5-coder:7b,सुंदर रसीब्रेक;,2.096
5238,FX 5 - Brightness,mr:,Marathi,qwen2.5-coder:7b,FX 5 - आशा,1.43
5239,Scrambled:,mr:,Marathi,qwen2.5-coder:7b,सुंदरित केले:,1.731
5240,"Colour, fast, CMYK",mr:,Marathi,qwen2.5-coder:7b,"रंग, तेज, CMYK",1.812
5241,Part,mr:,Marathi,qwen2.5-coder:7b,भाग,0.736
5242,Transfer History,mr:,Marathi,qwen2.5-coder:7b,प्रसारातिचे इतिहास,2.127
5243,Modify Transport,mr:,Marathi,qwen2.5-coder:7b,परिवर्तन करा,1.737
5244,Video Clip Data Engine,mr:,Marathi,qwen2.5-coder:7b,वीडियो क्लिप डेटा इंजीन,2.592
5245,Area Chart,mr:,Marathi,qwen2.5-coder:7b,क्षेत्र चार्ट,1.849
5246,Keyboard Identification Data,mr:,Marathi,qwen2.5-coder:7b,कुंजीपटक आवकारण डाटा,2.4
5247,Background Tool,mr:,Marathi,qwen2.5-coder:7b,पृथ्वीचे बॅकग्राउंड टूल,2.98
5248,Major Operation Modes:,mr:,Marathi,qwen2.5-coder:7b,महत्त्वाची कार्यात्मक विधिविधी:,3.378
5249,Exterior view,mr:,Marathi,qwen2.5-coder:7b,पार्यटी दृश्य,1.914
5250,Execute Script,mr:,Marathi,qwen2.5-coder:7b,स्क्रिप्ट चालू करा,2.394
5251,File size (in bytes):,mr:,Marathi,qwen2.5-coder:7b,फाईल आकार (बायटांना):,2.402
5252,Driver Selection,mr:,Marathi,qwen2.5-coder:7b,चालक चयन,1.249
5253,blue4,mr:,Marathi,qwen2.5-coder:7b,ब्लू4,1.05
5254,Fadeout & duration:,mr:,Marathi,qwen2.5-coder:7b,फॅडआउट आणि दुर्लंबन:,2.513
5255,created %1 in %2,mr:,Marathi,qwen2.5-coder:7b,%1 निर्माण केले गेले %2 मध्ये,3.078
5256,Deutsche Mark (DEM),mr:,Marathi,qwen2.5-coder:7b,देव्व्हायचे रुपया (DEM),2.603
5257,Do & not descend:,mr:,Marathi,qwen2.5-coder:7b,नाही & अत्याचार करा:,2.469
5258,Talk to %1,mr:,Marathi,qwen2.5-coder:7b,साठा %1,1.358
5259,OpenPGP signing key,mr:,Marathi,qwen2.5-coder:7b,ओपनपीजीपी सांगण चालक,2.479
5260,Image Editor,mr:,Marathi,qwen2.5-coder:7b,चित्र संपादक,1.491
5261,Maximum width:,mr:,Marathi,qwen2.5-coder:7b,माहिती अधिकार:,1.872
5262,Subsections,mr:,Marathi,qwen2.5-coder:7b,उप-भागांचे,1.478
5263,Skill,mr:,Marathi,qwen2.5-coder:7b,कौशल्या,1.221
5264,untitled,mr:,Marathi,qwen2.5-coder:7b,नावाचे नाव नाहीत,2.051
5265,Gravity Setup,mr:,Marathi,qwen2.5-coder:7b,गुरुत्वाकर्षण सेटअप,2.186
5266,Kyrgyzstan,mr:,Marathi,qwen2.5-coder:7b,कार्जिजस्तान,1.628
5267,Preview In,mr:,Marathi,qwen2.5-coder:7b,पूर्वानुभव करा,1.955
5268,Image file:,mr:,Marathi,qwen2.5-coder:7b,फोटो फाइल:,1.436
5269,File Information...,mr:,Marathi,qwen2.5-coder:7b,फाइल जाहीरात...,1.664
5270,Audio Settings,mr:,Marathi,qwen2.5-coder:7b,आवडण्याचे सेटिंग्स,2.063
5271,Help Index,mr:,Marathi,qwen2.5-coder:7b,मदत शाखा,1.259
5272,YellowGreen,mr:,Marathi,qwen2.5-coder:7b,पीले-हरियाला,1.594
5273,Snapshot file:,mr:,Marathi,qwen2.5-coder:7b,शून्याचा फाइल:,1.851
5274,Program Features,mr:,Marathi,qwen2.5-coder:7b,प्रोग्रामचे विशेषतां,2.207
5275,Image file,mr:,Marathi,qwen2.5-coder:7b,फोटो फाइल,1.379
5276,One Sided,mr:,Marathi,qwen2.5-coder:7b,एक ओनसाइडेड,1.595
5277,Numeral,mr:,Marathi,qwen2.5-coder:7b,नंबर,0.829
5278,Spanish,mr:,Marathi,qwen2.5-coder:7b,स्पेनिश,1.055
5279,US Dollar (Same day),mr:,Marathi,qwen2.5-coder:7b,यूएस डॉलर (तुलनातः दिवशी),3.157
5280,A6 Card,mr:,Marathi,qwen2.5-coder:7b,आणि 6 कार्ड,1.537
5281,Job Separation,mr:,Marathi,qwen2.5-coder:7b,वैशिष्ट्य विभाजन,2.349
5282,System Settings View,mr:,Marathi,qwen2.5-coder:7b,प्रणाली सेटिंग्स दृशी,2.397
5283,Meaning,mr:,Marathi,qwen2.5-coder:7b,मानाचे,1.05
5284,nokey,mr:,Marathi,qwen2.5-coder:7b,नाहीं,0.938
5285,Mine fuel:,mr:,Marathi,qwen2.5-coder:7b,मायन फुल:,1.312
5286,Icon Position,mr:,Marathi,qwen2.5-coder:7b,आयोजनाचे स्थान,1.756
5287,Network Functions,mr:,Marathi,qwen2.5-coder:7b,नेटवर्क फंक्शन्स,1.966
5288,To screen,mr:,Marathi,qwen2.5-coder:7b,स्क्रीन पर जाऊं,1.701
5289,Executable Scripts,mr:,Marathi,qwen2.5-coder:7b,प्रोग्रामीक शॅर्टकट्स,2.422
5290,Volume Size:,mr:,Marathi,qwen2.5-coder:7b,आयाम आकार:,1.515
5291,& Pressure:,mr:,Marathi,qwen2.5-coder:7b,& दाबी:,1.183
5292,< < Files,mr:,Marathi,qwen2.5-coder:7b,< < फाइल्स,1.431
5293,File Location,mr:,Marathi,qwen2.5-coder:7b,स्थानानुसार फाइल,2.097
5294,Mr.,mr:,Marathi,qwen2.5-coder:7b,म.स.,0.838
5295,Copy Color,mr:,Marathi,qwen2.5-coder:7b,कार्यालय कार्यालय कार्यालय कार्यालय कार्यालय कार्यालय कार्यालय कार्यालय कार्यालय कार्यालय कार्यालय कार्यालय कार,10.141
5296,Text & Alignment,mr:,Marathi,qwen2.5-coder:7b,पाठ्यक्रम आणि संरचना,2.443
5297,year,mr:,Marathi,qwen2.5-coder:7b,वर्ष,0.827
5298,Minimized,mr:,Marathi,qwen2.5-coder:7b,मिळवले,1.05
5299,Drawing Program,mr:,Marathi,qwen2.5-coder:7b,चित्र ग्राहक,1.408
5300,Zoom in (x 6),mr:,Marathi,qwen2.5-coder:7b,पेक्षा जावणे (6 गुना),2.587
5301,Video Collection,mr:,Marathi,qwen2.5-coder:7b,वीडियो संग्रह,1.596
5302,Scrollback limit:,mr:,Marathi,qwen2.5-coder:7b,स्क्रॉल बॉक्स लिमिट:,2.703
5303,Peak acceleration:,mr:,Marathi,qwen2.5-coder:7b,पर्याप्त वेगांतरण:,2.218
5304,& New Row,mr:,Marathi,qwen2.5-coder:7b,& नवीन रिंग्राजी,1.956
5305,At Sea,mr:,Marathi,qwen2.5-coder:7b,आणि ते ते ते ते ते ते ते ते ते ते ते ते ते ते ते ते ते ते ते ते ते ते ते ते ते ते ते ते ते ते ते ते,10.258
5306,& Complete:,mr:,Marathi,qwen2.5-coder:7b,& पूर्ण करण्याचे:,1.982
5307,MD5 Shadow passwords,mr:,Marathi,qwen2.5-coder:7b,MD5 शेडोवर पासवर्ड्स,2.567
5308,Great Circles,mr:,Marathi,qwen2.5-coder:7b,ग्रेट सर्कल्स,1.56
5309,Black Frame...,mr:,Marathi,qwen2.5-coder:7b,काले फ्रेम...,1.417
5310,Enrollment type: %1,mr:,Marathi,qwen2.5-coder:7b,प्रवेश प्रकार: %1,2.116
5311,& Single Human (Arcade),mr:,Marathi,qwen2.5-coder:7b,& एक व्यक्ती (अर्काड),2.504
5312,Paper Color,mr:,Marathi,qwen2.5-coder:7b,पत्रकारी रंग,1.535
5313,Accessibility,mr:,Marathi,qwen2.5-coder:7b,अभ्यासक्रमण,1.37
5314,Formula Settings,mr:,Marathi,qwen2.5-coder:7b,फॉर्मूला सेटिंग्स,2.251
5315,Time Zone:,mr:,Marathi,qwen2.5-coder:7b,समय जांचे:,1.501
5316,KalziumPlasma Configuration,mr:,Marathi,qwen2.5-coder:7b,काल्जियम प्लास्मा कॉन्फिगरेशन,3.282
5317,Sensitivity,mr:,Marathi,qwen2.5-coder:7b,संवेदनशीलता,1.56
5318,Paint Program,mr:,Marathi,qwen2.5-coder:7b,पेंट प्रोग्राम,1.552
5319,& Machine (hostname):,mr:,Marathi,qwen2.5-coder:7b,& मशीन (होस्टनाम):,2.105
5320,Width,mr:,Marathi,qwen2.5-coder:7b,वाईडथ,0.945
5321,& Strict mode,mr:,Marathi,qwen2.5-coder:7b,& शून्य अवधारणा,2.151
5322,Vector Class Name,mr:,Marathi,qwen2.5-coder:7b,वेक्टर क्लासचे नाव,2.277
5323,New Schema,mr:,Marathi,qwen2.5-coder:7b,नव शैक्षा,1.449
5324,KDE X Screen Saver Configuration tool,mr:,Marathi,qwen2.5-coder:7b,कडे एक्स स्क्रीन सैवर कॉन्फिगरेशन टूल,4.42
5325,preview window,mr:,Marathi,qwen2.5-coder:7b,पूर्वीकृत जंकी,1.979
5326,Waves Vert.,mr:,Marathi,qwen2.5-coder:7b,वॉव्स वर्ट.,1.628
5327,Average days,mr:,Marathi,qwen2.5-coder:7b,माध्यमान दिवसे,1.956
5328,Form Design,mr:,Marathi,qwen2.5-coder:7b,फॉर्म डिजाइन,1.685
5329,Stamp Collection,mr:,Marathi,qwen2.5-coder:7b,स्टॅम्प संग्रह,1.762
5330,Display comments,mr:,Marathi,qwen2.5-coder:7b,प्रतिक्रिया दाखवणे,1.956
5331,Cash,mr:,Marathi,qwen2.5-coder:7b,काश,0.706
5332,Link quality,mr:,Marathi,qwen2.5-coder:7b,संबंधी गुणवत्ता,1.973
5333,Class Operations,mr:,Marathi,qwen2.5-coder:7b,कक्षाचे कार्यात्मकता,2.373
5334,Subject distance:,mr:,Marathi,qwen2.5-coder:7b,दृष्टी दूरी:,1.94
5335,Anamorphic (16:9),mr:,Marathi,qwen2.5-coder:7b,अनामोफिरिक (16:9),2.224
5336,Quicksearch,mr:,Marathi,qwen2.5-coder:7b,खोजा,0.833
5337,Orientation:,mr:,Marathi,qwen2.5-coder:7b,स्थापना:,1.268
5338,WY rotation speed,mr:,Marathi,qwen2.5-coder:7b,व्यायाम गति,1.55
5339,Group 2:,mr:,Marathi,qwen2.5-coder:7b,ग्रुप 2:,1.183
5340,Serial #:,mr:,Marathi,qwen2.5-coder:7b,सरियाचा नंबर:,1.76
5341,of March,mr:,Marathi,qwen2.5-coder:7b,मार्चाच्या मध्ये,1.888
5342,Playlist Toolbar,mr:,Marathi,qwen2.5-coder:7b,प्लेलीस्ट टूलबार,2.15
5343,Report Name,mr:,Marathi,qwen2.5-coder:7b,नावाचे रिपोर्ट,1.883
5344,Number of bit:,mr:,Marathi,qwen2.5-coder:7b,बिटांची संख्या:,1.999
5345,Comparative:,mr:,Marathi,qwen2.5-coder:7b,परिसंपादन:,1.619
5346,Do you want to ignore %1?,mr:,Marathi,qwen2.5-coder:7b,आपने %1 अनुमती देणा चाहते होते?,3.57
5347,Class of Printers,mr:,Marathi,qwen2.5-coder:7b,प्रिंटरांचे कक्षा,1.946
5348,Watches,mr:,Marathi,qwen2.5-coder:7b,वाट्च्या,1.248
5349,Double whole,mr:,Marathi,qwen2.5-coder:7b,दोन जोड्या,1.439
5350,Inheritance depth,mr:,Marathi,qwen2.5-coder:7b,परंतुनावारी दृष्टी,2.477
5351,Gemini,mr:,Marathi,qwen2.5-coder:7b,गेमिनी,1.036
5352,Page Properties,mr:,Marathi,qwen2.5-coder:7b,पृष्ठाचे प्रौत्थम्यात्मक सामग्री,3.444
5353,Recent file:,mr:,Marathi,qwen2.5-coder:7b,फायल अधिकारिक आहे:,2.33
5354,Speak,mr:,Marathi,qwen2.5-coder:7b,आणण्यात जवळणे,1.882
5355,Color mode:,mr:,Marathi,qwen2.5-coder:7b,रंग मोड:,1.16
5356,"Europe, Eastern",mr:,Marathi,qwen2.5-coder:7b,"यूरोप, पश्चिमी",1.946
5357,IM Panel Settings,mr:,Marathi,qwen2.5-coder:7b,IM पने असेचे सेटिंग्स,2.514
5358,Shield amount,mr:,Marathi,qwen2.5-coder:7b,शिल्ड राशी,1.467
5359,discnumber,mr:,Marathi,qwen2.5-coder:7b,डिस्क नंबर,1.473
5360,Display Cover,mr:,Marathi,qwen2.5-coder:7b,प्रतिमा दिखावा,1.76
5361,Selection tool,mr:,Marathi,qwen2.5-coder:7b,चयन टूल,1.247
5362,Phone Number,mr:,Marathi,qwen2.5-coder:7b,फोन नंबर,1.3
5363,fog declaration,mr:,Marathi,qwen2.5-coder:7b,फोग घोषणा,1.395
5364,Chapter,mr:,Marathi,qwen2.5-coder:7b,अध्याय,0.993
5365,Timings,mr:,Marathi,qwen2.5-coder:7b,समयांसाठी,1.289
5366,Word Completion,mr:,Marathi,qwen2.5-coder:7b,शब्द समाप्ती,1.509
5367,Contact List,mr:,Marathi,qwen2.5-coder:7b,संपर्क सूची,1.604
5368,Stop value:,mr:,Marathi,qwen2.5-coder:7b,स्थापना मान्यता:,2.005
5369,Initial,mr:,Marathi,qwen2.5-coder:7b,आरक्षित,1.095
5370,Withdrawals,mr:,Marathi,qwen2.5-coder:7b,वित्तीय वित्तीय वित्तीय वित्तीय वित्तीय वित्तीय वित्तीय वित्तीय वित्तीय वित्तीय वित्तीय वित्तीय वित,10.23
5371,Signal strength:,mr:,Marathi,qwen2.5-coder:7b,साइगनल शक्ती:,1.783
5372,Input Method Panel,mr:,Marathi,qwen2.5-coder:7b,माध्यम आणि विशेषता पट्टी,2.656
5373,increaseShortcut,mr:,Marathi,qwen2.5-coder:7b,शून्याची वैशिष्ट्य,2.557
5374,Quiet,mr:,Marathi,qwen2.5-coder:7b,सांदर्य,1.142
5375,Escape string:,mr:,Marathi,qwen2.5-coder:7b,स्ट्रिंग अपेक्षित करा:,2.558
5376,Postfix:,mr:,Marathi,qwen2.5-coder:7b,पोस्टफिक्स:,1.62
5377,Games,mr:,Marathi,qwen2.5-coder:7b,खेले,0.823
5378,Test Yourself:,mr:,Marathi,qwen2.5-coder:7b,तुम्हाला परीक्षा करा:,2.476
5379,Interface Designer,mr:,Marathi,qwen2.5-coder:7b,इंटरफ़ेस डिजाइनर,2.072
5380,LibParted version:,mr:,Marathi,qwen2.5-coder:7b,विशेषांक लाभावरी:,2.343
5381,Pinch:,mr:,Marathi,qwen2.5-coder:7b,पिन्च:,1.04
5382,Leader name:,mr:,Marathi,qwen2.5-coder:7b,मुख्याला नाव:,1.713
5383,New directory,mr:,Marathi,qwen2.5-coder:7b,नवीन दस्तऐवज,1.62
5384,State Diagram,mr:,Marathi,qwen2.5-coder:7b,स्थिती चित्रण,1.569
5385,Deactivate,mr:,Marathi,qwen2.5-coder:7b,निवृत्त करा,1.667
5386,SlideShow,mr:,Marathi,qwen2.5-coder:7b,स्लाइडशो,1.278
5387,Temperature: %1,mr:,Marathi,qwen2.5-coder:7b,तापमान: %1,1.378
5388,Created:,mr:,Marathi,qwen2.5-coder:7b,संरचित:,1.163
5389,Command Line,mr:,Marathi,qwen2.5-coder:7b,कमांड लाइन,1.461
5390,with,mr:,Marathi,qwen2.5-coder:7b,मध्ये,1.112
5391,ColorGrade,mr:,Marathi,qwen2.5-coder:7b,कार्यक्रम ग्रेड,1.775
5392,Account Types,mr:,Marathi,qwen2.5-coder:7b,खाता प्रकारे,1.392
5393,Page Footer (Even),mr:,Marathi,qwen2.5-coder:7b,पृष्ठाचे फुटर (सम),2.221
5394,revoked,mr:,Marathi,qwen2.5-coder:7b,निवृत्त किल्ला,1.793
5395,Using & kgpg;,mr:,Marathi,qwen2.5-coder:7b,खालील वापरा & kgpg;,2.116
5396,Processor information,mr:,Marathi,qwen2.5-coder:7b,प्रक्रिया माहिती,1.78
5397,& Image type:,mr:,Marathi,qwen2.5-coder:7b,& चित्राचे प्रकार:,1.931
5398,Subject Distance,mr:,Marathi,qwen2.5-coder:7b,दृष्टी दूरी,1.787
5399,/ part #channel,mr:,Marathi,qwen2.5-coder:7b,/ भाग #कांड,1.611
5400,Australia/ Yancowinna,mr:,Marathi,qwen2.5-coder:7b,ऑस्ट्रेलिया/यांचोविन्ना,2.903
5401,Probability,mr:,Marathi,qwen2.5-coder:7b,प्रायिकता,1.253
5402,Missing QuantaCore,mr:,Marathi,qwen2.5-coder:7b,मानते नाहीं,1.635
5403,of Av,mr:,Marathi,qwen2.5-coder:7b,आवाचे अंदाजे,1.665
5404,Rise time:,mr:,Marathi,qwen2.5-coder:7b,राहण्याचा समय:,1.816
5405,Playing & kjumpingcube;,mr:,Marathi,qwen2.5-coder:7b,खेल आणि जम्पिंग क्यूब्स;,3.077
5406,NextWord,mr:,Marathi,qwen2.5-coder:7b,पुढील शब्द,1.429
5407,texture declaration,mr:,Marathi,qwen2.5-coder:7b,ताक्षणीय घोषणा,1.824
5408,Printer Tools,mr:,Marathi,qwen2.5-coder:7b,प्रिंटर टूल्स,1.784
5409,Connection Space,mr:,Marathi,qwen2.5-coder:7b,संबंध अस्थान,1.655
5410,Quits & khangman;,mr:,Marathi,qwen2.5-coder:7b,पुट्या & कंगमन;,1.996
5411,center Dec:,mr:,Marathi,qwen2.5-coder:7b,मध्ये दिसा:,1.68
5412,Validation Options,mr:,Marathi,qwen2.5-coder:7b,प्रमाणीकरण विकल्पे,2.111
5413,The Repository Menu,mr:,Marathi,qwen2.5-coder:7b,मूळ संग्रह शीर्षक,2.226
5414,File Access,mr:,Marathi,qwen2.5-coder:7b,फाईल अक्सेस,1.57
5415,Commission,mr:,Marathi,qwen2.5-coder:7b,कमीशन,0.892
5416,File: %1,mr:,Marathi,qwen2.5-coder:7b,फाइल: %1,1.242
5417,Constraint,mr:,Marathi,qwen2.5-coder:7b,संशोधन,1.03
5418,Address Book Properties...,mr:,Marathi,qwen2.5-coder:7b,पत्ता याचे प्रॉप्शन्स...,2.614
5419,System Files,mr:,Marathi,qwen2.5-coder:7b,प्रणाली फाइल्स,1.828
5420,& by,mr:,Marathi,qwen2.5-coder:7b,& द्वारा,1.256
5421,"Punctuation, Open",mr:,Marathi,qwen2.5-coder:7b,"परिचिती, खोला",1.929
5422,Exif date-time,mr:,Marathi,qwen2.5-coder:7b,EXIF दिनांक-समय,1.946
5423,Driver Information,mr:,Marathi,qwen2.5-coder:7b,ड्राइवर जाहीरात,1.858
5424,Match to:,mr:,Marathi,qwen2.5-coder:7b,म्हणजे:,1.197
5425,Attack 3,mr:,Marathi,qwen2.5-coder:7b,ताक्यात तीन बार आहे,2.388
5426,Vacation Checklist,mr:,Marathi,qwen2.5-coder:7b,संग्राम चालना,1.923
5427,& Open With,mr:,Marathi,qwen2.5-coder:7b,& खोला जाणा,1.586
5428,Project Performance Chart,mr:,Marathi,qwen2.5-coder:7b,परियोजना कार्यक्रम चार्ट,2.731
5429,Welcome to & kde;,mr:,Marathi,qwen2.5-coder:7b,आणि kde; साठी स्वागत आहे,2.772
5430,Topic Set,mr:,Marathi,qwen2.5-coder:7b,विषय सेट,1.185
5431,Removable media,mr:,Marathi,qwen2.5-coder:7b,मोडीले मीडिया,1.651
5432,Set Initial PIN (SigG),mr:,Marathi,qwen2.5-coder:7b,आरक्षित PIN असेल (सिग्ग),2.552
5433,Camera Title,mr:,Marathi,qwen2.5-coder:7b,कॅमरा शीर्षक,1.79
5434,& amor; Themes,mr:,Marathi,qwen2.5-coder:7b,&amar; थीम्स,1.379
5435,Italy,mr:,Marathi,qwen2.5-coder:7b,इतालीا,1.0
5436,Serial Port #2 (NetBSD),mr:,Marathi,qwen2.5-coder:7b,सरियाचे विंडो #2 (NetBSD),2.654
5437,Disk buffers:,mr:,Marathi,qwen2.5-coder:7b,डिस्क बफर्स:,1.646
5438,Color:,mr:,Marathi,qwen2.5-coder:7b,रंग:,0.79
5439,Japanese,mr:,Marathi,qwen2.5-coder:7b,जापानी,0.988
5440,Selected:,mr:,Marathi,qwen2.5-coder:7b,चुनिले:,1.057
5441,Parity checking,mr:,Marathi,qwen2.5-coder:7b,परित्यागी जांचणी,2.116
5442,Italic - \\itshape,mr:,Marathi,qwen2.5-coder:7b,आणि - \\itshape,1.294
5443,In-painting,mr:,Marathi,qwen2.5-coder:7b,प्रवेश करणे,1.388
5444,weeks,mr:,Marathi,qwen2.5-coder:7b,प्रसारे,0.994
5445,Show label,mr:,Marathi,qwen2.5-coder:7b,शेवट शेखावर दाखवा,2.082
5446,Run Nevertheless,mr:,Marathi,qwen2.5-coder:7b,या चाला आणि त्याचा असणा आणि त्याचा असणा आणि त्याचा असणा आणि त्याचा असणा आणि त्याचा असणा आणि त्याचा अ,10.445
5447,South Sikkim,mr:,Marathi,qwen2.5-coder:7b,दक्षिण सिक्किम,1.812
5448,(no part),mr:,Marathi,qwen2.5-coder:7b,(कोणते भाग नाही),2.132
5449,Table of Contents,mr:,Marathi,qwen2.5-coder:7b,सामान्य माहिती,1.759
5450,Brightness/ Contrast/ Gamma,mr:,Marathi,qwen2.5-coder:7b,स्वादीयता/ वास्तवता/ गम्मा,2.997
5451,Last Name,mr:,Marathi,qwen2.5-coder:7b,पिछला नाव,1.408
5452,Only,mr:,Marathi,qwen2.5-coder:7b,आणि,0.713
5453,Blue Jean,mr:,Marathi,qwen2.5-coder:7b,बूँदी जेन्यांची रंग,2.419
5454,& Word Wrap,mr:,Marathi,qwen2.5-coder:7b,& वर्णांना घेतणा,1.979
5455,User Information,mr:,Marathi,qwen2.5-coder:7b,योजक जाहिरात,1.697
5456,Attribute & name:,mr:,Marathi,qwen2.5-coder:7b,प्राथमिक विशेषता आणि नाव:,2.999
5457,Unspecified,mr:,Marathi,qwen2.5-coder:7b,अस्पष्ट,1.187
5458,Champion,mr:,Marathi,qwen2.5-coder:7b,चांदीकरण,1.271
5459,Thursday,mr:,Marathi,qwen2.5-coder:7b,युगदिने,1.128
5460,Queue Manager Controlled Downloads,mr:,Marathi,qwen2.5-coder:7b,मार्गदर्शन नियंत्रक नियंत्रित डाउनलोड्स,4.262
5461,Save Form '%1 'As,mr:,Marathi,qwen2.5-coder:7b,प्राथमिक फॉर्म '%1' असे बनवा,3.445
5462,File Type,mr:,Marathi,qwen2.5-coder:7b,फाइल टाइप,1.395
5463,Press Release,mr:,Marathi,qwen2.5-coder:7b,प्रेस रिलीज,1.468
5464,Max open files:,mr:,Marathi,qwen2.5-coder:7b,मजकून खोलेले फाइले:,2.638
5465,Rope,mr:,Marathi,qwen2.5-coder:7b,चांदी,0.987
5466,Printer Configuration,mr:,Marathi,qwen2.5-coder:7b,प्रिंटर व्यवस्था,1.986
5467,Forward Message,mr:,Marathi,qwen2.5-coder:7b,प्रसार गेला,1.507
5468,Mobipocket thumbnailer,mr:,Marathi,qwen2.5-coder:7b,मोबिपोकेट थूमनाइलार,2.554
5469,Light Speed,mr:,Marathi,qwen2.5-coder:7b,चाला गति,1.201
5470,& Mean Removal,mr:,Marathi,qwen2.5-coder:7b,& मानाचा हटावा,1.614
5471,Dr. Geo figure,mr:,Marathi,qwen2.5-coder:7b,डॉ. जी० चित्र,1.944
5472,Group Header,mr:,Marathi,qwen2.5-coder:7b,ग्रुप शीर्षक,1.59
5473,Quiz Settings,mr:,Marathi,qwen2.5-coder:7b,प्रश्नांकांचे सेटिंग्स,2.468
5474,Syria,mr:,Marathi,qwen2.5-coder:7b,सर्विशेषता,1.397
5475,Last & Monday,mr:,Marathi,qwen2.5-coder:7b,पिछ्ले &मंगलवार,1.827
5476,Page edge:,mr:,Marathi,qwen2.5-coder:7b,पृष्ठाचे किनारे:,2.091
5477,Satisfy:,mr:,Marathi,qwen2.5-coder:7b,संतुष्ट करण्यासाठी:,2.27
5478,Lighting,mr:,Marathi,qwen2.5-coder:7b,लांबणी,1.035
5479,Draft Quality,mr:,Marathi,qwen2.5-coder:7b,प्रार्थना की गुणवत्ता,2.288
5480,Similarity:,mr:,Marathi,qwen2.5-coder:7b,समानता:,1.163
5481,Fleet Overview,mr:,Marathi,qwen2.5-coder:7b,फ्लीट विस्तार,1.853
5482,Mike's Printing Style,mr:,Marathi,qwen2.5-coder:7b,माइक्याचे प्रिंटिंग स्टायल,2.872
5483,The Earth,mr:,Marathi,qwen2.5-coder:7b,या गोळाचे नाव,1.868
5484,Identity name:,mr:,Marathi,qwen2.5-coder:7b,आयडी नाव:,1.361
5485,Does not contain,mr:,Marathi,qwen2.5-coder:7b,नाहीत असे असते,1.896
5486,Session time,mr:,Marathi,qwen2.5-coder:7b,सत्राचा समय,1.376
5487,Deviation:,mr:,Marathi,qwen2.5-coder:7b,विविधता:,1.36
5488,Match,mr:,Marathi,qwen2.5-coder:7b,मॅठ्या,1.137
5489,Start date,mr:,Marathi,qwen2.5-coder:7b,शुरुवात तारीख,1.741
5490,View Accounts,mr:,Marathi,qwen2.5-coder:7b,खातां देखा,1.405
5491,Old,mr:,Marathi,qwen2.5-coder:7b,पुढील,0.881
5492,Ukrainian,mr:,Marathi,qwen2.5-coder:7b,यूक्रेनी,1.344
5493,Special filter rules:,mr:,Marathi,qwen2.5-coder:7b,विशेष फिल्टर नियम:,2.416
5494,54 Points,mr:,Marathi,qwen2.5-coder:7b,54 अंके,1.215
5495,is between,mr:,Marathi,qwen2.5-coder:7b,मध्ये आहे,1.363
5496,Surface,mr:,Marathi,qwen2.5-coder:7b,पृष्ठ,0.985
5497,Reference Point:,mr:,Marathi,qwen2.5-coder:7b,परिसराचे बिंदू:,1.956
5498,Favorite Icons,mr:,Marathi,qwen2.5-coder:7b,पसंदीदा इकोन्स,1.857
5499,turnright,mr:,Marathi,qwen2.5-coder:7b,दाखला करण्यात आहे,2.04
5500,OpenPGP encryption key:,mr:,Marathi,qwen2.5-coder:7b,OpenPGP एन्क्रिप्शन कुंज:,2.504
5501,Device manager,mr:,Marathi,qwen2.5-coder:7b,मदतकारी मॅनेजर,1.802
5502,Screenshot,mr:,Marathi,qwen2.5-coder:7b,स्क्रीनशॉट,1.374
5503,Image Options,mr:,Marathi,qwen2.5-coder:7b,चित्राचे विकल्पे,1.981
5504,Running Time,mr:,Marathi,qwen2.5-coder:7b,चालनाची समय,1.463
5505,BarGraph,mr:,Marathi,qwen2.5-coder:7b,बार ग्राफ,1.205
5506,Month,mr:,Marathi,qwen2.5-coder:7b,महिना,0.872
5507,Collaboration Diagram,mr:,Marathi,qwen2.5-coder:7b,सामाजिक चित्रण,1.837
5508,Application Name,mr:,Marathi,qwen2.5-coder:7b,अप्लिकेशन नाव,1.774
5509,Cache Policy,mr:,Marathi,qwen2.5-coder:7b,कॅश नियम,1.388
5510,Logfile:,mr:,Marathi,qwen2.5-coder:7b,लॉग फाइल:,1.465
5511,Server port to use,mr:,Marathi,qwen2.5-coder:7b,प्रयोग करण्याचे सर्वर पोर्ट,2.696
5512,"Update, Conflict",mr:,Marathi,qwen2.5-coder:7b,"अद्ययात, कूटनीतीकरण",2.411
5513,& From,mr:,Marathi,qwen2.5-coder:7b,& आणि,0.969
5514,verb name,mr:,Marathi,qwen2.5-coder:7b,क्रिया नाव,1.375
5515,Acceleration,mr:,Marathi,qwen2.5-coder:7b,त्यागणीयता,1.378
5516,Thank you goes to:,mr:,Marathi,qwen2.5-coder:7b,शुभ गुण्यांनी:,1.945
5517,Task Manager,mr:,Marathi,qwen2.5-coder:7b,मिळालेले कार्यप्रबंध,2.283
5518,ColourCorrection,mr:,Marathi,qwen2.5-coder:7b,कार्यक्रमणे,1.43
5519,Sort direction:,mr:,Marathi,qwen2.5-coder:7b,सर्वनामी क्रम:,1.773
5520,Accounting,mr:,Marathi,qwen2.5-coder:7b,खातांची व्यवस्था,2.118
5521,Pitch,mr:,Marathi,qwen2.5-coder:7b,पिच्या,1.038
5522,Device Selection,mr:,Marathi,qwen2.5-coder:7b,उपलब्ध यंत्रांचा चयन,2.249
5523,SMB Device,mr:,Marathi,qwen2.5-coder:7b,"संदेशक अनुवाद आहे: ""संदेशक अनुवाद आहे",4.019
5524,Configuration file:,mr:,Marathi,qwen2.5-coder:7b,फाइल अव्यवस्था:,1.894
5525,Tiles,mr:,Marathi,qwen2.5-coder:7b,ताल्यांचे वर्णन,1.958
5526,%1 Address Book,mr:,Marathi,qwen2.5-coder:7b,%1 पत्रकारी यादार्थीको तपशील,3.002
5527,& No-click activation,mr:,Marathi,qwen2.5-coder:7b,& निक्षेपन अक्रमण,2.031
5528,Attachments,mr:,Marathi,qwen2.5-coder:7b,परिबंधने,1.25
5529,Maximum rate of death,mr:,Marathi,qwen2.5-coder:7b,मार्गणीय मृत्यु दर,2.412
5530,Overview,mr:,Marathi,qwen2.5-coder:7b,सामान्य माहिती,1.646
5531,showPoints,mr:,Marathi,qwen2.5-coder:7b,पूर्ण बाजार दर्शवा,2.307
5532,Amazon (France),mr:,Marathi,qwen2.5-coder:7b,अमाजन (फ्रांस),1.646
5533,Count,mr:,Marathi,qwen2.5-coder:7b,संख्या,0.975
5534,Packaging Bug,mr:,Marathi,qwen2.5-coder:7b,पॅकेज बग,1.332
5535,Dispatched,mr:,Marathi,qwen2.5-coder:7b,प्रस्थापित,1.572
5536,Play using:,mr:,Marathi,qwen2.5-coder:7b,खेला झाला:,1.596
5537,& User Certificate:,mr:,Marathi,qwen2.5-coder:7b,& व्यक्तीचे नागरिकता पासपार्टी:,3.51
5538,Clone Copy,mr:,Marathi,qwen2.5-coder:7b,कॉपी करण्यासाठी,2.028
5539,Section Editor,mr:,Marathi,qwen2.5-coder:7b,अंश संपादक,1.377
5540,Bar fall-rate:,mr:,Marathi,qwen2.5-coder:7b,बार विघटनाची दर:,2.182
5541,Irish (Ireland),mr:,Marathi,qwen2.5-coder:7b,आयरिश (यूरोप),1.91
5542,DOS file times,mr:,Marathi,qwen2.5-coder:7b,डीओएस फाइल समयांचे वेळ,2.507
5543,Saturation Weights,mr:,Marathi,qwen2.5-coder:7b,सतुराचे वजने,1.657
5544,& Single Player,mr:,Marathi,qwen2.5-coder:7b,& एकल खेळ,1.428
5545,last. fm Profile,mr:,Marathi,qwen2.5-coder:7b,last. fm प्रोफाइल,1.788
5546,Editing Options,mr:,Marathi,qwen2.5-coder:7b,परिवर्तन विकल्पे,2.27
5547,Paragraph,mr:,Marathi,qwen2.5-coder:7b,परिश्रम,1.014
5548,Aborted,mr:,Marathi,qwen2.5-coder:7b,अंतर्गत रोकला गेला,2.158
5549,Color Schemes,mr:,Marathi,qwen2.5-coder:7b,शेमुचे रंग,1.45
5550,Daily,mr:,Marathi,qwen2.5-coder:7b,दिवसीय,0.964
5551,Comic Strips,mr:,Marathi,qwen2.5-coder:7b,मोहित चित्रे,1.516
5552,Tool,mr:,Marathi,qwen2.5-coder:7b,तूल,0.817
5553,Style Manager,mr:,Marathi,qwen2.5-coder:7b,मूळ शैली प्रबंधक,2.143
5554,Salvage,mr:,Marathi,qwen2.5-coder:7b,सुरक्षित करणे,1.769
5555,of Iyar,mr:,Marathi,qwen2.5-coder:7b,यात्रा आयातील दिवसांची नावीं आहे.,3.73
5556,KDE Time tracker tool,mr:,Marathi,qwen2.5-coder:7b,कडे वेळ ट्रॅकर टूल,2.543
5557,ipsec-tools (racoon),mr:,Marathi,qwen2.5-coder:7b,ipsec-tools (राचून),1.72
5558,Medium Dark,mr:,Marathi,qwen2.5-coder:7b,मध्यम गहरा,1.484
5559,topic protection,mr:,Marathi,qwen2.5-coder:7b,विषय सुरक्षा,1.604
5560,Skipped %1.,mr:,Marathi,qwen2.5-coder:7b,पुनर्वापली नाही %1.,2.318
5561,Low Color (8 Bit),mr:,Marathi,qwen2.5-coder:7b,कमी रंग (8 बिट),1.865
5562,& kde; User's Manual,mr:,Marathi,qwen2.5-coder:7b,& kde; योजनाचा वास्तविक उपदेश,3.355
5563,Classified,mr:,Marathi,qwen2.5-coder:7b,संपादित,1.181
5564,Stroke Properties,mr:,Marathi,qwen2.5-coder:7b,प्रस्थानाचे प्रौत्थमिक प्रौत्थमिक प्रौत्थमिक प्रौत्थमिक प्रौत्थमिक प्रौत्थमिक प्रौत्थमिक प्रौत्थमिक प्रौत्थमिक,10.492
5565,Set Point 1,mr:,Marathi,qwen2.5-coder:7b,पूर्वानुमान 1,1.96
5566,Ice Pellets,mr:,Marathi,qwen2.5-coder:7b,आणखी आणखी,1.39
5567,Capture/ Uncapture %1,mr:,Marathi,qwen2.5-coder:7b,स्क्रीनच्या फिटच्या चालू करणे/ अनुकूल करणे %1,5.158
5568,No Border,mr:,Marathi,qwen2.5-coder:7b,नाहीं बांधा,1.593
5569,& City:,mr:,Marathi,qwen2.5-coder:7b,& शहर:,1.067
5570,Icon Finder,mr:,Marathi,qwen2.5-coder:7b,आयोजना खोज्या,1.732
5571,Picture Shape,mr:,Marathi,qwen2.5-coder:7b,चित्रकारी कारक,1.586
5572,Print Index,mr:,Marathi,qwen2.5-coder:7b,प्रिंट इंडेक्स,1.753
5573,Core Speed (MHz),mr:,Marathi,qwen2.5-coder:7b,मूळ गती (MHz),1.727
5574,Not Tagged,mr:,Marathi,qwen2.5-coder:7b,नाहीत लेखणे,1.548
5575,Width (pixels):,mr:,Marathi,qwen2.5-coder:7b,प्राचीन (पिक्सिल):,2.011
5576,Transformation Mask Settings,mr:,Marathi,qwen2.5-coder:7b,परिवर्तन अनुक्रमांकन सेटिंग्स,3.234
5577,Lithuania,mr:,Marathi,qwen2.5-coder:7b,लिथुआनिया,1.365
5578,Layout,mr:,Marathi,qwen2.5-coder:7b,आणि,0.708
5579,Adjust,mr:,Marathi,qwen2.5-coder:7b,अनुकूल करणे,1.464
5580,HTTP Request:,mr:,Marathi,qwen2.5-coder:7b,HTTP अनुरोध:,1.408
5581,No Source,mr:,Marathi,qwen2.5-coder:7b,नाहीं आयोजित करणारे,2.264
5582,Networktransparency via KIO.,mr:,Marathi,qwen2.5-coder:7b,नेटवर्क अन्यता कारणे KIO.,2.821
5583,User 2 (USR2),mr:,Marathi,qwen2.5-coder:7b,योजक 2 (USR2),1.637
5584,b{w} Alignment,mr:,Marathi,qwen2.5-coder:7b,b{w} संरचना,1.769
5585,Cut-off radius:,mr:,Marathi,qwen2.5-coder:7b,कट्टी त्रिज्या:,1.992
5586,Toolbar folder:,mr:,Marathi,qwen2.5-coder:7b,तूलबार फोल्डर:,1.96
5587,Twice yearly,mr:,Marathi,qwen2.5-coder:7b,दोन्ही वर्षीय,1.733
5588,1 Year,mr:,Marathi,qwen2.5-coder:7b,1 वर्ष,1.019
5589,Focal length (mm):,mr:,Marathi,qwen2.5-coder:7b,फोकल लंबाई (म्म):,2.139
5590,attachment. %1,mr:,Marathi,qwen2.5-coder:7b,परिवार. %1,1.483
5591,3D Graphs,mr:,Marathi,qwen2.5-coder:7b,3D ग्राफ्स,1.379
5592,Activities,mr:,Marathi,qwen2.5-coder:7b,कार्यांचे वर्णन,1.823
5593,Zoom Function,mr:,Marathi,qwen2.5-coder:7b,जूम फंक्शन,1.77
5594,Fixed,mr:,Marathi,qwen2.5-coder:7b,सुरू झाले,1.431
5595,Freezing,mr:,Marathi,qwen2.5-coder:7b,मोठ्या,1.04
5596,Top left:,mr:,Marathi,qwen2.5-coder:7b,उपरी झाली:,1.415
5597,Overclocking,mr:,Marathi,qwen2.5-coder:7b,अपर्क्लोकिंग,1.611
5598,Printing Mode,mr:,Marathi,qwen2.5-coder:7b,प्रिंटिंग मोड,1.473
5599,June Solstice,mr:,Marathi,qwen2.5-coder:7b,जून सोलसिस्ट,1.64
5600,Detailed,mr:,Marathi,qwen2.5-coder:7b,विस्तृत,1.238
5601,SoftBodySpring,mr:,Marathi,qwen2.5-coder:7b,सॉफ्टबाउड स्प्रिंग,2.242
5602,& kmid; is a midi/ karaoke multimedia player,mr:,Marathi,qwen2.5-coder:7b,& kmid; एक मिडी/कारोके मул्यांकन विविधता नियंत्रक होते,5.325
5603,Engine name:,mr:,Marathi,qwen2.5-coder:7b,नाव यांचे नाव:,1.848
5604,Tenses,mr:,Marathi,qwen2.5-coder:7b,वेळांचे अवस्था,1.755
5605,Video Size:,mr:,Marathi,qwen2.5-coder:7b,वीडियो आकार:,1.596
5606,Metalink download,mr:,Marathi,qwen2.5-coder:7b,मेटलिंक डाउनलोड,1.925
5607,Preferred Scale,mr:,Marathi,qwen2.5-coder:7b,पसंत चक्र,1.253
5608,ASCII extensions,mr:,Marathi,qwen2.5-coder:7b,असी असिक्रिया विविधता,2.469
5609,Created: %1,mr:,Marathi,qwen2.5-coder:7b,संरचित: %1,1.651
5610,& Share,mr:,Marathi,qwen2.5-coder:7b,& शेअर करा,1.37
5611,Hungarian (hu),mr:,Marathi,qwen2.5-coder:7b,हंगारियन (हु),1.767
5612,Action,mr:,Marathi,qwen2.5-coder:7b,कार्य,0.937
5613,Printer warning,mr:,Marathi,qwen2.5-coder:7b,प्रिंटर अलर्ट,1.589
5614,& Read access,mr:,Marathi,qwen2.5-coder:7b,& पढावणे अनुमती,1.909
5615,Output & file:,mr:,Marathi,qwen2.5-coder:7b,आउटपुट आणि फाइल:,2.133
5616,Fine-Structure Constant,mr:,Marathi,qwen2.5-coder:7b,विशेष वृत्तांक,2.071
5617,Link Quality,mr:,Marathi,qwen2.5-coder:7b,संबंधी गुणवत्ता,1.974
5618,Setswana Tswana (South Africa),mr:,Marathi,qwen2.5-coder:7b,सेट्स्वाना त्स्वाना (साउथ अफ्रिका),3.771
5619,Angular velocity,mr:,Marathi,qwen2.5-coder:7b,आण्डूला वेलीटी,1.884
5620,Characters,mr:,Marathi,qwen2.5-coder:7b,चिठ्या,1.009
5621,Color Picker,mr:,Marathi,qwen2.5-coder:7b,चालालक,1.08
5622,RPC: Modern operating systems,mr:,Marathi,qwen2.5-coder:7b,RPC: मोडरन ऑपरेटिंग सिस्टम्स,2.979
5623,Printer driver,mr:,Marathi,qwen2.5-coder:7b,प्रिंटर ड्राइवर,1.772
5624,contains / does not contain,mr:,Marathi,qwen2.5-coder:7b,माहिती असते / माहिती असते नाहीं,3.43
5625,Previews:,mr:,Marathi,qwen2.5-coder:7b,प्रभावी चित्रे:,1.776
5626,Creation Time,mr:,Marathi,qwen2.5-coder:7b,संरचना काळ,1.381
5627,Drangajökull Glacier,mr:,Marathi,qwen2.5-coder:7b,ड्रंगाजोक्कल ग्लेसियर,2.637
5628,Particles,mr:,Marathi,qwen2.5-coder:7b,पार्टिकल्स,1.458
5629,User 1 (USR1),mr:,Marathi,qwen2.5-coder:7b,योजक 1 (USR1),1.595
5630,Step size,mr:,Marathi,qwen2.5-coder:7b,दृढ़ता,1.207
5631,State Transition,mr:,Marathi,qwen2.5-coder:7b,परिवर्तन अवस्था,1.853
5632,& Sample rate,mr:,Marathi,qwen2.5-coder:7b,& वेळाची दर,1.581
5633,Spanish (Ecuador),mr:,Marathi,qwen2.5-coder:7b,स्पेनिश (युग्यान),2.089
5634,Critical,mr:,Marathi,qwen2.5-coder:7b,कार्यान्वयनीय,1.718
5635,Uses,mr:,Marathi,qwen2.5-coder:7b,योग्यता,1.149
5636,& Yearly,mr:,Marathi,qwen2.5-coder:7b,& वर्षाच्या,1.578
5637,Deleting %1.,mr:,Marathi,qwen2.5-coder:7b,%1 अड्यात ठेवतात.,2.232
5638,White space handling,mr:,Marathi,qwen2.5-coder:7b,स्पेस प्रबंधन,1.607
5639,(None),mr:,Marathi,qwen2.5-coder:7b,नाहीं,0.953
5640,Camera Views,mr:,Marathi,qwen2.5-coder:7b,कॅमरा व्यवहारे,2.017
5641,Articles,mr:,Marathi,qwen2.5-coder:7b,आर्टिकल्स,1.268
5642,& Weather,mr:,Marathi,qwen2.5-coder:7b,& वेगळा,1.217
5643,User Actions,mr:,Marathi,qwen2.5-coder:7b,योजना वापर्याचे कार्यांचे विस्तार,3.727
5644,Character Encodings,mr:,Marathi,qwen2.5-coder:7b,कार्यक्रमांचे अक्षर संकल्पना,3.194
5645,Directory %1 does not exist.,mr:,Marathi,qwen2.5-coder:7b,दिशा %1 असते नाही.,2.246
5646,Balance Sheet,mr:,Marathi,qwen2.5-coder:7b,बॅलेंस शीट,1.572
5647,of Tishrey,mr:,Marathi,qwen2.5-coder:7b,तिश्रेयातील,1.531
5648,Zoom to Fit,mr:,Marathi,qwen2.5-coder:7b,फिट करण्यासाठी जळवा,2.623
5649,contains,mr:,Marathi,qwen2.5-coder:7b,माहिती असे वाढवते,2.038
5650,xsldbg Output,mr:,Marathi,qwen2.5-coder:7b,आउटपुट ऑफ एसएसएलडब्ग,2.572
5651,Operation signature,mr:,Marathi,qwen2.5-coder:7b,कार्यचिन्ह,1.671
5652,Destination Preview,mr:,Marathi,qwen2.5-coder:7b,उद्देशीय पूर्वावली,2.253
5653,Underlined,mr:,Marathi,qwen2.5-coder:7b,प्रसारित,1.127
5654,Reply,mr:,Marathi,qwen2.5-coder:7b,परंपरा,0.985
5655,Target & file:,mr:,Marathi,qwen2.5-coder:7b,प्रतिनिधी फाइल:,2.053
5656,Background color:,mr:,Marathi,qwen2.5-coder:7b,पृष्ठभूमीचे रंग:,2.289
5657,& Close Tab,mr:,Marathi,qwen2.5-coder:7b,&पेच्या बटन व्यडवण्यात जाणा,3.213
5658,Arcade bombing game,mr:,Marathi,qwen2.5-coder:7b,मार्कड बंदराचे खेळ,2.405
5659,total:,mr:,Marathi,qwen2.5-coder:7b,जातील:,1.147
5660,Call Stack,mr:,Marathi,qwen2.5-coder:7b,चौंस शैक्षणिकी,1.968
5661,Print Preview...,mr:,Marathi,qwen2.5-coder:7b,प्रिंट पूर्वानुमान...,2.153
5662,Velocity Y:,mr:,Marathi,qwen2.5-coder:7b,वेलोसिटी या:,1.685
5663,Up:,mr:,Marathi,qwen2.5-coder:7b,उप:,0.707
5664,Screen Capture Program,mr:,Marathi,qwen2.5-coder:7b,प्रतिमा निकालणे गणना,2.296
5665,"Template related: templates, where, frame",mr:,Marathi,qwen2.5-coder:7b,"पट्टी संबंधित: पट्टी, कहा, फ्रेम",3.54
5666,Slide Tabs,mr:,Marathi,qwen2.5-coder:7b,स्लाइड टॅब्स,1.777
5667,Players' Colors,mr:,Marathi,qwen2.5-coder:7b,प्लेयरांचे रंगां,2.019
5668,Feather:,mr:,Marathi,qwen2.5-coder:7b,पत्ता:,1.046
5669,Size Slash,mr:,Marathi,qwen2.5-coder:7b,आकार शून्य,1.495
5670,Column Detection,mr:,Marathi,qwen2.5-coder:7b,"कॉलम आवकडून खालील शब्दांचा अर्थ देणे:

""कॉलम आवकडून",5.822
5671,Delete A,mr:,Marathi,qwen2.5-coder:7b,डिल्या एका,1.71
5672,Certificate Selection,mr:,Marathi,qwen2.5-coder:7b,प्रमाणपत्र चयन,1.672
5673,Javascript Applet,mr:,Marathi,qwen2.5-coder:7b,जावास्क्रिप्ट अप्लिट,2.499
5674,Recorder,mr:,Marathi,qwen2.5-coder:7b,मार्कर,1.003
5675,Pigment List,mr:,Marathi,qwen2.5-coder:7b,पिगमेंट तयारी,1.758
5676,Collection & type:,mr:,Marathi,qwen2.5-coder:7b,संग्रह आणि प्रकार:,2.143
5677,Night Vision,mr:,Marathi,qwen2.5-coder:7b,नायक दृष्टि,1.683
5678,Sound file:,mr:,Marathi,qwen2.5-coder:7b,वादणे फाइल:,1.513
5679,& First Hole,mr:,Marathi,qwen2.5-coder:7b,& पहिला होल,1.343
5680,Mountpoint,mr:,Marathi,qwen2.5-coder:7b,माउंटपॅंट,1.525
5681,Announcing,mr:,Marathi,qwen2.5-coder:7b,प्रस्तावित करण्यात आहे,2.368
5682,Skip %1s Forward,mr:,Marathi,qwen2.5-coder:7b,पहिल्याचे %1s झाला,2.465
5683,& Channel,mr:,Marathi,qwen2.5-coder:7b,& चौंसी,1.295
5684,measureRectSize,mr:,Marathi,qwen2.5-coder:7b,माप आयताचे आकार,1.946
5685,Network Transmission,mr:,Marathi,qwen2.5-coder:7b,नेटवर्क ट्रांसमिशन,2.153
5686,Purest green,mr:,Marathi,qwen2.5-coder:7b,पर्याप्त ग्रीन,1.83
5687,Server files:,mr:,Marathi,qwen2.5-coder:7b,सर्वर फाइल्स:,1.888
5688,Unimportant,mr:,Marathi,qwen2.5-coder:7b,अहवाली,1.052
5689,Log Output,mr:,Marathi,qwen2.5-coder:7b,लॉग आउटपुट,1.482
5690,Size Backslash,mr:,Marathi,qwen2.5-coder:7b,आकार बॅकस्लैश,1.926
5691,Using & dolphin;,mr:,Marathi,qwen2.5-coder:7b,डोल्फिन वापरते;,2.111
5692,Create,mr:,Marathi,qwen2.5-coder:7b,संरचित करा,1.548
5693,RoyalBlue4,mr:,Marathi,qwen2.5-coder:7b,राजालाल्बू4,1.719
5694,String & Macros...,mr:,Marathi,qwen2.5-coder:7b,स्ट्रिंग आणि माक्रोजे...,2.413
5695,Abbreviated,mr:,Marathi,qwen2.5-coder:7b,संक्षिप्त,1.632
5696,Non-photorealistic,mr:,Marathi,qwen2.5-coder:7b,नियमित आयतनात्मक,2.086
5697,Cursor & & Selection,mr:,Marathi,qwen2.5-coder:7b,कार्शन आणि चयन,2.106
5698,As on & Monitor,mr:,Marathi,qwen2.5-coder:7b,आणि अनुसार & अनुप्रयोग करा,2.833
5699,KDE DocBook Lists,mr:,Marathi,qwen2.5-coder:7b,कडी डॉकबुक लिस्ट्स,2.555
5700,Monitoring I/ O for %1 (%2),mr:,Marathi,qwen2.5-coder:7b,प्रतिस्थापन आणि आवश्यकता विश्लेषण आणि विश्लेषण विश्लेषण विश्लेषण विश्लेषण विश्लेषण विश्लेषण विश्लेषण,10.699
5701,Head Case,mr:,Marathi,qwen2.5-coder:7b,पहिला वापर्याचे असणे,2.484
5702,& Timestamp:,mr:,Marathi,qwen2.5-coder:7b,& समयमान:,1.292
5703,DVD chapters pattern,mr:,Marathi,qwen2.5-coder:7b,डीवीडी चॅप्टर्स पॅटरन,2.85
5704,Carousel,mr:,Marathi,qwen2.5-coder:7b,कार्यलाइन,1.331
5705,Bass note,mr:,Marathi,qwen2.5-coder:7b,बास नोट,1.197
5706,Scripted HTML,mr:,Marathi,qwen2.5-coder:7b,प्रोग्रामित HTML,1.513
5707,Options,mr:,Marathi,qwen2.5-coder:7b,पर्यायें,1.173
5708,Seek,mr:,Marathi,qwen2.5-coder:7b,खोजणे,0.907
5709,GPG encryption activated,mr:,Marathi,qwen2.5-coder:7b,गीप्जी एनक्रिप्शन सक्षम करण्यात आले,3.57
5710,Red Eye,mr:,Marathi,qwen2.5-coder:7b,रेड आया,1.16
5711,No operation (wml),mr:,Marathi,qwen2.5-coder:7b,कोणत्याही ऑपरेशन (wml),2.575
5712,Hungarian Forint,mr:,Marathi,qwen2.5-coder:7b,हंगारियन फोर्टन,2.047
5713,Section Author,mr:,Marathi,qwen2.5-coder:7b,अॅक्षरणाचे लेखक,2.278
5714,Certificate ID,mr:,Marathi,qwen2.5-coder:7b,प्रमाणाचे आयडी,1.785
5715,DVD Player,mr:,Marathi,qwen2.5-coder:7b,डीवीडी खालील चालवण्यासाठी उपयोग करा.,3.988
5716,Minimum blink dwell time,mr:,Marathi,qwen2.5-coder:7b,मिनिमल ब्लिंक द्वंद्वीय समय,2.993
5717,Column Width,mr:,Marathi,qwen2.5-coder:7b,शून्याचे आकार,1.794
5718,Current Layer,mr:,Marathi,qwen2.5-coder:7b,"आणि त्याचे वर्णन: ""सध्या तेरा तेरा तेरा तेरा तेरा तेरा तेरा तेरा तेरा तेरा तेरा तेरा तेरा तेरा तेरा त",10.478
5719,of R. Thaani,mr:,Marathi,qwen2.5-coder:7b,आणि र. थानीच्या,2.105
5720,& Run Script...,mr:,Marathi,qwen2.5-coder:7b,& व्याख्या चालवा...,2.235
5721,Animation tool,mr:,Marathi,qwen2.5-coder:7b,अनिमेशन टूल,1.655
5722,New folder:,mr:,Marathi,qwen2.5-coder:7b,नव्हा फोल्डर:,1.683
5723,Birthday,mr:,Marathi,qwen2.5-coder:7b,जन्मदिन,1.115
5724,"Letter, upper case",mr:,Marathi,qwen2.5-coder:7b,"पत्र, उच्च वापरणे",2.161
5725,Download Order,mr:,Marathi,qwen2.5-coder:7b,खरीद अपलोड करा,1.91
5726,Four-color CMYK,mr:,Marathi,qwen2.5-coder:7b,चार रंग अंशांश (CMYK),2.384
5727,Managed by:,mr:,Marathi,qwen2.5-coder:7b,मानित आहे:,1.444
5728,Spookiness,mr:,Marathi,qwen2.5-coder:7b,संकटी,1.01
5729,& Suffix:,mr:,Marathi,qwen2.5-coder:7b,& शेफीस याचे शब्द:,2.223
5730,Akonadi Configuration,mr:,Marathi,qwen2.5-coder:7b,आकोडेन व्यवस्था,2.083
5731,Connection Name:,mr:,Marathi,qwen2.5-coder:7b,नियोजनाचे नाव:,1.868
5732,Image Contrast,mr:,Marathi,qwen2.5-coder:7b,चित्राचे अवस्थान,1.986
5733,French (Monaco),mr:,Marathi,qwen2.5-coder:7b,फ्रांसिश (मोनको),1.888
5734,Bosnia And Herzegovina,mr:,Marathi,qwen2.5-coder:7b,बोस्निया आणि हर्जेगोविना,2.898
5735,Intensity Rendering,mr:,Marathi,qwen2.5-coder:7b,इंटेंसिटी रेंडरिंग,2.277
5736,Apple QuickDraw Picture,mr:,Marathi,qwen2.5-coder:7b,आप्ली चांदीचे चित्र,2.376
5737,Click to open %1,mr:,Marathi,qwen2.5-coder:7b,खोला जाण्यासाठी क्लिक करा %1,3.127
5738,Entity Attributes Settings,mr:,Marathi,qwen2.5-coder:7b,सांस्कृतिक वैशिष्ट्य सेटिंग्स,3.579
5739,Enabled Burnfree,mr:,Marathi,qwen2.5-coder:7b,ब्रंडफ्री सक्षम,1.969
5740,Resolved,mr:,Marathi,qwen2.5-coder:7b,समाधान किल्ला झाला,2.121
5741,Authentication Method,mr:,Marathi,qwen2.5-coder:7b,प्रमाणप्रदान विधी,1.999
5742,Signature file:,mr:,Marathi,qwen2.5-coder:7b,सांस्कृतिक फाइल:,2.11
5743,turn on,mr:,Marathi,qwen2.5-coder:7b,चालवा,0.971
5744,Sound information,mr:,Marathi,qwen2.5-coder:7b,संगीत जागाला,1.667
5745,32-bit Words,mr:,Marathi,qwen2.5-coder:7b,32-बिट वाक्यांशे,2.09
5746,Search with,mr:,Marathi,qwen2.5-coder:7b,खोजा,1.035
5747,Volume Control Settings,mr:,Marathi,qwen2.5-coder:7b,संवाद नियंत्रण सेटिंग्स,2.478
5748,Creating Accounts,mr:,Marathi,qwen2.5-coder:7b,खालील खाते बनवता,2.061
5749,Color space,mr:,Marathi,qwen2.5-coder:7b,कार्यक्रम स्थान,1.702
5750,penwidth (pw),mr:,Marathi,qwen2.5-coder:7b,पेन चौंद (प्व),1.859
5751,Independent document,mr:,Marathi,qwen2.5-coder:7b,स्वतंत्र दस्तऐवज्जीकरण,2.468
5752,Keyboard layout:,mr:,Marathi,qwen2.5-coder:7b,कुंजीपटक आकार:,1.876
5753,C7 by C6,mr:,Marathi,qwen2.5-coder:7b,C7 या C6 यांनी,1.798
5754,View forward,mr:,Marathi,qwen2.5-coder:7b,पहिल्या चरणावर देखणा,2.414
5755,& Function:,mr:,Marathi,qwen2.5-coder:7b,& फंक्शन:,1.395
5756,speed2 gamma,mr:,Marathi,qwen2.5-coder:7b,गम्मा 2 वेग,1.758
5757,Use as Is,mr:,Marathi,qwen2.5-coder:7b,याची आहे काहीतरी नाहीं बदला,3.065
5758,Download Toolbar,mr:,Marathi,qwen2.5-coder:7b,टूलबार डाउनलोड करा,2.303
5759,"SystemID ""%1"" maps to: ""%2""",mr:,Marathi,qwen2.5-coder:7b,"प्रणाली आयडी ""%1"" यांचे मान: ""%2",3.513
5760,Rename Unit,mr:,Marathi,qwen2.5-coder:7b,नावाचे बदला,1.578
5761,Signature File,mr:,Marathi,qwen2.5-coder:7b,सांस्कृतिक फाइल,2.069
5762,The Mask,mr:,Marathi,qwen2.5-coder:7b,मास्क,0.976
5763,Thrust,mr:,Marathi,qwen2.5-coder:7b,प्रेशन,0.929
5764,Gold/ Treasure,mr:,Marathi,qwen2.5-coder:7b,जॉल्ड/पदार्थ,1.715
5765,World,mr:,Marathi,qwen2.5-coder:7b,पृथ्वी,1.086
5766,Male Child,mr:,Marathi,qwen2.5-coder:7b,पुरुष शिक्षण,1.611
5767,Netmasks:,mr:,Marathi,qwen2.5-coder:7b,नेटमास्क्स:,1.587
5768,ST-30 Bulk Stacker,mr:,Marathi,qwen2.5-coder:7b,स्ट-30 बॉल्क स्टॅकर,2.61
5769,Attachment,mr:,Marathi,qwen2.5-coder:7b,परिवाद,1.031
5770,newsreader,mr:,Marathi,qwen2.5-coder:7b,न्यूज वाचक,1.55
5771,Zoom to & 200%,mr:,Marathi,qwen2.5-coder:7b,200% जम्मा करा &,2.296
5772,CD Player,mr:,Marathi,qwen2.5-coder:7b,CD प्रेलायर,1.205
5773,& Finish,mr:,Marathi,qwen2.5-coder:7b,&पूर्ण करणे,1.474
5774,Egyptian,mr:,Marathi,qwen2.5-coder:7b,आयोजनीय,1.164
5775,Gravitation constant,mr:,Marathi,qwen2.5-coder:7b,गुरुत्वाकारण,1.743
5776,Rules of the Game,mr:,Marathi,qwen2.5-coder:7b,प्रमाणे या खेळाचे नियमे,2.731
5777,Convolution Filters,mr:,Marathi,qwen2.5-coder:7b,कॅनवल्यूशन फिल्टर्स,2.512
5778,Payee%1,mr:,Marathi,qwen2.5-coder:7b,प्रतिबिम्बकार%1,1.935
5779,Ð (#208;) Capital eth,mr:,Marathi,qwen2.5-coder:7b,कॅपिटल एथ (डी युनिकोड नंबर 208),3.75
5780,overdue,mr:,Marathi,qwen2.5-coder:7b,वेळाचे अंतर्गत,1.883
5781,Car Phone,mr:,Marathi,qwen2.5-coder:7b,मोबाइल फोन,1.449
5782,Supports Burnfree:,mr:,Marathi,qwen2.5-coder:7b,प्रतिबंध नाही:,1.908
5783,Plugin Configuration,mr:,Marathi,qwen2.5-coder:7b,प्लगइन व्यवस्था,1.888
5784,Farm,mr:,Marathi,qwen2.5-coder:7b,खेल्याचे,1.219
5785,& Protected,mr:,Marathi,qwen2.5-coder:7b,& संरक्षित,1.386
5786,Vert. Policy,mr:,Marathi,qwen2.5-coder:7b,वैशिष्ट्य नियम,2.001
5787,Character set:,mr:,Marathi,qwen2.5-coder:7b,कार्यक्रम सेट:,1.773
5788,Project Toolbar,mr:,Marathi,qwen2.5-coder:7b,परियोजना टूलबार,2.051
5789,Print.,mr:,Marathi,qwen2.5-coder:7b,प्रिंट.,1.031
5790,Settings Champion Speed,mr:,Marathi,qwen2.5-coder:7b,सेटिंग्स चौंसन्द गती,2.493
5791,& Shape Layer,mr:,Marathi,qwen2.5-coder:7b,& शेड युक्ती,1.685
5792,Job priority:,mr:,Marathi,qwen2.5-coder:7b,कामची प्राथमिकता:,2.016
5793,& Multiplication,mr:,Marathi,qwen2.5-coder:7b,& गुना,1.064
5794,& Network:,mr:,Marathi,qwen2.5-coder:7b,& नेटवर्क:,1.357
5795,Glossy,mr:,Marathi,qwen2.5-coder:7b,मोठे,0.886
5796,Prefetchable,mr:,Marathi,qwen2.5-coder:7b,प्रीफेच्यूल्ब्ला,2.087
5797,Particle,mr:,Marathi,qwen2.5-coder:7b,पार्टिकल,1.253
5798,Using & kjots;,mr:,Marathi,qwen2.5-coder:7b,खालील वापरा & क्जोट्स;,2.619
5799,On Click,mr:,Marathi,qwen2.5-coder:7b,पुस्तकालयातील विस्तार करण्यासाठी,3.604
5800,& Order,mr:,Marathi,qwen2.5-coder:7b,& ऑर्डर,1.169
5801,Add object:,mr:,Marathi,qwen2.5-coder:7b,पदाचे जोडणे:,1.806
5802,Run Tests...,mr:,Marathi,qwen2.5-coder:7b,परीक्षा चालवा...,1.928
5803,Description,mr:,Marathi,qwen2.5-coder:7b,विवरण,0.938
5804,The type of data,mr:,Marathi,qwen2.5-coder:7b,डेटा का प्रकार,1.628
5805,new_category,mr:,Marathi,qwen2.5-coder:7b,नवीन श्रेणी,1.437
5806,Pitch (in Hz),mr:,Marathi,qwen2.5-coder:7b,पिच (हिस्से मध्ये),2.166
5807,Delete Index,mr:,Marathi,qwen2.5-coder:7b,डाला अंदाज,1.692
5808,Translation Memories,mr:,Marathi,qwen2.5-coder:7b,मानवाचे यास्ते,1.871
5809,Estonian kroon,mr:,Marathi,qwen2.5-coder:7b,यूरो,1.131
5810,Great,mr:,Marathi,qwen2.5-coder:7b,गोड्या,1.001
5811,3D Shadow & Effects,mr:,Marathi,qwen2.5-coder:7b,3D शेडोव आणि प्रभावे,2.282
5812,Artwork,mr:,Marathi,qwen2.5-coder:7b,आर्ट्वर्क,1.379
5813,French (Canada),mr:,Marathi,qwen2.5-coder:7b,फ्रांस या कनाडा,1.846
5814,& Movement,mr:,Marathi,qwen2.5-coder:7b,& गतिविधी,1.376
5815,Comparison Training,mr:,Marathi,qwen2.5-coder:7b,परितर्कन शिक्षण,2.185
5816,Window Actions,mr:,Marathi,qwen2.5-coder:7b,विंडो अक्षरणे,1.996
5817,& Outgoing,mr:,Marathi,qwen2.5-coder:7b,आउटगोइंग,1.275
5818,Creation time,mr:,Marathi,qwen2.5-coder:7b,संरचना काळ,1.314
5819,& Remember,mr:,Marathi,qwen2.5-coder:7b,& याचे याद रखा,1.803
5820,Shear factor,mr:,Marathi,qwen2.5-coder:7b,शेयर फॅक्टर,1.669
5821,Default Working Folder,mr:,Marathi,qwen2.5-coder:7b,डिफॉल्ट कार्यालय,1.97
5822,Corrupt file?,mr:,Marathi,qwen2.5-coder:7b,प्रत्याशील फाइल?,2.01
5823,Do Not Load,mr:,Marathi,qwen2.5-coder:7b,नाहीत लोड करा,1.631
5824,Ice Crystals,mr:,Marathi,qwen2.5-coder:7b,आणखी चिकित्सा,1.692
5825,Location,mr:,Marathi,qwen2.5-coder:7b,स्थान,0.87
5826,Half,mr:,Marathi,qwen2.5-coder:7b,आधी,0.709
5827,Approximate,mr:,Marathi,qwen2.5-coder:7b,आणि अनुमानित,1.675
5828,Cell Background,mr:,Marathi,qwen2.5-coder:7b,कोल्याचे आग्रेहावर,2.09
5829,Radical Selector,mr:,Marathi,qwen2.5-coder:7b,रेडिकल चयनकारी,1.883
5830,Diagram Appearance,mr:,Marathi,qwen2.5-coder:7b,आहाराचे दृश्य,1.868
5831,Zoom in (x 12),mr:,Marathi,qwen2.5-coder:7b,पेक्षा करा (x 12),2.14
5832,Puzzle pieces,mr:,Marathi,qwen2.5-coder:7b,पर्यटन टुकडे,1.645
5833,& Version:,mr:,Marathi,qwen2.5-coder:7b,& वर्षणा:,1.294
5834,Code Improvements,mr:,Marathi,qwen2.5-coder:7b,कोड आणि वैशिष्ट्ये वेळांद्वारा वृद्धी करणे,4.7
5835,3D & Graph,mr:,Marathi,qwen2.5-coder:7b,3D आणि ग्राफ,1.607
5836,Bookmarks,mr:,Marathi,qwen2.5-coder:7b,मान्यते,1.131
5837,Rotation Y:,mr:,Marathi,qwen2.5-coder:7b,रोटेशन यांचा:,1.796
5838,Run Options,mr:,Marathi,qwen2.5-coder:7b,चालणा विकल्प,1.894
5839,Wave speed,mr:,Marathi,qwen2.5-coder:7b,वैविक गती,1.485
5840,Tools Spelling...,mr:,Marathi,qwen2.5-coder:7b,साधनांचे वर्णन...,2.137
5841,Logging Out,mr:,Marathi,qwen2.5-coder:7b,लॉग आउट करता जाणे,2.194
5842,Crosshairs,mr:,Marathi,qwen2.5-coder:7b,क्रॉस हाइर्स,1.59
5843,Appearence,mr:,Marathi,qwen2.5-coder:7b,वास्तविकता,1.46
5844,Advanced Settings:,mr:,Marathi,qwen2.5-coder:7b,विस्तृत सेटिंगे:,2.199
5845,& Level,mr:,Marathi,qwen2.5-coder:7b,& लेवल,1.038
5846,SMS Memory Slots,mr:,Marathi,qwen2.5-coder:7b,"म्हणून या शब्दाची अनुवाद याची विशेष नियमांना दिली जाते:

""म्हणून या शब्दाची अनुवाद याची विशेष नियमां",10.089
5847,SS C Style,mr:,Marathi,qwen2.5-coder:7b,सी स्टायल,1.517
5848,Go Forward,mr:,Marathi,qwen2.5-coder:7b,परवाह करण्यात जाणा,2.104
5849,usage,mr:,Marathi,qwen2.5-coder:7b,योग्यता,1.109
5850,Data scale,mr:,Marathi,qwen2.5-coder:7b,देखीला आणि विस्तार,2.218
5851,***current***,mr:,Marathi,qwen2.5-coder:7b,आणि अधिकारी अनुमानांना अनुमान देणे यासाठी अनुमानांना अनुमान देणे यासाठी अनुमानांना अनुमान देणे यासाठ,10.473
5852,Run in Konsole,mr:,Marathi,qwen2.5-coder:7b,खालीलाही चालू करा,2.386
5853,Function & 8:,mr:,Marathi,qwen2.5-coder:7b,फंक्शन & 8:,1.664
5854,Bitwise OR,mr:,Marathi,qwen2.5-coder:7b,बिटवाजी या योग्यता,2.251
5855,& Server List...,mr:,Marathi,qwen2.5-coder:7b,& सर्वर सूची...,1.637
5856,The Validators,mr:,Marathi,qwen2.5-coder:7b,मान्यकर्ता,1.449
5857,Partition Manager,mr:,Marathi,qwen2.5-coder:7b,पार्टिशन प्रबंधक,1.856
5858,Company,mr:,Marathi,qwen2.5-coder:7b,कंपनी,0.914
5859,BookMan II,mr:,Marathi,qwen2.5-coder:7b,बुकमॅन II,1.389
5860,Photo Management Program,mr:,Marathi,qwen2.5-coder:7b,फोटो मॅनेजमेंट प्रोग्राम,2.606
5861,CUPS Configuration Error,mr:,Marathi,qwen2.5-coder:7b,कॉन्फिगरेशन त्रुटी,2.594
5862,Constellation lines,mr:,Marathi,qwen2.5-coder:7b,स्थानांतरण रेखा,2.02
5863,System Administration,mr:,Marathi,qwen2.5-coder:7b,प्रणाली व्यवस्था,1.987
5864,& Actions,mr:,Marathi,qwen2.5-coder:7b,& कार्यांचे अभियान,2.177
5865,Title Change,mr:,Marathi,qwen2.5-coder:7b,शीर्षक बदलणा,1.7
5866,prices,mr:,Marathi,qwen2.5-coder:7b,मूल्यां,1.215
5867,US Letter (Small),mr:,Marathi,qwen2.5-coder:7b,मार्किन लीटर (सामान्य),2.774
5868,Shape definition,mr:,Marathi,qwen2.5-coder:7b,आकाराचे परिभाषा,1.903
5869,Sequence number,mr:,Marathi,qwen2.5-coder:7b,सर्वात अधिक श्रेणी संख्या,2.705
5870,Color Settings,mr:,Marathi,qwen2.5-coder:7b,संगीत असेवा,1.595
5871,"Copyright 2000-2007, KDE developers",mr:,Marathi,qwen2.5-coder:7b,"कॉपीराइट 2000-2007, क्डीजी डेवलपर्स",4.279
5872,Ireland,mr:,Marathi,qwen2.5-coder:7b,आयरलैंड,1.205
5873,& View,mr:,Marathi,qwen2.5-coder:7b,& देखा,1.025
5874,Share with & NFS (Linux/ UNIX),mr:,Marathi,qwen2.5-coder:7b,शेअर करा & NFS (Linux/ UNIX),2.168
5875,delete( %1),mr:,Marathi,qwen2.5-coder:7b,हटवा (%1),1.343
5876,Availability,mr:,Marathi,qwen2.5-coder:7b,उपलब्धी,1.126
5877,& Previous tab,mr:,Marathi,qwen2.5-coder:7b,&पिछ्ला टॅब,1.744
5878,& Find:,mr:,Marathi,qwen2.5-coder:7b,& खोज्या:,1.273
5879,Edit EXIF...,mr:,Marathi,qwen2.5-coder:7b,EXIF संपादन...,1.448
5880,Image info,mr:,Marathi,qwen2.5-coder:7b,चित्राचे माहिती,1.667
5881,Physics,mr:,Marathi,qwen2.5-coder:7b,विज्ञान,1.095
5882,Sound support,mr:,Marathi,qwen2.5-coder:7b,संगीत समर्थन,1.491
5883,scriptsize: very small.,mr:,Marathi,qwen2.5-coder:7b,scriptsize: खालीला अत्यंत छोटा.,3.007
5884,Fine Tuning,mr:,Marathi,qwen2.5-coder:7b,विशेष संशोधन,1.582
5885,Balance of %1,mr:,Marathi,qwen2.5-coder:7b,वैश्वास %1,1.745
5886,Font Size,mr:,Marathi,qwen2.5-coder:7b,फॅन्ट आकार,1.546
5887,Highscores,mr:,Marathi,qwen2.5-coder:7b,हाइस्कोर्स,1.464
5888,Screen Match,mr:,Marathi,qwen2.5-coder:7b,स्क्रीन मॅच,1.41
5889,Astrophysics,mr:,Marathi,qwen2.5-coder:7b,आस्थ्रोफिजिक्स,1.69
5890,What's & Next,mr:,Marathi,qwen2.5-coder:7b,आणि आणि आणि आणि आणि आणि आणि आणि आणि आणि आणि आणि आणि आणि आणि आणि आणि आणि आणि आणि आणि आणि आणि आणि आणि,10.346
5891,DVD subtitle pattern,mr:,Marathi,qwen2.5-coder:7b,डीवीडी सब्लाइट पॅटरन,2.635
5892,New Name:,mr:,Marathi,qwen2.5-coder:7b,नव्हा नाव:,1.44
5893,& End:,mr:,Marathi,qwen2.5-coder:7b,& अंतीला:,1.4
5894,Directory's name:,mr:,Marathi,qwen2.5-coder:7b,दिशानावासारख्या नाव:,2.517
5895,Population:,mr:,Marathi,qwen2.5-coder:7b,प्रसिद्धी:,1.275
5896,Move X:,mr:,Marathi,qwen2.5-coder:7b,खोला X:,1.12
5897,Speed limit,mr:,Marathi,qwen2.5-coder:7b,स्पीड लिमिट,1.552
5898,Audio Editor,mr:,Marathi,qwen2.5-coder:7b,आवडणारी संपादक,1.685
5899,Game Settings,mr:,Marathi,qwen2.5-coder:7b,खेळाचे सेटिंग्स,1.828
5900,Y length,mr:,Marathi,qwen2.5-coder:7b,यांची लांबी,1.576
5901,Document Switcher,mr:,Marathi,qwen2.5-coder:7b,दस्तऐवज स्विच चालक,2.228
5902,Truchet lines,mr:,Marathi,qwen2.5-coder:7b,त्रुचेट रेखा,1.604
5903,Alternative name,mr:,Marathi,qwen2.5-coder:7b,विधिविध नाव,1.527
5904,Negative,mr:,Marathi,qwen2.5-coder:7b,नकारात्या,1.291
5905,XSkat German,mr:,Marathi,qwen2.5-coder:7b,XSkat जर्मनीय,1.556
5906,& Right directory:,mr:,Marathi,qwen2.5-coder:7b,& दाखल वर्गीकरण:,2.035
5907,Group shadow file,mr:,Marathi,qwen2.5-coder:7b,ग्रुप शॅडो फाइल,1.956
5908,density list,mr:,Marathi,qwen2.5-coder:7b,मोठी तपशील यादी,1.96
5909,Add Tags,mr:,Marathi,qwen2.5-coder:7b,ताग जोड्या,1.49
5910,Shear Y:,mr:,Marathi,qwen2.5-coder:7b,शेयर या:,1.251
5911,2D/ 3D movement:,mr:,Marathi,qwen2.5-coder:7b,2D/ 3D आनंदाच्या:,2.214
5912,ReplacePrevious,mr:,Marathi,qwen2.5-coder:7b,पिछ्ला प्रतिक्रिया पुनर्वापरित्याजित करणा,3.96
5913,Python wallpaper,mr:,Marathi,qwen2.5-coder:7b,पायथन वापरपेच्या,2.01
5914,Authentication settings,mr:,Marathi,qwen2.5-coder:7b,प्रमाणप्रदान सेटिंग्स,2.169
5915,Could not understand '%1 ',mr:,Marathi,qwen2.5-coder:7b,माझ्याला '%1' वाढवण्याचा असला नाही,4.02
5916,Endpoint mode,mr:,Marathi,qwen2.5-coder:7b,परिनाम्याची अवस्था,2.176
5917,Rating < =,mr:,Marathi,qwen2.5-coder:7b,Rating <= ,0.878
5918,Start in debugger,mr:,Marathi,qwen2.5-coder:7b,डॉब्गरात शुरू करा,2.187
5919,KDE Disk Format Utility,mr:,Marathi,qwen2.5-coder:7b,कडे डिस्क फॉर्मॅट योजना,3.31
5920,Hardware Collections,mr:,Marathi,qwen2.5-coder:7b,हार्डवेअर संग्रहालये,2.265
5921,Hotplug Events,mr:,Marathi,qwen2.5-coder:7b,हॉटप्लग घटनाें,2.031
5922,Guatemalan Quetzal,mr:,Marathi,qwen2.5-coder:7b,गुतेमालान जेट्सल,2.141
5923,Preferred Number,mr:,Marathi,qwen2.5-coder:7b,पसंत नंबर,1.313
5924,Recycled,mr:,Marathi,qwen2.5-coder:7b,पुनर्वास्तवित,1.71
5925,Editor,mr:,Marathi,qwen2.5-coder:7b,एडिटर,0.907
5926,& Layer Name:,mr:,Marathi,qwen2.5-coder:7b,& मानक्रिया नाव:,1.8
5927,Lowest,mr:,Marathi,qwen2.5-coder:7b,निम्नतम,1.187
5928,Precipitation (December),mr:,Marathi,qwen2.5-coder:7b,प्रसारण (डिसेंबर),1.964
5929,& Unpack...,mr:,Marathi,qwen2.5-coder:7b,& अन्याय करण्यात...,2.088
5930,Milestone,mr:,Marathi,qwen2.5-coder:7b,मार्गदर्शन,1.477
5931,Output Directory,mr:,Marathi,qwen2.5-coder:7b,आउटपुट दिशा,1.516
5932,Quote char:,mr:,Marathi,qwen2.5-coder:7b,उदाहरण चिन्ह:,1.825
5933,Decrease Volume,mr:,Marathi,qwen2.5-coder:7b,वैधानिक कमी करा,1.937
5934,Signal plotter,mr:,Marathi,qwen2.5-coder:7b,साइगनल प्लॉटर,1.744
5935,Quality Settings,mr:,Marathi,qwen2.5-coder:7b,काळ्यता सेटिंग्स,1.926
5936,Game over.,mr:,Marathi,qwen2.5-coder:7b,खेळ झाला.,1.348
5937,real ID,mr:,Marathi,qwen2.5-coder:7b,आधिकारिक आयडी,1.711
5938,Juggle,mr:,Marathi,qwen2.5-coder:7b,जुगल्या,1.154
5939,Remember & filters:,mr:,Marathi,qwen2.5-coder:7b,म्हणजे & फिल्टर्स:,2.276
5940,Negative Float,mr:,Marathi,qwen2.5-coder:7b,नकारात्या फ्लॉट,2.057
5941,24 Points,mr:,Marathi,qwen2.5-coder:7b,24 अंकांचे योग्यता,2.225
5942,color of the foreground,mr:,Marathi,qwen2.5-coder:7b,प्रसिद्ध रंग,1.623
5943,Layer Error,mr:,Marathi,qwen2.5-coder:7b,परिस्थिती त्रुटी,1.87
5944,Log file,mr:,Marathi,qwen2.5-coder:7b,लॉग फाइल,1.375
5945,ESRB Rating,mr:,Marathi,qwen2.5-coder:7b,ESRB रेटिंग,1.589
5946,Holidays:,mr:,Marathi,qwen2.5-coder:7b,सांगीयां:,1.465
5947,IP or Hostname,mr:,Marathi,qwen2.5-coder:7b,आयामी या होस्टनाम्याचे नाव,2.868
5948,Comments & file:,mr:,Marathi,qwen2.5-coder:7b,टिप्पणी आणि फाइल:,2.262
5949,LinearMotor,mr:,Marathi,qwen2.5-coder:7b,रेखाहील गाडी,1.677
5950,LightBlue,mr:,Marathi,qwen2.5-coder:7b,लाईट ब्लू,1.466
5951,DOS Compatibility,mr:,Marathi,qwen2.5-coder:7b,डीओएस संतुलन,1.63
5952,Enclosure,mr:,Marathi,qwen2.5-coder:7b,पत्रकारी,1.156
5953,Connected,mr:,Marathi,qwen2.5-coder:7b,संबंधित,1.138
5954,Shared,mr:,Marathi,qwen2.5-coder:7b,शेअर्ड,1.029
5955,Lithuanian Litus,mr:,Marathi,qwen2.5-coder:7b,लिथुआनियाचे लिटस,2.2
5956,Parallel Test,mr:,Marathi,qwen2.5-coder:7b,परालेल्या परीक्षणात्मक,2.52
5957,Navigation Controls,mr:,Marathi,qwen2.5-coder:7b,नाविगेशन नियंत्रणे,2.162
5958,17th Last,mr:,Marathi,qwen2.5-coder:7b,17व्या पुढील,1.679
5959,Exposure: 1/ %1 s,mr:,Marathi,qwen2.5-coder:7b,प्रतिबंध: 1/ %1 सेcond,2.186
5960,Introduction to Databases,mr:,Marathi,qwen2.5-coder:7b,डेटाबेसाचे परिचय,2.127
5961,Color Correction,mr:,Marathi,qwen2.5-coder:7b,कार्यात्मक संशोधन,2.056
5962,bristle length weight,mr:,Marathi,qwen2.5-coder:7b,ब्रिस्टल लंबाई वजन,2.147
5963,& X offset:,mr:,Marathi,qwen2.5-coder:7b,& X अस्थित्व:,1.606
5964,Password Settings,mr:,Marathi,qwen2.5-coder:7b,पासवर्ड सेटिंग्स,1.985
5965,Entity Relationship Model,mr:,Marathi,qwen2.5-coder:7b,मूळ विस्तार योजना,2.471
5966,RET (Resolution Enhancement),mr:,Marathi,qwen2.5-coder:7b,रिश्वासीकरण वाढवण (Resolution Enhancement),2.552
5967,& Priority:,mr:,Marathi,qwen2.5-coder:7b,& प्राथमिकता:,1.566
5968,Connection time,mr:,Marathi,qwen2.5-coder:7b,संबंधाचे समय,1.605
5969,& Slow,mr:,Marathi,qwen2.5-coder:7b,& धीरे,1.081
5970,Resolution Enhancement (REt),mr:,Marathi,qwen2.5-coder:7b,वैशिष्ट्य सुधार (REt),2.6
5971,Generic,mr:,Marathi,qwen2.5-coder:7b,सामान्य,1.185
5972,On (faster),mr:,Marathi,qwen2.5-coder:7b,पर (फेचर),1.317
5973,Search Playlist,mr:,Marathi,qwen2.5-coder:7b,प्लेलीस्ट शोधणे,1.894
5974,Spanish (Venezuela),mr:,Marathi,qwen2.5-coder:7b,स्पेनिश (वेनेजुएला),2.38
5975,Family Name,mr:,Marathi,qwen2.5-coder:7b,परिवाराचे नाव,1.803
5976,Multimedia Player,mr:,Marathi,qwen2.5-coder:7b,"मल्याविज्ञानी खालील शब्दांची अनुवाद करा:

""मल्याविज्ञानी",5.726
5977,Print Jobs Settings,mr:,Marathi,qwen2.5-coder:7b,प्रिंट जॉब्स सेटिंग्स,2.465
5978,C (Optional):,mr:,Marathi,qwen2.5-coder:7b,C (पर्यायी):,1.495
5979,HOURS(time),mr:,Marathi,qwen2.5-coder:7b,समय (समाय),1.329
5980,Customize,mr:,Marathi,qwen2.5-coder:7b,सुधारणा करा,1.46
5981,Goal Seek,mr:,Marathi,qwen2.5-coder:7b,प्रमाण खोजणे,1.497
5982,KDE DocBook Standard,mr:,Marathi,qwen2.5-coder:7b,कडे डॉकबुक मान्यता,2.235
5983,Database created.,mr:,Marathi,qwen2.5-coder:7b,डेटाबेस बनाली.,1.947
5984,stiffness,mr:,Marathi,qwen2.5-coder:7b,सांदगी,1.115
5985,Script Builder,mr:,Marathi,qwen2.5-coder:7b,स्क्रिप्ट बिंडर,1.886
5986,Message Structure Viewer,mr:,Marathi,qwen2.5-coder:7b,संदेश संरचना दर्शक,2.39
5987,current volume,mr:,Marathi,qwen2.5-coder:7b,आधूनिक वैशिष्ट्य,2.32
5988,Change,mr:,Marathi,qwen2.5-coder:7b,परिवर्तन करणा,1.575
5989,Intensity:,mr:,Marathi,qwen2.5-coder:7b,वेळाची गुंतवती:,1.942
5990,canvassize (cs),mr:,Marathi,qwen2.5-coder:7b,कावण्याची आकार (कावण्याची आकार),3.615
5991,Memory usage: %1,mr:,Marathi,qwen2.5-coder:7b,महत्त्वाचे उपयोग: %1,2.513
5992,White: nbsp; None,mr:,Marathi,qwen2.5-coder:7b,White: &nbsp; None,1.456
5993,Storage location,mr:,Marathi,qwen2.5-coder:7b,स्टोरेज लॉकेशन,1.966
5994,Background Processes,mr:,Marathi,qwen2.5-coder:7b,पृथ्वीनुसार वर्तनीय प्रक्रिया,3.168
5995,Input velocity:,mr:,Marathi,qwen2.5-coder:7b,आणि वेग देणे:,1.768
5996,Calendar Files,mr:,Marathi,qwen2.5-coder:7b,कॅलेंडर फाइल्स,2.0
5997,Left:,mr:,Marathi,qwen2.5-coder:7b,पासे:,1.025
5998,Exposure Time,mr:,Marathi,qwen2.5-coder:7b,प्रतिबंध समय,1.478
5999,Remove Download,mr:,Marathi,qwen2.5-coder:7b,डाउनलोड खाली करा,2.135
6000,Main View,mr:,Marathi,qwen2.5-coder:7b,मुख्य वैशिष्ट्य,2.064
6001,Selected type: %1,mr:,Marathi,qwen2.5-coder:7b,चुनलेला प्रकार: %1,2.292
6002,Manager:,mr:,Marathi,qwen2.5-coder:7b,मॅनेजर:,1.235
6003,Night Rock by Tigert,mr:,Marathi,qwen2.5-coder:7b,तिगर्टचे रात्री गिलाली,2.53
6004,Lpq cache time:,mr:,Marathi,qwen2.5-coder:7b,लप्क कॅश टाइम:,2.03
6005,Sequence-%1,mr:,Marathi,qwen2.5-coder:7b,सर्वात जगाली-%1,2.105
6006,Sim card,mr:,Marathi,qwen2.5-coder:7b,सिम कार्ड,1.267
6007,Do nothing,mr:,Marathi,qwen2.5-coder:7b,काही न करणा,1.487
6008,Configuration XML file,mr:,Marathi,qwen2.5-coder:7b,XML,0.671
6009,& To-do List,mr:,Marathi,qwen2.5-coder:7b,& कार्यक्रम सूची,2.039
6010,24-bit color,mr:,Marathi,qwen2.5-coder:7b,24-बिट क्लरोर,1.782
6011,Cleared,mr:,Marathi,qwen2.5-coder:7b,साफी,0.824
6012,Ball size,mr:,Marathi,qwen2.5-coder:7b,बल्ल आकार,1.289
6013,class diagram,mr:,Marathi,qwen2.5-coder:7b,क्लास चित्र,1.472
6014,User activity:,mr:,Marathi,qwen2.5-coder:7b,उपयोगकर्ता क्रिया:,2.066
6015,& Hostname:,mr:,Marathi,qwen2.5-coder:7b,& होस्टनावळे:,1.783
6016,Suspend Applet,mr:,Marathi,qwen2.5-coder:7b,प्रगती घटाणा,1.827
6017,Keep-alive timeout:,mr:,Marathi,qwen2.5-coder:7b,किंवा असावण अवधी:,2.236
6018,built,mr:,Marathi,qwen2.5-coder:7b,बनले,0.826
6019,Dark red,mr:,Marathi,qwen2.5-coder:7b,काळे लाल,1.25
6020,English (Jamaica),mr:,Marathi,qwen2.5-coder:7b,अंग्रेजी (जमायका),2.11
6021,North-Korea,mr:,Marathi,qwen2.5-coder:7b,नाउथ्रो-कोरिया,1.771
6022,Minimum width,mr:,Marathi,qwen2.5-coder:7b,नारायणीय चौड़ाई,2.133
6023,Shared:,mr:,Marathi,qwen2.5-coder:7b,शेड्यूना:,1.475
6024,Acoustic,mr:,Marathi,qwen2.5-coder:7b,आकाशीय,1.016
6025,Has State,mr:,Marathi,qwen2.5-coder:7b,स्थानावर,1.491
6026,Map & Quality,mr:,Marathi,qwen2.5-coder:7b,नक्षत्र & गुणवत्ता,2.1
6027,New...,mr:,Marathi,qwen2.5-coder:7b,नव्हा...,1.045
6028,Run Length Encoding,mr:,Marathi,qwen2.5-coder:7b,चालणाची दुर्लभता,1.995
6029,Bold: and Italic:,mr:,Marathi,qwen2.5-coder:7b,प्रसिद्ध: आणि इटलीची:,2.589
6030,Duplex Tumble,mr:,Marathi,qwen2.5-coder:7b,डुप्लिक्स टुम्बल,2.177
6031,Create Patch...,mr:,Marathi,qwen2.5-coder:7b,पॅच बनाणा...,1.574
6032,#else without #if,mr:,Marathi,qwen2.5-coder:7b,#अन्यथा जागनार असते,2.5
6033,Size pattern,mr:,Marathi,qwen2.5-coder:7b,आकार पॅटर्न,1.615
6034,Windmill,mr:,Marathi,qwen2.5-coder:7b,वायुमाला,1.254
6035,Cordless TrackMan Wheel,mr:,Marathi,qwen2.5-coder:7b,कांदाच्या वापरासाठी अनुग्रही चालनाचे चक्र,4.457
6036,Album name:,mr:,Marathi,qwen2.5-coder:7b,एल्बमचे नाव:,1.659
6037,Top Center,mr:,Marathi,qwen2.5-coder:7b,उपरी दक्षिणी,1.591
6038,Save as,mr:,Marathi,qwen2.5-coder:7b,साठी बनवा,1.479
6039,& Generate Reports...,mr:,Marathi,qwen2.5-coder:7b,&रिपोर्ट्स गर्याला...,2.357
6040,South Korean Won,mr:,Marathi,qwen2.5-coder:7b,सूर्यनगर वॉन,1.998
6041,localPosition1,mr:,Marathi,qwen2.5-coder:7b,localePosition1,0.781
6042,& Parameter activity node,mr:,Marathi,qwen2.5-coder:7b,& पृमाण अभ्यास नोड,2.333
6043,KDE Text-to-speech Job Manager,mr:,Marathi,qwen2.5-coder:7b,कडे टेक्स्ट-टो-स्पीच जोब मॅनेजर,4.078
6044,Phone Command,mr:,Marathi,qwen2.5-coder:7b,फोन कमांड,1.289
6045,Cisco selection: cisco,mr:,Marathi,qwen2.5-coder:7b,किसोसी चयन: किसोसी,2.206
6046,Core Developer,mr:,Marathi,qwen2.5-coder:7b,मुख्य विकासकार,1.896
6047,Indentation Actions,mr:,Marathi,qwen2.5-coder:7b,वापरणे आणि विस्तार करणे,2.903
6048,Creating media.,mr:,Marathi,qwen2.5-coder:7b,मिडिया बनवता.,1.797
6049,Root directory:,mr:,Marathi,qwen2.5-coder:7b,मूळ दिशा:,1.566
6050,Share ratio:,mr:,Marathi,qwen2.5-coder:7b,शेअर अनुपात:,1.683
6051,%1 by request,mr:,Marathi,qwen2.5-coder:7b,%1 अनुरोधाने दिलेले,2.461
6052,Protocol version,mr:,Marathi,qwen2.5-coder:7b,प्रोटोकॉल वर्शन,2.049
6053,Ungroup shapes,mr:,Marathi,qwen2.5-coder:7b,साधारण आकार घटाव देणे,2.715
6054,VPN connection,mr:,Marathi,qwen2.5-coder:7b,VPN जोड्या,1.243
6055,Mummy Madness,mr:,Marathi,qwen2.5-coder:7b,मामी माझी गंधारी,1.972
6056,Time Adjust,mr:,Marathi,qwen2.5-coder:7b,समय सुधारणा,1.495
6057,Shortcut name: sys,mr:,Marathi,qwen2.5-coder:7b,क्षेत्राचे नाव: sys,2.183
6058,& Change the DTEP...,mr:,Marathi,qwen2.5-coder:7b,&देखील देखील देखील देखील देखील देखील देखील देखील देखील देखील देखील देखील देखील देखील देखील देखील देख,10.585
6059,& Gag List,mr:,Marathi,qwen2.5-coder:7b,& गग लिस्ट,1.511
6060,Last Slide,mr:,Marathi,qwen2.5-coder:7b,पिछला स्लाइड,1.577
6061,Alternative Tool,mr:,Marathi,qwen2.5-coder:7b,तर्जीत टूल,1.587
6062,Proportion:,mr:,Marathi,qwen2.5-coder:7b,प्रतिशत:,1.119
6063,Field of view:,mr:,Marathi,qwen2.5-coder:7b,प्रतिबिम्बित क्षेत्र:,2.275
6064,Server port,mr:,Marathi,qwen2.5-coder:7b,सर्वर गोष्ठी,1.596
6065,4th pile,mr:,Marathi,qwen2.5-coder:7b,4व्या टाप्ली,1.594
6066,- (%1 without cover),mr:,Marathi,qwen2.5-coder:7b,- (%1 अन्वेषणाचे बंधनावर असलेला),3.51
6067,direction X,mr:,Marathi,qwen2.5-coder:7b,दिशा X,1.02
6068,Time server:,mr:,Marathi,qwen2.5-coder:7b,समय सर्वर:,1.387
6069,Three-color RGB,mr:,Marathi,qwen2.5-coder:7b,त्रीकला रिंग बीग आणि वीटी,2.925
6070,& Previous Sentence,mr:,Marathi,qwen2.5-coder:7b,& पिछील्या वाक्याचे प्रसार,2.822
6071,mile,mr:,Marathi,qwen2.5-coder:7b,मिले,0.846
6072,Main:,mr:,Marathi,qwen2.5-coder:7b,माझे:,0.937
6073,BIN2OCT(value),mr:,Marathi,qwen2.5-coder:7b,बिना२अक्टी(मूळ्य),2.701
6074,Fiscal Year,mr:,Marathi,qwen2.5-coder:7b,आर्थिक वर्ष,1.546
6075,Body Area,mr:,Marathi,qwen2.5-coder:7b,मार्गणीय क्षेत्र,1.817
6076,& Reply,mr:,Marathi,qwen2.5-coder:7b,& जवळा देणा,1.701
6077,Language Selection,mr:,Marathi,qwen2.5-coder:7b,भाषा चुनाव,1.499
6078,Configuration Changes,mr:,Marathi,qwen2.5-coder:7b,परिवर्तन समाधाने,2.01
6079,CorrectBlack,mr:,Marathi,qwen2.5-coder:7b,कारण्यात लाल,1.682
6080,DimGrey,mr:,Marathi,qwen2.5-coder:7b,डिमग्रे,1.032
6081,Contributors:,mr:,Marathi,qwen2.5-coder:7b,प्राथमिक व्यक्ती:,2.093
6082,& Passphrase:,mr:,Marathi,qwen2.5-coder:7b,& पासफ्रेज:,1.345
6083,Column Selection,mr:,Marathi,qwen2.5-coder:7b,स्तंभ चयन,1.334
6084,Image Type:,mr:,Marathi,qwen2.5-coder:7b,प्रतिमा प्रकार:,1.694
6085,Master IDE Device,mr:,Marathi,qwen2.5-coder:7b,मास्टर IDE डिवाइस,1.826
6086,Name of file,mr:,Marathi,qwen2.5-coder:7b,नाव या फाइलाचे,1.794
6087,Table tool,mr:,Marathi,qwen2.5-coder:7b,ताबल टूल,1.296
6088,Utilities,mr:,Marathi,qwen2.5-coder:7b,योजना,0.893
6089,Scattering,mr:,Marathi,qwen2.5-coder:7b,संतती,0.917
6090,& Invite,mr:,Marathi,qwen2.5-coder:7b,&प्रस्तुत करणा,1.654
6091,Command output,mr:,Marathi,qwen2.5-coder:7b,आदेशाचे आउटपुट,1.897
6092,None (plain FTP),mr:,Marathi,qwen2.5-coder:7b,नाही (सामान्य FTP),1.931
6093,Resource Type,mr:,Marathi,qwen2.5-coder:7b,पद्धती,1.053
6094,Purge,mr:,Marathi,qwen2.5-coder:7b,पुराण करणा,1.328
6095,& Scope selection:,mr:,Marathi,qwen2.5-coder:7b,& अनुमान चयन:,1.727
6096,Unknown Network,mr:,Marathi,qwen2.5-coder:7b,अज्ञानी नेटवर्क,2.052
6097,Previous photo,mr:,Marathi,qwen2.5-coder:7b,पिछला फोटो,1.472
6098,Brass Section,mr:,Marathi,qwen2.5-coder:7b,ब्रास शेक्शन,1.634
6099,Date & & Time...,mr:,Marathi,qwen2.5-coder:7b,दिवस आणि समय...,1.73
6100,Private Job,mr:,Marathi,qwen2.5-coder:7b,निजी काम,1.144
6101,pppd & timeout:,mr:,Marathi,qwen2.5-coder:7b,प्पप्प्ड आणि टाइमआउट:,2.623
6102,& Portrait,mr:,Marathi,qwen2.5-coder:7b,& पोर्ट्रेट,1.35
6103,Home,mr:,Marathi,qwen2.5-coder:7b,होम,0.762
6104,Action window,mr:,Marathi,qwen2.5-coder:7b,कार्य जंगल,1.458
6105,Channel 1,mr:,Marathi,qwen2.5-coder:7b,चौंसी 1,1.321
6106,Operation,mr:,Marathi,qwen2.5-coder:7b,आयोजना,1.001
6107,& SMB shared printer (Windows),mr:,Marathi,qwen2.5-coder:7b,& एसएमबी शेड्युल्प्रिंटर (विंडोज),3.549
6108,KDE Calculator,mr:,Marathi,qwen2.5-coder:7b,कडे कॅलकुलेटर,1.839
6109,Monitor interfaces,mr:,Marathi,qwen2.5-coder:7b,माध्यमांचे विशेषाचे विशेषाचे विशेषाचे विशेषाचे विशेषाचे विशेषाचे विशेषाचे विशेषाचे विशेषाचे विशेषाचे,10.369
6110,Edit Script...,mr:,Marathi,qwen2.5-coder:7b,स्क्रिप्ट संपादित करा...,2.265
6111,Transit:,mr:,Marathi,qwen2.5-coder:7b,प्रवास:,1.148
6112,User6,mr:,Marathi,qwen2.5-coder:7b,उपयोगकर्ता 6,1.655
6113,The & kshisen; Handbook,mr:,Marathi,qwen2.5-coder:7b,क्षिसेन एकांची बुक,2.654
6114,Device selection timing,mr:,Marathi,qwen2.5-coder:7b,मुद्दे चुनून कारण,2.137
6115,X11 Framebuffer for KRfb,mr:,Marathi,qwen2.5-coder:7b,X11 फ्रेमबॉक्स क्रफ्ब,2.809
6116,Alpha Channel:,mr:,Marathi,qwen2.5-coder:7b,अल्फा चौंकी:,1.784
6117,Deployment Diagram,mr:,Marathi,qwen2.5-coder:7b,प्रस्थान चित्र,1.883
6118,Capital,mr:,Marathi,qwen2.5-coder:7b,महानगर,1.02
6119,Ethylene oxide,mr:,Marathi,qwen2.5-coder:7b,एथिलन ऑक्साइड,1.773
6120,conditional-head1,mr:,Marathi,qwen2.5-coder:7b,शर्ताचे शीर्षक,2.001
6121,%1 'missing.,mr:,Marathi,qwen2.5-coder:7b,%1 असे अजावडे.,1.935
6122,Import Warnings,mr:,Marathi,qwen2.5-coder:7b,वेळाचे अलर्ट्स,2.073
6123,Sign only key,mr:,Marathi,qwen2.5-coder:7b,केवल कुंजी असला,1.81
6124,Current source:,mr:,Marathi,qwen2.5-coder:7b,आधीचे स्रोत:,1.4
6125,Dushanbe,mr:,Marathi,qwen2.5-coder:7b,दुश्वन्ते,1.426
6126,The & kstars; Team:,mr:,Marathi,qwen2.5-coder:7b,क्षेत्राचे टीम:,2.115
6127,Temperature (ºC),mr:,Marathi,qwen2.5-coder:7b,तापमान (°C),1.507
6128,New & Album,mr:,Marathi,qwen2.5-coder:7b,नव & अल्बम,1.353
6129,Keep Open,mr:,Marathi,qwen2.5-coder:7b,खोला रखा,1.22
6130,& Root element is:,mr:,Marathi,qwen2.5-coder:7b,& मूळ तत्त्व आहे:,2.26
6131,Show help,mr:,Marathi,qwen2.5-coder:7b,दिल्ली दाखवा,1.735
6132,Lead 3 - Calliope,mr:,Marathi,qwen2.5-coder:7b,प्रमुख 3 - कैलियोपे,2.423
6133,KDE Vocabulary Document,mr:,Marathi,qwen2.5-coder:7b,क्यूडी वाक्यांकडी,2.326
6134,PF-7 Bulk Feeder,mr:,Marathi,qwen2.5-coder:7b,प्रमुख फ्रीडर (PF-7),2.267
6135,& Unknown,mr:,Marathi,qwen2.5-coder:7b,& अज्ञानी,1.375
6136,Bi-Monthly,mr:,Marathi,qwen2.5-coder:7b,दोन्ही महिना,1.674
6137,File Size View,mr:,Marathi,qwen2.5-coder:7b,फाईल आकार देखणे,2.052
6138,Data Directory,mr:,Marathi,qwen2.5-coder:7b,डेटा दाखवणी,1.543
6139,Eb Major,mr:,Marathi,qwen2.5-coder:7b,ईब मार्जियाटी,1.62
6140,Copy %1- > Output,mr:,Marathi,qwen2.5-coder:7b,प्रतिलिपी %1 -> आउटपुट,2.635
6141,Use KNotes,mr:,Marathi,qwen2.5-coder:7b,खालील उपयोग करा: KNotes,2.121
6142,Authentication error,mr:,Marathi,qwen2.5-coder:7b,अनुमती गरीणे त्रुटी,2.255
6143,Remove,mr:,Marathi,qwen2.5-coder:7b,उपलब्ध करणा,1.438
6144,Question:,mr:,Marathi,qwen2.5-coder:7b,प्रश्न:,1.019
6145,Current:,mr:,Marathi,qwen2.5-coder:7b,आणि अधिकारी:,1.654
6146,Evaluation Settings,mr:,Marathi,qwen2.5-coder:7b,परीक्षण सेटिंग्स,1.977
6147,OpenGL Display Settings,mr:,Marathi,qwen2.5-coder:7b,OpenGL प्रदर्शन सेटिंग्स,2.311
6148,List Type,mr:,Marathi,qwen2.5-coder:7b,सूची प्रकार,1.497
6149,Hurricane,mr:,Marathi,qwen2.5-coder:7b,हुरॅकनी,1.278
6150,Network History,mr:,Marathi,qwen2.5-coder:7b,नेटवर्क इतिहास,1.907
6151,Prerequisites,mr:,Marathi,qwen2.5-coder:7b,पूर्वाधिकारीत्वाचे आवश्यकता,3.294
6152,Focal Length,mr:,Marathi,qwen2.5-coder:7b,फोकल लंबी,1.375
6153,Hide Selected,mr:,Marathi,qwen2.5-coder:7b,परिणामांना ठेवा,2.118
6154,Draw frame,mr:,Marathi,qwen2.5-coder:7b,चाप घेणा,1.224
6155,Layer 1,mr:,Marathi,qwen2.5-coder:7b,पहिला मानक,1.342
6156,%1 earlier than %2,mr:,Marathi,qwen2.5-coder:7b,%1 पहिले %2 मध्ये,2.032
6157,Internet & Network,mr:,Marathi,qwen2.5-coder:7b,इंटरनेट आणि नेटवर्क,2.424
6158,Norwegian,mr:,Marathi,qwen2.5-coder:7b,नॉर्विजी,1.378
6159,& Insert in Project...,mr:,Marathi,qwen2.5-coder:7b,&परियोजनात आवश्यक करण्यात आहे...,3.419
6160,Shot speed,mr:,Marathi,qwen2.5-coder:7b,शॅट वेग,1.373
6161,Mount Point,mr:,Marathi,qwen2.5-coder:7b,माउंट पॉइंट,1.574
6162,Internet Links,mr:,Marathi,qwen2.5-coder:7b,इंटरनेट लिंक्स,1.833
6163,Dolphin Navigation,mr:,Marathi,qwen2.5-coder:7b,डोल्फिन नाविगेशन,2.172
6164,No game,mr:,Marathi,qwen2.5-coder:7b,नाहीं गेम,1.354
6165,Dashed Lines,mr:,Marathi,qwen2.5-coder:7b,विचित्र रेखा,1.533
6166,Contributing,mr:,Marathi,qwen2.5-coder:7b,प्राथमिक योग्यता,2.115
6167,Script Dialog,mr:,Marathi,qwen2.5-coder:7b,स्क्रिप्ट दिल्ली,1.99
6168,Sheets,mr:,Marathi,qwen2.5-coder:7b,पत्ते,0.931
6169,strings,mr:,Marathi,qwen2.5-coder:7b,स्ट्रिंग्स,1.264
6170,Notification Event List,mr:,Marathi,qwen2.5-coder:7b,सूचना घटना सूची,2.124
6171,New Institution,mr:,Marathi,qwen2.5-coder:7b,नवीन अस्थान,1.584
6172,Script name:,mr:,Marathi,qwen2.5-coder:7b,स्क्रिप्टचे नाव:,1.956
6173,LightBlue2,mr:,Marathi,qwen2.5-coder:7b,लाईटब्लू2,1.544
6174,Exceptions:,mr:,Marathi,qwen2.5-coder:7b,अपवादे:,1.088
6175,Turn,mr:,Marathi,qwen2.5-coder:7b,चालवा,0.884
6176,ST-20 Bulk Stacker,mr:,Marathi,qwen2.5-coder:7b,स्ट-20 बॉल्क स्टॅकर,2.534
6177,& Previous Feed,mr:,Marathi,qwen2.5-coder:7b,& पिछ्ला फीड,1.558
6178,List Help,mr:,Marathi,qwen2.5-coder:7b,सूची मदद,1.248
6179,By Rating,mr:,Marathi,qwen2.5-coder:7b,प्रतिश्रंखणे आणि रूपांतरण,3.087
6180,SeaGreen3,mr:,Marathi,qwen2.5-coder:7b,SeaGreen3,0.809
6181,Percent Function,mr:,Marathi,qwen2.5-coder:7b,प्रतिशत फंक्शन,1.757
6182,Using & ksnapshot;,mr:,Marathi,qwen2.5-coder:7b,उपयोग & ksnapshot;,1.606
6183,Display controller,mr:,Marathi,qwen2.5-coder:7b,दिशा निर्देशक,1.733
6184,Tab Order,mr:,Marathi,qwen2.5-coder:7b,ताब आयात,1.24
6185,stopped,mr:,Marathi,qwen2.5-coder:7b,पारिले,1.223
6186,Zimbabwe Dollar,mr:,Marathi,qwen2.5-coder:7b,जिंबिबू डॉलर,1.889
6187,OHP Transparency,mr:,Marathi,qwen2.5-coder:7b,ओहप अनुक्रमता,1.718
6188,Failed to open %1: %2,mr:,Marathi,qwen2.5-coder:7b,खोलण्याचे असला नाही: %1: %2,3.153
6189,System icons:,mr:,Marathi,qwen2.5-coder:7b,प्रणाली चिन्हांचा वर्णन:,2.635
6190,One moment please...,mr:,Marathi,qwen2.5-coder:7b,काही मिळते आहे...,1.907
6191,Do Not Override,mr:,Marathi,qwen2.5-coder:7b,नाहीं असला देणा,1.923
6192,October,mr:,Marathi,qwen2.5-coder:7b,अक्टूबर,1.163
6193,Extensions Manager,mr:,Marathi,qwen2.5-coder:7b,अवेशांचा प्रबंधक,1.988
6194,Incoming/,mr:,Marathi,qwen2.5-coder:7b,आलेला/,0.985
6195,Home Address City,mr:,Marathi,qwen2.5-coder:7b,पत्ता ठेवणे शहर,1.915
6196,& With empty fields,mr:,Marathi,qwen2.5-coder:7b,& खाली जग्वान्यांसाठी,2.523
6197,Bold Black,mr:,Marathi,qwen2.5-coder:7b,बॉल्ड बैक्क,1.708
6198,Volume set size:,mr:,Marathi,qwen2.5-coder:7b,आणि वैशिष्ट्य असते:,2.381
6199,Community,mr:,Marathi,qwen2.5-coder:7b,सामुदाय,1.052
6200,Starting %1...,mr:,Marathi,qwen2.5-coder:7b,शुरू करण्यात %1...,2.13
6201,Extensions manager...,mr:,Marathi,qwen2.5-coder:7b,अवेक्षक व्यवस्थापक...,2.48
6202,Alternating,mr:,Marathi,qwen2.5-coder:7b,विचाल झाला,1.396
6203,Background Pixmap,mr:,Marathi,qwen2.5-coder:7b,पृष्ठभूमीचे पॅम्पिक्सम,2.805
6204,Usage Image Viewer,mr:,Marathi,qwen2.5-coder:7b,प्रयोग चित्रप्रदर्शक,2.434
6205,Akonadi Server Configuration,mr:,Marathi,qwen2.5-coder:7b,काकोडेवारी सर्वेक्षण व्यवस्था,3.413
6206,Account number:,mr:,Marathi,qwen2.5-coder:7b,खाता संख्या:,1.578
6207,Print Format,mr:,Marathi,qwen2.5-coder:7b,प्रिंट फॅमॅट,1.761
6208,Create Subrepository,mr:,Marathi,qwen2.5-coder:7b,उपलब्धी बनाणा,2.014
6209,history,mr:,Marathi,qwen2.5-coder:7b,इतिहास,1.001
6210,HTTP Requests,mr:,Marathi,qwen2.5-coder:7b,आपल्या वेबसाइटाच्या अनुप्रयोगात HTTP अनुरोधे देणे.,4.725
6211,User canceled the transaction,mr:,Marathi,qwen2.5-coder:7b,यो ट्रांसॅक्शन योग्य नाही,3.256
6212,Using & xsldbg;,mr:,Marathi,qwen2.5-coder:7b,खालील वापरा & xsldbg;,2.313
6213,Air Pressure:,mr:,Marathi,qwen2.5-coder:7b,आहार दाबाद:,1.582
6214,Configuration Okay,mr:,Marathi,qwen2.5-coder:7b,कार्यात्मक असे,1.89
6215,Player Name:,mr:,Marathi,qwen2.5-coder:7b,प्लेयरचे नाव:,1.681
6216,User Specified PIN,mr:,Marathi,qwen2.5-coder:7b,योग्य व्यक्तिगत पिन,2.266
6217,Songkick Data Engine,mr:,Marathi,qwen2.5-coder:7b,संगीतकिंद डेटा इंजिन,2.555
6218,Unmovable,mr:,Marathi,qwen2.5-coder:7b,अनिवार्य,1.327
6219,Working Color Space,mr:,Marathi,qwen2.5-coder:7b,कार्यात्मक रंग स्थान,2.599
6220,Caller,mr:,Marathi,qwen2.5-coder:7b,प्रवेशकर्ता,1.389
6221,File permissions,mr:,Marathi,qwen2.5-coder:7b,फाईल अनुमतींे,1.696
6222,& Dissociate,mr:,Marathi,qwen2.5-coder:7b,& विस्थापन करणा,1.856
6223,& Refresh time:,mr:,Marathi,qwen2.5-coder:7b,& तारिख तालिका अद्ययोजना करणे:,3.176
6224,Azerbaijani,mr:,Marathi,qwen2.5-coder:7b,अज़ेरियाई,1.506
6225,Sub-tree query,mr:,Marathi,qwen2.5-coder:7b,उपशब्द याचा प्रश्न,2.359
6226,from %1 through %2,mr:,Marathi,qwen2.5-coder:7b,आणि %1 ते %2 ते,1.826
6227,Metapost Files,mr:,Marathi,qwen2.5-coder:7b,म्यापोस्ट फाइल्स,2.077
6228,Plain Rectangles,mr:,Marathi,qwen2.5-coder:7b,सामान्य आयतांचे,1.939
6229,& Certificate,mr:,Marathi,qwen2.5-coder:7b,& प्रमाणपत्र,1.351
6230,Bottom,mr:,Marathi,qwen2.5-coder:7b,तूनी,0.952
6231,Ctrl; P Print...,mr:,Marathi,qwen2.5-coder:7b,कंट्रोल; प्रिंट...,1.852
6232,Public key auth,mr:,Marathi,qwen2.5-coder:7b,प्रकाशी वापरासाठी,2.305
6233,Network Services,mr:,Marathi,qwen2.5-coder:7b,नेटवर्क सेवाें,1.782
6234,IP version,mr:,Marathi,qwen2.5-coder:7b,आयपी वर्शन,1.475
6235,User & Info,mr:,Marathi,qwen2.5-coder:7b,उपयोगकर्ता आणि माहिती,2.511
6236,executing,mr:,Marathi,qwen2.5-coder:7b,प्रकारण आहे,1.73
6237,Username:,mr:,Marathi,qwen2.5-coder:7b,उपयोगकर्ता नाव:,1.946
6238,Paint color:,mr:,Marathi,qwen2.5-coder:7b,पान्याचा रंग:,1.693
6239,Old Italic,mr:,Marathi,qwen2.5-coder:7b,आधूरी इटालियन,1.853
6240,& Next,mr:,Marathi,qwen2.5-coder:7b,& आणि आणि आणि आणि आणि आणि आणि आणि आणि आणि आणि आणि आणि आणि आणि आणि आणि आणि आणि आणि आणि आणि आणि आणि आण,10.407
6241,Switching,mr:,Marathi,qwen2.5-coder:7b,स्विच झाला,1.433
6242,Spelling (from cursor)...,mr:,Marathi,qwen2.5-coder:7b,शब्दांकडे (सर्वात उर्ध्वात)...,3.274
6243,Pointer Position,mr:,Marathi,qwen2.5-coder:7b,पंक्ती स्थिती,1.669
6244,CoastLine,mr:,Marathi,qwen2.5-coder:7b,कोस्ट लाईन,1.435
6245,Emergency Procedures:,mr:,Marathi,qwen2.5-coder:7b,आपल्या वापरासाठी आणि अनुभवासाठी आपल्या व्यक्तिगत असण्यासाठी आणि अनुभवासाठी आपल्या व्यक्तिगत असण्यास,10.134
6246,(capture),mr:,Marathi,qwen2.5-coder:7b,(सामग्री चापणे),1.907
6247,Go 10% Forward,mr:,Marathi,qwen2.5-coder:7b,पूर्वात 10% आगे जाणा,2.601
6248,Samba Log Files,mr:,Marathi,qwen2.5-coder:7b,संबा लॉग फाइल्स,2.165
6249,minesweeper,mr:,Marathi,qwen2.5-coder:7b,मिन्स्वीपर,1.523
6250,Please make your move,mr:,Marathi,qwen2.5-coder:7b,कृपया आपचे चाल करा,2.213
6251,Spin speed,mr:,Marathi,qwen2.5-coder:7b,चालना गति,1.297
6252,To the right,mr:,Marathi,qwen2.5-coder:7b,उत्तरात,1.197
6253,& Enable On Screen Display,mr:,Marathi,qwen2.5-coder:7b,& अपलायचे दृश्य दिसवा येथे करा,3.575
6254,Job Separator,mr:,Marathi,qwen2.5-coder:7b,वैशिष्ट्य विभाजक,2.463
6255,Accounts Editor,mr:,Marathi,qwen2.5-coder:7b,खातांचे संपादक,1.785
6256,Monochrome ordered dithering,mr:,Marathi,qwen2.5-coder:7b,मोनोक्रोम आयामी डिथरिंग,2.862
6257,& Green,mr:,Marathi,qwen2.5-coder:7b,& शहरीरातील रंग,1.997
6258,IRC Event,mr:,Marathi,qwen2.5-coder:7b,आरसीसी घटना,1.544
6259,Arrow,mr:,Marathi,qwen2.5-coder:7b,आर्थर,0.874
6260,Tanzanian Shilling,mr:,Marathi,qwen2.5-coder:7b,तंजानीनी शिल्लिंग,2.268
6261,No name:,mr:,Marathi,qwen2.5-coder:7b,नाव नाही:,1.391
6262,Operation management,mr:,Marathi,qwen2.5-coder:7b,प्रक्रिया प्रबंधन,1.774
6263,search,mr:,Marathi,qwen2.5-coder:7b,खोजा,0.819
6264,Search direction:,mr:,Marathi,qwen2.5-coder:7b,शोध दिशा:,1.39
6265,CA file:,mr:,Marathi,qwen2.5-coder:7b,CA फाइल:,1.186
6266,Certificate,mr:,Marathi,qwen2.5-coder:7b,प्रमाणपत्र,1.188
6267,Tabs,mr:,Marathi,qwen2.5-coder:7b,टॅब्स,1.01
6268,Navigation mode,mr:,Marathi,qwen2.5-coder:7b,नाविगेशन मोड,1.494
6269,Dialog Parent,mr:,Marathi,qwen2.5-coder:7b,डिलॅग पारंट,1.505
6270,%1 already exists.,mr:,Marathi,qwen2.5-coder:7b,%1 येथे असून आहे.,2.356
6271,16th Last,mr:,Marathi,qwen2.5-coder:7b,16व्या पिछ्ल्या,1.994
6272,Comic Books,mr:,Marathi,qwen2.5-coder:7b,मोठ्या काही मिळवण्यासाठी,2.628
6273,Recursions,mr:,Marathi,qwen2.5-coder:7b,रिकॉर्शन्स,1.504
6274,Unencrypted,mr:,Marathi,qwen2.5-coder:7b,अनामित,1.018
6275,Bond Length:,mr:,Marathi,qwen2.5-coder:7b,बंड लंबाई:,1.489
6276,Window Management,mr:,Marathi,qwen2.5-coder:7b,पाठ्यक्रमण,1.312
6277,Permission:,mr:,Marathi,qwen2.5-coder:7b,अनुमती:,1.072
6278,Property Information,mr:,Marathi,qwen2.5-coder:7b,प्राथमिक माहिती,1.763
6279,Download speed,mr:,Marathi,qwen2.5-coder:7b,डाउनलोड गती,1.538
6280,Profile & name:,mr:,Marathi,qwen2.5-coder:7b,प्रोफाइल आणि नाव:,2.118
6281,Local Time,mr:,Marathi,qwen2.5-coder:7b,स्थानीय समय,1.414
6282,Core engine developer,mr:,Marathi,qwen2.5-coder:7b,मुख्य इंजन विकासकार,2.36
6283,Forwarded,mr:,Marathi,qwen2.5-coder:7b,पुढील्या,1.233
6284,Removed: 0/ 0,mr:,Marathi,qwen2.5-coder:7b,हटले: 0/ 0,1.747
6285,Ethyl-Benzene,mr:,Marathi,qwen2.5-coder:7b,इथिल-बेनजन,1.462
6286,Turkish,mr:,Marathi,qwen2.5-coder:7b,तुर्की,1.056
6287,Special type:,mr:,Marathi,qwen2.5-coder:7b,विशेष प्रकार:,1.665
6288,Classifier Settings,mr:,Marathi,qwen2.5-coder:7b,क्लासार्थ असेही सेटिंग्स,2.642
6289,Function Cycle,mr:,Marathi,qwen2.5-coder:7b,फंक्शन चक्र,1.49
6290,Plasma Window,mr:,Marathi,qwen2.5-coder:7b,प्लाजम जंगल,1.592
6291,Instance name:,mr:,Marathi,qwen2.5-coder:7b,आणि नाव:,1.307
6292,Energy function,mr:,Marathi,qwen2.5-coder:7b,शक्ती फंक्शन,1.813
6293,& Do Not Save,mr:,Marathi,qwen2.5-coder:7b,& नाहीं बनवा,1.743
6294,Filter Accounts,mr:,Marathi,qwen2.5-coder:7b,खालील खालील खालील खालील खालील खालील खालील खालील खालील खालील खालील खालील खालील खालील खालील खालील खाली,10.173
6295,Index information:,mr:,Marathi,qwen2.5-coder:7b,सूचना जाहीर करणे:,2.297
6296,Your choices,mr:,Marathi,qwen2.5-coder:7b,आपचे चुनावे,1.584
6297,Brightness / Contrast / Gamma,mr:,Marathi,qwen2.5-coder:7b,स्वादीयता / वास्तवता / गम्मा,3.199
6298,Serial Port #1 (Linux),mr:,Marathi,qwen2.5-coder:7b,श्रृंखला खंड #1 (लिनॅक्स),3.196
6299,EMF backend for Okular,mr:,Marathi,qwen2.5-coder:7b,EMF बॅक्एंड लागूरुकाला,2.986
6300,Nigerian Naira,mr:,Marathi,qwen2.5-coder:7b,नाइजीरियन नारा,1.899
6301,Sequence,mr:,Marathi,qwen2.5-coder:7b,सर्वात आधी आणि सर्वात अधिक असणे,3.434
6302,DarkSeaGreen3,mr:,Marathi,qwen2.5-coder:7b,डार्कसीएयन3,1.63
6303,DeepSkyBlue3,mr:,Marathi,qwen2.5-coder:7b,देव्हाश्वेत 3,1.85
6304,2D Graph,mr:,Marathi,qwen2.5-coder:7b,2D ग्राफ,1.191
6305,Event:,mr:,Marathi,qwen2.5-coder:7b,समयाचे घटना:,1.649
6306,Pattern Matching,mr:,Marathi,qwen2.5-coder:7b,पॅटर्न मॅचिंग,1.818
6307,msft-reserved,mr:,Marathi,qwen2.5-coder:7b,मास्फ्ट-रिजर्वेड,2.049
6308,Call time:,mr:,Marathi,qwen2.5-coder:7b,वापरणारा समय:,1.61
6309,New Zealand Dollar,mr:,Marathi,qwen2.5-coder:7b,न्यू जीलैंड डॉलर,2.248
6310,Installation Failure,mr:,Marathi,qwen2.5-coder:7b,इंस्टॉलेशन असफलता,2.331
6311,. unsaved,mr:,Marathi,qwen2.5-coder:7b,असही बदले,1.327
6312,Download Error,mr:,Marathi,qwen2.5-coder:7b,डाउनलोड त्रुटी,1.728
6313,conic arc,mr:,Marathi,qwen2.5-coder:7b,काळीय वृत्तीय शैली,2.52
6314,Max clients:,mr:,Marathi,qwen2.5-coder:7b,माहिती अपलून अपलून अपलून अपलून अपलून अपलून अपलून अपलून अपलून अपलून अपलून अपलून अपलून अप,10.454
6315,Current time,mr:,Marathi,qwen2.5-coder:7b,आधीचा समय,1.231
6316,Nickname list:,mr:,Marathi,qwen2.5-coder:7b,नावाचे यादीपत्र:,1.901
6317,term,mr:,Marathi,qwen2.5-coder:7b,तर्म,0.827
6318,Call(s) from %1,mr:,Marathi,qwen2.5-coder:7b,प्रतियोग या %1 मध्ये,2.279
6319,Singles,mr:,Marathi,qwen2.5-coder:7b,सिंगल्स,1.183
6320,RAW Image,mr:,Marathi,qwen2.5-coder:7b,आढाय चित्र,1.312
6321,& Outline,mr:,Marathi,qwen2.5-coder:7b,& आवश्यकता,1.404
6322,Property:,mr:,Marathi,qwen2.5-coder:7b,प्रॉप्पी:,1.374
6323,& Dictionary:,mr:,Marathi,qwen2.5-coder:7b,& शब्दकोश:,1.471
6324,Subdivision:,mr:,Marathi,qwen2.5-coder:7b,विभाग:,1.227
6325,Selecting,mr:,Marathi,qwen2.5-coder:7b,चुनणे,0.929
6326,Interface design,mr:,Marathi,qwen2.5-coder:7b,इंटरफ़ेस डिजाइन,1.978
6327,Suspend (STOP),mr:,Marathi,qwen2.5-coder:7b,सुप्सेंड (स्टॉप),2.16
6328,& Work Offline,mr:,Marathi,qwen2.5-coder:7b,& काम करा असला,1.717
6329,Strong,mr:,Marathi,qwen2.5-coder:7b,मजबूत,1.057
6330,State type:,mr:,Marathi,qwen2.5-coder:7b,प्रदेशाचा प्रकार:,1.869
6331,Source environment:,mr:,Marathi,qwen2.5-coder:7b,मूळ परिस्थिती:,2.082
6332,native,mr:,Marathi,qwen2.5-coder:7b,नाट्याचा,1.19
6333,Papua New Guinea,mr:,Marathi,qwen2.5-coder:7b,पपू न्यू गुनाई,2.095
6334,Audio device:,mr:,Marathi,qwen2.5-coder:7b,आवडणाचा नाव:,1.7
6335,Function & 7:,mr:,Marathi,qwen2.5-coder:7b,कार्य & 7:,1.521
6336,Bar Chart,mr:,Marathi,qwen2.5-coder:7b,बार चार्ट,1.36
6337,New type: cisco,mr:,Marathi,qwen2.5-coder:7b,नव्या प्रकार: cisco,1.859
6338,Single,mr:,Marathi,qwen2.5-coder:7b,एका,0.713
6339,Edit Short Name,mr:,Marathi,qwen2.5-coder:7b,संक्षिप्त नाव संपादित करा,3.043
6340,Password,mr:,Marathi,qwen2.5-coder:7b,पासवर्ड,1.139
6341,The Rack,mr:,Marathi,qwen2.5-coder:7b,रक्कमा,1.064
6342,cubic feet,mr:,Marathi,qwen2.5-coder:7b,किलोमीटर्स,1.472
6343,Brazil/ East,mr:,Marathi,qwen2.5-coder:7b,ब्राजिल/पश्चिम,1.721
6344,Spray,mr:,Marathi,qwen2.5-coder:7b,स्प्रे जावणे,1.571
6345,Best & Scores,mr:,Marathi,qwen2.5-coder:7b,शक्तीची आणि अंकां,2.215
6346,Folder name,mr:,Marathi,qwen2.5-coder:7b,फोल्डर नाव,1.5
6347,Mixer device,mr:,Marathi,qwen2.5-coder:7b,मिशकीकार,1.284
6348,Application version:,mr:,Marathi,qwen2.5-coder:7b,"प्रतिनिधी वर्षण:""
(Translation of ""Application version:"" to Marathi is ""प्रतिनिधी वर्षण:"")",4.855
6349,Manganese,mr:,Marathi,qwen2.5-coder:7b,मान्जनेस्टर,1.505
6350,Contributions:,mr:,Marathi,qwen2.5-coder:7b,प्रावेश:,1.206
6351,Channel Topic,mr:,Marathi,qwen2.5-coder:7b,कांडचे मुख्य विषय,2.091
6352,Desktop Background,mr:,Marathi,qwen2.5-coder:7b,पेजचे आधार,1.474
6353,Give Voice,mr:,Marathi,qwen2.5-coder:7b,वाक्य देणे,1.622
6354,Output file:,mr:,Marathi,qwen2.5-coder:7b,फाइल आउटपुट:,1.665
6355,File Watcher,mr:,Marathi,qwen2.5-coder:7b,फाइल वाचक,1.347
6356,Arcade game,mr:,Marathi,qwen2.5-coder:7b,मिळार्ड खेळ,1.528
6357,Group Policies,mr:,Marathi,qwen2.5-coder:7b,ग्रुप नियमां,1.593
6358,Control Points,mr:,Marathi,qwen2.5-coder:7b,कंट्रोल बिंदूं,1.785
6359,Won,mr:,Marathi,qwen2.5-coder:7b,जीतला,0.882
6360,snow,mr:,Marathi,qwen2.5-coder:7b,सून्य,0.969
6361,Passphrase:,mr:,Marathi,qwen2.5-coder:7b,पासफ्रेज:,1.243
6362,Soundcard Type,mr:,Marathi,qwen2.5-coder:7b,संदेशकारण प्रकार,1.894
6363,& Hangup string:,mr:,Marathi,qwen2.5-coder:7b,& घेलण्याचे शब्द:,2.253
6364,Bottom Arrow,mr:,Marathi,qwen2.5-coder:7b,तलाचे शिप्पणे,1.885
6365,density,mr:,Marathi,qwen2.5-coder:7b,मोठीती,1.017
6366,Base Classifiers,mr:,Marathi,qwen2.5-coder:7b,आधारी वर्गीकरणे,1.922
6367,Remove Component,mr:,Marathi,qwen2.5-coder:7b,मूळ अपलावर अपशील कम्पनीना हटवा,3.649
6368,Image folder:,mr:,Marathi,qwen2.5-coder:7b,प्रतिमा फोल्डर:,1.985
6369,Default & search engine:,mr:,Marathi,qwen2.5-coder:7b,डिफॉल्ट आणि खोज इंजन:,2.692
6370,recover,mr:,Marathi,qwen2.5-coder:7b,पुनर्स्थापित करणे,1.948
6371,& View Cover,mr:,Marathi,qwen2.5-coder:7b,& चित्रपट देखा,1.727
6372,Color Filters,mr:,Marathi,qwen2.5-coder:7b,फर्शाचे फिल्टर्स,2.025
6373,Find,mr:,Marathi,qwen2.5-coder:7b,खोजणे,0.92
6374,Filesystem Utilization Viewer,mr:,Marathi,qwen2.5-coder:7b,फायलसिस्टम उपयोग दर्शक,2.758
6375,Native Language,mr:,Marathi,qwen2.5-coder:7b,माझी भाषा,1.311
6376,Carpet,mr:,Marathi,qwen2.5-coder:7b,चापरी,0.963
6377,Receiving,mr:,Marathi,qwen2.5-coder:7b,मिळवण्यात,1.359
6378,Command char:,mr:,Marathi,qwen2.5-coder:7b,कमांड चिन्ह:,1.781
6379,Hungarian,mr:,Marathi,qwen2.5-coder:7b,हंगारियन,1.258
6380,Hue Control Settings,mr:,Marathi,qwen2.5-coder:7b,कार्यक्रम विनिमय सेटिंग्स,2.836
6381,Looking Up Kanji,mr:,Marathi,qwen2.5-coder:7b,कांझी शोधणे,1.793
6382,CadetBlue3,mr:,Marathi,qwen2.5-coder:7b,काडेटब्लू3,1.559
6383,Draw Box:,mr:,Marathi,qwen2.5-coder:7b,डाउन बॉक्स:,1.705
6384,"Searching uses of ""%1""",mr:,Marathi,qwen2.5-coder:7b,"खोज असलेल्या ""%1",2.14
6385,turnright (tr),mr:,Marathi,qwen2.5-coder:7b,दाखला करण्यासाठी (tr),2.282
6386,Variable Name:,mr:,Marathi,qwen2.5-coder:7b,नावाचे नाव:,1.517
6387,Learn,mr:,Marathi,qwen2.5-coder:7b,शिक्षण,1.215
6388,Template Selection,mr:,Marathi,qwen2.5-coder:7b,पट्टी चुनाव,1.578
6389,style,mr:,Marathi,qwen2.5-coder:7b,स्टायल,1.011
6390,Guitar,mr:,Marathi,qwen2.5-coder:7b,गिटार,0.95
6391,Maximum download speed:,mr:,Marathi,qwen2.5-coder:7b,मजकून डाउनलोड गती:,2.44
6392,Color Profile Conversion,mr:,Marathi,qwen2.5-coder:7b,प्रोफाइल रंग परिवर्तन,2.282
6393,Destination Directory:,mr:,Marathi,qwen2.5-coder:7b,निर्धारित दस्तऐवज:,2.282
6394,Delete route,mr:,Marathi,qwen2.5-coder:7b,राउट अड्वारा काढणा,2.169
6395,of Tamuz,mr:,Marathi,qwen2.5-coder:7b,तमुजातील,1.33
6396,Priority: %1,mr:,Marathi,qwen2.5-coder:7b,प्राथमिकता: %1,1.739
6397,& Top:,mr:,Marathi,qwen2.5-coder:7b,& शीर्षक:,1.365
6398,This Year,mr:,Marathi,qwen2.5-coder:7b,या वर्षात,1.394
6399,Received,mr:,Marathi,qwen2.5-coder:7b,प्राप्त केले गेले,1.832
6400,Logged in,mr:,Marathi,qwen2.5-coder:7b,प्रवेश केले गेले,1.884
6401,Human,mr:,Marathi,qwen2.5-coder:7b,मानव,0.809
6402,Away Settings,mr:,Marathi,qwen2.5-coder:7b,अवयवाचे सेटिंग्स,1.883
6403,Print jobs,mr:,Marathi,qwen2.5-coder:7b,प्रिंट जॉब्स,1.671
6404,Plotting with & kchart;,mr:,Marathi,qwen2.5-coder:7b,कार्ट वापरून ग्राफ बनवतात & kchart;,3.625
6405,material declaration,mr:,Marathi,qwen2.5-coder:7b,मात्रिक घोषणा,1.708
6406,Edit Item...,mr:,Marathi,qwen2.5-coder:7b,आयामाची संपादन...,1.867
6407,& Scan for Plugins,mr:,Marathi,qwen2.5-coder:7b,&प्लगइन्स शोधण्यासाठी स्कॅन करा,3.529
6408,Object Properties,mr:,Marathi,qwen2.5-coder:7b,प्रत्यक्षात्मक संपदा,2.225
6409,Clear Diagram,mr:,Marathi,qwen2.5-coder:7b,चालू करा ग्राफिक,1.902
6410,Selected 1,mr:,Marathi,qwen2.5-coder:7b,1 चा चयन केला गेला,2.384
6411,Channel Down,mr:,Marathi,qwen2.5-coder:7b,चौंस घेणा,1.475
6412,Curl Correction,mr:,Marathi,qwen2.5-coder:7b,कॉरकरण करण्यात आला,2.2
6413,& User ID:,mr:,Marathi,qwen2.5-coder:7b,& योजक आयडी:,1.64
6414,Starting Player,mr:,Marathi,qwen2.5-coder:7b,प्रशासक शुरू करण्यात आहे,2.649
6415,Brazilian real,mr:,Marathi,qwen2.5-coder:7b,ब्राजिली रियल,1.689
6416,Symbol View,mr:,Marathi,qwen2.5-coder:7b,सिंहला दृश्य,1.772
6417,flower,mr:,Marathi,qwen2.5-coder:7b,फूल,0.839
6418,End Point,mr:,Marathi,qwen2.5-coder:7b,परिणामात्मक अंतर्मुखीय बिंदू,3.386
6419,Preview Window,mr:,Marathi,qwen2.5-coder:7b,पूर्वीकृत जनकारी,2.324
6420,Download %1 with KGet.,mr:,Marathi,qwen2.5-coder:7b,खालील %1 यांचा डाउनलोड करा. KGet वापरून.,4.136
6421,Image Error,mr:,Marathi,qwen2.5-coder:7b,तेरी चित्र गळे आहे,2.21
6422,Lister,mr:,Marathi,qwen2.5-coder:7b,सूचीकार,1.409
6423,Command Description,mr:,Marathi,qwen2.5-coder:7b,कमांड विवरण,1.659
6424,Choose City,mr:,Marathi,qwen2.5-coder:7b,शहर चुना,1.223
6425,Business Cards 10,mr:,Marathi,qwen2.5-coder:7b,बिजनेस कार्ड्स 10,2.311
6426,Panel background,mr:,Marathi,qwen2.5-coder:7b,पनलचे आधार,1.4
6427,SCSI Interface Information,mr:,Marathi,qwen2.5-coder:7b,SCSI इंटरफ़ेस माहिती,2.426
6428,Mounted Camera,mr:,Marathi,qwen2.5-coder:7b,मोठी कॅमरा,1.474
6429,Irrelevant merge command:,mr:,Marathi,qwen2.5-coder:7b,अनुवर्तनाचे आवश्यक नाही:,2.79
6430,Nearby,mr:,Marathi,qwen2.5-coder:7b,निकल्यात,1.313
6431,Birthdays,mr:,Marathi,qwen2.5-coder:7b,जन्मदिने,1.263
6432,No service found,mr:,Marathi,qwen2.5-coder:7b,कोणत्याही सेवा मिळवली नाही,2.94
6433,Resize,mr:,Marathi,qwen2.5-coder:7b,आकार परिवर्तन करणे,2.106
6434,Background color,mr:,Marathi,qwen2.5-coder:7b,पृष्ठभूमीचे रंग,2.148
6435,LightSkyBlue1,mr:,Marathi,qwen2.5-coder:7b,लाइटस्कायब्लू1,2.053
6436,Logging out,mr:,Marathi,qwen2.5-coder:7b,लॉग आउट करता जाऊना,2.267
6437,Winbind enum groups,mr:,Marathi,qwen2.5-coder:7b,विंबिंड ग्रुप्स चालू करणे,3.147
6438,Match & case,mr:,Marathi,qwen2.5-coder:7b,मॅठ आणि केस,1.533
6439,Launch with %1,mr:,Marathi,qwen2.5-coder:7b,प्रारंभ करा %1,1.769
6440,localPosition,mr:,Marathi,qwen2.5-coder:7b,स्थानानुसार विस्थापन,2.46
6441,ktimetracker,mr:,Marathi,qwen2.5-coder:7b,क्यामार्टर,1.583
6442,& Others,mr:,Marathi,qwen2.5-coder:7b,& अन्यांसाठी,1.663
6443,Base family:,mr:,Marathi,qwen2.5-coder:7b,मूळ परिवार:,1.838
6444,X rotation,mr:,Marathi,qwen2.5-coder:7b,X घोषणा,1.108
6445,Correct the perspective,mr:,Marathi,qwen2.5-coder:7b,प्रतिबिम्बांना सुधारा,2.284
6446,front,mr:,Marathi,qwen2.5-coder:7b,प्रिंट,0.901
6447,& HSV Adjustment...,mr:,Marathi,qwen2.5-coder:7b,& अश्वास राजीवीकरण...,2.292
6448,Group Scheduling,mr:,Marathi,qwen2.5-coder:7b,समूह आयोजन,1.652
6449,& CA certificate:,mr:,Marathi,qwen2.5-coder:7b,& CA चार्टिस:,1.583
6450,& Copy Here\t %1,mr:,Marathi,qwen2.5-coder:7b,& या येथे कॉपी करा\t %1,2.649
6451,Call Graph,mr:,Marathi,qwen2.5-coder:7b,ग्राफ योजना,1.534
6452,Video Files,mr:,Marathi,qwen2.5-coder:7b,वीडियो फाइल्स,1.762
6453,"Find in ""%1""",mr:,Marathi,qwen2.5-coder:7b,"खोजा ""%1",1.383
6454,Collection: %1,mr:,Marathi,qwen2.5-coder:7b,संग्रह: %1,1.535
6455,Dimensions,mr:,Marathi,qwen2.5-coder:7b,आयामे,0.919
6456,policies,mr:,Marathi,qwen2.5-coder:7b,पॅसिव्हस्ट राजनीती,2.351
6457,Source Files,mr:,Marathi,qwen2.5-coder:7b,स्रोत फाइले,1.414
6458,Player Menu,mr:,Marathi,qwen2.5-coder:7b,प्लेयर मेनू,1.487
6459,Disc ID:,mr:,Marathi,qwen2.5-coder:7b,डिस्क आयडी:,1.522
6460,Patience Card Game,mr:,Marathi,qwen2.5-coder:7b,पातिच्या खेळाचे खेळ,2.474
6461,Typing Rate,mr:,Marathi,qwen2.5-coder:7b,ताकण्य दर,1.402
6462,Up Arrow,mr:,Marathi,qwen2.5-coder:7b,उप उडवणे,1.3
6463,File Name:,mr:,Marathi,qwen2.5-coder:7b,फाइल नाव:,1.306
6464,Selection Window,mr:,Marathi,qwen2.5-coder:7b,चयन जंगल,1.23
6465,Standard Gateway,mr:,Marathi,qwen2.5-coder:7b,स्टॅंडर्ड गेटवे,2.266
6466,String value:,mr:,Marathi,qwen2.5-coder:7b,स्ट्रिंग मूळ्य:,2.016
6467,SkyBlue4,mr:,Marathi,qwen2.5-coder:7b,नеб्यून लाल,1.59
6468,required,mr:,Marathi,qwen2.5-coder:7b,आवश्यक आहे,1.368
6469,Find Component,mr:,Marathi,qwen2.5-coder:7b,खालील अवयवाचे खोजणे,2.419
6470,Viola,mr:,Marathi,qwen2.5-coder:7b,विओला,0.928
6471,X offset,mr:,Marathi,qwen2.5-coder:7b,X अस्थित्व,1.412
6472,Oufuku Card,mr:,Marathi,qwen2.5-coder:7b,आउफुकु कार्ड,1.561
6473,Executing script at %1,mr:,Marathi,qwen2.5-coder:7b,स्क्रिप्ट अनुसार आहे %1,2.89
6474,User Details,mr:,Marathi,qwen2.5-coder:7b,योजक विवरण,1.479
6475,Be free.,mr:,Marathi,qwen2.5-coder:7b,आणि आणि आणि आणि आणि आणि आणि आणि आणि आणि आणि आणि आणि आणि आणि आणि आणि आणि आणि आणि आणि आणि आणि आणि आणि,10.476
6476,Gantt charts,mr:,Marathi,qwen2.5-coder:7b,गंट चार्ट्स,1.532
6477,Network Management,mr:,Marathi,qwen2.5-coder:7b,नेटवर्क मॅनेमेंट,2.007
6478,I/ O Nice level: %1 (%2),mr:,Marathi,qwen2.5-coder:7b,आणि आणि अच्छा स्तर: %1 (%2),3.113
6479,forces,mr:,Marathi,qwen2.5-coder:7b,प्रकाशांची शक्ती,1.868
6480,search term,mr:,Marathi,qwen2.5-coder:7b,खोज शब्द,1.26
6481,Accuracy:,mr:,Marathi,qwen2.5-coder:7b,आणि आणि आणि आणि आणि आणि आणि आणि आणि आणि आणि आणि आणि आणि आणि आणि आणि आणि आणि आणि आणि आणि आणि आणि आणि,10.408
6482,3rd Last,mr:,Marathi,qwen2.5-coder:7b,तीसरी अंतिम,1.634
6483,Cell Tool,mr:,Marathi,qwen2.5-coder:7b,केल टूल,1.216
6484,Favorite Folders,mr:,Marathi,qwen2.5-coder:7b,पसंदीदित फोल्डर्स,2.164
6485,Use anti-aliasing,mr:,Marathi,qwen2.5-coder:7b,अंतिम असावणे वापरा,2.621
6486,Tape name:,mr:,Marathi,qwen2.5-coder:7b,तापे नाव:,1.407
6487,Visualization Features,mr:,Marathi,qwen2.5-coder:7b,विविधता वास्तविकता,2.279
6488,Direct Network Setting,mr:,Marathi,qwen2.5-coder:7b,नेटवर्क सेटिंग दाखवणे,2.508
6489,Certificate authority:,mr:,Marathi,qwen2.5-coder:7b,सर्वाधिकारी विशेषता:,2.599
6490,Closing Balance,mr:,Marathi,qwen2.5-coder:7b,बंक बालेंस व्यतीत करण्यात,2.848
6491,Main Menu,mr:,Marathi,qwen2.5-coder:7b,मुख्य मेनू,1.435
6492,Access: %1,mr:,Marathi,qwen2.5-coder:7b,अनुकूली: %1,1.585
6493,Header Properties,mr:,Marathi,qwen2.5-coder:7b,प्रसिद्धीपद्धतींचे प्राथमिक प्रॉप्शन्स,3.808
6494,Neutral:,mr:,Marathi,qwen2.5-coder:7b,नियमित:,1.195
6495,Audio input device,mr:,Marathi,qwen2.5-coder:7b,आवाज इनपुट निवडक,2.104
6496,Goto,mr:,Marathi,qwen2.5-coder:7b,जाऊं,0.863
6497,Kontact KOrganizer To-do List Plugin,mr:,Marathi,qwen2.5-coder:7b,कॉन्टॅक्ट कोर्गनाइझर टो-डो लिस्ट प्लगइन,4.493
6498,& Management,mr:,Marathi,qwen2.5-coder:7b,& प्रबंधन,1.133
6499,Scaled,mr:,Marathi,qwen2.5-coder:7b,स्केल्ड,1.106
6500,Distribution List %1,mr:,Marathi,qwen2.5-coder:7b,वित्तीकरण सूची %1,2.378
6501,Using & kchart; in & kspread;,mr:,Marathi,qwen2.5-coder:7b,कॅचार्ट आणि क्सप्रेड वाढवण्यासाठी,4.15
6502,Hot orange,mr:,Marathi,qwen2.5-coder:7b,तारे अंराखा,1.581
6503,Line Color,mr:,Marathi,qwen2.5-coder:7b,रेखा कार्यालय,1.672
6504,Transparency: %1,mr:,Marathi,qwen2.5-coder:7b,प्रकाशता: %1,1.564
6505,Output of %1,mr:,Marathi,qwen2.5-coder:7b,आउटपुट ऑफ %1,1.673
6506,Expanding,mr:,Marathi,qwen2.5-coder:7b,पोहोचते,1.389
6507,Remove Tracker,mr:,Marathi,qwen2.5-coder:7b,ट्रॅकर ठेवा,1.563
6508,Creating horizon,mr:,Marathi,qwen2.5-coder:7b,हिरान्याचे निर्माण,2.369
6509,Multi-Purpose Tray,mr:,Marathi,qwen2.5-coder:7b,मल्याला वापरण्याचे ट्रेट,2.84
6510,Combo Box,mr:,Marathi,qwen2.5-coder:7b,कंबो बॉक्स,1.531
6511,Typing speed:,mr:,Marathi,qwen2.5-coder:7b,ताकण्य गती:,1.542
6512,Reject,mr:,Marathi,qwen2.5-coder:7b,रोखणे,0.893
6513,Default certificate:,mr:,Marathi,qwen2.5-coder:7b,डिफॉल्ट चार्टिस्टिक:,2.55
6514,Guide:,mr:,Marathi,qwen2.5-coder:7b,दिशा:,1.006
6515,of Dec,mr:,Marathi,qwen2.5-coder:7b,of दिसंबर,1.433
6516,Score Weighted,mr:,Marathi,qwen2.5-coder:7b,शैक्षिक मान्यता,1.938
6517,Custom 7,mr:,Marathi,qwen2.5-coder:7b,स्वचाता ७,1.472
6518,for,mr:,Marathi,qwen2.5-coder:7b,काहीं आणि काहीं,1.733
6519,forward Port,mr:,Marathi,qwen2.5-coder:7b,पोर्ट आगे बांधा,1.881
6520,Azores,mr:,Marathi,qwen2.5-coder:7b,आजोर्स,1.071
6521,The Align Tool,mr:,Marathi,qwen2.5-coder:7b,ते अलांग टूल,1.833
6522,Bass,mr:,Marathi,qwen2.5-coder:7b,बास,0.744
6523,& Custom,mr:,Marathi,qwen2.5-coder:7b,& विशेष,1.18
6524,Bytes Sent:,mr:,Marathi,qwen2.5-coder:7b,भागांना भेजले:,1.983
6525,Non-critical,mr:,Marathi,qwen2.5-coder:7b,निर्वासी नाहीं,1.916
6526,Translation Error,mr:,Marathi,qwen2.5-coder:7b,तर्याचे त्रुटी,1.698
6527,momentumVariance,mr:,Marathi,qwen2.5-coder:7b,मोमेंटम वरिएंस,1.877
6528,France,mr:,Marathi,qwen2.5-coder:7b,फ्रांसा,1.067
6529,Loading,mr:,Marathi,qwen2.5-coder:7b,लोड होते,1.095
6530,Usages:,mr:,Marathi,qwen2.5-coder:7b,प्रयोग:,1.105
6531,Delete Map?,mr:,Marathi,qwen2.5-coder:7b,चार्ट अड्वारा घटाणा?,2.518
6532,K3b Bookmarks,mr:,Marathi,qwen2.5-coder:7b,K3b बुकमार्क्स,2.213
6533,Player Pointer,mr:,Marathi,qwen2.5-coder:7b,प्लेयर दिशा,1.575
6534,Game New,mr:,Marathi,qwen2.5-coder:7b,खेल नव्हा,1.371
6535,Blinking effects,mr:,Marathi,qwen2.5-coder:7b,प्रसारणांचे प्रभाव,1.966
6536,Host Name,mr:,Marathi,qwen2.5-coder:7b,होस्ट नाव,1.291
6537,Creation Date,mr:,Marathi,qwen2.5-coder:7b,संरचना की तारीख,1.996
6538,Double buffer,mr:,Marathi,qwen2.5-coder:7b,दुव्वे बफर,1.431
6539,Column number,mr:,Marathi,qwen2.5-coder:7b,स्तंभ संख्या,1.584
6540,Side switch frequency:,mr:,Marathi,qwen2.5-coder:7b,दाखला स्विच फ्रिक्वेंसी:,2.774
6541,PGP signature:,mr:,Marathi,qwen2.5-coder:7b,PGP सांगणक:,1.368
6542,LDAP machine suffix:,mr:,Marathi,qwen2.5-coder:7b,LDAP मशीन सप्सिक्युफिक्ष:,2.488
6543,Lightness,mr:,Marathi,qwen2.5-coder:7b,चांदीता,1.164
6544,Data Sources:,mr:,Marathi,qwen2.5-coder:7b,देखील स्त्रोते:,1.707
6545,Row Source,mr:,Marathi,qwen2.5-coder:7b,स्वतंत्र रिंग्राजी,2.022
6546,Maximum speed:,mr:,Marathi,qwen2.5-coder:7b,मानताची गहिल्या गती:,2.502
6547,Deform Amount,mr:,Marathi,qwen2.5-coder:7b,मोठी आणि छोटी माहिती दिला.,2.994
6548,& Contents,mr:,Marathi,qwen2.5-coder:7b,& सामग्री,1.14
6549,Project Manager View,mr:,Marathi,qwen2.5-coder:7b,परियोजना प्रबंधक दृश्य,2.536
6550,Numbers:,mr:,Marathi,qwen2.5-coder:7b,संख्याें:,1.347
6551,Request Update,mr:,Marathi,qwen2.5-coder:7b,अद्ययान करणे,1.562
6552,Elevation (m):,mr:,Marathi,qwen2.5-coder:7b,उंचीता (मी.):,1.662
6553,Sheet Selection,mr:,Marathi,qwen2.5-coder:7b,पत्रका चयन,1.375
6554,Exact Match,mr:,Marathi,qwen2.5-coder:7b,पूर्ण अनुमान,1.755
6555,Blur smoothness,mr:,Marathi,qwen2.5-coder:7b,सुंदर ब्रुल,1.713
6556,Bracket highlight,mr:,Marathi,qwen2.5-coder:7b,कोड अंदाज करणे,1.781
6557,Write Speed,mr:,Marathi,qwen2.5-coder:7b,वापरकर्षण गती,1.751
6558,Torrent activity,mr:,Marathi,qwen2.5-coder:7b,तर्टन अभ्यास,1.651
6559,Media Device Collection,mr:,Marathi,qwen2.5-coder:7b,मीडिया निवडक संग्रह,2.218
6560,Windows workgroup,mr:,Marathi,qwen2.5-coder:7b,विज्ञान वर्ग,1.638
6561,Cancelation,mr:,Marathi,qwen2.5-coder:7b,काढण्यात यात्रा,1.76
6562,Photograph Properties,mr:,Marathi,qwen2.5-coder:7b,फोटो गुणवत्ता,1.722
6563,& Fit to Size,mr:,Marathi,qwen2.5-coder:7b,& आकारावर आला,1.843
6564,activity diagram,mr:,Marathi,qwen2.5-coder:7b,आकार चित्रण,1.511
6565,Info List View,mr:,Marathi,qwen2.5-coder:7b,इंफो लिस्ट व्यवहार,2.317
6566,Progress indicator,mr:,Marathi,qwen2.5-coder:7b,प्रगती दर्शक,1.594
6567,Cameroon,mr:,Marathi,qwen2.5-coder:7b,कामरोन,1.051
6568,Cisco - Mac Woman,mr:,Marathi,qwen2.5-coder:7b,कासिओस - मॅक जोडी,2.172
6569,Execute,mr:,Marathi,qwen2.5-coder:7b,पालाणा करणा,1.426
6570,Terrain,mr:,Marathi,qwen2.5-coder:7b,पृथ्वीकृती,1.646
6571,? (#063;) Question mark,mr:,Marathi,qwen2.5-coder:7b,? (#063;) प्रश्नवाचा चिन्ह,2.77
6572,Australia/ Currie,mr:,Marathi,qwen2.5-coder:7b,ऑस्ट्रेलिया/कुर्याई,2.429
6573,New budget,mr:,Marathi,qwen2.5-coder:7b,नव्हा बजुड्ट,1.71
6574,Copying CD,mr:,Marathi,qwen2.5-coder:7b,डीएस को कॉपी करता,2.155
6575,seven,mr:,Marathi,qwen2.5-coder:7b,सात,0.716
6576,question,mr:,Marathi,qwen2.5-coder:7b,प्रश्न,0.88
6577,No operation,mr:,Marathi,qwen2.5-coder:7b,कोणती ऑपरेशन नाहीत,2.177
6578,at LOCATION,mr:,Marathi,qwen2.5-coder:7b,आणि LOCATION,0.846
6579,File Tree,mr:,Marathi,qwen2.5-coder:7b,फाइल वृत्ताकार,1.941
6580,Thumbnail Information,mr:,Marathi,qwen2.5-coder:7b,पिच जाहीरात,1.572
6581,Number of moles:,mr:,Marathi,qwen2.5-coder:7b,मोलांची संख्या:,1.934
6582,8 Cards,mr:,Marathi,qwen2.5-coder:7b,8 कार्ड्स,1.245
6583,& DCOP; Functions,mr:,Marathi,qwen2.5-coder:7b,& DCOP; फंक्शन्स,1.787
6584,Newsgroup Servers,mr:,Marathi,qwen2.5-coder:7b,न्यूज़ ग्रुप सर्वरे,2.509
6585,& marble; measuring,mr:,Marathi,qwen2.5-coder:7b,&मार्बल; मापणे,1.75
6586,Navigation Keys,mr:,Marathi,qwen2.5-coder:7b,नाविगेशन कुंजीं,1.857
6587,Maximum bitrate:,mr:,Marathi,qwen2.5-coder:7b,माहिती बाट अधिकारी असा असा असा असा असा असा असा असा असा असा असा असा असा असा असा असा असा असा असा असा अ,10.381
6588,Document '%1 'opened.,mr:,Marathi,qwen2.5-coder:7b,दस्तऐवज '%1' खोला गेला.,2.813
6589,Printer Description,mr:,Marathi,qwen2.5-coder:7b,प्रिंटर विवरण,1.688
6590,Minimum height,mr:,Marathi,qwen2.5-coder:7b,नारील्याची नावीला आहे,2.589
6591,Authorization,mr:,Marathi,qwen2.5-coder:7b,अनुमती,1.04
6592,Print System,mr:,Marathi,qwen2.5-coder:7b,प्रिंट सिस्टम,1.548
6593,2 Suits (Medium),mr:,Marathi,qwen2.5-coder:7b,2 यांचे (मध्यम),2.004
6594,Ivory coast,mr:,Marathi,qwen2.5-coder:7b,आयोरवी देश,1.535
6595,Rating:,mr:,Marathi,qwen2.5-coder:7b,मूल्यांकन:,1.642
6596,Short Circuit,mr:,Marathi,qwen2.5-coder:7b,चांदीचा विकार,1.701
6597,Progress Bar,mr:,Marathi,qwen2.5-coder:7b,प्रगती साठी,1.332
6598,13th Last,mr:,Marathi,qwen2.5-coder:7b,13व्या पुढील,1.669
6599,KDE Info Center,mr:,Marathi,qwen2.5-coder:7b,कडे जाहीरात केंद्र,2.061
6600,XML Parsing Error,mr:,Marathi,qwen2.5-coder:7b,XML पार्सिंग त्रुटी,2.148
6601,Andromeda Galaxy,mr:,Marathi,qwen2.5-coder:7b,आणड्रोमेडा गॅलेक्सी,2.388
6602,Executed,mr:,Marathi,qwen2.5-coder:7b,पालन केला गेले,1.792
6603,Filename definition:,mr:,Marathi,qwen2.5-coder:7b,फाइलनावाचे परिणामात्मक नाव:,3.056
6604,Progress,mr:,Marathi,qwen2.5-coder:7b,प्रगती,0.921
6605,Color mode,mr:,Marathi,qwen2.5-coder:7b,मोड रंग,1.121
6606,Newsgroups,mr:,Marathi,qwen2.5-coder:7b,न्यायालये,1.405
6607,Superlative:,mr:,Marathi,qwen2.5-coder:7b,उत्तमात्मक:,1.719
6608,Maxpect,mr:,Marathi,qwen2.5-coder:7b,मॅक्सपेक्ट,1.585
6609,Remove selected tag,mr:,Marathi,qwen2.5-coder:7b,चुनिले टॅग अड्वेल्या,2.477
6610,FS Type,mr:,Marathi,qwen2.5-coder:7b,फाइल सिस्टम टाइप,1.864
6611,Created,mr:,Marathi,qwen2.5-coder:7b,संरचित,1.226
6612,Example Training,mr:,Marathi,qwen2.5-coder:7b,उदाहरण शिक्षण,1.775
6613,X Offset,mr:,Marathi,qwen2.5-coder:7b,X अस्थिती,1.373
6614,Swedish,mr:,Marathi,qwen2.5-coder:7b,स्वीडनी,1.146
6615,Belgian (fr-be),mr:,Marathi,qwen2.5-coder:7b,बेल्जियन (फ्र-बी),2.101
6616,New PhotoSet,mr:,Marathi,qwen2.5-coder:7b,नवीन फोटोसेट,1.713
6617,Unnamed Macro #%1,mr:,Marathi,qwen2.5-coder:7b,अनामित मॅक्रो #%1,1.921
6618,Telephone:,mr:,Marathi,qwen2.5-coder:7b,फोन:,0.835
6619,Network routes,mr:,Marathi,qwen2.5-coder:7b,नेटवर्क रूट्स,1.781
6620,General (1),mr:,Marathi,qwen2.5-coder:7b,सामान्य (1),1.409
6621,Photo size,mr:,Marathi,qwen2.5-coder:7b,फोटो आकार,1.281
6622,Sound Settings,mr:,Marathi,qwen2.5-coder:7b,संगीत सेटिंग्स,1.75
6623,Start operation,mr:,Marathi,qwen2.5-coder:7b,प्रक्रिया शुरू करा,2.238
6624,Tea time:,mr:,Marathi,qwen2.5-coder:7b,ते टाईम:,1.262
6625,Vocabularies,mr:,Marathi,qwen2.5-coder:7b,वाक्यांशांचे संग्रह,2.142
6626,LightGoldenrod,mr:,Marathi,qwen2.5-coder:7b,प्रसिद्ध रंग,1.504
6627,stepSize,mr:,Marathi,qwen2.5-coder:7b,चक्राचे आकार,1.5
6628,& Example Tool,mr:,Marathi,qwen2.5-coder:7b,& उदाहरण टूल,1.783
6629,Stretch contrast,mr:,Marathi,qwen2.5-coder:7b,स्ट्रेच कंट्रॅस्ट,2.025
6630,Projection:,mr:,Marathi,qwen2.5-coder:7b,प्रतिबिंध:,1.34
6631,Miner for kat,mr:,Marathi,qwen2.5-coder:7b,मिनर लागण्यासाठी,2.12
6632,Creation date,mr:,Marathi,qwen2.5-coder:7b,संरचना की तारीख,2.083
6633,repeat number {...},mr:,Marathi,qwen2.5-coder:7b,संख्या दोहोणे {...},2.102
6634,IP Addresses:,mr:,Marathi,qwen2.5-coder:7b,आयामांचे अपार्ड आहेत:,2.594
6635,Preview,mr:,Marathi,qwen2.5-coder:7b,पूर्वानुभव,1.549
6636,Get help...,mr:,Marathi,qwen2.5-coder:7b,मदत घेणा...,1.359
6637,Log Message,mr:,Marathi,qwen2.5-coder:7b,लॉग मेसेज,1.354
6638,Group password: %1,mr:,Marathi,qwen2.5-coder:7b,ग्रुप पासवर्ड: %1,2.02
6639,Pairs,mr:,Marathi,qwen2.5-coder:7b,पैर्स,0.979
6640,ImagePlugin_ChannelMixer,mr:,Marathi,qwen2.5-coder:7b,चौंसी चौंसी चौंसी चौंसी चौंसी चौंसी चौंसी चौंसी चौंसी चौंसी चौंसी चौंसी चौंसी चौंसी च,10.318
6641,& Kind of Group,mr:,Marathi,qwen2.5-coder:7b,& ग्रुपाचा प्रकार,1.867
6642,Finished Copying CSS...,mr:,Marathi,qwen2.5-coder:7b,सीएसएस कोपी केले गेले...,2.667
6643,Paragraph Space,mr:,Marathi,qwen2.5-coder:7b,परावर्तन स्थान,1.81
6644,Canada/ Atlantic,mr:,Marathi,qwen2.5-coder:7b,कनाडा/अटलांटिक,1.888
6645,Print Style,mr:,Marathi,qwen2.5-coder:7b,प्रिंट शैली,1.508
6646,Already at %1,mr:,Marathi,qwen2.5-coder:7b,आणि त्यामुळे %1,1.988
6647,Music Collection,mr:,Marathi,qwen2.5-coder:7b,म्याजिक संग्रह,1.7
6648,horizontalBox,mr:,Marathi,qwen2.5-coder:7b,हार्याचे डिस्क्रिप्शन,2.359
6649,< < & Remove,mr:,Marathi,qwen2.5-coder:7b,< < & हटाया,1.322
6650,& MAL server name:,mr:,Marathi,qwen2.5-coder:7b,& मल सर्वरचे नाव:,1.991
6651,Increase & Hue,mr:,Marathi,qwen2.5-coder:7b,उठवा & रंग,1.671
6652,Hangup,mr:,Marathi,qwen2.5-coder:7b,फिरणा,0.958
6653,Nepomuk Activities Service,mr:,Marathi,qwen2.5-coder:7b,नेपोमुक क्रिया सेवा,2.272
6654,surname,mr:,Marathi,qwen2.5-coder:7b,उपनाम,0.934
6655,Log & file:,mr:,Marathi,qwen2.5-coder:7b,लॉग आणि फाइल:,1.954
6656,Move History,mr:,Marathi,qwen2.5-coder:7b,मोव हिस्टोरी,1.564
6657,Do Not Store,mr:,Marathi,qwen2.5-coder:7b,नाहीत ठेवणे,1.586
6658,Performance Tuning,mr:,Marathi,qwen2.5-coder:7b,प्रदर्शन तयारी,1.817
6659,Automatic detection,mr:,Marathi,qwen2.5-coder:7b,स्वतंत्र आवकारण,1.888
6660,Manage Filters,mr:,Marathi,qwen2.5-coder:7b,फिल्टर्स व्यवस्थित करणा,2.69
6661,Loading FITS,mr:,Marathi,qwen2.5-coder:7b,FITसाठी लोड करता,2.035
6662,Access Point scanning (ap_scan),mr:,Marathi,qwen2.5-coder:7b,प्रतिबंध चालना (प्रतिबंध चालना),3.281
6663,Name Selection,mr:,Marathi,qwen2.5-coder:7b,नाव चुनाव,1.372
6664,space,mr:,Marathi,qwen2.5-coder:7b,स्पेस,0.944
6665,Players are %1 and %2,mr:,Marathi,qwen2.5-coder:7b,प्लेयर्स आहेत %1 आणि %2,2.609
6666,(La)TeX Source Files,mr:,Marathi,qwen2.5-coder:7b,(लॅटॅक्स) स्रोत फाइले,2.563
6667,Case & sensitive,mr:,Marathi,qwen2.5-coder:7b,केस आणि संवेदनशील,2.13
6668,Unable to find '%1 ',mr:,Marathi,qwen2.5-coder:7b,प्रतीक '%1' मिळत नाही,2.577
6669,Stamp,mr:,Marathi,qwen2.5-coder:7b,चिन्हाचा आवश्यकता,2.129
6670,Enter for example lp.,mr:,Marathi,qwen2.5-coder:7b,"उदाहरणासाठी इंप्रेस करा, जैसे lp.",3.682
6671,Delta Row,mr:,Marathi,qwen2.5-coder:7b,डेल्टा रो हा एक विशेष रो होते.,3.178
6672,Wavelength:,mr:,Marathi,qwen2.5-coder:7b,वैक्रिमिती:,1.52
6673,Continue,mr:,Marathi,qwen2.5-coder:7b,पुढील जाणा,1.457
6674,Transfer,mr:,Marathi,qwen2.5-coder:7b,पाठवणे,1.021
6675,Backup suffix,mr:,Marathi,qwen2.5-coder:7b,बॅकअप शिफ्ट,1.638
6676,Fisheye lens,mr:,Marathi,qwen2.5-coder:7b,फिशीय लेंस,1.593
6677,Box Properties,mr:,Marathi,qwen2.5-coder:7b,साठीचे प्रॉप्स,1.686
6678,Image file name:,mr:,Marathi,qwen2.5-coder:7b,फोटो फाइलचे नाव:,2.056
6679,Background transparency:,mr:,Marathi,qwen2.5-coder:7b,पृथ्वीकाराची अवशेषता:,2.711
6680,Test Actions,mr:,Marathi,qwen2.5-coder:7b,परीक्षा करणे,1.525
6681,Editing Expressions/ Actions,mr:,Marathi,qwen2.5-coder:7b,प्रश्नांचे/ कार्यांचे संपादन,3.278
6682,Target language:,mr:,Marathi,qwen2.5-coder:7b,माहिती भाषा:,1.795
6683,KOrganizer event duration:,mr:,Marathi,qwen2.5-coder:7b,कोर्गनार्स घटना काळाची लांबी:,3.374
6684,project configuration file,mr:,Marathi,qwen2.5-coder:7b,परियोजना कार्यालय फाइल,2.625
6685,Plugin for KGet,mr:,Marathi,qwen2.5-coder:7b,केगेट यांचे एक प्लगइन,2.596
6686,ask,mr:,Marathi,qwen2.5-coder:7b,प्रश्न करणा,1.287
6687,KDE's application finder,mr:,Marathi,qwen2.5-coder:7b,कडे या अनुप्रयोगाचे म्हणजे,2.903
6688,Formula tool,mr:,Marathi,qwen2.5-coder:7b,फॉर्मूला टूल,1.999
6689,Domain & name:,mr:,Marathi,qwen2.5-coder:7b,मोनाड आणि नाव:,2.004
6690,Data Format,mr:,Marathi,qwen2.5-coder:7b,देखील फारमेट,1.693
6691,Size (KB),mr:,Marathi,qwen2.5-coder:7b,आकार (KB),1.162
6692,Video Bitrate:,mr:,Marathi,qwen2.5-coder:7b,वीडियो बिटरेट:,1.841
6693,Could not start %1,mr:,Marathi,qwen2.5-coder:7b,%1 शुरू नाहीले,2.194
6694,TTY/ TTD Phone,mr:,Marathi,qwen2.5-coder:7b,TTY/ TTD फोन,1.397
6695,Online Enrollment Method,mr:,Marathi,qwen2.5-coder:7b,मोठ्या योजनाचे आवेदन करण्यासाठी,3.393
6696,Text Association,mr:,Marathi,qwen2.5-coder:7b,पाठाचे संबंध,1.524
6697,openDesktop Account,mr:,Marathi,qwen2.5-coder:7b,अपने डेस्कटॉप खाता खोला,2.903
6698,File Listing Options,mr:,Marathi,qwen2.5-coder:7b,फाइल लिस्टिंग विकल्पे,2.482
6699,Image Sizes,mr:,Marathi,qwen2.5-coder:7b,आयामांचे आकार,1.766
6700,Port number,mr:,Marathi,qwen2.5-coder:7b,पोर्ट नंबर,1.482
6701,Skin Definition,mr:,Marathi,qwen2.5-coder:7b,पात्राचे परिभाषा,1.867
6702,of Qi`dah,mr:,Marathi,qwen2.5-coder:7b,of चांदी,1.488
6703,Image formats,mr:,Marathi,qwen2.5-coder:7b,प्रतिमा फारमॅट्स,2.069
6704,Lattice Maze,mr:,Marathi,qwen2.5-coder:7b,लेटिस माजे,1.382
6705,Parsing Error,mr:,Marathi,qwen2.5-coder:7b,पार्सिंग त्रुटी,2.013
6706,Edit IPTC...,mr:,Marathi,qwen2.5-coder:7b,प्रशिक्षण आणि अनुवाद,2.534
6707,Template Management,mr:,Marathi,qwen2.5-coder:7b,पट्टी प्रबंधन,1.557
6708,Javanese,mr:,Marathi,qwen2.5-coder:7b,जवनेजी,1.085
6709,Heavy,mr:,Marathi,qwen2.5-coder:7b,हा जाली होते,1.55
6710,File Comparison And Merge,mr:,Marathi,qwen2.5-coder:7b,फाइल यांचे तुलना आणि मालिकी,3.159
6711,View Modes,mr:,Marathi,qwen2.5-coder:7b,दृश्य रूपांसाठी,2.212
6712,Source Revision,mr:,Marathi,qwen2.5-coder:7b,स्रोत रिविशन,1.592
6713,Postscript Tools,mr:,Marathi,qwen2.5-coder:7b,पोस्टस्क्रिप्ट टूल्स,2.567
6714,Dial prefix:,mr:,Marathi,qwen2.5-coder:7b,दिल प्रिफिक्स:,1.704
6715,Bookmark Media Sources View,mr:,Marathi,qwen2.5-coder:7b,मीडिया स्रोतांचे वास्तविकता देखून रक्षित करणा,4.652
6716,Romania,mr:,Marathi,qwen2.5-coder:7b,रोमानिया,1.238
6717,Preview URL:,mr:,Marathi,qwen2.5-coder:7b,पूर्वीकृत URL:,1.679
6718,hide (sh),mr:,Marathi,qwen2.5-coder:7b,छिंदा (%s),1.35
6719,Presentation Slides:,mr:,Marathi,qwen2.5-coder:7b,प्रस्तावना शैली:,2.135
6720,Authentication direction:,mr:,Marathi,qwen2.5-coder:7b,प्रमाणप्रदान दिशा:,2.189
6721,Year Format,mr:,Marathi,qwen2.5-coder:7b,वर्षाचे फॅमॅट,1.91
6722,XMLUI conversion,mr:,Marathi,qwen2.5-coder:7b,XMLUI परिवर्तन,1.693
6723,Phrases,mr:,Marathi,qwen2.5-coder:7b,फ्रेज्स,1.023
6724,Fertility,mr:,Marathi,qwen2.5-coder:7b,जन्मक्षमता,1.391
6725,Generate Stub,mr:,Marathi,qwen2.5-coder:7b,स्टब बनाणा,1.581
6726,RoundRect,mr:,Marathi,qwen2.5-coder:7b,आंतरिक आयत,1.406
6727,Bit depth:,mr:,Marathi,qwen2.5-coder:7b,बिट दृढ़ता:,1.672
6728,Håvard Frøiland & Haavard. Froeiland. mail;,mr:,Marathi,qwen2.5-coder:7b,हवर्ड फ्रोइलॅंड & हावर्ड. फ्रोइलॅंड. मेल;,4.597
6729,restLengthVariance,mr:,Marathi,qwen2.5-coder:7b,रिस्ट लंग्थ वारिएंस,2.459
6730,Cloudy,mr:,Marathi,qwen2.5-coder:7b,सागरी,0.943
6731,Center:,mr:,Marathi,qwen2.5-coder:7b,मध्ये:,1.048
6732,This week,mr:,Marathi,qwen2.5-coder:7b,या सप्ताहात,1.486
6733,Measurement Converter,mr:,Marathi,qwen2.5-coder:7b,मापाचा चौकसा,1.703
6734,Kate Highlight Definition,mr:,Marathi,qwen2.5-coder:7b,केट हाइलाइट अर्थ,1.949
6735,Account Type,mr:,Marathi,qwen2.5-coder:7b,खाता प्रकार,1.37
6736,soft,mr:,Marathi,qwen2.5-coder:7b,सॉफ्ट,0.993
6737,publisher,mr:,Marathi,qwen2.5-coder:7b,प्रकाशक,0.969
6738,Change share command:,mr:,Marathi,qwen2.5-coder:7b,शेअर कमांड बदला:,1.994
6739,Look at %1,mr:,Marathi,qwen2.5-coder:7b,पाहा %1,1.335
6740,Display options:,mr:,Marathi,qwen2.5-coder:7b,परिवार विकल्पे:,2.048
6741,White Wine,mr:,Marathi,qwen2.5-coder:7b,वाईन चाया,1.317
6742,Settlement,mr:,Marathi,qwen2.5-coder:7b,समावेश,1.025
6743,dark green,mr:,Marathi,qwen2.5-coder:7b,काळे रंग,1.284
6744,Extender Position,mr:,Marathi,qwen2.5-coder:7b,प्रसारात्मक स्थान,2.21
6745,Page & set:,mr:,Marathi,qwen2.5-coder:7b,पृष्ठ आणि सेट:,1.92
6746,Ctrl; Q File Quit,mr:,Marathi,qwen2.5-coder:7b,कंट्रोल; ची फाइल वित्त्याचे,3.164
6747,& Groups,mr:,Marathi,qwen2.5-coder:7b,& गट्टीहरू,1.617
6748,Game Fleet Overview,mr:,Marathi,qwen2.5-coder:7b,खेळ फ्लीट विस्तार,2.301
6749,Slope Practise,mr:,Marathi,qwen2.5-coder:7b,वृत्तांकडाचा पрактиक,2.063
6750,& Topic,mr:,Marathi,qwen2.5-coder:7b,& विषय,1.054
6751,Line art,mr:,Marathi,qwen2.5-coder:7b,रेखाचा अंक,1.424
6752,At Night,mr:,Marathi,qwen2.5-coder:7b,शाळीत,0.908
6753,& Matrix Environments,mr:,Marathi,qwen2.5-coder:7b,& मॅट्रिक्स वातावरणे,2.32
6754,Window Tabbing,mr:,Marathi,qwen2.5-coder:7b,विंडो टॅबिंग,1.856
6755,Magnification,mr:,Marathi,qwen2.5-coder:7b,मजकूरी,1.141
6756,Tag actions,mr:,Marathi,qwen2.5-coder:7b,कार्यांचे चिन्हांचा निर्माण,3.3
6757,Directory security mask:,mr:,Marathi,qwen2.5-coder:7b,दिशा सुरक्षा मास्क:,2.276
6758,Move 1,mr:,Marathi,qwen2.5-coder:7b,1 च्या जगावा करा,2.24
6759,Published: %1,mr:,Marathi,qwen2.5-coder:7b,प्रकाशित: %1,1.57
6760,CSV File,mr:,Marathi,qwen2.5-coder:7b,फाइल असा आहे.,1.68
6761,Auto Sheet Feeder,mr:,Marathi,qwen2.5-coder:7b,आवेदन शीट फीडर,1.866
6762,Done,mr:,Marathi,qwen2.5-coder:7b,पूर्ण,1.031
6763,DarkBlue,mr:,Marathi,qwen2.5-coder:7b,डार्कब्लू,1.411
6764,Tape mounted.,mr:,Marathi,qwen2.5-coder:7b,तापे आलेले.,1.517
6765,Glossy finishing,mr:,Marathi,qwen2.5-coder:7b,मोठ्या फिनिशिंग,1.946
6766,CVS & Output,mr:,Marathi,qwen2.5-coder:7b,CVS आणि आउटपुट,1.844
6767,Pointer acceleration,mr:,Marathi,qwen2.5-coder:7b,पंक्ती वेग वेळी वेग,2.379
6768,Thumbnail size,mr:,Marathi,qwen2.5-coder:7b,मोठी चित्रपट्याचे आकार,2.557
6769,& Standard scheme:,mr:,Marathi,qwen2.5-coder:7b,& मानक नियम:,1.623
6770,Brightness / Contrast,mr:,Marathi,qwen2.5-coder:7b,स्वादीयता / वास्तवता,2.446
6771,Network Printer Information,mr:,Marathi,qwen2.5-coder:7b,नेटवर्क प्रिंटर जाहीरात,2.555
6772,Message Box dialog,mr:,Marathi,qwen2.5-coder:7b,मिळालेला जाहीरात चिकित्सा,3.053
6773,Snake Wipe Effect,mr:,Marathi,qwen2.5-coder:7b,शीकरी वापरणे,1.714
6774,D Code Generation,mr:,Marathi,qwen2.5-coder:7b,डी कोड गनरेशन,1.686
6775,Source Selection,mr:,Marathi,qwen2.5-coder:7b,प्रतिलिपी चयन,1.891
6776,New Moon,mr:,Marathi,qwen2.5-coder:7b,नव्या चांद,1.478
6777,Problem Reporter View,mr:,Marathi,qwen2.5-coder:7b,प्रश्नाची रिपोर्टर व्यवस्था,3.008
6778,inactive,mr:,Marathi,qwen2.5-coder:7b,अक्षम,0.914
6779,triangle,mr:,Marathi,qwen2.5-coder:7b,त्रिकोण,0.985
6780,Basis Calculation method,mr:,Marathi,qwen2.5-coder:7b,मूल्यांकन विधी,1.955
6781,Button size:,mr:,Marathi,qwen2.5-coder:7b,बटन आकार:,1.411
6782,& Temperatures,mr:,Marathi,qwen2.5-coder:7b,& तापांचे मान्यता,2.009
6783,spriteshow (ss),mr:,Marathi,qwen2.5-coder:7b,स्प्रिटशो (सीएस),2.003
6784,Grandma,mr:,Marathi,qwen2.5-coder:7b,आमीची बापी,1.404
6785,Mailing List,mr:,Marathi,qwen2.5-coder:7b,मिळालेली तालिका,1.985
6786,& User Mailing List,mr:,Marathi,qwen2.5-coder:7b,& योग्य विभाग यांचे विनोदी यांचे योग्य विभाग यांचे विनोदी,6.36
6787,JavaScript area,mr:,Marathi,qwen2.5-coder:7b,जावास्क्रिप्ट क्षेत्र,2.305
6788,& Deny,mr:,Marathi,qwen2.5-coder:7b,& निवेदित करणा,1.838
6789,Presentation Document...,mr:,Marathi,qwen2.5-coder:7b,प्रस्तावना दस्तऐवज...,2.234
6790,(Reverse DCC),mr:,Marathi,qwen2.5-coder:7b,(प्रतिवर्तन दीच्या),2.359
6791,Previous Terminal,mr:,Marathi,qwen2.5-coder:7b,पिछला टर्मिनल,1.799
6792,Panamanian Balboa,mr:,Marathi,qwen2.5-coder:7b,पानामनिया बाल्बोआ,2.301
6793,Doing A Directory Merge,mr:,Marathi,qwen2.5-coder:7b,डायरेक्ट्री मर्ज करतात,2.609
6794,Telephone/ Fax:,mr:,Marathi,qwen2.5-coder:7b,फोन/फॅक्स:,1.622
6795,timeScale,mr:,Marathi,qwen2.5-coder:7b,समय चक्र,1.147
6796,Edit Element,mr:,Marathi,qwen2.5-coder:7b,आणि तत्त्वपणे चालू झाले आहेत.,3.425
6797,Volume Name:,mr:,Marathi,qwen2.5-coder:7b,वैल्यूम नाव:,1.891
6798,Slovakia,mr:,Marathi,qwen2.5-coder:7b,स्लोवाकीया,1.488
6799,Drop speed,mr:,Marathi,qwen2.5-coder:7b,फेट गती,1.103
6800,Original:,mr:,Marathi,qwen2.5-coder:7b,मूळ:,1.069
6801,Capitalize,mr:,Marathi,qwen2.5-coder:7b,कावण्यात करणा,1.591
6802,Header position:,mr:,Marathi,qwen2.5-coder:7b,शैली असाठी:,1.57
6803,Client channel:,mr:,Marathi,qwen2.5-coder:7b,कायदा चौंकी:,1.679
6804,File Format,mr:,Marathi,qwen2.5-coder:7b,फाइल फॅमिट,1.571
6805,Level?,mr:,Marathi,qwen2.5-coder:7b,आयत?,0.799
6806,Channel,mr:,Marathi,qwen2.5-coder:7b,चौंसी,0.964
6807,Cover size,mr:,Marathi,qwen2.5-coder:7b,विस्तार आकार,1.566
6808,ColorSmart Business Graphics,mr:,Marathi,qwen2.5-coder:7b,कार्यालयाचे व्यापारी चित्रांचे रंग स्वादीयता,4.783
6809,Screen Brightness,mr:,Marathi,qwen2.5-coder:7b,स्क्रीन आश्चर्य,1.86
6810,Compass Labels,mr:,Marathi,qwen2.5-coder:7b,काम्पस लेबल्स,1.747
6811,(never),mr:,Marathi,qwen2.5-coder:7b,(काही नाही),1.577
6812,Team Development,mr:,Marathi,qwen2.5-coder:7b,टीम विकास,1.397
6813,Profile name,mr:,Marathi,qwen2.5-coder:7b,प्रोफाइल नाव,1.558
6814,Query,mr:,Marathi,qwen2.5-coder:7b,प्रश्न,0.938
6815,Major radius:,mr:,Marathi,qwen2.5-coder:7b,मुख्य त्रिज्या:,1.829
6816,& Password:,mr:,Marathi,qwen2.5-coder:7b,& पासवर्ड:,1.379
6817,MediumPurple4,mr:,Marathi,qwen2.5-coder:7b,मध्यमपुर्व चाला,2.024
6818,Endless,mr:,Marathi,qwen2.5-coder:7b,अनंत,0.882
6819,Payee,mr:,Marathi,qwen2.5-coder:7b,प्रतिबंधक,1.272
6820,User Manual,mr:,Marathi,qwen2.5-coder:7b,प्रयोगकाळपुस्तक,2.092
6821,Existing:,mr:,Marathi,qwen2.5-coder:7b,आधीचे:,1.014
6822,forward X,mr:,Marathi,qwen2.5-coder:7b,प्रवाहित करा %s,1.66
6823,Icon size,mr:,Marathi,qwen2.5-coder:7b,आयोजनाचे आकार,1.698
6824,SSL Certificate Password,mr:,Marathi,qwen2.5-coder:7b,पीएसएस चार्टिस्ट गुननाव,2.739
6825,Below,mr:,Marathi,qwen2.5-coder:7b,नीचे,0.798
6826,& kaddressbook; -gt; & korganizer; To-do List,mr:,Marathi,qwen2.5-coder:7b,& kaddressbook; -gt; & korganizer; कार्यक्रम सूची,3.475
6827,Updating %1...,mr:,Marathi,qwen2.5-coder:7b,अपडेट झाले %1...,1.876
6828,Feeds added: %1,mr:,Marathi,qwen2.5-coder:7b,फ्रीड्स जोडले: %1,2.145
6829,Shared %1,mr:,Marathi,qwen2.5-coder:7b,शेड्यूलेड %1,1.839
6830,Rename download,mr:,Marathi,qwen2.5-coder:7b,निवडणाचे नाव बदला,2.042
6831,& Collection...,mr:,Marathi,qwen2.5-coder:7b,& संग्रह...,1.139
6832,Customizing & kuser;,mr:,Marathi,qwen2.5-coder:7b,स्वचालित करणे & व्यक्ती;,2.894
6833,User certificate,mr:,Marathi,qwen2.5-coder:7b,उपयोगकारचा नागरिकता पासपार्ट,3.206
6834,Calendar View,mr:,Marathi,qwen2.5-coder:7b,कॅलेंडर व्यवहार,2.091
6835,Ascending,mr:,Marathi,qwen2.5-coder:7b,उत्तराच्या,1.465
6836,East,mr:,Marathi,qwen2.5-coder:7b,पश्चिम,0.99
6837,Printing error,mr:,Marathi,qwen2.5-coder:7b,प्रिंट गळ्या,1.575
6838,Levels of Gray,mr:,Marathi,qwen2.5-coder:7b,ग्रेह्यांचे स्तरे,1.92
6839,Group widgets,mr:,Marathi,qwen2.5-coder:7b,ग्रुप व्यवज्ञानांसाठी,2.493
6840,Strikethrough,mr:,Marathi,qwen2.5-coder:7b,मोडवणे,1.14
6841,Test Groups,mr:,Marathi,qwen2.5-coder:7b,परीक्षण समूहे,1.738
6842,Consolidate,mr:,Marathi,qwen2.5-coder:7b,संयोजित करणा,1.598
6843,Confidential,mr:,Marathi,qwen2.5-coder:7b,प्राथमिक,1.171
6844,New Hole,mr:,Marathi,qwen2.5-coder:7b,नव्हा गोला,1.464
6845,& Vertically,mr:,Marathi,qwen2.5-coder:7b,& वैशिष्ट्यीय,1.837
6846,& Spanish To,mr:,Marathi,qwen2.5-coder:7b,& स्पेनिश ते,1.491
6847,Any character,mr:,Marathi,qwen2.5-coder:7b,कोणत्या चिन्हाचा,2.049
6848,& Ban List,mr:,Marathi,qwen2.5-coder:7b,& बन लिस्ट,1.517
6849,European foolscap,mr:,Marathi,qwen2.5-coder:7b,यूरोपीय फूल्सकाप,2.343
6850,Plot & Area...,mr:,Marathi,qwen2.5-coder:7b,प्लॉट आणि क्षेत्रफळ...,2.591
6851,Stage & Padding:,mr:,Marathi,qwen2.5-coder:7b,स्टेज आणि पॅडिंग:,2.286
6852,Framework Version,mr:,Marathi,qwen2.5-coder:7b,फ्रेमवर्क वर्शन,1.887
6853,Minimum rate of growth,mr:,Marathi,qwen2.5-coder:7b,मानते राट्याचा निम्नतम दर,2.931
6854,Mono-Channel,mr:,Marathi,qwen2.5-coder:7b,मोनो-चौनसी,1.622
6855,Dial,mr:,Marathi,qwen2.5-coder:7b,दाखला,0.956
6856,Boron,mr:,Marathi,qwen2.5-coder:7b,बोरन,0.849
6857,Function & 5:,mr:,Marathi,qwen2.5-coder:7b,Function & 5:,1.081
6858,Castle View,mr:,Marathi,qwen2.5-coder:7b,काळ्स व्यावसाय,1.755
6859,The panel,mr:,Marathi,qwen2.5-coder:7b,पन्ने,0.92
6860,Grow...,mr:,Marathi,qwen2.5-coder:7b,बढवा...,1.035
6861,East Flanders,mr:,Marathi,qwen2.5-coder:7b,पश्चिम फ्लैंडर्स,2.193
6862,Files > >,mr:,Marathi,qwen2.5-coder:7b,फाइल्स > >,1.307
6863,Iris Wipe Effect,mr:,Marathi,qwen2.5-coder:7b,आरिस वापरणे,1.645
6864,Idle.,mr:,Marathi,qwen2.5-coder:7b,आरामाचे.,1.204
6865,Files:,mr:,Marathi,qwen2.5-coder:7b,फाइल्स:,1.105
6866,Bottom Dock,mr:,Marathi,qwen2.5-coder:7b,पूर्वी डॉक,1.603
6867,New type: other,mr:,Marathi,qwen2.5-coder:7b,नव्या प्रकार: अन्य,2.053
6868,K3b data project,mr:,Marathi,qwen2.5-coder:7b,"कृपया अपले विशेष नियमांना ध्यान देणे. आमचे उदाहरण असा आहे:

मूळ टेक्स्ट: ""K3b data project""
नियमांनुसार अनुवाद: ",10.304
6869,Smooth point,mr:,Marathi,qwen2.5-coder:7b,सुंदर बिंदू,1.681
6870,Output Bin,mr:,Marathi,qwen2.5-coder:7b,आउटपुट बिन,1.481
6871,Dark Blue,mr:,Marathi,qwen2.5-coder:7b,काळे लाल,1.262
6872,union,mr:,Marathi,qwen2.5-coder:7b,योजना,0.936
6873,Application version string,mr:,Marathi,qwen2.5-coder:7b,प्रतिनिधी वर्गीकरण शब्द,2.891
6874,Space Arcade Game,mr:,Marathi,qwen2.5-coder:7b,स्पेस अर्काड खेळ,2.13
6875,Subscription,mr:,Marathi,qwen2.5-coder:7b,सदस्यता,1.17
6876,Custom 4,mr:,Marathi,qwen2.5-coder:7b,स्वचाता 4,1.386
6877,Clipboard History,mr:,Marathi,qwen2.5-coder:7b,पेशी इतिहास,1.545
6878,BCC:,mr:,Marathi,qwen2.5-coder:7b,बीसीसी:,1.27
6879,Number of toasters,mr:,Marathi,qwen2.5-coder:7b,मोठ्यांची संख्या,1.94
6880,Pad 8 - Sweep,mr:,Marathi,qwen2.5-coder:7b,पद ८ - स्वैप,1.717
6881,Graphics system:,mr:,Marathi,qwen2.5-coder:7b,ग्राफिक्स सिस्टम:,1.891
6882,Unmodified,mr:,Marathi,qwen2.5-coder:7b,अनपरिवर्तित,1.535
6883,Cache size:,mr:,Marathi,qwen2.5-coder:7b,कॅश आकार:,1.474
6884,& Mail this...,mr:,Marathi,qwen2.5-coder:7b,& या ईमेल करा...,1.796
6885,Project Close Project,mr:,Marathi,qwen2.5-coder:7b,परियोजना बंद करणा,2.148
6886,Stacker-Separator-Collator,mr:,Marathi,qwen2.5-coder:7b,स्टॅकर-सेपारेटर-कॉलेटर,3.005
6887,Gray Scale,mr:,Marathi,qwen2.5-coder:7b,ग्रेस स्केल,1.381
6888,Screen size:,mr:,Marathi,qwen2.5-coder:7b,दिवाली आकार:,1.612
6889,Height 1,mr:,Marathi,qwen2.5-coder:7b,उंची 1,1.065
6890,Functions,mr:,Marathi,qwen2.5-coder:7b,फंक्शन्स,1.225
6891,Start In Terminal,mr:,Marathi,qwen2.5-coder:7b,प्रारम्भ करा तर्मिनलात,2.572
6892,resource,mr:,Marathi,qwen2.5-coder:7b,संस्कृती,1.355
6893,Strange,mr:,Marathi,qwen2.5-coder:7b,विषयाचा,1.122
6894,Function group,mr:,Marathi,qwen2.5-coder:7b,फंक्शन ग्रुप,1.505
6895,Date format,mr:,Marathi,qwen2.5-coder:7b,दिवसाचे फारमॅट,1.92
6896,Property Changes,mr:,Marathi,qwen2.5-coder:7b,प्रॉप्पी बदले,1.789
6897,& Descending,mr:,Marathi,qwen2.5-coder:7b,& अवरोधी,1.294
6898,Example.,mr:,Marathi,qwen2.5-coder:7b,उदाहरण.,1.182
6899,Frame Shape,mr:,Marathi,qwen2.5-coder:7b,फ्रेम आकार,1.369
6900,User Identification,mr:,Marathi,qwen2.5-coder:7b,योजना व्यक्तीकरण,2.061
6901,Increase contrast,mr:,Marathi,qwen2.5-coder:7b,प्रतिबंध वाढवा,2.006
6902,Function macro,mr:,Marathi,qwen2.5-coder:7b,फंक्शन माक्रो,1.56
6903,Volume accounting:,mr:,Marathi,qwen2.5-coder:7b,वैश्विक गणना:,1.941
6904,Preferred accounts,mr:,Marathi,qwen2.5-coder:7b,पसंत खातांं,1.612
6905,Do n't Panic,mr:,Marathi,qwen2.5-coder:7b,नाहीं खालील करा,1.978
6906,Latvian latas,mr:,Marathi,qwen2.5-coder:7b,लाट्वियन लाता,1.871
6907,Look Desert Theme,mr:,Marathi,qwen2.5-coder:7b,देश्त थीम देखा,2.112
6908,Minimum Expanding,mr:,Marathi,qwen2.5-coder:7b,नारायण घेणे,1.838
6909,RTF Compressed,mr:,Marathi,qwen2.5-coder:7b,RTF संकुचित,1.656
6910,Row source:,mr:,Marathi,qwen2.5-coder:7b,रोव स्रोत:,1.365
6911,Rendering Intent,mr:,Marathi,qwen2.5-coder:7b,प्रतिबिंबनिष्ठा,2.115
6912,Memory view,mr:,Marathi,qwen2.5-coder:7b,मेमोरी व्यवहार,1.784
6913,New folder,mr:,Marathi,qwen2.5-coder:7b,नव्हा फोल्डर,1.597
6914,Silver,mr:,Marathi,qwen2.5-coder:7b,साल्वर,0.975
6915,Main Script File,mr:,Marathi,qwen2.5-coder:7b,मुख्य स्क्रिप्ट फाइल,2.203
6916,%1 has been exited.,mr:,Marathi,qwen2.5-coder:7b,%1 खाली झाला.,1.863
6917,View Style,mr:,Marathi,qwen2.5-coder:7b,स्टायल देखणा,1.704
6918,Go To,mr:,Marathi,qwen2.5-coder:7b,जाऊं,0.867
6919,Color Matrix,mr:,Marathi,qwen2.5-coder:7b,मार्गणीयता,1.403
6920,Skip Item,mr:,Marathi,qwen2.5-coder:7b,पद्धती अवशेष करणा,1.948
6921,Letter Synchronization,mr:,Marathi,qwen2.5-coder:7b,संपत्ती संश्लेषण,1.917
6922,Time Tracker Component,mr:,Marathi,qwen2.5-coder:7b,परिसंपादक योग्यता,2.188
6923,Shutter priority,mr:,Marathi,qwen2.5-coder:7b,शटर प्राथमिकता,1.739
6924,Average,mr:,Marathi,qwen2.5-coder:7b,माध्यम,1.01
6925,Translated,mr:,Marathi,qwen2.5-coder:7b,परिवर्तित केला गेला,2.102
6926,Scan Network,mr:,Marathi,qwen2.5-coder:7b,नेटवर्क स्कॅन करणे,2.202
6927,Play Order,mr:,Marathi,qwen2.5-coder:7b,प्रसार क्रम,1.283
6928,Add Scripts,mr:,Marathi,qwen2.5-coder:7b,स्क्रिप्ट जोड्या,2.112
6929,KTTS - Text-to-Speech,mr:,Marathi,qwen2.5-coder:7b,क्यूट्टी - टेक्स्ट या वाक्यांना धावण्याचे,4.808
6930,Events: %1,mr:,Marathi,qwen2.5-coder:7b,परिचालने: %1,1.813
6931,Available:,mr:,Marathi,qwen2.5-coder:7b,उपलब्ध:,1.102
6932,Layout mode:,mr:,Marathi,qwen2.5-coder:7b,पॅश्चिम विधि:,2.003
6933,(once),mr:,Marathi,qwen2.5-coder:7b,(एकाच),1.053
6934,Boot load size:,mr:,Marathi,qwen2.5-coder:7b,बूट लोड आकार:,1.859
6935,Next Due Date,mr:,Marathi,qwen2.5-coder:7b,पर्यायी दिवस,1.603
6936,Server group,mr:,Marathi,qwen2.5-coder:7b,सर्वर समूह,1.386
6937,Bytes (Encoded):,mr:,Marathi,qwen2.5-coder:7b,बायट्स (एनकोडेड):,2.034
6938,Rating > =,mr:,Marathi,qwen2.5-coder:7b,रेटिंग > =,1.385
6939,Filenames,mr:,Marathi,qwen2.5-coder:7b,फाइलनावे,1.221
6940,Playlists,mr:,Marathi,qwen2.5-coder:7b,प्लेलिस्ट्स,1.467
6941,Camera List,mr:,Marathi,qwen2.5-coder:7b,कॅमरा यादीबद्दल,1.994
6942,Allow 8-bit encoding,mr:,Marathi,qwen2.5-coder:7b,8-बिट एन्कोडिंग अनुमत करा,2.995
6943,Particle gas,mr:,Marathi,qwen2.5-coder:7b,पार्टिकल गॅस,1.765
6944,NULL pointer,mr:,Marathi,qwen2.5-coder:7b,निर्देशित दिशेत नाहीं,2.561
6945,Remove Items?,mr:,Marathi,qwen2.5-coder:7b,आणि आयटम्स अड्वारे अड्वारे अड्वारे अड्वारे अड्वारे अड्वारे अड्वारे अड्वारे अड्वारे अड्वारे अड्वारे अ,10.176
6946,Device Toolbar,mr:,Marathi,qwen2.5-coder:7b,उपलब्धी टूलबार,1.886
6947,Suggestion List,mr:,Marathi,qwen2.5-coder:7b,सुझाव सूची,1.486
6948,Untranslated:,mr:,Marathi,qwen2.5-coder:7b,Untranslated:,0.832
6949,Cook Islands,mr:,Marathi,qwen2.5-coder:7b,कॉक इलांड्स,1.579
6950,Using & kformula;,mr:,Marathi,qwen2.5-coder:7b,विस्तारित करण्यासाठी & kformula;,2.827
6951,Print & week,mr:,Marathi,qwen2.5-coder:7b,प्रिंट & सप्ताह,1.705
6952,Sprays graffiti,mr:,Marathi,qwen2.5-coder:7b,ग्राफिटी झाला,1.693
6953,Maple,mr:,Marathi,qwen2.5-coder:7b,मॅपले,1.014
6954,No profile,mr:,Marathi,qwen2.5-coder:7b,नाहीले प्रोफाइल,1.691
6955,Increase,mr:,Marathi,qwen2.5-coder:7b,बढवा,1.017
6956,File Operations,mr:,Marathi,qwen2.5-coder:7b,फाईल ऑपरेशन्स,1.763
6957,velocity,mr:,Marathi,qwen2.5-coder:7b,वेल्युटी,1.237
6958,& Submit tracks,mr:,Marathi,qwen2.5-coder:7b,&प्रतिलिपी प्रस्तुत करणा,2.377
6959,Active console,mr:,Marathi,qwen2.5-coder:7b,क्रियाशील कंसोल,1.788
6960,& Loop,mr:,Marathi,qwen2.5-coder:7b,& चक्रवर्ती,1.444
6961,Messier objects,mr:,Marathi,qwen2.5-coder:7b,मेशीर वस्तूंद्वारा,2.49
6962,Data file,mr:,Marathi,qwen2.5-coder:7b,डेटा फाइल,1.402
6963,Everything,mr:,Marathi,qwen2.5-coder:7b,सर्व ची जगाला,1.731
6964,Gravity,mr:,Marathi,qwen2.5-coder:7b,गुरुत्व,1.119
6965,Current mixer,mr:,Marathi,qwen2.5-coder:7b,आणि वर्तमान मिशक्की,2.306
6966,Edit Filter,mr:,Marathi,qwen2.5-coder:7b,फिल्टर संशोधित करा,2.291
6967,Body,mr:,Marathi,qwen2.5-coder:7b,माहिती,1.028
6968,Evening,mr:,Marathi,qwen2.5-coder:7b,शाळी,0.834
6969,Message Group,mr:,Marathi,qwen2.5-coder:7b,संदेश समूह,1.4
6970,Reference Functions,mr:,Marathi,qwen2.5-coder:7b,संदर्भ फंक्शन्स,2.038
6971,Zoom to 100%,mr:,Marathi,qwen2.5-coder:7b,100% जुळवा,1.892
6972,http is the H yper T ext T ransfer P rotocol.,mr:,Marathi,qwen2.5-coder:7b,http हा एक हाइपर टेक्स्ट ट्रांसफर प्रोटोकॉल होते.,5.12
6973,Vendor String,mr:,Marathi,qwen2.5-coder:7b,विक्रेता शब्द,1.69
6974,temporary,mr:,Marathi,qwen2.5-coder:7b,अस्थायी,1.125
6975,Landscapes,mr:,Marathi,qwen2.5-coder:7b,प्राकृतिक विविधता,2.187
6976,ImagePlugin_LensDistortion,mr:,Marathi,qwen2.5-coder:7b,प्रतिबंध दृष्टिकोण,2.318
6977,Ship Movement,mr:,Marathi,qwen2.5-coder:7b,शहराचे आगमन आहे,1.907
6978,& Skip,mr:,Marathi,qwen2.5-coder:7b,& खाली दाखला,1.64
6979,Form Completion Entries,mr:,Marathi,qwen2.5-coder:7b,पूर्ण आकार यांचे प्रवेश,2.602
6980,Kolab user name,mr:,Marathi,qwen2.5-coder:7b,कोलब योजकाचे नाव,2.218
6981,Truck shape,mr:,Marathi,qwen2.5-coder:7b,त्रक आकार,1.253
6982,Collaboration,mr:,Marathi,qwen2.5-coder:7b,सहयोग,0.946
6983,Selection: %1,mr:,Marathi,qwen2.5-coder:7b,परिणाम: %1,1.663
6984,Ink Reduction,mr:,Marathi,qwen2.5-coder:7b,मोठ्या आवश्यकता कमी करणे,2.709
6985,Maximum traces:,mr:,Marathi,qwen2.5-coder:7b,माहिती अंतर्गत अधिकारी अनुमान आहे.,3.925
6986,"Make a & DCOP; call. @dcop( kmail, KMailIface, checkMail(),)",mr:,Marathi,qwen2.5-coder:7b,"कामाचे एकाचे डीसीकॉप टॅल्क करा. @dcop( kmail, KMailIface, checkMail(),)",6.194
6987,Select Translation:,mr:,Marathi,qwen2.5-coder:7b,परिवर्तन चुनाव करा:,2.387
6988,Paraguayan Guarani,mr:,Marathi,qwen2.5-coder:7b,परागुयान गुरणी,1.941
6989,& Use KWallet,mr:,Marathi,qwen2.5-coder:7b,& कावलेट वापरा,1.796
6990,Power Consumption %1 mA,mr:,Marathi,qwen2.5-coder:7b,पावर वापर %1 मा,1.942
6991,Loans,mr:,Marathi,qwen2.5-coder:7b,निवेशांचे अवसर,1.855
6992,Coordinate Selection,mr:,Marathi,qwen2.5-coder:7b,कोординेट सूचना,1.506
6993,Size 1:,mr:,Marathi,qwen2.5-coder:7b,आकार 1:,1.138
6994,frozen,mr:,Marathi,qwen2.5-coder:7b,मजळी,1.153
6995,Server List,mr:,Marathi,qwen2.5-coder:7b,सर्वर सूची,1.392
6996,Final Activity,mr:,Marathi,qwen2.5-coder:7b,पिछला क्रिया,1.383
6997,ICQ Reading status,mr:,Marathi,qwen2.5-coder:7b,आणि चिकित्सा अवस्था,2.439
6998,Advanced Tag/ Branch...,mr:,Marathi,qwen2.5-coder:7b,उच्च शब्दकोश/ शाखा...,2.512
6999,Drawing angle,mr:,Marathi,qwen2.5-coder:7b,चित्राचे कोणते योग्यता,2.519
7000,Explanation,mr:,Marathi,qwen2.5-coder:7b,अनुशासन,1.074
7001,& Drag location:,mr:,Marathi,qwen2.5-coder:7b,& अस्थित्वाचा व्यवहार करा:,2.867
7002,Pause playback,mr:,Marathi,qwen2.5-coder:7b,प्रशांत झाला,1.561
7003,observation_,mr:,Marathi,qwen2.5-coder:7b,अनुसरण_,1.12
7004,UNIX Users,mr:,Marathi,qwen2.5-coder:7b,यूनिकॉन युजर्स,2.062
7005,Log & level:,mr:,Marathi,qwen2.5-coder:7b,लॉग आणि स्तर:,1.877
7006,Action Properties,mr:,Marathi,qwen2.5-coder:7b,कार्यात्मकता प्रौत्थमिकता,2.717
7007,Pad 2 - Warm,mr:,Marathi,qwen2.5-coder:7b,पद 2 - गर्मी,1.674
7008,Highlight failed,mr:,Marathi,qwen2.5-coder:7b,फेल्या अंशांची उल्लेखी करणा,2.918
7009,Encryption preference:,mr:,Marathi,qwen2.5-coder:7b,प्राथमिकता असाठी:,2.174
7010,Spanish (Mexico),mr:,Marathi,qwen2.5-coder:7b,स्पेनिश (मेक्सिको),2.223
7011,Changes,mr:,Marathi,qwen2.5-coder:7b,परिवर्तने,1.335
7012,Certificate support,mr:,Marathi,qwen2.5-coder:7b,प्रमाणपत्र समर्थन,1.845
7013,Nature reserve,mr:,Marathi,qwen2.5-coder:7b,नातुरल रिवर्स,1.789
7014,except,mr:,Marathi,qwen2.5-coder:7b,अविचारित,1.218
7015,Engineering,mr:,Marathi,qwen2.5-coder:7b,इंजीनियरी,1.312
7016,Specials,mr:,Marathi,qwen2.5-coder:7b,विशेष वस्तूंचे विवरण,2.593
7017,Out of paper,mr:,Marathi,qwen2.5-coder:7b,पेपर असे नाही,2.037
7018,Open with & Firefox,mr:,Marathi,qwen2.5-coder:7b,Firefox मध्ये खोला,1.865
7019,Apply Patch...,mr:,Marathi,qwen2.5-coder:7b,पॅच लागू करा...,1.877
7020,Dependency,mr:,Marathi,qwen2.5-coder:7b,परिवादीत्या,1.467
7021,Filesystem,mr:,Marathi,qwen2.5-coder:7b,फायलसिस्टम,1.44
7022,Find Maximum Point,mr:,Marathi,qwen2.5-coder:7b,जाहीरातील अधिकारी खोजा,2.884
7023,KsirK Preferences,mr:,Marathi,qwen2.5-coder:7b,कसूर्यकारी पसंदीदा,2.416
7024,Task View,mr:,Marathi,qwen2.5-coder:7b,तास्क व्यवहार,1.787
7025,Payee source,mr:,Marathi,qwen2.5-coder:7b,प्रतिबिम्बकारी स्रोत,2.199
7026,Fast Forward,mr:,Marathi,qwen2.5-coder:7b,फास्ट फॉर्ड,1.705
7027,"in bytes, for example > 1000",mr:,Marathi,qwen2.5-coder:7b,"वितर्कांदांमधून, उदाहरणारे > 1000",4.316
7028,DataSource,mr:,Marathi,qwen2.5-coder:7b,देखील आणि विस्तार करण्यासाठी या विशेष फंक्शन वापरा या विशेष फंक्शन वापरा या विशेष फंक्शन वापरा या विश,10.305
7029,End:,mr:,Marathi,qwen2.5-coder:7b,पुढील:,1.149
7030,Letterhead,mr:,Marathi,qwen2.5-coder:7b,पत्रपत्र,1.053
7031,like,mr:,Marathi,qwen2.5-coder:7b,पसंद आहे,1.248
7032,Remote,mr:,Marathi,qwen2.5-coder:7b,रूम्याटी,1.295
7033,Iraqi Dinar,mr:,Marathi,qwen2.5-coder:7b,इराकी डिनार,1.555
7034,Working Color Space:,mr:,Marathi,qwen2.5-coder:7b,कार्बन स्पेस:,1.743
7035,& Height:,mr:,Marathi,qwen2.5-coder:7b,& उंची:,1.149
7036,Agency number,mr:,Marathi,qwen2.5-coder:7b,अंजान संख्या,1.53
7037,End activity,mr:,Marathi,qwen2.5-coder:7b,संस्क्रिती अंत झाला,2.203
7038,Unknown track,mr:,Marathi,qwen2.5-coder:7b,अज्ञानी ट्रॅक,1.762
7039,Show high scores,mr:,Marathi,qwen2.5-coder:7b,उच्च अंकां दाखवा,2.09
7040,Working with & umbrello;,mr:,Marathi,qwen2.5-coder:7b,विस्तारात आणि &umbrello;,2.39
7041,Single player,mr:,Marathi,qwen2.5-coder:7b,एक खेळीकारी,1.584
7042,Look and feel,mr:,Marathi,qwen2.5-coder:7b,वास्तविकता आणि आहार,2.35
7043,Data Structure,mr:,Marathi,qwen2.5-coder:7b,डेटा स्ट्रक्चर,1.713
7044,AutoStart Configuration,mr:,Marathi,qwen2.5-coder:7b,आवेशीकरण व्यवस्था,2.203
7045,Accept friendship,mr:,Marathi,qwen2.5-coder:7b,साथीत असणे असेल,1.886
7046,Task selection,mr:,Marathi,qwen2.5-coder:7b,चालणा चुनाव,1.548
7047,& Anonymous,mr:,Marathi,qwen2.5-coder:7b,& अनानायी,1.347
7048,Duplicate Entry,mr:,Marathi,qwen2.5-coder:7b,दुप्लीकारी प्रवेश,2.02
7049,Squaring,mr:,Marathi,qwen2.5-coder:7b,वर्ग करणे,1.285
7050,Music Theory,mr:,Marathi,qwen2.5-coder:7b,म्यूजिक थियोरी,1.948
7051,Yearly Budget,mr:,Marathi,qwen2.5-coder:7b,वर्षाचे बजेट,1.669
7052,& Code Environment,mr:,Marathi,qwen2.5-coder:7b,& कोड वास्तविकता,1.999
7053,paused,mr:,Marathi,qwen2.5-coder:7b,पास्याला,1.447
7054,& Language is:,mr:,Marathi,qwen2.5-coder:7b,& भाषा हे:,1.417
7055,Vector Drawing,mr:,Marathi,qwen2.5-coder:7b,वेक्टर चित्रण,1.693
7056,Calls,mr:,Marathi,qwen2.5-coder:7b,पर्याये,1.117
7057,& Group size:,mr:,Marathi,qwen2.5-coder:7b,& ग्रुप आकार:,1.706
7058,& Layer,mr:,Marathi,qwen2.5-coder:7b,& तेरा तेरा तेरा तेरा तेरा तेरा तेरा तेरा तेरा तेरा तेरा तेरा तेरा तेरा तेरा तेरा तेरा तेरा तेरा तेर,10.334
7059,Address Selection,mr:,Marathi,qwen2.5-coder:7b,पत्ता चयन,1.413
7060,Dolphin View Modes,mr:,Marathi,qwen2.5-coder:7b,दोल्फिन दृश्य रूपांसाठी,2.923
7061,New Account,mr:,Marathi,qwen2.5-coder:7b,नवीन खाता,1.327
7062,Lead 4 - Chiflead,mr:,Marathi,qwen2.5-coder:7b,चिफ्लीड ४,1.59
7063,Nepomuk Desktop Search Runner,mr:,Marathi,qwen2.5-coder:7b,नेपोमुक डेस्कटॉप शोध रनन्ने,3.484
7064,Anytime,mr:,Marathi,qwen2.5-coder:7b,हा कोणते नाव आहे?,1.966
7065,Batch Process,mr:,Marathi,qwen2.5-coder:7b,बॅच प्रक्रिया,1.517
7066,Side Pane,mr:,Marathi,qwen2.5-coder:7b,पासारी खंड,1.407
7067,Tagger Delete,mr:,Marathi,qwen2.5-coder:7b,टॅग डिलीट,1.717
7068,Equal to,mr:,Marathi,qwen2.5-coder:7b,समान आहे,1.206
7069,Failed to create folder,mr:,Marathi,qwen2.5-coder:7b,फॅयल बँकड बनवण्यात असला नाही,3.459
7070,introduction,mr:,Marathi,qwen2.5-coder:7b,परिचय,0.96
7071,Increase:,mr:,Marathi,qwen2.5-coder:7b,बढवा:,1.04
7072,Data View.,mr:,Marathi,qwen2.5-coder:7b,देखवणी.,1.158
7073,E Orientation East,mr:,Marathi,qwen2.5-coder:7b,व्यवहार अशिना पश्चिम,2.576
7074,Element Size,mr:,Marathi,qwen2.5-coder:7b,आणि त्याचे आकार,1.988
7075,Shadow password file:,mr:,Marathi,qwen2.5-coder:7b,शाड्याचा पासवर्ड फाइल:,2.603
7076,Setuid User: %1,mr:,Marathi,qwen2.5-coder:7b,सेटुआईड वापरकर्ता: %1,2.753
7077,Stage,mr:,Marathi,qwen2.5-coder:7b,स्टेज,0.931
7078,Actions Toolbar,mr:,Marathi,qwen2.5-coder:7b,कार्यातून टूलबार,2.483
7079,Cover manager,mr:,Marathi,qwen2.5-coder:7b,मिळालेल्या आवश्यकतांचा प्रबंधक,3.115
7080,backup copy,mr:,Marathi,qwen2.5-coder:7b,बॅकअप कॉपी,1.581
7081,Navigating Modules,mr:,Marathi,qwen2.5-coder:7b,मॉड्यूल्स निवडण्यात आहे,3.02
7082,Pictures path:,mr:,Marathi,qwen2.5-coder:7b,प्रतिमांचे पथ:,1.704
7083,Lecture Properties,mr:,Marathi,qwen2.5-coder:7b,प्रकारणाचे प्रॉप्स,2.097
7084,SliderHandle,mr:,Marathi,qwen2.5-coder:7b,स्लाइडर हाउंडल,1.796
7085,Credits:,mr:,Marathi,qwen2.5-coder:7b,क्रेडिट्स:,1.321
7086,22nd Last,mr:,Marathi,qwen2.5-coder:7b,22व्या पिछ्ल्या,1.948
7087,Height Field,mr:,Marathi,qwen2.5-coder:7b,उंचीता क्षेत्र,1.695
7088,Water level:,mr:,Marathi,qwen2.5-coder:7b,आपल्या जलांचे स्तर:,2.249
7089,Payee:,mr:,Marathi,qwen2.5-coder:7b,प्रतिबंधक:,1.38
7090,& Your name:,mr:,Marathi,qwen2.5-coder:7b,& आपाचे नाव:,1.655
7091,Search Bar,mr:,Marathi,qwen2.5-coder:7b,खोज बाडी,1.248
7092,& Copy...,mr:,Marathi,qwen2.5-coder:7b,& कॉपी...,1.109
7093,The [Shutdown] section of & kdmrc;,mr:,Marathi,qwen2.5-coder:7b,शोटडाउन अंशात & kdmrc;,2.709
7094,Stacker,mr:,Marathi,qwen2.5-coder:7b,स्टॅकर,1.148
7095,WEP key:,mr:,Marathi,qwen2.5-coder:7b,वेप कुंजी:,1.41
7096,Frame color & 1:,mr:,Marathi,qwen2.5-coder:7b,फ्रेम कार्यालय & 1:,2.289
7097,Game Description,mr:,Marathi,qwen2.5-coder:7b,खेळाचे वर्णन,1.672
7098,Digest,mr:,Marathi,qwen2.5-coder:7b,सामान्य विशेषता,1.92
7099,new_field,mr:,Marathi,qwen2.5-coder:7b,नव्हा फील्ड,1.576
7100,Network Watcher,mr:,Marathi,qwen2.5-coder:7b,नेटवर्क वाचक,1.718
7101,Window Decorations,mr:,Marathi,qwen2.5-coder:7b,परिवार अवरोधांसाठी,2.298
7102,& quantaplus; Development Team,mr:,Marathi,qwen2.5-coder:7b,&quantaplus; विकास टीम,2.172
7103,"Starting ""%1""...",mr:,Marathi,qwen2.5-coder:7b,"प्रारंभ करण्यात ""%1""...",2.286
7104,Edit Modem:,mr:,Marathi,qwen2.5-coder:7b,मोडम विस्तार करा:,2.005
7105,Simple test,mr:,Marathi,qwen2.5-coder:7b,साधारण परीक्षा,1.699
7106,Gas Calculator,mr:,Marathi,qwen2.5-coder:7b,गॅस कॅलकुलेटर,1.838
7107,Round:,mr:,Marathi,qwen2.5-coder:7b,आळे:,1.03
7108,Whole words,mr:,Marathi,qwen2.5-coder:7b,पूर्ण शब्दांचे,1.891
7109,Preparation Time,mr:,Marathi,qwen2.5-coder:7b,प्रतियोगी वेळ,1.598
7110,delete,mr:,Marathi,qwen2.5-coder:7b,मिळवणे,0.984
7111,Area Name...,mr:,Marathi,qwen2.5-coder:7b,जग्गाचे नाव...,1.693
7112,LightSkyBlue,mr:,Marathi,qwen2.5-coder:7b,लाइटस्कायब्लू,1.901
7113,& Policy,mr:,Marathi,qwen2.5-coder:7b,& नियम,1.055
7114,Signed,mr:,Marathi,qwen2.5-coder:7b,सांगला,1.061
7115,Printer Setting,mr:,Marathi,qwen2.5-coder:7b,प्रिंटर सेटिंग,1.652
7116,Image Practice,mr:,Marathi,qwen2.5-coder:7b,चित्र पрактиक,1.11
7117,Pure DOM Tree,mr:,Marathi,qwen2.5-coder:7b,परिमुख DOM पेशी,1.522
7118,Rename Format:,mr:,Marathi,qwen2.5-coder:7b,नावाचे फारमॅट:,1.971
7119,Group Properties,mr:,Marathi,qwen2.5-coder:7b,ग्रुपचे प्रॉप्शन्स,2.087
7120,Game Over!,mr:,Marathi,qwen2.5-coder:7b,खेळ झाला!,1.357
7121,Required tools:,mr:,Marathi,qwen2.5-coder:7b,आणि आवश्यक टूल्स:,2.266
7122,Suspend,mr:,Marathi,qwen2.5-coder:7b,प्रतिरोध करणे,1.792
7123,Speech Synthesizer Frontend,mr:,Marathi,qwen2.5-coder:7b,फोन्ट अनुवादक,1.904
7124,Grid color,mr:,Marathi,qwen2.5-coder:7b,ग्रिड कार्यालय,1.673
7125,Replies,mr:,Marathi,qwen2.5-coder:7b,प्रतिक्रिया,1.371
7126,description,mr:,Marathi,qwen2.5-coder:7b,विवरण,0.944
7127,Force Field:,mr:,Marathi,qwen2.5-coder:7b,प्रत्याशा क्षेत्र:,2.014
7128,Legal Frame Size,mr:,Marathi,qwen2.5-coder:7b,वास्तविक आकार,2.019
7129,Rel. Humidity:,mr:,Marathi,qwen2.5-coder:7b,आणि वाढा:,1.466
7130,Current Sentence,mr:,Marathi,qwen2.5-coder:7b,आणि अधिकारी अनुवाद असणे याची शक्ती आहे.,4.401
7131,Account Details,mr:,Marathi,qwen2.5-coder:7b,खाता विवरणे,1.576
7132,Unique Constraint...,mr:,Marathi,qwen2.5-coder:7b,अविशेषी गुंतवन...,2.009
7133,fraction,mr:,Marathi,qwen2.5-coder:7b,फ्रॅक्शन,1.218
7134,Color separations,mr:,Marathi,qwen2.5-coder:7b,कार्यात्मक विभाजन,2.097
7135,Svg filename,mr:,Marathi,qwen2.5-coder:7b,SVG फाइलनाव,1.361
7136,Temperature Alarm,mr:,Marathi,qwen2.5-coder:7b,तापाचे अलाम्बर,1.812
7137,& Degree,mr:,Marathi,qwen2.5-coder:7b,& डिग्री,1.109
7138,Enter,mr:,Marathi,qwen2.5-coder:7b,प्रवेश करण्यासाठी,1.881
7139,Serial Type,mr:,Marathi,qwen2.5-coder:7b,सरियाचा प्रकार,1.627
7140,Size 2:,mr:,Marathi,qwen2.5-coder:7b,आकार 2:,1.18
7141,This is the path to vpnc-connect,mr:,Marathi,qwen2.5-coder:7b,या यांचे पासवर्ड अशा आहे:,3.148
7142,Foreground,mr:,Marathi,qwen2.5-coder:7b,प्रसिद्धान्तीय,1.742
7143,Edit Contact...,mr:,Marathi,qwen2.5-coder:7b,संपर्क संपादित करा...,2.326
7144,Protected EAP (PEAP),mr:,Marathi,qwen2.5-coder:7b,प्रकटित एप (पीएप),2.095
7145,Channel event,mr:,Marathi,qwen2.5-coder:7b,चौंस घटना,1.457
7146,Operating systems:,mr:,Marathi,qwen2.5-coder:7b,चालणात्मक प्रणाली:,1.967
7147,Selected Tracks,mr:,Marathi,qwen2.5-coder:7b,चुनिले ट्रॅक्स,1.79
7148,Post-text:,mr:,Marathi,qwen2.5-coder:7b,पोस्ट-पासारख्या:,1.965
7149,ImagePlugin_LensCorrection,mr:,Marathi,qwen2.5-coder:7b,प्रतिबिम्ब अपवर्तन,2.297
7150,Softweave (Driver internal),mr:,Marathi,qwen2.5-coder:7b,सॉफ्टवीवे (ड्राइवर आंतर्निक),3.208
7151,Lower Sorbian,mr:,Marathi,qwen2.5-coder:7b,लोअर सोरबियन,1.564
7152,& Usage expression:,mr:,Marathi,qwen2.5-coder:7b,& उपयोग वाक्य:,1.926
7153,Query:,mr:,Marathi,qwen2.5-coder:7b,प्रश्न:,1.075
7154,(Paused),mr:,Marathi,qwen2.5-coder:7b,(पासून),1.23
7155,XY rotation speed,mr:,Marathi,qwen2.5-coder:7b,या आकाराचे घेठावणी,2.493
7156,Display Options,mr:,Marathi,qwen2.5-coder:7b,प्रदर्शन विकल्पे,1.992
7157,LightSteelBlue1,mr:,Marathi,qwen2.5-coder:7b,लाईटस्टीलब्लू1,2.018
7158,Password:,mr:,Marathi,qwen2.5-coder:7b,पासवर्ड:,1.253
7159,Auto assignment,mr:,Marathi,qwen2.5-coder:7b,स्वतंत्र आवश्यकता,2.101
7160,Start time,mr:,Marathi,qwen2.5-coder:7b,शुरू करण्याची समय,2.122
7161,Default Route,mr:,Marathi,qwen2.5-coder:7b,डिफॅल्ट रूट,1.787
7162,Black & White,mr:,Marathi,qwen2.5-coder:7b,काले आणि सफ़ेद,1.907
7163,Document Password,mr:,Marathi,qwen2.5-coder:7b,दस्तऐवजीकरण शिफ्र,2.104
7164,6: Absolute Value,mr:,Marathi,qwen2.5-coder:7b,6: मान्यता,1.471
7165,Default height:,mr:,Marathi,qwen2.5-coder:7b,डिफॉल्ट उंचाई:,2.065
7166,Resource dialog,mr:,Marathi,qwen2.5-coder:7b,संसाधन दिल्ली,1.726
7167,All Styles,mr:,Marathi,qwen2.5-coder:7b,सर्व शैलीं,1.541
7168,Noise Reduction,mr:,Marathi,qwen2.5-coder:7b,नाव्याशीली कमी करणे,2.201
7169,Offering,mr:,Marathi,qwen2.5-coder:7b,आणि आणि आणि आणि आणि आणि आणि आणि आणि आणि आणि आणि आणि आणि आणि आणि आणि आणि आणि आणि आणि आणि आणि आणि आणि,10.393
7170,KDE Wallet Manager,mr:,Marathi,qwen2.5-coder:7b,कडे वॉलेट मॅनेजर,2.286
7171,typewriting,mr:,Marathi,qwen2.5-coder:7b,ताप्यावरण,1.358
7172,Port Settings,mr:,Marathi,qwen2.5-coder:7b,पोर्ट सेटिंग्स,1.729
7173,& Crashes,mr:,Marathi,qwen2.5-coder:7b,& क्राहीत्यांचे वापर,2.329
7174,Edit Script,mr:,Marathi,qwen2.5-coder:7b,स्क्रिप्ट संपादित करा,2.338
7175,Initialization string %1:,mr:,Marathi,qwen2.5-coder:7b,आरंभन शब्द %1:,1.798
7176,Distortion,mr:,Marathi,qwen2.5-coder:7b,विस्तार,1.143
7177,Department Name,mr:,Marathi,qwen2.5-coder:7b,विभागाचे नाव,1.686
7178,vpnc capabilities: %1,mr:,Marathi,qwen2.5-coder:7b,व्हीपनसाठीची क्षमता: %1,2.904
7179,Preferred Style Sheet:,mr:,Marathi,qwen2.5-coder:7b,पसंदीदित स्टाइलशीट:,2.314
7180,The Anal & XML; Guy & Documentation,mr:,Marathi,qwen2.5-coder:7b,मूळ आणि XML; गायक आणि संपदा,3.346
7181,Xsldbg Source Files,mr:,Marathi,qwen2.5-coder:7b,खालील फाइल्स:,1.946
7182,Shake Blur,mr:,Marathi,qwen2.5-coder:7b,शक्क ब्लर,1.4
7183,Message Tags,mr:,Marathi,qwen2.5-coder:7b,संदेश चिन्हांचे अनुवाद: माहिती चिन्हांचे अनुवाद,5.065
7184,Tape unmounted.,mr:,Marathi,qwen2.5-coder:7b,तापे अपलून निर्गमित झाली.,3.145
7185,Adding Holes,mr:,Marathi,qwen2.5-coder:7b,होल जोडणे,1.382
7186,New Filter,mr:,Marathi,qwen2.5-coder:7b,नव्हा फिल्टर,1.698
7187,Exposure Indicators,mr:,Marathi,qwen2.5-coder:7b,प्रतिबन्ध इंडिकेटर्स,2.456
7188,Telescope,mr:,Marathi,qwen2.5-coder:7b,तेलीस्कोप,1.309
7189,From & file,mr:,Marathi,qwen2.5-coder:7b,आणि फाइलातून,1.72
7190,Beginner Speed,mr:,Marathi,qwen2.5-coder:7b,मुख्य गती,1.362
7191,Category list,mr:,Marathi,qwen2.5-coder:7b,श्रेणी सूची,1.478
7192,Top Margin,mr:,Marathi,qwen2.5-coder:7b,उपलब्धी वापरणे,1.858
7193,Performance Settings,mr:,Marathi,qwen2.5-coder:7b,प्रदर्शन सेटिंग्स,1.952
7194,& Exit,mr:,Marathi,qwen2.5-coder:7b,& वित्तीकरण,1.618
7195,Hungarian forint,mr:,Marathi,qwen2.5-coder:7b,हंगारियन फोंट,1.873
7196,Nepomuk PIMO annotation plugin,mr:,Marathi,qwen2.5-coder:7b,नेपोमुक पीमो अनोटेशन प्लगइन,3.032
7197,11th Last,mr:,Marathi,qwen2.5-coder:7b,11व्या पछींदीला,1.922
7198,Track Altitude:,mr:,Marathi,qwen2.5-coder:7b,उंचाई ट्रॅक करा:,2.02
7199,Function & 4:,mr:,Marathi,qwen2.5-coder:7b,Function & 4:,1.145
7200,"Delete item ""%1""?",mr:,Marathi,qwen2.5-coder:7b,पदाचे अनुकूल असा असा असा असा असा असा असा असा असा असा असा असा असा असा असा असा असा असा असा असा असा अ,10.617
7201,Passed,mr:,Marathi,qwen2.5-coder:7b,पासेला,1.055
7202,& Horizontally,mr:,Marathi,qwen2.5-coder:7b,& वापर्यात,1.551
7203,< Merge >,mr:,Marathi,qwen2.5-coder:7b,मर्ग करा,1.353
7204,today,mr:,Marathi,qwen2.5-coder:7b,आज,0.643
7205,Data tool,mr:,Marathi,qwen2.5-coder:7b,डेटा टूल,1.343
7206,Dock position:,mr:,Marathi,qwen2.5-coder:7b,दोक अस्थिती:,1.717
7207,& Underlined,mr:,Marathi,qwen2.5-coder:7b,& अंतर्गत लेखण,1.922
7208,elapsed:,mr:,Marathi,qwen2.5-coder:7b,पारित:,1.07
7209,No Institution,mr:,Marathi,qwen2.5-coder:7b,नाहीत आयोजन,1.534
7210,Restrictions,mr:,Marathi,qwen2.5-coder:7b,विस्तारांसाठी,1.741
7211,1/ 60 Hour = 1 Minute,mr:,Marathi,qwen2.5-coder:7b,1/ 60 वर्षा = 1 मिनिट,2.652
7212,No Private Key,mr:,Marathi,qwen2.5-coder:7b,नाहीले व्यक्तिगत कुंवार,2.566
7213,Edit Details...,mr:,Marathi,qwen2.5-coder:7b,विस्तार संपादन करा...,2.267
7214,Wind & speed:,mr:,Marathi,qwen2.5-coder:7b,वायु आणि वेग:,1.868
7215,Cannot start %1:,mr:,Marathi,qwen2.5-coder:7b,%1 शुरू नाही:,1.949
7216,KnownX,mr:,Marathi,qwen2.5-coder:7b,प्रसिद्धX,1.306
7217,down,mr:,Marathi,qwen2.5-coder:7b,डाउन,0.811
7218,File/ Folder,mr:,Marathi,qwen2.5-coder:7b,फाइल / फोल्डर,1.668
7219,KAB GMX XXPort Plugin,mr:,Marathi,qwen2.5-coder:7b,काब ग्म्यॅक्स एक्स्पोर्ट प्लगइन,3.561
7220,Files: %1,mr:,Marathi,qwen2.5-coder:7b,फाइल्स: %1,1.456
7221,Cisco - Government Building,mr:,Marathi,qwen2.5-coder:7b,कांसो - सरकारी इमारत,2.357
7222,Startup Settings.,mr:,Marathi,qwen2.5-coder:7b,प्रारंभ सेटिंग्स.,1.937
7223,File Selection,mr:,Marathi,qwen2.5-coder:7b,फाइल चयन,1.275
7224,Add Preview,mr:,Marathi,qwen2.5-coder:7b,पूर्वानुभव जोड्या,2.259
7225,Certificate password:,mr:,Marathi,qwen2.5-coder:7b,पासवर्ड यांचे:,1.9
7226,Amarok is paused,mr:,Marathi,qwen2.5-coder:7b,अमरोक रोकणार आहे,2.179
7227,Filter name:,mr:,Marathi,qwen2.5-coder:7b,फिल्टर नाव:,1.581
7228,Spanish (Uruguay),mr:,Marathi,qwen2.5-coder:7b,स्पेनिश (युरुग्वी),2.125
7229,Enter entry name:,mr:,Marathi,qwen2.5-coder:7b,प्रवेशाचे नाव द्या:,2.176
7230,Shutdown Dialog,mr:,Marathi,qwen2.5-coder:7b,शक्ती घटाणा दिवाली,2.295
7231,Colors Settings,mr:,Marathi,qwen2.5-coder:7b,कार्यात्मक सेटिंग्स,2.289
7232,Event Actions,mr:,Marathi,qwen2.5-coder:7b,विनियोजन गतिविधी,2.239
7233,Certificate:,mr:,Marathi,qwen2.5-coder:7b,प्रमाणपत्र:,1.326
7234,Using Plugins,mr:,Marathi,qwen2.5-coder:7b,प्लगइन्स वापरते,1.878
7235,Uranium,mr:,Marathi,qwen2.5-coder:7b,यूरेनियوم,1.422
7236,New South Wales - Yancowinna,mr:,Marathi,qwen2.5-coder:7b,न्यू सॉउथ वेल्स - यांकोविन्ना,3.476
7237,Keywords,mr:,Marathi,qwen2.5-coder:7b,कार्यक्रमांचे शब्दांचे शब्दांचे शब्दांचे शब्दांचे शब्दांचे शब्दांचे शब्दांचे शब्दांचे शब्दांचे शब्दां,10.398
7238,Expiration time,mr:,Marathi,qwen2.5-coder:7b,पुंजाबीयांची समयांची अपलावीती,3.145
7239,%1 as well as %2,mr:,Marathi,qwen2.5-coder:7b,%1 आणि %2,1.437
7240,Fractal Maps,mr:,Marathi,qwen2.5-coder:7b,फ्रॅक्टल मॅप्स,1.954
7241,Type of Output,mr:,Marathi,qwen2.5-coder:7b,प्राप्त आउटपुटचा प्रकार,2.419
7242,Whirl,mr:,Marathi,qwen2.5-coder:7b,वाढण्यात आहे,1.668
7243,Construct,mr:,Marathi,qwen2.5-coder:7b,संरचित करण्यात,1.878
7244,Target location:,mr:,Marathi,qwen2.5-coder:7b,माहिती असलेला जगाला:,2.558
7245,Mouse Gesture Action,mr:,Marathi,qwen2.5-coder:7b,माउस गेस्टर अक्षरण,2.325
7246,"Color, fast, CMYK",mr:,Marathi,qwen2.5-coder:7b,"रंग, तेज, CMYK",1.835
7247,Tools Equalizer,mr:,Marathi,qwen2.5-coder:7b,तूल्यकारण,1.487
7248,Reverse,mr:,Marathi,qwen2.5-coder:7b,प्रतिवृत्त करणे,1.852
7249,AudioCd Collection,mr:,Marathi,qwen2.5-coder:7b,आवडीया च्या संग्रहालयातील आवडीया च्या संग्रहालयातील,5.013
7250,Date start,mr:,Marathi,qwen2.5-coder:7b,दिवसाचा शुरुआत,1.806
7251,Script Manager...,mr:,Marathi,qwen2.5-coder:7b,मूळ शिप्रे...,1.584
7252,Uzbekistani Sum,mr:,Marathi,qwen2.5-coder:7b,"उज्जुकीजनीचे योग्य अंग्रेजी शब्द ""Uzbekistani Sum"" हे असे अनुवादित झाले जाते: ""उज्जुकीजनीचे योग्य अंग्रेजी शब्द 'Uzbekistani Sum",10.304
7253,Spray brush,mr:,Marathi,qwen2.5-coder:7b,सॅप्रे ब्रश,1.538
7254,Exponential,mr:,Marathi,qwen2.5-coder:7b,प्रतिसाम्याची,1.798
7255,& Case sensitive,mr:,Marathi,qwen2.5-coder:7b,& संदर्भाची वापरणे,2.215
7256,& Admin users:,mr:,Marathi,qwen2.5-coder:7b,& अधिकारी वापरकर्ता:,2.512
7257,Gantt Chart Settings,mr:,Marathi,qwen2.5-coder:7b,गंटी चार्ट सेटिंग्स,2.411
7258,Message template for reply,mr:,Marathi,qwen2.5-coder:7b,मिळालेल्या संदेशाचे प्रतिस्पर्धा यांचे मानक,4.508
7259,& Large,mr:,Marathi,qwen2.5-coder:7b,& जाली,1.088
7260,MinPlayers,mr:,Marathi,qwen2.5-coder:7b,मिन खेळांकरीयांसाठी नंबर अंदाज करणे,3.736
7261,print X,mr:,Marathi,qwen2.5-coder:7b,प्रिंट एक्स,1.491
7262,Release,mr:,Marathi,qwen2.5-coder:7b,प्रकाशित करणे,1.519
7263,Delete Pixmap,mr:,Marathi,qwen2.5-coder:7b,पिक्मॅप अड्वकारण करणे,2.562
7264,Italics,mr:,Marathi,qwen2.5-coder:7b,आणि,0.815
7265,Icon Size:,mr:,Marathi,qwen2.5-coder:7b,आयोजनाचे आकार:,1.942
7266,Recommended:,mr:,Marathi,qwen2.5-coder:7b,प्रस्तावित:,1.391
7267,Counter proposal: %1,mr:,Marathi,qwen2.5-coder:7b,प्रस्ताव विरामान: %1,2.301
7268,Phone overview,mr:,Marathi,qwen2.5-coder:7b,फोन विस्तार,1.576
7269,Other & Licenses,mr:,Marathi,qwen2.5-coder:7b,अन्य & लाइसेंसे,1.862
7270,pppd is missing,mr:,Marathi,qwen2.5-coder:7b,प्प्प्ड असून आहे,2.237
7271,· (#183;) Middle dot,mr:,Marathi,qwen2.5-coder:7b,· (#183;) मध्ये टॅक्स्ट,2.645
7272,Anonymous,mr:,Marathi,qwen2.5-coder:7b,अनानामी,1.129
7273,Using & kalzium;,mr:,Marathi,qwen2.5-coder:7b,कल्जियम वापरते &,2.34
7274,Image directory,mr:,Marathi,qwen2.5-coder:7b,चित्र दस्तऐवज,1.676
7275,Global language:,mr:,Marathi,qwen2.5-coder:7b,प्रसिद्ध भाषा:,1.807
7276,Expenses,mr:,Marathi,qwen2.5-coder:7b,खर्चे,0.916
7277,central Crimea,mr:,Marathi,qwen2.5-coder:7b,मध्य क्राम्या,1.504
7278,street,mr:,Marathi,qwen2.5-coder:7b,सड्या,0.885
7279,Central Buffer,mr:,Marathi,qwen2.5-coder:7b,मध्यभागीय बफर,1.759
7280,Register balance as of %1,mr:,Marathi,qwen2.5-coder:7b,वैश्विक बॅलेंस रегист्री करा %1,3.457
7281,& Flashcards,mr:,Marathi,qwen2.5-coder:7b,& फ्लॅशकार्ड्स,1.933
7282,Series Number,mr:,Marathi,qwen2.5-coder:7b,श्रों संख्या,1.517
7283,Abbreviations,mr:,Marathi,qwen2.5-coder:7b,अभावीकरणे,1.406
7284,& Design,mr:,Marathi,qwen2.5-coder:7b,& डिजाइन,1.242
7285,Area name:,mr:,Marathi,qwen2.5-coder:7b,जग्गाचे नाव:,1.77
7286,Comments:,mr:,Marathi,qwen2.5-coder:7b,टिप्पणीही:,1.533
7287,Raster Image,mr:,Marathi,qwen2.5-coder:7b,रेस्टर इमेज,1.525
7288,Replace %1 with %2?,mr:,Marathi,qwen2.5-coder:7b,%1 आणि %2 साठी रिप्लेस करा?,2.834
7289,Throw away,mr:,Marathi,qwen2.5-coder:7b,खाली करणा,1.259
7290,Outline tiles,mr:,Marathi,qwen2.5-coder:7b,परिमाण टाइल्स,1.68
7291,Web Development,mr:,Marathi,qwen2.5-coder:7b,वेब विकास,1.335
7292,Color Treatment,mr:,Marathi,qwen2.5-coder:7b,कार्यात्मक व्यवस्था,2.374
7293,Eject medium,mr:,Marathi,qwen2.5-coder:7b,माध्यम निकाला,1.826
7294,& Print,mr:,Marathi,qwen2.5-coder:7b,& प्रिंट,1.034
7295,(usually X),mr:,Marathi,qwen2.5-coder:7b,(माझे असते),1.551
7296,& XML; Validation,mr:,Marathi,qwen2.5-coder:7b,& XML; प्रमाणीकरण,1.76
7297,New To-do,mr:,Marathi,qwen2.5-coder:7b,नवीन टोडो,1.45
7298,Sidebar Media Player,mr:,Marathi,qwen2.5-coder:7b,मीडिया प्लेयर साइडबार,2.422
7299,Destination folder:,mr:,Marathi,qwen2.5-coder:7b,उपलब्ध फोल्डर:,1.99
7300,XML Transformer,mr:,Marathi,qwen2.5-coder:7b,XML ट्रांसफार्मर,1.78
7301,Play:,mr:,Marathi,qwen2.5-coder:7b,प्ले:,1.017
7302,Track Progress,mr:,Marathi,qwen2.5-coder:7b,प्रगती झाला घेणा,1.886
7303,Write CD-TEXT,mr:,Marathi,qwen2.5-coder:7b,खालील लेखा: CD-TEXT,1.864
7304,Local name:,mr:,Marathi,qwen2.5-coder:7b,स्थानीय नाव:,1.67
7305,UserInfo,mr:,Marathi,qwen2.5-coder:7b,उपयोगकर्ता जाहिरात,2.168
7306,Stored Data,mr:,Marathi,qwen2.5-coder:7b,संरक्षित माहिती,1.875
7307,Package Manager,mr:,Marathi,qwen2.5-coder:7b,पॅकेज मॅनेजर,1.782
7308,What are...,mr:,Marathi,qwen2.5-coder:7b,काय आहे...,1.325
7309,Green Curve,mr:,Marathi,qwen2.5-coder:7b,पाश्चिमी वक्र,1.684
7310,StpBrightness,mr:,Marathi,qwen2.5-coder:7b,स्टॅप ब्रिग्थने,2.003
7311,Collection Fields,mr:,Marathi,qwen2.5-coder:7b,संग्रह फील्ड्स,1.805
7312,& End of Line,mr:,Marathi,qwen2.5-coder:7b,& शैली अंतापूर्वी,2.32
7313,unknown,mr:,Marathi,qwen2.5-coder:7b,अजानी आहे,1.377
7314,Personal Organizer,mr:,Marathi,qwen2.5-coder:7b,पर्यंत व्यक्तिगत कार्यक्रमकारी,3.171
7315,& Security:,mr:,Marathi,qwen2.5-coder:7b,& सुरक्षा:,1.329
7316,Trunk road,mr:,Marathi,qwen2.5-coder:7b,मोठ्या रास्ता,1.751
7317,in progress,mr:,Marathi,qwen2.5-coder:7b,प्रक्रिया चल रही हो,2.224
7318,& Script Manager,mr:,Marathi,qwen2.5-coder:7b,& स्क्रिप्ट मॅनेजर,2.13
7319,& Recent Scans,mr:,Marathi,qwen2.5-coder:7b,& अतिशयाचे चालणे,2.176
7320,Printer Name,mr:,Marathi,qwen2.5-coder:7b,प्रिंटर नाव,1.507
7321,Akonadi PIM data engine,mr:,Marathi,qwen2.5-coder:7b,आकोनाडी पीएमआय डेटा इंजीन,3.033
7322,Strike out,mr:,Marathi,qwen2.5-coder:7b,मार्गदर्शन करण्यात आणि अनुक्रमाने अंतर्गत अंतर्गत अंतर्गत अंतर्गत अंतर्गत अंतर्गत अंतर्गत अंतर्गत अंतर,10.295
7323,thistle,mr:,Marathi,qwen2.5-coder:7b,थिस्ले,1.067
7324,How to obtain & kommander;,mr:,Marathi,qwen2.5-coder:7b,कैसे &कम्मॅंडर जाणून पाठवा जाते;,4.072
7325,Name resolve order:,mr:,Marathi,qwen2.5-coder:7b,नाव आणि विशेषता घेणे क्रम:,2.973
7326,& Operating systems,mr:,Marathi,qwen2.5-coder:7b,& ऑपरेटिंग सिस्टम्स,2.367
7327,Selection mask:,mr:,Marathi,qwen2.5-coder:7b,परिस्कार कार्यक्रम:,2.222
7328,actions,mr:,Marathi,qwen2.5-coder:7b,कार्यांचे विस्तार,2.083
7329,Size.,mr:,Marathi,qwen2.5-coder:7b,आकार.,0.916
7330,Image Description:,mr:,Marathi,qwen2.5-coder:7b,प्रतीकाचे वर्णन:,1.999
7331,Server administrator:,mr:,Marathi,qwen2.5-coder:7b,सर्वर अधिकारी:,1.874
7332,Ingredient 1,mr:,Marathi,qwen2.5-coder:7b,सामान 1,1.191
7333,Object Library,mr:,Marathi,qwen2.5-coder:7b,प्रत्यक्ष लाईब्रेरी,2.17
7334,Project Location,mr:,Marathi,qwen2.5-coder:7b,परियायाचे स्थान,1.88
7335,Usenet News Reader,mr:,Marathi,qwen2.5-coder:7b,युजेनेट न्यूज वापरकर्ता,2.837
7336,(no value),mr:,Marathi,qwen2.5-coder:7b,(कोणतील मान्यता),1.926
7337,not opened: %1 (%2),mr:,Marathi,qwen2.5-coder:7b,निर्धारित नावाचे फाइल असे खोला नाही: %1 (%2),4.809
7338,Checking tun device support,mr:,Marathi,qwen2.5-coder:7b,तुन डिवाइस समर्थन जाणते आहे,3.031
7339,From cursor,mr:,Marathi,qwen2.5-coder:7b,सर्वात आधिकारिक वेळात,2.788
7340,Notices,mr:,Marathi,qwen2.5-coder:7b,अधिकारी,1.147
7341,Using Watches,mr:,Marathi,qwen2.5-coder:7b,वाट्स वापरते,1.874
7342,Authentication domain,mr:,Marathi,qwen2.5-coder:7b,अनुमती विशेषाधारणा,2.336
7343,Structure Tree,mr:,Marathi,qwen2.5-coder:7b,संरचना पेडी,1.492
7344,& Transfer,mr:,Marathi,qwen2.5-coder:7b,&पाठवणा,1.127
7345,DatabaseList,mr:,Marathi,qwen2.5-coder:7b,डेटाबेस लिस्ट,1.932
7346,& Themes,mr:,Marathi,qwen2.5-coder:7b,& थिम्स,1.191
7347,& Profile name:,mr:,Marathi,qwen2.5-coder:7b,&प्रोफाइल नाव:,1.696
7348,Animations,mr:,Marathi,qwen2.5-coder:7b,अनिमेशने,1.236
7349,Configuration description files,mr:,Marathi,qwen2.5-coder:7b,परिस्थिती विवरण फाइले,2.868
7350,[%1] has been deleted,mr:,Marathi,qwen2.5-coder:7b,[%1] असे अडवली झाली,2.297
7351,Does Contain,mr:,Marathi,qwen2.5-coder:7b,पाहिजे असे असते,1.99
7352,certificate password,mr:,Marathi,qwen2.5-coder:7b,पासवर्ड याचे प्रमाणपत्र,2.51
7353,& Year:,mr:,Marathi,qwen2.5-coder:7b,& वर्ष:,1.152
7354,Contrast Slider,mr:,Marathi,qwen2.5-coder:7b,संास्थापन डाल्टर,2.339
7355,Add Entry,mr:,Marathi,qwen2.5-coder:7b,प्रविष्टी जोड्या,1.994
7356,Two Staples,mr:,Marathi,qwen2.5-coder:7b,दोन शिप्पणे,1.542
7357,The vocabulary file,mr:,Marathi,qwen2.5-coder:7b,वाक्यांकडी,1.509
7358,High Contrast,mr:,Marathi,qwen2.5-coder:7b,उच्च विस्तार,1.608
7359,Server user,mr:,Marathi,qwen2.5-coder:7b,सर्वर योजक्षा,1.713
7360,72 MB or more,mr:,Marathi,qwen2.5-coder:7b,72 MB या अधिक,1.591
7361,Desktop Configuration Editor,mr:,Marathi,qwen2.5-coder:7b,पत्ता व्यवस्था संपादक,2.504
7362,Subtitle Settings,mr:,Marathi,qwen2.5-coder:7b,परिचालने वापरलेले शीर्षक,2.847
7363,Target Indicator,mr:,Marathi,qwen2.5-coder:7b,प्रत्येक उद्धरणाचा उद्धरण,3.099
7364,Dice Game,mr:,Marathi,qwen2.5-coder:7b,डिसी गेम,1.279
7365,1 Suit (Easy),mr:,Marathi,qwen2.5-coder:7b,1 सूट (साधारण),1.836
7366,The Tools Menu,mr:,Marathi,qwen2.5-coder:7b,तूल्यांचा डिजिटल मेनू,2.767
7367,Number,mr:,Marathi,qwen2.5-coder:7b,संख्या,1.001
7368,Task Description,mr:,Marathi,qwen2.5-coder:7b,कार्याची विवरण,1.987
7369,Printing system,mr:,Marathi,qwen2.5-coder:7b,प्रिंटिंग सिस्टम,1.908
7370,& Help,mr:,Marathi,qwen2.5-coder:7b,&मदत,0.856
7371,News Management Mode,mr:,Marathi,qwen2.5-coder:7b,नावी मॅनेमेंट मोड,2.169
7372,Path List,mr:,Marathi,qwen2.5-coder:7b,पाथ सूची,1.239
7373,chart,mr:,Marathi,qwen2.5-coder:7b,चार्ट,0.879
7374,Predictor:,mr:,Marathi,qwen2.5-coder:7b,प्रश्नाकार:,1.4
7375,samplerate,mr:,Marathi,qwen2.5-coder:7b,सूचना दिलेली नाही.,2.443
7376,Exception Dates,mr:,Marathi,qwen2.5-coder:7b,अपघात तारीखे,1.699
7377,compare,mr:,Marathi,qwen2.5-coder:7b,परितर्क करा,1.566
7378,vpnclient: %1,mr:,Marathi,qwen2.5-coder:7b,vpnclient: %1,1.026
7379,Grey,mr:,Marathi,qwen2.5-coder:7b,गेल्या,0.998
7380,Vocabulary Editor,mr:,Marathi,qwen2.5-coder:7b,वाक्यांकडी संपादक,2.091
7381,Actions:,mr:,Marathi,qwen2.5-coder:7b,कार्यांचे विस्तार:,2.343
7382,Brightness value:,mr:,Marathi,qwen2.5-coder:7b,स्वास्थ्यको मान्यता:,2.466
7383,Print Assistant,mr:,Marathi,qwen2.5-coder:7b,प्रिंट असिस्टेंट,1.997
7384,Summatory,mr:,Marathi,qwen2.5-coder:7b,संदर्भण,1.18
7385,Modified,mr:,Marathi,qwen2.5-coder:7b,मध्यम केले गेले,1.772
7386,Partial,mr:,Marathi,qwen2.5-coder:7b,प्रतिशेषित,1.336
7387,Movie Properties,mr:,Marathi,qwen2.5-coder:7b,म्हणून चिन्हांचे विशेषतांचे वर्णन,3.879
7388,Stock Chart,mr:,Marathi,qwen2.5-coder:7b,स्टॉक चार्ट,1.7
7389,Core developer,mr:,Marathi,qwen2.5-coder:7b,मुख्य विकासकार,1.854
7390,Editing Area,mr:,Marathi,qwen2.5-coder:7b,संपादन क्षेत्र,1.936
7391,Tabbing,mr:,Marathi,qwen2.5-coder:7b,टाबिंग,1.011
7392,Difficulty level,mr:,Marathi,qwen2.5-coder:7b,त्रुटीचे स्तर,1.484
7393,Maximum size:,mr:,Marathi,qwen2.5-coder:7b,मजकूल आकार:,1.623
7394,Grown-up Timer,mr:,Marathi,qwen2.5-coder:7b,पुढील टाइमर,1.597
7395,Key Selection,mr:,Marathi,qwen2.5-coder:7b,कुंजी चुनाव,1.53
7396,Lead 5 - Charang,mr:,Marathi,qwen2.5-coder:7b,प्रमुख ५ - चारंग,2.156
7397,QIF Files,mr:,Marathi,qwen2.5-coder:7b,QIF फाइले,1.295
7398,Words,mr:,Marathi,qwen2.5-coder:7b,शब्दे,0.912
7399,Still Image Compression,mr:,Marathi,qwen2.5-coder:7b,स्थिर चित्र संक्रमण,2.146
7400,File type,mr:,Marathi,qwen2.5-coder:7b,फाइल वर्ग,1.321
7401,Use a timer or not,mr:,Marathi,qwen2.5-coder:7b,टाइमर वापरा नाही,2.298
7402,Remove stop,mr:,Marathi,qwen2.5-coder:7b,हटायचे,1.211
7403,LightGreen,mr:,Marathi,qwen2.5-coder:7b,प्रसिद्ध रंग,1.487
7404,Sensitivity (ISO):,mr:,Marathi,qwen2.5-coder:7b,संवेदनशीलता (ISO):,2.083
7405,Suspend to & Disk,mr:,Marathi,qwen2.5-coder:7b,सुप्सेंड डिस्क वर्गीकरणारे,3.344
7406,Sweden,mr:,Marathi,qwen2.5-coder:7b,स्वीडन,1.055
7407,Top & Y:,mr:,Marathi,qwen2.5-coder:7b,पहिला & या:,1.649
7408,Spanish (Peru),mr:,Marathi,qwen2.5-coder:7b,स्पेनिश (पेरु),1.848
7409,Altitude at transit:,mr:,Marathi,qwen2.5-coder:7b,अन्वेषणाच्या उंचाई:,2.377
7410,Copy skeleton,mr:,Marathi,qwen2.5-coder:7b,खालीलपासून कॉपी करा,2.371
7411,Function & 3:,mr:,Marathi,qwen2.5-coder:7b,Function & 3:,1.173
7412,My Books,mr:,Marathi,qwen2.5-coder:7b,माझे किताबे,1.48
7413,Signing Options,mr:,Marathi,qwen2.5-coder:7b,साठन्य विकल्पे,2.106
7414,& Single Human,mr:,Marathi,qwen2.5-coder:7b,& एक व्यक्ती,1.704
7415,blue (bold),mr:,Marathi,qwen2.5-coder:7b,बूँल (पिड्यु),1.864
7416,File management,mr:,Marathi,qwen2.5-coder:7b,फाइल प्रबंधन,1.378
7417,Make Project Builder,mr:,Marathi,qwen2.5-coder:7b,परियोजना बिंडर बनाणा,2.41
7418,New Album,mr:,Marathi,qwen2.5-coder:7b,नवीन अल्बम,1.416
7419,Cocos Islands,mr:,Marathi,qwen2.5-coder:7b,कोकोस द्वारा आहे,2.028
7420,Edit Account,mr:,Marathi,qwen2.5-coder:7b,खाता संपादित करा,1.896
7421,Update,mr:,Marathi,qwen2.5-coder:7b,अद्ययात अद्ययात,1.938
7422,Delegate:,mr:,Marathi,qwen2.5-coder:7b,मंत्री:,1.155
7423,Using & konversation;,mr:,Marathi,qwen2.5-coder:7b,खालील वापरा & कन्वर्शन;,2.755
7424,Bookmark update [%1],mr:,Marathi,qwen2.5-coder:7b,पुकारण अद्ययान [%1],2.367
7425,tape management,mr:,Marathi,qwen2.5-coder:7b,माथ्याचा प्रबंधन,1.87
7426,Find Prev,mr:,Marathi,qwen2.5-coder:7b,पिछी खोजा,1.347
7427,& Completed,mr:,Marathi,qwen2.5-coder:7b,& पूर्ण झाले,1.6
7428,New Tab,mr:,Marathi,qwen2.5-coder:7b,नवीन टॅब,1.324
7429,Great Britain pound,mr:,Marathi,qwen2.5-coder:7b,ब्रिटिश पॅंड च्या अंतर्गत,2.789
7430,& Fit to Height,mr:,Marathi,qwen2.5-coder:7b,& आरक्षेदारीमधून आकार राखा,3.161
7431,Prague,mr:,Marathi,qwen2.5-coder:7b,प्रगुड़े,1.29
7432,user,mr:,Marathi,qwen2.5-coder:7b,योजक,0.828
7433,& Server supports Sieve,mr:,Marathi,qwen2.5-coder:7b,& सर्वर सिव्हे समर्थन करते,2.873
7434,USB Soundcard,mr:,Marathi,qwen2.5-coder:7b,USB शैलीचा धावणीय डिवाइस,2.887
7435,Enable alarm,mr:,Marathi,qwen2.5-coder:7b,आलामचे अक्षात करणे,2.186
7436,Kanjidic dictionary files,mr:,Marathi,qwen2.5-coder:7b,कंजीदिस शब्दकोश फाइले,2.714
7437,Blackbody Radiation,mr:,Marathi,qwen2.5-coder:7b,काल्पनिक रिडिशन,2.034
7438,Ctrl; R Hole Reset,mr:,Marathi,qwen2.5-coder:7b,कंट्रोल; र होल रीसेट,2.331
7439,Driver Settings,mr:,Marathi,qwen2.5-coder:7b,द्राइवर सेटिंग्स,1.895
7440,BibTeX Files,mr:,Marathi,qwen2.5-coder:7b,बिबीटीएक्स फाइल्स,2.152
7441,Documentation:,mr:,Marathi,qwen2.5-coder:7b,दस्तऐवज्ञान:,1.718
7442,& Group:,mr:,Marathi,qwen2.5-coder:7b,& ग्रुप:,1.134
7443,Headline,mr:,Marathi,qwen2.5-coder:7b,शीर्षक,1.085
7444,Database file:,mr:,Marathi,qwen2.5-coder:7b,डेटाबेस फाइल:,1.772
7445,ImagePlugin_Unsharp,mr:,Marathi,qwen2.5-coder:7b,प्रतिबिंब अनश्पर्श,2.451
7446,Editor Toolbar,mr:,Marathi,qwen2.5-coder:7b,संपादक टूलबार,2.111
7447,Delete Items,mr:,Marathi,qwen2.5-coder:7b,आयामांना डिलीट करणा,2.287
7448,%n: program name,mr:,Marathi,qwen2.5-coder:7b,%n: प्रोग्रामचे नाव,2.081
7449,Cube size,mr:,Marathi,qwen2.5-coder:7b,क्यूब आकार,1.563
7450,Do something,mr:,Marathi,qwen2.5-coder:7b,कुठून काही करा,1.749
7451,DivineProportion editing tool,mr:,Marathi,qwen2.5-coder:7b,देवी अनुपात संपादन टूल,2.969
7452,Constellations,mr:,Marathi,qwen2.5-coder:7b,स्थानांतरणे,1.614
7453,Text Label,mr:,Marathi,qwen2.5-coder:7b,पाठकाला,1.171
7454,CMake Project Builder,mr:,Marathi,qwen2.5-coder:7b,स्वागत गर्याया आहे.,2.466
7455,Remove Box,mr:,Marathi,qwen2.5-coder:7b,बॉक्स ठेवा,1.786
7456,My Computer,mr:,Marathi,qwen2.5-coder:7b,माझे कंप्यूटर,1.766
7457,Copy Input,mr:,Marathi,qwen2.5-coder:7b,प्रवेश कपासा करणा,1.89
7458,Zoom out,mr:,Marathi,qwen2.5-coder:7b,जावणा,0.966
7459,18th Last,mr:,Marathi,qwen2.5-coder:7b,18व्या पुढील,1.617
7460,Winner,mr:,Marathi,qwen2.5-coder:7b,प्रतिज्ञा,1.201
7461,Rotate hue,mr:,Marathi,qwen2.5-coder:7b,रांग घेतणा,1.514
7462,File type:,mr:,Marathi,qwen2.5-coder:7b,फाइल प्रकार:,1.475
7463,Flowcharting Collections,mr:,Marathi,qwen2.5-coder:7b,प्रसारण ग्राफिक्स,2.174
7464,unmount,mr:,Marathi,qwen2.5-coder:7b,उनमांडला,1.46
7465,Attribute value is,mr:,Marathi,qwen2.5-coder:7b,वैशिष्ट्य मान होते,2.12
7466,Czech,mr:,Marathi,qwen2.5-coder:7b,चेकीय,0.945
7467,Matrix size:,mr:,Marathi,qwen2.5-coder:7b,मॅट्रिक्स आकार:,1.997
7468,Bank transfer,mr:,Marathi,qwen2.5-coder:7b,बँक ट्रांसफर,1.613
7469,Monitor Simulation (RGB),mr:,Marathi,qwen2.5-coder:7b,मॉनीटर सिमुलेशन (RGB),2.314
7470,Constellation & names,mr:,Marathi,qwen2.5-coder:7b,स्थानांतरण आणि नावे,2.476
7471,Budget Overruns,mr:,Marathi,qwen2.5-coder:7b,बजुड्ट अत्याचार,1.997
7472,Folder location:,mr:,Marathi,qwen2.5-coder:7b,फोल्डर लोकेशन:,1.79
7473,Preferred EMail,mr:,Marathi,qwen2.5-coder:7b,पसंत इमेल,1.388
7474,July,mr:,Marathi,qwen2.5-coder:7b,जुलै,0.911
7475,Price Quotation,mr:,Marathi,qwen2.5-coder:7b,प्रकल्पना करण्याचे मूल्य,2.585
7476,music,mr:,Marathi,qwen2.5-coder:7b,म्हूळ शब्द: म्हूळ शब्द: म्हूळ शब्द: म्हूळ शब्द: म्हूळ शब्द: म्हूळ शब्द: म्हूळ शब्द: म्हूळ श,10.346
7477,Nicaraguan Cordoba Oro,mr:,Marathi,qwen2.5-coder:7b,निकारागुआचे कोर्डोबा ओरो,2.999
7478,Card Games,mr:,Marathi,qwen2.5-coder:7b,कार्ड खेळे,1.498
7479,& Stiffness:,mr:,Marathi,qwen2.5-coder:7b,& वापरणाची शक्ती:,2.201
7480,Server signing:,mr:,Marathi,qwen2.5-coder:7b,सर्वर असलेले:,1.853
7481,Moscow+07 - Sakhalin Island,mr:,Marathi,qwen2.5-coder:7b,मोस्कोव+07 - सखलिन द्वीप,3.032
7482,Radio List dialog,mr:,Marathi,qwen2.5-coder:7b,रेडियो लिस्ट डिलगाड,2.674
7483,Highlights:,mr:,Marathi,qwen2.5-coder:7b,उल्लेख्य बाजार:,1.925
7484,TOC file:,mr:,Marathi,qwen2.5-coder:7b,TOC फाइल:,1.417
7485,Index generation,mr:,Marathi,qwen2.5-coder:7b,सूची गर्नुहोस्,2.159
7486,Min food,mr:,Marathi,qwen2.5-coder:7b,माझी खालीला आहे,2.018
7487,1 (highest),mr:,Marathi,qwen2.5-coder:7b,1 (सर्वात उच्च),1.949
7488,KPPP Configuration,mr:,Marathi,qwen2.5-coder:7b,कप्पीपीपी कॉन्फिगरेशन,2.633
7489,NTLM authentication,mr:,Marathi,qwen2.5-coder:7b,NTLM अनुमती व्यवहारण,2.329
7490,Upcoming tracks,mr:,Marathi,qwen2.5-coder:7b,पर्यायी ट्रॅक्स,1.971
7491,No such Account: %1,mr:,Marathi,qwen2.5-coder:7b,काही असावी खाता: %1,2.483
7492,Moves Penalty,mr:,Marathi,qwen2.5-coder:7b,मोव्स पेनली,1.459
7493,Line Islands,mr:,Marathi,qwen2.5-coder:7b,लाइन आणि इस्लांड्स,2.278
7494,Timeline View,mr:,Marathi,qwen2.5-coder:7b,तारीखाचा दृश्य,1.909
7495,Shape Animation,mr:,Marathi,qwen2.5-coder:7b,आकार अनिमेशन,1.655
7496,Company:,mr:,Marathi,qwen2.5-coder:7b,कंपनी:,1.154
7497,EML Files,mr:,Marathi,qwen2.5-coder:7b,ईमेल फाइल्स,1.644
7498,Program Trace,mr:,Marathi,qwen2.5-coder:7b,प्रोग्राम ट्रेस,1.636
7499,Classic Rock,mr:,Marathi,qwen2.5-coder:7b,क्लासिक रॉक,1.594
7500,Download Info,mr:,Marathi,qwen2.5-coder:7b,डाउनलोड जाहीरात,1.877
7501,Skip,mr:,Marathi,qwen2.5-coder:7b,पुनरावर्तन करण्यात राहण्यात आला,3.471
7502,rectPressureVariance,mr:,Marathi,qwen2.5-coder:7b,वेक्टर विविधता,1.866
7503,bytes out,mr:,Marathi,qwen2.5-coder:7b,बायट्स आउट,1.395
7504,Home location:,mr:,Marathi,qwen2.5-coder:7b,होम लोकेशन:,1.5
7505,Spanish (es),mr:,Marathi,qwen2.5-coder:7b,स्पेनिश (es),1.501
7506,Sheet properties,mr:,Marathi,qwen2.5-coder:7b,पत्रकारीचे प्रॉप्स,2.071
7507,A formula,mr:,Marathi,qwen2.5-coder:7b,एक फॉर्मूला,1.791
7508,How to obtain & xsldbg;,mr:,Marathi,qwen2.5-coder:7b,सामान्य विधीने & xsldbg; प्राप्त करणे,3.749
7509,& Delete Entry,mr:,Marathi,qwen2.5-coder:7b,& इंपासावली अड्वकारण करणा,2.936
7510,Time Zone...,mr:,Marathi,qwen2.5-coder:7b,समय जांचा...,1.485
7511,Short name:,mr:,Marathi,qwen2.5-coder:7b,कात्रीनाचे नाव:,1.962
7512,Theme Files,mr:,Marathi,qwen2.5-coder:7b,थेम फाइल्स,1.549
7513,Format options:,mr:,Marathi,qwen2.5-coder:7b,प्राथमिक विकल्पे:,2.126
7514,children,mr:,Marathi,qwen2.5-coder:7b,"पुढील शब्दांची अनुवाद दिलेले आहेत:

""पुढील शब्दांची अनुवाद दिलेले आहेत:",7.479
7515,FIBS Home,mr:,Marathi,qwen2.5-coder:7b,फिब्स होम,1.382
7516,& kde; The Application Development Framework,mr:,Marathi,qwen2.5-coder:7b,& kde; अनुप्रयोग विकास फ्रेमवर्क,3.407
7517,Unmount,mr:,Marathi,qwen2.5-coder:7b,उनमोजित करा,1.676
7518,Compositing has been suspended,mr:,Marathi,qwen2.5-coder:7b,मिश्रण घोषणा केली गेली,2.723
7519,MetaBall Radius,mr:,Marathi,qwen2.5-coder:7b,म्याटा बाल त्रिज्या,2.237
7520,Top Accounts,mr:,Marathi,qwen2.5-coder:7b,पहिल्या खातांचे योजना,2.436
7521,Add Podcast,mr:,Marathi,qwen2.5-coder:7b,पोडकास जोडणे,1.578
7522,Can't open the %1 directory!,mr:,Marathi,qwen2.5-coder:7b,%1 दिशा खोलू शकत नाही!,2.813
7523,of July,mr:,Marathi,qwen2.5-coder:7b,जुलैचे,1.172
7524,Charcell,mr:,Marathi,qwen2.5-coder:7b,चर्चेल,1.037
7525,Deep-sea green,mr:,Marathi,qwen2.5-coder:7b,दृढ़ गहरा शहरी रंग,2.501
7526,John Doe,mr:,Marathi,qwen2.5-coder:7b,जन दोया,1.163
7527,False:,mr:,Marathi,qwen2.5-coder:7b,काही असला नाही:,2.01
7528,Project name,mr:,Marathi,qwen2.5-coder:7b,परियायाचे नाव,1.795
7529,Font size:,mr:,Marathi,qwen2.5-coder:7b,फॅन्ट आकार:,1.674
7530,Developer (2004-2005),mr:,Marathi,qwen2.5-coder:7b,डेवलपर (2004-2005),2.646
7531,Object group,mr:,Marathi,qwen2.5-coder:7b,ग्रुप आयोजन,1.488
7532,Holiday,mr:,Marathi,qwen2.5-coder:7b,योग्यता,1.138
7533,Program Name,mr:,Marathi,qwen2.5-coder:7b,प्रोग्रामचे नाव,1.804
7534,& Playerlist,mr:,Marathi,qwen2.5-coder:7b,& खेळाडी यादी,1.826
7535,Main Functions,mr:,Marathi,qwen2.5-coder:7b,मुख्य कार्यांसाठी,2.099
7536,Dual Channel,mr:,Marathi,qwen2.5-coder:7b,दुवळ्या चौंकीया,2.224
7537,Output file,mr:,Marathi,qwen2.5-coder:7b,फाइल आउटपुट,1.574
7538,General URL:,mr:,Marathi,qwen2.5-coder:7b,सामान्य URL:,1.489
7539,Generate,mr:,Marathi,qwen2.5-coder:7b,जन्यात घेणा,1.554
7540,Server channel:,mr:,Marathi,qwen2.5-coder:7b,सर्वर चौण्ड:,1.863
7541,Games:,mr:,Marathi,qwen2.5-coder:7b,खेळे:,0.928
7542,auto-detected,mr:,Marathi,qwen2.5-coder:7b,प्रस्तुत झाले,1.746
7543,Action Buttons,mr:,Marathi,qwen2.5-coder:7b,कार्य बटन्स,1.501
7544,since %1,mr:,Marathi,qwen2.5-coder:7b,साठी %1,1.245
7545,Game Over,mr:,Marathi,qwen2.5-coder:7b,खेळ झाला,1.267
7546,of June,mr:,Marathi,qwen2.5-coder:7b,जुनूनाच्या मध्ये,2.082
7547,Mode selection,mr:,Marathi,qwen2.5-coder:7b,मोड चुनाव,1.424
7548,& Source:,mr:,Marathi,qwen2.5-coder:7b,& स्रोत:,1.055
7549,Dialog title,mr:,Marathi,qwen2.5-coder:7b,डिलॅग शीर्षक,1.853
7550,Failed,mr:,Marathi,qwen2.5-coder:7b,फेल्या,0.995
7551,SlateBlue1,mr:,Marathi,qwen2.5-coder:7b,स्लेटब्लू1,1.582
7552,Adaptive:,mr:,Marathi,qwen2.5-coder:7b,अनुप्रयोगी:,1.494
7553,From,mr:,Marathi,qwen2.5-coder:7b,म्हणजे,1.037
7554,%1 likes:,mr:,Marathi,qwen2.5-coder:7b,%1 लागून आहे:,1.826
7555,Write Speeds,mr:,Marathi,qwen2.5-coder:7b,वापरकर्षण गती,1.844
7556,Maximize,mr:,Marathi,qwen2.5-coder:7b,मजकूर करणा,1.464
7557,Using IMS German Festival,mr:,Marathi,qwen2.5-coder:7b,IMS जर्मन फेस्टिवल वापरते,2.932
7558,& French,mr:,Marathi,qwen2.5-coder:7b,& फ्रांसीसी,1.474
7559,By & position,mr:,Marathi,qwen2.5-coder:7b,पर्यायांना आणि स्थानांना,2.911
7560,%1 timestamp,mr:,Marathi,qwen2.5-coder:7b,%1 टाइमस्टाइम,1.802
7561,Animation Tool,mr:,Marathi,qwen2.5-coder:7b,अनिमेशन टूल,1.717
7562,File Options,mr:,Marathi,qwen2.5-coder:7b,फाईल विकल्पे,1.654
7563,Spoooooky,mr:,Marathi,qwen2.5-coder:7b,स्पूकीय,1.265
7564,Venezuelan Bolivar,mr:,Marathi,qwen2.5-coder:7b,वेनेजुएलन बोलिवार,2.35
7565,Turn off computer,mr:,Marathi,qwen2.5-coder:7b,कंप्यूटर अक्षम करण्यात आहे,3.119
7566,< unknown >,mr:,Marathi,qwen2.5-coder:7b,अजानेला,1.177
7567,Control Pictures,mr:,Marathi,qwen2.5-coder:7b,प्रतिबिंब नियंत्रण,2.02
7568,BBC Weather from UK MET Office,mr:,Marathi,qwen2.5-coder:7b,मूळ या वेटर अपडेट या यांचा अनुवाद आणि अनुवादाचे अनुसार आणि अनुवादाचे अनुसार आणि अनुवादाचे अनुसार,10.534
7569,Party On!,mr:,Marathi,qwen2.5-coder:7b,पार्टी आला!,1.584
7570,& Bar graph,mr:,Marathi,qwen2.5-coder:7b,& बार ग्राफ,1.552
7571,Plot average:,mr:,Marathi,qwen2.5-coder:7b,प्लॉट अनुमान:,2.023
7572,Allow 8-bit,mr:,Marathi,qwen2.5-coder:7b,8-बिट अनुमत आहे,2.275
7573,Cue file:,mr:,Marathi,qwen2.5-coder:7b,कू फाइल:,1.379
7574,Preview size,mr:,Marathi,qwen2.5-coder:7b,पूर्वीकृत आकार,2.02
7575,Condition: %1,mr:,Marathi,qwen2.5-coder:7b,स्थिती: %1,1.458
7576,Old backend,mr:,Marathi,qwen2.5-coder:7b,पुढील बॅक्एंड,1.79
7577,& Profile acls,mr:,Marathi,qwen2.5-coder:7b,& प्रोफाइल अस्वीकार्ये,2.547
7578,& Open with '%1 ',mr:,Marathi,qwen2.5-coder:7b,"& खोला ""%1",1.482
7579,DSL network interfaces,mr:,Marathi,qwen2.5-coder:7b,DSL नेटवर्क इंटरफ़ेस्यांं,2.934
7580,Slide,mr:,Marathi,qwen2.5-coder:7b,स्लाइड,1.05
7581,Paper color:,mr:,Marathi,qwen2.5-coder:7b,पेपर कार्यालय:,1.819
7582,Custom Type,mr:,Marathi,qwen2.5-coder:7b,स्वचाता प्रकार,1.692
7583,& Remove Display,mr:,Marathi,qwen2.5-coder:7b,& दृश्याचा हटणे,2.02
7584,(Unknown Protocol),mr:,Marathi,qwen2.5-coder:7b,(अजानला प्रोटोकॉल),2.123
7585,Search Action,mr:,Marathi,qwen2.5-coder:7b,खोज करणे,1.208
7586,Vertical RGB,mr:,Marathi,qwen2.5-coder:7b,वॉर्टिकल एन्ड रिंग ब्लू,2.992
7587,Saved OK,mr:,Marathi,qwen2.5-coder:7b,सहकारी झाली,1.573
7588,Change Tags,mr:,Marathi,qwen2.5-coder:7b,चिन्हांपासून बदला,2.323
7589,Intersect,mr:,Marathi,qwen2.5-coder:7b,सामाज,1.154
7590,KDE Screen Locker,mr:,Marathi,qwen2.5-coder:7b,कडे स्क्रीन लॉकर,1.935
7591,& New Project,mr:,Marathi,qwen2.5-coder:7b,& नवीन परियोजना,1.889
7592,Line %1:,mr:,Marathi,qwen2.5-coder:7b,रेशी %1:,1.269
7593,GSM Speech,mr:,Marathi,qwen2.5-coder:7b,गएम शप्स,1.3
7594,Jump %1 times to 0x%2,mr:,Marathi,qwen2.5-coder:7b,जावा %1 गुना 0x%2 पर्यंत,3.014
7595,Measure,mr:,Marathi,qwen2.5-coder:7b,मापणे,0.871
7596,Bandwidth:,mr:,Marathi,qwen2.5-coder:7b,बांधवती:,1.215
7597,Personal Cron,mr:,Marathi,qwen2.5-coder:7b,प्रयोगकारी क्रोन,1.786
7598,Relaxed aps,mr:,Marathi,qwen2.5-coder:7b,आणखी अप्स,1.486
7599,ivory,mr:,Marathi,qwen2.5-coder:7b,यादीचे नाव,1.488
7600,I & Know,mr:,Marathi,qwen2.5-coder:7b,आणि जानते,1.432
7601,Wednesday,mr:,Marathi,qwen2.5-coder:7b,आहीं,0.843
7602,My Turn,mr:,Marathi,qwen2.5-coder:7b,माझ्या चाला,1.563
7603,help center,mr:,Marathi,qwen2.5-coder:7b,मदत केंद्र,1.288
7604,Pixmap Cache,mr:,Marathi,qwen2.5-coder:7b,पिक्मॅक्स कॅश,1.883
7605,Function & 2:,mr:,Marathi,qwen2.5-coder:7b,Function & 2:,1.135
7606,VNC failure,mr:,Marathi,qwen2.5-coder:7b,वनस्पती असर झाली,2.025
7607,To-do List,mr:,Marathi,qwen2.5-coder:7b,कार्यक्रम,1.522
7608,UNIX2DATE(unixtime),mr:,Marathi,qwen2.5-coder:7b,UNIX2DATE(unixtime),1.391
7609,Effect Region,mr:,Marathi,qwen2.5-coder:7b,प्रभावी जगभाग,1.93
7610,The [General] section of & kdmrc;,mr:,Marathi,qwen2.5-coder:7b,सामान्य [General] अंश & kdmrc;,2.78
7611,Merge Tracks,mr:,Marathi,qwen2.5-coder:7b,ट्रॅक्स जोड्या,1.785
7612,Unicode Char in Oct.,mr:,Marathi,qwen2.5-coder:7b,युनिकोड चार असे आहे.,2.535
7613,Image Saving,mr:,Marathi,qwen2.5-coder:7b,चित्र संरक्षित करणे,2.101
7614,Canvas Size,mr:,Marathi,qwen2.5-coder:7b,कावनस आकार,1.49
7615,non-free,mr:,Marathi,qwen2.5-coder:7b,निरान्तर्यातील,1.906
7616,Blame...,mr:,Marathi,qwen2.5-coder:7b,बांधा...,1.119
7617,Cannot open %1!,mr:,Marathi,qwen2.5-coder:7b,%1 खोलू शकत नाही!,2.369
7618,Deleting,mr:,Marathi,qwen2.5-coder:7b,मिळवण्यात आहे,1.791
7619,& File View,mr:,Marathi,qwen2.5-coder:7b,& फाइल व्यवहार,1.844
7620,& Search in,mr:,Marathi,qwen2.5-coder:7b,& शोधाला,1.221
7621,Select all updates,mr:,Marathi,qwen2.5-coder:7b,सर्व अपडेट चुना,1.954
7622,Keybindings,mr:,Marathi,qwen2.5-coder:7b,कुंजी बंधने,1.567
7623,KPlato project management work package,mr:,Marathi,qwen2.5-coder:7b,प्लेटो व्यवस्था प्रशिक्षण कार्यक्रम,3.741
7624,16-bit Words,mr:,Marathi,qwen2.5-coder:7b,16-बिट शब्दांचे,2.08
7625,Session management,mr:,Marathi,qwen2.5-coder:7b,सत्र प्रबंधन,1.348
7626,Show documentation for,mr:,Marathi,qwen2.5-coder:7b,दस्तऐवज्जनाची दाखवा,2.556
7627,Commands for editing,mr:,Marathi,qwen2.5-coder:7b,मूळने संपादन करण्यासाठी आणि अनुवाद करण्यासाठी उपलब्ध कमांड,6.422
7628,& End date:,mr:,Marathi,qwen2.5-coder:7b,& अंतिम तारीख:,1.952
7629,Key Conflict,mr:,Marathi,qwen2.5-coder:7b,कुंजी संतुलन असला आहे,2.575
7630,Events:,mr:,Marathi,qwen2.5-coder:7b,परिचालने:,1.391
7631,Never Default Route,mr:,Marathi,qwen2.5-coder:7b,नाहीले डिफॉल्ट रूट,2.431
7632,Recording,mr:,Marathi,qwen2.5-coder:7b,मार्गणीय करण्यात आहे,2.241
7633,Lines of Context,mr:,Marathi,qwen2.5-coder:7b,कार्यात्मक वाक्यांचे प्रसार,3.057
7634,DeepSkyBlue,mr:,Marathi,qwen2.5-coder:7b,दिव्याश्वेत,1.535
7635,MPPE support is missing,mr:,Marathi,qwen2.5-coder:7b,म्हणजे या विशेषतेचे समर्थन असला नाही.,3.992
7636,Edit Name,mr:,Marathi,qwen2.5-coder:7b,नाव संपादित करा,1.771
7637,Asia/ Tehran,mr:,Marathi,qwen2.5-coder:7b,आशिया/तरहीन,1.605
7638,Keyboard title:,mr:,Marathi,qwen2.5-coder:7b,कुंजीपटकाचे शीर्षक:,2.502
7639,& Moving,mr:,Marathi,qwen2.5-coder:7b,& आहे,0.942
7640,manager,mr:,Marathi,qwen2.5-coder:7b,मॅनेजर,1.133
7641,Up: %1 KB/ s,mr:,Marathi,qwen2.5-coder:7b,उप: %1 किलोबायट/सेकंड,2.601
7642,Preserve symlinks,mr:,Marathi,qwen2.5-coder:7b,सिंलिंक्स रक्षित करणा,2.557
7643,Repository Location,mr:,Marathi,qwen2.5-coder:7b,संग्रहालयाचे स्थान,1.975
7644,Learning,mr:,Marathi,qwen2.5-coder:7b,शिक्षण,1.201
7645,Left-Microphone,mr:,Marathi,qwen2.5-coder:7b,पासे-मामला,1.544
7646,Keyboard Control,mr:,Marathi,qwen2.5-coder:7b,कुंजीपटन,1.268
7647,Speech Toolbar,mr:,Marathi,qwen2.5-coder:7b,वाक्य साधन,1.629
7648,Time Format,mr:,Marathi,qwen2.5-coder:7b,समय फॅमॅट,1.563
7649,& Channel:,mr:,Marathi,qwen2.5-coder:7b,& चौंसी:,1.305
7650,Selected Files,mr:,Marathi,qwen2.5-coder:7b,चुनिले फाइले,1.646
7651,Cannot load ThumbCreator %1,mr:,Marathi,qwen2.5-coder:7b,ThumbCreator %1 लोड नाही,2.167
7652,Watermark Size,mr:,Marathi,qwen2.5-coder:7b,मार्किंग आकार,1.801
7653,Tristate,mr:,Marathi,qwen2.5-coder:7b,त्रिवर्गीय,1.389
7654,ASCII Extensions,mr:,Marathi,qwen2.5-coder:7b,असी असिक्रिया विविधता,2.433
7655,No Minimum,mr:,Marathi,qwen2.5-coder:7b,नाहीले निम्नतम मूल्य,2.486
7656,Classname:,mr:,Marathi,qwen2.5-coder:7b,क्लासनाव:,1.392
7657,Publishing,mr:,Marathi,qwen2.5-coder:7b,प्रकाशित करणे,1.58
7658,Update Trackers,mr:,Marathi,qwen2.5-coder:7b,अपडेट करा ट्रॅकर्स,2.247
7659,Clipboard contents,mr:,Marathi,qwen2.5-coder:7b,कॉपीबॉर्ड अन्वेषन,2.372
7660,Music folder:,mr:,Marathi,qwen2.5-coder:7b,म्यूजिक फोल्डर:,2.211
7661,Intervals:,mr:,Marathi,qwen2.5-coder:7b,अंतराले:,1.276
7662,System Calls,mr:,Marathi,qwen2.5-coder:7b,प्रणालीय कॉल्स,1.774
7663,Nickname,mr:,Marathi,qwen2.5-coder:7b,नावणी,0.92
7664,Compound regexp,mr:,Marathi,qwen2.5-coder:7b,मिश्रित रेगॅक्सप्रेडिशन,2.911
7665,& Next Hole,mr:,Marathi,qwen2.5-coder:7b,& अगला गोला,1.58
7666,The [Xdmcp] section of & kdmrc;,mr:,Marathi,qwen2.5-coder:7b,खालील [Xdmcp] अंशाचे & kdmrc;,3.2
7667,Audio Quality,mr:,Marathi,qwen2.5-coder:7b,आवडून गुणवत्ता,1.988
7668,Ship,mr:,Marathi,qwen2.5-coder:7b,शेप,0.715
7669,ZSoft PaintBrush image,mr:,Marathi,qwen2.5-coder:7b,जीसोफ्ट पेंटब्रश चित्र,2.464
7670,Scheduled Time,mr:,Marathi,qwen2.5-coder:7b,पाठ्यकाळ,1.26
7671,Tasmania - King Island,mr:,Marathi,qwen2.5-coder:7b,तास्मानी - किंग इलांड,2.509
7672,Sub operations,mr:,Marathi,qwen2.5-coder:7b,उपयोगी अवलोकने,1.9
7673,Jigsaw puzzle game,mr:,Marathi,qwen2.5-coder:7b,जिग्स व्याज खेळ,2.075
7674,Operation Properties,mr:,Marathi,qwen2.5-coder:7b,प्रक्रिया प्रौत्थमिकता,2.401
7675,Duration,mr:,Marathi,qwen2.5-coder:7b,वेळ,0.721
7676,CDE preview,mr:,Marathi,qwen2.5-coder:7b,प्रभावी चालणा,1.825
7677,AcquireImages,mr:,Marathi,qwen2.5-coder:7b,अनुप्राप्त चित्रे,1.935
7678,Controlled object,mr:,Marathi,qwen2.5-coder:7b,प्रशासित वस्तू,1.869
7679,Channel Owners (+q),mr:,Marathi,qwen2.5-coder:7b,कांडनारी आणि अधिकारी (+q),2.855
7680,Encryption certificate:,mr:,Marathi,qwen2.5-coder:7b,एनक्रिप्शन चालाचे:,2.313
7681,Checkered,mr:,Marathi,qwen2.5-coder:7b,चालीसा,1.069
7682,Authentication log file:,mr:,Marathi,qwen2.5-coder:7b,प्रमाणप्रदान लॉग फाइल:,2.69
7683,Summer Field,mr:,Marathi,qwen2.5-coder:7b,सर्वात गर्म क्षेत्र,2.184
7684,Wallet Management Tool,mr:,Marathi,qwen2.5-coder:7b,वालेट मॅनेमेंट टूल,2.325
7685,Contact List Animations,mr:,Marathi,qwen2.5-coder:7b,संपर्क सूची अनिमेशने,2.555
7686,Organizational Unit,mr:,Marathi,qwen2.5-coder:7b,संस्थानीय इकाई,2.119
7687,Book,mr:,Marathi,qwen2.5-coder:7b,पुस्तक,1.058
7688,Ethernet Network Device,mr:,Marathi,qwen2.5-coder:7b,नेटवर्क डिवाइस,1.966
7689,Violin,mr:,Marathi,qwen2.5-coder:7b,विळिन,0.937
7690,Key Colors,mr:,Marathi,qwen2.5-coder:7b,कुंदली रंगे,1.557
7691,Mac OS X input method,mr:,Marathi,qwen2.5-coder:7b,मॅक ऑस एक्स इनपुट मॉथड,2.776
7692,Cheat mode,mr:,Marathi,qwen2.5-coder:7b,चेत अर्थात दुव्यवासी विधि,3.069
7693,Service Manager,mr:,Marathi,qwen2.5-coder:7b,सेवा प्रबंधक,1.461
7694,& Layout,mr:,Marathi,qwen2.5-coder:7b,& आयतन,1.042
7695,Screen Management Applet,mr:,Marathi,qwen2.5-coder:7b,प्रतिवर्तन संवाद अप्लिकेशन,2.893
7696,& Next Week,mr:,Marathi,qwen2.5-coder:7b,& अगला वारा,1.61
7697,Height 2:,mr:,Marathi,qwen2.5-coder:7b,आयाम 2:,1.198
7698,Update settings,mr:,Marathi,qwen2.5-coder:7b,"अपडेट करा म्हणजे ""Update settings"" याची अनुवाद होते ""सेटिंग्स अपडेट करा"".",5.674
7699,Preface,mr:,Marathi,qwen2.5-coder:7b,प्रस्तुती,1.265
7700,End effect,mr:,Marathi,qwen2.5-coder:7b,प्रतिभावी अभाव,1.768
7701,& Players,mr:,Marathi,qwen2.5-coder:7b,& खिलाडीं,1.388
7702,PGP Version 5. x,mr:,Marathi,qwen2.5-coder:7b,PGP वर्शन 5. x,1.904
7703,turn off computer,mr:,Marathi,qwen2.5-coder:7b,कंप्यूटर घेला,1.838
7704,Image Wizard,mr:,Marathi,qwen2.5-coder:7b,चित्र जागाला,1.48
7705,strikeout,mr:,Marathi,qwen2.5-coder:7b,उंचावणा,1.113
7706,Rows from,mr:,Marathi,qwen2.5-coder:7b,रोड्स आणि,1.325
7707,previewing,mr:,Marathi,qwen2.5-coder:7b,पूर्वानुभव करण्यात,2.223
7708,South Sumatra,mr:,Marathi,qwen2.5-coder:7b,सूर्यातील समुद्र,1.996
7709,One Staple,mr:,Marathi,qwen2.5-coder:7b,एक शेप्ले,1.41
7710,Solid,mr:,Marathi,qwen2.5-coder:7b,सॉलिड,1.037
7711,KDE Compatibility Assistant,mr:,Marathi,qwen2.5-coder:7b,क्यूडी योजना सहायक,2.574
7712,Close script...,mr:,Marathi,qwen2.5-coder:7b,स्क्रिप्ट बंद करा...,2.197
7713,Brick size:,mr:,Marathi,qwen2.5-coder:7b,किल्ले आकार:,1.737
7714,Light Group,mr:,Marathi,qwen2.5-coder:7b,जिंदगी ग्रुप,1.562
7715,Talk,mr:,Marathi,qwen2.5-coder:7b,चरणाचे वापर करण्यासाठी,2.554
7716,Font Shape,mr:,Marathi,qwen2.5-coder:7b,फॉन्ट शेप्ट,1.716
7717,3 for & SuSE;. 4. x and 5. x,mr:,Marathi,qwen2.5-coder:7b,3 for & SuSE;. 4. x and 5. x,2.478
7718,FIFO Overruns,mr:,Marathi,qwen2.5-coder:7b,फीफो अव्यवस्थिती,2.122
7719,%1 Bills.,mr:,Marathi,qwen2.5-coder:7b,%1 बिल्यां.,1.564
7720,View Settings,mr:,Marathi,qwen2.5-coder:7b,सेटिंग्स देखा,1.75
7721,° (#176;) Degree sign,mr:,Marathi,qwen2.5-coder:7b,° (#176;) डिग्री चिन्ह,2.51
7722,window size,mr:,Marathi,qwen2.5-coder:7b,जनक आकार,1.253
7723,Arc,mr:,Marathi,qwen2.5-coder:7b,आर्क,0.792
7724,Music Players,mr:,Marathi,qwen2.5-coder:7b,म्याजिक खेळकर्ता,2.007
7725,South Darfur,mr:,Marathi,qwen2.5-coder:7b,दक्षिण दरफर,1.621
7726,Pure,mr:,Marathi,qwen2.5-coder:7b,पर्याप्त,1.227
7727,Project age:,mr:,Marathi,qwen2.5-coder:7b,परियोजना कालाची आयाम:,2.47
7728,30 Points,mr:,Marathi,qwen2.5-coder:7b,30 अंके,1.181
7729,Diff,mr:,Marathi,qwen2.5-coder:7b,दिव्याली,1.207
7730,& Playlist,mr:,Marathi,qwen2.5-coder:7b,& प्लेलीस्ट,1.485
7731,Rear view,mr:,Marathi,qwen2.5-coder:7b,पीठ देखणे,1.45
7732,Phrase Book,mr:,Marathi,qwen2.5-coder:7b,फ्रेज बुक,1.281
7733,angularAcceleration,mr:,Marathi,qwen2.5-coder:7b,अंगुलार विस्थापन,1.988
7734,Missing element: %1.,mr:,Marathi,qwen2.5-coder:7b,लागू अवयव: %1.,1.982
7735,Keep It,mr:,Marathi,qwen2.5-coder:7b,आणि रखा जाणा,1.698
7736,Outgoing server:,mr:,Marathi,qwen2.5-coder:7b,आउटगोंड सर्वर:,1.825
7737,Matching,mr:,Marathi,qwen2.5-coder:7b,मिळवणे,1.04
7738,Matched,mr:,Marathi,qwen2.5-coder:7b,मिळाले,1.078
7739,Border Outline,mr:,Marathi,qwen2.5-coder:7b,परिसराचे आयाम,1.696
7740,no margins,mr:,Marathi,qwen2.5-coder:7b,नावीं अंदाजे,1.641
7741,LDAP user suffix:,mr:,Marathi,qwen2.5-coder:7b,LDAP व्यक्तीशास्त्रीय उपसूचक:,3.094
7742,KDE Service Manager,mr:,Marathi,qwen2.5-coder:7b,क्यूडी योजना प्रबंधक,2.635
7743,Scale factor,mr:,Marathi,qwen2.5-coder:7b,फॅक्टर अक्षरण,1.884
7744,card game,mr:,Marathi,qwen2.5-coder:7b,कार्ड गेम,1.377
7745,Dutch (nl),mr:,Marathi,qwen2.5-coder:7b,नॅच्यून (nl),1.737
7746,transfers,mr:,Marathi,qwen2.5-coder:7b,प्रसारणे,1.189
7747,(%1 occurrences),mr:,Marathi,qwen2.5-coder:7b,(%1 परिसंधाने),1.766
7748,Temporary,mr:,Marathi,qwen2.5-coder:7b,अस्थायी,1.158
7749,Scale Bar,mr:,Marathi,qwen2.5-coder:7b,माचे चालक,1.312
7750,observer_,mr:,Marathi,qwen2.5-coder:7b,अवलंबक_,1.131
7751,pigment map declaration,mr:,Marathi,qwen2.5-coder:7b,पिग्मेंट मॅप घोषणा,2.375
7752,Gallery & Title,mr:,Marathi,qwen2.5-coder:7b,गॅलरी & शीर्षक,1.914
7753,Searching for %1,mr:,Marathi,qwen2.5-coder:7b,खोज झाली %1,1.661
7754,Won Games,mr:,Marathi,qwen2.5-coder:7b,मिळलेल्या खेळे,1.77
7755,LeavePrevious,mr:,Marathi,qwen2.5-coder:7b,पिछ्ला छोड्या,1.682
7756,Geometry,mr:,Marathi,qwen2.5-coder:7b,ज्यामिती,1.218
7757,This profile:,mr:,Marathi,qwen2.5-coder:7b,या प्रोफाइल:,1.439
7758,Migration Plugin,mr:,Marathi,qwen2.5-coder:7b,मиграशन योजना,1.525
7759,crab,mr:,Marathi,qwen2.5-coder:7b,क्राब,0.858
7760,rectMeanVelocity,mr:,Marathi,qwen2.5-coder:7b,रेक्ट माध्य वेलोसिटी,2.458
7761,Border,mr:,Marathi,qwen2.5-coder:7b,परिसर,0.962
7762,density declaration,mr:,Marathi,qwen2.5-coder:7b,मोठी घटना घोषणा,1.984
7763,Telescope:,mr:,Marathi,qwen2.5-coder:7b,तेलीस्कोप:,1.464
7764,Look at,mr:,Marathi,qwen2.5-coder:7b,पाहिजे देखणा,1.617
7765,Personal Radio,mr:,Marathi,qwen2.5-coder:7b,प्रयोगकारी रेडियो,1.961
7766,Bb Major,mr:,Marathi,qwen2.5-coder:7b,मार्चे मुख्य,1.562
7767,Xsldbg Breakpoints,mr:,Marathi,qwen2.5-coder:7b,ब्रेकपंट्स,1.447
7768,X PixMap Image (. xpm),mr:,Marathi,qwen2.5-coder:7b,X पिक्मॅप चित्र (. xpm),2.461
7769,Visibility,mr:,Marathi,qwen2.5-coder:7b,दृष्टिकोण,1.43
7770,"go X, Y",mr:,Marathi,qwen2.5-coder:7b,"जा X, Y",1.013
7771,& Inspector,mr:,Marathi,qwen2.5-coder:7b,& वेदनकार,1.374
7772,Mahjongg Solitaire for KDE,mr:,Marathi,qwen2.5-coder:7b,महजंग लागावारी के लिए KDE,2.775
7773,Tiger,mr:,Marathi,qwen2.5-coder:7b,तिगर,0.879
7774,Document List,mr:,Marathi,qwen2.5-coder:7b,दस्तऐवज सूची,1.9
7775,UserToolbars Plugin,mr:,Marathi,qwen2.5-coder:7b,योजना: वापरकारी टूलबार्स,3.047
7776,Satellite View,mr:,Marathi,qwen2.5-coder:7b,सौरभी दृश्य,1.811
7777,Histogram Viewer,mr:,Marathi,qwen2.5-coder:7b,हिस्टोग्राम वीडर,1.96
7778,Copy a File/ Directory...,mr:,Marathi,qwen2.5-coder:7b,फाइल/दिरेक्ट्री को कॉपी करा...,3.084
7779,Link Quality:,mr:,Marathi,qwen2.5-coder:7b,लिंक काळिकता:,1.809
7780,ForestGreen,mr:,Marathi,qwen2.5-coder:7b,फॉर्स्ट ग्रीन,1.792
7781,Brazilian Real,mr:,Marathi,qwen2.5-coder:7b,ब्राजिली रूपी,1.775
7782,Supported Plugins,mr:,Marathi,qwen2.5-coder:7b,समर्थित योग्यकरणे,2.136
7783,Channel Mixer,mr:,Marathi,qwen2.5-coder:7b,चौंसार अनुक्रमणकर्ता,2.507
7784,& Foreground:,mr:,Marathi,qwen2.5-coder:7b,& प्रसिद्धी:,1.458
7785,blue:,mr:,Marathi,qwen2.5-coder:7b,बूँले:,1.207
7786,Articles list.,mr:,Marathi,qwen2.5-coder:7b,लेखांची योजना.,1.877
7787,Auto Rotation Tool,mr:,Marathi,qwen2.5-coder:7b,स्वतंत्र घटना टूल,2.424
7788,& Goal Seek...,mr:,Marathi,qwen2.5-coder:7b,& गोल खोज...,1.461
7789,Keyboard Settings,mr:,Marathi,qwen2.5-coder:7b,कुंजीपटने असेचे सेटिंग्स,2.712
7790,Delete '%1 'tag?,mr:,Marathi,qwen2.5-coder:7b,मूळ '%1' टॅग अड्वेल्यून करणे येथे याद देणे?,4.982
7791,XMP: created,mr:,Marathi,qwen2.5-coder:7b,XMP: निर्मित झाला,2.162
7792,SVG background pictures,mr:,Marathi,qwen2.5-coder:7b,SVG पृथ्वीकार चित्रे,2.227
7793,Re: This is a test,mr:,Marathi,qwen2.5-coder:7b,पुनः: हा एक परीक्षण आहे,2.833
7794,Cipher algorithm,mr:,Marathi,qwen2.5-coder:7b,किपर अल्गोरिथम,1.915
7795,Section Level 4,mr:,Marathi,qwen2.5-coder:7b,अंतर्गत शैली 4,2.089
7796,Game speed,mr:,Marathi,qwen2.5-coder:7b,खेळाचे गती,1.492
7797,ColorSpace,mr:,Marathi,qwen2.5-coder:7b,कार्यक्रम स्थान,1.814
7798,& Rectangle,mr:,Marathi,qwen2.5-coder:7b,& आयत,0.971
7799,Indicator Options,mr:,Marathi,qwen2.5-coder:7b,प्रतिबिंब विकल्पे,2.135
7800,Notes Color,mr:,Marathi,qwen2.5-coder:7b,नोट्स कार्यालय,1.794
7801,& Mask,mr:,Marathi,qwen2.5-coder:7b,& मास्क,1.068
7802,& Changed:,mr:,Marathi,qwen2.5-coder:7b,& बदलले:,1.205
7803,Script Data,mr:,Marathi,qwen2.5-coder:7b,स्क्रिप्ट डेटा,1.73
7804,Dropdown List,mr:,Marathi,qwen2.5-coder:7b,चयन तपशील,1.371
7805,Close Item,mr:,Marathi,qwen2.5-coder:7b,वस्तू बंद करणे,1.885
7806,Instant,mr:,Marathi,qwen2.5-coder:7b,आणखी,0.812
7807,List Options,mr:,Marathi,qwen2.5-coder:7b,विकल्प सूची,1.493
7808,Object is created,mr:,Marathi,qwen2.5-coder:7b,आणि वस्तू बनाया गेले,2.513
7809,Grayscalizer Filter,mr:,Marathi,qwen2.5-coder:7b,ग्रेस्केलार फिल्टर,2.301
7810,Feed added: %1,mr:,Marathi,qwen2.5-coder:7b,फ्रीड जोडले: %1,1.891
7811,Add record,mr:,Marathi,qwen2.5-coder:7b,नोंदणी जोडणे,1.683
7812,Window position,mr:,Marathi,qwen2.5-coder:7b,जनकाला अस्थिती,1.889
7813,Picture:,mr:,Marathi,qwen2.5-coder:7b,प्रतिमा:,1.106
7814,Copy Input To,mr:,Marathi,qwen2.5-coder:7b,प्रवेशाचा कॉपी करा,2.241
7815,Activity Settings,mr:,Marathi,qwen2.5-coder:7b,संस्कृती सेटिंग्स,2.159
7816,Formatting (HTML),mr:,Marathi,qwen2.5-coder:7b,फॅरमॅटिंग (एचटीएमएल),2.635
7817,Core,mr:,Marathi,qwen2.5-coder:7b,केवल,0.86
7818,& Bitrate,mr:,Marathi,qwen2.5-coder:7b,& बिटरेट,1.3
7819,Address book identifier,mr:,Marathi,qwen2.5-coder:7b,पत्ता किताबाचे चिन्हाचा नाव,3.012
7820,Color & depth:,mr:,Marathi,qwen2.5-coder:7b,रंग आणि दृष्टिकोण:,2.326
7821,Previewing...,mr:,Marathi,qwen2.5-coder:7b,पूर्वानुभव चालू आहे...,2.77
7822,Developer (2002-2005),mr:,Marathi,qwen2.5-coder:7b,डेवलपर (2002-2005),2.525
7823,Quotes,mr:,Marathi,qwen2.5-coder:7b,उदाहरणे,1.335
7824,Warning - Cantor,mr:,Marathi,qwen2.5-coder:7b,चेतावनी - कॉन्टर,2.167
7825,Wallpapers,mr:,Marathi,qwen2.5-coder:7b,पेपरस्क्रीप्ट्स,1.846
7826,Key Combo,mr:,Marathi,qwen2.5-coder:7b,कुंजी कोम्बो,1.606
7827,Non-script action,mr:,Marathi,qwen2.5-coder:7b,नाशैली अक्रिया,1.902
7828,Subdivision,mr:,Marathi,qwen2.5-coder:7b,उपांशु,1.106
7829,Chart Tool,mr:,Marathi,qwen2.5-coder:7b,चार्ट टूल,1.46
7830,From Top,mr:,Marathi,qwen2.5-coder:7b,उपरी भागात उडवण्यात,2.24
7831,Incomplete,mr:,Marathi,qwen2.5-coder:7b,अभी तक पूर्ण नाहीं,2.271
7832,Query via Xesam,mr:,Marathi,qwen2.5-coder:7b,खालील विशेष विश्लेषणासाठी जाहीर करा: %s,4.535
7833,Tails,mr:,Marathi,qwen2.5-coder:7b,टेल्स,0.983
7834,Tools Scripts,mr:,Marathi,qwen2.5-coder:7b,उपलब्ध योजना शैली असे अनुवादित करण्यात आहे.,4.776
7835,Std. deviation:,mr:,Marathi,qwen2.5-coder:7b,माध्यमान विचार:,2.141
7836,GraphViz dot files viewer,mr:,Marathi,qwen2.5-coder:7b,वाग्याचे देखवा,2.072
7837,& Phrase Books,mr:,Marathi,qwen2.5-coder:7b,& फ्रेज बुक्स,1.699
7838,& Weather condition:,mr:,Marathi,qwen2.5-coder:7b,& वातावरणाचे अवस्था:,2.483
7839,IPP Operation,mr:,Marathi,qwen2.5-coder:7b,आणि ऑपरेशन,1.496
7840,4 Cards,mr:,Marathi,qwen2.5-coder:7b,4 कार्ड्स,1.268
7841,Physical Path:,mr:,Marathi,qwen2.5-coder:7b,पासफायचे पथ:,1.518
7842,Creation:,mr:,Marathi,qwen2.5-coder:7b,संरचना:,1.214
7843,Pipe length,mr:,Marathi,qwen2.5-coder:7b,पायपासाठी लांबी,1.997
7844,Safe,mr:,Marathi,qwen2.5-coder:7b,सुरक्षित,1.232
7845,New institution...,mr:,Marathi,qwen2.5-coder:7b,नवीन संस्था...,1.548
7846,Code Generated,mr:,Marathi,qwen2.5-coder:7b,कोड गरण्यात झाला,2.108
7847,Driver Name:,mr:,Marathi,qwen2.5-coder:7b,ड्राइवरचे नाव:,1.758
7848,Resource allocation,mr:,Marathi,qwen2.5-coder:7b,संसाधन वित्तीकरण,1.969
7849,User3,mr:,Marathi,qwen2.5-coder:7b,उपयोगकर्ता ३,1.766
7850,KOrganizer master file,mr:,Marathi,qwen2.5-coder:7b,कोर्गनार्स मास्टर फाइल,2.674
7851,Per units:,mr:,Marathi,qwen2.5-coder:7b,प्रति यंत्रांच्या मात्रांना:,2.73
7852,KDE Partition Manager KPart,mr:,Marathi,qwen2.5-coder:7b,क्डी विभाजन प्रबंधक KPart,2.707
7853,Activation Method,mr:,Marathi,qwen2.5-coder:7b,सक्षमता क्रम,1.735
7854,"File10,",mr:,Marathi,qwen2.5-coder:7b,"फायल १०,",1.439
7855,password:,mr:,Marathi,qwen2.5-coder:7b,पासवर्ड:,1.181
7856,Chrominance Blue,mr:,Marathi,qwen2.5-coder:7b,क्रोमिनेंस ब्लू,1.942
7857,Soundtrack preview,mr:,Marathi,qwen2.5-coder:7b,प्रसिद्धीपदाचे पूर्वानुभव,2.782
7858,Trackers management,mr:,Marathi,qwen2.5-coder:7b,प्रतिस्थापनांचे प्रबंधन,2.513
7859,Revocation Signature,mr:,Marathi,qwen2.5-coder:7b,निवारण अंकित अंक,2.128
7860,UADescription (w3m 0.1.9),mr:,Marathi,qwen2.5-coder:7b,UADescription (w3m 0.1.9),2.322
7861,acceleration variance,mr:,Marathi,qwen2.5-coder:7b,वेगाचे विविधता,1.926
7862,Dictionary file,mr:,Marathi,qwen2.5-coder:7b,शब्दकोश फाइल,1.655
7863,Close,mr:,Marathi,qwen2.5-coder:7b,बंद करा,1.033
7864,Max treshold,mr:,Marathi,qwen2.5-coder:7b,माहिती अंतर्गत अधिकारी असणे याची अवस्था असल्यास या विशेषतेचे विस्तार दिला जाते.,8.343
7865,Sentence Boundary Detector,mr:,Marathi,qwen2.5-coder:7b,वाक्य संदेशक,1.82
7866,Unmount Tape,mr:,Marathi,qwen2.5-coder:7b,टेप अनमांजित करा,2.238
7867,Wallpaper,mr:,Marathi,qwen2.5-coder:7b,पेज आकार,1.268
7868,Crash Information (backtrace),mr:,Marathi,qwen2.5-coder:7b,त्रुटी जाहीरात (बॅकट्रेस),3.057
7869,Custom,mr:,Marathi,qwen2.5-coder:7b,स्वचाता,1.122
7870,Download added: %1,mr:,Marathi,qwen2.5-coder:7b,डाउनलोड जोडले: %1,2.169
7871,User Agent,mr:,Marathi,qwen2.5-coder:7b,यूजर एजेंट,1.595
7872,Nepomuk - Task Manager,mr:,Marathi,qwen2.5-coder:7b,नेपोमुक - कार्यप्रबंधक,2.581
7873,Write modes:,mr:,Marathi,qwen2.5-coder:7b,प्रकारांचे विशेषता:,2.41
7874,Page Drying Time,mr:,Marathi,qwen2.5-coder:7b,पृष्ठ घालने वेळ,2.039
7875,Using & ksysguard;,mr:,Marathi,qwen2.5-coder:7b,काही अनुदार & ksysguard;,2.27
7876,Using & rsibreak;,mr:,Marathi,qwen2.5-coder:7b,उपयोग & rsibreak;,1.663
7877,FX 4 - Atmosphere,mr:,Marathi,qwen2.5-coder:7b,FX 4 - आत्मावाद,1.893
7878,Document Contents,mr:,Marathi,qwen2.5-coder:7b,दस्तऐवज्याचे साहित्य,2.458
7879,light blue,mr:,Marathi,qwen2.5-coder:7b,चाली खाली,1.374
7880,Height:,mr:,Marathi,qwen2.5-coder:7b,उंचीता:,1.105
7881,Detailed Debugging,mr:,Marathi,qwen2.5-coder:7b,डिटेल्ड डिबगिंग,1.921
7882,vtun is missing,mr:,Marathi,qwen2.5-coder:7b,व्यवहार अशीली आहे,2.175
7883,FOSS Project Commit Statistics,mr:,Marathi,qwen2.5-coder:7b,स्वतंत्र विकास विज्ञान विभागाचे संपदा माहिती,4.543
7884,Distortion Correction,mr:,Marathi,qwen2.5-coder:7b,विस्तार सुधारणा,2.132
7885,File Installer,mr:,Marathi,qwen2.5-coder:7b,फाइल इंस्टॉलर,1.829
7886,tentative,mr:,Marathi,qwen2.5-coder:7b,प्रयोगी,1.007
7887,Cannot open %1.,mr:,Marathi,qwen2.5-coder:7b,%1 खोलू शकत नाही.,2.342
7888,& Image Selection,mr:,Marathi,qwen2.5-coder:7b,& चित्र चुनाव,1.718
7889,Blu-ray Size,mr:,Marathi,qwen2.5-coder:7b,ब्लू-रेडी आकार,2.075
7890,Type selection,mr:,Marathi,qwen2.5-coder:7b,प्रकार चुनाव करणा,1.983
7891,Chart Type,mr:,Marathi,qwen2.5-coder:7b,चार्ट रक्षा,1.574
7892,Total: %1,mr:,Marathi,qwen2.5-coder:7b,कुल: %1,1.135
7893,Received:,mr:,Marathi,qwen2.5-coder:7b,प्राप्त केले:,1.45
7894,Generic Project Manager,mr:,Marathi,qwen2.5-coder:7b,सामान्य परियोजना प्रबंधक,2.565
7895,PCI information,mr:,Marathi,qwen2.5-coder:7b,प्राथमिक जातीय आवश्यकता,2.69
7896,Timestamp,mr:,Marathi,qwen2.5-coder:7b,मास्टाइम,1.233
7897,"3 Staples, parallel",mr:,Marathi,qwen2.5-coder:7b,"3 स्टॅपल्स, सामान्य",2.354
7898,Job Type,mr:,Marathi,qwen2.5-coder:7b,कामाचे प्रकार,1.559
7899,MAL Server Information,mr:,Marathi,qwen2.5-coder:7b,मल सर्वर जाहीरात,2.049
7900,Installation problem,mr:,Marathi,qwen2.5-coder:7b,संस्थापन समस्या,1.882
7901,Nicer,mr:,Marathi,qwen2.5-coder:7b,निश्चित रिकार्ड आणि अनुवाद आणि अनुवाद असणे आणि अनुवाद असणे आणि अनुवाद असणे आणि अनुवाद असणे आणि अनुव,10.491
7902,Style Settings,mr:,Marathi,qwen2.5-coder:7b,स्टायल सेटिंग्स,1.883
7903,Wallet Manager,mr:,Marathi,qwen2.5-coder:7b,वालेट मॅनेजर,1.71
7904,& View A,mr:,Marathi,qwen2.5-coder:7b,& वैशिष्ट्य देखा,2.194
7905,USB controller,mr:,Marathi,qwen2.5-coder:7b,USB कंट्रोलर,1.306
7906,How to authenticate,mr:,Marathi,qwen2.5-coder:7b,साठी वैधानिक करणे कैसे करते?,3.351
7907,Booklet maker,mr:,Marathi,qwen2.5-coder:7b,पुस्तकालेख बनायारी,2.199
7908,%1% - Thumbnail,mr:,Marathi,qwen2.5-coder:7b,%1% - थिंबनाइल,1.961
7909,Give up,mr:,Marathi,qwen2.5-coder:7b,पुनर्वापुन देणे,2.102
7910,Combined View,mr:,Marathi,qwen2.5-coder:7b,मिळालेली वैशिष्ट्ये,2.373
7911,Front Cover Tray,mr:,Marathi,qwen2.5-coder:7b,प्राथमिक चिपकावणी,2.134
7912,Alphanumeric,mr:,Marathi,qwen2.5-coder:7b,अंग्रेजी आणि अंकांचे मिश्रण,2.87
7913,(c) 2004-2005 The KDE PIM Team,mr:,Marathi,qwen2.5-coder:7b,(२००४-२००५) कडे आणि पीएमआय टीम,4.657
7914,Example Tags,mr:,Marathi,qwen2.5-coder:7b,उदाहरणाचे टॅग्स,2.145
7915,Merge,mr:,Marathi,qwen2.5-coder:7b,मिळवणा,1.009
7916,Token missing,mr:,Marathi,qwen2.5-coder:7b,तोकन अजावडे आहे,1.88
7917,Getting Help,mr:,Marathi,qwen2.5-coder:7b,मदत जाणणे,1.382
7918,(moderated),mr:,Marathi,qwen2.5-coder:7b,मध्यसंस्थित,1.573
7919,Cache pattern,mr:,Marathi,qwen2.5-coder:7b,कॅश पॅटर्न,1.567
7920,six,mr:,Marathi,qwen2.5-coder:7b,छहा,0.725
7921,Encapsulated Postscript Image (. eps),mr:,Marathi,qwen2.5-coder:7b,पोस्टस्क्रिप्ट चित्र असलेला विवरण (.eps),3.904
7922,Keyboard Battery,mr:,Marathi,qwen2.5-coder:7b,बूटबॅटरी,1.483
7923,& Minimum value:,mr:,Marathi,qwen2.5-coder:7b,& कमीती मूल्य:,1.729
7924,Serial number,mr:,Marathi,qwen2.5-coder:7b,सर्व नंबर,1.377
7925,Tracks Added,mr:,Marathi,qwen2.5-coder:7b,ट्रॅक्स जोडले गेले,2.285
7926,Search Engines,mr:,Marathi,qwen2.5-coder:7b,मोठ्या खोज इंजने,1.997
7927,trash,mr:,Marathi,qwen2.5-coder:7b,चापणे,0.909
7928,Sample Size,mr:,Marathi,qwen2.5-coder:7b,मानसिक आकडे,1.644
7929,Roman,mr:,Marathi,qwen2.5-coder:7b,रोमानीय,1.133
7930,Group Name,mr:,Marathi,qwen2.5-coder:7b,ग्रुप नाव,1.254
7931,Plasma. operations input file,mr:,Marathi,qwen2.5-coder:7b,प्लाजमा. कार्यात्मक प्रवेश फाइल,3.451
7932,Caching time of directory listings:,mr:,Marathi,qwen2.5-coder:7b,डिरेक्ट्री लिस्टिंगाचे कॅश समय:,3.689
7933,Expansion Filter,mr:,Marathi,qwen2.5-coder:7b,प्रसार फिल्टर,1.903
7934,Main Developer,mr:,Marathi,qwen2.5-coder:7b,मुख्य विकासकार,1.806
7935,Cryptography Toolbar,mr:,Marathi,qwen2.5-coder:7b,क्रिप्टोग्राफी टूलबार,2.47
7936,Filters Configuration,mr:,Marathi,qwen2.5-coder:7b,फिल्टर्स कॉन्फिगरेशन,2.517
7937,Speed Limits,mr:,Marathi,qwen2.5-coder:7b,शेड लिमिट्स,1.549
7938,& Duration:,mr:,Marathi,qwen2.5-coder:7b,& अवधी:,1.139
7939,Green,mr:,Marathi,qwen2.5-coder:7b,हिरवी,1.006
7940,cleared,mr:,Marathi,qwen2.5-coder:7b,साफ केले गेले,1.672
7941,Operating system:,mr:,Marathi,qwen2.5-coder:7b,चालणाची प्रणाली:,1.902
7942,process monitor,mr:,Marathi,qwen2.5-coder:7b,प्रक्रिया वार्ता साठा,2.278
7943,Photo 0 of 0,mr:,Marathi,qwen2.5-coder:7b,फोटो 0 या 0,1.774
7944,Arrows,mr:,Marathi,qwen2.5-coder:7b,आर्थर्या,1.308
7945,Pauker Lesson,mr:,Marathi,qwen2.5-coder:7b,पॅउकर लेसन,1.634
7946,Starting the & infocenter;,mr:,Marathi,qwen2.5-coder:7b,आणि अभी आरक्षित & इन्फोसेंटर चालू करण्यात आला;,4.939
7947,% Completed,mr:,Marathi,qwen2.5-coder:7b,% पुढील्या,1.406
7948,& Group Name:,mr:,Marathi,qwen2.5-coder:7b,& ग्रुप नाव:,1.554
7949,Custom Type 6,mr:,Marathi,qwen2.5-coder:7b,स्वचाता प्रकार 6,2.019
7950,Guides,mr:,Marathi,qwen2.5-coder:7b,गुड्यांसाठी,1.516
7951,Direction,mr:,Marathi,qwen2.5-coder:7b,दिशा,0.785
7952,Zoom in (x 2),mr:,Marathi,qwen2.5-coder:7b,पेक्षा जावळणा (2 गुना),2.948
7953,Machine print,mr:,Marathi,qwen2.5-coder:7b,मशीनचा प्रिंट,1.603
7954,Column width:,mr:,Marathi,qwen2.5-coder:7b,कॉलमचे आकार:,1.777
7955,W Orientation West,mr:,Marathi,qwen2.5-coder:7b,पश्चिम उत्तरी दिशा,2.511
7956,Abstract file:,mr:,Marathi,qwen2.5-coder:7b,सामान्य फाइल:,1.882
7957,Renaming...,mr:,Marathi,qwen2.5-coder:7b,नावाची बदलणे...,1.709
7958,Figure,mr:,Marathi,qwen2.5-coder:7b,आकार,0.809
7959,Inactive,mr:,Marathi,qwen2.5-coder:7b,अक्षम,0.939
7960,Middle-East,mr:,Marathi,qwen2.5-coder:7b,मध्य-पश्चिम,1.587
7961,RF Channel,mr:,Marathi,qwen2.5-coder:7b,RF चौंसीला,1.462
7962,(n) New,mr:,Marathi,qwen2.5-coder:7b,नव्या,1.03
7963,Go (wml),mr:,Marathi,qwen2.5-coder:7b,जावा (wml),1.319
7964,Konsole part view,mr:,Marathi,qwen2.5-coder:7b,कार्यक्रमाचे विस्तार देखा,2.96
7965,Crystal Desktop Search,mr:,Marathi,qwen2.5-coder:7b,क्रिस्टल डेस्कटॉप शोध,2.635
7966,& Search:,mr:,Marathi,qwen2.5-coder:7b,& खोज्या:,1.384
7967,Expression,mr:,Marathi,qwen2.5-coder:7b,अभिव्यक्ति,1.475
7968,turnleft X,mr:,Marathi,qwen2.5-coder:7b,दाखला झाला X,1.564
7969,View Schema,mr:,Marathi,qwen2.5-coder:7b,स्कीम देखा,1.44
7970,Network device:,mr:,Marathi,qwen2.5-coder:7b,नेटवर्क निवडक:,1.897
7971,West Azarbaijan,mr:,Marathi,qwen2.5-coder:7b,पश्चिम अजारबाज,1.953
7972,Show Notification Popup,mr:,Marathi,qwen2.5-coder:7b,प्रतिज्ञा आपदा दाखवा,2.406
7973,Directory name,mr:,Marathi,qwen2.5-coder:7b,दिशा नाव,1.243
7974,Blue,mr:,Marathi,qwen2.5-coder:7b,नीला,0.818
7975,& koffice; features:,mr:,Marathi,qwen2.5-coder:7b,& कोफिसचे वैशिष्ट्ये:,2.565
7976,Key Combination,mr:,Marathi,qwen2.5-coder:7b,कुंजी संयोजन,1.613
7977,Nested transactions,mr:,Marathi,qwen2.5-coder:7b,निर्गमित ट्रांसक्शने,2.368
7978,The Panel,mr:,Marathi,qwen2.5-coder:7b,पन्ने,0.971
7979,LDAP Directory Manager,mr:,Marathi,qwen2.5-coder:7b,LDAP दिशानुक्रमाचा प्रशासक,2.737
7980,KDE Text-to-speech Manager,mr:,Marathi,qwen2.5-coder:7b,म्हणजे टेक्स्ट टो स्पीच मॅनेजर,3.817
7981,B vs. C Overview,mr:,Marathi,qwen2.5-coder:7b,बी व्हस. सी विस्तार,2.433
7982,Scope,mr:,Marathi,qwen2.5-coder:7b,प्रायोगिक्षण,1.512
7983,S/ MIME export file:,mr:,Marathi,qwen2.5-coder:7b,S/ MIME फाइल निर्यात करण्यासाठी:,3.195
7984,Shark proximity,mr:,Marathi,qwen2.5-coder:7b,शक्तीची झाला,1.73
7985,Userspace,mr:,Marathi,qwen2.5-coder:7b,यूजरस्पेस,1.475
7986,Locking Keys,mr:,Marathi,qwen2.5-coder:7b,कुंडली घेणे,1.594
7987,Close KGoldrunner,mr:,Marathi,qwen2.5-coder:7b,खोजा KGoldrunner,1.205
7988,& Dial,mr:,Marathi,qwen2.5-coder:7b,& डाइल,1.027
7989,Calculator,mr:,Marathi,qwen2.5-coder:7b,कॅलकुलेटर,1.455
7990,Master Slide,mr:,Marathi,qwen2.5-coder:7b,मास्टर स्लाइड,1.596
7991,Emoticons Manager,mr:,Marathi,qwen2.5-coder:7b,मोहित अंकांदीकरण व्यवस्था,3.009
7992,Cisco password decoder,mr:,Marathi,qwen2.5-coder:7b,कोसिस पासवर्ड डिकोडर,2.444
7993,Preview String,mr:,Marathi,qwen2.5-coder:7b,पूर्वानुभव शब्द,2.121
7994,30m at 1.3cm,mr:,Marathi,qwen2.5-coder:7b,30 मिनिटे 1.3 सेंटीमीटर,2.901
7995,& Job priority:,mr:,Marathi,qwen2.5-coder:7b,& कामचे प्राथमिकता:,2.143
7996,Distinct,mr:,Marathi,qwen2.5-coder:7b,विभिन्न,1.155
7997,How to obtain & kformula;,mr:,Marathi,qwen2.5-coder:7b,आणि कफॉमॅला प्राप्त करणे काळे,3.266
7998,Custom 6,mr:,Marathi,qwen2.5-coder:7b,स्वचाता 6,1.474
7999,Shortcut name: b,mr:,Marathi,qwen2.5-coder:7b,क्षेत्राचे नाव: b,2.133
8000,Ending Market Value,mr:,Marathi,qwen2.5-coder:7b,मार्केट मूल्य अंतर्मिळण,2.815
8001,Capture mode:,mr:,Marathi,qwen2.5-coder:7b,कॅप्चर मोड:,1.737
8002,Horizontal:,mr:,Marathi,qwen2.5-coder:7b,वापरासाठी:,1.586
8003,& Execution,mr:,Marathi,qwen2.5-coder:7b,& आयोजन,1.158
8004,Cisco - IP Phone,mr:,Marathi,qwen2.5-coder:7b,कोसिस - आयपी फोन,2.061
8005,Endless Cascade,mr:,Marathi,qwen2.5-coder:7b,अनंत श्रंखला,1.644
8006,do nothing,mr:,Marathi,qwen2.5-coder:7b,कुणूही काही करणे नाहीं करा,2.868
8007,Equatorial Guinea,mr:,Marathi,qwen2.5-coder:7b,"इंटरियोर वापर्याचे टेक्स्ट अशा रूपात अनुवाद करा:

""इंटरियोर वापर्याचे टेक्स्ट अशा रूपात अनुवाद करा:",10.128
8008,Canceled.,mr:,Marathi,qwen2.5-coder:7b,रद्दी केली.,1.555
8009,Enter Details,mr:,Marathi,qwen2.5-coder:7b,पदार्थांना दर्शवा,2.179
8010,& Difference,mr:,Marathi,qwen2.5-coder:7b,& अंतर्भाग,1.492
8011,Length: %1 px,mr:,Marathi,qwen2.5-coder:7b,आयाम: %1 पिक्सिल,1.999
8012,KDE Configuration Manager,mr:,Marathi,qwen2.5-coder:7b,म्हणून देखील अवलंबन व्यवस्था प्रशासकीय व्यवस्था,5.431
8013,User private groups,mr:,Marathi,qwen2.5-coder:7b,प्रयोक्ता व्यक्तिगत समूहे,2.968
8014,Delete Item?,mr:,Marathi,qwen2.5-coder:7b,पद्धती अड्वेशित करणे?,2.464
8015,Finger key,mr:,Marathi,qwen2.5-coder:7b,फिंगर कीव्ही,1.563
8016,Leader:,mr:,Marathi,qwen2.5-coder:7b,प्रमुख:,1.018
8017,Dear Sir or Madam:,mr:,Marathi,qwen2.5-coder:7b,श्री. या या श्रीमानाचे:,2.831
8018,Heavy Media > = 28lbs,mr:,Marathi,qwen2.5-coder:7b,विश्वासी मिडिया > = 28 ल्ब्स,3.405
8019,21st Last,mr:,Marathi,qwen2.5-coder:7b,21व्या अंतिमा,1.897
8020,& Page Size,mr:,Marathi,qwen2.5-coder:7b,& पृष्ठाचा आकार,2.007
8021,Expiration:,mr:,Marathi,qwen2.5-coder:7b,"पुंजाबी: ""पुंजाबी:",2.215
8022,Maturity,mr:,Marathi,qwen2.5-coder:7b,मूल्यांकन,1.489
8023,Color schemes,mr:,Marathi,qwen2.5-coder:7b,कार्यक्रम शैलीं,1.978
8024,Distortion Effects,mr:,Marathi,qwen2.5-coder:7b,दुर्व्यवस्थिती आणि आणि आणि आणि आणि आणि आणि आणि आणि आणि आणि आणि आणि आणि आणि आणि आणि आणि आणि आणि आणि,10.502
8025,Certificate Warning,mr:,Marathi,qwen2.5-coder:7b,प्रमाणपत्र अल्पविचार,2.279
8026,Card Stock,mr:,Marathi,qwen2.5-coder:7b,कार्ड स्टॉक,1.547
8027,Function Types,mr:,Marathi,qwen2.5-coder:7b,फंक्शन वर्गांचे प्रकार,2.439
8028,SSL compatibility,mr:,Marathi,qwen2.5-coder:7b,SSL संगती,1.24
8029,Filename pattern:,mr:,Marathi,qwen2.5-coder:7b,फाइलनावाचे पॅटर्न:,2.189
8030,Convert Layer Tye,mr:,Marathi,qwen2.5-coder:7b,परिवर्तन करा ताप्यात आणि आयामात,3.559
8031,Data Source,mr:,Marathi,qwen2.5-coder:7b,देखील आणि विस्तार करण्यासाठी या बटनाचे फंक्शन उपलब्ध आहे.,5.866
8032,Device Actions,mr:,Marathi,qwen2.5-coder:7b,उपलब्ध वापरासाठी,2.111
8033,LeftImg,mr:,Marathi,qwen2.5-coder:7b,पासे चालण्याचे,1.811
8034,Sphere sweep:,mr:,Marathi,qwen2.5-coder:7b,गोल्याचा आवरण:,1.866
8035,Password level:,mr:,Marathi,qwen2.5-coder:7b,पासवर्ड शैली:,1.873
8036,Foreground color:,mr:,Marathi,qwen2.5-coder:7b,प्रसिद्धान्त रंग:,2.094
8037,ATTN:,mr:,Marathi,qwen2.5-coder:7b,प्रतीक्षा:,1.499
8038,Akonadi Compatibility Resource,mr:,Marathi,qwen2.5-coder:7b,अकोणडी संगतता संसाधन,2.388
8039,& Yellow,mr:,Marathi,qwen2.5-coder:7b,& खालील रंग,1.607
8040,Examples:,mr:,Marathi,qwen2.5-coder:7b,उदाहरणे:,1.274
8041,72 Points,mr:,Marathi,qwen2.5-coder:7b,72 अंके,1.241
8042,Smooth threshold:,mr:,Marathi,qwen2.5-coder:7b,सुंदर घेताव:,1.774
8043,Update interval,mr:,Marathi,qwen2.5-coder:7b,अद्ययोजन अवधि,1.797
8044,Question Glue,mr:,Marathi,qwen2.5-coder:7b,प्रश्न गिल्ले,1.71
8045,Bumps,mr:,Marathi,qwen2.5-coder:7b,मोठे विस्फोटे,1.783
8046,& Trigger word:,mr:,Marathi,qwen2.5-coder:7b,& असर शब्द:,1.594
8047,Unlimited,mr:,Marathi,qwen2.5-coder:7b,अनंत,0.915
8048,Bosnia and Herzegovina,mr:,Marathi,qwen2.5-coder:7b,बोस्निया आणि हर्जेगोविना,2.819
8049,new_folder,mr:,Marathi,qwen2.5-coder:7b,नव्हा फोल्डर,1.662
8050,Target image,mr:,Marathi,qwen2.5-coder:7b,पर्याय चित्र,1.813
8051,Proofing Profile,mr:,Marathi,qwen2.5-coder:7b,प्रमाणांकन विनिमय,2.033
8052,Function Optimizer,mr:,Marathi,qwen2.5-coder:7b,फंक्शन ऑप्टिमाइजर,2.118
8053,color hue,mr:,Marathi,qwen2.5-coder:7b,रंग खालीलांची अवस्था,2.492
8054,Removing items,mr:,Marathi,qwen2.5-coder:7b,आयामांना हटाणा,1.734
8055,& Measurement Converter,mr:,Marathi,qwen2.5-coder:7b,मापाचा चौंसदार,1.958
8056,%1 Received Data,mr:,Marathi,qwen2.5-coder:7b,%1 म्हणून डेटा प्राप्त झाला,3.082
8057,File Associations,mr:,Marathi,qwen2.5-coder:7b,फाईल जोड्यांचे संबंध,2.317
8058,& Help file:,mr:,Marathi,qwen2.5-coder:7b,&मदत फाइल:,1.521
8059,Circle Chart,mr:,Marathi,qwen2.5-coder:7b,चार्य चार्ट,1.633
8060,Last sector:,mr:,Marathi,qwen2.5-coder:7b,पिछला शेटकारी:,1.878
8061,Function & 6:,mr:,Marathi,qwen2.5-coder:7b,Function & 6:,1.104
8062,New Document,mr:,Marathi,qwen2.5-coder:7b,नवीन दस्तऐवज,1.6
8063,height field file,mr:,Marathi,qwen2.5-coder:7b,उंचीता क्षेत्र फाइल,2.209
8064,Encryption method,mr:,Marathi,qwen2.5-coder:7b,माहिती शांती विधी,2.425
8065,Folder name:,mr:,Marathi,qwen2.5-coder:7b,फोल्डर नाव:,1.588
8066,Whistle,mr:,Marathi,qwen2.5-coder:7b,शिकार,0.965
8067,& Follow Mouse Mode,mr:,Marathi,qwen2.5-coder:7b,& बाजू रूपांतरण अवकाश,2.829
8068,Script Name,mr:,Marathi,qwen2.5-coder:7b,शैक्षिक नाव,1.721
8069,Quit KTurtle,mr:,Marathi,qwen2.5-coder:7b,खत्तराचे निर्माण झाला,2.684
8070,Callers,mr:,Marathi,qwen2.5-coder:7b,पर्याप्त नावे,1.758
8071,Sections,mr:,Marathi,qwen2.5-coder:7b,खंडे,0.81
8072,Cisco - PC Adapter Card,mr:,Marathi,qwen2.5-coder:7b,कासिओस - प्रतिबिंधन कार्ड,2.584
8073,Key size:,mr:,Marathi,qwen2.5-coder:7b,कुंजी आकार:,1.566
8074,Direction:,mr:,Marathi,qwen2.5-coder:7b,दिशा:,0.924
8075,Overview Column,mr:,Marathi,qwen2.5-coder:7b,सामान्य शून्या,2.041
8076,Demo profile,mr:,Marathi,qwen2.5-coder:7b,डेमो प्रोफाइल,1.549
8077,PC - > Handheld,mr:,Marathi,qwen2.5-coder:7b,PC - > हांडहाल्ड,1.693
8078,Player 1,mr:,Marathi,qwen2.5-coder:7b,प्लेयर 1,1.259
8079,Diff Statistics,mr:,Marathi,qwen2.5-coder:7b,दिव्याचे अनुमान,1.985
8080,Name of Game,mr:,Marathi,qwen2.5-coder:7b,नाव या खेळाचे,1.802
8081,SpringGreen1,mr:,Marathi,qwen2.5-coder:7b,सूर्यपीन1,1.511
8082,Ethernet Networking,mr:,Marathi,qwen2.5-coder:7b,इथरनेट नेटवर्किंग,2.133
8083,Regularity:,mr:,Marathi,qwen2.5-coder:7b,आवश्यकता:,1.365
8084,& Modifications,mr:,Marathi,qwen2.5-coder:7b,& मूल्यांकने बदलणे,2.29
8085,Arcade Emulator,mr:,Marathi,qwen2.5-coder:7b,अर्केड एमूलेटर,2.169
8086,& Differential geometry,mr:,Marathi,qwen2.5-coder:7b,& विविधता ज्यामिती,2.274
8087,Plasma applet,mr:,Marathi,qwen2.5-coder:7b,प्लाजम अप्लिट,2.01
8088,Shortcut name: f,mr:,Marathi,qwen2.5-coder:7b,क्षेत्राचे नाव: f,2.226
8089,Cheater!,mr:,Marathi,qwen2.5-coder:7b,चेताचे!,1.179
8090,X tile size,mr:,Marathi,qwen2.5-coder:7b,X टाइल आकार,1.816
8091,Destination Numbers,mr:,Marathi,qwen2.5-coder:7b,देवस्थान संख्या,2.07
8092,Copy as & HTML,mr:,Marathi,qwen2.5-coder:7b,पॅस करा & HTML,1.605
8093,Unit metadata,mr:,Marathi,qwen2.5-coder:7b,मात्रा माहिती,1.526
8094,Anchor:,mr:,Marathi,qwen2.5-coder:7b,स्थापना:,1.335
8095,Emphasized,mr:,Marathi,qwen2.5-coder:7b,महत्त्वाच्या,1.718
8096,new_artifact,mr:,Marathi,qwen2.5-coder:7b,नव अंतर्मात्रक,1.765
8097,Track List Editor...,mr:,Marathi,qwen2.5-coder:7b,सूची संपादक...,1.783
8098,Case Sensitive,mr:,Marathi,qwen2.5-coder:7b,सर्वात अनुकूल असणे,2.462
8099,Dash,mr:,Marathi,qwen2.5-coder:7b,डॅश,0.823
8100,North Korea,mr:,Marathi,qwen2.5-coder:7b,नाउथ्रो कोरिया,1.663
8101,Not running,mr:,Marathi,qwen2.5-coder:7b,नाहीले चलते,1.529
8102,Expected,mr:,Marathi,qwen2.5-coder:7b,प्रतीक्षित,1.316
8103,Copy To,mr:,Marathi,qwen2.5-coder:7b,प्रतिलिपित करा,1.901
8104,Google Groups,mr:,Marathi,qwen2.5-coder:7b,गोगल ग्रुप्स,1.504
8105,Some tips,mr:,Marathi,qwen2.5-coder:7b,काही सुझावे,1.39
8106,Swamp thing,mr:,Marathi,qwen2.5-coder:7b,मार्गदर्शन,1.518
8107,Workspace Profile,mr:,Marathi,qwen2.5-coder:7b,स्थानावर विशेषता,2.012
8108,light,mr:,Marathi,qwen2.5-coder:7b,चांद,0.825
8109,Combined,mr:,Marathi,qwen2.5-coder:7b,संयोजित,1.261
8110,Open & With,mr:,Marathi,qwen2.5-coder:7b,खोला & साठे,1.359
8111,system notification,mr:,Marathi,qwen2.5-coder:7b,सिस्टम नोटिफिकेशन,2.183
8112,Stalled,mr:,Marathi,qwen2.5-coder:7b,मोठला,0.985
8113,& First,mr:,Marathi,qwen2.5-coder:7b,& पहिला,1.062
8114,Savings,mr:,Marathi,qwen2.5-coder:7b,संकल्पना,1.309
8115,Browsing Settings,mr:,Marathi,qwen2.5-coder:7b,प्रतिबिंबनीयता सेटिंग्स,2.859
8116,%d: current directory (short),mr:,Marathi,qwen2.5-coder:7b,%d: वर्तमान दिशा (संक्षिप्त),3.293
8117,Previous:,mr:,Marathi,qwen2.5-coder:7b,पिछला:,1.069
8118,Encoder Quality,mr:,Marathi,qwen2.5-coder:7b,एनकोडर गुणवत्ता,1.902
8119,Rechargeable:,mr:,Marathi,qwen2.5-coder:7b,पुनर्जन्यातील:,1.85
8120,Tree:,mr:,Marathi,qwen2.5-coder:7b,पेडीचे नाव:,1.508
8121,Distort,mr:,Marathi,qwen2.5-coder:7b,दुर्व्यवस्थित करणे,2.387
8122,& Main Toolbar,mr:,Marathi,qwen2.5-coder:7b,& मुख्य टूलबार,1.946
8123,Panel,mr:,Marathi,qwen2.5-coder:7b,पनल,0.761
8124,Switzerland,mr:,Marathi,qwen2.5-coder:7b,स्विस्टरियन,1.567
8125,card,mr:,Marathi,qwen2.5-coder:7b,कार्ड,0.917
8126,kwest-search-daemon,mr:,Marathi,qwen2.5-coder:7b,कव्हेस्ट-सर्च-डेमोन,2.53
8127,How to obtain & konsolekalendar;,mr:,Marathi,qwen2.5-coder:7b,कैसे अपलांचे & कॉनसोल कॅलेंडर जाणून पाहिजे;,4.817
8128,American Foolscap,mr:,Marathi,qwen2.5-coder:7b,अमेरिकी फूल्सकाप,2.252
8129,Subtitles,mr:,Marathi,qwen2.5-coder:7b,पट्टीहरू,1.37
8130,Hero,mr:,Marathi,qwen2.5-coder:7b,हरो,0.717
8131,material map,mr:,Marathi,qwen2.5-coder:7b,मात्रियाचा अनुक्रमण,2.078
8132,Extending & quantaplus;,mr:,Marathi,qwen2.5-coder:7b,विस्तार करणे & कौंटीप्लस;,2.863
8133,Torrent files,mr:,Marathi,qwen2.5-coder:7b,तर्टन फाइल्स,1.598
8134,"Unable to save %1 ""%2"".",mr:,Marathi,qwen2.5-coder:7b,कॅप्चर निर्मित झाली नाही.,3.421
8135,& Jens. Hoefkens;,mr:,Marathi,qwen2.5-coder:7b,& जेन्स. हॉफकेंस;,2.394
8136,(Extreme Quality),mr:,Marathi,qwen2.5-coder:7b,(प्रत्यक्ष गुणवत्ता),2.31
8137,Part Class,mr:,Marathi,qwen2.5-coder:7b,पार्ट क्लास,1.536
8138,force,mr:,Marathi,qwen2.5-coder:7b,प्रवाहित करणे,1.493
8139,Income:,mr:,Marathi,qwen2.5-coder:7b,आया:,0.787
8140,Update & interval:,mr:,Marathi,qwen2.5-coder:7b,अद्ययात & अंतराल:,2.107
8141,Rotated 180 degrees,mr:,Marathi,qwen2.5-coder:7b,180 डिग्री घेठले,2.053
8142,Underlining:,mr:,Marathi,qwen2.5-coder:7b,प्रसारण:,1.258
8143,"The ""repeat"" loop",mr:,Marathi,qwen2.5-coder:7b,चक्र चढवणे,1.609
8144,Authentication error.,mr:,Marathi,qwen2.5-coder:7b,प्रमाणप्राप्ती त्रुटी.,2.418
8145,Empty Location,mr:,Marathi,qwen2.5-coder:7b,खाली स्थान,1.396
8146,Flowers,mr:,Marathi,qwen2.5-coder:7b,फूले,0.976
8147,Value:,mr:,Marathi,qwen2.5-coder:7b,मूल्य:,1.151
8148,CPU Frequency:,mr:,Marathi,qwen2.5-coder:7b,कॅप्यूटरचे फ्रीक्यूनेसी:,3.079
8149,backward (bw),mr:,Marathi,qwen2.5-coder:7b,पासून (प्व),1.574
8150,Delete Object,mr:,Marathi,qwen2.5-coder:7b,परिणामांना अडून करा,2.502
8151,StatusNet server:,mr:,Marathi,qwen2.5-coder:7b,स्थितीनेट सर्वर:,2.046
8152,Copies:,mr:,Marathi,qwen2.5-coder:7b,कॉपीही:,1.314
8153,User_%1,mr:,Marathi,qwen2.5-coder:7b,योजक_%1,1.33
8154,Download Speed,mr:,Marathi,qwen2.5-coder:7b,डाउनलोड गती,1.634
8155,Shear,mr:,Marathi,qwen2.5-coder:7b,शेयर,0.885
8156,Avoid,mr:,Marathi,qwen2.5-coder:7b,उन्हीं दूर करण्यात आहे,2.586
8157,Use PFS,mr:,Marathi,qwen2.5-coder:7b,प्रयोग करा PFS,1.519
8158,Structure Group Editor,mr:,Marathi,qwen2.5-coder:7b,संरचना ग्रुप संपादक,2.13
8159,Keyboard Map Tool,mr:,Marathi,qwen2.5-coder:7b,मोठी यादी टूल,1.926
8160,Interface,mr:,Marathi,qwen2.5-coder:7b,इंटरफ़ेस,1.293
8161,Create New Project,mr:,Marathi,qwen2.5-coder:7b,नव्ही विशेषकार बनाणा,2.41
8162,ChargedParticleErrors,mr:,Marathi,qwen2.5-coder:7b,चालू वाद्यात्मक गतिविधी त्रुटींचे वर्णन,4.346
8163,Typewriter - \\texttt{},mr:,Marathi,qwen2.5-coder:7b,मोठी टापी - \\texttt{},2.076
8164,Translation Units,mr:,Marathi,qwen2.5-coder:7b,परिभाषा यंत्रांची संख्या,2.688
8165,Category Medium,mr:,Marathi,qwen2.5-coder:7b,श्रेणी मध्यम,1.493
8166,Templates directory,mr:,Marathi,qwen2.5-coder:7b,पट्ट्यांचे दस्तऐवज,2.281
8167,Yugoslavian Dinar,mr:,Marathi,qwen2.5-coder:7b,युगोस्लाव दिनार,2.053
8168,Connected.,mr:,Marathi,qwen2.5-coder:7b,संबंधित.,1.27
8169,drive partition,mr:,Marathi,qwen2.5-coder:7b,ड्राइव पार्टिशन,1.789
8170,MINUTES(time),mr:,Marathi,qwen2.5-coder:7b,मिनिटे (%s),1.36
8171,Centered,mr:,Marathi,qwen2.5-coder:7b,मध्यमात्मक,1.411
8172,Font Size+1,mr:,Marathi,qwen2.5-coder:7b,फॉन्ट आकार +1,1.819
8173,Background Shading,mr:,Marathi,qwen2.5-coder:7b,पृथ्वीचे शेडिंग,2.044
8174,A flower,mr:,Marathi,qwen2.5-coder:7b,फूल,0.839
8175,searchOption,mr:,Marathi,qwen2.5-coder:7b,शोध विकल्प,1.574
8176,New name:,mr:,Marathi,qwen2.5-coder:7b,नव्हा नाव:,1.4
8177,sources,mr:,Marathi,qwen2.5-coder:7b,स्रोते,0.915
8178,Operations Menu,mr:,Marathi,qwen2.5-coder:7b,विनियोजन मूल्यांकन,2.394
8179,Cube dimensions: %1x%2x%3,mr:,Marathi,qwen2.5-coder:7b,क्यूब आकार: %1x%2x%3,2.908
8180,Alternative Name,mr:,Marathi,qwen2.5-coder:7b,उत्तरांतील नाव,1.853
8181,developer,mr:,Marathi,qwen2.5-coder:7b,डेवलपर,1.051
8182,Opponent:,mr:,Marathi,qwen2.5-coder:7b,प्रतिविरुद्धी:,1.762
8183,Medium,mr:,Marathi,qwen2.5-coder:7b,मध्यम,0.943
8184,Appearance time:,mr:,Marathi,qwen2.5-coder:7b,वास्तविकता समय:,1.874
8185,Not Started,mr:,Marathi,qwen2.5-coder:7b,नाहीं शुरू केले गेले,2.518
8186,Tardis image,mr:,Marathi,qwen2.5-coder:7b,तार्डिस चित्र,1.785
8187,Key Bindings,mr:,Marathi,qwen2.5-coder:7b,कुंजी बंधने,1.597
8188,Running....,mr:,Marathi,qwen2.5-coder:7b,रन गेणे आहे...,1.769
8189,Rendering Intent:,mr:,Marathi,qwen2.5-coder:7b,प्रतिबिंबनिष्ठता:,2.066
8190,36 MB or more,mr:,Marathi,qwen2.5-coder:7b,36 MB या अधिक,1.635
8191,Coloring:,mr:,Marathi,qwen2.5-coder:7b,रंगावणे:,1.334
8192,Hold,mr:,Marathi,qwen2.5-coder:7b,होणा,0.802
8193,Actions Settings,mr:,Marathi,qwen2.5-coder:7b,कार्यात्मक सेटिंग्स,2.162
8194,Presence Status,mr:,Marathi,qwen2.5-coder:7b,प्रसिद्धीचे अवस्था,2.164
8195,How to obtain & kalzium;,mr:,Marathi,qwen2.5-coder:7b,कैसे & काल्जियम जाणून पाठवा;,3.492
8196,Audio channel:,mr:,Marathi,qwen2.5-coder:7b,आवडी चौंकी:,1.655
8197,ImagePlugin_DistortionFX,mr:,Marathi,qwen2.5-coder:7b,प्रतिबंध फक्टर,2.135
8198,Run project,mr:,Marathi,qwen2.5-coder:7b,परियोजना चालवा,1.885
8199,Log & Out,mr:,Marathi,qwen2.5-coder:7b,लॉग आउट,1.259
8200,Grid spacing:,mr:,Marathi,qwen2.5-coder:7b,ग्रिड स्पेसिंग:,1.678
8201,Searches,mr:,Marathi,qwen2.5-coder:7b,खोजणे,0.927
8202,Notifications,mr:,Marathi,qwen2.5-coder:7b,नोटिफिकेशन्स,1.588
8203,Sent,mr:,Marathi,qwen2.5-coder:7b,पाठविले,1.26
8204,Participants,mr:,Marathi,qwen2.5-coder:7b,पार्टिसिंग्स,1.651
8205,Key Properties,mr:,Marathi,qwen2.5-coder:7b,कुंपणीचे महत्त्वाचे प्रॉप्शने,3.184
8206,ImagePlugin_ContentAwareResizing,mr:,Marathi,qwen2.5-coder:7b,प्रतिबिंबप्रसंस्थान_सामान्यतःबदलने,4.145
8207,Acceleration:,mr:,Marathi,qwen2.5-coder:7b,त्याची वेगाची वेग:,2.248
8208,Referenced Column,mr:,Marathi,qwen2.5-coder:7b,संदर्भित स्तंभ,1.832
8209,Print size:,mr:,Marathi,qwen2.5-coder:7b,प्रिंट आकार:,1.576
8210,Filtering & action:,mr:,Marathi,qwen2.5-coder:7b,फिल्टर करणे & कार्य करणे:,2.592
8211,Game,mr:,Marathi,qwen2.5-coder:7b,खेल,0.73
8212,Bibliographic Data (BibTeXML),mr:,Marathi,qwen2.5-coder:7b,पुस्तकालयाची माहिती (BibTeXML),3.231
8213,& Function...,mr:,Marathi,qwen2.5-coder:7b,& फंक्शन...,1.387
8214,Adverb,mr:,Marathi,qwen2.5-coder:7b,अव्यय,0.995
8215,Column name,mr:,Marathi,qwen2.5-coder:7b,शून्याचे नाव,1.767
8216,Vfs options:,mr:,Marathi,qwen2.5-coder:7b,व्हीएफएस विकल्पे:,2.224
8217,Track Comment,mr:,Marathi,qwen2.5-coder:7b,ट्रॅक कमेंट,1.499
8218,Hand writing,mr:,Marathi,qwen2.5-coder:7b,हाताचे लिहणे,1.651
8219,Lower Austria,mr:,Marathi,qwen2.5-coder:7b,मोठ्या अस्ट्रिया,1.876
8220,Source Medium,mr:,Marathi,qwen2.5-coder:7b,स्रोत विषय,1.365
8221,Date Correction:,mr:,Marathi,qwen2.5-coder:7b,दिवसीय संपादन:,1.885
8222,green:,mr:,Marathi,qwen2.5-coder:7b,हिरवा:,1.168
8223,File Naming Scheme,mr:,Marathi,qwen2.5-coder:7b,फाइल नावनी शैक्षणिकी,2.601
8224,(body part),mr:,Marathi,qwen2.5-coder:7b,(शरीराचा भाग),1.819
8225,Early Start,mr:,Marathi,qwen2.5-coder:7b,प्रारम्भ झाला,1.649
8226,Spanish (Paraguay),mr:,Marathi,qwen2.5-coder:7b,स्पेनिश (पारग्वाय),2.223
8227,Document Structure Tree,mr:,Marathi,qwen2.5-coder:7b,दस्तऐवज संरचना पेशी,2.232
8228,See The & khelpcenter;.,mr:,Marathi,qwen2.5-coder:7b,खालील & khelpcenter; देखा.,2.384
8229,Launch Feedback,mr:,Marathi,qwen2.5-coder:7b,प्रतिक्रिया देणा,1.878
8230,group password,mr:,Marathi,qwen2.5-coder:7b,ग्रुप पासवर्ड,1.577
8231,Browsing,mr:,Marathi,qwen2.5-coder:7b,ब्राउजिंग,1.306
8232,Logon home:,mr:,Marathi,qwen2.5-coder:7b,लॉग घर:,1.449
8233,Transfer details:,mr:,Marathi,qwen2.5-coder:7b,पाठवण्याचे विवरण:,2.276
8234,Contents of %1,mr:,Marathi,qwen2.5-coder:7b,माहिती आहे %1,1.685
8235,Window title:,mr:,Marathi,qwen2.5-coder:7b,ज़िवाचे शीर्षक:,2.06
8236,& Rename Account,mr:,Marathi,qwen2.5-coder:7b,&खाता बदला,1.539
8237,Uppercase letters,mr:,Marathi,qwen2.5-coder:7b,उपरांत अक्षरे,1.867
8238,Sierra Leone,mr:,Marathi,qwen2.5-coder:7b,सियार लोनेय,1.576
8239,LaTeX Environment,mr:,Marathi,qwen2.5-coder:7b,लेटेक्स वास्तविकता,2.356
8240,Search results:,mr:,Marathi,qwen2.5-coder:7b,शोध परिणाम:,1.577
8241,Graphics,mr:,Marathi,qwen2.5-coder:7b,ग्राफिक्स,1.211
8242,Extra Files,mr:,Marathi,qwen2.5-coder:7b,अतिरिक्त फाइले,1.77
8243,Resource,mr:,Marathi,qwen2.5-coder:7b,संस्कृती,1.289
8244,KDE version:,mr:,Marathi,qwen2.5-coder:7b,KDE वर्षणा:,1.515
8245,& kde; on & AIX;?,mr:,Marathi,qwen2.5-coder:7b,& kde; आणि & AIX;?,2.067
8246,Output levels,mr:,Marathi,qwen2.5-coder:7b,आउटपुट त्यांचे स्तरे,2.455
8247,"Letter, Grayscale",mr:,Marathi,qwen2.5-coder:7b,"पत्र, चालक्षण्य",1.863
8248,& ktimetracker;,mr:,Marathi,qwen2.5-coder:7b,&क्यामार्ट्रॅक्कर;,2.372
8249,Locality,mr:,Marathi,qwen2.5-coder:7b,स्थानीयता,1.437
8250,Project Views,mr:,Marathi,qwen2.5-coder:7b,परियाय देखवा,1.598
8251,Cisco - FC Storage,mr:,Marathi,qwen2.5-coder:7b,कासिओस - फीसी स्टोरेज,2.403
8252,Median:,mr:,Marathi,qwen2.5-coder:7b,मध्यम:,1.006
8253,Animate Effect,mr:,Marathi,qwen2.5-coder:7b,अनिमेट आकर्षण,1.707
8254,A %1 (custom widget),mr:,Marathi,qwen2.5-coder:7b,A %1 (स्वचालित विड्जिट),2.705
8255,Pressure,mr:,Marathi,qwen2.5-coder:7b,प्रेशन,0.922
8256,State Toolbar,mr:,Marathi,qwen2.5-coder:7b,प्रदेश टूलबार,1.888
8257,Edit Type,mr:,Marathi,qwen2.5-coder:7b,प्रकार संशोधित करा,1.972
8258,Transfer Progress,mr:,Marathi,qwen2.5-coder:7b,प्रसार प्रगती,1.48
8259,Minimum value:,mr:,Marathi,qwen2.5-coder:7b,मिनिमल वैल्यू:,2.056
8260,Staple,mr:,Marathi,qwen2.5-coder:7b,स्टॅपल,1.171
8261,Containers,mr:,Marathi,qwen2.5-coder:7b,निर्माणांचे वस्तूंचे नाव,2.867
8262,Church Organ,mr:,Marathi,qwen2.5-coder:7b,कार्यालय अंग्रेजी,1.979
8263,"GUI design, plugins",mr:,Marathi,qwen2.5-coder:7b,"डिजाइन ऑफ गी, प्लगइन्स",2.846
8264,& smime; signing certificate,mr:,Marathi,qwen2.5-coder:7b,&smime; सांगण चालाला चालाला,2.897
8265,Space,mr:,Marathi,qwen2.5-coder:7b,स्पेस,0.98
8266,Project's database name:,mr:,Marathi,qwen2.5-coder:7b,परियायाचे डेटाबेस नाव:,2.62
8267,Update interval:,mr:,Marathi,qwen2.5-coder:7b,अपडेट अंतराल:,1.76
8268,KOrganizer Part Interface,mr:,Marathi,qwen2.5-coder:7b,कोर्गनार्ज भाग अभ्यास,2.779
8269,Parent directory,mr:,Marathi,qwen2.5-coder:7b,पाठ्यक्रमणीय दिशा,2.103
8270,COUNTBLANK(range),mr:,Marathi,qwen2.5-coder:7b,शून्यांची गणना (रेंज),2.785
8271,Alarm List,mr:,Marathi,qwen2.5-coder:7b,आलाम तयारी यादारी,2.092
8272,Photograph Restoration,mr:,Marathi,qwen2.5-coder:7b,फोटो रिस्टोर करणे,2.103
8273,Textured,mr:,Marathi,qwen2.5-coder:7b,मोठी विशेषता,1.611
8274,A Major,mr:,Marathi,qwen2.5-coder:7b,महत्त्वाचे,1.385
8275,Remote IP address (for tunnel),mr:,Marathi,qwen2.5-coder:7b,रोमेट आयपी अड्रेस (तुलना लागू करण्यासाठी),4.531
8276,Page size,mr:,Marathi,qwen2.5-coder:7b,पृष्ठाचा आकार,1.879
8277,Computer Difficulty,mr:,Marathi,qwen2.5-coder:7b,मोठ्या कंप्यूटर दुख्यात,2.624
8278,Channel & List,mr:,Marathi,qwen2.5-coder:7b,कांड आणि सूची,1.723
8279,new_association,mr:,Marathi,qwen2.5-coder:7b,नवीन संबंध,1.417
8280,House number,mr:,Marathi,qwen2.5-coder:7b,पर्यायांची नंबर,1.919
8281,Colour Correction Mode,mr:,Marathi,qwen2.5-coder:7b,मोड योग्यता संशोधन,2.238
8282,Password hash:,mr:,Marathi,qwen2.5-coder:7b,पासवर्ड हैश:,1.659
8283,Context annotation plugin,mr:,Marathi,qwen2.5-coder:7b,प्रतिस्थान अनोटेशन प्लगइन,2.833
8284,Mnt. Point,mr:,Marathi,qwen2.5-coder:7b,म्हणजे,1.146
8285,Day length:,mr:,Marathi,qwen2.5-coder:7b,दिवशीलांचा लांबी:,2.081
8286,Warning Dialogs,mr:,Marathi,qwen2.5-coder:7b,चेतावनी डिलगाहां,2.358
8287,Confirmations,mr:,Marathi,qwen2.5-coder:7b,पुष्टीकरणे,1.458
8288,Source Position,mr:,Marathi,qwen2.5-coder:7b,स्रोत स्थान,1.37
8289,Trails,mr:,Marathi,qwen2.5-coder:7b,पायथर्वे,1.293
8290,Burning,mr:,Marathi,qwen2.5-coder:7b,पाटण्यात,1.476
8291,deleting,mr:,Marathi,qwen2.5-coder:7b,मिळवते,1.263
8292,direction filter,mr:,Marathi,qwen2.5-coder:7b,दिशा फिल्टर,1.553
8293,Adjust Curve,mr:,Marathi,qwen2.5-coder:7b,कॉर्व्ह राहताला राहताला,2.912
8294,10% of Node,mr:,Marathi,qwen2.5-coder:7b,10% नोड्यात,1.693
8295,File Comparison Mode,mr:,Marathi,qwen2.5-coder:7b,फाईल सामान्य विधायाचे मोड,2.8
8296,4 for Slackware,mr:,Marathi,qwen2.5-coder:7b,4 लागूसाठी,1.693
8297,Size of Cell,mr:,Marathi,qwen2.5-coder:7b,आयताचे आकार,1.557
8298,Collaboration Message,mr:,Marathi,qwen2.5-coder:7b,सामाजिकता संदेश,1.843
8299,of May,mr:,Marathi,qwen2.5-coder:7b,मार्चमध्ये,1.415
8300,& Devices List,mr:,Marathi,qwen2.5-coder:7b,& नमूने सूची,1.746
8301,Signature Editor,mr:,Marathi,qwen2.5-coder:7b,सांस्कृतिक संपादक,2.133
8302,PIM Synchronization,mr:,Marathi,qwen2.5-coder:7b,पीएमआय संश्लेषण,1.969
8303,Input file,mr:,Marathi,qwen2.5-coder:7b,फाइल आवश्यक आहे,1.992
8304,Goal Seeking,mr:,Marathi,qwen2.5-coder:7b,प्रसारण झाला,1.567
8305,Metalink published,mr:,Marathi,qwen2.5-coder:7b,मिळाले मिळाले,1.633
8306,No replacements made.,mr:,Marathi,qwen2.5-coder:7b,कोणतीही प्रतिस्थापन झाली नाही.,3.209
8307,TNEF Correlation Key,mr:,Marathi,qwen2.5-coder:7b,त्यांची विशेषता,2.08
8308,Force tabs,mr:,Marathi,qwen2.5-coder:7b,फोर्स टॅब्स,1.665
8309,Topic,mr:,Marathi,qwen2.5-coder:7b,विषय,0.816
8310,Collection List,mr:,Marathi,qwen2.5-coder:7b,संग्रह सूची,1.467
8311,CPU Architecture,mr:,Marathi,qwen2.5-coder:7b,कॅप्चुआरचरक्टरिस्टिक,2.548
8312,Russia,mr:,Marathi,qwen2.5-coder:7b,रूसia,0.925
8313,Exposure:,mr:,Marathi,qwen2.5-coder:7b,प्रतिबन्ध:,1.312
8314,"Best regards,",mr:,Marathi,qwen2.5-coder:7b,"शुभ दिवस,",1.474
8315,Preparation Method,mr:,Marathi,qwen2.5-coder:7b,प्रतियोजन विधि,1.74
8316,Altitude at noon:,mr:,Marathi,qwen2.5-coder:7b,उपरात्रच्या उंचाई:,2.153
8317,PGP 6 compatibility,mr:,Marathi,qwen2.5-coder:7b,PGP 6 संगती,1.495
8318,IFHP Driver (%1),mr:,Marathi,qwen2.5-coder:7b,आणि फाइल वापरण्यासाठी दुवै फाइल चालू करा.,4.789
8319,Enrollment timer event,mr:,Marathi,qwen2.5-coder:7b,प्रवेश डिस्कावर्ड घटना,2.731
8320,Without,mr:,Marathi,qwen2.5-coder:7b,निर्वाही,1.389
8321,Lava-Island,mr:,Marathi,qwen2.5-coder:7b,लवा-इळ्यासाठी,1.905
8322,KTTSD Phonon audio plugin,mr:,Marathi,qwen2.5-coder:7b,कट्ट्सड फोनन ऑडियो प्लगइन,3.09
8323,RoyalBlue1,mr:,Marathi,qwen2.5-coder:7b,राजालाल्ब्लु1,1.874
8324,Sudden Winds,mr:,Marathi,qwen2.5-coder:7b,चांदीचे वायु,1.705
8325,Credit:,mr:,Marathi,qwen2.5-coder:7b,क्रेडिट:,1.102
8326,Bookmark Properties,mr:,Marathi,qwen2.5-coder:7b,पुकारणांचे प्रॉप्स,2.091
8327,List Box,mr:,Marathi,qwen2.5-coder:7b,सूची बॉक्स,1.636
8328,Grid color:,mr:,Marathi,qwen2.5-coder:7b,ग्रिड कार्यालय:,1.787
8329,WX rotation speed,mr:,Marathi,qwen2.5-coder:7b,WX रोटेशन गती,1.738
8330,Main text,mr:,Marathi,qwen2.5-coder:7b,मुख्य पाठ्य,1.412
8331,Summary Selection,mr:,Marathi,qwen2.5-coder:7b,सारांश चयन,1.383
8332,Media size:,mr:,Marathi,qwen2.5-coder:7b,मीडिया आकार:,1.576
8333,Batch Queue Manager,mr:,Marathi,qwen2.5-coder:7b,माहिती घेतणा प्रबंधक,2.223
8334,localPosition1Variance,mr:,Marathi,qwen2.5-coder:7b,लोकलपोजिशन1वरिएंस,2.485
8335,Refine Path,mr:,Marathi,qwen2.5-coder:7b,पथ सुधारणा,1.452
8336,Hor. Alignment,mr:,Marathi,qwen2.5-coder:7b,होर. संरेख्या,1.656
8337,Indentation amount:,mr:,Marathi,qwen2.5-coder:7b,अंतरालाची मात्रा:,1.951
8338,Account type,mr:,Marathi,qwen2.5-coder:7b,खाता प्रकार,1.389
8339,Project major version,mr:,Marathi,qwen2.5-coder:7b,परियोजना महत्त्वाची वर्षणा,2.908
8340,& Image size type:,mr:,Marathi,qwen2.5-coder:7b,& चित्राचे आकार प्रकार:,2.572
8341,Secure:,mr:,Marathi,qwen2.5-coder:7b,सुरक्षित:,1.346
8342,kind,mr:,Marathi,qwen2.5-coder:7b,मिळणे,0.912
8343,Variance (Dur),mr:,Marathi,qwen2.5-coder:7b,वरिवाज (दर),1.554
8344,NetBIOS name:,mr:,Marathi,qwen2.5-coder:7b,नेटबीओस नाव:,1.737
8345,disks,mr:,Marathi,qwen2.5-coder:7b,डिस्क्स,1.136
8346,Folder selection,mr:,Marathi,qwen2.5-coder:7b,फोल्डर चयन,1.408
8347,Could not open %1,mr:,Marathi,qwen2.5-coder:7b,%1 खोला शकत नाही,2.323
8348,Active Downloads,mr:,Marathi,qwen2.5-coder:7b,सक्रिय डाउनलोड्स,2.203
8349,LDAP User filter,mr:,Marathi,qwen2.5-coder:7b,LDAP व्यक्ती फिल्टर,2.362
8350,Phone,mr:,Marathi,qwen2.5-coder:7b,फोन,0.73
8351,Start & time:,mr:,Marathi,qwen2.5-coder:7b,शुरू झाले & समय:,1.993
8352,Gadu-Gadu contacts list,mr:,Marathi,qwen2.5-coder:7b,गदु-गदु संपर्क सूची,2.503
8353,Never,mr:,Marathi,qwen2.5-coder:7b,नाहीं,0.946
8354,layout,mr:,Marathi,qwen2.5-coder:7b,आणि,0.727
8355,Time Zone,mr:,Marathi,qwen2.5-coder:7b,समय जांचा,1.305
8356,File Manager,mr:,Marathi,qwen2.5-coder:7b,फाइल मॅनेजर,1.599
8357,Resolution Enhancement,mr:,Marathi,qwen2.5-coder:7b,समाधान वेळाची वृद्धी,2.792
8358,Anti-alias lines,mr:,Marathi,qwen2.5-coder:7b,अंतिम रेखा,1.591
8359,Constant of Gravitation,mr:,Marathi,qwen2.5-coder:7b,गुरुत्वाकारणाची अचारणी,2.799
8360,Curves Adjust...,mr:,Marathi,qwen2.5-coder:7b,कृत्रिमांकांना समारोहित करा...,3.261
8361,Position Slider,mr:,Marathi,qwen2.5-coder:7b,पद्धती स्लाइडर,1.843
8362,Playlist Information,mr:,Marathi,qwen2.5-coder:7b,प्लेलिस्ट जाहिरात,2.188
8363,Velocity,mr:,Marathi,qwen2.5-coder:7b,वेलोसिटी,1.23
8364,Attach Label,mr:,Marathi,qwen2.5-coder:7b,लेबल जोडणे,1.664
8365,Slider Control Settings,mr:,Marathi,qwen2.5-coder:7b,स्लाइडर नियंत्रण सेटिंग्स,2.831
8366,Traffic,mr:,Marathi,qwen2.5-coder:7b,मार्गदर्शन,1.476
8367,Password file,mr:,Marathi,qwen2.5-coder:7b,पासवर्ड फाइल,1.689
8368,SteelBlue1,mr:,Marathi,qwen2.5-coder:7b,स्टीलब्लू1,1.63
8369,Cancel,mr:,Marathi,qwen2.5-coder:7b,रद्द करणे,1.181
8370,Slide Show,mr:,Marathi,qwen2.5-coder:7b,स्लाइडशो,1.227
8371,End Date,mr:,Marathi,qwen2.5-coder:7b,परिणामात्मक तारीख,2.198
8372,Pre-amp,mr:,Marathi,qwen2.5-coder:7b,प्री-अम्प,1.373
8373,JPEG 2000 quality:,mr:,Marathi,qwen2.5-coder:7b,JPEG 2000 गुणवत्ता:,2.129
8374,LightSkyBlue2,mr:,Marathi,qwen2.5-coder:7b,लाइटस्कायब्लू2,2.046
8375,Channel: %1_,mr:,Marathi,qwen2.5-coder:7b,कांड: %1_,1.353
8376,Panel Background,mr:,Marathi,qwen2.5-coder:7b,पनल बॅकग्राउंड,1.803
8377,network,mr:,Marathi,qwen2.5-coder:7b,नेटवर्क,1.089
8378,Sudoku Game,mr:,Marathi,qwen2.5-coder:7b,सुडोकू खेळ,1.651
8379,application,mr:,Marathi,qwen2.5-coder:7b,अप्लिकेशन,1.334
8380,by Date/ Time,mr:,Marathi,qwen2.5-coder:7b,दिवशी / समयात द्या,2.159
8381,X funky,mr:,Marathi,qwen2.5-coder:7b,"खालील शब्दाची अनुवाद: ""खालील शब्दाची अनुवाद: %s",5.006
8382,Fax System Selection,mr:,Marathi,qwen2.5-coder:7b,फॅक्स सिस्टम चयन,2.115
8383,Replacement,mr:,Marathi,qwen2.5-coder:7b,प्रतिस्थापन,1.472
8384,Using & kmail;,mr:,Marathi,qwen2.5-coder:7b,खालील वापरा & kmail;,2.134
8385,Job Tracker,mr:,Marathi,qwen2.5-coder:7b,जोब ट्रॅकर,1.441
8386,Rating Filter,mr:,Marathi,qwen2.5-coder:7b,रेटिंग फिल्टर,1.873
8387,Preserve hard links,mr:,Marathi,qwen2.5-coder:7b,हार्ड लिंक्स रक्षित करणा,2.85
8388,By Date/ Time,mr:,Marathi,qwen2.5-coder:7b,दिवस/समय आधारित,1.976
8389,Hendrik vom Lehn (hennevl at hennevl de): Developer,mr:,Marathi,qwen2.5-coder:7b,हेंड्रिक लेन्हमधील (hennevl at hennevl de): डेवलपर,4.317
8390,Away message:,mr:,Marathi,qwen2.5-coder:7b,विनंती:,1.291
8391,File Size Viewer,mr:,Marathi,qwen2.5-coder:7b,फाईल आकार वेचकर्ता,2.214
8392,Reviewer,mr:,Marathi,qwen2.5-coder:7b,मूल्यांकनकर्ता,1.865
8393,Trackers,mr:,Marathi,qwen2.5-coder:7b,ट्रॅकर्स,1.314
8394,Integration Settings,mr:,Marathi,qwen2.5-coder:7b,संयोजन सेटिंग्स,1.875
8395,localPosition2,mr:,Marathi,qwen2.5-coder:7b,localPosition2,0.837
8396,& Music,mr:,Marathi,qwen2.5-coder:7b,& म्हूळ्यातील शैली,2.503
8397,MediumSlateBlue,mr:,Marathi,qwen2.5-coder:7b,मध्यम श्लेट ब्लू,2.313
8398,%1 user,mr:,Marathi,qwen2.5-coder:7b,%1 व्यक्ती,1.501
8399,"The ""%1"" script output:",mr:,Marathi,qwen2.5-coder:7b,%1 या व्याख्या योग्यता:,2.945
8400,Tabular Environments,mr:,Marathi,qwen2.5-coder:7b,ताबुलार वास्तविकताः,2.364
8401,KDM configuration,mr:,Marathi,qwen2.5-coder:7b,कडम व्यवस्था,1.721
8402,Fold,mr:,Marathi,qwen2.5-coder:7b,फोड्या,1.03
8403,Line Feed Adjustment,mr:,Marathi,qwen2.5-coder:7b,पंक्ती फ्रीम राहता झाला,2.681
8404,& Playground,mr:,Marathi,qwen2.5-coder:7b,& खेळाला,1.312
8405,Assignments,mr:,Marathi,qwen2.5-coder:7b,प्रतिश्रुतीं,1.519
8406,Backup Profiles,mr:,Marathi,qwen2.5-coder:7b,प्रोफाइल्स बॅकअप करण्यासाठी,3.077
8407,Density File,mr:,Marathi,qwen2.5-coder:7b,फाइल आवश्यकता,1.809
8408,Icon List,mr:,Marathi,qwen2.5-coder:7b,आयोजन तयारी करणे,1.987
8409,& System connection,mr:,Marathi,qwen2.5-coder:7b,& प्रणाली संबंध,1.713
8410,Function & 9:,mr:,Marathi,qwen2.5-coder:7b,कार्य & 9:,1.586
8411,backward X,mr:,Marathi,qwen2.5-coder:7b,पूर्व X,1.161
8412,Disk Copy,mr:,Marathi,qwen2.5-coder:7b,डिस्क कॉपी,1.524
8413,Color wheel,mr:,Marathi,qwen2.5-coder:7b,कार्यालय,1.268
8414,Black Printing Mode,mr:,Marathi,qwen2.5-coder:7b,काले प्रिंटिंग मोड,2.021
8415,Plugin Manager,mr:,Marathi,qwen2.5-coder:7b,प्लगइन मॅनेजर,1.818
8416,Properties,mr:,Marathi,qwen2.5-coder:7b,प्रॉप्स,1.151
8417,OpenGL Image Viewer...,mr:,Marathi,qwen2.5-coder:7b,OpenGL चित्र वेचक...,1.858
8418,is / is not,mr:,Marathi,qwen2.5-coder:7b,आहे / आहे नाहीं,1.96
8419,Navigation Settings.,mr:,Marathi,qwen2.5-coder:7b,नाविगेशन सेटिंग्स.,2.163
8420,Input File:,mr:,Marathi,qwen2.5-coder:7b,फाइल आवश्यक आहे:,2.094
8421,& kexi; Developers:,mr:,Marathi,qwen2.5-coder:7b,& kexi; डेवलपर्स:,2.17
8422,Profile description,mr:,Marathi,qwen2.5-coder:7b,प्रोफाइल विवरण,1.74
8423,Assembly Instructions,mr:,Marathi,qwen2.5-coder:7b,संस्कारणाचे इन्स्ट्रक्शने,2.825
8424,Red Wine,mr:,Marathi,qwen2.5-coder:7b,रांगीन वाइन,1.613
8425,Pyruvic Acid,mr:,Marathi,qwen2.5-coder:7b,पायरुविक असिड,1.768
8426,Trail length,mr:,Marathi,qwen2.5-coder:7b,पायाचे लांबी,1.67
8427,anonymous,mr:,Marathi,qwen2.5-coder:7b,अनानामी,1.156
8428,Starting the & kcontrol;,mr:,Marathi,qwen2.5-coder:7b,कॉन्ट्रोल शुरू करतात;,2.706
8429,Random Data,mr:,Marathi,qwen2.5-coder:7b,अनुकूल डेटा,1.711
8430,Calculated,mr:,Marathi,qwen2.5-coder:7b,संगणित केले,1.659
8431,& Search for:,mr:,Marathi,qwen2.5-coder:7b,&शोधा करा:,1.364
8432,Default Applications,mr:,Marathi,qwen2.5-coder:7b,डिफॉल्ट अप्प्लिकेशने,2.534
8433,XSync Based (recommended),mr:,Marathi,qwen2.5-coder:7b,XSync आणि (सुझावित),2.209
8434,Textquote:,mr:,Marathi,qwen2.5-coder:7b,पाठळे:,1.255
8435,Precision:,mr:,Marathi,qwen2.5-coder:7b,प्रसिद्धी:,1.346
8436,Pilot & user:,mr:,Marathi,qwen2.5-coder:7b,पिलोट आणि वापरकर्ता:,2.611
8437,System group:,mr:,Marathi,qwen2.5-coder:7b,सिस्टम ग्रुप:,1.691
8438,Animate icons,mr:,Marathi,qwen2.5-coder:7b,आयोजना करा,1.334
8439,Adaptive Random,mr:,Marathi,qwen2.5-coder:7b,अनुप्रयोगी यादृच्छिक,2.376
8440,Image Management,mr:,Marathi,qwen2.5-coder:7b,प्रतीकांकने प्रबंधन,2.067
8441,Hong Kong Dollar,mr:,Marathi,qwen2.5-coder:7b,हंगाको डॉलर,1.73
8442,Elevation (meters):,mr:,Marathi,qwen2.5-coder:7b,उठाव (मिटर):,1.608
8443,no medium,mr:,Marathi,qwen2.5-coder:7b,नाहीं मध्यम,1.472
8444,Duplicate,mr:,Marathi,qwen2.5-coder:7b,दुप्लीकारी,1.401
8445,Account Delete Account,mr:,Marathi,qwen2.5-coder:7b,खाता खाता मिळवा,1.857
8446,Remove record,mr:,Marathi,qwen2.5-coder:7b,मान्यता हटणा,1.606
8447,All Dates,mr:,Marathi,qwen2.5-coder:7b,सर्व तारीखे,1.595
8448,state diagram,mr:,Marathi,qwen2.5-coder:7b,स्थिती चित्रण,1.672
8449,Appendable %1 medium,mr:,Marathi,qwen2.5-coder:7b,परिवासी %1 माध्यम,2.315
8450,Ctrl; F Find...,mr:,Marathi,qwen2.5-coder:7b,कंट्रल; एफ खोज...,1.896
8451,& Round Corners...,mr:,Marathi,qwen2.5-coder:7b,& चांदलां घेताले...,2.242
8452,Relations,mr:,Marathi,qwen2.5-coder:7b,संबंधे,1.093
8453,False,mr:,Marathi,qwen2.5-coder:7b,असते,0.817
8454,Custom Type 3,mr:,Marathi,qwen2.5-coder:7b,स्वचाता प्रकार 3,1.934
8455,Pipes - another (GL),mr:,Marathi,qwen2.5-coder:7b,पाइप्स - एक अन्य (GL),2.442
8456,News Article,mr:,Marathi,qwen2.5-coder:7b,न्यूज अर्टिकल,1.901
8457,Host name,mr:,Marathi,qwen2.5-coder:7b,होस्ट नाव,1.298
8458,Choose Object,mr:,Marathi,qwen2.5-coder:7b,चुनून वस्तू,1.703
8459,CRET Color,mr:,Marathi,qwen2.5-coder:7b,क्रेट कार्यालय,1.696
8460,One,mr:,Marathi,qwen2.5-coder:7b,एक,0.622
8461,Placeholder shape,mr:,Marathi,qwen2.5-coder:7b,साठी घटक,1.27
8462,Start Date,mr:,Marathi,qwen2.5-coder:7b,शुरू दिन,1.372
8463,for White,mr:,Marathi,qwen2.5-coder:7b,लालांची,1.363
8464,Menu Activation,mr:,Marathi,qwen2.5-coder:7b,मेनू अक्टिवीकरण,2.027
8465,Translation Memory,mr:,Marathi,qwen2.5-coder:7b,मानवाचे संदेशाचे संग्रह,2.351
8466,Thread leader:,mr:,Marathi,qwen2.5-coder:7b,थ्रेड लीडर:,1.477
8467,Address Book Associations,mr:,Marathi,qwen2.5-coder:7b,पत्ता बुक संबंधे,2.044
8468,Shortcut name: q,mr:,Marathi,qwen2.5-coder:7b,क्षेत्राचे नाव: q,2.279
8469,XSkat French,mr:,Marathi,qwen2.5-coder:7b,XSkat फ्रांसीसी,1.801
8470,Screen,mr:,Marathi,qwen2.5-coder:7b,स्क्रीन,1.023
8471,Pencil size:,mr:,Marathi,qwen2.5-coder:7b,पेनचा आकार:,1.654
8472,speed1 gamma,mr:,Marathi,qwen2.5-coder:7b,गुंतु 1 गम्मा,2.005
8473,is before,mr:,Marathi,qwen2.5-coder:7b,पहिले आहे,1.405
8474,CImg Image restoration filter,mr:,Marathi,qwen2.5-coder:7b,चित्र रिस्टोर करण्याचे फिल्टर,3.494
8475,& Points,mr:,Marathi,qwen2.5-coder:7b,& अंके,1.078
8476,Column positions,mr:,Marathi,qwen2.5-coder:7b,कॉलम स्थाने,1.572
8477,Ships: %1,mr:,Marathi,qwen2.5-coder:7b,शिप्स: %1,1.427
8478,ends with '#V1S# ',mr:,Marathi,qwen2.5-coder:7b,पिण्याचे शेवट '#V1S# ' असे आहे,3.59
8479,Draw horizon?,mr:,Marathi,qwen2.5-coder:7b,हिरानी घ्याला?,2.016
8480,Grade Boxes,mr:,Marathi,qwen2.5-coder:7b,ग्रेड बॉक्से,1.702
8481,TIFF Image (. tiff),mr:,Marathi,qwen2.5-coder:7b,तीफ्याचे चित्र (.tiff),2.306
8482,Composing,mr:,Marathi,qwen2.5-coder:7b,कांस्ट्रक्टिंग,1.808
8483,Mask Name:,mr:,Marathi,qwen2.5-coder:7b,मास्क नाव:,1.473
8484,& Tree View,mr:,Marathi,qwen2.5-coder:7b,& पेशी देखा,1.478
8485,Selected stations:,mr:,Marathi,qwen2.5-coder:7b,चुनिलेल्या स्टेशन्स:,2.364
8486,Video bit rate,mr:,Marathi,qwen2.5-coder:7b,वीडियो बिट रेट,1.942
8487,(no trace parts),mr:,Marathi,qwen2.5-coder:7b,(नाहीले ट्रेस भागां),2.396
8488,Set a protocol:,mr:,Marathi,qwen2.5-coder:7b,प्रोटोकॉल सेट करा:,2.089
8489,read-only,mr:,Marathi,qwen2.5-coder:7b,नियंत्रित,1.312
8490,Main frame,mr:,Marathi,qwen2.5-coder:7b,मुख्य फ्रेम,1.468
8491,Input device controller,mr:,Marathi,qwen2.5-coder:7b,कंपोनेंट नियंत्रक,2.09
8492,torrent files,mr:,Marathi,qwen2.5-coder:7b,तर्टन फाइल्स,1.681
8493,Definition expression:,mr:,Marathi,qwen2.5-coder:7b,परिभाषा व्यंजन:,1.997
8494,Picture Altitude:,mr:,Marathi,qwen2.5-coder:7b,प्रतिबिम्बाचे उंचाई:,2.319
8495,First Run,mr:,Marathi,qwen2.5-coder:7b,पहिला चालणा,1.581
8496,Right-Microphone,mr:,Marathi,qwen2.5-coder:7b,दायानीला मामला,1.839
8497,Default profile,mr:,Marathi,qwen2.5-coder:7b,डिफॉल्ट प्रोफाइल,2.016
8498,Mount Tape,mr:,Marathi,qwen2.5-coder:7b,माथ्याचा जोडणे,1.849
8499,System Info,mr:,Marathi,qwen2.5-coder:7b,सिस्टम जाहिरात,1.786
8500,Code Viewer -,mr:,Marathi,qwen2.5-coder:7b,कोड व्यवहारकारी -,2.018
8501,This year:,mr:,Marathi,qwen2.5-coder:7b,या वर्षात:,1.501
8502,thistle3,mr:,Marathi,qwen2.5-coder:7b,थिस्ले3,1.219
8503,Personal suffixes:,mr:,Marathi,qwen2.5-coder:7b,व्यक्तिगत उपस्थितियां:,2.755
8504,Quote characters,mr:,Marathi,qwen2.5-coder:7b,उदाहरणांचे चिन्हे,2.383
8505,Signing key:,mr:,Marathi,qwen2.5-coder:7b,सांगने की गुन्याचा शीर्षक:,3.125
8506,Priority:,mr:,Marathi,qwen2.5-coder:7b,प्राथमिकता:,1.406
8507,vocabulary,mr:,Marathi,qwen2.5-coder:7b,वाक्यांशाला,1.487
8508,Toggle Auto,mr:,Marathi,qwen2.5-coder:7b,ऑटो बदला,1.437
8509,Weather Station Configuration,mr:,Marathi,qwen2.5-coder:7b,स्थानीय वातावरण संगणक कॉन्फिगरेशन,3.54
8510,Female Child,mr:,Marathi,qwen2.5-coder:7b,महिला शिक्षण,1.657
8511,Sky culture,mr:,Marathi,qwen2.5-coder:7b,स्वातंत्र्य कला,1.795
8512,Turkish Lira A/ 05,mr:,Marathi,qwen2.5-coder:7b,तुर्की लिरा ए/ 05,2.381
8513,First sector:,mr:,Marathi,qwen2.5-coder:7b,पहिला शेटकारी:,1.912
8514,Pakistan Rupee,mr:,Marathi,qwen2.5-coder:7b,पाकिस्तानी रुपया,2.105
8515,Included through,mr:,Marathi,qwen2.5-coder:7b,मिळवले आहे,1.704
8516,Partition information,mr:,Marathi,qwen2.5-coder:7b,पार्टिशन जाहीरात,2.09
8517,Max size,mr:,Marathi,qwen2.5-coder:7b,माहिती अधिकारी,1.901
8518,Bill,mr:,Marathi,qwen2.5-coder:7b,बिल,0.727
8519,Busy response:,mr:,Marathi,qwen2.5-coder:7b,प्रतिक्रिया घेतली आहे:,2.439
8520,Media Player,mr:,Marathi,qwen2.5-coder:7b,मीडिया प्लेयर,1.605
8521,Idle time:,mr:,Marathi,qwen2.5-coder:7b,साधारण वेळ:,1.588
8522,Feature Check,mr:,Marathi,qwen2.5-coder:7b,वैशिष्ट्य जाहीर करणे,2.58
8523,Audio Output,mr:,Marathi,qwen2.5-coder:7b,आवाज आउटपुट,1.502
8524,Very high (4x sampling),mr:,Marathi,qwen2.5-coder:7b,दिल्ली आणि विशेष अवसरांना वापरले जाते,4.429
8525,Lithuanian Litas,mr:,Marathi,qwen2.5-coder:7b,लिथुआनियन लिटास,2.153
8526,Part Function,mr:,Marathi,qwen2.5-coder:7b,पार्ट फंक्शन,1.873
8527,Bin 1 (Side),mr:,Marathi,qwen2.5-coder:7b,बिन 1 (साडी),1.683
8528,& Output folder:,mr:,Marathi,qwen2.5-coder:7b,& आउटपुट फोल्डर:,2.093
8529,Customizing & cervisia;,mr:,Marathi,qwen2.5-coder:7b,स्वचालन करणे & cervisia;,2.269
8530,Scoring,mr:,Marathi,qwen2.5-coder:7b,स्कोरिंग,1.42
8531,Envelope Feeder,mr:,Marathi,qwen2.5-coder:7b,पत्रकारण फीडर,1.677
8532,At date/ time:,mr:,Marathi,qwen2.5-coder:7b,तारीख/समय आणि:,1.899
8533,KDE User Manager,mr:,Marathi,qwen2.5-coder:7b,कडे युजर मॅनेम्यार,2.569
8534,Calculate,mr:,Marathi,qwen2.5-coder:7b,संगणित करा,1.572
8535,Previous Function,mr:,Marathi,qwen2.5-coder:7b,पिछली कार्याचे उद्धरण,2.442
8536,Ground,mr:,Marathi,qwen2.5-coder:7b,मान्यता,1.123
8537,Content Items,mr:,Marathi,qwen2.5-coder:7b,सामग्री आयामे,1.633
8538,End of line,mr:,Marathi,qwen2.5-coder:7b,पंक्तीकारणाचे अंत,2.125
8539,New TCP/ IP,mr:,Marathi,qwen2.5-coder:7b,नवीन TCP/ IP,1.237
8540,Most Recent,mr:,Marathi,qwen2.5-coder:7b,नवीनतम,1.043
8541,Gold Bars,mr:,Marathi,qwen2.5-coder:7b,जॉल्ड बार्स,1.632
8542,Today:,mr:,Marathi,qwen2.5-coder:7b,आजचे:,0.897
8543,Exception,mr:,Marathi,qwen2.5-coder:7b,अपवाद,0.889
8544,Magazine,mr:,Marathi,qwen2.5-coder:7b,"म्हणतात, या उत्तरात दिलेल्या शब्दाची अनुवाद आहे:

म्हणतात, या उत्तरात दिलेल्या शब्दाची अनुवाद आहे:

म्हण",10.286
8545,Custom Document,mr:,Marathi,qwen2.5-coder:7b,स्वचाता दस्तऐवजीकरण,2.387
8546,First step,mr:,Marathi,qwen2.5-coder:7b,पहिला चरण,1.382
8547,DeepSkyBlue4,mr:,Marathi,qwen2.5-coder:7b,देवाश्वाला 4,1.765
8548,overall,mr:,Marathi,qwen2.5-coder:7b,सामान्य,1.094
8549,Search Configuration,mr:,Marathi,qwen2.5-coder:7b,खोज गुंतवण,1.616
8550,Top right:,mr:,Marathi,qwen2.5-coder:7b,उपरी दाखला:,1.599
8551,Activated,mr:,Marathi,qwen2.5-coder:7b,सक्षम करण्याचे,1.766
8552,Task Name:,mr:,Marathi,qwen2.5-coder:7b,कार्याचे नाव:,1.794
8553,Grid resolution,mr:,Marathi,qwen2.5-coder:7b,ग्रिड रिश्लेशन,1.829
8554,Standard Package,mr:,Marathi,qwen2.5-coder:7b,सामान्य टाका,1.681
8555,Color Configuration.,mr:,Marathi,qwen2.5-coder:7b,कार्यात्मक व्यवस्था.,2.527
8556,Player 1:,mr:,Marathi,qwen2.5-coder:7b,पिल्यार्ड 1:,1.656
8557,Red: Oldest item.,mr:,Marathi,qwen2.5-coder:7b,रठ्याचा: सर्वात वेळीचा वस्तू.,3.549
8558,View Zoom,mr:,Marathi,qwen2.5-coder:7b,Zoom देखा,1.267
8559,Jamaican Dollar,mr:,Marathi,qwen2.5-coder:7b,जमाईकन डॉलर,1.695
8560,& 2D Graph,mr:,Marathi,qwen2.5-coder:7b,& 2D ग्राफ,1.516
8561,Colour correction,mr:,Marathi,qwen2.5-coder:7b,कार्यात्मक संशोधन,2.105
8562,User Toolbar,mr:,Marathi,qwen2.5-coder:7b,योजना टूलबार,1.795
8563,Comparison,mr:,Marathi,qwen2.5-coder:7b,परितर्क,1.319
8564,SmartMedia Card Reader,mr:,Marathi,qwen2.5-coder:7b,मार्टीमीडिया कार्ड वापरकार्यक्रम,3.487
8565,Permissions,mr:,Marathi,qwen2.5-coder:7b,अनुमतींे,1.252
8566,Copyright (c) 2009 The Granatier Team!,mr:,Marathi,qwen2.5-coder:7b,कॉपीराइट (c) 2009 ग्रनातीर टीम!,3.982
8567,Created on,mr:,Marathi,qwen2.5-coder:7b,संरचित केले गेले,2.142
8568,Called: %1,mr:,Marathi,qwen2.5-coder:7b,वापरला: %1,1.406
8569,Welcome screen,mr:,Marathi,qwen2.5-coder:7b,स्वागत विचारणा,1.829
8570,Toolviews,mr:,Marathi,qwen2.5-coder:7b,तूल्व्यावर्तनीय विशिष्ट्ये,3.035
8571,PGP Warning,mr:,Marathi,qwen2.5-coder:7b,PGP विचार,1.305
8572,Hungary,mr:,Marathi,qwen2.5-coder:7b,हंगारी,1.073
8573,Styles,mr:,Marathi,qwen2.5-coder:7b,स्टायल्स,1.224
8574,How to obtain & kpager;,mr:,Marathi,qwen2.5-coder:7b,आणि कपेगर जाहीर करण्यासाठी कैसे प्राप्त करणे?,4.399
8575,Zoom to & 100%,mr:,Marathi,qwen2.5-coder:7b,100% जुळवा,1.84
8576,Perl Location:,mr:,Marathi,qwen2.5-coder:7b,पर्ल अस्थित्व:,1.781
8577,cvs edit file names,mr:,Marathi,qwen2.5-coder:7b,CVS फाइल नाव्हा संपादन करा,2.972
8578,underline,mr:,Marathi,qwen2.5-coder:7b,अंतर्गत करणे,1.466
8579,Use of Icon,mr:,Marathi,qwen2.5-coder:7b,आयोजनाचा उपयोग,1.851
8580,Party,mr:,Marathi,qwen2.5-coder:7b,मिळाले,1.076
8581,Effect Toolbar,mr:,Marathi,qwen2.5-coder:7b,प्रभाव टूलबार,1.878
8582,Constellation Lines,mr:,Marathi,qwen2.5-coder:7b,स्थानांतरण रेशींदाखींडे,2.843
8583,Directions,mr:,Marathi,qwen2.5-coder:7b,दिशांसाठी,1.356
8584,Grading Service,mr:,Marathi,qwen2.5-coder:7b,मार्गदर्शन सेवा,1.863
8585,Time Downloaded,mr:,Marathi,qwen2.5-coder:7b,समय डाउनलोड केले गेले,2.381
8586,& Profile handler,mr:,Marathi,qwen2.5-coder:7b,& प्रोफाइल हॅंडलर,1.926
8587,Current Directory (Short),mr:,Marathi,qwen2.5-coder:7b,वर्तमान दिशा (संक्षिप्त),2.74
8588,Filename.,mr:,Marathi,qwen2.5-coder:7b,फाइलनाव.,1.173
8589,Compiling,mr:,Marathi,qwen2.5-coder:7b,कॅम्पाइलिंग,1.617
8590,English,mr:,Marathi,qwen2.5-coder:7b,अंग्रेजी,1.071
8591,Unknown Cartridge,mr:,Marathi,qwen2.5-coder:7b,अज्ञानी कार्टीग,1.817
8592,Draw Mars?,mr:,Marathi,qwen2.5-coder:7b,मार्स घेणे?,1.608
8593,of Tevet,mr:,Marathi,qwen2.5-coder:7b,तेवतातील,1.301
8594,& Kick reason:,mr:,Marathi,qwen2.5-coder:7b,& कारण घेणे:,1.612
8595,outbox:,mr:,Marathi,qwen2.5-coder:7b,आउटबॉक्स:,1.577
8596,Color space:,mr:,Marathi,qwen2.5-coder:7b,कार्यक्रम:,1.299
8597,Audio bit rate,mr:,Marathi,qwen2.5-coder:7b,आवडी बिट रेट,1.63
8598,Share Ratio,mr:,Marathi,qwen2.5-coder:7b,शेअर अनुपात,1.583
8599,Read Speed,mr:,Marathi,qwen2.5-coder:7b,पढण्याची गती,1.897
8600,Champion Speed,mr:,Marathi,qwen2.5-coder:7b,चांदी गती,1.407
8601,Greeting:,mr:,Marathi,qwen2.5-coder:7b,स्वागत:,1.281
8602,Project Admin,mr:,Marathi,qwen2.5-coder:7b,परियोजना अधिकारी,2.098
8603,Playing & kgoldrunner;,mr:,Marathi,qwen2.5-coder:7b,खेल र खालील वापरासाठी: & kgoldrunner;,3.41
8604,Unknown status,mr:,Marathi,qwen2.5-coder:7b,अज्ञानी स्थिती,1.807
8605,copying,mr:,Marathi,qwen2.5-coder:7b,कॉपी करण्यात आहे,2.103
8606,Scotland,mr:,Marathi,qwen2.5-coder:7b,स्कॅट्लैंड,1.663
8607,& Start month:,mr:,Marathi,qwen2.5-coder:7b,& प्रारम्भ महिना:,1.928
8608,Closed (%1),mr:,Marathi,qwen2.5-coder:7b,बंद (%1),1.231
8609,Top right,mr:,Marathi,qwen2.5-coder:7b,उपरी दाखला,1.423
8610,Industrial,mr:,Marathi,qwen2.5-coder:7b,प्रомाणीकारी,1.556
8611,of Adar,mr:,Marathi,qwen2.5-coder:7b,अधारात्मिक,1.434
8612,No Photo,mr:,Marathi,qwen2.5-coder:7b,नाहीत फोटो,1.458
8613,libbz2 plugin for Kerfuffle,mr:,Marathi,qwen2.5-coder:7b,बजळू लागूना कर्फ्लू लागूना,3.652
8614,Group Settings,mr:,Marathi,qwen2.5-coder:7b,समूह सेटिंग्स,1.816
8615,Drag and Drop Functionality,mr:,Marathi,qwen2.5-coder:7b,फेक आणि ड्राग फंक्शनशीली,2.893
8616,Starting %1 process.,mr:,Marathi,qwen2.5-coder:7b,प्रक्रिया %1 शुरू करण्यात आहे.,3.334
8617,KreML version %1,mr:,Marathi,qwen2.5-coder:7b,क्रेम्ल वर्शन %1,2.052
8618,Unknown Genre,mr:,Marathi,qwen2.5-coder:7b,अज्ञान ग्रेनर,1.685
8619,Motion:,mr:,Marathi,qwen2.5-coder:7b,मोटिवेशन:,1.322
8620,Line numbers:,mr:,Marathi,qwen2.5-coder:7b,रिंगनंबर्स:,1.569
8621,How to obtain & kstars;,mr:,Marathi,qwen2.5-coder:7b,कैसे & kstars; प्राप्त करून,2.823
8622,Internet Search...,mr:,Marathi,qwen2.5-coder:7b,इंटरनेट शोध...,1.707
8623,TEX Files,mr:,Marathi,qwen2.5-coder:7b,TEX फाइले,1.175
8624,Text-to-Speech Configuration,mr:,Marathi,qwen2.5-coder:7b,स्वर-संशोधन,1.928
8625,Unit Conversion,mr:,Marathi,qwen2.5-coder:7b,मात्रा परिवर्तन,1.773
8626,Flickr Configuration,mr:,Marathi,qwen2.5-coder:7b,फ्लिक्कर व्यवस्था,2.206
8627,Talkers,mr:,Marathi,qwen2.5-coder:7b,पोहोचाल्यांचे वापर,2.32
8628,KDE Bounce Ball Game,mr:,Marathi,qwen2.5-coder:7b,क्डी बाउन्स बाल गेम,2.523
8629,KDE 1 decoration,mr:,Marathi,qwen2.5-coder:7b,KDE 1 अवरूपण,1.689
8630,Copy Current & Line,mr:,Marathi,qwen2.5-coder:7b,वर्तमान र परिस्थितीचे कॉपी करा,3.578
8631,%1 Encrypted Container,mr:,Marathi,qwen2.5-coder:7b,%1 असारख्या कंटेनर,2.305
8632,Arrow shape,mr:,Marathi,qwen2.5-coder:7b,आर्थ आकार,1.426
8633,ChargedParticle,mr:,Marathi,qwen2.5-coder:7b,चालू वाद्याचा भाग,2.339
8634,Orientation,mr:,Marathi,qwen2.5-coder:7b,आनंदीती,1.106
8635,Answer,mr:,Marathi,qwen2.5-coder:7b,उत्तर,0.879
8636,Encoding:,mr:,Marathi,qwen2.5-coder:7b,एन्कोडिंग:,1.479
8637,Find in & Project...,mr:,Marathi,qwen2.5-coder:7b,जांचा &परियायांकडून...,2.51
8638,Garden,mr:,Marathi,qwen2.5-coder:7b,जादानी,1.077
8639,Color Selector,mr:,Marathi,qwen2.5-coder:7b,कार्यक्रम चुनावकर्ता,2.361
8640,Move hero,mr:,Marathi,qwen2.5-coder:7b,"महाराष्ट्री भाषात अशा शब्दाची अनुवाद आहे:

""महाराष्ट्री भाषात अशा शब्दाची अनुवाद आहे: गुंतवणारा आणि गुंत",10.433
8641,Crimean Tatar,mr:,Marathi,qwen2.5-coder:7b,क्रामिन ततारीय,1.864
8642,Copy Page,mr:,Marathi,qwen2.5-coder:7b,पृष्ठाचा कॉपी करा,2.161
8643,Configuration files,mr:,Marathi,qwen2.5-coder:7b,निर्धारण फाइले,1.907
8644,Root folder:,mr:,Marathi,qwen2.5-coder:7b,मूळ फोल्डर:,1.792
8645,File Extension,mr:,Marathi,qwen2.5-coder:7b,फाइल अवधारणा,1.675
8646,"PublicID ""%1"" maps to: ""%2""",mr:,Marathi,qwen2.5-coder:7b,"प्रकाशी ""%1"" यांचे मूळ आहे: ""%2",3.738
8647,eBay Monitor,mr:,Marathi,qwen2.5-coder:7b,एबय मॉनिटर,1.537
8648,Passive Torrents,mr:,Marathi,qwen2.5-coder:7b,पासिव टर्नॉट्स,2.045
8649,exp,mr:,Marathi,qwen2.5-coder:7b,अनुभव,0.927
8650,Texture Preview,mr:,Marathi,qwen2.5-coder:7b,प्रतिबिंब विश्लेषण,2.079
8651,DVD language pattern,mr:,Marathi,qwen2.5-coder:7b,DVD भाषा पॅटर्न,1.815
8652,mount point,mr:,Marathi,qwen2.5-coder:7b,माउंट बिंदू,1.674
8653,Exploding,mr:,Marathi,qwen2.5-coder:7b,पाटणारा,1.389
8654,Pillars,mr:,Marathi,qwen2.5-coder:7b,पिलार्स,1.199
8655,Justified,mr:,Marathi,qwen2.5-coder:7b,संतुलित,1.189
8656,Network name (Service Set IDentifier),mr:,Marathi,qwen2.5-coder:7b,नेटवर्क नाव (सेवा सेट आयडी),3.159
8657,My Cards,mr:,Marathi,qwen2.5-coder:7b,माझे कार्ड्स,1.578
8658,& Decrypt,mr:,Marathi,qwen2.5-coder:7b,& डिस्याप्रिक्रिया करा,2.385
8659,Per resource,mr:,Marathi,qwen2.5-coder:7b,प्रत्येक संसाधन,1.877
8660,Property name:,mr:,Marathi,qwen2.5-coder:7b,प्राथमिक नाव:,1.688
8661,Turn off,mr:,Marathi,qwen2.5-coder:7b,बंद करण्यात आला,1.899
8662,Output:,mr:,Marathi,qwen2.5-coder:7b,आउटपुट:,1.14
8663,Shot speed:,mr:,Marathi,qwen2.5-coder:7b,शॅट वेग:,1.39
8664,Current status,mr:,Marathi,qwen2.5-coder:7b,आणि असलेला अवस्था,2.187
8665,& Enter,mr:,Marathi,qwen2.5-coder:7b,& प्रवेश करण्यासाठी,2.114
8666,Up #2,mr:,Marathi,qwen2.5-coder:7b,उप दोस्त,1.349
8667,a single%,mr:,Marathi,qwen2.5-coder:7b,एक अंतर्गत%,1.563
8668,Free:,mr:,Marathi,qwen2.5-coder:7b,मुक्त:,1.139
8669,Taskbar Thumbnails,mr:,Marathi,qwen2.5-coder:7b,तास्कबार थूम्बनाइट्स,2.657
8670,Columns view mode,mr:,Marathi,qwen2.5-coder:7b,मूळ दृश्य मोड,2.065
8671,kdegames,mr:,Marathi,qwen2.5-coder:7b,कडेगेम्स,1.261
8672,Tracker Grouping,mr:,Marathi,qwen2.5-coder:7b,ट्रॅकर ग्रुपिंग,1.809
8673,Process Error,mr:,Marathi,qwen2.5-coder:7b,प्रक्रिया त्रुटी,1.689
8674,%u: user name,mr:,Marathi,qwen2.5-coder:7b,%u: वापरकारीचे नाव,2.443
8675,Principal,mr:,Marathi,qwen2.5-coder:7b,प्रमुख,0.98
8676,Drive tray open,mr:,Marathi,qwen2.5-coder:7b,ड्राइव ट्रेय खोला,1.97
8677,pigment list,mr:,Marathi,qwen2.5-coder:7b,पिगमेंट तयारी,1.84
8678,Channel Admins (+p),mr:,Marathi,qwen2.5-coder:7b,चौंसाठी अधिकारी (+प),2.494
8679,Preferred Account,mr:,Marathi,qwen2.5-coder:7b,पसंत खाता,1.391
8680,Local keyring file:,mr:,Marathi,qwen2.5-coder:7b,स्थानीय कुरुकारी फाइल:,2.801
8681,Author:,mr:,Marathi,qwen2.5-coder:7b,प्रकाशक:,1.182
8682,Shutter speed:,mr:,Marathi,qwen2.5-coder:7b,फोटोच्या गती:,1.748
8683,Ms.,mr:,Marathi,qwen2.5-coder:7b,मानी.,0.945
8684,Php Language Support,mr:,Marathi,qwen2.5-coder:7b,PHP भाषा समर्थन,1.72
8685,& Order by:,mr:,Marathi,qwen2.5-coder:7b,& क्रमांकाचे आणि विशेषता आणि विशेषता आणि विशेषता आणि विशेषता आणि विशेषता आणि विशेषता आणि विशेषता आणि व,10.53
8686,Show all lines,mr:,Marathi,qwen2.5-coder:7b,सर्व लाईन्यां दाखवा,2.485
8687,Charge,mr:,Marathi,qwen2.5-coder:7b,चालणा,0.943
8688,Irish Pound,mr:,Marathi,qwen2.5-coder:7b,आयरिश रुपया,1.636
8689,Fortnightly,mr:,Marathi,qwen2.5-coder:7b,दोन्ही वाजारी,1.816
8690,speed1 filter,mr:,Marathi,qwen2.5-coder:7b,फिल्टर 1 गती,1.964
8691,Parent task,mr:,Marathi,qwen2.5-coder:7b,पाठकाचे कार्य,1.625
8692,Phone number,mr:,Marathi,qwen2.5-coder:7b,फोन नंबर,1.254
8693,Image Object,mr:,Marathi,qwen2.5-coder:7b,चित्र वस्तू,1.614
8694,Firewire Soundcard,mr:,Marathi,qwen2.5-coder:7b,फायरवाइर संदेशकारण,2.144
8695,& Easy,mr:,Marathi,qwen2.5-coder:7b,& आणि आसाठी,1.546
8696,east,mr:,Marathi,qwen2.5-coder:7b,पश्चिम,1.111
8697,Outstanding Bugs,mr:,Marathi,qwen2.5-coder:7b,अत्यंत अचारणे आहे,2.134
8698,Overview of Senses,mr:,Marathi,qwen2.5-coder:7b,संस्कृतीचे विवरण,2.252
8699,Transmitter,mr:,Marathi,qwen2.5-coder:7b,प्रसारक,1.058
8700,%1 is away: %2,mr:,Marathi,qwen2.5-coder:7b,%1 आहे: %2,1.659
8701,SDL - Function Header,mr:,Marathi,qwen2.5-coder:7b,SDL - फंक्शन शीर्षक,2.102
8702,The & kde; Team,mr:,Marathi,qwen2.5-coder:7b,& kde; टीम,1.333
8703,& Card color:,mr:,Marathi,qwen2.5-coder:7b,& कार्ड कार्यालय:,2.027
8704,Run Slower,mr:,Marathi,qwen2.5-coder:7b,राहा खटका,1.611
8705,Download size: %1,mr:,Marathi,qwen2.5-coder:7b,डाउनलोड आकार: %1,2.196
8706,Password Policy,mr:,Marathi,qwen2.5-coder:7b,पासवर्ड नियम,1.69
8707,Mono-Microphone,mr:,Marathi,qwen2.5-coder:7b,मोनो-मामला,1.544
8708,(Selection),mr:,Marathi,qwen2.5-coder:7b,(परिणामात्मक),1.708
8709,Expand,mr:,Marathi,qwen2.5-coder:7b,प्रसार करा,1.424
8710,Capability,mr:,Marathi,qwen2.5-coder:7b,सक्षमता,1.131
8711,System shutdown.,mr:,Marathi,qwen2.5-coder:7b,प्रणाली बंद करणे.,1.981
8712,Appearance,mr:,Marathi,qwen2.5-coder:7b,विशिष्टता,1.311
8713,Head,mr:,Marathi,qwen2.5-coder:7b,शैली,0.898
8714,Osmanya,mr:,Marathi,qwen2.5-coder:7b,ओसमन्या,1.226
8715,Query CDDB,mr:,Marathi,qwen2.5-coder:7b,CDDB माहिती शोधणे,2.129
8716,& Maintenance,mr:,Marathi,qwen2.5-coder:7b,& रखावट,1.149
8717,& kde; on & Solaris;,mr:,Marathi,qwen2.5-coder:7b,& kde; आणि & Solaris;,1.794
8718,Volume Up,mr:,Marathi,qwen2.5-coder:7b,वॉल्यूम अप गेला,2.119
8719,Audio,mr:,Marathi,qwen2.5-coder:7b,आवडीया,0.989
8720,Calibrating cycle,mr:,Marathi,qwen2.5-coder:7b,काळीब्रिटी करता आहे,2.192
8721,& HTTP Requests,mr:,Marathi,qwen2.5-coder:7b,& HTTP अनुरोधे,1.52
8722,Christian Rap,mr:,Marathi,qwen2.5-coder:7b,क्रिस्टियन राप,1.748
8723,Delete...,mr:,Marathi,qwen2.5-coder:7b,हटाणे...,1.108
8724,signal,mr:,Marathi,qwen2.5-coder:7b,साइगनल,1.017
8725,Recipients,mr:,Marathi,qwen2.5-coder:7b,प्रतिवासीं,1.303
8726,Game ID,mr:,Marathi,qwen2.5-coder:7b,खेळ आयडी,1.279
8727,spinBox,mr:,Marathi,qwen2.5-coder:7b,स्पिनबॉक्स,1.591
8728,File Systems,mr:,Marathi,qwen2.5-coder:7b,फाइल सिस्टम्स,1.715
8729,north,mr:,Marathi,qwen2.5-coder:7b,उत्तर,0.928
8730,DOM Tree Viewer,mr:,Marathi,qwen2.5-coder:7b,देवीने वर्गीकरण दर्शक,2.638
8731,Brightness:,mr:,Marathi,qwen2.5-coder:7b,स्वास्थ्य:,1.532
8732,Action category:,mr:,Marathi,qwen2.5-coder:7b,कार्यातून श्रेणी:,2.287
8733,of Safar,mr:,Marathi,qwen2.5-coder:7b,सफरातील,1.171
8734,Host name:,mr:,Marathi,qwen2.5-coder:7b,होस्ट नाव:,1.454
8735,Corrections,mr:,Marathi,qwen2.5-coder:7b,परीक्षणे,1.253
8736,Next Function,mr:,Marathi,qwen2.5-coder:7b,परिणाम फंक्शन,1.678
8737,Application window,mr:,Marathi,qwen2.5-coder:7b,प्रयोग जंक्षण,1.839
8738,& Network Configuration...,mr:,Marathi,qwen2.5-coder:7b,&नेटवर्क कॉन्फिगरेशन...,2.514
8739,Acceleration profile,mr:,Marathi,qwen2.5-coder:7b,त्याचे वेग प्रोफाइल,2.409
8740,"6 Staples, parallel",mr:,Marathi,qwen2.5-coder:7b,"6 स्टॅप्लेस, सामान्य",2.529
8741,Profile name:,mr:,Marathi,qwen2.5-coder:7b,प्रोफाइल नाव:,1.788
8742,Quality/ Bitrate,mr:,Marathi,qwen2.5-coder:7b,काळिकता/ बिटरेट,2.053
8743,candle light,mr:,Marathi,qwen2.5-coder:7b,चांदीचा प्रकाश,1.726
8744,Argentine Peso,mr:,Marathi,qwen2.5-coder:7b,आर्गेनिटन वेसो,1.963
8745,Texture,mr:,Marathi,qwen2.5-coder:7b,ताप्यातील विशेषता,2.179
8746,Insertion speed,mr:,Marathi,qwen2.5-coder:7b,वेळाचा आवश्यकता,2.201
8747,& List,mr:,Marathi,qwen2.5-coder:7b,& सूची,1.103
8748,Mozambican Metical,mr:,Marathi,qwen2.5-coder:7b,मोजंबिकन अंतर्गत रुपया,2.768
8749,Organization:,mr:,Marathi,qwen2.5-coder:7b,संस्था:,1.235
8750,CTL Color Spaces,mr:,Marathi,qwen2.5-coder:7b,कंट्रोल क्लर स्पेस्स,2.214
8751,French Polynesia,mr:,Marathi,qwen2.5-coder:7b,फ्रांस युनानियना,2.095
8752,Shortcut name: up,mr:,Marathi,qwen2.5-coder:7b,क्षेत्राचे नाव: अप,2.465
8753,Templates Projects,mr:,Marathi,qwen2.5-coder:7b,पट्टियां विज्ञानांसाठी,2.563
8754,North,mr:,Marathi,qwen2.5-coder:7b,उत्तर,0.922
8755,Tape block size,mr:,Marathi,qwen2.5-coder:7b,तापे ब्लॉक आकार,2.128
8756,Conversion schedule,mr:,Marathi,qwen2.5-coder:7b,परिवर्तन शपथ,1.709
8757,Network:,mr:,Marathi,qwen2.5-coder:7b,नेटवर्क:,1.217
8758,Sample Rate,mr:,Marathi,qwen2.5-coder:7b,मूल्यांकन दर,1.736
8759,Keyboard Shortcut,mr:,Marathi,qwen2.5-coder:7b,कुंजीपटक,1.263
8760,Star map:,mr:,Marathi,qwen2.5-coder:7b,स्टार मॅप:,1.455
8761,Yugoslav Dinar,mr:,Marathi,qwen2.5-coder:7b,युगोस्लाव डिनर,1.932
8762,Run Script,mr:,Marathi,qwen2.5-coder:7b,स्क्रिप्ट चालू करा,2.283
8763,The amount of indentation,mr:,Marathi,qwen2.5-coder:7b,अंतरालाची माहिती,2.063
8764,Rational,mr:,Marathi,qwen2.5-coder:7b,रासनात्मक,1.382
8765,D-Bus/ Application Action Options,mr:,Marathi,qwen2.5-coder:7b,डी-बूस/प्रयोग गतिविधी विकल्पे,3.617
8766,Opacity:,mr:,Marathi,qwen2.5-coder:7b,वापरता:,1.259
8767,Top to Down,mr:,Marathi,qwen2.5-coder:7b,उपरी देखील,1.434
8768,Slower,mr:,Marathi,qwen2.5-coder:7b,सुंदर,1.116
8769,new_class,mr:,Marathi,qwen2.5-coder:7b,नवीन कक्षा,1.307
8770,Active filter:,mr:,Marathi,qwen2.5-coder:7b,क्रियाशील फिल्टर:,2.202
8771,Uppercase,mr:,Marathi,qwen2.5-coder:7b,उपराचे,1.176
8772,Development Team,mr:,Marathi,qwen2.5-coder:7b,प्रोजेक्ट टीम,1.696
8773,SSL Signers,mr:,Marathi,qwen2.5-coder:7b,SSL सांदर्भांना वापरणारे व्यक्ती,3.543
8774,file manager,mr:,Marathi,qwen2.5-coder:7b,फाइल मॅनेजर,1.579
8775,Transform Tool,mr:,Marathi,qwen2.5-coder:7b,टॅन्फॅर्म टूल,2.086
8776,Playlist pattern:,mr:,Marathi,qwen2.5-coder:7b,प्लेलिस्ट पॅटर्न:,2.178
8777,Billing Information,mr:,Marathi,qwen2.5-coder:7b,बिलिंग जाहीरात,1.901
8778,Hint for level:,mr:,Marathi,qwen2.5-coder:7b,हा त्यांचे स्तराचे मदत:,2.657
8779,Music Player,mr:,Marathi,qwen2.5-coder:7b,म्याजिक खेळकर्ता,2.097
8780,Related Uid,mr:,Marathi,qwen2.5-coder:7b,संबंधित UID,1.28
8781,Character Ranges,mr:,Marathi,qwen2.5-coder:7b,रूपयांचे यंत्र,2.089
8782,Months:,mr:,Marathi,qwen2.5-coder:7b,महिन्यांचे नावे:,2.067
8783,Saturation Control Settings,mr:,Marathi,qwen2.5-coder:7b,सतुरेशन नियंत्रण सेटिंग्स,2.84
8784,Turbulence,mr:,Marathi,qwen2.5-coder:7b,तुर्बलेंस,1.416
8785,Rename Torrent,mr:,Marathi,qwen2.5-coder:7b,टॉन्ट रिनाम करा,2.184
8786,Tracker,mr:,Marathi,qwen2.5-coder:7b,ट्रॅकर,1.071
8787,& Copy to clipboard,mr:,Marathi,qwen2.5-coder:7b,& कॉपी करा क्लिपबोर्डमध्ये,2.801
8788,Note Properties,mr:,Marathi,qwen2.5-coder:7b,नोट प्रॉप्शन्स,1.806
8789,Description: %1,mr:,Marathi,qwen2.5-coder:7b,विवरण: %1,1.286
8790,Delete Server,mr:,Marathi,qwen2.5-coder:7b,सर्वर अड्वकारी करा,2.295
8791,Tab Position,mr:,Marathi,qwen2.5-coder:7b,ताब स्थिती,1.39
8792,Active Uploads,mr:,Marathi,qwen2.5-coder:7b,क्रियाजात आपले अपलोड,2.518
8793,Output device,mr:,Marathi,qwen2.5-coder:7b,उत्पादन निवडक,1.788
8794,Go to,mr:,Marathi,qwen2.5-coder:7b,जाऊं,0.869
8795,Logon script:,mr:,Marathi,qwen2.5-coder:7b,लॉगन स्क्रिप्ट:,1.933
8796,JPEG Image (. jpg),mr:,Marathi,qwen2.5-coder:7b,JPEG चित्र (.jpg),1.479
8797,Zoom speed,mr:,Marathi,qwen2.5-coder:7b,जळवाचे गती,1.821
8798,Label density:,mr:,Marathi,qwen2.5-coder:7b,मानक आवडती:,1.679
8799,Reload time:,mr:,Marathi,qwen2.5-coder:7b,पुनर्लोड कार्यक्रमाचे समय:,2.746
8800,IPv4 network address,mr:,Marathi,qwen2.5-coder:7b,आयरपीवी नेटवर्क पत्ता,2.592
8801,Information Panel,mr:,Marathi,qwen2.5-coder:7b,प्रसिद्धान्त बोर्ड,2.116
8802,Track Mouse,mr:,Marathi,qwen2.5-coder:7b,माउस ट्रॅक करणा,1.886
8803,Gold Sandwich,mr:,Marathi,qwen2.5-coder:7b,जॉल्ड संडविच,1.622
8804,by Name:,mr:,Marathi,qwen2.5-coder:7b,नावाचे आणि:,1.503
8805,Folder Format,mr:,Marathi,qwen2.5-coder:7b,फोल्डर फॅमॅट,1.837
8806,Users Access Settings,mr:,Marathi,qwen2.5-coder:7b,योजनांचे उपयोगकर्ता सेटिंग्स,3.089
8807,Card Game,mr:,Marathi,qwen2.5-coder:7b,कार्ड गेम,1.397
8808,Heightfield:,mr:,Marathi,qwen2.5-coder:7b,उंचीतता फील्ड:,1.898
8809,Earth-like,mr:,Marathi,qwen2.5-coder:7b,पृथ्वी आधारित,1.909
8810,Image Map,mr:,Marathi,qwen2.5-coder:7b,चित्र अनुक्रमण,1.682
8811,Pound Sterling (GBP),mr:,Marathi,qwen2.5-coder:7b,पंड अंग्रेजी (GBP),2.011
8812,Out of Gamut,mr:,Marathi,qwen2.5-coder:7b,आउट ऑफ गामुट,1.669
8813,Previous row,mr:,Marathi,qwen2.5-coder:7b,पिछीली पंक्ती,1.586
8814,Agent Identity,mr:,Marathi,qwen2.5-coder:7b,एजेंट आयडी,1.423
8815,New Directory...,mr:,Marathi,qwen2.5-coder:7b,नवीन दस्तऐवज...,1.801
8816,Has duration,mr:,Marathi,qwen2.5-coder:7b,वेळाचे अवधी,1.583
8817,List management,mr:,Marathi,qwen2.5-coder:7b,सूची प्रबंधन,1.547
8818,Autobookmarker,mr:,Marathi,qwen2.5-coder:7b,अॅटूबॉक्मार्कर,2.108
8819,Area light,mr:,Marathi,qwen2.5-coder:7b,क्षेत्राची तेराला,2.294
8820,Thumbnail size:,mr:,Marathi,qwen2.5-coder:7b,मोठी आकार:,1.541
8821,Invitation,mr:,Marathi,qwen2.5-coder:7b,अपनाला आपल्या दृष्टिकोणाला आपल्या व्यक्तित्वाचे अनुभव देण्यासाठी आपल्या व्यक्तित्वाचे अनुभव देण्यास,10.35
8822,Issuer:,mr:,Marathi,qwen2.5-coder:7b,आवश्यक करणे:,1.571
8823,% kate myfile. txt,mr:,Marathi,qwen2.5-coder:7b,% अपले myfile. txt,1.543
8824,Search on Wikipedia,mr:,Marathi,qwen2.5-coder:7b,विकिपीडियात शोधा,2.07
8825,Column positions:,mr:,Marathi,qwen2.5-coder:7b,कॉलम स्थानांचे:,1.934
8826,& Marker Line,mr:,Marathi,qwen2.5-coder:7b,& अंकांदी,1.427
8827,overview,mr:,Marathi,qwen2.5-coder:7b,सामान्य विश्लेषण,2.096
8828,Override,mr:,Marathi,qwen2.5-coder:7b,परिवर्तन करणा,1.664
8829,Standard,mr:,Marathi,qwen2.5-coder:7b,सामान्य,1.107
8830,View with & Netscape,mr:,Marathi,qwen2.5-coder:7b,नेटस्क्रेपे वाढवा,2.253
8831,Key text:,mr:,Marathi,qwen2.5-coder:7b,कुंजी वाचा:,1.539
8832,Network games:,mr:,Marathi,qwen2.5-coder:7b,नेटवर्क खेळे:,1.741
8833,Security Class,mr:,Marathi,qwen2.5-coder:7b,सुरक्षा क्लास,1.697
8834,Total of %1,mr:,Marathi,qwen2.5-coder:7b,कुल %1,1.004
8835,Plugged in,mr:,Marathi,qwen2.5-coder:7b,प्रत्याशित केले गेले,2.188
8836,True:,mr:,Marathi,qwen2.5-coder:7b,प्रामाण्याचा:,1.614
8837,Expand out,mr:,Marathi,qwen2.5-coder:7b,प्रसार करा,1.467
8838,GDB Output,mr:,Marathi,qwen2.5-coder:7b,गडबड आउटपुट,1.562
8839,Opening Date,mr:,Marathi,qwen2.5-coder:7b,प्रकल्पना की तारीख,2.185
8840,Exchange mode:,mr:,Marathi,qwen2.5-coder:7b,स्विच अव्यवस्था:,2.115
8841,Cross,mr:,Marathi,qwen2.5-coder:7b,क्रॉस,0.93
8842,Snow,mr:,Marathi,qwen2.5-coder:7b,सून्य,1.006
8843,answer,mr:,Marathi,qwen2.5-coder:7b,उत्तर,0.89
8844,XPlanet by Hari Nair,mr:,Marathi,qwen2.5-coder:7b,खाल्यात यांचे नाव हरी नारी आहे.,3.472
8845,Gravity:,mr:,Marathi,qwen2.5-coder:7b,गुरुत्व:,1.215
8846,Preview Text,mr:,Marathi,qwen2.5-coder:7b,पूर्वानुभव टेक्स्ट,2.247
8847,Tura Caves,mr:,Marathi,qwen2.5-coder:7b,तुरा गावे,1.445
8848,Verify Chunks,mr:,Marathi,qwen2.5-coder:7b,प्रमाणित करा चौपडे,2.229
8849,Degrees of freedom 2,mr:,Marathi,qwen2.5-coder:7b,स्वतंत्रता 2,1.905
8850,Drivers,mr:,Marathi,qwen2.5-coder:7b,ड्राइवर्स,1.206
8851,Paragraph Style:,mr:,Marathi,qwen2.5-coder:7b,परावर्तन शैली:,1.96
8852,Time and Date,mr:,Marathi,qwen2.5-coder:7b,समय आणि तारीख,1.828
8853,[%1] is disabled,mr:,Marathi,qwen2.5-coder:7b,[%1] अक्षम आहे,1.882
8854,Directory Name,mr:,Marathi,qwen2.5-coder:7b,नावाचे नाव,1.463
8855,Icon size:,mr:,Marathi,qwen2.5-coder:7b,आयोजनाचे आकार:,1.789
8856,color saturation,mr:,Marathi,qwen2.5-coder:7b,कार्यात्मकता,1.602
8857,language 1,mr:,Marathi,qwen2.5-coder:7b,मूळ भाषा,1.537
8858,28th Last,mr:,Marathi,qwen2.5-coder:7b,28वा अंतिम,1.522
8859,Output Device,mr:,Marathi,qwen2.5-coder:7b,उत्पादन निवडक,1.758
8860,D-Bus Communication Error,mr:,Marathi,qwen2.5-coder:7b,डी-बूस संचालन त्रुटी,2.528
8861,Send & Later Via,mr:,Marathi,qwen2.5-coder:7b,पुढीलप्रमाणे भेजा,2.302
8862,& Quality level:,mr:,Marathi,qwen2.5-coder:7b,& गुणवत्ता स्तर:,2.077
8863,"Artwork: Nuno Pinheiro, Torsten Rahn",mr:,Marathi,qwen2.5-coder:7b,"विशेषता: नुनो पिनिरो, टॉरस्टन राहन",4.549
8864,Surname,mr:,Marathi,qwen2.5-coder:7b,उपनाम,0.945
8865,Password prompt,mr:,Marathi,qwen2.5-coder:7b,पासवर्ड दर्शवणे,1.991
8866,Printer Name:,mr:,Marathi,qwen2.5-coder:7b,प्रिंटर नाव:,1.588
8867,Checkerboard,mr:,Marathi,qwen2.5-coder:7b,चालकडार,1.174
8868,Barn Door,mr:,Marathi,qwen2.5-coder:7b,बार दूरी,1.357
8869,Character 8-bit,mr:,Marathi,qwen2.5-coder:7b,चर्या 8-बिट,1.554
8870,Started:,mr:,Marathi,qwen2.5-coder:7b,शुरू केले:,1.507
8871,Strigi Index Exclude Filters,mr:,Marathi,qwen2.5-coder:7b,स्ट्रिजी इंडेक्स अन्यायां,3.228
8872,Copying Failed,mr:,Marathi,qwen2.5-coder:7b,कॉपी झाली नाही,2.017
8873,Localization,mr:,Marathi,qwen2.5-coder:7b,स्थानांतरण,1.476
8874,Shopping List,mr:,Marathi,qwen2.5-coder:7b,खरेदी यादपत्री,1.775
8875,New Printer,mr:,Marathi,qwen2.5-coder:7b,नवीन टाप्पा,1.586
8876,& Session name:,mr:,Marathi,qwen2.5-coder:7b,& सत्राचे नाव:,1.739
8877,Do Nothing,mr:,Marathi,qwen2.5-coder:7b,काही न करणा,1.517
8878,& Delete...,mr:,Marathi,qwen2.5-coder:7b,&हटाणा...,1.148
8879,Portrait mode,mr:,Marathi,qwen2.5-coder:7b,पोर्ट्रेट मोड,1.633
8880,unknown%1,mr:,Marathi,qwen2.5-coder:7b,अजाद%1,1.092
8881,Activity...,mr:,Marathi,qwen2.5-coder:7b,क्रिया...,1.088
8882,Title:,mr:,Marathi,qwen2.5-coder:7b,शीर्षक:,1.094
8883,password,mr:,Marathi,qwen2.5-coder:7b,पासवर्ड,1.164
8884,Default gateway,mr:,Marathi,qwen2.5-coder:7b,डिफॅल्ट गेटवे,1.797
8885,Moodbar File:,mr:,Marathi,qwen2.5-coder:7b,मोडबार फाइल:,1.743
8886,Non-word character,mr:,Marathi,qwen2.5-coder:7b,नाव्या वर्णाचा,1.843
8887,Country/ Region & Language,mr:,Marathi,qwen2.5-coder:7b,देश/ क्षेत्र आणि भाषा,2.459
8888,Usenet Component,mr:,Marathi,qwen2.5-coder:7b,युजेनेट कंपोनेंट,2.017
8889,& Keyboard Filters,mr:,Marathi,qwen2.5-coder:7b,& क्विव्हर फिल्टर्स,2.314
8890,Equity,mr:,Marathi,qwen2.5-coder:7b,सामान्य विनिमय,1.958
8891,Usability:,mr:,Marathi,qwen2.5-coder:7b,सुविधा:,1.284
8892,Type:,mr:,Marathi,qwen2.5-coder:7b,प्रवेश करा:,1.276
8893,Restriction category (0..3):,mr:,Marathi,qwen2.5-coder:7b,विस्तारात्रिकी श्रेणी (0..3):,3.209
8894,Delete feeds:,mr:,Marathi,qwen2.5-coder:7b,फ्रीड्स अड्वारे काढून करा:,2.943
8895,Go to %1,mr:,Marathi,qwen2.5-coder:7b,जाऊ %1,1.066
8896,Other (%1),mr:,Marathi,qwen2.5-coder:7b,अन्य (%1),1.183
8897,goy Y,mr:,Marathi,qwen2.5-coder:7b,गोय या,1.1
8898,Exiting...,mr:,Marathi,qwen2.5-coder:7b,प्रत्येक्षा घेण्यात...,2.332
8899,D Major,mr:,Marathi,qwen2.5-coder:7b,डी माजोर,1.171
8900,%1 selected,mr:,Marathi,qwen2.5-coder:7b,%1 चा चयन केला गेले,2.215
8901,KTouch keyboard editor error,mr:,Marathi,qwen2.5-coder:7b,क्यूटोश्चे टाक्बोर्ड एडिटर त्रुटी,3.919
8902,Vertical:,mr:,Marathi,qwen2.5-coder:7b,उत्तराभाव:,1.547
8903,Filesize:,mr:,Marathi,qwen2.5-coder:7b,फाइल आकार:,1.414
8904,Deleting %1...,mr:,Marathi,qwen2.5-coder:7b,%1 ठेवतात...,1.451
8905,unformatted,mr:,Marathi,qwen2.5-coder:7b,अनुसूचित नाहीं,2.043
8906,Class CvsIgnoreList from Cervisia,mr:,Marathi,qwen2.5-coder:7b,क्लास यांची विनंती यांची विनंती यांची विनंती यांची विनंती यांची विनंती यांची विनंती यांची विनंती यां,10.144
8907,Playground Aquarium,mr:,Marathi,qwen2.5-coder:7b,प्लेग्राउंड ऑक्वारियम,2.542
8908,& Data Format,mr:,Marathi,qwen2.5-coder:7b,& डेटा फॅमॅट,1.908
8909,Create Frame,mr:,Marathi,qwen2.5-coder:7b,फ्रेम बनाणा,1.499
8910,Pointing Hand,mr:,Marathi,qwen2.5-coder:7b,हात दाखला,1.375
8911,Predefined:,mr:,Marathi,qwen2.5-coder:7b,प्रसिद्ध वापरासाठी:,2.26
8912,English (Trinidad),mr:,Marathi,qwen2.5-coder:7b,अंग्रेजी (ट्रिनिडाड),2.283
8913,& Haavard. Froeiland. mail;,mr:,Marathi,qwen2.5-coder:7b,& हावर्ड. फ्रोयलंड. मेल;,2.906
8914,Formic Acid,mr:,Marathi,qwen2.5-coder:7b,फॅर्मिक असिड,1.88
8915,Female 3,mr:,Marathi,qwen2.5-coder:7b,महिला ३,1.29
8916,Removable,mr:,Marathi,qwen2.5-coder:7b,उडाली,0.937
8917,& Description,mr:,Marathi,qwen2.5-coder:7b,& विवरण,1.153
8918,Zoom to 150%,mr:,Marathi,qwen2.5-coder:7b,150% जावळण्यासाठी जळवा,3.174
8919,Do not save,mr:,Marathi,qwen2.5-coder:7b,नाहीत बँधून करणा,2.232
8920,& Ending banner:,mr:,Marathi,qwen2.5-coder:7b,& अंतिम बंदरगाड़ी:,2.326
8921,two,mr:,Marathi,qwen2.5-coder:7b,दोन्ही,1.055
8922,Octal 8-bit,mr:,Marathi,qwen2.5-coder:7b,आठ अशे,1.135
8923,Sign mode,mr:,Marathi,qwen2.5-coder:7b,सांग विधि,1.329
8924,Log File,mr:,Marathi,qwen2.5-coder:7b,लॉग फाइल,1.345
8925,Maximum value:,mr:,Marathi,qwen2.5-coder:7b,मजकूल मूल्य:,1.722
8926,Paragraph Format,mr:,Marathi,qwen2.5-coder:7b,परावर्तन फॅमॅट,2.112
8927,8th Last,mr:,Marathi,qwen2.5-coder:7b,8वा पछीड्या,1.507
8928,Telephone,mr:,Marathi,qwen2.5-coder:7b,तेलीफोन,1.133
8929,Show statistics,mr:,Marathi,qwen2.5-coder:7b,स्टॅटिस्टिक्स दाखवा,2.515
8930,Validity...,mr:,Marathi,qwen2.5-coder:7b,वैधता...,1.165
8931,Current Script,mr:,Marathi,qwen2.5-coder:7b,आणि वर्तमान शैली,2.225
8932,Guitar Harmonics,mr:,Marathi,qwen2.5-coder:7b,गाटर हार्मोनिक्स,1.965
8933,Layout direction:,mr:,Marathi,qwen2.5-coder:7b,पॅश्चिमातील आकार:,2.398
8934,Roughness:,mr:,Marathi,qwen2.5-coder:7b,मोठावट:,1.336
8935,Mark & Thread,mr:,Marathi,qwen2.5-coder:7b,मार्क आणि धारा,1.925
8936,Asia,mr:,Marathi,qwen2.5-coder:7b,आशिया,0.942
8937,& Central Buffer,mr:,Marathi,qwen2.5-coder:7b,& केंद्रीय बफर,1.698
8938,News Reader,mr:,Marathi,qwen2.5-coder:7b,न्यूज वापरकर्ता,2.121
8939,Stack Selection,mr:,Marathi,qwen2.5-coder:7b,स्टॅक चयन,1.497
8940,Detail preservation:,mr:,Marathi,qwen2.5-coder:7b,विस्तार संरक्षण:,2.097
8941,Outline,mr:,Marathi,qwen2.5-coder:7b,परिमार्यजन,1.447
8942,Level:,mr:,Marathi,qwen2.5-coder:7b,आयत:,0.829
8943,Property name,mr:,Marathi,qwen2.5-coder:7b,प्राथमिक नाव,1.508
8944,Grid brush,mr:,Marathi,qwen2.5-coder:7b,ग्रिड ब्रश,1.23
8945,Clipboard History Manager,mr:,Marathi,qwen2.5-coder:7b,पेशीयाचे इतिहास प्रबंधक,2.509
8946,Calculation mode,mr:,Marathi,qwen2.5-coder:7b,गणना विधी,1.517
8947,soundcard,mr:,Marathi,qwen2.5-coder:7b,संदेशकारण,1.338
8948,Exposure bias:,mr:,Marathi,qwen2.5-coder:7b,प्रतिबन्ध बासिस:,1.9
8949,& Night Vision,mr:,Marathi,qwen2.5-coder:7b,& रात्री दृष्टि,2.047
8950,Help ImagePlugins' Handbooks,mr:,Marathi,qwen2.5-coder:7b,मदत इमेजप्लगइन्सचे हांडबुक्स,3.391
8951,Paper size:,mr:,Marathi,qwen2.5-coder:7b,पेपर आकार:,1.498
8952,Footer Properties,mr:,Marathi,qwen2.5-coder:7b,पूर्वीकरणाचे प्रॉप्स,2.401
8953,Format Conversion,mr:,Marathi,qwen2.5-coder:7b,फॅरमॅट चौंदणी,1.999
8954,Slovenian,mr:,Marathi,qwen2.5-coder:7b,स्लोवेनियन,1.567
8955,With value:,mr:,Marathi,qwen2.5-coder:7b,मानाचे:,1.27
8956,"Python, Ruby and JavaScript Plugins",mr:,Marathi,qwen2.5-coder:7b,"पायथन, रुबी आणि जावास्क्रिप्ट इंप्लीमेंट्स",4.755
8957,Written,mr:,Marathi,qwen2.5-coder:7b,पाठ्याचे,1.22
8958,Custom zoom,mr:,Marathi,qwen2.5-coder:7b,स्वचाला जुळवणे,1.95
8959,Group Password:,mr:,Marathi,qwen2.5-coder:7b,ग्रुप पासवर्ड:,1.692
8960,& New document,mr:,Marathi,qwen2.5-coder:7b,& नवीन दस्तऐवज,1.966
8961,Rewrite,mr:,Marathi,qwen2.5-coder:7b,रिहावा,1.105
8962,Driver:,mr:,Marathi,qwen2.5-coder:7b,ड्राइवर:,1.16
8963,KOrganizer Print Plugin Interface,mr:,Marathi,qwen2.5-coder:7b,कोर्गनार ट्राउंट इंटरफ़ेस,3.138
8964,Mine fuel,mr:,Marathi,qwen2.5-coder:7b,मायन फुल,1.288
8965,Duotone Colormode Block,mr:,Marathi,qwen2.5-coder:7b,दुटोन रंगमोड ब्लॉक,2.543
8966,and folders:,mr:,Marathi,qwen2.5-coder:7b,आणि फोल्डर्स:,1.801
8967,"See ""%1"" above.",mr:,Marathi,qwen2.5-coder:7b,"प्रतिच्छेद ""%1"" आपल्याशी अपरवर्तनीय आहे.",4.224
8968,Default Identification,mr:,Marathi,qwen2.5-coder:7b,डिफॉल्ट आयोजन,1.806
8969,of Adar I,mr:,Marathi,qwen2.5-coder:7b,अधर एका या मध्ये,1.99
8970,Remove Applet,mr:,Marathi,qwen2.5-coder:7b,मोठ्या अप्लिट ठेवणे,2.652
8971,Write Accesses,mr:,Marathi,qwen2.5-coder:7b,प्रयोगशीलता,1.679
8972,Dodecahedron,mr:,Marathi,qwen2.5-coder:7b,डोडेकाहेड्रन,1.641
8973,Simple,mr:,Marathi,qwen2.5-coder:7b,साधारण,1.003
8974,Create items...,mr:,Marathi,qwen2.5-coder:7b,सामग्री बनवा...,1.735
8975,Contact Group %1,mr:,Marathi,qwen2.5-coder:7b,ग्रुप %1 संपर्क करा,2.062
8976,Sending,mr:,Marathi,qwen2.5-coder:7b,पाठविणे,1.33
8977,Remove Filter,mr:,Marathi,qwen2.5-coder:7b,फिल्टर अड्वारा काढून केला जाऊ शकतो.,3.932
8978,KResources Manager,mr:,Marathi,qwen2.5-coder:7b,क्रियांची प्रबंधन,1.877
8979,Export Style,mr:,Marathi,qwen2.5-coder:7b,स्टायल अभ्यास करणे,2.14
8980,X Values:,mr:,Marathi,qwen2.5-coder:7b,खालील मान्यांचे मूळ्ये:,2.778
8981,Do Not Start,mr:,Marathi,qwen2.5-coder:7b,नाही शुरू करणा,1.899
8982,Invisible,mr:,Marathi,qwen2.5-coder:7b,पारंपारिक,1.381
8983,Forecasts,mr:,Marathi,qwen2.5-coder:7b,प्रогнास्तरीय विवरणे,2.318
8984,Visibility level:,mr:,Marathi,qwen2.5-coder:7b,दृष्टिकोण स्तर:,1.975
8985,in; to; as,mr:,Marathi,qwen2.5-coder:7b,मध्ये; आणि; आशा,2.098
8986,Invitations,mr:,Marathi,qwen2.5-coder:7b,आम्ही आपल्याला आमच्या दुवे यांच्या आमच्या दुवे यांच्या आमच्या दुवे यांच्या आमच्या दुवे यांच्या आमच्य,10.456
8987,Picture Page,mr:,Marathi,qwen2.5-coder:7b,प्रतिमा पृष्ठ,1.715
8988,Draw Grids,mr:,Marathi,qwen2.5-coder:7b,ग्रिड घेणा,1.409
8989,Arc Length,mr:,Marathi,qwen2.5-coder:7b,आर्क लंबाई,1.509
8990,Security Alert,mr:,Marathi,qwen2.5-coder:7b,सुरक्षा अलर्ट,1.819
8991,User & Password,mr:,Marathi,qwen2.5-coder:7b,उपयोगकर्ता आणि पासवर्ड,2.501
8992,File %1 had no contents.,mr:,Marathi,qwen2.5-coder:7b,फाइल %1 अनेकात नाही.,2.434
8993,Plain,mr:,Marathi,qwen2.5-coder:7b,सामान्य,1.117
8994,IP Filter,mr:,Marathi,qwen2.5-coder:7b,फायल्स फिल्टर,1.76
8995,isiZulu Zulu (South Africa),mr:,Marathi,qwen2.5-coder:7b,Zulu (South Africa),1.401
8996,Goldrunner Prophecy,mr:,Marathi,qwen2.5-coder:7b,जॉल्डरन अनुभवी,2.009
8997,Group Policy,mr:,Marathi,qwen2.5-coder:7b,ग्रुप नियम,1.325
8998,Structure keywords:,mr:,Marathi,qwen2.5-coder:7b,संरचना कीवर्णन:,1.939
8999,print,mr:,Marathi,qwen2.5-coder:7b,प्रिंट,0.923
9000,Center & Y:,mr:,Marathi,qwen2.5-coder:7b,मध्य & य:,1.355
9001,Certificate & password:,mr:,Marathi,qwen2.5-coder:7b,प्रमाणपत्र आणि पासवर्ड:,2.392
9002,Card Readers,mr:,Marathi,qwen2.5-coder:7b,कार्ड रिडर्स,1.709
9003,& Code Generation Wizard...,mr:,Marathi,qwen2.5-coder:7b,& कोड गन्नून विज्ञान...,2.681
9004,Bhutanese Ngultrum,mr:,Marathi,qwen2.5-coder:7b,भूटानी न्यूल्ट्रम,2.414
9005,Lower limit:,mr:,Marathi,qwen2.5-coder:7b,निम्न सीमा:,1.478
9006,Equals,mr:,Marathi,qwen2.5-coder:7b,समान आहे,1.214
9007,Calendar data engine,mr:,Marathi,qwen2.5-coder:7b,कॅलेंडर डेटा इंजीन,2.412
9008,Square Dithering,mr:,Marathi,qwen2.5-coder:7b,स्वर्ग डिथरिंग,2.009
9009,KOffice image manipulation application,mr:,Marathi,qwen2.5-coder:7b,कोफिस चित्र संपादन अनुप्रयोग,3.187
9010,Quality,mr:,Marathi,qwen2.5-coder:7b,कामगीती,1.221
9011,Program version:,mr:,Marathi,qwen2.5-coder:7b,प्रोग्राम संस्कृति:,2.25
9012,StpGamma,mr:,Marathi,qwen2.5-coder:7b,स्टप्गमा,1.383
9013,Due Date,mr:,Marathi,qwen2.5-coder:7b,दिल्ली तारीख,1.714
9014,Friction:,mr:,Marathi,qwen2.5-coder:7b,फ्रिक्शन:,1.311
9015,Really Rename %1?,mr:,Marathi,qwen2.5-coder:7b,काहीतर नावाचे बदलणे %1?,2.984
9016,Image Viewer,mr:,Marathi,qwen2.5-coder:7b,प्रतिमा दर्शक,1.705
9017,Cut-off angle:,mr:,Marathi,qwen2.5-coder:7b,कट्टी कोणणे:,1.769
9018,Color selectors,mr:,Marathi,qwen2.5-coder:7b,कार्यात्मक विकल्प निर्धारके,3.144
9019,DarkOliveGreen1,mr:,Marathi,qwen2.5-coder:7b,डार्क ऑल्वीजन 1,2.154
9020,Diamonds,mr:,Marathi,qwen2.5-coder:7b,यादींचे चिन्ह,1.854
9021,& Background Color:,mr:,Marathi,qwen2.5-coder:7b,&पृष्ठभूमीचे रंग:,2.382
9022,Hellenic,mr:,Marathi,qwen2.5-coder:7b,हिलेनिक,1.323
9023,Vocabulary list,mr:,Marathi,qwen2.5-coder:7b,वाक्यांकडी,1.563
9024,& Facility:,mr:,Marathi,qwen2.5-coder:7b,&संस्था:,1.336
9025,Periodicity:,mr:,Marathi,qwen2.5-coder:7b,परिसंधान:,1.459
9026,Class Members,mr:,Marathi,qwen2.5-coder:7b,क्लासाचे सदस्ये,1.931
9027,Java support,mr:,Marathi,qwen2.5-coder:7b,जावा समर्थन,1.432
9028,Always On,mr:,Marathi,qwen2.5-coder:7b,प्रत्येकप्रमाणे आहे,2.191
9029,IP protocol,mr:,Marathi,qwen2.5-coder:7b,आयपी प्रोटोकॉल,1.869
9030,media declaration,mr:,Marathi,qwen2.5-coder:7b,मीडिया घोषणा,1.722
9031,Using & kmag;,mr:,Marathi,qwen2.5-coder:7b,उपयोग & क्माग;,1.871
9032,Select Image Background...,mr:,Marathi,qwen2.5-coder:7b,चित्राचे पृष्ठभूमी चुना...,3.111
9033,Not scheduled,mr:,Marathi,qwen2.5-coder:7b,नियंत्रित नाहीं,1.981
9034,Data Read Access,mr:,Marathi,qwen2.5-coder:7b,डेटा वापरण अनुमती,2.442
9035,Border Color,mr:,Marathi,qwen2.5-coder:7b,परिसराचे रंग,1.708
9036,Spacer Configuration,mr:,Marathi,qwen2.5-coder:7b,स्पेसर व्यवस्था,2.061
9037,KFileReplace Main Toolbar,mr:,Marathi,qwen2.5-coder:7b,मुख्य टूलबार KFileReplace,2.316
9038,Mount point,mr:,Marathi,qwen2.5-coder:7b,माउंट बिंदू,1.753
9039,Player 2,mr:,Marathi,qwen2.5-coder:7b,प्लेयर 2,1.379
9040,SSH Authorization,mr:,Marathi,qwen2.5-coder:7b,SSH अनुमती,1.538
9041,Moscow,mr:,Marathi,qwen2.5-coder:7b,मोस्कोव,1.159
9042,& Close Element,mr:,Marathi,qwen2.5-coder:7b,& तत्त्वाची बंदी करणा,2.442
9043,& Robert. Gogolok; (robertgogolock at gmx de): Developer,mr:,Marathi,qwen2.5-coder:7b,& रोबर्ट. गोगोलोक; (robertgogolock at gmx de): डेवलपर,5.07
9044,< group >,mr:,Marathi,qwen2.5-coder:7b,< समूह >,1.272
9045,Altitude vs. Time...,mr:,Marathi,qwen2.5-coder:7b,उंचाई व. समय...,1.889
9046,Leitner Box,mr:,Marathi,qwen2.5-coder:7b,लेटनर बॉक्स,1.842
9047,Enum Literal...,mr:,Marathi,qwen2.5-coder:7b,अनुक्रमांक असाठी...,2.136
9048,Grand Total,mr:,Marathi,qwen2.5-coder:7b,जगातील कुल मिळाला,2.018
9049,OpenPGP Key Selection,mr:,Marathi,qwen2.5-coder:7b,खुप्रोफाइल चयन करणे,2.392
9050,Classes,mr:,Marathi,qwen2.5-coder:7b,कक्षा,0.941
9051,FileTransfer,mr:,Marathi,qwen2.5-coder:7b,फाईल ट्रांसफर,1.656
9052,IP/ hostname:,mr:,Marathi,qwen2.5-coder:7b,आयाम/होस्टनाम:,1.879
9053,Single Line,mr:,Marathi,qwen2.5-coder:7b,एक लाईन,1.174
9054,Republic of Korea,mr:,Marathi,qwen2.5-coder:7b,कोयंग्ड राष्ट्रीयता,2.324
9055,User Password:,mr:,Marathi,qwen2.5-coder:7b,उपयोगकर्ता पासवर्ड:,2.335
9056,Key Material,mr:,Marathi,qwen2.5-coder:7b,कुंजी मामले,1.496
9057,showLines,mr:,Marathi,qwen2.5-coder:7b,परिवार दाखवणे,1.793
9058,On the,mr:,Marathi,qwen2.5-coder:7b,पर या,1.198
9059,Color depth,mr:,Marathi,qwen2.5-coder:7b,देखाव गहावी,1.586
9060,accounts,mr:,Marathi,qwen2.5-coder:7b,खातांं,1.003
9061,Rename Album (%1),mr:,Marathi,qwen2.5-coder:7b,लूप बदला (%1),1.803
9062,Runge-Kutta edited,mr:,Marathi,qwen2.5-coder:7b,रंगु-कूट संपादित करणे,2.629
9063,Shares,mr:,Marathi,qwen2.5-coder:7b,शेअर्स,1.075
9064,Sequence number:,mr:,Marathi,qwen2.5-coder:7b,सर्वात अधिक श्रृंखला संख्या:,3.202
9065,Data Section,mr:,Marathi,qwen2.5-coder:7b,डेटा अंश,1.279
9066,Cooling factor,mr:,Marathi,qwen2.5-coder:7b,काळीकरण गुनाहक,1.884
9067,Body of Message,mr:,Marathi,qwen2.5-coder:7b,मेसेजाचे शरीर,1.836
9068,Microphone,mr:,Marathi,qwen2.5-coder:7b,माथी,0.864
9069,Chart Settings,mr:,Marathi,qwen2.5-coder:7b,चार्ट सेटिंग्स,1.711
9070,String Macros,mr:,Marathi,qwen2.5-coder:7b,स्ट्रिंग माक्रोस,1.735
9071,Give Feedback...,mr:,Marathi,qwen2.5-coder:7b,प्रतिक्रिया देणे...,2.117
9072,Copy Content,mr:,Marathi,qwen2.5-coder:7b,सामग्री को कॉपी करणे,2.121
9073,ImagePlugin_Solarize,mr:,Marathi,qwen2.5-coder:7b,सूर्यांकित करणे,2.114
9074,& Place names:,mr:,Marathi,qwen2.5-coder:7b,& ठेवाचे नावे:,1.907
9075,Playlist Tool,mr:,Marathi,qwen2.5-coder:7b,प्लेलिस्ट टूल,1.863
9076,New type: openvpn,mr:,Marathi,qwen2.5-coder:7b,नव्या प्रकार: ऑपन्वीन,2.564
9077,& South,mr:,Marathi,qwen2.5-coder:7b,& दक्षिण,1.269
9078,"In file %1 StripsPerImage tag 273=%2, tag279=%3",mr:,Marathi,qwen2.5-coder:7b,"फाइल %1 मध्ये StripsPerImage टॅग 273=%2, टॅग279=%3",5.016
9079,Auto quality,mr:,Marathi,qwen2.5-coder:7b,आवेशीक गुणवत्ता,1.998
9080,& Group Settings,mr:,Marathi,qwen2.5-coder:7b,& समूह सेटिंग्स,1.932
9081,Compatibility Version,mr:,Marathi,qwen2.5-coder:7b,संगती वर्षणा,1.736
9082,Do permission checks,mr:,Marathi,qwen2.5-coder:7b,प्रमाणांना जाहीर करा,2.498
9083,modified,mr:,Marathi,qwen2.5-coder:7b,मोडीफिकेड,1.301
9084,Machine Identification Number,mr:,Marathi,qwen2.5-coder:7b,मशीन आयडिफिकेशन नंबर,2.433
9085,Incomplete data,mr:,Marathi,qwen2.5-coder:7b,अभावी तपशील,1.544
9086,Background:,mr:,Marathi,qwen2.5-coder:7b,पृथ्वीचे आकार:,1.921
9087,Class name:,mr:,Marathi,qwen2.5-coder:7b,कक्षाचे नाव:,1.734
9088,Simple Test,mr:,Marathi,qwen2.5-coder:7b,सामान्य परीक्षण,1.817
9089,Filesystem Configuration,mr:,Marathi,qwen2.5-coder:7b,फायलसिस्टम व्यवस्था,2.369
9090,Chalk brush,mr:,Marathi,qwen2.5-coder:7b,चालक ब्रश,1.267
9091,plain,mr:,Marathi,qwen2.5-coder:7b,सामान्य,1.079
9092,Cash Flow,mr:,Marathi,qwen2.5-coder:7b,काश फ्लॉय्ड,1.613
9093,Where to get the & PPD; s for & PostScript; Printers,mr:,Marathi,qwen2.5-coder:7b,जागतिक विनाशील वापरासाठी काय घेणारे?,4.6
9094,Drawing Options,mr:,Marathi,qwen2.5-coder:7b,चित्राचे विकल्पे,2.001
9095,Release Year:,mr:,Marathi,qwen2.5-coder:7b,प्रकाशन वर्ष:,1.687
9096,Weak,mr:,Marathi,qwen2.5-coder:7b,मोठी,0.85
9097,Username map:,mr:,Marathi,qwen2.5-coder:7b,उपयोगकर्ता अनुक्रमाने:,2.637
9098,Delete account,mr:,Marathi,qwen2.5-coder:7b,खाली करणा,1.3
9099,Epos TTS speech synthesizer,mr:,Marathi,qwen2.5-coder:7b,एपोस ट्टीएसएस वाक्य संशोधक,3.056
9100,Removing...,mr:,Marathi,qwen2.5-coder:7b,मागली झाली...,1.671
9101,Field of View:,mr:,Marathi,qwen2.5-coder:7b,प्रतिबिम्बित क्षेत्र:,2.304
9102,Customizing & kde;,mr:,Marathi,qwen2.5-coder:7b,स्वचालित करणे & kde;,2.295
9103,Red player:,mr:,Marathi,qwen2.5-coder:7b,रांगीन खेलकूँचे नाव:,2.716
9104,Items Shown,mr:,Marathi,qwen2.5-coder:7b,प्रदर्शित आयामे,1.969
9105,On Branch,mr:,Marathi,qwen2.5-coder:7b,वैशिष्ट्यांच्या वर्गात,3.017
9106,Using & kgamma;,mr:,Marathi,qwen2.5-coder:7b,खालील वापरा & kgamma;,2.157
9107,HellaNZB Status Information,mr:,Marathi,qwen2.5-coder:7b,हेल्लन्झब स्थिती माहिती,2.642
9108,1st Level,mr:,Marathi,qwen2.5-coder:7b,पहिला स्तर,1.4
9109,The factorial of x.,mr:,Marathi,qwen2.5-coder:7b,वैशिष्ट्य x.,1.858
9110,Interrupt information,mr:,Marathi,qwen2.5-coder:7b,अतिरिक्त माहिती,1.897
9111,Find by & name,mr:,Marathi,qwen2.5-coder:7b,शिकार करा &नावाचे,2.253
9112,statement expected,mr:,Marathi,qwen2.5-coder:7b,वाचन अपलून आला आहे,2.36
9113,Halftone Graphics,mr:,Marathi,qwen2.5-coder:7b,हल्फटन ग्राफिक्स,2.084
9114,colors,mr:,Marathi,qwen2.5-coder:7b,रंगे,0.813
9115,Hierarchy:,mr:,Marathi,qwen2.5-coder:7b,संरचना:,1.229
9116,Preferred Accounts,mr:,Marathi,qwen2.5-coder:7b,पसंत खाता,1.351
9117,Front,mr:,Marathi,qwen2.5-coder:7b,प्रिंट,0.906
9118,Default Paint Operations,mr:,Marathi,qwen2.5-coder:7b,डिफॅल्ट पेंट ऑपरेशन्स,2.707
9119,List Style:,mr:,Marathi,qwen2.5-coder:7b,सूची रूपण:,1.682
9120,Music editing tool,mr:,Marathi,qwen2.5-coder:7b,म्हणजे शास्त्रीय विस्तार,3.017
9121,Absolute Cell References,mr:,Marathi,qwen2.5-coder:7b,आश्रयित शहराचे संदर्भ,2.478
9122,(Empty),mr:,Marathi,qwen2.5-coder:7b,(खाली),1.058
9123,Image Displayer,mr:,Marathi,qwen2.5-coder:7b,प्रतिमा दाखवण्याचा साधक,2.693
9124,Log Out,mr:,Marathi,qwen2.5-coder:7b,लॉग आउट,1.282
9125,Editing tips.,mr:,Marathi,qwen2.5-coder:7b,संपादन साहित्याचे टिप्स.,2.761
9126,& New Task...,mr:,Marathi,qwen2.5-coder:7b,&नवीन कार्य...,1.596
9127,Verified,mr:,Marathi,qwen2.5-coder:7b,पुष्टी दिली गेली,2.083
9128,Writer Drives,mr:,Marathi,qwen2.5-coder:7b,प्रकाशक चालते,1.907
9129,Bricks 2,mr:,Marathi,qwen2.5-coder:7b,ब्रिक्स 2,1.339
9130,Valid from:,mr:,Marathi,qwen2.5-coder:7b,वैध आहे आणि आणि आणि आणि आणि आणि आणि आणि आणि आणि आणि आणि आणि आणि आणि आणि आणि आणि आणि आणि आणि आणि आणि,10.32
9131,Asia/ Tel_Aviv,mr:,Marathi,qwen2.5-coder:7b,आशिया/टेल अव्विव,2.273
9132,Your turn.,mr:,Marathi,qwen2.5-coder:7b,आपचे तात्कालीन जागरण.,2.591
9133,Fingerprint Manager,mr:,Marathi,qwen2.5-coder:7b,फिंग्रिंग मॅनेजर,2.07
9134,Spanish (El Salvador),mr:,Marathi,qwen2.5-coder:7b,स्पेनिश (एल सालवार्डो),2.428
9135,First,mr:,Marathi,qwen2.5-coder:7b,पहिला,0.919
9136,GnuPG Administrative Console,mr:,Marathi,qwen2.5-coder:7b,ग्यान्याचे प्रशासन विज्ञानालय,3.16
9137,Edit Hosts,mr:,Marathi,qwen2.5-coder:7b,स्थापना संपादित करा,2.231
9138,State Diagram...,mr:,Marathi,qwen2.5-coder:7b,"स्थिती चित्र...""
(Translation of ""State Diagram"" to Marathi is ""स्थिती चित्र"")",4.239
9139,Database Design,mr:,Marathi,qwen2.5-coder:7b,डेटाबेस डिजाइन,1.901
9140,& Print Log...,mr:,Marathi,qwen2.5-coder:7b,& लॉग प्रिंट...,1.714
9141,Source File,mr:,Marathi,qwen2.5-coder:7b,स्रोत फाइल,1.389
9142,With,mr:,Marathi,qwen2.5-coder:7b,म्हणजे,1.286
9143,Color Management,mr:,Marathi,qwen2.5-coder:7b,मार्गनिर्माण,1.7
9144,Length:,mr:,Marathi,qwen2.5-coder:7b,आयाम:,0.94
9145,Last & Week,mr:,Marathi,qwen2.5-coder:7b,पिछ्ले &सप्ताह,1.803
9146,Red multiplier,mr:,Marathi,qwen2.5-coder:7b,रांग गुनक,1.381
9147,Gooood luck! Mwarrhh hwwarrrr haarrrr!,mr:,Marathi,qwen2.5-coder:7b,गुरुवाहे! म्हणून आणि आणि आणि!,3.624
9148,Delete track,mr:,Marathi,qwen2.5-coder:7b,ट्रॅक अड्वकारण करणा,2.217
9149,Channel 2,mr:,Marathi,qwen2.5-coder:7b,चौंसी श्रृंखला,2.045
9150,& Write list:,mr:,Marathi,qwen2.5-coder:7b,& लिस्ट लिखा:,1.777
9151,& Ctrl; Arrow keys,mr:,Marathi,qwen2.5-coder:7b,& Ctrl; अंतर्गत टीयारी करणे,2.62
9152,southwest,mr:,Marathi,qwen2.5-coder:7b,पश्चिम-दक्षिण,1.764
9153,Bookmark,mr:,Marathi,qwen2.5-coder:7b,निर्धारित करणे,1.744
9154,Color Mode,mr:,Marathi,qwen2.5-coder:7b,मोड रंग,1.18
9155,Chart Data,mr:,Marathi,qwen2.5-coder:7b,चार्ट डेटा,1.505
9156,Rarely,mr:,Marathi,qwen2.5-coder:7b,आणि,0.762
9157,Tracing,mr:,Marathi,qwen2.5-coder:7b,त्रिकारण करण्यात,1.931
9158,Tracking,mr:,Marathi,qwen2.5-coder:7b,प्रतिस्थापन,1.377
9159,Elevation,mr:,Marathi,qwen2.5-coder:7b,उठावणी,1.012
9160,Network Game,mr:,Marathi,qwen2.5-coder:7b,नेटवर्क खेळ,1.51
9161,Find Routers,mr:,Marathi,qwen2.5-coder:7b,रूटर खोजा,1.657
9162,Line Ending Type,mr:,Marathi,qwen2.5-coder:7b,पंक्ती समावेश प्रकार,2.14
9163,feet³,mr:,Marathi,qwen2.5-coder:7b,feet³,0.785
9164,Colors: XX,mr:,Marathi,qwen2.5-coder:7b,"खालील शब्दांचे अनुवाद: ""वर्णां: XX",3.539
9165,Lid Button,mr:,Marathi,qwen2.5-coder:7b,बटन खोला,1.286
9166,L1 Data Read Miss,mr:,Marathi,qwen2.5-coder:7b,ल1 डेटा रिड मिस्स,2.359
9167,German,mr:,Marathi,qwen2.5-coder:7b,जर्मनी,1.049
9168,Access Level,mr:,Marathi,qwen2.5-coder:7b,अनुमती स्तर,1.416
9169,No description available,mr:,Marathi,qwen2.5-coder:7b,नाहीत विवरण उपलब्ध आहे,2.56
9170,Temperature,mr:,Marathi,qwen2.5-coder:7b,तापमान,1.041
9171,Not by:,mr:,Marathi,qwen2.5-coder:7b,नाहीं द्वारा:,1.747
9172,random,mr:,Marathi,qwen2.5-coder:7b,अनुकूल,1.114
9173,& Part,mr:,Marathi,qwen2.5-coder:7b,& भाग,0.992
9174,Wake up,mr:,Marathi,qwen2.5-coder:7b,उठा,0.806
9175,(active),mr:,Marathi,qwen2.5-coder:7b,(सक्रिय),1.177
9176,Free%,mr:,Marathi,qwen2.5-coder:7b,मुक्त%,1.197
9177,Command history,mr:,Marathi,qwen2.5-coder:7b,आदेशाचे इतिहास,1.888
9178,Command,mr:,Marathi,qwen2.5-coder:7b,कमांड,0.916
9179,Please enter & name:,mr:,Marathi,qwen2.5-coder:7b,कृपया नावाचे इतर्ज्ञान करा:,3.14
9180,Remove Item,mr:,Marathi,qwen2.5-coder:7b,आपण आयटम घटववा शकता.,2.385
9181,LightSkyBlue4,mr:,Marathi,qwen2.5-coder:7b,लाइटस्कायब्लू4,2.058
9182,inertiaVariance,mr:,Marathi,qwen2.5-coder:7b,इंटरेशन वारिएंस,2.087
9183,Layer Properties,mr:,Marathi,qwen2.5-coder:7b,परिस्थितीचे प्रॉप्स,2.292
9184,Clipboard actions,mr:,Marathi,qwen2.5-coder:7b,कॉपीबॉर्ड अक्षरणे,2.291
9185,& Resolution:,mr:,Marathi,qwen2.5-coder:7b,& रिश्वलेशन:,1.712
9186,FindBuffer contents,mr:,Marathi,qwen2.5-coder:7b,बफराचे सामग्री खोजणे,2.358
9187,Figure 2,mr:,Marathi,qwen2.5-coder:7b,चित्र 2,1.106
9188,Image Effects,mr:,Marathi,qwen2.5-coder:7b,प्रतिबिम्ब आणि फेॅक्ट्स,2.797
9189,Unzip txt2pho to / usr/ local/ txt2pho.,mr:,Marathi,qwen2.5-coder:7b,txt2pho याची एकडी अनुकूल घेणा /usr/local/txt2pho अनेकात.,5.468
9190,Bug Description,mr:,Marathi,qwen2.5-coder:7b,परिसंपदा बग,1.544
9191,& Horizontal:,mr:,Marathi,qwen2.5-coder:7b,& वापर्यात:,1.539
9192,version control,mr:,Marathi,qwen2.5-coder:7b,प्रतिवर्तन नियंत्रण,2.252
9193,Arrow Style,mr:,Marathi,qwen2.5-coder:7b,आर्थ शैली,1.466
9194,Ctrl; W Close,mr:,Marathi,qwen2.5-coder:7b,कंट्रल; वीट बंद करा,2.249
9195,IP Setup,mr:,Marathi,qwen2.5-coder:7b,आयाम सेटअप,1.401
9196,Then By,mr:,Marathi,qwen2.5-coder:7b,तर बाबतील,1.37
9197,Easy,mr:,Marathi,qwen2.5-coder:7b,आणि,0.723
9198,Search plugins,mr:,Marathi,qwen2.5-coder:7b,प्लगइन्स शोधणे,1.789
9199,GetUpdates,mr:,Marathi,qwen2.5-coder:7b,अपडेट्स प्राप्त करण्यासाठी,2.814
9200,Delete Diagram,mr:,Marathi,qwen2.5-coder:7b,डायाग्राम अड्वकारण करणे,2.587
9201,Ink depletion,mr:,Marathi,qwen2.5-coder:7b,खाली जावट,1.646
9202,Connection Selection,mr:,Marathi,qwen2.5-coder:7b,संबंध चुनाव,1.787
9203,Auto Bullets,mr:,Marathi,qwen2.5-coder:7b,स्वतंत्र बुलेट्स,1.909
9204,& Hue:,mr:,Marathi,qwen2.5-coder:7b,& खालील:,1.272
9205,Mean Score,mr:,Marathi,qwen2.5-coder:7b,माध्यमान,1.259
9206,Thunder Storm,mr:,Marathi,qwen2.5-coder:7b,थूंडर स्टॉर्म,1.788
9207,List Archives,mr:,Marathi,qwen2.5-coder:7b,खालील अभियानांचे अभिलेख देखा,3.171
9208,Preconditions,mr:,Marathi,qwen2.5-coder:7b,प्रमाणे,1.035
9209,Network interface:,mr:,Marathi,qwen2.5-coder:7b,नेटवर्क इंटरफ़ेस:,2.155
9210,Composite Mode,mr:,Marathi,qwen2.5-coder:7b,मिश्रण विशेषकरण,1.858
9211,Max number,mr:,Marathi,qwen2.5-coder:7b,माहिती अधिकारी,1.874
9212,LightGrey,mr:,Marathi,qwen2.5-coder:7b,लाईटग्रीय,1.34
9213,Preview image,mr:,Marathi,qwen2.5-coder:7b,प्रभावित चित्र,1.681
9214,Unsorted,mr:,Marathi,qwen2.5-coder:7b,असून व्यवस्थित नाहीं,2.633
9215,Is Not,mr:,Marathi,qwen2.5-coder:7b,नाही,1.062
9216,networktransparent,mr:,Marathi,qwen2.5-coder:7b,नेटवर्क ट्रांपारेंट,2.244
9217,Speed limit in KiB/ s,mr:,Marathi,qwen2.5-coder:7b,किबिबाट्याचे वेग सीमा,2.679
9218,forceVariance,mr:,Marathi,qwen2.5-coder:7b,फोर्स वरिएंस,1.661
9219,Title alignment:,mr:,Marathi,qwen2.5-coder:7b,शीर्षक संरचना:,1.785
9220,Day View,mr:,Marathi,qwen2.5-coder:7b,दिवशीय रूपीया,1.793
9221,Start Time,mr:,Marathi,qwen2.5-coder:7b,शुरू वेळ,1.308
9222,Relevance: %1,mr:,Marathi,qwen2.5-coder:7b,विशेषता: %1,1.692
9223,Date,mr:,Marathi,qwen2.5-coder:7b,दिवसीय तारीख,1.603
9224,Relationship,mr:,Marathi,qwen2.5-coder:7b,संबंध,0.9
9225,Post Processing,mr:,Marathi,qwen2.5-coder:7b,पोस्ट प्रोसेसिंग,1.807
9226,Driver Handle,mr:,Marathi,qwen2.5-coder:7b,ड्राइवर हॅंडल,1.718
9227,Quality based,mr:,Marathi,qwen2.5-coder:7b,कामतयन आधारित,1.8
9228,Adept Manager,mr:,Marathi,qwen2.5-coder:7b,माध्यमिक प्रबंधक,1.904
9229,To unit,mr:,Marathi,qwen2.5-coder:7b,संयोजित करण्यासाठी,2.382
9230,Unchanged:,mr:,Marathi,qwen2.5-coder:7b,अपडेट नाहीत:,1.727
9231,SteelBlue3,mr:,Marathi,qwen2.5-coder:7b,SteelBlue3,0.83
9232,Glossary,mr:,Marathi,qwen2.5-coder:7b,गोल्सारी,1.365
9233,Requirements,mr:,Marathi,qwen2.5-coder:7b,आवश्यकता,1.26
9234,No Log,mr:,Marathi,qwen2.5-coder:7b,नाहीले लॉग,1.624
9235,Equal To,mr:,Marathi,qwen2.5-coder:7b,समान आहे,1.259
9236,Design,mr:,Marathi,qwen2.5-coder:7b,डिजाइन,0.999
9237,Add track,mr:,Marathi,qwen2.5-coder:7b,ट्रॅक जोड्या,1.636
9238,Vocabulary documents,mr:,Marathi,qwen2.5-coder:7b,वाक्यांकडे दस्तऐवजे,2.463
9239,& Closeable,mr:,Marathi,qwen2.5-coder:7b,& वर्गीकरण केला जाऊ शकतो,2.833
9240,Customization,mr:,Marathi,qwen2.5-coder:7b,सुधारणा,1.228
9241,Unknown tag,mr:,Marathi,qwen2.5-coder:7b,अज्ञानी टॅग,1.657
9242,ferry,mr:,Marathi,qwen2.5-coder:7b,फिरी,0.859
9243,IRC Operator Password,mr:,Marathi,qwen2.5-coder:7b,आरसीसी अपोकार शब्दकोश,2.631
9244,twins,mr:,Marathi,qwen2.5-coder:7b,त्विंस्या,1.401
9245,& Category:,mr:,Marathi,qwen2.5-coder:7b,& श्रेणी:,1.285
9246,speed2 filter,mr:,Marathi,qwen2.5-coder:7b,फिल्टर 2 गती,1.737
9247,File name:,mr:,Marathi,qwen2.5-coder:7b,फाइलचे नाव:,1.56
9248,Current Item,mr:,Marathi,qwen2.5-coder:7b,आणि अधिकारी अनुदान अनुदान अनुदान अनुदान अनुदान अनुदान अनुदान अनुदान अनुदान अनुदान अनुदान अनुदान अनुद,10.514
9249,Name of game:,mr:,Marathi,qwen2.5-coder:7b,नंतरचे नाव:,1.603
9250,Password echo type,mr:,Marathi,qwen2.5-coder:7b,पासवर्ड आहे तापायचे प्रकार,2.963
9251,Data Type,mr:,Marathi,qwen2.5-coder:7b,डेटा टाइप,1.353
9252,Ownership,mr:,Marathi,qwen2.5-coder:7b,प्राप्ती,1.101
9253,& Remove,mr:,Marathi,qwen2.5-coder:7b,& हटाया,1.065
9254,Overall,mr:,Marathi,qwen2.5-coder:7b,सामान्य,1.174
9255,Input Actions Daemon,mr:,Marathi,qwen2.5-coder:7b,इनपुट अक्षरांकडे देवसंग्रहक,3.006
9256,Comment/ Tags:,mr:,Marathi,qwen2.5-coder:7b,कमेंट/ टॅग्स:,1.966
9257,Filter Log,mr:,Marathi,qwen2.5-coder:7b,फिल्टर लॉग,1.563
9258,Deletion,mr:,Marathi,qwen2.5-coder:7b,निर्माण,1.171
9259,Fade,mr:,Marathi,qwen2.5-coder:7b,फॅड करणा,1.247
9260,Business Fax,mr:,Marathi,qwen2.5-coder:7b,व्यवसायी फॅक्स,1.968
9261,AntiqueWhite,mr:,Marathi,qwen2.5-coder:7b,अंटीक्वी ब्लैच,2.08
9262,PPTP Settings,mr:,Marathi,qwen2.5-coder:7b,प्रस्थानात्मक सेटिंग्स,2.426
9263,Germany,mr:,Marathi,qwen2.5-coder:7b,जर्मनी,1.017
9264,Quiz for %1,mr:,Marathi,qwen2.5-coder:7b,प्रश्नाचे खेळ %1,1.974
9265,Character Tool,mr:,Marathi,qwen2.5-coder:7b,चर्या टूल,1.438
9266,Shift,mr:,Marathi,qwen2.5-coder:7b,स्थानांतरण,1.397
9267,Strings,mr:,Marathi,qwen2.5-coder:7b,स्ट्रिंग्स,1.321
9268,New To-do...,mr:,Marathi,qwen2.5-coder:7b,नवीन टोडो...,1.456
9269,Image,mr:,Marathi,qwen2.5-coder:7b,चित्र,0.806
9270,Below 1M,mr:,Marathi,qwen2.5-coder:7b,पुढील 1 लाखांमधील,2.259
9271,Upload profiles,mr:,Marathi,qwen2.5-coder:7b,प्रोफाइल अपलोड करा,2.113
9272,Right,mr:,Marathi,qwen2.5-coder:7b,दाखिला,1.061
9273,Kontact Planner Summary,mr:,Marathi,qwen2.5-coder:7b,कांटॅक्ट प्लॅननर सारांश,2.901
9274,Got details,mr:,Marathi,qwen2.5-coder:7b,परिणाम्यात जाहीरात आली आहे,3.078
9275,Cell Wood,mr:,Marathi,qwen2.5-coder:7b,कोल जीवन,1.231
9276,Image Enhancement,mr:,Marathi,qwen2.5-coder:7b,प्रतिबिंब वृद्धि,2.001
9277,Digital In,mr:,Marathi,qwen2.5-coder:7b,डिजिटल इन,1.386
9278,Bigger,mr:,Marathi,qwen2.5-coder:7b,बडे,0.743
9279,Mathematics,mr:,Marathi,qwen2.5-coder:7b,मैथमॅटिक्स,1.626
9280,Top Priority:,mr:,Marathi,qwen2.5-coder:7b,प्राथमिक प्राथमिकता:,2.051
9281,Walls,mr:,Marathi,qwen2.5-coder:7b,पट्टींचे आकार,1.777
9282,Microsoft Media Format,mr:,Marathi,qwen2.5-coder:7b,माइक्रोसॉफ्ट मीडिया फॉर्मेट,3.295
9283,Smoothing,mr:,Marathi,qwen2.5-coder:7b,समावेश करणे,1.525
9284,Synchronization information,mr:,Marathi,qwen2.5-coder:7b,संश्लेषण माहिती,1.948
9285,Accessibility warning,mr:,Marathi,qwen2.5-coder:7b,अभ्यासक्रमण अधिकारीत्व अल्पविश्वासी,3.882
9286,Korean,mr:,Marathi,qwen2.5-coder:7b,कोरियन,1.058
9287,& Key size:,mr:,Marathi,qwen2.5-coder:7b,& कुंजी आकार:,1.781
9288,Ctrl; S Save,mr:,Marathi,qwen2.5-coder:7b,कंट्रोल; एस साव्य करणा,2.495
9289,Usability improvements,mr:,Marathi,qwen2.5-coder:7b,उपयोगीत वृद्धियां,2.355
9290,Networking,mr:,Marathi,qwen2.5-coder:7b,नेटवर्किंग,1.451
9291,Railway station,mr:,Marathi,qwen2.5-coder:7b,रेलवे स्टेशन,1.614
9292,new_actor,mr:,Marathi,qwen2.5-coder:7b,नव अभिनेता,1.459
9293,Simple Simon,mr:,Marathi,qwen2.5-coder:7b,सामान्य सिमोन,1.721
9294,Pick Start Date,mr:,Marathi,qwen2.5-coder:7b,प्रारम्भ तारीख चुना,2.319
9295,Change Alias...,mr:,Marathi,qwen2.5-coder:7b,अलिस बदला...,1.522
9296,Image file format:,mr:,Marathi,qwen2.5-coder:7b,फोटो फाइल फॅक्टरी:,2.359
9297,GPX file:,mr:,Marathi,qwen2.5-coder:7b,GPX फाइल:,1.365
9298,Video support,mr:,Marathi,qwen2.5-coder:7b,वीडियो समर्थन,1.703
9299,Language:,mr:,Marathi,qwen2.5-coder:7b,भाषा:,0.925
9300,Wander speed,mr:,Marathi,qwen2.5-coder:7b,चालना गती,1.42
9301,EXR Version,mr:,Marathi,qwen2.5-coder:7b,EXR वर्शन,1.355
9302,Group rid:,mr:,Marathi,qwen2.5-coder:7b,ग्रुप रिड:,1.39
9303,"Earlier on %B, %Y",mr:,Marathi,qwen2.5-coder:7b,"पहिले %B, %Y",1.722
9304,PS Files,mr:,Marathi,qwen2.5-coder:7b,पीएस फाइल्स,1.577
9305,desktop manager,mr:,Marathi,qwen2.5-coder:7b,डेस्कटॉप मॅनेजर,2.117
9306,Not Chile,mr:,Marathi,qwen2.5-coder:7b,नाचिल्ला नाहीं,1.885
9307,Create object,mr:,Marathi,qwen2.5-coder:7b,वस्तू बनाणा,1.892
9308,Diff: A< - > C,mr:,Marathi,qwen2.5-coder:7b,विविधता: A< - > C,2.221
9309,Default List,mr:,Marathi,qwen2.5-coder:7b,डिफॉल्ट लिस्ट,1.878
9310,Central Time - central Nunavut,mr:,Marathi,qwen2.5-coder:7b,मध्येराष्ट्रीय समय - मध्येराष्ट्रीय नूनावुट,4.617
9311,Terminal execution,mr:,Marathi,qwen2.5-coder:7b,टर्मिनल आयोजन,1.77
9312,Server certificate,mr:,Marathi,qwen2.5-coder:7b,सर्वर चिन्हासाठी,2.069
9313,Rotation speed,mr:,Marathi,qwen2.5-coder:7b,रोटेशन गति,1.438
9314,Transference,mr:,Marathi,qwen2.5-coder:7b,प्रसारणा,1.126
9315,& Profiles:,mr:,Marathi,qwen2.5-coder:7b,& प्रोफाइले:,1.428
9316,Open Collection File,mr:,Marathi,qwen2.5-coder:7b,खालील संग्रह फाइल खोला,2.444
9317,Friend,mr:,Marathi,qwen2.5-coder:7b,मित्र,0.825
9318,& Remove Form,mr:,Marathi,qwen2.5-coder:7b,& फॉर्म घटाणा,1.873
9319,File Inclusion,mr:,Marathi,qwen2.5-coder:7b,फाईल आवश्यकता,1.885
9320,Street address,mr:,Marathi,qwen2.5-coder:7b,पर्यायात्मक पत्ता,2.08
9321,character %1,mr:,Marathi,qwen2.5-coder:7b,चर्या %1,1.23
9322,Ordered dithering,mr:,Marathi,qwen2.5-coder:7b,संरचना दिथरिंग,2.053
9323,RIP: From & PostScript; to Raster,mr:,Marathi,qwen2.5-coder:7b,RIP: From & PostScript; to Raster,2.143
9324,Roads,mr:,Marathi,qwen2.5-coder:7b,मार्गे,1.058
9325,& Advanced...,mr:,Marathi,qwen2.5-coder:7b,& आगमनीय...,1.336
9326,flat,mr:,Marathi,qwen2.5-coder:7b,फ्लॅट,1.032
9327,Task completion,mr:,Marathi,qwen2.5-coder:7b,कार्य पूर्ण करणे,1.901
9328,Akonadi available,mr:,Marathi,qwen2.5-coder:7b,आणखी उपलब्ध आहे,2.047
9329,Toner Density,mr:,Marathi,qwen2.5-coder:7b,तनर आणि आणि आणि आणि आणि आणि आणि आणि आणि आणि आणि आणि आणि आणि आणि आणि आणि आणि आणि आणि आणि आणि आणि आणि,10.225
9330,Resource Selection,mr:,Marathi,qwen2.5-coder:7b,परिसंहार चयन,1.702
9331,Duplicates,mr:,Marathi,qwen2.5-coder:7b,दुप्लिकेट्स,1.577
9332,& Match:,mr:,Marathi,qwen2.5-coder:7b,&म्हणजे:,1.307
9333,Remove component,mr:,Marathi,qwen2.5-coder:7b,मूळ असाठी हटाया,2.262
9334,Add widgets,mr:,Marathi,qwen2.5-coder:7b,विड्गेट जोड्या,2.147
9335,L1 Instr. Fetch Miss,mr:,Marathi,qwen2.5-coder:7b,वैशिष्ट्य फेच मिस्स,2.772
9336,Fine Paper,mr:,Marathi,qwen2.5-coder:7b,पेपर अच्छा,1.488
9337,Could not open document '%1 '.,mr:,Marathi,qwen2.5-coder:7b,दस्तऐवज खोलू शकत नाही '%1'.,3.192
9338,MediumSpringGreen,mr:,Marathi,qwen2.5-coder:7b,मध्यम ग्रीन,1.517
9339,"Asia, South",mr:,Marathi,qwen2.5-coder:7b,"आशिया, दक्षिण",1.77
9340,Image Mime Type,mr:,Marathi,qwen2.5-coder:7b,प्रतिमा माइम टाइप,1.953
9341,Spanish (Colombia),mr:,Marathi,qwen2.5-coder:7b,स्पेनिश (कोलोम्बिया),2.396
9342,& Location:,mr:,Marathi,qwen2.5-coder:7b,& लोकेशन:,1.377
9343,Belgian Dutch (nl-be),mr:,Marathi,qwen2.5-coder:7b,बेल्जियन डच (nl-be),2.179
9344,KGeo figure,mr:,Marathi,qwen2.5-coder:7b,क्यूजी चित्र,1.727
9345,Light Table Settings,mr:,Marathi,qwen2.5-coder:7b,स्वास्थ्य टेबल सेटिंग्स,2.599
9346,IPTC: created,mr:,Marathi,qwen2.5-coder:7b,IPTC: निर्मित झाला,2.288
9347,& Public Only,mr:,Marathi,qwen2.5-coder:7b,& जनाला आणि जनाला आणि जनाला आणि जनाला आणि जनाला आणि जनाला आणि जनाला आणि जनाला आणि जनाला आणि जनाला आण,10.524
9348,Backup Success,mr:,Marathi,qwen2.5-coder:7b,सर्वात आणि सफल बॅकअप,2.393
9349,Height,mr:,Marathi,qwen2.5-coder:7b,उंचीता,1.037
9350,Tropic of Capricorn,mr:,Marathi,qwen2.5-coder:7b,कृपया अपल्या उत्तरात अनुवादाची शर्ते अनुसार अंतर्गत अनुवाद करा.,6.93
9351,(recovered),mr:,Marathi,qwen2.5-coder:7b,(पुनर्जनात झाला),2.054
9352,performance monitor,mr:,Marathi,qwen2.5-coder:7b,प्रदर्शन मॅनिटर,1.929
9353,inertia variance,mr:,Marathi,qwen2.5-coder:7b,इंटरेशन वारिवारी,2.044
9354,¥(#165;) Yen sign,mr:,Marathi,qwen2.5-coder:7b,यन चिन्ह (¥),1.861
9355,Writing Mode,mr:,Marathi,qwen2.5-coder:7b,प्रकार या लिखणे,1.895
9356,Average Score:,mr:,Marathi,qwen2.5-coder:7b,माध्यमान अंक:,1.896
9357,Printing Options,mr:,Marathi,qwen2.5-coder:7b,प्रिंटिंग विकल्पे,2.114
9358,Connection specific:: SSH,mr:,Marathi,qwen2.5-coder:7b,संबंध सпециफिक :: SSH,1.956
9359,Type (optional),mr:,Marathi,qwen2.5-coder:7b,प्रवेश करा (पर्यायी),2.172
9360,Version Number,mr:,Marathi,qwen2.5-coder:7b,परिवर्तन संख्या,1.868
9361,%1: does n't exist,mr:,Marathi,qwen2.5-coder:7b,%1: असते नाही,2.087
9362,Edit Document,mr:,Marathi,qwen2.5-coder:7b,दस्तऐवज संपादित करा,2.411
9363,ATMOSphere Control Center Module,mr:,Marathi,qwen2.5-coder:7b,माथ्याशेड्युल नियंत्रण केंद्र मॉड्यूल,4.411
9364,Moving speed,mr:,Marathi,qwen2.5-coder:7b,मोडत गती,1.299
9365,Vfs objects:,mr:,Marathi,qwen2.5-coder:7b,व्हीएफएस ऑब्जैक्ट्स:,2.49
9366,Attribute Settings,mr:,Marathi,qwen2.5-coder:7b,सात्य सेटिंग्स,1.676
9367,Page Selection,mr:,Marathi,qwen2.5-coder:7b,पृष्ठाचा चयन,1.791
9368,coral,mr:,Marathi,qwen2.5-coder:7b,कोरल,0.852
9369,Lead developer,mr:,Marathi,qwen2.5-coder:7b,प्रमुख विकासकार,1.808
9370,disc,mr:,Marathi,qwen2.5-coder:7b,डिस्क,0.894
9371,Territory Capture Game,mr:,Marathi,qwen2.5-coder:7b,जगाचे घेणे खेळ,2.064
9372,Replacement:,mr:,Marathi,qwen2.5-coder:7b,प्रतिस्थापन:,1.642
9373,Outside (O/ o),mr:,Marathi,qwen2.5-coder:7b,आणि (O/ o),1.439
9374,Control key,mr:,Marathi,qwen2.5-coder:7b,कंट्रोल कीव्ही,1.669
9375,ask X,mr:,Marathi,qwen2.5-coder:7b,खळील जाणाला याद घेणा:,2.728
9376,Top Secret,mr:,Marathi,qwen2.5-coder:7b,प्राथमिक गुप्ता,1.893
9377,By Path,mr:,Marathi,qwen2.5-coder:7b,पासे द्याले,1.584
9378,Code contributions,mr:,Marathi,qwen2.5-coder:7b,कोड योग्यता,1.601
9379,Network privacy level:,mr:,Marathi,qwen2.5-coder:7b,नेटवर्क गोष्ठीची सुरक्षा स्तर:,3.244
9380,& Check board,mr:,Marathi,qwen2.5-coder:7b,& चालना चालणा,1.863
9381,Brightness,mr:,Marathi,qwen2.5-coder:7b,स्वास्थ्य्य,1.592
9382,To Right,mr:,Marathi,qwen2.5-coder:7b,उत्तरात,1.162
9383,US Legal (Small),mr:,Marathi,qwen2.5-coder:7b,अमेरिकी लॉजिकल (संक्षिप्त),3.278
9384,MegaGradient highcolor style,mr:,Marathi,qwen2.5-coder:7b,महत्त्वाचे ग्रेडिएंट उच्च रंग शैली,4.109
9385,FIFO Overruns Rate,mr:,Marathi,qwen2.5-coder:7b,फीफो अव्यवस्थिती दर,2.604
9386,Financial,mr:,Marathi,qwen2.5-coder:7b,वित्तीय,1.233
9387,CTags database file:,mr:,Marathi,qwen2.5-coder:7b,CTags डेटाबेस फाइल:,2.285
9388,Recursive:,mr:,Marathi,qwen2.5-coder:7b,रिकॉर्ड झाले:,1.942
9389,Archiving Tool,mr:,Marathi,qwen2.5-coder:7b,अर्हावन टूल,1.785
9390,Encrypted,mr:,Marathi,qwen2.5-coder:7b,प्राकृतिक,1.638
9391,& Profile,mr:,Marathi,qwen2.5-coder:7b,& प्रोफाइल,1.274
9392,Your Username.,mr:,Marathi,qwen2.5-coder:7b,आपचे उपयोगकर्ता नाव.,2.385
9393,Progress Dialog,mr:,Marathi,qwen2.5-coder:7b,प्रगती साठी दिलेला डिलॉग,2.635
9394,Southern,mr:,Marathi,qwen2.5-coder:7b,दक्षिणी,1.125
9395,Writing app:,mr:,Marathi,qwen2.5-coder:7b,पाठ्यक्रम अनुप्रयोग:,2.33
9396,Colorize & frames,mr:,Marathi,qwen2.5-coder:7b,कार्यात्मक रंग आणि काट्यांचे चालना,3.904
9397,Scrolling speed,mr:,Marathi,qwen2.5-coder:7b,स्क्रॉल गती,1.801
9398,(rows: more than %1),mr:,Marathi,qwen2.5-coder:7b,(पंक्ती: %1 अधिक),2.261
9399,Rate,mr:,Marathi,qwen2.5-coder:7b,मूल्यांकन,1.729
9400,ImagePlugin_WhiteBalance,mr:,Marathi,qwen2.5-coder:7b,चालाणे याचे वापर असा आणि चालाणे याचे वापर असा आणि चालाणे याचे वापर असा आणि चालाणे याचे वापर असा आणि,10.797
9401,Sound File,mr:,Marathi,qwen2.5-coder:7b,फोन फाइल,1.255
9402,Reserved,mr:,Marathi,qwen2.5-coder:7b,रिजरव्हेड,1.302
9403,Atomic Number,mr:,Marathi,qwen2.5-coder:7b,अणु संख्या,1.362
9404,User Manager,mr:,Marathi,qwen2.5-coder:7b,माहितीप्रबंधक,1.745
9405,New Tape,mr:,Marathi,qwen2.5-coder:7b,नवीन टेप,1.3
9406,Initial value:,mr:,Marathi,qwen2.5-coder:7b,आरक्षित मूल्य:,1.91
9407,Rename Items,mr:,Marathi,qwen2.5-coder:7b,आयामांना नावांतरित करणा,2.761
9408,File Manager,mr:,Marathi,qwen2.5-coder:7b,फाइल मॅनेजर,1.663
9409,(C) 2006-2009 Peter Penz,mr:,Marathi,qwen2.5-coder:7b,(स) 2006-2009 पेटर पेंजने,3.449
9410,Peter Penz,mr:,Marathi,qwen2.5-coder:7b,पेटर पेन्झ,1.529
9411,Maintainer and developer,mr:,Marathi,qwen2.5-coder:7b,मंत्री आणि विकासकार,2.409
9412,David Faure,mr:,Marathi,qwen2.5-coder:7b,David Faure,0.87
9413,Developer,mr:,Marathi,qwen2.5-coder:7b,डेवलपर,1.108
9414,Aaron J. Seigo,mr:,Marathi,qwen2.5-coder:7b,आरोन ज. सीगो,1.66
9415,Rafael Fernández López,mr:,Marathi,qwen2.5-coder:7b,रफ़ेल फ़र्नांडेस लोपेस्,3.192
9416,Kevin Ottens,mr:,Marathi,qwen2.5-coder:7b,केविन ओट्टेन्स,1.923
9417,Holger Freyther,mr:,Marathi,qwen2.5-coder:7b,होल्गर फ्रीथर,1.782
9418,Max Blazejak,mr:,Marathi,qwen2.5-coder:7b,मार्चे बजाजक,1.717
9419,Michael Austin,mr:,Marathi,qwen2.5-coder:7b,मिश्ले अॅस्टिन,1.97
9420,Documentation,mr:,Marathi,qwen2.5-coder:7b,दस्तऐवज्ञा,1.468
9421,Document to open,mr:,Marathi,qwen2.5-coder:7b,दस्तऐवज खोलणे,1.858
9422,Empty Trash,mr:,Marathi,qwen2.5-coder:7b,खाली घड्याचा खाली करणे,2.672
9423,Add to Places,mr:,Marathi,qwen2.5-coder:7b,जगात जोडणे,1.734
9424,Do you really want to empty the Trash? All items will be deleted.,mr:,Marathi,qwen2.5-coder:7b,तुम्हाला वापरलेल्या आणि असलेल्या आयामांना खाली करण्याचा वापर आहे का? आणि आयामांना असलेल्या आयामांना अस,10.989
9425,Trash,mr:,Marathi,qwen2.5-coder:7b,पाठ्यक्रम,1.208
9426,Restore,mr:,Marathi,qwen2.5-coder:7b,पुनर्स्थापित करणे,1.931
9427,Create New,mr:,Marathi,qwen2.5-coder:7b,नव्हा बनाणा,1.519
9428,View Mode,mr:,Marathi,qwen2.5-coder:7b,दृश्य अवधारणा,1.834
9429,Properties,mr:,Marathi,qwen2.5-coder:7b,प्रॉप्स,1.169
9430,Paste Into Folder,mr:,Marathi,qwen2.5-coder:7b,फोल्डरमध्ये पेस्ट करा,2.398
9431,Others,mr:,Marathi,qwen2.5-coder:7b,अन्यांसाठी,1.441
9432,Normal,mr:,Marathi,qwen2.5-coder:7b,नारम्ला,1.13
9433,Update required,mr:,Marathi,qwen2.5-coder:7b,अपडेट आवश्यक आहे,2.125
9434,Locally modified,mr:,Marathi,qwen2.5-coder:7b,स्थानीयपणे अशेला,2.133
9435,Added,mr:,Marathi,qwen2.5-coder:7b,जोडले,1.176
9436,Removed,mr:,Marathi,qwen2.5-coder:7b,उपलब्ध केली गेली,1.938
9437,Conflicting,mr:,Marathi,qwen2.5-coder:7b,मिलते आसले,1.493
9438,Unversioned,mr:,Marathi,qwen2.5-coder:7b,अनुक्रमित नाहीं,1.833
9439,Version,mr:,Marathi,qwen2.5-coder:7b,वर्षणा,0.996
9440,Folders,mr:,Marathi,qwen2.5-coder:7b,फोडर्स,1.015
9441,Small,mr:,Marathi,qwen2.5-coder:7b,मोठे,0.787
9442,Medium,mr:,Marathi,qwen2.5-coder:7b,मध्यम,0.89
9443,Big,mr:,Marathi,qwen2.5-coder:7b,मोठा,0.79
9444,Today,mr:,Marathi,qwen2.5-coder:7b,आज,0.607
9445,Yesterday,mr:,Marathi,qwen2.5-coder:7b,यानंदीला,1.245
9446,%A,mr:,Marathi,qwen2.5-coder:7b,%A,0.584
9447,Last Week,mr:,Marathi,qwen2.5-coder:7b,पिछ्ला वींगा,1.631
9448,Two Weeks Ago,mr:,Marathi,qwen2.5-coder:7b,दोन्ही वर्षांनी पुढील,2.398
9449,Three Weeks Ago,mr:,Marathi,qwen2.5-coder:7b,तीला वर्षांदीला,1.952
9450,Earlier this Month,mr:,Marathi,qwen2.5-coder:7b,पिछ्ले महिना,1.629
9451,"Yesterday (%B, %Y)",mr:,Marathi,qwen2.5-coder:7b,"जाते (%B, %Y)",1.596
9452,"%A (%B, %Y)",mr:,Marathi,qwen2.5-coder:7b,"%A (%B, %Y)",1.35
9453,"Last Week (%B, %Y)",mr:,Marathi,qwen2.5-coder:7b,"पिछ्ला वीकार (%B, %Y)",2.557
9454,"Two Weeks Ago (%B, %Y)",mr:,Marathi,qwen2.5-coder:7b,"दोन्ही वर्षांनी (%B, %Y)",2.819
9455,"Three Weeks Ago (%B, %Y)",mr:,Marathi,qwen2.5-coder:7b,"तीन व्या वाजारांपूरीत (%B, %Y)",3.581
9456,"Earlier on %B, %Y",mr:,Marathi,qwen2.5-coder:7b,"पहिले %B, %Y",1.734
9457,"%B, %Y",mr:,Marathi,qwen2.5-coder:7b,"%B, %Y",0.962
9458,"Read,",mr:,Marathi,qwen2.5-coder:7b,"पढा,",0.951
9459,"Write,",mr:,Marathi,qwen2.5-coder:7b,"पाठवा,",0.989
9460,"Execute,",mr:,Marathi,qwen2.5-coder:7b,"पाला,",1.033
9461,Forbidden,mr:,Marathi,qwen2.5-coder:7b,प्रतिबंधित,1.326
9462,(User: %1) (Group: %2) (Others: %3),mr:,Marathi,qwen2.5-coder:7b,(प्रयोगकर: %1) (ग्रुप: %2) (अन्य: %3),4.082
9463,Unknown error.,mr:,Marathi,qwen2.5-coder:7b,अज्ञानी गत्ता.,1.88
9464,Add Comment...,mr:,Marathi,qwen2.5-coder:7b,टिप्पणी जोड्या...,2.083
9465,Change...,mr:,Marathi,qwen2.5-coder:7b,परिवर्तन करा...,1.638
9466,Change Comment,mr:,Marathi,qwen2.5-coder:7b,पर्याय बदला,1.758
9467,Add Comment,mr:,Marathi,qwen2.5-coder:7b,टिप्पणी जोड्या,2.107
9468,Changing annotations,mr:,Marathi,qwen2.5-coder:7b,अनोटेशन बदलणे,1.803
9469,Configure Shown Data,mr:,Marathi,qwen2.5-coder:7b,दिलेल्या माहितींचा व्यवस्थित करा,3.767
9470,Configure which data should be shown,mr:,Marathi,qwen2.5-coder:7b,किंवा जाहीर केले जाणाले आणि निवडणारे आणि दिसणारे आणि अनुसंधान करणारे आणि अनुसंधान करणारे आणि अनुसंधान क,10.66
9471,Type,mr:,Marathi,qwen2.5-coder:7b,प्रवेश करण्यासाठी,1.971
9472,Size,mr:,Marathi,qwen2.5-coder:7b,आकार,0.835
9473,Modified,mr:,Marathi,qwen2.5-coder:7b,मध्यम केले गेले,1.807
9474,Owner,mr:,Marathi,qwen2.5-coder:7b,प्राप्तकार,1.31
9475,Permissions,mr:,Marathi,qwen2.5-coder:7b,अनुमतींे,1.211
9476,Rating,mr:,Marathi,qwen2.5-coder:7b,रेटिंग,0.972
9477,Tags,mr:,Marathi,qwen2.5-coder:7b,ताग्वे,1.024
9478,Comment,mr:,Marathi,qwen2.5-coder:7b,टिप्पणी,1.283
9479,Change Tags,mr:,Marathi,qwen2.5-coder:7b,चिन्हांपासून बदला,2.23
9480,Add Tags,mr:,Marathi,qwen2.5-coder:7b,ताग जोड्या,1.519
9481,Configure which tags should be applied.,mr:,Marathi,qwen2.5-coder:7b,स्वर्ण जाहीरात जोडण्यासाठी कैसे वापरणे आवश्यक आहे.,5.643
9482,Create new tag:,mr:,Marathi,qwen2.5-coder:7b,नवीन टॅग बनाणा:,2.137
9483,Delete tag,mr:,Marathi,qwen2.5-coder:7b,टॅग अड्वकारण करणे,2.155
9484,Should the tag %1 really be deleted for all files?,mr:,Marathi,qwen2.5-coder:7b,काहीतर त्याचे लेख %1 सर्व फाइलांना वापरण्यात असला जासे असा असा असा असा असा असा असा असा असा असा असा असा,10.685
9485,Delete,mr:,Marathi,qwen2.5-coder:7b,हटाणा,0.939
9486,Cancel,mr:,Marathi,qwen2.5-coder:7b,रद्द करणे,1.199
9487,Add Tags...,mr:,Marathi,qwen2.5-coder:7b,टॅग जोड्या...,1.722
9488,Width x Height:,mr:,Marathi,qwen2.5-coder:7b,वाईडथ x उंचीता:,1.827
9489,Size:,mr:,Marathi,qwen2.5-coder:7b,आकार:,0.891
9490,Folder,mr:,Marathi,qwen2.5-coder:7b,फोल्डर,1.016
9491,Total Size:,mr:,Marathi,qwen2.5-coder:7b,जातील आकार:,1.552
9492,Type:,mr:,Marathi,qwen2.5-coder:7b,प्रवेश करा:,1.281
9493,Modified:,mr:,Marathi,qwen2.5-coder:7b,मध्यमित केले:,1.541
9494,Owner:,mr:,Marathi,qwen2.5-coder:7b,प्राप्तकार:,1.398
9495,Permissions:,mr:,Marathi,qwen2.5-coder:7b,अनुमतीहरू:,1.519
9496,Rating:,mr:,Marathi,qwen2.5-coder:7b,मूल्यांकन:,1.61
9497,Tags:,mr:,Marathi,qwen2.5-coder:7b,ताग्वर्तने:,1.47
9498,Comment:,mr:,Marathi,qwen2.5-coder:7b,कृपया अपन्याचे माहिती देण्यासाठी या फाईलाचा नाव लिखा जाणा येणारे.,7.01
9499,Preview,mr:,Marathi,qwen2.5-coder:7b,पूर्वानुभव,1.555
9500,Configure...,mr:,Marathi,qwen2.5-coder:7b,परिवर्तन करा...,1.671
9501,Configure which data should be shown in the Information Panel.,mr:,Marathi,qwen2.5-coder:7b,प्रस्तावित करा कोणीत अंदाजे आणि माहिती पटकात दिले जातात.,5.678
9502,play,mr:,Marathi,qwen2.5-coder:7b,प्ले,0.82
9503,stop,mr:,Marathi,qwen2.5-coder:7b,पराभारणा करा,1.666
9504,Cut,mr:,Marathi,qwen2.5-coder:7b,टॅक्स,1.192
9505,Copy,mr:,Marathi,qwen2.5-coder:7b,कॉपी करणा,1.344
9506,Paste,mr:,Marathi,qwen2.5-coder:7b,पेस्ट करणा,1.278
9507,Rename...,mr:,Marathi,qwen2.5-coder:7b,नावाची बदलणे...,1.78
9508,Move to Trash,mr:,Marathi,qwen2.5-coder:7b,मोठावा,1.118
9509,Show Hidden Files,mr:,Marathi,qwen2.5-coder:7b,प्राथमिक फाइले दिखावा,2.626
9510,& Edit File Type...,mr:,Marathi,qwen2.5-coder:7b,& फाइल प्रकार संशोधित करा...,2.732
9511,Select Items Matching...,mr:,Marathi,qwen2.5-coder:7b,चुनून आणि आणि आणि आणि आणि आणि आणि आणि आणि आणि आणि आणि आणि आणि आणि आणि आणि आणि आणि आणि आणि आणि आणि आ,10.589
9512,Unselect Items Matching...,mr:,Marathi,qwen2.5-coder:7b,विचारांना अच्छवून अच्छवून अच्छवून अच्छवून अच्छवून अच्छवून अच्छवून अच्छवून अच्छवून अच्छवून,10.524
9513,Unselect All,mr:,Marathi,qwen2.5-coder:7b,सर्वांना अच्छवा,1.978
9514,Invert Selection,mr:,Marathi,qwen2.5-coder:7b,परिवर्तन करा,1.864
9515,Applications,mr:,Marathi,qwen2.5-coder:7b,अप्लिकेशन्स,1.56
9516,& Network Folders,mr:,Marathi,qwen2.5-coder:7b,&नेटवर्क फोल्डर्स,2.207
9517,Settings,mr:,Marathi,qwen2.5-coder:7b,सेटिंग्स,1.257
9518,Autostart,mr:,Marathi,qwen2.5-coder:7b,आवडला शुरू करणे,2.046
9519,Open & Terminal,mr:,Marathi,qwen2.5-coder:7b,खोला & टर्मिनल,2.009
9520,Dolphin Part,mr:,Marathi,qwen2.5-coder:7b,डोल्फिन भाग,1.642
9521,Select,mr:,Marathi,qwen2.5-coder:7b,चुना,0.825
9522,Select all items matching this pattern:,mr:,Marathi,qwen2.5-coder:7b,साठी या पॅटरनाचे सर्व आपशी चुनून करा:,4.397
9523,Unselect,mr:,Marathi,qwen2.5-coder:7b,अनुनिश्चित करणा,1.906
9524,Unselect all items matching this pattern:,mr:,Marathi,qwen2.5-coder:7b,साठी या पॅटरनाचे सर्व आपशी चुनून करा:,4.313
9525,& Edit,mr:,Marathi,qwen2.5-coder:7b,&संपादन,1.198
9526,Selection,mr:,Marathi,qwen2.5-coder:7b,चयन,0.757
9527,& View,mr:,Marathi,qwen2.5-coder:7b,& देखा,1.087
9528,Sort By,mr:,Marathi,qwen2.5-coder:7b,सर्वात जुळवणे,2.023
9529,Additional Information,mr:,Marathi,qwen2.5-coder:7b,अधिक माहिती,1.434
9530,& Go,mr:,Marathi,qwen2.5-coder:7b,& जा,0.83
9531,Tools,mr:,Marathi,qwen2.5-coder:7b,उपकरणे,1.067
9532,Dolphin Toolbar,mr:,Marathi,qwen2.5-coder:7b,डोल्फिन टूलबार,1.961
9533,Panels,mr:,Marathi,qwen2.5-coder:7b,पन्ने,0.965
9534,Location Bar,mr:,Marathi,qwen2.5-coder:7b,स्थानीयता मालिकी,1.967
9535,Main Toolbar,mr:,Marathi,qwen2.5-coder:7b,मुख्य टूलबार,1.813
9536,Search Toolbar,mr:,Marathi,qwen2.5-coder:7b,खोज टूलबार,1.769
9537,Your names,mr:,Marathi,qwen2.5-coder:7b,आपचे नावे,1.395
9538,Your emails,mr:,Marathi,qwen2.5-coder:7b,आपचे ईमेले,1.382
9539,Show preview,mr:,Marathi,qwen2.5-coder:7b,पूर्वानुभव दिखावा,2.15
9540,Show hidden files,mr:,Marathi,qwen2.5-coder:7b,फिल्यांचे दृश्य करणे,2.403
9541,Location,mr:,Marathi,qwen2.5-coder:7b,स्थान,0.911
9542,What,mr:,Marathi,qwen2.5-coder:7b,कायदा,0.956
9543,Criteria,mr:,Marathi,qwen2.5-coder:7b,काही माहिती दिलेली जाते.,2.616
9544,"When this option is enabled hidden files, such as those starting with a '.', will be shown in the file view.",mr:,Marathi,qwen2.5-coder:7b,"जोड्यात या पर्यायाचा सक्षम करणे, जैसे की वैशिष्ट्यांना शुरू झालेले फाइल्स, जैसे की वे एक दृशी झालेले",10.827
9545,"This option controls the style of the view. Currently supported values include icons (0), details (1) and column (2) views.",mr:,Marathi,qwen2.5-coder:7b,"या विकल्प दृश्याचे शैली नियंत्रित करतो. अभीचे समर्थन करणाऱ्या मूळ्यांना इकोन (0), विस्तृत (1) आणि स्तंभ (",8.846
9546,"When this option is enabled, a preview of the file content is shown as an icon.",mr:,Marathi,qwen2.5-coder:7b,"जो विकल्प अक्षम करते जाते, फाइलाचे सामग्री काही चिन्हांमधून पहिला प्रभाव दिसते.",8.244
9547,Categorized Sorting,mr:,Marathi,qwen2.5-coder:7b,श्रेणीबद्ध सर्वसमय व्यवस्थित करणे,3.42
9548,"When this option is enabled, the sorted items are summarized by their category.",mr:,Marathi,qwen2.5-coder:7b,"जो विकल्प अक्षम करते जाते, सर्वोच्च वस्तूना त्यांच्या श्रेणीबद्दल सारांख्यला दिले जातात.",9.466
9549,Sort files by,mr:,Marathi,qwen2.5-coder:7b,फाइल्या व्यवस्थित करण्यासाठी,3.278
9550,"This option defines which attribute (name, size, date, etc.) sorting is performed on.",mr:,Marathi,qwen2.5-coder:7b,"या विकल्प निर्धारित करतो की किस वैशिष्ट्य (नाव, आकार, तारीख, आदि) पर सर्वेक्षण किंवा सर्वेक्षण किंवा सर्वेक्ष",10.983
9551,Order in which to sort files,mr:,Marathi,qwen2.5-coder:7b,फाइल्यांचे वर्गीकरण क्रम,2.848
9552,Show folders first when sorting files and folders,mr:,Marathi,qwen2.5-coder:7b,फाइल्स आणि फोल्डर्स व्यवस्थित करण्यासाठी पहिले फोल्डर्स दिखावा,6.772
9553,Additional information,mr:,Marathi,qwen2.5-coder:7b,अधिक माहिती,1.447
9554,Properties last changed,mr:,Marathi,qwen2.5-coder:7b,प्रॉप्स अंतिमपणे बदलले गेले,3.217
9555,The last time these properties were changed by the user.,mr:,Marathi,qwen2.5-coder:7b,पिछ्ल्या वेळात या प्रॉप्स यांचा योग्य करणे योग्य करणे योग्य करणे योग्य करणे योग्य करणे योग्य करणे योग्य करणे,10.768
9556,Font family,mr:,Marathi,qwen2.5-coder:7b,फॉन्ट फॅमिली,1.791
9557,Use system font,mr:,Marathi,qwen2.5-coder:7b,प्रणालीचे लिपी वापरा,2.448
9558,Font size,mr:,Marathi,qwen2.5-coder:7b,फॅन्ट आकार,1.588
9559,Italic,mr:,Marathi,qwen2.5-coder:7b,आणि,0.708
9560,Font weight,mr:,Marathi,qwen2.5-coder:7b,फॉन्ट वजन,1.401
9561,Icon size,mr:,Marathi,qwen2.5-coder:7b,आयोजनाचे आकार,1.724
9562,Preview size,mr:,Marathi,qwen2.5-coder:7b,पूर्वीकृत आकार,1.976
9563,Expandable folders,mr:,Marathi,qwen2.5-coder:7b,फॅल्डर्स विस्तारित करणे,2.842
9564,Position of columns,mr:,Marathi,qwen2.5-coder:7b,स्तंभांच्या स्थापना,2.344
9565,Disabled plugins,mr:,Marathi,qwen2.5-coder:7b,अक्षम योजना,1.593
9566,Arrangement,mr:,Marathi,qwen2.5-coder:7b,आयोजना,1.077
9567,Item height,mr:,Marathi,qwen2.5-coder:7b,आयामाची आयाम,1.705
9568,Item width,mr:,Marathi,qwen2.5-coder:7b,आयाम चौड़ाई,1.677
9569,Grid spacing,mr:,Marathi,qwen2.5-coder:7b,ग्रिड स्पेसिंग,1.633
9570,Number of textlines,mr:,Marathi,qwen2.5-coder:7b,साठी लाईन्यांची संख्या,2.662
9571,Column width,mr:,Marathi,qwen2.5-coder:7b,कॉलमचे चौंद,1.724
9572,Should the URL be editable for the user,mr:,Marathi,qwen2.5-coder:7b,या URL यांचा योग्य असावा याचे आपला माहिती आहे का?,5.134
9573,Text completion mode of the URL Navigator,mr:,Marathi,qwen2.5-coder:7b,URL नाविगेटरचे टेक्स्ट पूर्ण करण्याची मोड,4.549
9574,Should the full path be shown inside the location bar,mr:,Marathi,qwen2.5-coder:7b,पूर्ण पास्थान लोकेशन बाराती दिसणे शकते?,4.739
9575,Is the application started the first time,mr:,Marathi,qwen2.5-coder:7b,प्रतिश्रुती आणि अपलिकेशन याचे पहिला शुरूवात आहे,5.4
9576,Home URL,mr:,Marathi,qwen2.5-coder:7b,होम युआर्युन,1.641
9577,Split the view into two panes,mr:,Marathi,qwen2.5-coder:7b,दृश्याचा दोन खंडांना विभाजित करा,3.871
9578,Should the filter bar be shown,mr:,Marathi,qwen2.5-coder:7b,फिल्टर बार दिखाणे याचे आपला माहिती आहे?,4.373
9579,Should the view properties be used for all directories,mr:,Marathi,qwen2.5-coder:7b,विस्तारांचे प्रॉप्स आणि सर्व डिरेक्ट्रींना वापरणे याची आवश्यकता होती?,7.305
9580,Browse through archives,mr:,Marathi,qwen2.5-coder:7b,"खालील अभिलेखांना वापरा: ""खालील अभिलेखांना वापरा",5.274
9581,Ask for confirmation when closing windows with multiple tabs.,mr:,Marathi,qwen2.5-coder:7b,जाहीरात घेण्यासाठी जाहीरात घेण्यासाठी जाहीरात घेण्यासाठी जाहीरात घेण्यासाठी जाहीरात घेण्यासाठी जाहीर,10.765
9582,Rename inline,mr:,Marathi,qwen2.5-coder:7b,सामान्यतः रिकार्ड यांचे नाव बदलणे,4.004
9583,Show selection toggle,mr:,Marathi,qwen2.5-coder:7b,परिवार चांदण्य दिसणे,2.533
9584,Show tooltips,mr:,Marathi,qwen2.5-coder:7b,तिप्पण्यां दिसवा,2.098
9585,Show'Copy To 'and'Move To' commands in context menu,mr:,Marathi,qwen2.5-coder:7b,शेवट आणि आकर्षित विनिमयांचे 'प्रतिकृती करणे' आणि 'यादीत ठेवणे' मोडी दिखवा,8.003
9586,Timestamp since when the view properties are valid,mr:,Marathi,qwen2.5-coder:7b,वेचालेच समयाचे अंतराल जो व्यवहाराचे प्रॉप्स वैध आहेत,6.085
9587,Use auto-expanding folders for all view types,mr:,Marathi,qwen2.5-coder:7b,सर्व प्रकारचे दृश्यांना आवेदन वाढवणारे फोल्डर्स वापरा,6.009
9588,Show zoom slider in the statusbar,mr:,Marathi,qwen2.5-coder:7b,स्थितीपटकात जळव स्लाइडर दिसवा,3.733
9589,Show the space information in the statusbar,mr:,Marathi,qwen2.5-coder:7b,स्थितीबाड्यात जगभागाची माहिती दाखवा,4.179
9590,Successfully copied.,mr:,Marathi,qwen2.5-coder:7b,सफलतेचे प्रतीक्रिया.,2.251
9591,Successfully moved.,mr:,Marathi,qwen2.5-coder:7b,सफलतेचे आणि ठेवले.,2.253
9592,Successfully linked.,mr:,Marathi,qwen2.5-coder:7b,सफलतेचे जोडणे.,1.798
9593,Successfully moved to trash.,mr:,Marathi,qwen2.5-coder:7b,सफलतापूर्वक मदत्यागात झाली.,3.294
9594,Successfully renamed.,mr:,Marathi,qwen2.5-coder:7b,सफलतेचे नाव बदलवले.,2.383
9595,Created folder.,mr:,Marathi,qwen2.5-coder:7b,फोल्डर बनाले.,1.794
9596,Go back,mr:,Marathi,qwen2.5-coder:7b,पुढील जाणा,1.471
9597,Go forward,mr:,Marathi,qwen2.5-coder:7b,आणखी आणखी झाला,1.838
9598,Confirmation,mr:,Marathi,qwen2.5-coder:7b,पुष्टीकरण,1.351
9599,Close Current Tab,mr:,Marathi,qwen2.5-coder:7b,वर्तमान टॅब बंद करा,2.312
9600,"You have multiple tabs open in this window, are you sure you want to quit?",mr:,Marathi,qwen2.5-coder:7b,"आणि या जंगलात अधिक सालग्यांची खालील आहेत, आपण निश्चित आहेत की आपनी वित्ती घेणे चाहते आहेत?",9.478
9601,Do not ask again,mr:,Marathi,qwen2.5-coder:7b,नाहीं दुवा घेणा,2.012
9602,New Tab,mr:,Marathi,qwen2.5-coder:7b,नवीन टॅब,1.381
9603,Close Other Tabs,mr:,Marathi,qwen2.5-coder:7b,अन्य टॅब्ज बंद करा,2.236
9604,Close Tab,mr:,Marathi,qwen2.5-coder:7b,टॅब बंद करा,1.514
9605,New & Window,mr:,Marathi,qwen2.5-coder:7b,नवीन & जने,1.469
9606,Select All,mr:,Marathi,qwen2.5-coder:7b,सर्वांना चुना,1.74
9607,Stop,mr:,Marathi,qwen2.5-coder:7b,पर्याप्त करणे,1.62
9608,Stop loading,mr:,Marathi,qwen2.5-coder:7b,प्रतिरोध लोड करा,2.075
9609,Editable Location,mr:,Marathi,qwen2.5-coder:7b,संपादित क्षेत्र,1.785
9610,Replace Location,mr:,Marathi,qwen2.5-coder:7b,स्थान परिवर्तन करा,2.315
9611,Recently Closed Tabs,mr:,Marathi,qwen2.5-coder:7b,पुढीलपासून बंद टॅब्स,2.951
9612,Show Search Bar,mr:,Marathi,qwen2.5-coder:7b,शोध बाडी दिस्या,2.044
9613,Show Filter Bar,mr:,Marathi,qwen2.5-coder:7b,फिल्टर बार दिखावा,2.157
9614,Compare Files,mr:,Marathi,qwen2.5-coder:7b,फाइल्या तुलना करणे,2.25
9615,Open Terminal,mr:,Marathi,qwen2.5-coder:7b,तर्मिनल खोला,1.663
9616,Activate Next Tab,mr:,Marathi,qwen2.5-coder:7b,अगल्या टॅब अक्टिव करा,2.476
9617,Activate Previous Tab,mr:,Marathi,qwen2.5-coder:7b,पिछ्ले टॅब अक्टिव करा,2.579
9618,Open in New Tab,mr:,Marathi,qwen2.5-coder:7b,नव्हा टॅब मध्ये खोला,2.591
9619,Open in New Window,mr:,Marathi,qwen2.5-coder:7b,नव्हा जंगलात खोला,2.035
9620,Search Bar,mr:,Marathi,qwen2.5-coder:7b,खोज बाडी,1.243
9621,Information,mr:,Marathi,qwen2.5-coder:7b,प्रशिन्तरी,1.333
9622,Terminal,mr:,Marathi,qwen2.5-coder:7b,तर्मिनल,1.083
9623,Places,mr:,Marathi,qwen2.5-coder:7b,स्थानांचे वर्णन,1.891
9624,Close,mr:,Marathi,qwen2.5-coder:7b,बंद करा,1.009
9625,Close right view,mr:,Marathi,qwen2.5-coder:7b,दाखला दाखला करण्यात आहे,2.587
9626,Close left view,mr:,Marathi,qwen2.5-coder:7b,दाखले देखवारी बंद करा,2.706
9627,Split,mr:,Marathi,qwen2.5-coder:7b,विभाजित करा,1.678
9628,Split view,mr:,Marathi,qwen2.5-coder:7b,विभाजित रूप,1.564
9629,Tag,mr:,Marathi,qwen2.5-coder:7b,ताग,0.7
9630,Search...,mr:,Marathi,qwen2.5-coder:7b,खोजा...,0.942
9631,Everywhere,mr:,Marathi,qwen2.5-coder:7b,प्रत्येकानंतर,1.67
9632,From Here,mr:,Marathi,qwen2.5-coder:7b,या जगाला,1.26
9633,All,mr:,Marathi,qwen2.5-coder:7b,सर्वात,1.063
9634,Images,mr:,Marathi,qwen2.5-coder:7b,चित्रे,0.915
9635,Text,mr:,Marathi,qwen2.5-coder:7b,पाठ्याचे पाठ्याचे पाठ्याचे पाठ्याचे पाठ्याचे पाठ्याचे पाठ्याचे पाठ्याचे पाठ्याचे पाठ्याचे पाठ्याचे पाठ्याचे पाठ,10.302
9636,Filenames,mr:,Marathi,qwen2.5-coder:7b,फाइलनावे,1.291
9637,Search:,mr:,Marathi,qwen2.5-coder:7b,खोजा:,0.957
9638,What:,mr:,Marathi,qwen2.5-coder:7b,कायचे?,1.044
9639,Add search option,mr:,Marathi,qwen2.5-coder:7b,खोज पर्याय जोडा,2.006
9640,Search,mr:,Marathi,qwen2.5-coder:7b,खोजा,0.81
9641,Start searching,mr:,Marathi,qwen2.5-coder:7b,शोधाला शुरू करा,1.964
9642,Save,mr:,Marathi,qwen2.5-coder:7b,सहकारी करणे,1.471
9643,Save search options,mr:,Marathi,qwen2.5-coder:7b,खोज परिवार बनवा,1.976
9644,Close search options,mr:,Marathi,qwen2.5-coder:7b,खोजाला पर्यायां बंद करा,2.806
9645,Name:,mr:,Marathi,qwen2.5-coder:7b,नाव:,0.835
9646,Save Search Options,mr:,Marathi,qwen2.5-coder:7b,खोज पर्यायां साठवा,2.299
9647,Remove search option,mr:,Marathi,qwen2.5-coder:7b,खोज पर्याय हटायचे,2.188
9648,Greater Than,mr:,Marathi,qwen2.5-coder:7b,जागतिक,1.303
9649,Greater Than or Equal to,mr:,Marathi,qwen2.5-coder:7b,जसे अधिक आणि या आहे,2.636
9650,Less Than,mr:,Marathi,qwen2.5-coder:7b,मजबूत आहे,1.494
9651,Less Than or Equal to,mr:,Marathi,qwen2.5-coder:7b,कमी आणि बरोबर आहे,2.315
9652,Anytime,mr:,Marathi,qwen2.5-coder:7b,हा कोणते नाव आहे?,2.069
9653,This Week,mr:,Marathi,qwen2.5-coder:7b,या सप्ताहात,1.483
9654,This Month,mr:,Marathi,qwen2.5-coder:7b,या महिना,1.103
9655,This Year,mr:,Marathi,qwen2.5-coder:7b,या वर्षात,1.282
9656,Date:,mr:,Marathi,qwen2.5-coder:7b,दिवसीया:,1.201
9657,Any,mr:,Marathi,qwen2.5-coder:7b,आणि,0.732
9658,Equal to,mr:,Marathi,qwen2.5-coder:7b,समान आहे,1.219
9659,Not Equal to,mr:,Marathi,qwen2.5-coder:7b,नाहीते,1.107
9660,Tag:,mr:,Marathi,qwen2.5-coder:7b,मान्यता:,1.321
9661,No Tags Available,mr:,Marathi,qwen2.5-coder:7b,नाहीत अनुवाद उपलब्ध आहे,2.83
9662,Byte,mr:,Marathi,qwen2.5-coder:7b,बायट,0.807
9663,KByte,mr:,Marathi,qwen2.5-coder:7b,किबाइट,1.014
9664,MByte,mr:,Marathi,qwen2.5-coder:7b,म्बायट,1.051
9665,GByte,mr:,Marathi,qwen2.5-coder:7b,ग्याब्यट,1.27
9666,Deselect Item,mr:,Marathi,qwen2.5-coder:7b,अपने वस्तूनुसार चुनाव कमी करणा,3.452
9667,Select Item,mr:,Marathi,qwen2.5-coder:7b,चुना आइटम,1.385
9668,Icon Size,mr:,Marathi,qwen2.5-coder:7b,आयोजनाचे आकार,1.798
9669,Default:,mr:,Marathi,qwen2.5-coder:7b,डिफॉल्ट:,1.289
9670,Preview:,mr:,Marathi,qwen2.5-coder:7b,पूर्वानुभव:,1.596
9671,Show zoom slider,mr:,Marathi,qwen2.5-coder:7b,जळाव ट्रक दिखावा,2.296
9672,Show space information,mr:,Marathi,qwen2.5-coder:7b,स्थानाची माहिती दिखायचे,2.631
9673,System Font,mr:,Marathi,qwen2.5-coder:7b,सिस्टम फॉन्ट,1.797
9674,Custom Font,mr:,Marathi,qwen2.5-coder:7b,"स्वचाता खालील अनुवादाचे उदाहरण आहे:

""Custom Font"" -> ""स्वचाता खालील अनुवादाचे उदाहरण आहे:""

""Custom Font"" -> ""स्वचाता खालील अनु",10.429
9675,Choose...,mr:,Marathi,qwen2.5-coder:7b,चुना...,0.93
9676,Configure which services should be shown in the context menu.,mr:,Marathi,qwen2.5-coder:7b,सेवांना कॉन्टेक्स्ट मेनूमध्ये दिसणे जोडले जातात.,5.755
9677,Download New Services...,mr:,Marathi,qwen2.5-coder:7b,नवीन सेवा डाउनलोड करा...,2.387
9678,Status Bar,mr:,Marathi,qwen2.5-coder:7b,स्थिती बार,1.42
9679,Show previews for:,mr:,Marathi,qwen2.5-coder:7b,प्रभावी दृश्यांना दिसूना:,3.008
9680,Maximum file size:,mr:,Marathi,qwen2.5-coder:7b,मजकूल फाइल आकार:,2.231
9681,Use thumbnails embedded in files,mr:,Marathi,qwen2.5-coder:7b,फाइलांमध्ये आनंदित चिन्हांना वापरा,4.015
9682,Applying View Properties,mr:,Marathi,qwen2.5-coder:7b,विएवी प्रॉप्स लागू करता,2.992
9683,Counting folders: %1,mr:,Marathi,qwen2.5-coder:7b,फोल्डर गणना करतात: %1,2.514
9684,Folders: %1,mr:,Marathi,qwen2.5-coder:7b,फोडरे: %1,1.368
9685,Font:,mr:,Marathi,qwen2.5-coder:7b,फॉन्ट:,1.13
9686,Text width:,mr:,Marathi,qwen2.5-coder:7b,पाठ्याचे चौंद:,2.074
9687,Large,mr:,Marathi,qwen2.5-coder:7b,मोठा,0.841
9688,Huge,mr:,Marathi,qwen2.5-coder:7b,होळी जाली,1.421
9689,Number of lines:,mr:,Marathi,qwen2.5-coder:7b,ताल्यांची संख्या:,2.148
9690,Grid,mr:,Marathi,qwen2.5-coder:7b,ग्रिड,0.827
9691,Arrangement:,mr:,Marathi,qwen2.5-coder:7b,संग्रह:,1.149
9692,Rows,mr:,Marathi,qwen2.5-coder:7b,रिंग्स,1.0
9693,Grid spacing:,mr:,Marathi,qwen2.5-coder:7b,ग्रिड स्पेसिंग:,1.793
9694,Dolphin Preferences,mr:,Marathi,qwen2.5-coder:7b,डोल्फिन अवलंबणे,1.959
9695,Startup,mr:,Marathi,qwen2.5-coder:7b,प्रस्थान,1.128
9696,View Modes,mr:,Marathi,qwen2.5-coder:7b,दृश्य रूपांसाठी,2.175
9697,Navigation,mr:,Marathi,qwen2.5-coder:7b,नाविगेशन,1.215
9698,Services,mr:,Marathi,qwen2.5-coder:7b,सेवा,0.805
9699,General,mr:,Marathi,qwen2.5-coder:7b,सामान्य,1.126
9700,Mouse,mr:,Marathi,qwen2.5-coder:7b,माउस,0.849
9701,Single-click to open files and folders,mr:,Marathi,qwen2.5-coder:7b,एकदिवसे फाइल्स आणि फोल्डर्स खोलण्यासाठी क्लिक करा,5.318
9702,Double-click to open files and folders,mr:,Marathi,qwen2.5-coder:7b,डोब्ल्यू क्लिक करून फाइल्स आणि फोल्डर्स खोला जाऊना,5.755
9703,Open archives as folder,mr:,Marathi,qwen2.5-coder:7b,खालील अँकडे फोल्डर आहे:,2.921
9704,Open folders during drag operations,mr:,Marathi,qwen2.5-coder:7b,फोल्डर्स ड्राग ऑपरेशन्यात खोला घेणा,4.0
9705,Home Folder,mr:,Marathi,qwen2.5-coder:7b,होम फोल्डर,1.406
9706,Location:,mr:,Marathi,qwen2.5-coder:7b,स्थान:,1.0
9707,Use Current Location,mr:,Marathi,qwen2.5-coder:7b,आणि वर्तमान स्थान वापरा,2.608
9708,Use Default Location,mr:,Marathi,qwen2.5-coder:7b,डिफॉल्ट लोकेशन वापरा,2.597
9709,Split view mode,mr:,Marathi,qwen2.5-coder:7b,दोन्ही रूपांतर विशेषीकरण,3.291
9710,Editable location bar,mr:,Marathi,qwen2.5-coder:7b,संपादित क्षेत्र मालिकी,2.427
9711,Show full path inside location bar,mr:,Marathi,qwen2.5-coder:7b,परिस्थिती बाड्यातील पूर्ण पासवर्ड दिखावा,4.612
9712,Show filter bar,mr:,Marathi,qwen2.5-coder:7b,फिल्टर बार दिखावा,2.116
9713,"The location for the home folder is invalid or does not exist, it will not be applied.",mr:,Marathi,qwen2.5-coder:7b,होम फोल्डराचे स्थान अवैध आहे आणि असून त्याचा लागू नाही.,6.783
9714,Show'Delete 'command,mr:,Marathi,qwen2.5-coder:7b,दिखावा 'हटवा' कमांड,2.375
9715,Show'Copy To 'and'Move To' commands,mr:,Marathi,qwen2.5-coder:7b,प्रतिकृत करण्यासाठी आणि आकर्षित करण्यासाठी कमांड दिखावा,5.959
9716,View Properties,mr:,Marathi,qwen2.5-coder:7b,प्रॉप्स देखा,1.605
9717,Remember view properties for each folder,mr:,Marathi,qwen2.5-coder:7b,प्रत्येक फोल्डराचे दृश्य संपदा याची याद रखा,4.626
9718,Use common view properties for all folders,mr:,Marathi,qwen2.5-coder:7b,सामान्य व्यवहारी प्रॉप्स आणि सर्व फोल्डर्स ला वापरा,5.487
9719,Ask For Confirmation When,mr:,Marathi,qwen2.5-coder:7b,पुष्टी लागू करण्यासाठी प्रश्न घेणा,3.681
9720,Moving files or folders to trash,mr:,Marathi,qwen2.5-coder:7b,फाइल्या या फोल्डर्या ट्रास्हमध्ये ठेवणे,4.409
9721,Deleting files or folders,mr:,Marathi,qwen2.5-coder:7b,फाइल्या या फोल्डर्या डिलीट करणे,3.604
9722,Closing windows with multiple tabs,mr:,Marathi,qwen2.5-coder:7b,विभिन्न टॅब्स वाढून जंगले झाले,4.02
9723,Show selection marker,mr:,Marathi,qwen2.5-coder:7b,परिवार चिन्हाचा दिसणे,2.659
9724,Natural sorting of items,mr:,Marathi,qwen2.5-coder:7b,आयामांना प्राकृतिक वर्गीकरण,2.981
9725,Configure which data should be shown in the tooltip.,mr:,Marathi,qwen2.5-coder:7b,प्रस्थानात जाहीर केले जाणाले किंवा डेटा असे अनुदानित करणे आवश्यक आहे.,6.956
9726,View mode:,mr:,Marathi,qwen2.5-coder:7b,दृश्यांदर्शन विधि:,2.521
9727,Sorting:,mr:,Marathi,qwen2.5-coder:7b,सर्वात जुळवण्यासाठी:,2.577
9728,Ascending,mr:,Marathi,qwen2.5-coder:7b,उत्तराच्या,1.454
9729,Descending,mr:,Marathi,qwen2.5-coder:7b,विसर्वतः,1.329
9730,By Name,mr:,Marathi,qwen2.5-coder:7b,नावाचे आणि वर्ग अनुसार,2.583
9731,By Size,mr:,Marathi,qwen2.5-coder:7b,दुव्याचे आकार,1.973
9732,By Date,mr:,Marathi,qwen2.5-coder:7b,दिवसात आणि वेळात,2.054
9733,By Permissions,mr:,Marathi,qwen2.5-coder:7b,प्रामाण्यांना आणि अनुमतींना,3.073
9734,By Owner,mr:,Marathi,qwen2.5-coder:7b,प्राप्तकर्ता,1.522
9735,By Group,mr:,Marathi,qwen2.5-coder:7b,प्रसिद्धी द्वारा,2.116
9736,By Type,mr:,Marathi,qwen2.5-coder:7b,प्रकारातः,1.366
9737,Show folders first,mr:,Marathi,qwen2.5-coder:7b,फोल्डर्स पहिले दिल्लींदार करा,3.206
9738,Show in groups,mr:,Marathi,qwen2.5-coder:7b,शैलीमध्ये दाखवा,2.122
9739,Apply View Properties To,mr:,Marathi,qwen2.5-coder:7b,विचार प्रॉप्स लागू करा,2.866
9740,Current folder,mr:,Marathi,qwen2.5-coder:7b,आणि अधिकारी अनुमती देणे,2.803
9741,Current folder including all sub folders,mr:,Marathi,qwen2.5-coder:7b,आधीचे फोल्डर आणि सर्व उप फोल्डर्यांना शामिल करण्यात आहे,5.887
9742,All folders,mr:,Marathi,qwen2.5-coder:7b,सर्व फोल्डर्स,1.781
9743,Use as default for new folders,mr:,Marathi,qwen2.5-coder:7b,नव्ही फोल्डर्सासाठी आणि दिलेल्या विनिमयांना वापरा,5.526
9744,The view properties of all sub folders will be changed. Do you want to continue?,mr:,Marathi,qwen2.5-coder:7b,सर्व उपक्रमांचे प्रदर्शन संपदा बदलेली जाऊन आहेत. आपण चालू झाला आहेत?,7.455
9745,The view properties of all folders will be changed. Do you want to continue?,mr:,Marathi,qwen2.5-coder:7b,सर्व फोल्डरांचे दृश्य प्रॉप्शन बदलेले जाऊन आहेत. आपण चालू कराचा आहेत का?,7.979
9746,Date,mr:,Marathi,qwen2.5-coder:7b,दिवसीय तारीख,1.651
9747,Group,mr:,Marathi,qwen2.5-coder:7b,ग्रुप,0.825
9748,Unknown size,mr:,Marathi,qwen2.5-coder:7b,अज्ञानी आकार,1.626
9749,%1 free,mr:,Marathi,qwen2.5-coder:7b,%1 मुक्ती,1.239
9750,Create Folder...,mr:,Marathi,qwen2.5-coder:7b,फोल्डर बनाणा...,1.797
9751,Delete (using shortcut for Trash),mr:,Marathi,qwen2.5-coder:7b,डिल्या (साठी ट्रास्हचे शून्यकरण करण्यासाठी),4.633
9752,Show preview of files and folders,mr:,Marathi,qwen2.5-coder:7b,फाइल्यां आणि फोल्डर्सचे पूर्वानाव दिखावा,4.654
9753,Folders First,mr:,Marathi,qwen2.5-coder:7b,फोल्डर्स पहिले,1.794
9754,Show in Groups,mr:,Marathi,qwen2.5-coder:7b,ग्रुप्समध्ये दाखवा,2.109
9755,Adjust View Properties...,mr:,Marathi,qwen2.5-coder:7b,प्रदर्शनाचे प्रॉप्स राहतात...,3.109
9756,Find File...,mr:,Marathi,qwen2.5-coder:7b,फाइल खोजा...,1.423
9757,Name,mr:,Marathi,qwen2.5-coder:7b,नाव,0.702
9758,Icons view mode,mr:,Marathi,qwen2.5-coder:7b,आयोजनांना देखाव रूप,2.541
9759,Details view mode,mr:,Marathi,qwen2.5-coder:7b,विस्तारित प्रदर्शन मोड,2.432
9760,Columns view mode,mr:,Marathi,qwen2.5-coder:7b,मूळ दृश्य मोड,2.058
9761,Navigation Bar,mr:,Marathi,qwen2.5-coder:7b,नाविगेशन बार,1.652
9762,Date Modified,mr:,Marathi,qwen2.5-coder:7b,मोडी योजना,1.609
9763,File Size,mr:,Marathi,qwen2.5-coder:7b,फाइल आकार,1.29
9764,Copy operation completed.,mr:,Marathi,qwen2.5-coder:7b,कॉपी क्रिया पूर्ण झाली.,2.617
9765,Move operation completed.,mr:,Marathi,qwen2.5-coder:7b,या अवयवाचे अनुयायी अपलाली आहे.,3.427
9766,Link operation completed.,mr:,Marathi,qwen2.5-coder:7b,संबंधित क्रिया पूर्ण केली.,2.694
9767,Move to trash operation completed.,mr:,Marathi,qwen2.5-coder:7b,चापले अवलंबनारा अवसर झाला.,3.201
9768,Renaming operation completed.,mr:,Marathi,qwen2.5-coder:7b,आणि वापरणे झाले.,2.194
9769,Texts,mr:,Marathi,qwen2.5-coder:7b,पाठ्यांसाठी,1.571
9770,Show comment,mr:,Marathi,qwen2.5-coder:7b,प्रतिक्रिया दिखावा,2.001
9771,Show tags,mr:,Marathi,qwen2.5-coder:7b,शेवटे चिन्हां दिखावा,2.328
9772,with optional icon and description,mr:,Marathi,qwen2.5-coder:7b,सावधानीय आणि विवरणाचे विकल्पाचे साथ,4.179
9773,No Tags,mr:,Marathi,qwen2.5-coder:7b,नाहीत टॅग्स,1.694
9774,Detailed description (optional):,mr:,Marathi,qwen2.5-coder:7b,विस्तृत विवरण (पर्यायी):,3.076
9775,Editing,mr:,Marathi,qwen2.5-coder:7b,परिवर्तन करण्यात,2.134
9776,Not yet tagged,mr:,Marathi,qwen2.5-coder:7b,नाहीत जागाला,1.785
9777,Move To Trash,mr:,Marathi,qwen2.5-coder:7b,मोठावा,1.1
9778,& Rename...,mr:,Marathi,qwen2.5-coder:7b,&नावाची बदलणे...,1.874
9779,& Delete,mr:,Marathi,qwen2.5-coder:7b,& हटाया,1.016
9780,& Properties,mr:,Marathi,qwen2.5-coder:7b,& प्रॉप्स,1.183
9781,Preview,mr:,Marathi,qwen2.5-coder:7b,पूर्वानुभव,1.507
9782,Descending,mr:,Marathi,qwen2.5-coder:7b,विसर्वतः,1.336
9783,Show & Hidden Files,mr:,Marathi,qwen2.5-coder:7b,दिखावा & निहित फाइले,2.659
9784,& Size,mr:,Marathi,qwen2.5-coder:7b,आकार,0.849
9785,Date,mr:,Marathi,qwen2.5-coder:7b,दिवसीय तारीख,1.643
9786,Permissions,mr:,Marathi,qwen2.5-coder:7b,अनुमतींे,1.184
9787,& Owner,mr:,Marathi,qwen2.5-coder:7b,& मालिक,1.052
9788,Group,mr:,Marathi,qwen2.5-coder:7b,ग्रुप,0.87
9789,& Type,mr:,Marathi,qwen2.5-coder:7b,& प्रकार,1.061
9790,& Date,mr:,Marathi,qwen2.5-coder:7b,& दिनांक,1.238
9791,& Group,mr:,Marathi,qwen2.5-coder:7b,& ग्रुप,1.01
9792,& Icons,mr:,Marathi,qwen2.5-coder:7b,& इकोन्स,1.146
9793,Details,mr:,Marathi,qwen2.5-coder:7b,विस्तार,1.102
9794,Columns,mr:,Marathi,qwen2.5-coder:7b,कॉलम्स,1.126
9795,Information Panel,mr:,Marathi,qwen2.5-coder:7b,प्रसिद्धान्त बोर्ड,2.157
9796,Quick View,mr:,Marathi,qwen2.5-coder:7b,खोजी देखणे,1.432
9797,Paste One Folder,mr:,Marathi,qwen2.5-coder:7b,एक फोल्डर लगवा,1.875
9798,Paste One File,mr:,Marathi,qwen2.5-coder:7b,एक फाइल लगवा,1.674
9799,Album:,mr:,Marathi,qwen2.5-coder:7b,एल्बम:,1.034
9800,Artist:,mr:,Marathi,qwen2.5-coder:7b,प्रेमकार:,1.308
9801,Genre:,mr:,Marathi,qwen2.5-coder:7b,जान्रे:,1.085
9802,Lines:,mr:,Marathi,qwen2.5-coder:7b,रिंग्स:,1.111
9803,Title:,mr:,Marathi,qwen2.5-coder:7b,शीर्षक:,1.087
9804,Track:,mr:,Marathi,qwen2.5-coder:7b,प्रतिस्थापन:,1.516
9805,Width:,mr:,Marathi,qwen2.5-coder:7b,वाढा:,0.913
9806,All settings will be reset to default values. Do you want to continue?,mr:,Marathi,qwen2.5-coder:7b,सर्व अस्तित्वांना डिफॉल्ट मूळ्यांना रीसेट केले जाऊन आहेत. आपण चालू झाला आहेत?,8.935
9807,modified,mr:,Marathi,qwen2.5-coder:7b,मोडीफिकेड,1.334
9808,Web style plugin,mr:,Marathi,qwen2.5-coder:7b,प्रतिवादी योग्यता लागू करणे,3.191
9809,Use wider lines,mr:,Marathi,qwen2.5-coder:7b,वाढाले रेखा वापरा,2.197
9810,Dialog,mr:,Marathi,qwen2.5-coder:7b,डिलॅग,1.027
9811,General,mr:,Marathi,qwen2.5-coder:7b,सामान्य,1.118
9812,Draw toolbar item separators,mr:,Marathi,qwen2.5-coder:7b,तूलबाडीचे अंतराल घेणे,2.993
9813,Enable animations,mr:,Marathi,qwen2.5-coder:7b,अनिमेशन्यांना सक्षम करा,2.603
9814,Use'X 'in checkboxes instead of check,mr:,Marathi,qwen2.5-coder:7b,खालीलाही चेकबॉक्समध्ये 'X' वापरा 'चेक' खालीलाही चेकबॉक्समध्ये 'X' वापरा 'चेक' खालीलाही चेकबॉक्समध्ये,10.748
9815,Animate tab transitions,mr:,Marathi,qwen2.5-coder:7b,टॅब रिट्रासिशन आणि आणि आणि आणि आणि आणि आणि आणि आणि आणि आणि आणि आणि आणि आणि आणि आणि आणि आणि आणि आणि,10.503
9816,Views,mr:,Marathi,qwen2.5-coder:7b,प्रस्थाने,1.22
9817,Use triangle tree expander instead of +/ -,mr:,Marathi,qwen2.5-coder:7b,त्रिकोणाचे पेक्षा विस्तारक वापरा +/ - वापरावर रक्षित करा,5.771
9818,Draw tree branch lines,mr:,Marathi,qwen2.5-coder:7b,पेडीचे रेखा घेणा,2.086
9819,Draw focus indicator,mr:,Marathi,qwen2.5-coder:7b,सामान्य दर्शावा,2.085
9820,Tabs,mr:,Marathi,qwen2.5-coder:7b,टॅब्स,1.027
9821,Tab style:,mr:,Marathi,qwen2.5-coder:7b,टॅब स्टाइल:,1.583
9822,Single,mr:,Marathi,qwen2.5-coder:7b,एका,0.733
9823,Plain,mr:,Marathi,qwen2.5-coder:7b,सामान्य,1.109
9824,Scrollbars,mr:,Marathi,qwen2.5-coder:7b,स्क्रॉलबार्स,1.592
9825,Width:,mr:,Marathi,qwen2.5-coder:7b,वाढा:,0.942
9826,Draw scrollbar bevel,mr:,Marathi,qwen2.5-coder:7b,स्क्रॉल बाड़ खालील करा,2.97
9827,Colorful hovered scrollbars,mr:,Marathi,qwen2.5-coder:7b,संग्रहालयांना विविध वापरणारे,3.422
9828,Menu Highlight,mr:,Marathi,qwen2.5-coder:7b,मेनू उज्जवल घालणे,2.305
9829,Dark,mr:,Marathi,qwen2.5-coder:7b,ताराकारी,1.234
9830,Use selection color,mr:,Marathi,qwen2.5-coder:7b,परिवारणाचा रंग वापरा,2.721
9831,Subtle,mr:,Marathi,qwen2.5-coder:7b,सुंदर,0.989
9832,Animate progress bars,mr:,Marathi,qwen2.5-coder:7b,प्रगती साठ्यांचा आणि चालणा,2.783
9833,Draw toolbar separator,mr:,Marathi,qwen2.5-coder:7b,तूलबाडीचे विभाजक घेणा,2.88
9834,Highlight focused text input fields,mr:,Marathi,qwen2.5-coder:7b,साधारण टेक्स्ट इनपुट फील्ड्स अंदाज करा,4.54
9835,Custom text input highlight color:,mr:,Marathi,qwen2.5-coder:7b,स्वचाता याचे पासरणारे रंग:,3.221
9836,Custom mouseover highlight color:,mr:,Marathi,qwen2.5-coder:7b,स्वचाला वापरासाठी विस्तारित करण्याचा रंग:,4.708
9837,Custom checkmark color:,mr:,Marathi,qwen2.5-coder:7b,स्वचाला चालक कार्यालय:,2.769
9838,The global shortcut for %1 was issued.,mr:,Marathi,qwen2.5-coder:7b,पण ग्लोबल शॉर्टकट %1 दिली गेली.,3.88
9839,The application %1 has registered a new global shortcut,mr:,Marathi,qwen2.5-coder:7b,प्रयोग %1 ने नव्य ग्लोबल शूटकार रегист्री केला,4.9
9840,Open Global Shortcuts Editor,mr:,Marathi,qwen2.5-coder:7b,जगातील शीर्षकांचे संपादक खोला,3.631
9841,KDE Global Shortcuts Service,mr:,Marathi,qwen2.5-coder:7b,क्यूडी ग्लोबल शॉर्टकट सेवा,3.597
9842,"(C) 2007-2009 Andreas Hartmetz, Michael Jansen",mr:,Marathi,qwen2.5-coder:7b,"(स) २००७-२००९ अंड्रिएस हर्टमेट्ज, मिश्रला जांसन",6.298
9843,Andreas Hartmetz,mr:,Marathi,qwen2.5-coder:7b,अंड्रिएस हर्मेट्ज़,2.396
9844,Maintainer,mr:,Marathi,qwen2.5-coder:7b,मंत्री,0.936
9845,Michael Jansen,mr:,Marathi,qwen2.5-coder:7b,मिश्ले जांसन,1.629
9846,Your names,mr:,Marathi,qwen2.5-coder:7b,आपचे नावे,1.38
9847,Your emails,mr:,Marathi,qwen2.5-coder:7b,आपचे ईमेले,1.481
9848,Launch Feedback You can configure the application-launch feedback here.,mr:,Marathi,qwen2.5-coder:7b,प्रोग्राम लॉन्च फीडबॅक या जगावून आपण अपन्याचे अनुप्रयोग लॉन्च फीडबॅक नियंत्रित करून सकतात.,9.922
9849,Busy Cursor,mr:,Marathi,qwen2.5-coder:7b,प्रतिबंधित कार्यक्रम,2.409
9850,"Busy Cursor KDE offers a busy cursor for application startup notification. To enable the busy cursor, select one kind of visual feedback from the combobox. It may occur, that some applications are not aware of this startup notification. In this case, the cursor stops blinking after the time given in the section'Startup indication timeout '",mr:,Marathi,qwen2.5-coder:7b,कडे वापरणारे शुरूवात नोटिफिकेशनासाठी कडे वापरणारे श्रंखला देणे योग्य आहे. श्रंखला मध्ये एक प्रकारचे वास,8.777
9851,No Busy Cursor,mr:,Marathi,qwen2.5-coder:7b,नाहीले बस्य कार्शिका,2.423
9852,Passive Busy Cursor,mr:,Marathi,qwen2.5-coder:7b,संकल्पनात खाली चालक,2.658
9853,Blinking Cursor,mr:,Marathi,qwen2.5-coder:7b,चक्कर खोलणे,1.688
9854,Bouncing Cursor,mr:,Marathi,qwen2.5-coder:7b,चढळती दर्शक,1.717
9855,& Startup indication timeout:,mr:,Marathi,qwen2.5-coder:7b,& शुरू असण्याचे समय समाप्ती:,3.214
9856,sec,mr:,Marathi,qwen2.5-coder:7b,सेकंड,1.003
9857,Taskbar & Notification,mr:,Marathi,qwen2.5-coder:7b,तासबार आणि नोटीफिकेशन,2.673
9858,"Taskbar Notification You can enable a second method of startup notification which is used by the taskbar where a button with a rotating hourglass appears, symbolizing that your started application is loading. It may occur, that some applications are not aware of this startup notification. In this case, the button disappears after the time given in the section'Startup indication timeout '",mr:,Marathi,qwen2.5-coder:7b,टास्कबार नोटिफिकेशन आपने एक दूसरा शुरूआती नोटिफिकेशन को अक्षम करू शकते हो जो टास्कबार द्वारा उपयोग क,8.774
9859,Enable & taskbar notification,mr:,Marathi,qwen2.5-coder:7b,कार्यालय नोटिफिकेशन सक्षम करा,3.33
9860,Startup indication timeout:,mr:,Marathi,qwen2.5-coder:7b,प्रारंभ अंदाज अवधी:,2.42
9861,kcm_partition,mr:,Marathi,qwen2.5-coder:7b,कंपनी विभाजन,1.729
9862,KDE Partitions Information Control Module,mr:,Marathi,qwen2.5-coder:7b,कडे पार्टिशन्स जाहीरात नियंत्रण मॉड्यूल,4.583
9863,(c) 2008 Nicolas Ternisien,mr:,Marathi,qwen2.5-coder:7b,(२००८ निकोलास तर्निसिएन),3.522
9864,Nicolas Ternisien,mr:,Marathi,qwen2.5-coder:7b,निकोलास तर्निसियन,2.352
9865,This list displays partitions of your system.,mr:,Marathi,qwen2.5-coder:7b,या तयारी माझ्या प्रणालीचे भागांचा प्रदर्शन करते.,4.93
9866,Mount Point,mr:,Marathi,qwen2.5-coder:7b,माउंट पॉइंट,1.658
9867,Label,mr:,Marathi,qwen2.5-coder:7b,लेबल,0.806
9868,Type,mr:,Marathi,qwen2.5-coder:7b,प्रवेश करण्यासाठी,1.84
9869,Total Size,mr:,Marathi,qwen2.5-coder:7b,जातील आकार,1.452
9870,Free Size,mr:,Marathi,qwen2.5-coder:7b,मुक्त आकार,1.475
9871,Used Size,mr:,Marathi,qwen2.5-coder:7b,योग्य आकार,1.483
9872,%1 (%2),mr:,Marathi,qwen2.5-coder:7b,%1 (%2),1.032
9873,none,mr:,Marathi,qwen2.5-coder:7b,नाहीं,0.913
9874,IDE,mr:,Marathi,qwen2.5-coder:7b,IDE,0.506
9875,USB,mr:,Marathi,qwen2.5-coder:7b,USB,0.514
9876,IEEE 1394,mr:,Marathi,qwen2.5-coder:7b,IEEE 1394,1.17
9877,SCSI,mr:,Marathi,qwen2.5-coder:7b,SCSI,0.65
9878,S-ATA,mr:,Marathi,qwen2.5-coder:7b,S-ATA,0.833
9879,Platform,mr:,Marathi,qwen2.5-coder:7b,प्लॅटफॉर्म,1.62
9880,Unknown Bus,mr:,Marathi,qwen2.5-coder:7b,अज्ञानी बस,1.489
9881,Hard Disk,mr:,Marathi,qwen2.5-coder:7b,डायनिक डिस्क,1.683
9882,CD/ DVD Drive,mr:,Marathi,qwen2.5-coder:7b,डीएस/डीवीडी ड्राइव,2.147
9883,Floppy Drive,mr:,Marathi,qwen2.5-coder:7b,फ्लूपी ड्राइव,1.823
9884,Tape,mr:,Marathi,qwen2.5-coder:7b,टेप,0.788
9885,Compact Flash,mr:,Marathi,qwen2.5-coder:7b,कॅंपक्ट फ्लॅश,2.047
9886,Memory Stick,mr:,Marathi,qwen2.5-coder:7b,मेमोरी चिक्का,1.788
9887,Smart Media,mr:,Marathi,qwen2.5-coder:7b,मार्गीण डिवाइस,1.882
9888,SD/ MMC,mr:,Marathi,qwen2.5-coder:7b,SD/ MMC,0.791
9889,Xd,mr:,Marathi,qwen2.5-coder:7b,Xd,0.544
9890,Unknown Type,mr:,Marathi,qwen2.5-coder:7b,अज्ञानी प्रकार,1.604
9891,This display shows information about partitions and hard disks of your system.,mr:,Marathi,qwen2.5-coder:7b,या प्रदर्शनात आपल्या प्रणालीचे विभाजन आणि तारख्या डिस्कांची माहिती दिसते.,7.529
9892,Your names,mr:,Marathi,qwen2.5-coder:7b,आपचे नावे,1.358
9893,Your emails,mr:,Marathi,qwen2.5-coder:7b,आपचे ईमेले,1.477
9894,unknown,mr:,Marathi,qwen2.5-coder:7b,अजानी आहे,1.345
9895,KDE Control Module,mr:,Marathi,qwen2.5-coder:7b,कडे कंट्रोल मॉड्यूल,2.383
9896,A tool to start single KDE control modules,mr:,Marathi,qwen2.5-coder:7b,एक कॉन्ट्रोल मॉड्यूल शुरू करण्यासाठी एक टूल,5.16
9897,"(c) 1999-2004, The KDE Developers",mr:,Marathi,qwen2.5-coder:7b,"(१९९९-२००४, या कडे विकासकारांनी)",4.883
9898,Frans Englich,mr:,Marathi,qwen2.5-coder:7b,फ्रांस इंग्रजी,1.758
9899,Maintainer,mr:,Marathi,qwen2.5-coder:7b,मंत्री,0.953
9900,Daniel Molkentin,mr:,Marathi,qwen2.5-coder:7b,डेनियल मोल्केन्टीन,2.308
9901,Matthias Hoelzer-Kluepfel,mr:,Marathi,qwen2.5-coder:7b,माथियास होल्झर-क्लूपफेल,3.182
9902,Matthias Elter,mr:,Marathi,qwen2.5-coder:7b,माथियास एल्टर,1.8
9903,Matthias Ettrich,mr:,Marathi,qwen2.5-coder:7b,माथियास एट्रिच,1.756
9904,Waldo Bastian,mr:,Marathi,qwen2.5-coder:7b,वॉल्डो बस्टियन,2.014
9905,List all possible modules,mr:,Marathi,qwen2.5-coder:7b,सर्वात योग्य मॉड्यूल तयार करण्यासाठी,4.011
9906,Configuration module to open,mr:,Marathi,qwen2.5-coder:7b,परिस्थिती अवलोकन चौकी खोला,3.295
9907,Specify a particular language,mr:,Marathi,qwen2.5-coder:7b,विशेष भाषा निर्धारित करणा,2.954
9908,Do not display main window,mr:,Marathi,qwen2.5-coder:7b,मुख्य जंचे नाहीते,2.298
9909,The following modules are available:,mr:,Marathi,qwen2.5-coder:7b,विशिष्ट अवलंबांना याची यादी आहे:,3.735
9910,No description available,mr:,Marathi,qwen2.5-coder:7b,नाहीत विवरण उपलब्ध आहे,2.757
9911,Your names,mr:,Marathi,qwen2.5-coder:7b,आपचे नावे,1.351
9912,Your emails,mr:,Marathi,qwen2.5-coder:7b,आपचे ईमेले,1.431
9913,Embeds the module with buttons in window with id,mr:,Marathi,qwen2.5-coder:7b,"मॉड्यूल जिथे बटन्स आहेत, जिथे आयोजनाचे आयडी होते",5.906
9914,Embeds the module without buttons in window with id,mr:,Marathi,qwen2.5-coder:7b,मॉड्यूल बटनांना जमा करते जीवनाचे आणि आयडी वापरते,5.741
9915,Configure - %1,mr:,Marathi,qwen2.5-coder:7b,परिवर्तन करा - %1,2.159
9916,Plasma Engine Explorer,mr:,Marathi,qwen2.5-coder:7b,प्लाजम इंजन विश्लेषक,2.586
9917,Search,mr:,Marathi,qwen2.5-coder:7b,खोजा,0.836
9918,Collapse All,mr:,Marathi,qwen2.5-coder:7b,सर्वांना संकुलित करण्यात आहे,3.031
9919,Expand All,mr:,Marathi,qwen2.5-coder:7b,सर्वांना विस्तार करा,2.363
9920,DataSource,mr:,Marathi,qwen2.5-coder:7b,देखील आणि विस्तार करण्यासाठी या विशेष फंक्शन वापरा या विशेष फंक्शन वापरा या विशेष फंक्शन वापरा या विश,10.338
9921,Key,mr:,Marathi,qwen2.5-coder:7b,कुंजी,0.978
9922,Value,mr:,Marathi,qwen2.5-coder:7b,मूल्य,1.053
9923,Type,mr:,Marathi,qwen2.5-coder:7b,प्रवेश करण्यासाठी,1.958
9924,Get associated service,mr:,Marathi,qwen2.5-coder:7b,संबंधित सेवा प्राप्त करण्यासाठी,3.132
9925,Update source now,mr:,Marathi,qwen2.5-coder:7b,अधिकारी अपडेट करा,2.065
9926,Remove source,mr:,Marathi,qwen2.5-coder:7b,मूळ अडेला,1.803
9927,< empty >,mr:,Marathi,qwen2.5-coder:7b,< खाली >,1.173
9928,Plasma DataEngine Explorer,mr:,Marathi,qwen2.5-coder:7b,प्लाजम डेटा इंजिन खालीलकार,3.104
9929,Search Columns,mr:,Marathi,qwen2.5-coder:7b,खोज तालिका,1.468
9930,All Visible Columns,mr:,Marathi,qwen2.5-coder:7b,सामान्य खाली चौपाईं,2.523
9931,Search:,mr:,Marathi,qwen2.5-coder:7b,खोजा:,0.895
9932,Explore the data published by Plasma DataEngines,mr:,Marathi,qwen2.5-coder:7b,प्लाजम डेटा इंजन्सने प्रकाशित केलेल्या माहितीशी जाहीर करा,5.755
9933,No description available,mr:,Marathi,qwen2.5-coder:7b,नाहीत विवरण उपलब्ध आहे,2.757
9934,"(c) 2006, The KDE Team",mr:,Marathi,qwen2.5-coder:7b,"(२००६, या कडे टीम)",2.744
9935,Aaron J. Seigo,mr:,Marathi,qwen2.5-coder:7b,आरोन ज. सीगो,1.69
9936,Author and maintainer,mr:,Marathi,qwen2.5-coder:7b,लेखक आणि धार्यकारी,2.595
9937,Displays a list of known engines and their descriptions,mr:,Marathi,qwen2.5-coder:7b,जाणलेल्या इंजनांची एक सूची आणि त्यांचे वर्णन प्रदान करते,6.156
9938,The desired height in pixels,mr:,Marathi,qwen2.5-coder:7b,आणि आपल्या आवश्यक उंचीता (पिक्सिल्स),4.12
9939,The desired width in pixels,mr:,Marathi,qwen2.5-coder:7b,आणि आपल्या आवश्यक चौडळ असे पिक्सिल्स मध्ये दिला.,5.122
9940,The desired x position in pixels,mr:,Marathi,qwen2.5-coder:7b,आणि आपल्या अनुभवाचे अनुभव आणि अनुभवाचे अनुभव आणि अनुभवाचे अनुभव आणि अनुभवाचे अनुभव आणि अनुभवाचे अनुभ,10.525
9941,The desired y position in pixels,mr:,Marathi,qwen2.5-coder:7b,आणि आपल्या या योग्य योजनेची विस्थापन असे आपल्या योग्य योजनेची विस्थापन असे आपल्या योग्य योजनेची विस,10.453
9942,The data engine to use,mr:,Marathi,qwen2.5-coder:7b,या डेटा इंजनाची वापर,2.791
9943,The source to request,mr:,Marathi,qwen2.5-coder:7b,माहिती अनुप्रयोग करण्यासाठी,3.297
9944,Update interval in milliseconds,mr:,Marathi,qwen2.5-coder:7b,मिलिसेकंडात अद्ययोजन अवधी,3.059
9945,Only show engines associated with the parent application; maps to the X-KDE-ParentApp entry in the DataEngine's. desktop file.,mr:,Marathi,qwen2.5-coder:7b,"या विशेषता विशेष विन्यासात असे असते: ""माझ्या विशेष विन्यासात असे असते: 'या विशेषता विशेष विन्यासात असे",8.578
9946,Source name,mr:,Marathi,qwen2.5-coder:7b,स्रोताचे नाव,1.514
9947,Update on demand,mr:,Marathi,qwen2.5-coder:7b,अनुप्रयोग आवश्यकता अनुसार अद्ययान करणे,4.189
9948,ms,mr:,Marathi,qwen2.5-coder:7b,म्हणजे,1.047
9949,Update every,mr:,Marathi,qwen2.5-coder:7b,प्रत्येक दिन अपडेट करा,2.472
9950,Request,mr:,Marathi,qwen2.5-coder:7b,आवश्यकता,1.203
9951,& Operation:,mr:,Marathi,qwen2.5-coder:7b,& अनुभव:,1.258
9952,Operation count,mr:,Marathi,qwen2.5-coder:7b,कार्यांची संख्या,2.042
9953,Your names,mr:,Marathi,qwen2.5-coder:7b,आपचे नावे,1.389
9954,Your emails,mr:,Marathi,qwen2.5-coder:7b,आपचे ईमेले,1.457
9955,Start Operation,mr:,Marathi,qwen2.5-coder:7b,प्रक्रिया शुरू करा,2.166
9956,Unknown,mr:,Marathi,qwen2.5-coder:7b,अज्ञानी,1.124
9957,%1 Service Explorer,mr:,Marathi,qwen2.5-coder:7b,%1 सेवा विकस्तर,2.067
9958,DataEngine: %1; Source: %2; Service %3,mr:,Marathi,qwen2.5-coder:7b,डेटा इंजन: %1; स्रोत: %2; सेवा %3,3.703
9959,%1 operation with destination %2 failed. The error was: %3,mr:,Marathi,qwen2.5-coder:7b,%1 अवलोकनाचा %2 असे असला असे असला. असे असला: %3,5.48
9960,Operation Result,mr:,Marathi,qwen2.5-coder:7b,प्रक्रिया परिणाम,1.766
9961,No response from job.,mr:,Marathi,qwen2.5-coder:7b,कामाचे जवाब नाही.,2.235
9962,%1 operation with destination %2 returned successfully. The result was: %3,mr:,Marathi,qwen2.5-coder:7b,%1 अभ्यास अनुयायी %2 मध्ये सफलतेचे. परिणाम होते: %3,5.643
9963,Data Engines,mr:,Marathi,qwen2.5-coder:7b,डेटा इंजन्स,1.64
9964,%1 service for %2 DataEngine source %3,mr:,Marathi,qwen2.5-coder:7b,%1 सेवा लागू करण्यासाठी %2 DataEngine स्रोत %3,3.828
9965,"KIO Exec - Opens remote files, watches modifications, asks for upload",mr:,Marathi,qwen2.5-coder:7b,"किओ एक्सेक्यू - दूरस्थ फाइल्स खोलते, संशोधनांना देखते, अपलोड करण्यासाठी प्रश्न आले",8.959
9966,command 'expected.,mr:,Marathi,qwen2.5-coder:7b,मूळ वापरी 'प्रतीक्षित आहे.,3.238
9967,The URL %1 is malformed,mr:,Marathi,qwen2.5-coder:7b,या URL %1 असून अवैध आहे,2.688
9968,Remote URL %1 not allowed with --tempfiles switch,mr:,Marathi,qwen2.5-coder:7b,रूपरेखा %1 --टेम्पफाइल्स चिन्हावून अनुमती नाहीत,5.713
9969,The supposedly temporary file %1 has been modified. Do you still want to delete it?,mr:,Marathi,qwen2.5-coder:7b,चालू असलेल्या फाइल %1 अशा नावाचे फाइल आहे. त्याचा असणे आणि असलेल्या असणे आपण अभीचे आहे?,9.809
9970,File Changed,mr:,Marathi,qwen2.5-coder:7b,फाइल बदलले गेले,2.001
9971,Do Not Delete,mr:,Marathi,qwen2.5-coder:7b,नाहीं अडवणा,1.614
9972,The file %1 has been modified. Do you want to upload the changes?,mr:,Marathi,qwen2.5-coder:7b,फाइल %1 अशीत अशीत झाली. आपण बदलाला अपलोड कराचा आहेत का?,6.125
9973,Upload,mr:,Marathi,qwen2.5-coder:7b,पोहोचणे,1.1
9974,Do Not Upload,mr:,Marathi,qwen2.5-coder:7b,नाहीत आपल्या फाइलांना अपलून करा,3.481
9975,KIOExec,mr:,Marathi,qwen2.5-coder:7b,KIOExec,0.799
9976,"(c) 1998-2000,2003 The KFM/ Konqueror Developers",mr:,Marathi,qwen2.5-coder:7b,"(१९९८-२०००, २००३ या क्षेत्रातील क्षेत्रातील क्षेत्रातील क्षेत्रातील क्षेत्रातील क्षेत्रातील क्षेत्राती",8.633
9977,David Faure,mr:,Marathi,qwen2.5-coder:7b,David Faure,0.789
9978,Stephan Kulow,mr:,Marathi,qwen2.5-coder:7b,स्टेफन कुलोव,1.693
9979,Bernhard Rosenkraenzer,mr:,Marathi,qwen2.5-coder:7b,Bernhard Rosenkraenzer,1.369
9980,Waldo Bastian,mr:,Marathi,qwen2.5-coder:7b,वॉल्डो बस्टियन,2.004
9981,Oswald Buddenhagen,mr:,Marathi,qwen2.5-coder:7b,ओसवल्ड बुद्धनागर्जीकरण,2.839
9982,Treat URLs as local files and delete them afterwards,mr:,Marathi,qwen2.5-coder:7b,वेब लिंक्स को स्वतंत्र फाइल्स रूपांतरित करण्यात आणि त्यांना अंततः डिलीट करण्यात,8.496
9983,Suggested file name for the downloaded file,mr:,Marathi,qwen2.5-coder:7b,फाइल नाव जो डाउनलोड केलेले आहे,3.621
9984,Command to execute,mr:,Marathi,qwen2.5-coder:7b,माहिती अनुसार कार्य करण्यासाठी,3.526
9985,URL(s) or local file(s) used for'command ',mr:,Marathi,qwen2.5-coder:7b,या 'कमांड' यांनी वापरलेल्या URL(s) आणि स्थानीय फाइल(s) होत्यात,6.484
9986,Your names,mr:,Marathi,qwen2.5-coder:7b,आपचे नावे,1.379
9987,Your emails,mr:,Marathi,qwen2.5-coder:7b,आपचे ईमेले,1.452
9988,Click to safely remove this device from the computer.,mr:,Marathi,qwen2.5-coder:7b,दिलेले या निर्याताचे सुरक्षित निर्मुद्ध करण्यासाठी क्लिक करा.,6.199
9989,Device is plugged in and can be accessed by applications.,mr:,Marathi,qwen2.5-coder:7b,उपलब्ध आहे आणि अनुप्रयोगांना अनुकूली झाले जाते.,5.526
9990,Click to access this device from other applications.,mr:,Marathi,qwen2.5-coder:7b,दुसऱ्या अनुप्रयोगांना हा निवडको देवाकडून प्रवेश करण्यासाठी क्लिक करा.,7.229
9991,"Device is plugged in, but not mounted for access yet.",mr:,Marathi,qwen2.5-coder:7b,"उपलब्ध नाही, तर अभी अनुकूलन झाला नाही.",4.831
9992,%1 free,mr:,Marathi,qwen2.5-coder:7b,%1 मुक्ती,1.311
9993,No devices plugged in,mr:,Marathi,qwen2.5-coder:7b,कोणते निर्यात आहे,2.241
9994,Last plugged in device: %1,mr:,Marathi,qwen2.5-coder:7b,पिण्याचा अंतिम निर्मिती: %1,3.265
9995,General,mr:,Marathi,qwen2.5-coder:7b,सामान्य,1.165
9996,Show hidden devices,mr:,Marathi,qwen2.5-coder:7b,दिलेल्या निरोधित निर्यातांचे प्रदर्शन करा,4.18
9997,Could not unmount the device. One or more files on this device are open within an application.,mr:,Marathi,qwen2.5-coder:7b,डिवाइस अनमांजित नाही. या डिवाइसात एक या अधिक फाइल एक अनुप्रयोगात खुल्ली आहेत.,8.737
9998,Cannot eject the disc. One or more files on this disc are open within an application.,mr:,Marathi,qwen2.5-coder:7b,डिस्क निकलून नाही. या डिस्कात एक या अधिक फाइल एक अनुप्रयोगात खुल्ली आहेत.,8.321
9999,Cannot mount the disc.,mr:,Marathi,qwen2.5-coder:7b,डिस्क जोडवू शकत नाही.,2.665
10000,Hide %1,mr:,Marathi,qwen2.5-coder:7b,पाठवा %1,1.414
10001,No devices plugged in.,mr:,Marathi,qwen2.5-coder:7b,कोणते निर्यात आहे.,2.359
10002,Devices recently plugged in:,mr:,Marathi,qwen2.5-coder:7b,उपलब्ध डिवाइसे जागत झाले:,3.037
10003,Display:,mr:,Marathi,qwen2.5-coder:7b,दिखावा:,1.158
10004,Removable devices only,mr:,Marathi,qwen2.5-coder:7b,केवळ निर्मोक्त वापरकर्ता,3.099
10005,Non-removable devices only,mr:,Marathi,qwen2.5-coder:7b,निर्गमित नाहीत यांचे वापर करण्यात आहे,4.266
10006,All devices,mr:,Marathi,qwen2.5-coder:7b,सर्व निर्यातांचे वस्तूंना,3.135
10007,KDE su daemon,mr:,Marathi,qwen2.5-coder:7b,KDE द्वारा वापरले जाणाला दावा,3.2
10008,Daemon used by kdesu,mr:,Marathi,qwen2.5-coder:7b,कडेसू यांच्या दावनेचे उपयोग केला जातो,4.333
10009,"Copyright (c) 1999,2000 Geert Jansen",mr:,Marathi,qwen2.5-coder:7b,"कॉपीराइट (c) 1999,2000 जीर्ट जानेशन",4.604
10010,Geert Jansen,mr:,Marathi,qwen2.5-coder:7b,गेर्ट जांसन,1.644
10011,Author,mr:,Marathi,qwen2.5-coder:7b,अॅथर,0.933
10012,Your names,mr:,Marathi,qwen2.5-coder:7b,आपचे नावे,1.369
10013,Your emails,mr:,Marathi,qwen2.5-coder:7b,आपचे ईमेले,1.406
10014,Color,mr:,Marathi,qwen2.5-coder:7b,रंग,0.691
10015,Solid,mr:,Marathi,qwen2.5-coder:7b,सॉलिड,0.995
10016,Horizontal,mr:,Marathi,qwen2.5-coder:7b,हार्यातील,1.325
10017,Vertical,mr:,Marathi,qwen2.5-coder:7b,उत्तराधर्मी,1.508
10018,Rectangular,mr:,Marathi,qwen2.5-coder:7b,आयताकार,1.14
10019,Radial,mr:,Marathi,qwen2.5-coder:7b,राडियल,1.059
10020,Top Left Diagonal,mr:,Marathi,qwen2.5-coder:7b,उत्तरात वाढा धारा,2.255
10021,Top Right Diagonal,mr:,Marathi,qwen2.5-coder:7b,उपरी दाखला धारा,2.003
10022,& First Color:,mr:,Marathi,qwen2.5-coder:7b,& पहिला रंग:,1.617
10023,& Second Color:,mr:,Marathi,qwen2.5-coder:7b,& दुसऱ्या रंग:,1.975
10024,& Background Mode,mr:,Marathi,qwen2.5-coder:7b,& बॅकग्राउंड मोड,1.898
10025,Lock Panel,mr:,Marathi,qwen2.5-coder:7b,पेनल लॉक करा,1.725
10026,Unlock Panel,mr:,Marathi,qwen2.5-coder:7b,पनल खोला,1.258
10027,The player '%1 'cannot be found.,mr:,Marathi,qwen2.5-coder:7b,प्रतिवादी '%1' म्हणून मिळत नाही.,3.668
10028,The player '%1 'cannot perform the action'play'.,mr:,Marathi,qwen2.5-coder:7b,प्रतिवादक '%1' ने 'प्ले' करण्याच्या कार्याचा काही प्रमाण नाही.,6.093
10029,The player '%1 'cannot perform the action'pause'.,mr:,Marathi,qwen2.5-coder:7b,प्रतिवादक '%1' अक्षरांश 'पॅजस' करून असते नाही.,4.87
10030,The player '%1 'cannot perform the action'stop'.,mr:,Marathi,qwen2.5-coder:7b,प्रतिवादक '%1' अक्षरांशाची बंद नाहीत.,3.934
10031,The player '%1 'cannot perform the action'previous'.,mr:,Marathi,qwen2.5-coder:7b,प्रतिवादक '%1' अक्षरांश 'पिछला' करून असत नाही.,4.812
10032,The player '%1 'cannot perform the action'next'.,mr:,Marathi,qwen2.5-coder:7b,प्रतिवादक '%1' अक्षरांश 'परिचालना' करून असला शकत नाही.,5.683
10033,The'level 'argument to the'volume' command must be between 0 and 1.,mr:,Marathi,qwen2.5-coder:7b,वैज्ञानिक विशेषता,3.156
10034,The'volume 'command requires a'level' argument.,mr:,Marathi,qwen2.5-coder:7b,वैल्यूम याचे कमांड एक लेवल अर्ग्यमान आवश्यक आहे.,5.548
10035,The player '%1 'cannot perform the action'volume'.,mr:,Marathi,qwen2.5-coder:7b,प्रतिवादक '%1' अक्षरांश 'वॉल्यूम' करून नाहीत.,5.271
10036,The'seconds' argument to the'seek 'command must be between 0 and the length of the track.,mr:,Marathi,qwen2.5-coder:7b,प्रतीक्रिया 'seek' याचे दुसऱ्या अंशाचे मान 0 आणि ट्रॅकचे लांबीने बीच असता येथे आवश्यक आहे.,9.959
10037,The'seek 'command requires a'seconds' argument.,mr:,Marathi,qwen2.5-coder:7b,या कमांडचे एक विशेष अंग आवश्यक आहे.,4.393
10038,The player '%1 'cannot perform the action'seek'.,mr:,Marathi,qwen2.5-coder:7b,प्रतिवादक '%1' अक्षरांशाचे अवलोकन करणे अनुमती नाहीत.,5.804
10039,KNotify,mr:,Marathi,qwen2.5-coder:7b,कनायटीवी,1.301
10040,KDE Notification Daemon,mr:,Marathi,qwen2.5-coder:7b,क्डी नोटिफिकेशन दावड़ी,2.835
10041,"(C) 1997-2008, KDE Developers",mr:,Marathi,qwen2.5-coder:7b,"(क) १९९७-२००८, क्डीएसी विकासकारांचे",4.891
10042,Olivier Goffart,mr:,Marathi,qwen2.5-coder:7b,ओवियार गोफार्ट,1.98
10043,Current Maintainer,mr:,Marathi,qwen2.5-coder:7b,आधुनिक संरक्षक,1.753
10044,Carsten Pfeiffer,mr:,Marathi,qwen2.5-coder:7b,कार्स्टन पफ़ेफ़ेर,2.248
10045,Previous Maintainer,mr:,Marathi,qwen2.5-coder:7b,पिछला संरक्षक,1.712
10046,Christian Esken,mr:,Marathi,qwen2.5-coder:7b,Christian Esken,0.785
10047,Stefan Westerfeld,mr:,Marathi,qwen2.5-coder:7b,स्टेफन वेस्टरफेल्ड,2.371
10048,Sound support,mr:,Marathi,qwen2.5-coder:7b,संगीत समर्थन,1.591
10049,Charles Samuels,mr:,Marathi,qwen2.5-coder:7b,चर्ली सम्युल्स,1.818
10050,Allan Sandfeld Jensen,mr:,Marathi,qwen2.5-coder:7b,अलन संडफेल्ड जेनसन,2.243
10051,Porting to KDE 4,mr:,Marathi,qwen2.5-coder:7b,पोर्टिंग केडी एफौन्यावर,3.126
10052,Starting KTTSD Failed,mr:,Marathi,qwen2.5-coder:7b,कार्यात शुरू झाली नाही,2.93
10053,Your names,mr:,Marathi,qwen2.5-coder:7b,आपचे नावे,1.387
10054,Your emails,mr:,Marathi,qwen2.5-coder:7b,आपचे ईमेले,1.438
10055,KNotifyTest,mr:,Marathi,qwen2.5-coder:7b,काही नोटीफिकेशन परीक्षा,2.683
10056,A test program for KDE Notifications,mr:,Marathi,qwen2.5-coder:7b,कडे नोटिफिकेशन्स लागू करण्यासाठी एक परीक्षण प्रोग्राम,5.468
10057,Configure Notifications,mr:,Marathi,qwen2.5-coder:7b,नोटिफिकेशन्स रखावा,2.223
10058,"During the previous startup, KNotify crashed while creating Arts: :Dispatcher. Do you want to try again or disable aRts sound output? If you choose to disable aRts output now, you can re-enable it later or select an alternate sound player in the System Notifications control panel.",mr:,Marathi,qwen2.5-coder:7b,"पिछ्ल्या सुरूवातात, KNotify असे आर्ट्स: :Dispatcher बनवतातपासून घटला. आपने फिर प्रयास कराना या एर्ट्स शून्यासाठी अनुक",8.689
10059,KNotify Problem,mr:,Marathi,qwen2.5-coder:7b,काही नोंदणी समस्या,2.211
10060,& Try Again,mr:,Marathi,qwen2.5-coder:7b,& पुनः प्रयत्न करा,1.991
10061,Disable aRts Output,mr:,Marathi,qwen2.5-coder:7b,आर्ट्स आउटपुट अक्षम करणे,2.984
10062,"During the previous startup, KNotify crashed while instantiating KNotify. Do you want to try again or disable aRts sound output? If you choose to disable aRts output now, you can re-enable it later or select an alternate sound player in the System Notifications control panel.",mr:,Marathi,qwen2.5-coder:7b,"पिछ्ल्या सुरूवातात, KNotify असे आणि KNotify आणि आणि आणि आणि आणि आणि आणि आणि आणि आणि आणि आणि आणि आणि आणि आणि आणि",8.82
10063,Catastrophe!,mr:,Marathi,qwen2.5-coder:7b,काही असर!,1.45
10064,Do nothing,mr:,Marathi,qwen2.5-coder:7b,काही न करणा,1.485
10065,Unknown,mr:,Marathi,qwen2.5-coder:7b,अज्ञानी,1.136
10066,A new device has been detected. What do you want to do?,mr:,Marathi,qwen2.5-coder:7b,एक नवीन निर्माण आढळवला आहे. क्या आपने करावणे चाहते हो?,5.727
10067,...,mr:,Marathi,qwen2.5-coder:7b,...,0.646
10068,%1 'needs a password to be accessed. Please enter a password.,mr:,Marathi,qwen2.5-coder:7b,%1 असे खोजवण्यासाठी पासवर्ड आवश्यक आहे. कृपया एक पासवर्ड इनपुट करा.,6.882
10069,Enter the user you want to run the application as here.,mr:,Marathi,qwen2.5-coder:7b,याची वापरकर्ता अपलिकेशन को चालू करण्यासाठी या येथे प्रवेश करा.,6.43
10070,Username:,mr:,Marathi,qwen2.5-coder:7b,उपयोगकर्ता नाव:,1.911
10071,Enter the password here for the user you specified above.,mr:,Marathi,qwen2.5-coder:7b,याचे उपयोगकर्त्याला या शब्दपासवर याची गुंतवण करा.,5.649
10072,Password:,mr:,Marathi,qwen2.5-coder:7b,पासवर्ड:,1.214
10073,Check this option if the application you want to run is a text mode application. The application will then be run in a terminal emulator window.,mr:,Marathi,qwen2.5-coder:7b,"याची विकल्पाचा जाहीरात करा, जेणेचे अनुप्रयोग एक टेक्स्ट मोड अनुप्रयोग आहे. त्यानंतर अनुप्रयोग एक टर्मिनल",8.63
10074,Run in & terminal window,mr:,Marathi,qwen2.5-coder:7b,रन करा & टर्मिनल जंकी,2.622
10075,Check this option if you want to run the application with a different user id. Every process has a user id associated with it. This id code determines file access and other permissions. The password of the user is required to do this.,mr:,Marathi,qwen2.5-coder:7b,याची विकल्पाचा जाहीर करा आणि अन्य व्यक्तीचे यूजर आयडी वापरून अप्पलीकेशन चालवा चाहतात. प्रत्येक प्रक्रिय,8.764
10076,Run as a different & user,mr:,Marathi,qwen2.5-coder:7b,दिव्यालोकाच्या व्यक्तीला चालू करा,3.946
10077,"Finds commands that match: q:, using common shell syntax",mr:,Marathi,qwen2.5-coder:7b,"कामांचे जाहीरात खोजते: q:, सामान्य शेल संक्षेपात वापरते",5.893
10078,Run %1,mr:,Marathi,qwen2.5-coder:7b,रन गेला %1,1.63
10079,"Select whether realtime scheduling should be enabled for the application. The scheduler governs which process will run and which will have to wait. Two schedulers are available: Normal: This is the standard, timesharing scheduler. It will divide fairly the available processing time between all processes. Realtime: This scheduler will run your application uninterrupted until it gives up the processor. This can be dangerous. An application that does not give up the processor might hang the system. You need root's password to use the scheduler.",mr:,Marathi,qwen2.5-coder:7b,प्रतिस्थापनाचे वापर किंवा निर्माण करण्यासाठी आपण चुनाव करून आपल्या अनुप्रयोगाचा वापर किंवा निर्माण करण्य,8.903
10080,Run with realtime & scheduling,mr:,Marathi,qwen2.5-coder:7b,रिंग रिलไทम आणि नियंत्रणात,3.205
10081,"The priority that the command will be run with can be set here. From left to right, it goes from low to high. The center position is the default value. For priorities higher than the default, you will need to provide the root password.",mr:,Marathi,qwen2.5-coder:7b,या जगाला योंची शक्ती चालू झाली जाऊ शकते. झालेल्या दाखलाला सर्वात कमी आणि सर्वात जाहीर होते. दाखलाला सर,8.899
10082,& Priority:,mr:,Marathi,qwen2.5-coder:7b,& प्राथमिकता:,1.59
10083,Check this option if you want to run the application with a different priority. A higher priority tells the operating system to give more processing time to your application.,mr:,Marathi,qwen2.5-coder:7b,याची विकल्पाचा जाहीर करा आणि अपलाईचे अनुप्राधान अन्य अनुप्राधानांसाठी चालवा आहे. अधिक अनुप्राधान आपलाईचे,8.607
10084,Run with a & different priority,mr:,Marathi,qwen2.5-coder:7b,रन करा & विभिन्न प्राथमिकता,3.129
10085,Low,mr:,Marathi,qwen2.5-coder:7b,कमी,0.741
10086,High,mr:,Marathi,qwen2.5-coder:7b,उच्च गुन्या,1.527
10087,System Settings,mr:,Marathi,qwen2.5-coder:7b,प्रणाली सेटिंग्स,1.808
10088,Central configuration center for KDE.,mr:,Marathi,qwen2.5-coder:7b,केडीयूनुन गणना केंद्र.,2.696
10089,"(c) 2009, Ben Cooksley",mr:,Marathi,qwen2.5-coder:7b,"(२००९, बेन कूक्सले)",3.261
10090,Ben Cooksley,mr:,Marathi,qwen2.5-coder:7b,बेन कूक्सलीय,1.809
10091,Maintainer,mr:,Marathi,qwen2.5-coder:7b,मंत्री,0.963
10092,Mathias Soeken,mr:,Marathi,qwen2.5-coder:7b,मथियास सोकेन,1.616
10093,Developer,mr:,Marathi,qwen2.5-coder:7b,डेवलपर,1.029
10094,Will Stephenson,mr:,Marathi,qwen2.5-coder:7b,स्टिफनसन जाने जाऊना येईला.,2.99
10095,"Internal module representation, internal module model",mr:,Marathi,qwen2.5-coder:7b,"आनंदीय मॉड्यूल विशेषांक, आनंदीय मॉड्यूल मॉडल",5.302
10096,Search,mr:,Marathi,qwen2.5-coder:7b,खोजा,0.823
10097,Configure,mr:,Marathi,qwen2.5-coder:7b,समाधान करणा,1.416
10098,Help,mr:,Marathi,qwen2.5-coder:7b,मदत,0.726
10099,About Active Module,mr:,Marathi,qwen2.5-coder:7b,क्रियाशील मॉड्यूल बारे में,3.22
10100,General,mr:,Marathi,qwen2.5-coder:7b,सामान्य,1.135
10101,"System Settings was unable to find any views, and hence nothing is available to configure.",mr:,Marathi,qwen2.5-coder:7b,"प्रणाली सेटिंग्स ने कोणती व्यवहार खोजून नाही, आणि त्यामुळे कोणती भी कॉन्फिगर करणे योग्य नाही.",10.146
10102,No views found,mr:,Marathi,qwen2.5-coder:7b,कोणतील व्यवहार आढळते नाहीं,3.096
10103,"System Settings was unable to find any views, and hence has nothing to display.",mr:,Marathi,qwen2.5-coder:7b,"प्रणाली सेटिंग्स ने कोणती व्यवहार खोजून नाही, आणि त्यामुळे दिखायचे कुळ नाही.",8.534
10104,About Active View,mr:,Marathi,qwen2.5-coder:7b,क्रियाशील व्यवहार,2.387
10105,About %1,mr:,Marathi,qwen2.5-coder:7b,प्रतिबिंब %1,1.659
10106,%1 is an external application and has been automatically launched,mr:,Marathi,qwen2.5-coder:7b,%1 एक बाह्य अनुप्रयोग होते आणि आवेशितपणे आले होते,5.42
10107,Relaunch %1,mr:,Marathi,qwen2.5-coder:7b,पुनः शुरू करा %1,2.36
10108,Reset all current changes to previous values,mr:,Marathi,qwen2.5-coder:7b,सर्व तर्कांची वर्तमान मान्यता अतिरिक्त मान्यतेवर पुनर्स्थापित करण्यात आहे,7.722
10109,The settings of the current module have changed. Do you want to apply the changes or discard them?,mr:,Marathi,qwen2.5-coder:7b,आणि अधिकारांचे सेटिंग्स बदलले आहेत. आपण या परिवर्तनांना लागू करणा चाहते आणि या परिवर्तनांना खाली करणा च,11.227
10110,Apply Settings,mr:,Marathi,qwen2.5-coder:7b,सेटिंग्स लागू करणे,2.239
10111,Icon View,mr:,Marathi,qwen2.5-coder:7b,आयोजन दृश्य,1.614
10112,Provides a categorized icons view of control modules.,mr:,Marathi,qwen2.5-coder:7b,प्रशासन यंत्रांचे वर्गीकृत आकाराचा प्रदान करते.,5.044
10113,Author,mr:,Marathi,qwen2.5-coder:7b,अॅथर,0.967
10114,Overview,mr:,Marathi,qwen2.5-coder:7b,सामान्य माहिती,1.692
10115,Keyboard Shortcut: %1,mr:,Marathi,qwen2.5-coder:7b,कुंजीपटक: %1,1.733
10116,Your names,mr:,Marathi,qwen2.5-coder:7b,आपचे नावे,1.379
10117,Your emails,mr:,Marathi,qwen2.5-coder:7b,आपचे ईमेले,1.481
10118,View Style,mr:,Marathi,qwen2.5-coder:7b,स्टायल देखणा,1.678
10119,Show detailed tooltips,mr:,Marathi,qwen2.5-coder:7b,विस्तृत टूटिप दिखावा,2.898
10120,Determines whether detailed tooltips should be used,mr:,Marathi,qwen2.5-coder:7b,विस्तृत टूपलाई उपयोग करना याचे निर्धारण करतो,5.361
10121,Internal name for the view used,mr:,Marathi,qwen2.5-coder:7b,आणि व्यवहाराचे आता नाव,2.865
10122,About System Settings,mr:,Marathi,qwen2.5-coder:7b,प्रणाली सेटिंग्स बारे मध्ये,2.854
10123,Dialog,mr:,Marathi,qwen2.5-coder:7b,डिलॅग,1.004
10124,Expand the first level automatically,mr:,Marathi,qwen2.5-coder:7b,पहिला स्तर आणि आणि आणि आणि आणि आणि आणि आणि आणि आणि आणि आणि आणि आणि आणि आणि आणि आणि आणि आणि आणि आणि आण,10.46
10125,Tree View,mr:,Marathi,qwen2.5-coder:7b,पेडवाई देखवा,1.699
10126,Provides a classic tree-based view of control modules.,mr:,Marathi,qwen2.5-coder:7b,प्रशासन अंशांच्या एकांची वैशिष्ट्य देखवण्यासाठी एक वृत्ताकार दृशी प्रदान करते.,8.365
10127,Configure your system,mr:,Marathi,qwen2.5-coder:7b,आपणचे प्रणाली व्यवस्थित करा,2.824
10128,"Welcome to ""System Settings"", a central place to configure your computer system.",mr:,Marathi,qwen2.5-coder:7b,"सिस्टम सेटिंग्समध्ये सर्वात आधिकारिक स्थान आहे, जहां आपल्या कंप्यूटरचे सिस्टम व्यवस्थित करण्यासाठी आपल्य",10.953
10129,"(c) 2005, Benjamin C. Meyer; (c) 2007, Canonical Ltd",mr:,Marathi,qwen2.5-coder:7b,"(२००५, बेमिनेज च. म्यार्यर; २००७, कॅनॅनॅल लिंड्ट)",4.898
10130,Benjamin C. Meyer,mr:,Marathi,qwen2.5-coder:7b,बेनजाइन च. म्यार्यर,2.293
10131,Jonathan Riddell,mr:,Marathi,qwen2.5-coder:7b,जोनाथन रिडेल,1.682
10132,Contributor,mr:,Marathi,qwen2.5-coder:7b,प्राथमिक मान्यता,1.784
10133,Michael D. Stemle,mr:,Marathi,qwen2.5-coder:7b,मिश्लें ड. स्टेम्ले,2.373
10134,Simon Edwards,mr:,Marathi,qwen2.5-coder:7b,सिमोन एडवर्ड्स,1.82
10135,Ellen Reitmayr,mr:,Marathi,qwen2.5-coder:7b,Ellen Reitmayr,1.232
10136,Usability,mr:,Marathi,qwen2.5-coder:7b,योग्यता,1.14
10137,Search Bar Enter a search term.,mr:,Marathi,qwen2.5-coder:7b,खोज बार एक खोज पद द्याला.,3.091
10138,Unsaved Changes,mr:,Marathi,qwen2.5-coder:7b,असही बदले,1.47
10139,Unable to locate file %1 which is necessary to run this service. Please check your software installation.,mr:,Marathi,qwen2.5-coder:7b,"फाइल %1 जो या सेवा चालू करण्यासाठी आवश्यक आहे, आढळून खोजला जाला आहे. कृपया अपल्या सॉफ्टवेयर इन्स्टॉ",10.321
10140,Configure Anti-Alias Settings,mr:,Marathi,qwen2.5-coder:7b,अंतिम अलियास सेटिंग्स व्यवस्थित करा,3.972
10141,Exclude range:,mr:,Marathi,qwen2.5-coder:7b,प्रायोजन कमी करा:,1.998
10142,pt,mr:,Marathi,qwen2.5-coder:7b,प्रोफाइल,1.106
10143,to,mr:,Marathi,qwen2.5-coder:7b,ते,0.608
10144,"If you have a TFT or LCD screen you can further improve the quality of displayed fonts by selecting this option. Sub-pixel rendering is also known as ClearType(tm). In order for sub-pixel rendering to work correctly you need to know how the sub-pixels of your display are aligned. On TFT or LCD displays a single pixel is actually composed of three sub-pixels, red, green and blue. Most displays have a linear ordering of RGB sub-pixel, some have BGR. This feature does not work with CRT monitors.",mr:,Marathi,qwen2.5-coder:7b,या विकल्पाचे चयन करून आपल्या ट्यूपल या एलसीडी स्क्रीनांच्या प्रदर्शनाचे लिपी गुणवत्ता वेळ्या करून वेळ्य,8.989
10145,& Use sub-pixel rendering:,mr:,Marathi,qwen2.5-coder:7b,& प्रसारणाचे वापर करा:,2.538
10146,Hinting style:,mr:,Marathi,qwen2.5-coder:7b,प्रतिबंध शैली:,1.967
10147,Hinting is a process used to enhance the quality of fonts at small sizes.,mr:,Marathi,qwen2.5-coder:7b,हिंटिंग एक प्रक्रिया होती जी लहान आकारात फॉन्ट्सचे गुणवत्ता सुधारणा करतो.,7.807
10148,General,mr:,Marathi,qwen2.5-coder:7b,सामान्य,1.161
10149,Fixed width,mr:,Marathi,qwen2.5-coder:7b,स्थिर चौड़ाई,1.873
10150,Small,mr:,Marathi,qwen2.5-coder:7b,मोठे,0.827
10151,Toolbar,mr:,Marathi,qwen2.5-coder:7b,तूलबार,1.131
10152,Menu,mr:,Marathi,qwen2.5-coder:7b,मेनू,0.941
10153,Window title,mr:,Marathi,qwen2.5-coder:7b,ज़िवाचे शीर्षक,2.022
10154,Taskbar,mr:,Marathi,qwen2.5-coder:7b,तास्कबार,1.262
10155,Desktop,mr:,Marathi,qwen2.5-coder:7b,डेस्कटॉप,1.36
10156,"Used for normal text (e. g. button labels, list items).",mr:,Marathi,qwen2.5-coder:7b,"सामान्य टेक्स्ट लागू करण्यासाठी (ज.स. बटन लेबल्स, सूची आयाम). ",7.048
10157,A non-proportional font (i. e. typewriter font).,mr:,Marathi,qwen2.5-coder:7b,नियोजित फॉन्ट (यादृच्छिक आकाराचे फॉन्ट).,5.157
10158,Smallest font that is still readable well.,mr:,Marathi,qwen2.5-coder:7b,सर्वात छोट्या फॉन्ट जो खूप अनुकूल आहे.,4.903
10159,Used to display text beside toolbar icons.,mr:,Marathi,qwen2.5-coder:7b,प्रतिश्रेणीचे चिन्हांना पाठ्याचा प्रदर्शन करतो.,4.853
10160,Used by menu bars and popup menus.,mr:,Marathi,qwen2.5-coder:7b,मेनू बार्स आणि झाली मेनूना वापरले जाते.,4.443
10161,Used by the window titlebar.,mr:,Marathi,qwen2.5-coder:7b,जीवनाच्या शीर्षकाच्या उपयोगावर.,3.759
10162,Used by the taskbar.,mr:,Marathi,qwen2.5-coder:7b,या टास्कबार द्याला आहे.,2.933
10163,Used for desktop icons.,mr:,Marathi,qwen2.5-coder:7b,पेस्टॅक चिन्हांना वापरण्यासाठी.,3.67
10164,%1:,mr:,Marathi,qwen2.5-coder:7b,%1:,0.786
10165,Adjust All Fonts...,mr:,Marathi,qwen2.5-coder:7b,सर्व फॉन्ट्स राहतात...,2.636
10166,Click to change all fonts,mr:,Marathi,qwen2.5-coder:7b,पुस्तकांचे सर्व फॉन्ट बदलण्यासाठी क्लिक करा,4.842
10167,Use anti-aliasing:,mr:,Marathi,qwen2.5-coder:7b,"अंतिम असावणारे वापरा:""
(Translation: ""Use anti-aliasing:"")",3.834
10168,Enabled,mr:,Marathi,qwen2.5-coder:7b,सक्षम आहे,1.337
10169,System Settings,mr:,Marathi,qwen2.5-coder:7b,प्रणाली सेटिंग्स,1.951
10170,Disabled,mr:,Marathi,qwen2.5-coder:7b,अक्षम,0.901
10171,"If this option is selected, KDE will smooth the edges of curves in fonts.",mr:,Marathi,qwen2.5-coder:7b,"या विकल्प चुनले जाले, KDE फॉन्टांमध्ये वृत्तांचे किंवा शीर्षकांचे किनारे समाप्त करणे येईल.",9.303
10172,Configure...,mr:,Marathi,qwen2.5-coder:7b,परिवर्तन करा...,1.772
10173,Force fonts DPI:,mr:,Marathi,qwen2.5-coder:7b,फॅस्ट फॉन्ट्स डीपीआई:,2.813
10174,96 DPI,mr:,Marathi,qwen2.5-coder:7b,96 DPI,0.809
10175,120 DPI,mr:,Marathi,qwen2.5-coder:7b,120 डीपीआई,1.54
10176,This option forces a specific DPI value for fonts. It may be useful when the real DPI of the hardware is not detected properly and it is also often misused when poor quality fonts are used that do not look well with DPI values other than 96 or 120 DPI. The use of this option is generally discouraged. For selecting proper DPI value a better option is explicitly configuring it for the whole X server if possible (e. g. DisplaySize in xorg. conf or adding -dpi value to ServerLocalArgs= in $KDEDIR/ share/ config/ kdm/ kdmrc). When fonts do not render properly with real DPI value better fonts should be used or configuration of font hinting should be checked.,mr:,Marathi,qwen2.5-coder:7b,या विकल्प फॉन्ट्साचे एक विशेष DPI मूल्य फरक करतो. हालांची वापर असते जासे वास्तविक DPI असे सही रूपांतरित नाह,9.096
10177,Some changes such as anti-aliasing will only affect newly started applications.,mr:,Marathi,qwen2.5-coder:7b,"काही बदलांचे जसे काही अनियमित आणि असार आहेत, त्यांना नव्हीन शुरू केलेल्या अनुप्रयोगांमधून प्रभावित करेले",10.927
10178,Font Settings Changed,mr:,Marathi,qwen2.5-coder:7b,फॉन्ट सेटिंग्स बदलले गेले,3.047
10179,Some changes such as DPI will only affect newly started applications.,mr:,Marathi,qwen2.5-coder:7b,काही बदलांचे जसे की डीपीआई नव्हील शुरू केलेल्या अनुप्रयोगांमधून प्रभावित झाले जातात.,8.621
10180,RGB,mr:,Marathi,qwen2.5-coder:7b,RGB,0.524
10181,BGR,mr:,Marathi,qwen2.5-coder:7b,BGR,0.677
10182,Vertical RGB,mr:,Marathi,qwen2.5-coder:7b,वॉर्टिकल एन्ड रिंग ब्लू,3.03
10183,Vertical BGR,mr:,Marathi,qwen2.5-coder:7b,वॉर्टिकल बग्री,1.886
10184,Medium,mr:,Marathi,qwen2.5-coder:7b,मध्यम,0.903
10185,Slight,mr:,Marathi,qwen2.5-coder:7b,मोठी नाहीं,1.403
10186,Full,mr:,Marathi,qwen2.5-coder:7b,पूर्ण,1.05
10187,If you have a TFT or LCD screen you can further improve the quality of displayed fonts by selecting this option. Sub-pixel hinting is also known as ClearType(tm). This will not work with CRT monitors.,mr:,Marathi,qwen2.5-coder:7b,या विकल्पाचे चयन करून आपल्या TFT या LCD स्क्रीनाच्या प्रदर्शित टायपफॉन्ट्सच्या गुणवत्तेची वृद्धी करून आपल्या,8.621
10188,Grayscale,mr:,Marathi,qwen2.5-coder:7b,ग्रेसस्क्रीय,1.437
10189,KTraderClient,mr:,Marathi,qwen2.5-coder:7b,क्यांद्र ट्रेडर क्यांद्र ट्रेडर,3.092
10190,A command-line tool for querying the KDE trader system,mr:,Marathi,qwen2.5-coder:7b,कडे-राहुन टूल आणि कडे-ट्रेडर सिस्टम जाहीर करण्यासाठी,5.745
10191,A mimetype,mr:,Marathi,qwen2.5-coder:7b,एक माइमटाइप,1.431
10192,"A servicetype, like KParts/ ReadOnlyPart or KMyApp/ Plugin",mr:,Marathi,qwen2.5-coder:7b,"सेवा प्रकार, जैसे KParts/ ReadOnlyPart या KMyApp/ Plugin",4.143
10193,A constraint expressed in the trader query language,mr:,Marathi,qwen2.5-coder:7b,व्याख्यान जो ट्रेडर युनायटेड भाषा मध्ये व्यक्त केला जातो,6.271
10194,kfile,mr:,Marathi,qwen2.5-coder:7b,फाइल,0.883
10195,A command-line tool to read and modify metadata of files.,mr:,Marathi,qwen2.5-coder:7b,कामालांची टूल आणि फाइल्सचे मीडियाटाको अनुमान वापरणे आणि संशोधन करणे.,7.156
10196,"(c) 2002, Carsten Pfeiffer",mr:,Marathi,qwen2.5-coder:7b,"(२००२, कार्स्टन पफेरी)",3.361
10197,Carsten Pfeiffer,mr:,Marathi,qwen2.5-coder:7b,कार्स्टन पफ़ेफ़ेर,2.42
10198,Do not print the mimetype of the given file(s),mr:,Marathi,qwen2.5-coder:7b,दिलेल्या फाइलांचे माइमटाइप प्रिंट न करा,4.289
10199,List all supported metadata keys.,mr:,Marathi,qwen2.5-coder:7b,समर्थित मीडियाटायटा क्यून्स यांचा यादी दाखवा.,4.804
10200,List all metadata keys which have a value in the given file(s).,mr:,Marathi,qwen2.5-coder:7b,साठी दिलेल्या फाइलेसाठी मान्य असलेल्या मूळ्यांचे सर्व मात्रकांचा यादी दाखवा.,8.337
10201,Do not print a warning when more than one file was given and they do not all have the same mimetype.,mr:,Marathi,qwen2.5-coder:7b,"जासे एका वर्गीकार फाईल दिले आहे आणि त्यांचे सर्व एका माइमटाइप असते नाही, तो जागृती निर्माण न करा.",10.761
10202,"Prints all metadata values, available in the given file(s).",mr:,Marathi,qwen2.5-coder:7b,दिलेल्या फाइलांमध्ये उपलब्ध माहितीकडे सर्वात गेल्या मूळ्यांचा प्रिंट करते.,7.855
10203,Opens a KDE properties dialog to allow viewing and modifying of metadata of the given file(s),mr:,Marathi,qwen2.5-coder:7b,खालील फाइलांचे मीडियाटाको विशेषतांचे देखी आणि संशोधन करण्यासाठी KDE प्रॉपर्टी डिलॉग खोलते,9.329
10204,Prints the value for'key 'of the given file(s). 'key' may also be a comma-separated list of keys,mr:,Marathi,qwen2.5-coder:7b,दिलेल्या फाइलांच्या 'कुंजी'चे मूळ्य आउटपुट करते. 'कुंजी' एका या दोन या अधिक कुंजींच्या एकमात्र वापरणे यी,8.709
10205,Attempts to set the value'value 'for the metadata key'key' for the given file(s),mr:,Marathi,qwen2.5-coder:7b,प्रयास करतात दिलेल्या फाइलांना विशेष चिन्ह 'क्याल्वी' आणि माहिती चिन्ह 'क्याल्वी' वरून मान असून,10.237
10206,The file (or a number of files) to operate on.,mr:,Marathi,qwen2.5-coder:7b,फाइल (या एकांशांचे फाइले) जासे कार्य करण्यासाठी.,5.429
10207,No files specified,mr:,Marathi,qwen2.5-coder:7b,कोणतील फाइल निर्धारित नाहीं केली गेली,3.968
10208,Cannot determine metadata,mr:,Marathi,qwen2.5-coder:7b,माहितीकडे निर्धारित नाही,2.804
10209,Your names,mr:,Marathi,qwen2.5-coder:7b,आपचे नावे,1.299
10210,Your emails,mr:,Marathi,qwen2.5-coder:7b,आपचे ईमेले,1.369
10211,Draw window frames using & titlebar colors,mr:,Marathi,qwen2.5-coder:7b,जानकारी चालण्यासाठी &शीर्षक रंगांना चालू करा,5.103
10212,"When selected, the window borders are drawn using the titlebar colors; otherwise, they are drawn using normal border colors.",mr:,Marathi,qwen2.5-coder:7b,"जब चुनला जातो, तो जनकारी चालने वाल्या रंगांना जनकारी चालने वाल्या रंगांना जनकारी चालने वाल्या रंगांन",11.249
10213,Draw & resize handle,mr:,Marathi,qwen2.5-coder:7b,चालू आणि आकार बदलणे,2.765
10214,"When selected, decorations are drawn with a ""grab handle"" in the bottom right corner of the windows; otherwise, no grab handle is drawn.",mr:,Marathi,qwen2.5-coder:7b,"जब चुनला जातो, तो अवरोधांना जनक धारणाचा निर्माण किंवा जनक धारणा निर्माण न किंवा जनक धारणा निर्माण किंवा",8.565
10215,Auto-move titlebar,mr:,Marathi,qwen2.5-coder:7b,स्वतंत्र शीर्षक आकारण,2.631
10216,"When selected, titlebars are automatically relocated to visible positions; otherwise, they are only moved manually using shift+drag.",mr:,Marathi,qwen2.5-coder:7b,"जब चुनला जातो, शीर्षक खंडांनी दृश्य स्थानांतरित केली जातात; अन्यथा, त्यांनी शिफ्ट+ड्राग वापरून व्यापक",11.182
10217,Actions Settings,mr:,Marathi,qwen2.5-coder:7b,कार्यात्मक सेटिंग्स,2.304
10218,Double click on menu button:,mr:,Marathi,qwen2.5-coder:7b,मेनू बटन पर दोबारे क्लिक करा:,3.318
10219,Do Nothing,mr:,Marathi,qwen2.5-coder:7b,काही न करणा,1.417
10220,Minimize Window,mr:,Marathi,qwen2.5-coder:7b,जनकारण घेणा,1.646
10221,Shade Window,mr:,Marathi,qwen2.5-coder:7b,शाड जंगल,1.332
10222,Close Window,mr:,Marathi,qwen2.5-coder:7b,जंगल खोका,1.338
10223,An action can be associated to a double click of the menu button. Leave it to none if in doubt.,mr:,Marathi,qwen2.5-coder:7b,एक कार्य एक मेनू बटनाच्या दोन्ही क्लिकावर जोडवू शकते. असे निर्धारित नाही तर नाहीत.,9.472
10224,Not on all desktops,mr:,Marathi,qwen2.5-coder:7b,नाहीत आणि आपल्या स्थानांतरणातील अनेक डेस्कटॉप्स आहेत.,5.973
