string_id,source_en,lang_code,target_language,model,translation,latency_sec
0,Recursion limit:,zh,Chinese,qwen2.5-coder:7b,递归限制：,1.167
1,Satellite voice communication controller,zh,Chinese,qwen2.5-coder:7b,卫星语音通信控制器,0.927
2,globalization,zh,Chinese,qwen2.5-coder:7b,全球化,0.541
3,Gray Heading,zh,Chinese,qwen2.5-coder:7b,灰色标题,0.627
4,Codec from,zh,Chinese,qwen2.5-coder:7b,来自编解码器,1.138
5,IO-port information,zh,Chinese,qwen2.5-coder:7b,I/O端口信息,1.005
6,& QIT; Explained,zh,Chinese,qwen2.5-coder:7b,& QIT; 解释,1.309
7,Input Text (wml),zh,Chinese,qwen2.5-coder:7b,输入文本 (wml),1.185
8,Attendee list,zh,Chinese,qwen2.5-coder:7b,参会者列表,0.764
9,Default Gateway:,zh,Chinese,qwen2.5-coder:7b,默认网关:,0.827
10,Gather some meaningful statistics,zh,Chinese,qwen2.5-coder:7b,收集一些有意义的统计数据,1.021
11,Useful tips,zh,Chinese,qwen2.5-coder:7b,有用的提示,0.676
12,Properties management,zh,Chinese,qwen2.5-coder:7b,物业管理系统,0.847
13,position,zh,Chinese,qwen2.5-coder:7b,位置,0.507
14,Post Reply,zh,Chinese,qwen2.5-coder:7b,发表回复,0.668
15,Signature Algorithm:,zh,Chinese,qwen2.5-coder:7b,签名算法：,0.743
16,Text file,zh,Chinese,qwen2.5-coder:7b,文本文件,0.647
17,Done!,zh,Chinese,qwen2.5-coder:7b,完成！,0.633
18,A star,zh,Chinese,qwen2.5-coder:7b,一颗星,0.667
19,You have %1,zh,Chinese,qwen2.5-coder:7b,你有 %1,0.899
20,Image Smoothing,zh,Chinese,qwen2.5-coder:7b,图像平滑,0.765
21,starts with '#V1S# ',zh,Chinese,qwen2.5-coder:7b,以 '#V1S# ' 开头,1.523
22,Suspend to Disk,zh,Chinese,qwen2.5-coder:7b,将系统挂起到磁盘,1.255
23,of the & year,zh,Chinese,qwen2.5-coder:7b,&年,0.705
24,Capitals:,zh,Chinese,qwen2.5-coder:7b,首都：,0.629
25,Uncategorized Album,zh,Chinese,qwen2.5-coder:7b,未分类专辑,0.774
26,Column width,zh,Chinese,qwen2.5-coder:7b,列宽,0.669
27,Recipient,zh,Chinese,qwen2.5-coder:7b,收件人,0.731
28,& Pixel Dimensions,zh,Chinese,qwen2.5-coder:7b,& 像素尺寸,1.086
29,Rights Management,zh,Chinese,qwen2.5-coder:7b,权利管理,0.673
30,Formula String,zh,Chinese,qwen2.5-coder:7b,公式字符串,0.625
31,Group base:,zh,Chinese,qwen2.5-coder:7b,群基础：,0.728
32,Edit Patch,zh,Chinese,qwen2.5-coder:7b,编辑补丁,0.732
33,Role Name,zh,Chinese,qwen2.5-coder:7b,角色名称,0.654
34,Calendar Format,zh,Chinese,qwen2.5-coder:7b,日历格式,0.754
35,20 Cards,zh,Chinese,qwen2.5-coder:7b,20张卡片,0.861
36,Bibtex quotation style:,zh,Chinese,qwen2.5-coder:7b,BibTeX 引用样式：,1.34
37,New type: vtun,zh,Chinese,qwen2.5-coder:7b,新类型：vtun,1.07
38,Using & ktts;,zh,Chinese,qwen2.5-coder:7b,使用 & ktts;,1.036
39,Data CD,zh,Chinese,qwen2.5-coder:7b,数据光盘,0.726
40,Male 3,zh,Chinese,qwen2.5-coder:7b,男 3,0.808
41,Dolphin General,zh,Chinese,qwen2.5-coder:7b,海豚将军,0.814
42,Pointer,zh,Chinese,qwen2.5-coder:7b,指针,0.629
43,Output directory:,zh,Chinese,qwen2.5-coder:7b,输出目录：,0.725
44,From now on:,zh,Chinese,qwen2.5-coder:7b,从现在开始：,0.874
45,battle,zh,Chinese,qwen2.5-coder:7b,战斗,0.493
46,Go back,zh,Chinese,qwen2.5-coder:7b,返回,0.527
47,Sunday,zh,Chinese,qwen2.5-coder:7b,星期日,0.61
48,Layer Settings,zh,Chinese,qwen2.5-coder:7b,图层设置,0.766
49,texture list,zh,Chinese,qwen2.5-coder:7b,纹理列表,0.654
50,angularVelocity variance,zh,Chinese,qwen2.5-coder:7b,角速度方差,0.883
51,Ritzaus Bureau NITF version (RBNITF DTD),zh,Chinese,qwen2.5-coder:7b,瑞塔斯局NITF版本（RBNITF DTD）,2.52
52,Exceptions,zh,Chinese,qwen2.5-coder:7b,异常,0.552
53,Sample,zh,Chinese,qwen2.5-coder:7b,示例,0.669
54,Find City,zh,Chinese,qwen2.5-coder:7b,查找城市,0.669
55,Unknown Bus,zh,Chinese,qwen2.5-coder:7b,未知总线,0.725
56,General Plugins,zh,Chinese,qwen2.5-coder:7b,通用插件,0.735
57,Open,zh,Chinese,qwen2.5-coder:7b,打开,0.49
58,Post removed,zh,Chinese,qwen2.5-coder:7b,帖子已删除,0.722
59,RTF In Sync,zh,Chinese,qwen2.5-coder:7b,RTF 同步,1.005
60,Positioning:,zh,Chinese,qwen2.5-coder:7b,定位:,0.632
61,& Gray level,zh,Chinese,qwen2.5-coder:7b,& 灰度级,1.04
62,Time (hh: mm),zh,Chinese,qwen2.5-coder:7b,时间 (hh: mm),1.152
63,Group number:,zh,Chinese,qwen2.5-coder:7b,群组编号：,0.841
64,"Asia, East",zh,Chinese,qwen2.5-coder:7b,亚洲，东方,0.767
65,Kig figure,zh,Chinese,qwen2.5-coder:7b,计算图形,0.879
66,New protocol,zh,Chinese,qwen2.5-coder:7b,新协议,0.665
67,As Attachment,zh,Chinese,qwen2.5-coder:7b,附件,0.547
68,Firing,zh,Chinese,qwen2.5-coder:7b,开火,0.647
69,Border:,zh,Chinese,qwen2.5-coder:7b,边框:,0.718
70,Three Staples,zh,Chinese,qwen2.5-coder:7b,三件套,0.755
71,Upload Info,zh,Chinese,qwen2.5-coder:7b,上传信息,0.659
72,Maximum download rate:,zh,Chinese,qwen2.5-coder:7b,最大下载速度：,0.918
73,expired,zh,Chinese,qwen2.5-coder:7b,过期,0.629
74,SpeedoMeter,zh,Chinese,qwen2.5-coder:7b,速度计,0.66
75,60 Points,zh,Chinese,qwen2.5-coder:7b,60 分,0.765
76,Cordless TrackMan FX,zh,Chinese,qwen2.5-coder:7b,无绳TrackMan FX,1.101
77,LawnGreen,zh,Chinese,qwen2.5-coder:7b,草坪绿色,0.705
78,measureRectCenter,zh,Chinese,qwen2.5-coder:7b,测量矩形中心,0.896
79,Go forward,zh,Chinese,qwen2.5-coder:7b,前进,0.565
80,Contacts,zh,Chinese,qwen2.5-coder:7b,联系人,0.61
81,Combination method,zh,Chinese,qwen2.5-coder:7b,组合方法,0.676
82,starts with,zh,Chinese,qwen2.5-coder:7b,以...开头,0.722
83,Security Configuration,zh,Chinese,qwen2.5-coder:7b,安全配置,0.614
84,Tab Bar position:,zh,Chinese,qwen2.5-coder:7b,标签栏位置：,0.854
85,city,zh,Chinese,qwen2.5-coder:7b,城市,0.502
86,Date Display,zh,Chinese,qwen2.5-coder:7b,日期显示,0.618
87,Verb Deinflection,zh,Chinese,qwen2.5-coder:7b,动词变位,0.883
88,Sector size:,zh,Chinese,qwen2.5-coder:7b,扇区大小：,0.808
89,Spanish (Nicaragua),zh,Chinese,qwen2.5-coder:7b,西班牙语（尼加拉瓜）,1.351
90,Do Not Save,zh,Chinese,qwen2.5-coder:7b,不要保存,0.658
91,Edit,zh,Chinese,qwen2.5-coder:7b,编辑,0.507
92,Status Change,zh,Chinese,qwen2.5-coder:7b,状态更改,0.658
93,Grant,zh,Chinese,qwen2.5-coder:7b,授予,0.514
94,timeouts,zh,Chinese,qwen2.5-coder:7b,超时设置,0.729
95,& Folder contents:,zh,Chinese,qwen2.5-coder:7b,&文件夹内容：,0.949
96,& male,zh,Chinese,qwen2.5-coder:7b,& 男,0.693
97,No dial tone response:,zh,Chinese,qwen2.5-coder:7b,无拨号音响应：,1.198
98,Address Book,zh,Chinese,qwen2.5-coder:7b,地址簿,0.653
99,Find buffer,zh,Chinese,qwen2.5-coder:7b,查找缓冲区,0.725
100,& Close Project,zh,Chinese,qwen2.5-coder:7b,关闭项目,0.668
101,Increment (to %1),zh,Chinese,qwen2.5-coder:7b,增加 (到 %1),1.164
102,& New Folder,zh,Chinese,qwen2.5-coder:7b,&新建文件夹,0.892
103,View Formatting,zh,Chinese,qwen2.5-coder:7b,查看格式,0.71
104,Meta character set:,zh,Chinese,qwen2.5-coder:7b,元字符集：,0.91
105,Nickname:,zh,Chinese,qwen2.5-coder:7b,昵称:,0.711
106,ImagePlugin_SuperImpose,zh,Chinese,qwen2.5-coder:7b,图像插件_叠加,1.057
107,Uncategorized,zh,Chinese,qwen2.5-coder:7b,未分类,0.622
108,& Attachments,zh,Chinese,qwen2.5-coder:7b,&附件,0.672
109,Users,zh,Chinese,qwen2.5-coder:7b,用户,0.551
110,Goal,zh,Chinese,qwen2.5-coder:7b,目标,0.489
111,Draw Frames,zh,Chinese,qwen2.5-coder:7b,绘制框架,0.647
112,Network device,zh,Chinese,qwen2.5-coder:7b,网络设备,0.644
113,Quanta Project Importer,zh,Chinese,qwen2.5-coder:7b,量子项目导入器,1.005
114,Text Area,zh,Chinese,qwen2.5-coder:7b,文本区域,0.645
115,Budget year,zh,Chinese,qwen2.5-coder:7b,预算年度,0.631
116,50 bumps,zh,Chinese,qwen2.5-coder:7b,50 振动,1.052
117,Edje File:,zh,Chinese,qwen2.5-coder:7b,Edje 文件:,0.845
118,Position x:,zh,Chinese,qwen2.5-coder:7b,X轴位置:,0.874
119,interior declaration,zh,Chinese,qwen2.5-coder:7b,室内声明,0.667
120,Data select,zh,Chinese,qwen2.5-coder:7b,数据选择,0.647
121,TV for KDE,zh,Chinese,qwen2.5-coder:7b,KDE电视,0.813
122,Unknown server,zh,Chinese,qwen2.5-coder:7b,未知服务器,0.629
123,Dolphin Toolbar,zh,Chinese,qwen2.5-coder:7b,海豚工具栏,0.893
124,End Color:,zh,Chinese,qwen2.5-coder:7b,结束颜色：,0.754
125,Could not find conduit %1.,zh,Chinese,qwen2.5-coder:7b,无法找到管道 %1。,1.19
126,Black and White,zh,Chinese,qwen2.5-coder:7b,黑白,0.56
127,KDevStructureTree,zh,Chinese,qwen2.5-coder:7b,KDev结构树,0.894
128,Write-only,zh,Chinese,qwen2.5-coder:7b,只读,0.671
129,Library,zh,Chinese,qwen2.5-coder:7b,图书馆,0.527
130,Border size:,zh,Chinese,qwen2.5-coder:7b,边框大小：,0.871
131,Allow,zh,Chinese,qwen2.5-coder:7b,允许,0.523
132,Audio output device,zh,Chinese,qwen2.5-coder:7b,音频输出设备,0.776
133,Password changer,zh,Chinese,qwen2.5-coder:7b,密码更改器,0.745
134,Akonadi Knut Data File,zh,Chinese,qwen2.5-coder:7b,Akonadi Knut 数据文件,1.364
135,Skipping %1...,zh,Chinese,qwen2.5-coder:7b,跳过 %1...,0.999
136,Scheduler priority: %1,zh,Chinese,qwen2.5-coder:7b,调度优先级: %1,1.186
137,Audio mixer utility,zh,Chinese,qwen2.5-coder:7b,音频混音工具,0.965
138,Graph Files,zh,Chinese,qwen2.5-coder:7b,图形文件,0.64
139,& Beep,zh,Chinese,qwen2.5-coder:7b,&蜂鸣,0.772
140,LDAP Operation,zh,Chinese,qwen2.5-coder:7b,LDAP 操作,0.772
141,Palette name:,zh,Chinese,qwen2.5-coder:7b,调色板名称：,0.949
142,Tunnels (1) - The Monster,zh,Chinese,qwen2.5-coder:7b,隧道 (1) - 怪物,1.457
143,Spanish (Costa Rica),zh,Chinese,qwen2.5-coder:7b,西班牙语（哥斯达黎加）,1.401
144,& List Environment,zh,Chinese,qwen2.5-coder:7b,& 列表环境,1.003
145,Union,zh,Chinese,qwen2.5-coder:7b,联合,0.574
146,Help Contents,zh,Chinese,qwen2.5-coder:7b,帮助内容,0.642
147,Key bindings,zh,Chinese,qwen2.5-coder:7b,按键绑定,0.62
148,Copyright (c) 2007-2008 The KapTeam,zh,Chinese,qwen2.5-coder:7b,版权所有 (c) 2007-2008 The KapTeam,2.591
149,ComboBox dialog,zh,Chinese,qwen2.5-coder:7b,组合框对话框,0.888
150,Sent date:,zh,Chinese,qwen2.5-coder:7b,发送日期：,0.75
151,Write error,zh,Chinese,qwen2.5-coder:7b,写入错误,0.749
152,Educational applications,zh,Chinese,qwen2.5-coder:7b,教育应用程序,0.7
153,Select wind format:,zh,Chinese,qwen2.5-coder:7b,选择风格式：,0.88
154,Western Europe,zh,Chinese,qwen2.5-coder:7b,西方欧洲,0.623
155,Channel Mode,zh,Chinese,qwen2.5-coder:7b,频道模式,0.625
156,%1 (Brokerage),zh,Chinese,qwen2.5-coder:7b,%1 (经纪公司),1.142
157,Image:,zh,Chinese,qwen2.5-coder:7b,图片:,0.63
158,of Heshvan,zh,Chinese,qwen2.5-coder:7b,赫什万,0.783
159,Could not read script '%1 '. Error %2,zh,Chinese,qwen2.5-coder:7b,无法读取脚本“%1”。错误 %2,2.016
160,Logging in...,zh,Chinese,qwen2.5-coder:7b,登录中...,0.771
161,Print Frame...,zh,Chinese,qwen2.5-coder:7b,打印框架...,0.76
162,Yellow-Green Filter,zh,Chinese,qwen2.5-coder:7b,黄色绿色滤镜,0.918
163,Computer/ AI Player,zh,Chinese,qwen2.5-coder:7b,计算机/人工智能玩家,0.916
164,Landing Site,zh,Chinese,qwen2.5-coder:7b,着陆点,0.768
165,Default Language:,zh,Chinese,qwen2.5-coder:7b,默认语言:,0.734
166,Channel %1,zh,Chinese,qwen2.5-coder:7b,频道 %1,0.784
167,cubic miles,zh,Chinese,qwen2.5-coder:7b,立方英里,0.758
168,S/ MIME Validation,zh,Chinese,qwen2.5-coder:7b,S/MIME 验证,1.078
169,New Field,zh,Chinese,qwen2.5-coder:7b,新字段,0.619
170,"American Male, MBROLA",zh,Chinese,qwen2.5-coder:7b,美国男性，MBROLA,1.213
171,UserId,zh,Chinese,qwen2.5-coder:7b,用户ID,0.606
172,Segmented,zh,Chinese,qwen2.5-coder:7b,分段,0.63
173,Video Device,zh,Chinese,qwen2.5-coder:7b,视频设备,0.623
174,License,zh,Chinese,qwen2.5-coder:7b,许可证,0.512
175,Graph style,zh,Chinese,qwen2.5-coder:7b,图表样式,0.686
176,Device Error,zh,Chinese,qwen2.5-coder:7b,设备错误,0.68
177,Scan Results,zh,Chinese,qwen2.5-coder:7b,扫描结果,0.662
178,Remove image,zh,Chinese,qwen2.5-coder:7b,移除图片,0.744
179,New Tab Behavior,zh,Chinese,qwen2.5-coder:7b,新标签页行为,0.863
180,RSQ(known Y; known X),zh,Chinese,qwen2.5-coder:7b,已知 Y；已知 X,1.409
181,Commands,zh,Chinese,qwen2.5-coder:7b,命令,0.513
182,pendown,zh,Chinese,qwen2.5-coder:7b,放下画笔,0.733
183,Transfer type:,zh,Chinese,qwen2.5-coder:7b,转账类型：,0.731
184,Output Channels,zh,Chinese,qwen2.5-coder:7b,输出通道,0.665
185,Ballot X Bullet,zh,Chinese,qwen2.5-coder:7b,选票 X 发射,1.031
186,Hosts allow:,zh,Chinese,qwen2.5-coder:7b,主机允许：,0.768
187,What,zh,Chinese,qwen2.5-coder:7b,什么,0.494
188,Card Number,zh,Chinese,qwen2.5-coder:7b,卡号,0.637
189,Modification,zh,Chinese,qwen2.5-coder:7b,修改,0.517
190,Ports,zh,Chinese,qwen2.5-coder:7b,端口,0.631
191,ATI Query,zh,Chinese,qwen2.5-coder:7b,ATI 查询,0.767
192,Open a torrent,zh,Chinese,qwen2.5-coder:7b,打开一个种子文件,0.874
193,of Hijjah,zh,Chinese,qwen2.5-coder:7b,朝会,0.696
194,Wire mesh,zh,Chinese,qwen2.5-coder:7b,金属网,0.679
195,Painterly Overlay,zh,Chinese,qwen2.5-coder:7b,油画叠加,0.906
196,Output Order,zh,Chinese,qwen2.5-coder:7b,输出顺序,0.642
197,"Copyright (c) 1999-2006, Developers",zh,Chinese,qwen2.5-coder:7b,"版权所有 (c) 1999-2006, 开发者",2.713
198,Backend Selection,zh,Chinese,qwen2.5-coder:7b,后端选择,0.764
199,A2 Invitation,zh,Chinese,qwen2.5-coder:7b,A2 邀请,1.1
200,Username: %1,zh,Chinese,qwen2.5-coder:7b,用户名: %1,0.913
201,Vocabulary exam,zh,Chinese,qwen2.5-coder:7b,词汇考试,0.664
202,Output Type,zh,Chinese,qwen2.5-coder:7b,输出类型,0.63
203,Format Percent,zh,Chinese,qwen2.5-coder:7b,格式百分比,0.721
204,Phone Number:,zh,Chinese,qwen2.5-coder:7b,电话号码：,0.72
205,Banners,zh,Chinese,qwen2.5-coder:7b,横幅,0.713
206,Ammann lines,zh,Chinese,qwen2.5-coder:7b,阿马曼线,0.926
207,Screen shot,zh,Chinese,qwen2.5-coder:7b,屏幕截图,0.636
208,Delete Filter?,zh,Chinese,qwen2.5-coder:7b,删除过滤器？,0.847
209,& Insecure,zh,Chinese,qwen2.5-coder:7b,& 不安全,0.746
210,KStars Tools,zh,Chinese,qwen2.5-coder:7b,KStars 工具,1.008
211,KDE CD player,zh,Chinese,qwen2.5-coder:7b,KDE CD 播放器,1.332
212,Please select a game:,zh,Chinese,qwen2.5-coder:7b,请选择一个游戏：,0.896
213,Anchor,zh,Chinese,qwen2.5-coder:7b,锚点,0.606
214,KResources Framework Plugin,zh,Chinese,qwen2.5-coder:7b,K资源框架插件,0.993
215,Got old transactions,zh,Chinese,qwen2.5-coder:7b,获取旧交易,0.987
216,State:,zh,Chinese,qwen2.5-coder:7b,状态:,0.614
217,Throughput Graph,zh,Chinese,qwen2.5-coder:7b,吞吐量图表,0.86
218,Parent ID,zh,Chinese,qwen2.5-coder:7b,父级ID,0.762
219,Filename Patterns,zh,Chinese,qwen2.5-coder:7b,文件名模式,0.767
220,Search Engine,zh,Chinese,qwen2.5-coder:7b,搜索引擎,0.531
221,Getting & kde;,zh,Chinese,qwen2.5-coder:7b,获取 & kde;,1.021
222,Image Resolution,zh,Chinese,qwen2.5-coder:7b,图像分辨率,0.655
223,Observing List...,zh,Chinese,qwen2.5-coder:7b,观察列表...,0.783
224,New Tab Page,zh,Chinese,qwen2.5-coder:7b,新标签页,0.771
225,Copying Succeeded,zh,Chinese,qwen2.5-coder:7b,复制成功,0.693
226,Selected text,zh,Chinese,qwen2.5-coder:7b,已选文本,0.754
227,CadetBlue4,zh,Chinese,qwen2.5-coder:7b,深海蓝4,0.919
228,Track Color:,zh,Chinese,qwen2.5-coder:7b,跟踪颜色：,0.734
229,Network Problems,zh,Chinese,qwen2.5-coder:7b,网络问题,0.623
230,Text-to-Speech,zh,Chinese,qwen2.5-coder:7b,文本转语音,0.789
231,Host/ User,zh,Chinese,qwen2.5-coder:7b,主机/ 用户,0.87
232,Horizontally,zh,Chinese,qwen2.5-coder:7b,横向,0.539
233,Grouping Stencils,zh,Chinese,qwen2.5-coder:7b,分组模板,0.845
234,Template & name:,zh,Chinese,qwen2.5-coder:7b,模板 & 名称:,0.983
235,Wind speed: %1,zh,Chinese,qwen2.5-coder:7b,风速: %1,1.073
236,SpringGreen,zh,Chinese,qwen2.5-coder:7b,春绿色,0.678
237,Acceleration & profile:,zh,Chinese,qwen2.5-coder:7b,加速度 & 配置文件:,1.372
238,& Size:,zh,Chinese,qwen2.5-coder:7b,&大小:,0.754
239,Max age,zh,Chinese,qwen2.5-coder:7b,最大年龄,0.659
240,incomplete,zh,Chinese,qwen2.5-coder:7b,不完整,0.636
241,Add Repository,zh,Chinese,qwen2.5-coder:7b,添加仓库,0.63
242,Informative,zh,Chinese,qwen2.5-coder:7b,信息,0.528
243,& rsibreak; statistics,zh,Chinese,qwen2.5-coder:7b,& rsibreak; 统计信息,1.554
244,Multiplication,zh,Chinese,qwen2.5-coder:7b,乘法,0.684
245,pptpclient is missing,zh,Chinese,qwen2.5-coder:7b,pptpclient 缺失,1.125
246,Skipped.,zh,Chinese,qwen2.5-coder:7b,跳过。,0.73
247,& Superlative,zh,Chinese,qwen2.5-coder:7b,& 最佳,0.782
248,Design View,zh,Chinese,qwen2.5-coder:7b,设计视图,0.754
249,DarkGreen,zh,Chinese,qwen2.5-coder:7b,深绿色,0.651
250,Accesspoint,zh,Chinese,qwen2.5-coder:7b,接入点,0.683
251,Contents Behavior,zh,Chinese,qwen2.5-coder:7b,目录行为,0.678
252,Not Ready,zh,Chinese,qwen2.5-coder:7b,未准备好,0.627
253,Setting Category:,zh,Chinese,qwen2.5-coder:7b,设置类别：,0.758
254,Elevation:,zh,Chinese,qwen2.5-coder:7b,海拔：,0.653
255,Unable to start %1.,zh,Chinese,qwen2.5-coder:7b,无法启动 %1。,1.061
256,Sample rate,zh,Chinese,qwen2.5-coder:7b,采样率,0.742
257,Shut Up,zh,Chinese,qwen2.5-coder:7b,闭嘴,0.666
258,Page size:,zh,Chinese,qwen2.5-coder:7b,页面大小：,0.738
259,Display Prefix:,zh,Chinese,qwen2.5-coder:7b,显示前缀：,0.832
260,Storm,zh,Chinese,qwen2.5-coder:7b,暴风雨,0.592
261,Best effort,zh,Chinese,qwen2.5-coder:7b,尽最大努力,0.748
262,Years,zh,Chinese,qwen2.5-coder:7b,年,0.49
263,XML Validation,zh,Chinese,qwen2.5-coder:7b,XML 验证,0.812
264,black (bold),zh,Chinese,qwen2.5-coder:7b,黑色（粗体）,0.954
265,Formula Selection,zh,Chinese,qwen2.5-coder:7b,公式选择,0.643
266,Secure,zh,Chinese,qwen2.5-coder:7b,安全,0.508
267,Coral,zh,Chinese,qwen2.5-coder:7b,珊瑚,0.524
268,Work path:,zh,Chinese,qwen2.5-coder:7b,工作路径:,0.73
269,First-run Wizard,zh,Chinese,qwen2.5-coder:7b,首次运行向导,0.898
270,OK dialog,zh,Chinese,qwen2.5-coder:7b,确定对话框,0.755
271,Last & Friday,zh,Chinese,qwen2.5-coder:7b,上周五,0.683
272,File Path,zh,Chinese,qwen2.5-coder:7b,文件路径,0.662
273,Groups,zh,Chinese,qwen2.5-coder:7b,组,0.503
274,Pixmap:,zh,Chinese,qwen2.5-coder:7b,位图:,0.684
275,Austrian Schilling,zh,Chinese,qwen2.5-coder:7b,奥地利先令,0.828
276,Phoenix Islands,zh,Chinese,qwen2.5-coder:7b,凤凰群岛,0.656
277,42 Points,zh,Chinese,qwen2.5-coder:7b,42 分,0.782
278,French,zh,Chinese,qwen2.5-coder:7b,法语,0.629
279,Rectangular,zh,Chinese,qwen2.5-coder:7b,矩形,0.646
280,Foreground color,zh,Chinese,qwen2.5-coder:7b,前景色,0.652
281,Place cursor,zh,Chinese,qwen2.5-coder:7b,将光标放在,0.824
282,Shortcut name: s,zh,Chinese,qwen2.5-coder:7b,快捷方式名称: s,0.972
283,Output To,zh,Chinese,qwen2.5-coder:7b,输出到,0.657
284,(none),zh,Chinese,qwen2.5-coder:7b,无,0.549
285,_Password:,zh,Chinese,qwen2.5-coder:7b,密码：,0.657
286,Verification:,zh,Chinese,qwen2.5-coder:7b,验证:,0.647
287,Log Directory:,zh,Chinese,qwen2.5-coder:7b,日志目录：,0.848
288,Flower box,zh,Chinese,qwen2.5-coder:7b,花盆,0.665
289,LightCoral,zh,Chinese,qwen2.5-coder:7b,浅珊瑚色,0.779
290,& Next Track,zh,Chinese,qwen2.5-coder:7b,&下一曲,0.793
291,Save to,zh,Chinese,qwen2.5-coder:7b,保存到,0.684
292,Monthly,zh,Chinese,qwen2.5-coder:7b,每月,0.507
293,Dark green,zh,Chinese,qwen2.5-coder:7b,深绿色,0.656
294,Focal Length:,zh,Chinese,qwen2.5-coder:7b,焦距:,0.79
295,Next in XMMS,zh,Chinese,qwen2.5-coder:7b,在XMMS中下一个,1.185
296,Default view layout:,zh,Chinese,qwen2.5-coder:7b,默认视图布局：,0.955
297,weightConst,zh,Chinese,qwen2.5-coder:7b,重量常量,0.754
298,Written Data,zh,Chinese,qwen2.5-coder:7b,已写入数据,0.852
299,Y rotation,zh,Chinese,qwen2.5-coder:7b,Y 轴旋转,0.967
300,& find,zh,Chinese,qwen2.5-coder:7b,&查找,0.668
301,Nationalities,zh,Chinese,qwen2.5-coder:7b,国籍,0.585
302,Open a script...,zh,Chinese,qwen2.5-coder:7b,打开脚本...,0.87
303,Frost Glass,zh,Chinese,qwen2.5-coder:7b,冰晶玻璃,0.777
304,WEEKSINYEAR(year),zh,Chinese,qwen2.5-coder:7b,一年中的周数(年份),1.453
305,SingleSided,zh,Chinese,qwen2.5-coder:7b,单面,0.682
306,vCard Address Book File,zh,Chinese,qwen2.5-coder:7b,vCard 地址簿文件,1.25
307,Search What,zh,Chinese,qwen2.5-coder:7b,搜索什么,0.633
308,Vector Equality Test,zh,Chinese,qwen2.5-coder:7b,向量相等性测试,1.055
309,Light Gray,zh,Chinese,qwen2.5-coder:7b,浅灰色,0.618
310,Game New Sandbox Game,zh,Chinese,qwen2.5-coder:7b,游戏 新沙盒游戏,1.05
311,Mobile Phone Information,zh,Chinese,qwen2.5-coder:7b,手机信息,0.682
312,Paper Size:,zh,Chinese,qwen2.5-coder:7b,纸张大小：,0.825
313,Network Construction Game,zh,Chinese,qwen2.5-coder:7b,网络建设游戏,0.76
314,COLUMNS(reference),zh,Chinese,qwen2.5-coder:7b,列(reference),0.922
315,Generalization,zh,Chinese,qwen2.5-coder:7b,泛化,0.642
316,Issued,zh,Chinese,qwen2.5-coder:7b,已发行,0.641
317,Answer string:,zh,Chinese,qwen2.5-coder:7b,答案字符串：,0.735
318,Middle,zh,Chinese,qwen2.5-coder:7b,中间,0.489
319,Vert. Size Type,zh,Chinese,qwen2.5-coder:7b,垂直尺寸类型,0.848
320,12 MB or more,zh,Chinese,qwen2.5-coder:7b,12 MB 或更多,1.08
321,PCSCLite Configuration,zh,Chinese,qwen2.5-coder:7b,PCSCLite 配置,1.138
322,1024 mm or more,zh,Chinese,qwen2.5-coder:7b,1024 毫米或更多,1.635
323,KDE Certificate Request,zh,Chinese,qwen2.5-coder:7b,KDE证书请求,0.949
324,NMM Configuration,zh,Chinese,qwen2.5-coder:7b,NMM 配置,0.986
325,CGConstraintSolver,zh,Chinese,qwen2.5-coder:7b,CG约束求解器,0.966
326,Overwrite mode:,zh,Chinese,qwen2.5-coder:7b,覆盖模式：,0.759
327,Adding Applets,zh,Chinese,qwen2.5-coder:7b,添加小部件,0.756
328,Starting in cell,zh,Chinese,qwen2.5-coder:7b,从单元格开始,0.917
329,List Wizard,zh,Chinese,qwen2.5-coder:7b,列表向导,0.752
330,Player Names,zh,Chinese,qwen2.5-coder:7b,玩家名称,0.647
331,Music Tool,zh,Chinese,qwen2.5-coder:7b,音乐工具,0.646
332,Control Center Modules,zh,Chinese,qwen2.5-coder:7b,控制中心模块,0.791
333,%1 unsaved document (%2),zh,Chinese,qwen2.5-coder:7b,未保存的文档 (%1) (%2),1.655
334,Instructions:,zh,Chinese,qwen2.5-coder:7b,说明：,0.64
335,Resolve,zh,Chinese,qwen2.5-coder:7b,解决,0.512
336,Progressive,zh,Chinese,qwen2.5-coder:7b,渐进式,0.77
337,Descriptions,zh,Chinese,qwen2.5-coder:7b,描述,0.554
338,Filter Log Viewer,zh,Chinese,qwen2.5-coder:7b,日志过滤查看器,0.96
339,Pre-text:,zh,Chinese,qwen2.5-coder:7b,预文本：,0.731
340,Transparent,zh,Chinese,qwen2.5-coder:7b,透明的,0.631
341,Multiline response color:,zh,Chinese,qwen2.5-coder:7b,多行响应颜色：,1.047
342,File Quality,zh,Chinese,qwen2.5-coder:7b,文件质量,0.654
343,Connect,zh,Chinese,qwen2.5-coder:7b,连接,0.507
344,Finished,zh,Chinese,qwen2.5-coder:7b,完成,0.503
345,& Gamma (Color correction):,zh,Chinese,qwen2.5-coder:7b,&伽马（颜色校正）：,1.49
346,Home user,zh,Chinese,qwen2.5-coder:7b,家庭用户,0.671
347,Desktop Sessions,zh,Chinese,qwen2.5-coder:7b,桌面会话,0.786
348,System Tray Applet,zh,Chinese,qwen2.5-coder:7b,系统托盘应用程序,0.902
349,USB Device,zh,Chinese,qwen2.5-coder:7b,USB设备,0.63
350,Stretch,zh,Chinese,qwen2.5-coder:7b,拉伸,0.627
351,Kugar report template,zh,Chinese,qwen2.5-coder:7b,库加报告模板,0.909
352,New board,zh,Chinese,qwen2.5-coder:7b,新板块,0.634
353,Australia/ Broken_Hill,zh,Chinese,qwen2.5-coder:7b,澳大利亚/布罗肯希尔,1.124
354,Torture Krita with filters,zh,Chinese,qwen2.5-coder:7b,用滤镜折磨 Krita,1.204
355,User Properties Dialog,zh,Chinese,qwen2.5-coder:7b,用户属性对话框,0.878
356,(no trace),zh,Chinese,qwen2.5-coder:7b,无痕迹,0.707
357,Image Plugins,zh,Chinese,qwen2.5-coder:7b,图像插件,0.793
358,*. ui_BAR_Designer Files,zh,Chinese,qwen2.5-coder:7b,*. ui_BAR_Designer 文件,1.47
359,KDevHTMLPreview,zh,Chinese,qwen2.5-coder:7b,KDevHTML预览,1.017
360,S/ MIME Key Selection,zh,Chinese,qwen2.5-coder:7b,S/MIME 密钥选择,1.233
361,Math Mode,zh,Chinese,qwen2.5-coder:7b,数学模式,0.622
362,Data entry,zh,Chinese,qwen2.5-coder:7b,数据输入,0.619
363,Recommended: UTF-8,zh,Chinese,qwen2.5-coder:7b,推荐: UTF-8,1.073
364,Popup Top-Right,zh,Chinese,qwen2.5-coder:7b,右上角弹出,1.018
365,Transition duration,zh,Chinese,qwen2.5-coder:7b,过渡持续时间,0.777
366,Transfers,zh,Chinese,qwen2.5-coder:7b,转账,0.547
367,Asia/ Kuching,zh,Chinese,qwen2.5-coder:7b,亚洲/古晋,0.982
368,Cups PDF Log Files,zh,Chinese,qwen2.5-coder:7b,Cups PDF 日志文件,1.297
369,Clock Frequency,zh,Chinese,qwen2.5-coder:7b,时钟频率,0.746
370,Triple,zh,Chinese,qwen2.5-coder:7b,三重,0.618
371,*** Finished ***,zh,Chinese,qwen2.5-coder:7b,*** 完成 ***,1.04
372,Searching: search,zh,Chinese,qwen2.5-coder:7b,搜索中: 搜索,0.991
373,Success.,zh,Chinese,qwen2.5-coder:7b,成功。,0.59
374,Portable Pixmap Image (. ppm),zh,Chinese,qwen2.5-coder:7b,可移植位图图像 (. ppm),1.403
375,SSL Ciphers,zh,Chinese,qwen2.5-coder:7b,SSL 密码套件,1.1
376,Required by:,zh,Chinese,qwen2.5-coder:7b,必需:,0.724
377,Empty the cache,zh,Chinese,qwen2.5-coder:7b,清空缓存,0.859
378,Database Creator,zh,Chinese,qwen2.5-coder:7b,数据库创建者,0.727
379,Read only,zh,Chinese,qwen2.5-coder:7b,只读,0.632
380,Term,zh,Chinese,qwen2.5-coder:7b,术语,0.552
381,JS Sample Engine,zh,Chinese,qwen2.5-coder:7b,JavaScript 示例引擎,0.754
382,isiXhosa Xhosa (South Africa),zh,Chinese,qwen2.5-coder:7b,isiXhosa Xhosa (南非),1.652
383,Video Player,zh,Chinese,qwen2.5-coder:7b,视频播放器,0.706
384,Math Environments,zh,Chinese,qwen2.5-coder:7b,数学环境,0.661
385,angularVelocity,zh,Chinese,qwen2.5-coder:7b,角速度,0.669
386,"Letter, Modifier",zh,Chinese,qwen2.5-coder:7b,"信, 修饰符",1.018
387,User2,zh,Chinese,qwen2.5-coder:7b,用户2,0.646
388,Wildcard,zh,Chinese,qwen2.5-coder:7b,通配符,0.714
389,Check List dialog,zh,Chinese,qwen2.5-coder:7b,检查列表对话框,0.927
390,& PFS Group,zh,Chinese,qwen2.5-coder:7b,& PFS 组织,1.072
391,too old,zh,Chinese,qwen2.5-coder:7b,太老了,0.754
392,%1 Transfers.,zh,Chinese,qwen2.5-coder:7b,%1 转移。,1.348
393,LDAP idmap suffix:,zh,Chinese,qwen2.5-coder:7b,LDAP ID映射后缀：,1.251
394,Interpolate:,zh,Chinese,qwen2.5-coder:7b,插值：,0.734
395,Explosions,zh,Chinese,qwen2.5-coder:7b,爆炸,0.569
396,Aligned,zh,Chinese,qwen2.5-coder:7b,对齐,0.582
397,& Talker:,zh,Chinese,qwen2.5-coder:7b,& 发言者:,0.988
398,unlimited,zh,Chinese,qwen2.5-coder:7b,无限,0.583
399,Image source:,zh,Chinese,qwen2.5-coder:7b,图片来源：,0.756
400,Web Forms Daemon,zh,Chinese,qwen2.5-coder:7b,Web 表单守护进程,1.104
401,& kxsldbg; can now,zh,Chinese,qwen2.5-coder:7b,& kxsldbg; 现在可以,1.765
402,Refine Shopping List,zh,Chinese,qwen2.5-coder:7b,优化购物清单,0.836
403,Destination,zh,Chinese,qwen2.5-coder:7b,目的地,0.504
404,Statistics,zh,Chinese,qwen2.5-coder:7b,统计信息,0.613
405,Shortcut name: show,zh,Chinese,qwen2.5-coder:7b,快捷方式名称: 显示,1.088
406,Radial,zh,Chinese,qwen2.5-coder:7b,径向,0.611
407,Initial level:,zh,Chinese,qwen2.5-coder:7b,初始级别：,0.744
408,Electronegativity (Pauling),zh,Chinese,qwen2.5-coder:7b,电负性（保罗ing）,1.317
409,Package name:,zh,Chinese,qwen2.5-coder:7b,包名：,0.761
410,Chad,zh,Chinese,qwen2.5-coder:7b,查德,0.642
411,KWD Files,zh,Chinese,qwen2.5-coder:7b,KWD 文件,0.762
412,Tile border:,zh,Chinese,qwen2.5-coder:7b,瓦片边框：,0.915
413,Available,zh,Chinese,qwen2.5-coder:7b,可用的,0.589
414,Coupons per year,zh,Chinese,qwen2.5-coder:7b,每年的优惠券,0.882
415,close,zh,Chinese,qwen2.5-coder:7b,关闭,0.506
416,power profile %1,zh,Chinese,qwen2.5-coder:7b,电源配置文件 %1,0.99
417,Action messages:,zh,Chinese,qwen2.5-coder:7b,操作消息：,0.743
418,Ukraine,zh,Chinese,qwen2.5-coder:7b,乌克兰,0.534
419,Port,zh,Chinese,qwen2.5-coder:7b,端口,0.641
420,image save OK,zh,Chinese,qwen2.5-coder:7b,图片保存成功,0.774
421,Item height,zh,Chinese,qwen2.5-coder:7b,项目高度,0.638
422,& Query Modem...,zh,Chinese,qwen2.5-coder:7b,&查询调制解调器...,1.306
423,Constraints,zh,Chinese,qwen2.5-coder:7b,约束条件,0.654
424,Scanning for %1...,zh,Chinese,qwen2.5-coder:7b,正在扫描 %1...,1.027
425,F Major,zh,Chinese,qwen2.5-coder:7b,F 大调,0.848
426,Soundcard Information,zh,Chinese,qwen2.5-coder:7b,声卡信息,0.801
427,& Background color:,zh,Chinese,qwen2.5-coder:7b,& 背景颜色:,1.197
428,Dithering PPI,zh,Chinese,qwen2.5-coder:7b,抖动 PPI,1.019
429,Other command line options,zh,Chinese,qwen2.5-coder:7b,其他命令行选项,0.899
430,Part Instruction Call,zh,Chinese,qwen2.5-coder:7b,部件指令呼叫,0.774
431,Identity:,zh,Chinese,qwen2.5-coder:7b,身份:,0.597
432,Shuffle,zh,Chinese,qwen2.5-coder:7b,打乱,0.633
433,Expense,zh,Chinese,qwen2.5-coder:7b,费用,0.49
434,LightBlue4,zh,Chinese,qwen2.5-coder:7b,浅蓝色4,0.741
435,Last. fm Profile,zh,Chinese,qwen2.5-coder:7b,Last. fm个人资料,1.012
436,& Grayscale,zh,Chinese,qwen2.5-coder:7b,&灰度,0.768
437,Autoconfiguration,zh,Chinese,qwen2.5-coder:7b,自动配置,0.67
438,Subject distance type:,zh,Chinese,qwen2.5-coder:7b,主题距离类型：,0.879
439,File Size:,zh,Chinese,qwen2.5-coder:7b,文件大小：,0.718
440,Comments: %1,zh,Chinese,qwen2.5-coder:7b,评论: %1,0.904
441,Example: mount %d,zh,Chinese,qwen2.5-coder:7b,示例：挂载 %d,1.369
442,Append Signature,zh,Chinese,qwen2.5-coder:7b,追加签名,0.758
443,No CMY,zh,Chinese,qwen2.5-coder:7b,无CMY,0.783
444,Buy,zh,Chinese,qwen2.5-coder:7b,购买,0.512
445,Statistics Plugin,zh,Chinese,qwen2.5-coder:7b,统计插件,0.733
446,CARY(Radius; Angle),zh,Chinese,qwen2.5-coder:7b,CARY(半径; 角度),1.643
447,Translate Points,zh,Chinese,qwen2.5-coder:7b,翻译点数,0.92
448,High Scores,zh,Chinese,qwen2.5-coder:7b,高分榜,0.774
449,Strokes:,zh,Chinese,qwen2.5-coder:7b,笔画:,0.785
450,Recipient (%1),zh,Chinese,qwen2.5-coder:7b,收件人 (%1),1.117
451,&File,zh,Chinese,qwen2.5-coder:7b,&文件,0.639
452,& Dutch,zh,Chinese,qwen2.5-coder:7b,& 荷兰语,1.043
453,Decrement (to %1),zh,Chinese,qwen2.5-coder:7b,减少到 %1,1.022
454,The Spiral,zh,Chinese,qwen2.5-coder:7b,螺旋,0.526
455,Script Termination,zh,Chinese,qwen2.5-coder:7b,脚本终止,0.763
456,Interrupted,zh,Chinese,qwen2.5-coder:7b,中断,0.517
457,IP Addresses,zh,Chinese,qwen2.5-coder:7b,IP地址,0.618
458,User ID:,zh,Chinese,qwen2.5-coder:7b,用户ID：,0.742
459,Swampy coloration,zh,Chinese,qwen2.5-coder:7b,泥泞的颜色,0.863
460,Direct deposit,zh,Chinese,qwen2.5-coder:7b,直接存款,0.654
461,Carbonic acid,zh,Chinese,qwen2.5-coder:7b,碳酸,0.591
462,Documentation Tree,zh,Chinese,qwen2.5-coder:7b,文档树,0.611
463,Lightness Curve,zh,Chinese,qwen2.5-coder:7b,亮度曲线,0.673
464,turtle,zh,Chinese,qwen2.5-coder:7b,乌龟,0.593
465,Perspective 4D,zh,Chinese,qwen2.5-coder:7b,四维视角,0.829
466,Pot Hole,zh,Chinese,qwen2.5-coder:7b,坑洞,0.652
467,View with Moamp; zilla,zh,Chinese,qwen2.5-coder:7b,使用 Moamp; zilla 查看,1.422
468,& Account,zh,Chinese,qwen2.5-coder:7b,&账户,0.663
469,SlateBlue3,zh,Chinese,qwen2.5-coder:7b,slateblue3,0.883
470,Subject Distance:,zh,Chinese,qwen2.5-coder:7b,主题距离：,0.765
471,Contact Group Serializer,zh,Chinese,qwen2.5-coder:7b,联系组序列化器,0.998
472,Pass:,zh,Chinese,qwen2.5-coder:7b,密码：,0.604
473,Red: nbsp; Nation,zh,Chinese,qwen2.5-coder:7b,红色: nbsp; 国家,1.35
474,screen grab,zh,Chinese,qwen2.5-coder:7b,屏幕截图,0.617
475,& D-Bus registration:,zh,Chinese,qwen2.5-coder:7b,& D-Bus 注册:,1.213
476,South Kalimantan,zh,Chinese,qwen2.5-coder:7b,南 Kalimantan,0.926
477,Parent,zh,Chinese,qwen2.5-coder:7b,父级,0.611
478,Luganda sounds,zh,Chinese,qwen2.5-coder:7b,卢旺达语,0.893
479,Final value:,zh,Chinese,qwen2.5-coder:7b,最终值：,0.73
480,& French To,zh,Chinese,qwen2.5-coder:7b,&法语到,0.906
481,Months,zh,Chinese,qwen2.5-coder:7b,月,0.533
482,New Tag...,zh,Chinese,qwen2.5-coder:7b,新标签...,0.756
483,Comparison forms,zh,Chinese,qwen2.5-coder:7b,比较表单,0.749
484,Selection Tool,zh,Chinese,qwen2.5-coder:7b,选择工具,0.647
485,Previous Track,zh,Chinese,qwen2.5-coder:7b,上一曲,0.733
486,RoyalBlue3,zh,Chinese,qwen2.5-coder:7b,皇家蓝3,0.754
487,Year of computation,zh,Chinese,qwen2.5-coder:7b,计算年份,0.756
488,Maximum share ratio:,zh,Chinese,qwen2.5-coder:7b,最大分享比例：,0.883
489,Attachment name,zh,Chinese,qwen2.5-coder:7b,附件名称,0.638
490,Network interface %1 disconnected,zh,Chinese,qwen2.5-coder:7b,网络接口 %1 断开连接,1.296
491,%1 selected (%2),zh,Chinese,qwen2.5-coder:7b,%1 选中 (%2),1.388
492,Agenda View,zh,Chinese,qwen2.5-coder:7b,议程视图,0.91
493,Street:,zh,Chinese,qwen2.5-coder:7b,街道:,0.596
494,Identities...,zh,Chinese,qwen2.5-coder:7b,身份...,0.617
495,action,zh,Chinese,qwen2.5-coder:7b,操作,0.485
496,LARGE: even larger.,zh,Chinese,qwen2.5-coder:7b,大号：更大。,1.054
497,Card Appearance,zh,Chinese,qwen2.5-coder:7b,卡片外观,0.637
498,Neighbors:,zh,Chinese,qwen2.5-coder:7b,邻居：,0.582
499,Action-Button Bindings,zh,Chinese,qwen2.5-coder:7b,操作按钮绑定,0.827
500,DodgerBlue4,zh,Chinese,qwen2.5-coder:7b,DodgerBlue4,0.879
501,KMobileTools EngineXP,zh,Chinese,qwen2.5-coder:7b,KMobileTools 引擎XP,1.293
502,& Previous Day,zh,Chinese,qwen2.5-coder:7b,&上一天,0.785
503,Stock,zh,Chinese,qwen2.5-coder:7b,股票,0.539
504,"Core Developer: Marble Runners, World-Clock Plasmoid",zh,Chinese,qwen2.5-coder:7b,核心开发者：方块跑者，世界时钟小部件,2.083
505,Cross-stitch,zh,Chinese,qwen2.5-coder:7b,十字绣,0.649
506,Jpeg-Image,zh,Chinese,qwen2.5-coder:7b,JPEG图像,0.727
507,Color correction,zh,Chinese,qwen2.5-coder:7b,颜色校正,0.714
508,(Customized),zh,Chinese,qwen2.5-coder:7b,自定义,0.661
509,Archive & file:,zh,Chinese,qwen2.5-coder:7b,归档 & 文件:,0.991
510,Passwords,zh,Chinese,qwen2.5-coder:7b,密码,0.499
511,New document,zh,Chinese,qwen2.5-coder:7b,新文档,0.627
512,Iptc,zh,Chinese,qwen2.5-coder:7b,IPTC,0.782
513,Copy %1 to:,zh,Chinese,qwen2.5-coder:7b,将 %1 复制到：,1.28
514,Airport,zh,Chinese,qwen2.5-coder:7b,机场,0.511
515,& Column,zh,Chinese,qwen2.5-coder:7b,&列,0.619
516,Wire,zh,Chinese,qwen2.5-coder:7b,线,0.53
517,Easy Start,zh,Chinese,qwen2.5-coder:7b,快速开始,0.629
518,GIF Images,zh,Chinese,qwen2.5-coder:7b,GIF 图像,0.853
519,Rectangle,zh,Chinese,qwen2.5-coder:7b,矩形,0.589
520,Correct perspective,zh,Chinese,qwen2.5-coder:7b,正确的视角,0.625
521,Effect Properties,zh,Chinese,qwen2.5-coder:7b,效果属性,0.626
522,May,zh,Chinese,qwen2.5-coder:7b,五月,0.484
523,IMPOWER(string),zh,Chinese,qwen2.5-coder:7b,IMPOWER(字符串),1.058
524,Double-clicking,zh,Chinese,qwen2.5-coder:7b,双击,0.651
525,Shape Properties,zh,Chinese,qwen2.5-coder:7b,形状属性,0.664
526,Warnings.,zh,Chinese,qwen2.5-coder:7b,警告。,0.613
527,Horizon (line),zh,Chinese,qwen2.5-coder:7b,地平线（线）,1.354
528,Year:,zh,Chinese,qwen2.5-coder:7b,年份:,0.718
529,Colors Configuration,zh,Chinese,qwen2.5-coder:7b,颜色配置,0.645
530,Comic:,zh,Chinese,qwen2.5-coder:7b,漫画：,0.616
531,Random Mix,zh,Chinese,qwen2.5-coder:7b,随机混音,0.754
532,Albums By,zh,Chinese,qwen2.5-coder:7b,按专辑,0.903
533,Verify,zh,Chinese,qwen2.5-coder:7b,验证,0.513
534,Remove From Disk,zh,Chinese,qwen2.5-coder:7b,从磁盘移除,0.979
535,OpenSSL finished.,zh,Chinese,qwen2.5-coder:7b,OpenSSL 完成。,1.109
536,Protocol Versions,zh,Chinese,qwen2.5-coder:7b,协议版本,0.654
537,Script-based,zh,Chinese,qwen2.5-coder:7b,脚本驱动的,0.826
538,Zoom Blur,zh,Chinese,qwen2.5-coder:7b,缩放模糊,0.724
539,Scan Workgroup,zh,Chinese,qwen2.5-coder:7b,扫描工作组,0.714
540,Remove Skin,zh,Chinese,qwen2.5-coder:7b,移除皮肤,0.795
541,Simple 1,zh,Chinese,qwen2.5-coder:7b,简单 1,0.782
542,Move Down,zh,Chinese,qwen2.5-coder:7b,向下移动,0.645
543,& Step up,zh,Chinese,qwen2.5-coder:7b,& 升级,0.871
544,New tab opens:,zh,Chinese,qwen2.5-coder:7b,新标签页打开：,0.982
545,Root Album Folders,zh,Chinese,qwen2.5-coder:7b,根目录文件夹,0.917
546,Expiration date,zh,Chinese,qwen2.5-coder:7b,过期日期,0.749
547,Appointment Time,zh,Chinese,qwen2.5-coder:7b,预约时间,0.642
548,SkyBlue2,zh,Chinese,qwen2.5-coder:7b,天蓝色2,0.804
549,Keys,zh,Chinese,qwen2.5-coder:7b,键,0.499
550,Section Level 2,zh,Chinese,qwen2.5-coder:7b,第2级部分,0.89
551,PopSquares,zh,Chinese,qwen2.5-coder:7b,弹方块,0.8
552,Group name:,zh,Chinese,qwen2.5-coder:7b,群组名称:,0.834
553,Calling,zh,Chinese,qwen2.5-coder:7b,拨打电话,0.607
554,Radius,zh,Chinese,qwen2.5-coder:7b,半径,0.61
555,Ending Balance,zh,Chinese,qwen2.5-coder:7b,期末余额,0.667
556,Log Files,zh,Chinese,qwen2.5-coder:7b,日志文件,0.732
557,Download List,zh,Chinese,qwen2.5-coder:7b,下载列表,0.641
558,& German To,zh,Chinese,qwen2.5-coder:7b,& 德语到,0.955
559,Folder List,zh,Chinese,qwen2.5-coder:7b,文件夹列表,0.774
560,Frame Error Rate,zh,Chinese,qwen2.5-coder:7b,帧错误率,0.813
561,Sri Lankan rupee,zh,Chinese,qwen2.5-coder:7b,斯里兰卡卢比,1.205
562,Video Quality,zh,Chinese,qwen2.5-coder:7b,视频质量,0.644
563,Quick Upload,zh,Chinese,qwen2.5-coder:7b,快速上传,0.648
564,Key connectors,zh,Chinese,qwen2.5-coder:7b,关键连接器,0.744
565,Light red,zh,Chinese,qwen2.5-coder:7b,浅红色,0.675
566,KDE Notification Daemon,zh,Chinese,qwen2.5-coder:7b,KDE 通知守护进程,1.134
567,Tool information,zh,Chinese,qwen2.5-coder:7b,工具信息,0.632
568,Closed Tabs,zh,Chinese,qwen2.5-coder:7b,关闭的标签页,0.852
569,ImagePlugin_Border,zh,Chinese,qwen2.5-coder:7b,图像插件_边框,1.165
570,"Yes, red-eye",zh,Chinese,qwen2.5-coder:7b,是的，红眼,0.993
571,Presentation Variables,zh,Chinese,qwen2.5-coder:7b,演示变量,0.622
572,Tag Properties:,zh,Chinese,qwen2.5-coder:7b,标签属性：,0.719
573,Selecting objects,zh,Chinese,qwen2.5-coder:7b,选择对象,0.68
574,SlateBlue,zh,Chinese,qwen2.5-coder:7b,深海蓝,0.805
575,Ctrl; C Copy,zh,Chinese,qwen2.5-coder:7b,Ctrl; C 复制,1.131
576,Commands for navigation,zh,Chinese,qwen2.5-coder:7b,导航命令,0.682
577,Extensions,zh,Chinese,qwen2.5-coder:7b,扩展,0.5
578,Altitude Correction,zh,Chinese,qwen2.5-coder:7b,海拔校正,0.784
579,Quarters 1/ 4,zh,Chinese,qwen2.5-coder:7b,第一季度,0.691
580,Bookshelf,zh,Chinese,qwen2.5-coder:7b,书架,0.615
581,Low,zh,Chinese,qwen2.5-coder:7b,低,0.504
582,Data types,zh,Chinese,qwen2.5-coder:7b,数据类型,0.625
583,East Azarbaijan,zh,Chinese,qwen2.5-coder:7b,东阿塞拜疆,1.018
584,Trimmed,zh,Chinese,qwen2.5-coder:7b,修剪后的,0.643
585,Add Host,zh,Chinese,qwen2.5-coder:7b,添加主机,0.628
586,New backend,zh,Chinese,qwen2.5-coder:7b,新后端,0.709
587,Window Decoration,zh,Chinese,qwen2.5-coder:7b,窗口装饰,0.648
588,Incomes,zh,Chinese,qwen2.5-coder:7b,收入,0.528
589,Backup canceled.,zh,Chinese,qwen2.5-coder:7b,备份已取消。,0.821
590,Final activity,zh,Chinese,qwen2.5-coder:7b,最终活动,0.657
591,Pad 7 - Halo,zh,Chinese,qwen2.5-coder:7b,7号 - 星际征途,1.485
592,Budgeted,zh,Chinese,qwen2.5-coder:7b,预算,0.55
593,Slow,zh,Chinese,qwen2.5-coder:7b,慢,0.525
594,Search Settings,zh,Chinese,qwen2.5-coder:7b,搜索设置,0.677
595,cutOffFraction,zh,Chinese,qwen2.5-coder:7b,截止分数,0.923
596,Copy Messages,zh,Chinese,qwen2.5-coder:7b,复制消息,0.656
597,& Organization:,zh,Chinese,qwen2.5-coder:7b,组织：&,0.759
598,Audio Properties,zh,Chinese,qwen2.5-coder:7b,音频属性,0.676
599,Shortcut name: watch,zh,Chinese,qwen2.5-coder:7b,快捷方式名称: 观看,1.201
600,Square,zh,Chinese,qwen2.5-coder:7b,正方形,0.595
601,Highest,zh,Chinese,qwen2.5-coder:7b,最高,0.495
602,Strikeout,zh,Chinese,qwen2.5-coder:7b,删除线,0.685
603,Project Tree,zh,Chinese,qwen2.5-coder:7b,项目树,0.641
604,XML; Transformer,zh,Chinese,qwen2.5-coder:7b,XML; 转换器,1.17
605,New Budget,zh,Chinese,qwen2.5-coder:7b,新预算,0.625
606,& Template:,zh,Chinese,qwen2.5-coder:7b,& 模板:,0.907
607,Torrent Files,zh,Chinese,qwen2.5-coder:7b,种子文件,0.658
608,Graph,zh,Chinese,qwen2.5-coder:7b,图表,0.501
609,English (Canada),zh,Chinese,qwen2.5-coder:7b,英语（加拿大）,0.95
610,Contained Items,zh,Chinese,qwen2.5-coder:7b,包含的物品,0.766
611,QMake Manager,zh,Chinese,qwen2.5-coder:7b,QMake 管理器,1.163
612,Shooting date,zh,Chinese,qwen2.5-coder:7b,拍摄日期,0.668
613,*. cws_BAR_Cantor Worksheet,zh,Chinese,qwen2.5-coder:7b,*. cws_BAR_Cantor 工作表,1.58
614,& Relationships...,zh,Chinese,qwen2.5-coder:7b,&关系...,0.769
615,user: %1,zh,Chinese,qwen2.5-coder:7b,用户: %1,0.956
616,Tree View mode,zh,Chinese,qwen2.5-coder:7b,树形视图模式,0.963
617,Basic applications,zh,Chinese,qwen2.5-coder:7b,基本应用程序,0.638
618,(%1 filtered),zh,Chinese,qwen2.5-coder:7b,(%1 过滤),1.102
619,Occidental Australia,zh,Chinese,qwen2.5-coder:7b,西方澳大利亚,0.742
620,Security update,zh,Chinese,qwen2.5-coder:7b,安全更新,0.671
621,Northern Sami,zh,Chinese,qwen2.5-coder:7b,北方萨米语,0.887
622,Squaric acid,zh,Chinese,qwen2.5-coder:7b,水杨酸,0.845
623,Database Location,zh,Chinese,qwen2.5-coder:7b,数据库位置,0.652
624,Equations:,zh,Chinese,qwen2.5-coder:7b,方程：,0.728
625,Changing theme...,zh,Chinese,qwen2.5-coder:7b,更改主题...,0.734
626,Independence,zh,Chinese,qwen2.5-coder:7b,独立,0.53
627,File extension,zh,Chinese,qwen2.5-coder:7b,文件扩展名,0.741
628,Current Track Settings,zh,Chinese,qwen2.5-coder:7b,当前轨道设置,0.791
629,Warning - Step,zh,Chinese,qwen2.5-coder:7b,警告 - 步骤,1.014
630,Mrs.,zh,Chinese,qwen2.5-coder:7b,夫人,0.511
631,Add entry,zh,Chinese,qwen2.5-coder:7b,添加条目,0.724
632,14th Last,zh,Chinese,qwen2.5-coder:7b,倒数第14个,1.077
633,Cancelled,zh,Chinese,qwen2.5-coder:7b,已取消,0.608
634,Current mixer:,zh,Chinese,qwen2.5-coder:7b,当前混音器：,0.954
635,Head area,zh,Chinese,qwen2.5-coder:7b,头部区域,0.638
636,dual channel,zh,Chinese,qwen2.5-coder:7b,双通道,0.66
637,Text Selection Mode,zh,Chinese,qwen2.5-coder:7b,文本选择模式,0.754
638,Failed to load %1: %2,zh,Chinese,qwen2.5-coder:7b,加载失败：%1: %2,1.322
639,Suspend & duration:,zh,Chinese,qwen2.5-coder:7b,暂停 & 持续时间:,1.287
640,Using Bibitems,zh,Chinese,qwen2.5-coder:7b,使用 Bibitems,0.805
641,Computer Administration,zh,Chinese,qwen2.5-coder:7b,计算机管理,0.647
642,Active console:,zh,Chinese,qwen2.5-coder:7b,活动控制台：,0.845
643,& Archive File:,zh,Chinese,qwen2.5-coder:7b,&归档文件:,0.966
644,honeydew3,zh,Chinese,qwen2.5-coder:7b,蜜瓜3,0.901
645,EXIF: created,zh,Chinese,qwen2.5-coder:7b,EXIF: 创建,0.918
646,US English,zh,Chinese,qwen2.5-coder:7b,美国英语,0.652
647,of Sivan,zh,Chinese,qwen2.5-coder:7b,六月,0.678
648,Max velocity,zh,Chinese,qwen2.5-coder:7b,最大速度,0.64
649,Mime Type,zh,Chinese,qwen2.5-coder:7b,MIME类型,0.768
650,Step Width:,zh,Chinese,qwen2.5-coder:7b,步长:,0.757
651,character special,zh,Chinese,qwen2.5-coder:7b,字符特殊,0.661
652,Second:,zh,Chinese,qwen2.5-coder:7b,第二:,0.719
653,Intr. requests %1,zh,Chinese,qwen2.5-coder:7b,请求 %1,1.108
654,Diff change:,zh,Chinese,qwen2.5-coder:7b,差异更改:,0.861
655,& Theme Installer,zh,Chinese,qwen2.5-coder:7b,& 主题安装器,0.967
656,Payment Accounts,zh,Chinese,qwen2.5-coder:7b,支付账户,0.668
657,Reference image:,zh,Chinese,qwen2.5-coder:7b,参考图像：,0.712
658,Thumbnail & Rows:,zh,Chinese,qwen2.5-coder:7b,缩略图 & 行数:,1.243
659,Box Drawing,zh,Chinese,qwen2.5-coder:7b,方块绘制,0.726
660,Request folder:,zh,Chinese,qwen2.5-coder:7b,请求文件夹：,0.798
661,Cell size,zh,Chinese,qwen2.5-coder:7b,单元格大小,0.74
662,Focal length (35mm equivalent):,zh,Chinese,qwen2.5-coder:7b,焦距（35mm 等效）：,1.973
663,Test Date Book,zh,Chinese,qwen2.5-coder:7b,测试日期本,0.777
664,& Flashcard,zh,Chinese,qwen2.5-coder:7b,&闪卡,0.801
665,Increase Volume,zh,Chinese,qwen2.5-coder:7b,增加音量,0.787
666,Valid From,zh,Chinese,qwen2.5-coder:7b,有效期从,0.663
667,Arcade Bombing Game,zh,Chinese,qwen2.5-coder:7b,街机轰炸游戏,0.954
668,Sidereal time:,zh,Chinese,qwen2.5-coder:7b,恒星时间：,0.857
669,Search:,zh,Chinese,qwen2.5-coder:7b,搜索:,0.596
670,Set Overwrite Mode,zh,Chinese,qwen2.5-coder:7b,设置覆盖模式,0.817
671,angularMomentumVariance,zh,Chinese,qwen2.5-coder:7b,角动量方差,1.016
672,Milestone Progress,zh,Chinese,qwen2.5-coder:7b,里程碑进度,0.653
673,Source revision,zh,Chinese,qwen2.5-coder:7b,源代码修订,0.716
674,Mouse Wheel,zh,Chinese,qwen2.5-coder:7b,鼠标滚轮,0.706
675,Creating accounts,zh,Chinese,qwen2.5-coder:7b,创建账户,0.65
676,Nothing,zh,Chinese,qwen2.5-coder:7b,无,0.53
677,development,zh,Chinese,qwen2.5-coder:7b,开发,0.555
678,Cell style,zh,Chinese,qwen2.5-coder:7b,单元格样式,0.754
679,GLU version,zh,Chinese,qwen2.5-coder:7b,GLU 版本,0.944
680,Black cartridge,zh,Chinese,qwen2.5-coder:7b,黑色墨盒,0.718
681,Selection management,zh,Chinese,qwen2.5-coder:7b,选择管理,0.626
682,& Location of %1,zh,Chinese,qwen2.5-coder:7b,& %1的位置,0.957
683,Keyboard input:,zh,Chinese,qwen2.5-coder:7b,键盘输入：,0.807
684,& konqueror; manual,zh,Chinese,qwen2.5-coder:7b,&konqueror; 手册,1.418
685,Warning:,zh,Chinese,qwen2.5-coder:7b,警告：,0.642
686,Shading depth:,zh,Chinese,qwen2.5-coder:7b,阴影深度：,0.785
687,Status,zh,Chinese,qwen2.5-coder:7b,状态,0.525
688,Amazon (US),zh,Chinese,qwen2.5-coder:7b,亚马逊（美国）,0.934
689,Quanta Properties,zh,Chinese,qwen2.5-coder:7b,量子属性,0.688
690,Creation,zh,Chinese,qwen2.5-coder:7b,创建,0.5
691,Picture editing tool,zh,Chinese,qwen2.5-coder:7b,图片编辑工具,0.76
692,Bold Italic,zh,Chinese,qwen2.5-coder:7b,粗斜体,0.758
693,advancedDialog,zh,Chinese,qwen2.5-coder:7b,高级对话框,0.753
694,Do & Not Close,zh,Chinese,qwen2.5-coder:7b,“不要关闭”,0.945
695,Address Books,zh,Chinese,qwen2.5-coder:7b,地址簿,0.635
696,Authenticated,zh,Chinese,qwen2.5-coder:7b,已验证,0.595
697,%1 Album Properties,zh,Chinese,qwen2.5-coder:7b,%1 相册属性,1.168
698,Filter Layer Properties,zh,Chinese,qwen2.5-coder:7b,过滤层属性,0.784
699,Simulation Toolbar,zh,Chinese,qwen2.5-coder:7b,仿真工具栏,0.757
700,Loaned,zh,Chinese,qwen2.5-coder:7b,借出,0.632
701,New Layer,zh,Chinese,qwen2.5-coder:7b,新图层,0.738
702,Base computation:,zh,Chinese,qwen2.5-coder:7b,基本计算：,0.722
703,LDAP version:,zh,Chinese,qwen2.5-coder:7b,LDAP 版本：,0.938
704,What country,zh,Chinese,qwen2.5-coder:7b,哪个国家,0.643
705,Feather,zh,Chinese,qwen2.5-coder:7b,羽毛,0.529
706,& Amount:,zh,Chinese,qwen2.5-coder:7b,&金额:,0.718
707,Pipes,zh,Chinese,qwen2.5-coder:7b,管道,0.567
708,& Edit Host...,zh,Chinese,qwen2.5-coder:7b,&编辑主机...,0.888
709,Province filter:,zh,Chinese,qwen2.5-coder:7b,省份筛选：,0.777
710,unchanged,zh,Chinese,qwen2.5-coder:7b,未更改,0.612
711,Quite a lot,zh,Chinese,qwen2.5-coder:7b,相当多,0.662
712,CImg Image Restoration Filter,zh,Chinese,qwen2.5-coder:7b,CImg 图像修复滤镜,1.221
713,new_package,zh,Chinese,qwen2.5-coder:7b,新包,0.631
714,Screen Ruler,zh,Chinese,qwen2.5-coder:7b,屏幕尺,0.675
715,Channel.,zh,Chinese,qwen2.5-coder:7b,频道。,0.617
716,Password Management,zh,Chinese,qwen2.5-coder:7b,密码管理,0.643
717,Triangles,zh,Chinese,qwen2.5-coder:7b,三角形,0.592
718,Last. fm credentials,zh,Chinese,qwen2.5-coder:7b,最后的 fm 凭证,1.093
719,(usually Y),zh,Chinese,qwen2.5-coder:7b,(通常 Y),0.857
720,Shortcut name: r,zh,Chinese,qwen2.5-coder:7b,快捷方式名称: r,1.053
721,Error: Unable to open terminal %1.,zh,Chinese,qwen2.5-coder:7b,错误：无法打开终端 %1。,1.487
722,tea,zh,Chinese,qwen2.5-coder:7b,茶,0.531
723,Show & name,zh,Chinese,qwen2.5-coder:7b,显示 & 名称,0.956
724,angleVariance,zh,Chinese,qwen2.5-coder:7b,角度差异,0.706
725,MyPaint brush,zh,Chinese,qwen2.5-coder:7b,我的画笔 (Wǒ de huàbi),1.566
726,KDE Accessibility Tool,zh,Chinese,qwen2.5-coder:7b,KDE无障碍工具,0.875
727,Grow by,zh,Chinese,qwen2.5-coder:7b,增长,0.545
728,Player 3:,zh,Chinese,qwen2.5-coder:7b,玩家3：,0.756
729,Telescope Control,zh,Chinese,qwen2.5-coder:7b,望远镜控制,0.858
730,Select Event,zh,Chinese,qwen2.5-coder:7b,选择事件,0.662
731,Content Fetcher,zh,Chinese,qwen2.5-coder:7b,内容获取器,0.794
732,Click to test notification,zh,Chinese,qwen2.5-coder:7b,点击测试通知,0.824
733,Find:,zh,Chinese,qwen2.5-coder:7b,查找：,0.604
734,Bricks,zh,Chinese,qwen2.5-coder:7b,砖块,0.613
735,Orange Filter,zh,Chinese,qwen2.5-coder:7b,橙色滤镜,0.819
736,Scan Preview,zh,Chinese,qwen2.5-coder:7b,扫描预览,0.746
737,Key signature,zh,Chinese,qwen2.5-coder:7b,关键签名,0.65
738,Sun Arrow shape,zh,Chinese,qwen2.5-coder:7b,太阳箭头形状,0.894
739,Invite,zh,Chinese,qwen2.5-coder:7b,邀请,0.503
740,OpenPGP-Sign...,zh,Chinese,qwen2.5-coder:7b,OpenPGP签名...,1.136
741,Network,zh,Chinese,qwen2.5-coder:7b,网络,0.486
742,Conditions,zh,Chinese,qwen2.5-coder:7b,条件,0.498
743,Positive Float,zh,Chinese,qwen2.5-coder:7b,正浮点数,0.881
744,Input file:,zh,Chinese,qwen2.5-coder:7b,输入文件：,0.761
745,Char,zh,Chinese,qwen2.5-coder:7b,字符,0.51
746,Southern Leyte,zh,Chinese,qwen2.5-coder:7b,菲律宾南部莱特省,1.018
747,KOffice Spreadsheet Application,zh,Chinese,qwen2.5-coder:7b,KOffice电子表格应用程序,1.028
748,Samba Shares,zh,Chinese,qwen2.5-coder:7b,Samba 共享文件夹,1.209
749,Perspective transform Tool,zh,Chinese,qwen2.5-coder:7b,透视变换工具,0.825
750,Minimum speed,zh,Chinese,qwen2.5-coder:7b,最低速度,0.676
751,User-Agent,zh,Chinese,qwen2.5-coder:7b,用户代理,0.665
752,Flatness:,zh,Chinese,qwen2.5-coder:7b,平整度：,0.735
753,Profile Version,zh,Chinese,qwen2.5-coder:7b,个人资料版本,0.745
754,Printer Added,zh,Chinese,qwen2.5-coder:7b,打印机已添加,0.723
755,for:,zh,Chinese,qwen2.5-coder:7b,“用于：”,0.783
756,patches,zh,Chinese,qwen2.5-coder:7b,补丁,0.609
757,New database,zh,Chinese,qwen2.5-coder:7b,新数据库,0.627
758,Read Usage,zh,Chinese,qwen2.5-coder:7b,阅读使用方法,0.722
759,Group member,zh,Chinese,qwen2.5-coder:7b,群组成员,0.77
760,Character,zh,Chinese,qwen2.5-coder:7b,角色,0.523
761,Received: %1,zh,Chinese,qwen2.5-coder:7b,收到: %1,0.895
762,Current year,zh,Chinese,qwen2.5-coder:7b,当前年份,0.728
763,Graph position,zh,Chinese,qwen2.5-coder:7b,图形位置,0.629
764,Shortcut name: n,zh,Chinese,qwen2.5-coder:7b,快捷方式名称: n,1.01
765,Domain-Specific,zh,Chinese,qwen2.5-coder:7b,特定领域,0.684
766,& Column Settings...,zh,Chinese,qwen2.5-coder:7b,列设置...,0.793
767,& Security,zh,Chinese,qwen2.5-coder:7b,& 安全,0.828
768,& Landscape,zh,Chinese,qwen2.5-coder:7b,& 地景,0.833
769,Stylesheet location:,zh,Chinese,qwen2.5-coder:7b,样式表位置：,0.923
770,Rewritable,zh,Chinese,qwen2.5-coder:7b,可重写的,0.747
771,& Scheme,zh,Chinese,qwen2.5-coder:7b,&方案,0.638
772,System Group:,zh,Chinese,qwen2.5-coder:7b,系统组：,0.813
773,Word Processing,zh,Chinese,qwen2.5-coder:7b,文字处理,0.668
774,Draw Venus?,zh,Chinese,qwen2.5-coder:7b,绘制金星？,0.852
775,Perspective grid,zh,Chinese,qwen2.5-coder:7b,透视网格,0.672
776,Carsten Burghardt (burghardt at kde org): Core developer,zh,Chinese,qwen2.5-coder:7b,卡尔森·伯格哈特（burghardt at kde org）：核心开发者,2.96
777,without name,zh,Chinese,qwen2.5-coder:7b,无名,0.656
778,Book Title,zh,Chinese,qwen2.5-coder:7b,书名,0.655
779,& Source name:,zh,Chinese,qwen2.5-coder:7b,源名称:,0.808
780,Current Track,zh,Chinese,qwen2.5-coder:7b,当前曲目,0.751
781,& No sources:,zh,Chinese,qwen2.5-coder:7b,& 没有源文件:,1.24
782,Quitting & knotes;,zh,Chinese,qwen2.5-coder:7b,退出 & knotes;,1.069
783,Article Source,zh,Chinese,qwen2.5-coder:7b,文章来源,0.663
784,ODP Files,zh,Chinese,qwen2.5-coder:7b,ODP 文件,0.772
785,Parallel Vertical,zh,Chinese,qwen2.5-coder:7b,平行垂直,0.63
786,Driver info:,zh,Chinese,qwen2.5-coder:7b,驱动信息：,0.715
787,Maximum Size,zh,Chinese,qwen2.5-coder:7b,最大尺寸,0.632
788,Online Services support,zh,Chinese,qwen2.5-coder:7b,在线服务支持,0.775
789,Group Chats in & kopete;,zh,Chinese,qwen2.5-coder:7b,Kopete 群聊,1.278
790,Free/ Busy,zh,Chinese,qwen2.5-coder:7b,空闲/忙碌,0.878
791,Location Toolbar,zh,Chinese,qwen2.5-coder:7b,位置工具栏,0.723
792,& File content:,zh,Chinese,qwen2.5-coder:7b,&文件内容:,0.853
793,rectMeanKineticEnergyVariance,zh,Chinese,qwen2.5-coder:7b,矩形平均动能方差,1.19
794,South-East,zh,Chinese,qwen2.5-coder:7b,东南,0.533
795,RadicalSelector,zh,Chinese,qwen2.5-coder:7b,激进选择器,0.863
796,The Board,zh,Chinese,qwen2.5-coder:7b,棋盘,0.614
797,Include *-version:,zh,Chinese,qwen2.5-coder:7b,包含 *-版本:,0.993
798,Enter Usemap,zh,Chinese,qwen2.5-coder:7b,输入使用图,0.79
799,Equality threshold:,zh,Chinese,qwen2.5-coder:7b,等式阈值：,0.948
800,Joliet Settings,zh,Chinese,qwen2.5-coder:7b,乔利特设置,0.917
801,Simulations,zh,Chinese,qwen2.5-coder:7b,模拟,0.545
802,Harpsichord,zh,Chinese,qwen2.5-coder:7b,大键琴,0.882
803,Linediff: A< - > B,zh,Chinese,qwen2.5-coder:7b,行差异: A< - > B,1.653
804,Word types,zh,Chinese,qwen2.5-coder:7b,词性,0.623
805,Unknown host.,zh,Chinese,qwen2.5-coder:7b,未知主机。,0.727
806,Main,zh,Chinese,qwen2.5-coder:7b,主界面,0.592
807,%1: does n't exists,zh,Chinese,qwen2.5-coder:7b,%1: 不存在,1.195
808,& Maximized,zh,Chinese,qwen2.5-coder:7b,& 最大化,0.892
809,Sunrise,zh,Chinese,qwen2.5-coder:7b,日出,0.657
810,Read-only,zh,Chinese,qwen2.5-coder:7b,只读,0.623
811,Fulltext Extractor,zh,Chinese,qwen2.5-coder:7b,全文提取器,0.826
812,Right To Left Language,zh,Chinese,qwen2.5-coder:7b,从右到左的语言,1.005
813,User & limit:,zh,Chinese,qwen2.5-coder:7b,用户 & 限制:,0.957
814,Adjustments,zh,Chinese,qwen2.5-coder:7b,调整,0.528
815,Find in Project,zh,Chinese,qwen2.5-coder:7b,在项目中查找,0.859
816,Arrival Turn,zh,Chinese,qwen2.5-coder:7b,到达转弯,0.688
817,Rating =,zh,Chinese,qwen2.5-coder:7b,评分 =,0.64
818,Inactive console,zh,Chinese,qwen2.5-coder:7b,不活动的控制台,0.935
819,Active,zh,Chinese,qwen2.5-coder:7b,激活,0.496
820,In use,zh,Chinese,qwen2.5-coder:7b,正在使用中,0.743
821,& File Output,zh,Chinese,qwen2.5-coder:7b,&文件输出,0.768
822,UADescription (Googlebot/ 2.1),zh,Chinese,qwen2.5-coder:7b,UADescription (Googlebot/ 2.1),1.994
823,Performance counters,zh,Chinese,qwen2.5-coder:7b,性能计数器,0.837
824,Aggregation,zh,Chinese,qwen2.5-coder:7b,聚合,0.531
825,& Delete item,zh,Chinese,qwen2.5-coder:7b,删除项目,0.673
826,Predefined process shape,zh,Chinese,qwen2.5-coder:7b,预定义流程形状,0.954
827,Collection Folders,zh,Chinese,qwen2.5-coder:7b,收藏夹,0.664
828,& Many sources:,zh,Chinese,qwen2.5-coder:7b,& 多个来源:,1.109
829,Action Date,zh,Chinese,qwen2.5-coder:7b,行动日期,0.698
830,Samba config file:,zh,Chinese,qwen2.5-coder:7b,Samba 配置文件：,1.202
831,Grid height,zh,Chinese,qwen2.5-coder:7b,网格高度,0.636
832,Angular step:,zh,Chinese,qwen2.5-coder:7b,Angular 步骤：,0.936
833,Instruction Sets,zh,Chinese,qwen2.5-coder:7b,指令集,0.641
834,2D Texture,zh,Chinese,qwen2.5-coder:7b,二维纹理,0.664
835,Storage Devices,zh,Chinese,qwen2.5-coder:7b,存储设备,0.615
836,& Brightness,zh,Chinese,qwen2.5-coder:7b,& 亮度,0.754
837,Folder & Properties,zh,Chinese,qwen2.5-coder:7b,文件夹属性,0.777
838,CMake & Binary:,zh,Chinese,qwen2.5-coder:7b,CMake & 二进制文件:,1.448
839,DarkSeaGreen1,zh,Chinese,qwen2.5-coder:7b,深海绿色1,0.928
840,KDE 1 preview,zh,Chinese,qwen2.5-coder:7b,KDE 1 预览,1.397
841,Track Information,zh,Chinese,qwen2.5-coder:7b,轨道信息,0.641
842,Where,zh,Chinese,qwen2.5-coder:7b,在何处,0.798
843,& Expiration Settings,zh,Chinese,qwen2.5-coder:7b,&过期设置,0.879
844,Ada support,zh,Chinese,qwen2.5-coder:7b,Ada支持,0.657
845,Network printer (%1),zh,Chinese,qwen2.5-coder:7b,网络打印机 (%1),1.013
846,& North,zh,Chinese,qwen2.5-coder:7b,& 北,0.741
847,Documentation copyright 2003:,zh,Chinese,qwen2.5-coder:7b,2003年文档版权:,1.437
848,Initial State,zh,Chinese,qwen2.5-coder:7b,初始状态,0.661
849,People you know,zh,Chinese,qwen2.5-coder:7b,你认识的人,0.799
850,searchpath,zh,Chinese,qwen2.5-coder:7b,搜索路径,0.627
851,15th Last,zh,Chinese,qwen2.5-coder:7b,倒数第15个,1.091
852,South-Korea,zh,Chinese,qwen2.5-coder:7b,韩国,0.583
853,Telephone number,zh,Chinese,qwen2.5-coder:7b,电话号码,0.616
854,User information,zh,Chinese,qwen2.5-coder:7b,用户信息,0.626
855,"1 Staple, parallel",zh,Chinese,qwen2.5-coder:7b,1 钉书机，平行,1.371
856,traditional,zh,Chinese,qwen2.5-coder:7b,传统,0.509
857,Save as %1,zh,Chinese,qwen2.5-coder:7b,保存为 %1,0.919
858,View with & Opera,zh,Chinese,qwen2.5-coder:7b,使用 &Opera 查看,1.067
859,& Print Canvas...,zh,Chinese,qwen2.5-coder:7b,& 打印画布...,1.214
860,Book name:,zh,Chinese,qwen2.5-coder:7b,书名：,0.813
861,Unmounting,zh,Chinese,qwen2.5-coder:7b,卸载,0.689
862,Minimum rate of death,zh,Chinese,qwen2.5-coder:7b,最低死亡率,0.891
863,Profile Pictures,zh,Chinese,qwen2.5-coder:7b,个人照片,0.682
864,CC Field Name,zh,Chinese,qwen2.5-coder:7b,CC 字段名称,0.945
865,Alternative,zh,Chinese,qwen2.5-coder:7b,替代方案,0.607
866,Quadrilateral,zh,Chinese,qwen2.5-coder:7b,四边形,0.777
867,Overdue,zh,Chinese,qwen2.5-coder:7b,逾期,0.538
868,Layer 2,zh,Chinese,qwen2.5-coder:7b,第二层,0.667
869,Start position:,zh,Chinese,qwen2.5-coder:7b,起始位置：,0.875
870,KDE Printing Management,zh,Chinese,qwen2.5-coder:7b,KDE 打印管理,1.158
871,User%,zh,Chinese,qwen2.5-coder:7b,用户%,0.613
872,Perspective 3D,zh,Chinese,qwen2.5-coder:7b,三维视角,0.742
873,Add Podcast...,zh,Chinese,qwen2.5-coder:7b,添加播客...,0.85
874,TIFF Properties,zh,Chinese,qwen2.5-coder:7b,TIFF 属性,0.887
875,Triadic,zh,Chinese,qwen2.5-coder:7b,三元组,0.738
876,Show Frame,zh,Chinese,qwen2.5-coder:7b,显示框架,0.639
877,channel admin,zh,Chinese,qwen2.5-coder:7b,频道管理员,0.643
878,Device Description,zh,Chinese,qwen2.5-coder:7b,设备描述,0.63
879,Draw labels,zh,Chinese,qwen2.5-coder:7b,绘制标签,0.673
880,Brush size:,zh,Chinese,qwen2.5-coder:7b,画笔大小：,0.843
881,Spanish (Guatemala),zh,Chinese,qwen2.5-coder:7b,西班牙语（危地马拉）,1.182
882,Tab Properties,zh,Chinese,qwen2.5-coder:7b,标签属性,0.663
883,Check Query,zh,Chinese,qwen2.5-coder:7b,检查查询,0.655
884,new_component,zh,Chinese,qwen2.5-coder:7b,新组件,0.635
885,Move Variable Up,zh,Chinese,qwen2.5-coder:7b,将变量上移,0.846
886,OpenGL mode:,zh,Chinese,qwen2.5-coder:7b,OpenGL 模式:,0.931
887,Time To,zh,Chinese,qwen2.5-coder:7b,时间到,0.652
888,Follow,zh,Chinese,qwen2.5-coder:7b,跟随,0.491
889,Environment Variables,zh,Chinese,qwen2.5-coder:7b,环境变量,0.612
890,Phone costs:,zh,Chinese,qwen2.5-coder:7b,手机费用：,0.729
891,OpenGL information,zh,Chinese,qwen2.5-coder:7b,OpenGL 信息,0.727
892,Help & with %1,zh,Chinese,qwen2.5-coder:7b,帮助 & %1,0.909
893,No other,zh,Chinese,qwen2.5-coder:7b,没有其他,0.634
894,Oxygen,zh,Chinese,qwen2.5-coder:7b,氧气,0.56
895,Filename Layout Chooser,zh,Chinese,qwen2.5-coder:7b,文件名布局选择器,0.96
896,Label Size,zh,Chinese,qwen2.5-coder:7b,标签大小,0.627
897,Username & level:,zh,Chinese,qwen2.5-coder:7b,用户名 & 等级:,1.146
898,Dialing speed (sec/ 100):,zh,Chinese,qwen2.5-coder:7b,拨号速度（秒/100）：,1.956
899,Project Sources,zh,Chinese,qwen2.5-coder:7b,项目源代码,0.752
900,playing,zh,Chinese,qwen2.5-coder:7b,正在播放,0.604
901,Songwriter:,zh,Chinese,qwen2.5-coder:7b,作曲家:,0.809
902,Group Box,zh,Chinese,qwen2.5-coder:7b,组框,0.634
903,Domain Guests,zh,Chinese,qwen2.5-coder:7b,域名访客,0.732
904,Closed Items,zh,Chinese,qwen2.5-coder:7b,已关闭的事项,0.879
905,Preparation Method:,zh,Chinese,qwen2.5-coder:7b,准备方法：,0.778
906,Paid from,zh,Chinese,qwen2.5-coder:7b,付款来源,0.843
907,Element symbols,zh,Chinese,qwen2.5-coder:7b,元素符号,0.675
908,sent-mail,zh,Chinese,qwen2.5-coder:7b,已发送邮件,0.785
909,Source file access,zh,Chinese,qwen2.5-coder:7b,源文件访问,0.778
910,New%1,zh,Chinese,qwen2.5-coder:7b,新%1,0.769
911,Filename: %1,zh,Chinese,qwen2.5-coder:7b,文件名: %1,0.994
912,Playback Settings,zh,Chinese,qwen2.5-coder:7b,播放设置,0.627
913,24 Cards,zh,Chinese,qwen2.5-coder:7b,24张卡片,0.86
914,DVD device:,zh,Chinese,qwen2.5-coder:7b,DVD 设备：,0.871
915,½ (#189;) Fraction one-half,zh,Chinese,qwen2.5-coder:7b,一半 (1/2),1.314
916,Mouse Navigation,zh,Chinese,qwen2.5-coder:7b,鼠标导航,0.644
917,By & Date,zh,Chinese,qwen2.5-coder:7b,按日期,0.681
918,Percent Format,zh,Chinese,qwen2.5-coder:7b,百分比格式,0.76
919,pppd version:,zh,Chinese,qwen2.5-coder:7b,pppd 版本:,1.168
920,Translucency,zh,Chinese,qwen2.5-coder:7b,透明度,0.695
921,Output Settings,zh,Chinese,qwen2.5-coder:7b,输出设置,0.634
922,Mouseposition: X: Y,zh,Chinese,qwen2.5-coder:7b,鼠标位置：X: Y,1.156
923,Master Document,zh,Chinese,qwen2.5-coder:7b,主文档,0.635
924,Acl compatibility:,zh,Chinese,qwen2.5-coder:7b,ACL 兼容性：,1.047
925,KTouch Keyboard Editor - %1 %2,zh,Chinese,qwen2.5-coder:7b,KTouch 键盘编辑器 - %1 %2,1.959
926,Gather*,zh,Chinese,qwen2.5-coder:7b,收集*,0.678
927,Compression:,zh,Chinese,qwen2.5-coder:7b,压缩:,0.624
928,total,zh,Chinese,qwen2.5-coder:7b,总数,0.508
929,Systemsettings,zh,Chinese,qwen2.5-coder:7b,系统设置,0.652
930,Steering,zh,Chinese,qwen2.5-coder:7b,转向,0.552
931,& Keep menu open,zh,Chinese,qwen2.5-coder:7b,保持菜单打开,0.847
932,Default language:,zh,Chinese,qwen2.5-coder:7b,默认语言:,0.775
933,Group Sections,zh,Chinese,qwen2.5-coder:7b,分组部分,0.741
934,Wind direction,zh,Chinese,qwen2.5-coder:7b,风向,0.638
935,Australia/ Queensland,zh,Chinese,qwen2.5-coder:7b,澳大利亚/昆士兰州,1.032
936,Colour Depth,zh,Chinese,qwen2.5-coder:7b,颜色深度,0.646
937,Prepunched,zh,Chinese,qwen2.5-coder:7b,预冲孔,0.783
938,Password Checking,zh,Chinese,qwen2.5-coder:7b,密码检查,0.63
939,Exposure mode:,zh,Chinese,qwen2.5-coder:7b,曝光模式：,0.768
940,Function Profile,zh,Chinese,qwen2.5-coder:7b,功能概览,0.764
941,APS Driver (%1),zh,Chinese,qwen2.5-coder:7b,APS 驱动 (%1),1.278
942,Gold,zh,Chinese,qwen2.5-coder:7b,黄金,0.51
943,& Remote:,zh,Chinese,qwen2.5-coder:7b,& 远程:,0.904
944,31st Last,zh,Chinese,qwen2.5-coder:7b,31日最后,0.961
945,Timelines Configuration,zh,Chinese,qwen2.5-coder:7b,时间线配置,0.804
946,& female,zh,Chinese,qwen2.5-coder:7b,& 女性,0.946
947,Banner Selection,zh,Chinese,qwen2.5-coder:7b,横幅选择,0.757
948,Project Name,zh,Chinese,qwen2.5-coder:7b,项目名称,0.622
949,User/ Pass:,zh,Chinese,qwen2.5-coder:7b,用户名/ 密码:,1.06
950,& Mail action:,zh,Chinese,qwen2.5-coder:7b,&邮件操作：,0.859
951,Keyboard Mode,zh,Chinese,qwen2.5-coder:7b,键盘模式,0.673
952,Cisco - Workgroup director,zh,Chinese,qwen2.5-coder:7b,Cisco - 工作组主管,1.286
953,Processor Information,zh,Chinese,qwen2.5-coder:7b,处理器信息,0.665
954,User Info,zh,Chinese,qwen2.5-coder:7b,用户信息,0.638
955,with %2,zh,Chinese,qwen2.5-coder:7b,带有 %2,0.773
956,Center,zh,Chinese,qwen2.5-coder:7b,居中,0.589
957,Yesterday,zh,Chinese,qwen2.5-coder:7b,昨天,0.492
958,Immediate,zh,Chinese,qwen2.5-coder:7b,立即,0.49
959,Newsticker Configuration Dialog,zh,Chinese,qwen2.5-coder:7b,新闻滚动条配置对话框,1.124
960,Service currently unavailable,zh,Chinese,qwen2.5-coder:7b,服务当前不可用,0.862
961,Qt-SQL Source (single table),zh,Chinese,qwen2.5-coder:7b,Qt-SQL 源（单表）,1.694
962,Date Range,zh,Chinese,qwen2.5-coder:7b,日期范围,0.628
963,Uncategorized Albums,zh,Chinese,qwen2.5-coder:7b,未分类的专辑,0.854
964,Form design,zh,Chinese,qwen2.5-coder:7b,表单设计,0.719
965,Common,zh,Chinese,qwen2.5-coder:7b,常见,0.516
966,Cabri figure,zh,Chinese,qwen2.5-coder:7b,卡比图形,0.97
967,Pacific/ Fakaofo,zh,Chinese,qwen2.5-coder:7b,太平洋/法卡福岛,1.149
968,PERT duration variance: %1,zh,Chinese,qwen2.5-coder:7b,PERT持续时间方差: %1,1.396
969,Printing...,zh,Chinese,qwen2.5-coder:7b,打印中...,0.705
970,Headphone,zh,Chinese,qwen2.5-coder:7b,耳机,0.562
971,Base font size:,zh,Chinese,qwen2.5-coder:7b,基础字体大小：,0.854
972,Power Management,zh,Chinese,qwen2.5-coder:7b,电源管理,0.619
973,Shear X,zh,Chinese,qwen2.5-coder:7b,剪切 X,0.752
974,Under-water,zh,Chinese,qwen2.5-coder:7b,水下,0.644
975,Assorted,zh,Chinese,qwen2.5-coder:7b,杂项,0.623
976,Output Destination,zh,Chinese,qwen2.5-coder:7b,输出目标,0.632
977,Restitution:,zh,Chinese,qwen2.5-coder:7b,赔偿：,0.651
978,"2 Staples, parallel",zh,Chinese,qwen2.5-coder:7b,2 钉子，平行,1.217
979,Remove project,zh,Chinese,qwen2.5-coder:7b,移除项目,0.748
980,Breath Noise,zh,Chinese,qwen2.5-coder:7b,呼吸噪音,0.662
981,Short Moves,zh,Chinese,qwen2.5-coder:7b,短移动,0.624
982,pattern,zh,Chinese,qwen2.5-coder:7b,模式,0.49
983,RightImg,zh,Chinese,qwen2.5-coder:7b,右图,0.616
984,Icon Change,zh,Chinese,qwen2.5-coder:7b,图标更改,0.649
985,Delete Script,zh,Chinese,qwen2.5-coder:7b,删除脚本,0.755
986,nothing,zh,Chinese,qwen2.5-coder:7b,什么都没有,0.589
987,AVI Video Player,zh,Chinese,qwen2.5-coder:7b,AVI 视频播放器,1.177
988,Elliptical Selection,zh,Chinese,qwen2.5-coder:7b,椭圆选择,0.784
989,& Host Game...,zh,Chinese,qwen2.5-coder:7b,& 主机游戏...,0.991
990,Pop Up Completion List,zh,Chinese,qwen2.5-coder:7b,弹出完成列表,0.992
991,Password Protection,zh,Chinese,qwen2.5-coder:7b,密码保护,0.679
992,Start pattern,zh,Chinese,qwen2.5-coder:7b,开始模式,0.646
993,Area:,zh,Chinese,qwen2.5-coder:7b,面积:,0.603
994,Layout direction,zh,Chinese,qwen2.5-coder:7b,布局方向,0.627
995,Is new:,zh,Chinese,qwen2.5-coder:7b,是否有新版本:,0.918
996,Volume Values:,zh,Chinese,qwen2.5-coder:7b,音量值：,0.846
997,Rectangular Selection,zh,Chinese,qwen2.5-coder:7b,矩形选择,0.762
998,Limitations,zh,Chinese,qwen2.5-coder:7b,限制,0.524
999,Shift width:,zh,Chinese,qwen2.5-coder:7b,Shift 宽度:,1.009
1000,& Reply...,zh,Chinese,qwen2.5-coder:7b,&回复...,0.724
1001,Key characters,zh,Chinese,qwen2.5-coder:7b,关键字符,0.67
1002,mean,zh,Chinese,qwen2.5-coder:7b,平均值,0.841
1003,Mesh density,zh,Chinese,qwen2.5-coder:7b,网格密度,0.65
1004,& Authentication Method,zh,Chinese,qwen2.5-coder:7b,&认证方法,0.785
1005,Panning slider,zh,Chinese,qwen2.5-coder:7b,平移滑块,0.905
1006,Animation Speed,zh,Chinese,qwen2.5-coder:7b,动画速度,0.658
1007,Attendees:,zh,Chinese,qwen2.5-coder:7b,参会者：,0.735
1008,Brokerage,zh,Chinese,qwen2.5-coder:7b,经纪公司,0.631
1009,"The path to the program ""grep""",zh,Chinese,qwen2.5-coder:7b,"程序 ""grep"" 的路径",1.236
1010,kdetv Panel Extension,zh,Chinese,qwen2.5-coder:7b,KDE TV 面板扩展,1.392
1011,Volume off/ low/ high:,zh,Chinese,qwen2.5-coder:7b,音量关/低/高:,1.415
1012,22.345 Inv IntDiv 8 = also gives 2,zh,Chinese,qwen2.5-coder:7b,22.345 除以 8 = 也得到 2,2.708
1013,Mount point (/ mnt/ floppy):,zh,Chinese,qwen2.5-coder:7b,挂载点 (/mnt/软盘):,1.576
1014,No Side Border,zh,Chinese,qwen2.5-coder:7b,无侧边框,0.868
1015,Operation Settings,zh,Chinese,qwen2.5-coder:7b,操作设置,0.629
1016,Engaging DAO,zh,Chinese,qwen2.5-coder:7b,互动DAO,0.861
1017,A4 (Small),zh,Chinese,qwen2.5-coder:7b,A4（小）,1.034
1018,choice-add,zh,Chinese,qwen2.5-coder:7b,选择添加,0.629
1019,Unnamed plugin,zh,Chinese,qwen2.5-coder:7b,未命名插件,0.835
1020,System Error,zh,Chinese,qwen2.5-coder:7b,系统错误,0.624
1021,Encrypt,zh,Chinese,qwen2.5-coder:7b,加密,0.488
1022,Subdivisions:,zh,Chinese,qwen2.5-coder:7b,子区域：,0.778
1023,Server Root Location: /,zh,Chinese,qwen2.5-coder:7b,服务器根目录: /,1.016
1024,Time & Date,zh,Chinese,qwen2.5-coder:7b,时间 & 日期,0.867
1025,& Graph,zh,Chinese,qwen2.5-coder:7b,& 图表,0.827
1026,End record:,zh,Chinese,qwen2.5-coder:7b,结束记录：,0.765
1027,KDE User Editor,zh,Chinese,qwen2.5-coder:7b,KDE 用户编辑器,1.067
1028,& Document Properties,zh,Chinese,qwen2.5-coder:7b,&文档属性,0.805
1029,Where & lt; OPTION_NAMEgt; can be either,zh,Chinese,qwen2.5-coder:7b,&lt;OPTION_NAME&gt; 可以是,2.097
1030,IPP Printer Information,zh,Chinese,qwen2.5-coder:7b,IPP 打印机信息,1.119
1031,& Force Dump,zh,Chinese,qwen2.5-coder:7b,& 强制转储,1.09
1032,Document Class Selection - \\documentclass{},zh,Chinese,qwen2.5-coder:7b,文档类选择 - \\documentclass{},1.551
1033,Boot Manager (LILO),zh,Chinese,qwen2.5-coder:7b,启动管理器（LILO）,1.242
1034,SearchFile,zh,Chinese,qwen2.5-coder:7b,搜索文件,0.668
1035,Image Information,zh,Chinese,qwen2.5-coder:7b,图像信息,0.666
1036,Copy Item To...,zh,Chinese,qwen2.5-coder:7b,将项目复制到...,0.977
1037,Frame Stack,zh,Chinese,qwen2.5-coder:7b,帧堆栈,0.718
1038,Vocabulary,zh,Chinese,qwen2.5-coder:7b,词汇表,0.617
1039,& File name:,zh,Chinese,qwen2.5-coder:7b,文件名：,0.818
1040,Image file names,zh,Chinese,qwen2.5-coder:7b,图片文件名,0.811
1041,Gravity (GL),zh,Chinese,qwen2.5-coder:7b,重力 (GL),0.966
1042,Rewind,zh,Chinese,qwen2.5-coder:7b,倒退,0.628
1043,Max depth,zh,Chinese,qwen2.5-coder:7b,最大深度,0.689
1044,Previous Slide,zh,Chinese,qwen2.5-coder:7b,上一页,0.665
1045,& Length,zh,Chinese,qwen2.5-coder:7b,长度,0.554
1046,New Country,zh,Chinese,qwen2.5-coder:7b,新国家,0.681
1047,Avoidance,zh,Chinese,qwen2.5-coder:7b,避免,0.535
1048,Display field code,zh,Chinese,qwen2.5-coder:7b,显示字段代码,0.786
1049,Category Hard,zh,Chinese,qwen2.5-coder:7b,类别 困难,0.881
1050,& Print poster,zh,Chinese,qwen2.5-coder:7b,打印海报,0.672
1051,of J. Awal,zh,Chinese,qwen2.5-coder:7b,J. Awal,0.963
1052,Configuration options for & ktouch;,zh,Chinese,qwen2.5-coder:7b,& ktouch; 的配置选项,1.287
1053,Excluded,zh,Chinese,qwen2.5-coder:7b,排除,0.567
1054,a chart,zh,Chinese,qwen2.5-coder:7b,一个图表,0.679
1055,New profile wizard OpenVPN,zh,Chinese,qwen2.5-coder:7b,新建配置文件向导 OpenVPN,1.373
1056,View Profiles,zh,Chinese,qwen2.5-coder:7b,查看个人资料,0.834
1057,Track Width:,zh,Chinese,qwen2.5-coder:7b,轨道宽度：,0.768
1058,Total time of activity,zh,Chinese,qwen2.5-coder:7b,活动总时间,0.857
1059,Issuer,zh,Chinese,qwen2.5-coder:7b,发卡行,0.718
1060,immediate mode,zh,Chinese,qwen2.5-coder:7b,立即模式,0.692
1061,Safety level,zh,Chinese,qwen2.5-coder:7b,安全级别,0.673
1062,Bit rate,zh,Chinese,qwen2.5-coder:7b,比特率,0.655
1063,Available Plugins,zh,Chinese,qwen2.5-coder:7b,可用插件,0.749
1064,Chinese VCD3.0 track interpretation,zh,Chinese,qwen2.5-coder:7b,中文VCD3.0轨道解释,1.49
1065,Extinction:,zh,Chinese,qwen2.5-coder:7b,灭绝：,0.756
1066,rectParticleCount,zh,Chinese,qwen2.5-coder:7b,矩形粒子数量,0.851
1067,Boolean or,zh,Chinese,qwen2.5-coder:7b,布尔或,0.643
1068,Relationships,zh,Chinese,qwen2.5-coder:7b,关系,0.534
1069,Spreadsheets,zh,Chinese,qwen2.5-coder:7b,电子表格,0.687
1070,Cisco VPN profile,zh,Chinese,qwen2.5-coder:7b,Cisco VPN配置文件,0.879
1071,Blue Heading,zh,Chinese,qwen2.5-coder:7b,蓝色标题,0.64
1072,Color filters,zh,Chinese,qwen2.5-coder:7b,颜色滤镜,0.728
1073,Copy Folder To...,zh,Chinese,qwen2.5-coder:7b,将文件夹复制到...,1.049
1074,Refresh Rate,zh,Chinese,qwen2.5-coder:7b,刷新率,0.63
1075,Application Options,zh,Chinese,qwen2.5-coder:7b,应用程序选项,0.634
1076,Data,zh,Chinese,qwen2.5-coder:7b,数据,0.501
1077,Close...,zh,Chinese,qwen2.5-coder:7b,关闭...,0.603
1078,Home Address Street,zh,Chinese,qwen2.5-coder:7b,家庭地址街道,0.757
1079,A window! What now?,zh,Chinese,qwen2.5-coder:7b,一个窗口！现在怎么办？,1.113
1080,Tokens,zh,Chinese,qwen2.5-coder:7b,令牌,0.515
1081,Members,zh,Chinese,qwen2.5-coder:7b,成员,0.503
1082,Using & ktouch;,zh,Chinese,qwen2.5-coder:7b,使用 & ktouch;,1.059
1083,Seed radius,zh,Chinese,qwen2.5-coder:7b,种子半径,0.741
1084,Security Level,zh,Chinese,qwen2.5-coder:7b,安全级别,0.648
1085,Tantalum,zh,Chinese,qwen2.5-coder:7b,钽,0.574
1086,west & central Borneo,zh,Chinese,qwen2.5-coder:7b,西马来西亚,0.776
1087,& Properties,zh,Chinese,qwen2.5-coder:7b,&属性,0.642
1088,Black & & White,zh,Chinese,qwen2.5-coder:7b,黑白,0.652
1089,10th Last,zh,Chinese,qwen2.5-coder:7b,倒数第十个,0.959
1090,Custom Brush,zh,Chinese,qwen2.5-coder:7b,自定义画笔,0.864
1091,SMB shared printer (Windows),zh,Chinese,qwen2.5-coder:7b,SMB 共享打印机（Windows）,1.491
1092,Flute,zh,Chinese,qwen2.5-coder:7b,笛子,0.65
1093,C Major,zh,Chinese,qwen2.5-coder:7b,C 大调,0.864
1094,Shortcut name: down,zh,Chinese,qwen2.5-coder:7b,快捷方式名称: 下,0.988
1095,PPT Files,zh,Chinese,qwen2.5-coder:7b,PPT文件,0.788
1096,Sold,zh,Chinese,qwen2.5-coder:7b,已售出,0.709
1097,Added,zh,Chinese,qwen2.5-coder:7b,已添加,0.604
1098,torqueVariance,zh,Chinese,qwen2.5-coder:7b,扭矩方差,0.794
1099,Change logo...,zh,Chinese,qwen2.5-coder:7b,更改标志...,0.728
1100,ColorSmart Graphics,zh,Chinese,qwen2.5-coder:7b,色智图形,0.765
1101,Unknown host,zh,Chinese,qwen2.5-coder:7b,未知主机,0.671
1102,OpenGL Imageviewer,zh,Chinese,qwen2.5-coder:7b,OpenGL 图像查看器,0.984
1103,& Log message:,zh,Chinese,qwen2.5-coder:7b,日志消息:,0.882
1104,Window height,zh,Chinese,qwen2.5-coder:7b,窗口高度,0.71
1105,Show the file system,zh,Chinese,qwen2.5-coder:7b,显示文件系统,0.817
1106,90 degree rotation speed,zh,Chinese,qwen2.5-coder:7b,90度旋转速度,1.024
1107,print() takes one argument,zh,Chinese,qwen2.5-coder:7b,print() 接受一个参数,1.264
1108,Domain component,zh,Chinese,qwen2.5-coder:7b,域名组件,0.638
1109,& Size limit (KB):,zh,Chinese,qwen2.5-coder:7b,& 大小限制 (KB):,1.386
1110,Transactions,zh,Chinese,qwen2.5-coder:7b,交易,0.528
1111,Considerations When Building,zh,Chinese,qwen2.5-coder:7b,构建时的注意事项,1.117
1112,Plugin for KSpread,zh,Chinese,qwen2.5-coder:7b,KSpread 插件,1.008
1113,Explosion decay,zh,Chinese,qwen2.5-coder:7b,爆炸衰变,0.755
1114,Crisp,zh,Chinese,qwen2.5-coder:7b,清脆,0.663
1115,management,zh,Chinese,qwen2.5-coder:7b,管理,0.511
1116,pppd kernel log level:,zh,Chinese,qwen2.5-coder:7b,pppd 内核日志级别:,1.556
1117,CD Device,zh,Chinese,qwen2.5-coder:7b,CD 设备,0.747
1118,Finish-Finish,zh,Chinese,qwen2.5-coder:7b,完成-完成,0.788
1119,Input Levels,zh,Chinese,qwen2.5-coder:7b,输入级别,0.631
1120,Using & kbattleship;,zh,Chinese,qwen2.5-coder:7b,使用 & kbattleship;,1.124
1121,EndTime,zh,Chinese,qwen2.5-coder:7b,结束时间,0.579
1122,Driver,zh,Chinese,qwen2.5-coder:7b,驱动程序,0.617
1123,Brazil/ Acre,zh,Chinese,qwen2.5-coder:7b,巴西/亚马逊,0.795
1124,String List,zh,Chinese,qwen2.5-coder:7b,字符串列表,0.621
1125,Cote D'Ivoire,zh,Chinese,qwen2.5-coder:7b,科特迪瓦,0.948
1126,The Window Menu,zh,Chinese,qwen2.5-coder:7b,窗口菜单,0.688
1127,Australia/ Brisbane,zh,Chinese,qwen2.5-coder:7b,澳大利亚/布里斯班,1.011
1128,Current Mixer,zh,Chinese,qwen2.5-coder:7b,当前混音器,0.848
1129,Phosgene,zh,Chinese,qwen2.5-coder:7b,光气,0.686
1130,Wind speed,zh,Chinese,qwen2.5-coder:7b,风速,0.634
1131,Could not read %1.,zh,Chinese,qwen2.5-coder:7b,无法读取 %1。,1.161
1132,Plot Area,zh,Chinese,qwen2.5-coder:7b,绘图区域,0.736
1133,Areas,zh,Chinese,qwen2.5-coder:7b,区域,0.497
1134,Not used.,zh,Chinese,qwen2.5-coder:7b,未使用。,0.721
1135,Main Application Interface,zh,Chinese,qwen2.5-coder:7b,主应用程序界面,0.766
1136,Drag location,zh,Chinese,qwen2.5-coder:7b,拖动位置,0.728
1137,Draw Jupiter?,zh,Chinese,qwen2.5-coder:7b,绘制木星？,0.887
1138,Access Permissions:,zh,Chinese,qwen2.5-coder:7b,访问权限：,0.751
1139,Correct answer,zh,Chinese,qwen2.5-coder:7b,正确答案,0.646
1140,Browse order,zh,Chinese,qwen2.5-coder:7b,浏览订单,0.655
1141,By Date,zh,Chinese,qwen2.5-coder:7b,按日期排序,0.735
1142,Older,zh,Chinese,qwen2.5-coder:7b,较旧的,0.744
1143,& Advanced,zh,Chinese,qwen2.5-coder:7b,高级 &,0.626
1144,Position: %1,zh,Chinese,qwen2.5-coder:7b,位置: %1,0.944
1145,Interrupt,zh,Chinese,qwen2.5-coder:7b,中断,0.49
1146,Attendee,zh,Chinese,qwen2.5-coder:7b,参会者,0.604
1147,Hangul Compatibility Jamo,zh,Chinese,qwen2.5-coder:7b,韩文兼容音节,1.017
1148,Asia/ Pyongyang,zh,Chinese,qwen2.5-coder:7b,亚洲/平壤,0.877
1149,Keyboard Layout:,zh,Chinese,qwen2.5-coder:7b,键盘布局:,0.725
1150,Billing information:,zh,Chinese,qwen2.5-coder:7b,账单信息：,0.825
1151,Game Solve,zh,Chinese,qwen2.5-coder:7b,游戏解决,0.631
1152,"GUI design, channel plugins",zh,Chinese,qwen2.5-coder:7b,GUI设计，频道插件,1.119
1153,Search line,zh,Chinese,qwen2.5-coder:7b,搜索行,0.643
1154,Visibility Level,zh,Chinese,qwen2.5-coder:7b,可见性级别,0.733
1155,To & Today,zh,Chinese,qwen2.5-coder:7b,到今天,0.682
1156,All dates,zh,Chinese,qwen2.5-coder:7b,所有日期,0.635
1157,Testbed,zh,Chinese,qwen2.5-coder:7b,测试床,0.613
1158,& Ctrl; Shift; Arrow keys,zh,Chinese,qwen2.5-coder:7b,& Ctrl; Shift; 方向键,1.549
1159,Asia/ Ashkhabad,zh,Chinese,qwen2.5-coder:7b,亚洲/阿什哈巴德,1.336
1160,Comic Strip,zh,Chinese,qwen2.5-coder:7b,漫画,0.539
1161,Sell,zh,Chinese,qwen2.5-coder:7b,销售,0.487
1162,System Tray,zh,Chinese,qwen2.5-coder:7b,系统托盘,0.733
1163,Activity Diagram Shapes,zh,Chinese,qwen2.5-coder:7b,活动图形状,0.767
1164,forward (fw),zh,Chinese,qwen2.5-coder:7b,前进 (前进),0.844
1165,Plural,zh,Chinese,qwen2.5-coder:7b,复数,0.624
1166,Remove IPTC...,zh,Chinese,qwen2.5-coder:7b,移除 IPTC...,0.986
1167,of October,zh,Chinese,qwen2.5-coder:7b,十月,0.553
1168,Calibration,zh,Chinese,qwen2.5-coder:7b,校准,0.64
1169,Explain modes,zh,Chinese,qwen2.5-coder:7b,解释模式,0.653
1170,Coin Collection,zh,Chinese,qwen2.5-coder:7b,硬币收藏,0.736
1171,Undefined Recipient Type,zh,Chinese,qwen2.5-coder:7b,未定义的收件人类型,1.256
1172,Canceled,zh,Chinese,qwen2.5-coder:7b,已取消,0.606
1173,& Use SSL,zh,Chinese,qwen2.5-coder:7b,& 使用 SSL,0.773
1174,Open the New Tab Page,zh,Chinese,qwen2.5-coder:7b,打开新标签页,0.959
1175,How to obtain & kget;,zh,Chinese,qwen2.5-coder:7b,如何获取 & kget;,1.152
1176,arc seconds,zh,Chinese,qwen2.5-coder:7b,弧秒,0.642
1177,Double Line,zh,Chinese,qwen2.5-coder:7b,双线,0.626
1178,Subject line,zh,Chinese,qwen2.5-coder:7b,主题行,0.612
1179,Middle:,zh,Chinese,qwen2.5-coder:7b,中间：,0.596
1180,Repeatable.,zh,Chinese,qwen2.5-coder:7b,可重复的。,0.844
1181,Show & year,zh,Chinese,qwen2.5-coder:7b,显示 & 年,0.916
1182,(no function),zh,Chinese,qwen2.5-coder:7b,(无功能),0.893
1183,Delete Item,zh,Chinese,qwen2.5-coder:7b,删除项目,0.673
1184,Samba domain name,zh,Chinese,qwen2.5-coder:7b,Samba 域名,1.1
1185,Icons view mode,zh,Chinese,qwen2.5-coder:7b,图标视图模式,0.907
1186,Add as & Attachment,zh,Chinese,qwen2.5-coder:7b,添加为附件,0.824
1187,Air for netbooks,zh,Chinese,qwen2.5-coder:7b,笔记本电脑用网,0.916
1188,Print Density,zh,Chinese,qwen2.5-coder:7b,打印密度,0.646
1189,Forecast,zh,Chinese,qwen2.5-coder:7b,天气预报,0.594
1190,& Titlebar Actions,zh,Chinese,qwen2.5-coder:7b,& 标题栏操作,1.184
1191,TimeTunnel,zh,Chinese,qwen2.5-coder:7b,时间隧道,0.723
1192,Kile Project Files,zh,Chinese,qwen2.5-coder:7b,Kile 项目文件,1.019
1193,Delete Tracks,zh,Chinese,qwen2.5-coder:7b,删除轨道,0.634
1194,Subject Field,zh,Chinese,qwen2.5-coder:7b,主题字段,0.629
1195,Add Tracker,zh,Chinese,qwen2.5-coder:7b,添加追踪器,0.716
1196,Text Selection,zh,Chinese,qwen2.5-coder:7b,文本选择,0.655
1197,Minimum movement:,zh,Chinese,qwen2.5-coder:7b,最小移动：,0.756
1198,Battery:,zh,Chinese,qwen2.5-coder:7b,电池:,0.601
1199,KDE Poker Game,zh,Chinese,qwen2.5-coder:7b,KDE扑克游戏,0.911
1200,Network failure.,zh,Chinese,qwen2.5-coder:7b,网络故障。,0.771
1201,Key Pressed Interaction,zh,Chinese,qwen2.5-coder:7b,按键交互,0.728
1202,Process Query,zh,Chinese,qwen2.5-coder:7b,查询处理,0.651
1203,Municipalities,zh,Chinese,qwen2.5-coder:7b,城市,0.599
1204,Accepted EULA,zh,Chinese,qwen2.5-coder:7b,已接受EULA,0.87
1205,Node Color:,zh,Chinese,qwen2.5-coder:7b,节点颜色：,0.775
1206,Mounting,zh,Chinese,qwen2.5-coder:7b,挂载,0.691
1207,The file $HOME /. cvsignore.,zh,Chinese,qwen2.5-coder:7b,文件 $HOME/.cvsignore。,1.468
1208,16 bits color depth,zh,Chinese,qwen2.5-coder:7b,16位颜色深度,1.023
1209,Segment,zh,Chinese,qwen2.5-coder:7b,段落,0.607
1210,GPG User ID (deprecated),zh,Chinese,qwen2.5-coder:7b,GPG 用户 ID（已弃用）,1.486
1211,Gradient:,zh,Chinese,qwen2.5-coder:7b,渐变:,0.721
1212,Mount Command,zh,Chinese,qwen2.5-coder:7b,挂载命令,0.757
1213,Transfer List,zh,Chinese,qwen2.5-coder:7b,转账列表,0.644
1214,Version Error,zh,Chinese,qwen2.5-coder:7b,版本错误,0.669
1215,Text-to-Speech Manager,zh,Chinese,qwen2.5-coder:7b,文本转语音管理器,1.119
1216,Network settings,zh,Chinese,qwen2.5-coder:7b,网络设置,0.65
1217,Suspended,zh,Chinese,qwen2.5-coder:7b,暂停,0.551
1218,Previous Unread & Message,zh,Chinese,qwen2.5-coder:7b,上一条未读消息,1.046
1219,Watched,zh,Chinese,qwen2.5-coder:7b,已观看,0.622
1220,"(c) 1997-2009, KDE PIM Developers",zh,Chinese,qwen2.5-coder:7b,"© 1997-2009, KDE PIM 开发者",2.706
1221,Max size:,zh,Chinese,qwen2.5-coder:7b,最大大小：,0.794
1222,Resolution:,zh,Chinese,qwen2.5-coder:7b,分辨率:,0.63
1223,Grade:,zh,Chinese,qwen2.5-coder:7b,年级:,0.611
1224,& Query message:,zh,Chinese,qwen2.5-coder:7b,查询消息:,0.765
1225,EXIF Actions,zh,Chinese,qwen2.5-coder:7b,EXIF 操作,0.877
1226,Schedule,zh,Chinese,qwen2.5-coder:7b,日程安排,0.693
1227,& Duration,zh,Chinese,qwen2.5-coder:7b,&持续时间,0.728
1228,Subtitle PID:,zh,Chinese,qwen2.5-coder:7b,字幕PID:,0.907
1229,Computer Player,zh,Chinese,qwen2.5-coder:7b,计算机玩家,0.654
1230,"Path to ""setkey"":",zh,Chinese,qwen2.5-coder:7b,设置路径:,0.943
1231,Accuracy,zh,Chinese,qwen2.5-coder:7b,准确性,0.488
1232,Counterclockwise,zh,Chinese,qwen2.5-coder:7b,逆时针,0.791
1233,Identity Settings,zh,Chinese,qwen2.5-coder:7b,身份设置,0.662
1234,Does NOT Contain,zh,Chinese,qwen2.5-coder:7b,不包含,0.701
1235,Choose Pixmap,zh,Chinese,qwen2.5-coder:7b,选择位图,0.75
1236,Expression base:,zh,Chinese,qwen2.5-coder:7b,表达式基础：,0.828
1237,Animation speed:,zh,Chinese,qwen2.5-coder:7b,动画速度：,0.727
1238,SAM System-Administration,zh,Chinese,qwen2.5-coder:7b,SAM 系统-系统管理,1.161
1239,& Delete Tag...,zh,Chinese,qwen2.5-coder:7b,删除标签...,0.78
1240,rowLayout,zh,Chinese,qwen2.5-coder:7b,行布局,0.687
1241,Instance,zh,Chinese,qwen2.5-coder:7b,实例,0.536
1242,Associations,zh,Chinese,qwen2.5-coder:7b,协会,0.743
1243,Landscape,zh,Chinese,qwen2.5-coder:7b,风景,0.542
1244,Wins,zh,Chinese,qwen2.5-coder:7b,胜利,0.514
1245,Recipe Name,zh,Chinese,qwen2.5-coder:7b,食谱名称,0.715
1246,Tremolo Strings,zh,Chinese,qwen2.5-coder:7b,颤音弦,0.796
1247,Abbreviations:,zh,Chinese,qwen2.5-coder:7b,缩写：,0.804
1248,Membership options,zh,Chinese,qwen2.5-coder:7b,会员选项,0.636
1249,Application & working folder,zh,Chinese,qwen2.5-coder:7b,应用程序 & 工作文件夹,1.208
1250,& Serial Cable,zh,Chinese,qwen2.5-coder:7b,& 串行电缆,0.969
1251,Audio disc,zh,Chinese,qwen2.5-coder:7b,音频光盘,0.793
1252,& Monthly,zh,Chinese,qwen2.5-coder:7b,&每月,0.696
1253,Start Page,zh,Chinese,qwen2.5-coder:7b,首页,0.596
1254,Interface & name:,zh,Chinese,qwen2.5-coder:7b,界面 & 名称:,1.023
1255,No media,zh,Chinese,qwen2.5-coder:7b,没有媒体,0.631
1256,True,zh,Chinese,qwen2.5-coder:7b,真,0.493
1257,Document Properties dialog,zh,Chinese,qwen2.5-coder:7b,文档属性对话框,0.851
1258,2D Graphs,zh,Chinese,qwen2.5-coder:7b,二维图表,0.698
1259,Enable emoticons,zh,Chinese,qwen2.5-coder:7b,启用表情符号,0.801
1260,Keyboard Filters,zh,Chinese,qwen2.5-coder:7b,键盘过滤器,0.759
1261,Structure View,zh,Chinese,qwen2.5-coder:7b,结构视图,0.766
1262,& Server name:,zh,Chinese,qwen2.5-coder:7b,服务器名称:,0.783
1263,Table Data (wml),zh,Chinese,qwen2.5-coder:7b,表格数据 (wml),1.2
1264,Change Admin,zh,Chinese,qwen2.5-coder:7b,更改管理员,0.638
1265,feet²,zh,Chinese,qwen2.5-coder:7b,平方英尺,0.778
1266,of Mehr,zh,Chinese,qwen2.5-coder:7b,的 Mehr,0.884
1267,Next: Tips,zh,Chinese,qwen2.5-coder:7b,下一步：提示,0.768
1268,Audio bit rate (kbit):,zh,Chinese,qwen2.5-coder:7b,音频比特率（kbps）：,1.38
1269,Plasma ContainmentActions,zh,Chinese,qwen2.5-coder:7b,等离子体控制操作,1.243
1270,Default group:,zh,Chinese,qwen2.5-coder:7b,默认组：,0.732
1271,Nick Name,zh,Chinese,qwen2.5-coder:7b,昵称,0.65
1272,reconciled,zh,Chinese,qwen2.5-coder:7b,已对齐,0.764
1273,Range error,zh,Chinese,qwen2.5-coder:7b,范围错误,0.635
1274,Cylindrical,zh,Chinese,qwen2.5-coder:7b,圆柱形,0.768
1275,Lens Distortion,zh,Chinese,qwen2.5-coder:7b,镜头畸变,0.755
1276,Encoder Configuration,zh,Chinese,qwen2.5-coder:7b,编码器配置,0.717
1277,20th Last,zh,Chinese,qwen2.5-coder:7b,倒数第20个,1.146
1278,Expense details,zh,Chinese,qwen2.5-coder:7b,费用明细,0.656
1279,Database driver:,zh,Chinese,qwen2.5-coder:7b,数据库驱动：,0.74
1280,Flood color,zh,Chinese,qwen2.5-coder:7b,洪水颜色,0.67
1281,Focal point:,zh,Chinese,qwen2.5-coder:7b,焦点：,0.629
1282,Max. Aspect,zh,Chinese,qwen2.5-coder:7b,最大纵横比,0.766
1283,Insertion,zh,Chinese,qwen2.5-coder:7b,插入,0.554
1284,CVS Watch Remove,zh,Chinese,qwen2.5-coder:7b,CVS 监控移除,1.274
1285,& Enable alarm,zh,Chinese,qwen2.5-coder:7b,启用闹钟,0.794
1286,SMB shared printer (Windows;),zh,Chinese,qwen2.5-coder:7b,SMB 共享打印机（Windows;）,1.68
1287,Group file:,zh,Chinese,qwen2.5-coder:7b,文件组：,0.746
1288,Find Minimum Point,zh,Chinese,qwen2.5-coder:7b,找到最小点,0.81
1289,GLX extensions,zh,Chinese,qwen2.5-coder:7b,GLX 扩展,0.992
1290,Image List,zh,Chinese,qwen2.5-coder:7b,图片列表,0.666
1291,angularAccelerationVariance,zh,Chinese,qwen2.5-coder:7b,角加速度方差,1.026
1292,Transport stream ID:,zh,Chinese,qwen2.5-coder:7b,传输流ID：,0.92
1293,Transferring time:,zh,Chinese,qwen2.5-coder:7b,时间传输中：,0.887
1294,Writeable,zh,Chinese,qwen2.5-coder:7b,可写,0.624
1295,Europe,zh,Chinese,qwen2.5-coder:7b,欧洲,0.485
1296,Source files:,zh,Chinese,qwen2.5-coder:7b,源文件：,0.724
1297,Active:,zh,Chinese,qwen2.5-coder:7b,激活:,0.586
1298,Sentences,zh,Chinese,qwen2.5-coder:7b,句子,0.548
1299,Outline:,zh,Chinese,qwen2.5-coder:7b,大纲：,0.62
1300,Reference,zh,Chinese,qwen2.5-coder:7b,参考,0.493
1301,System Cleaner,zh,Chinese,qwen2.5-coder:7b,系统清理器,0.732
1302,& Output,zh,Chinese,qwen2.5-coder:7b,& 输出,0.644
1303,Keyboard & model:,zh,Chinese,qwen2.5-coder:7b,键盘 & 模型:,1.11
1304,Formatting Options,zh,Chinese,qwen2.5-coder:7b,格式化选项,0.72
1305,Young's modulus:,zh,Chinese,qwen2.5-coder:7b,杨氏模量：,0.952
1306,Signal processing controller,zh,Chinese,qwen2.5-coder:7b,信号处理控制器,0.776
1307,Group List,zh,Chinese,qwen2.5-coder:7b,群组列表,0.77
1308,Show cover,zh,Chinese,qwen2.5-coder:7b,显示封面,0.65
1309,deactivated,zh,Chinese,qwen2.5-coder:7b,未激活,0.649
1310,& Underline links,zh,Chinese,qwen2.5-coder:7b,&下划链接,0.966
1311,Skipped:,zh,Chinese,qwen2.5-coder:7b,跳过：,0.778
1312,light group,zh,Chinese,qwen2.5-coder:7b,光组,0.631
1313,Sublocation:,zh,Chinese,qwen2.5-coder:7b,子位置：,0.726
1314,gold,zh,Chinese,qwen2.5-coder:7b,黄金,0.535
1315,& Keyboard Layouts,zh,Chinese,qwen2.5-coder:7b,&键盘布局,0.852
1316,Line Extensions,zh,Chinese,qwen2.5-coder:7b,行扩展,0.704
1317,How to obtain and install & ktouch;,zh,Chinese,qwen2.5-coder:7b,如何获取并安装 & ktouch;,1.467
1318,Key management,zh,Chinese,qwen2.5-coder:7b,密钥管理,0.736
1319,Preselection:,zh,Chinese,qwen2.5-coder:7b,预选：,0.764
1320,Pattern Size,zh,Chinese,qwen2.5-coder:7b,模式大小,0.63
1321,%1 does not exist,zh,Chinese,qwen2.5-coder:7b,%1 不存在,1.047
1322,channel,zh,Chinese,qwen2.5-coder:7b,频道,0.538
1323,Every time,zh,Chinese,qwen2.5-coder:7b,每次,0.564
1324,Gop size:,zh,Chinese,qwen2.5-coder:7b,“Gop 大小:”,1.272
1325,Privacy Settings,zh,Chinese,qwen2.5-coder:7b,隐私设置,0.632
1326,Interval check time:,zh,Chinese,qwen2.5-coder:7b,间隔检查时间：,0.906
1327,m{w} Alignment,zh,Chinese,qwen2.5-coder:7b,m{w} 对齐方式,1.316
1328,Entities,zh,Chinese,qwen2.5-coder:7b,实体,0.522
1329,Operations,zh,Chinese,qwen2.5-coder:7b,操作,0.497
1330,Border Bottom,zh,Chinese,qwen2.5-coder:7b,底部边框,0.727
1331,File Previews,zh,Chinese,qwen2.5-coder:7b,文件预览,0.763
1332,QMake Builder,zh,Chinese,qwen2.5-coder:7b,QMake 构建器,1.12
1333,Locate in KMail,zh,Chinese,qwen2.5-coder:7b,在 KMail 中查找,1.062
1334,Playlist Name,zh,Chinese,qwen2.5-coder:7b,播放列表名称,0.773
1335,0 unsent,zh,Chinese,qwen2.5-coder:7b,0 未发送,0.918
1336,Squares,zh,Chinese,qwen2.5-coder:7b,正方形,0.656
1337,Debugger Frontend,zh,Chinese,qwen2.5-coder:7b,调试器前端,0.769
1338,Cookies Disabled,zh,Chinese,qwen2.5-coder:7b,禁用Cookie,0.727
1339,& Network name:,zh,Chinese,qwen2.5-coder:7b,&网络名称:,0.878
1340,Left Arrow,zh,Chinese,qwen2.5-coder:7b,左箭头,0.776
1341,Close Document,zh,Chinese,qwen2.5-coder:7b,关闭文档,0.635
1342,Query name,zh,Chinese,qwen2.5-coder:7b,查询名称,0.639
1343,Remove Document,zh,Chinese,qwen2.5-coder:7b,移除文档,0.73
1344,new_operation,zh,Chinese,qwen2.5-coder:7b,新操作,0.618
1345,Rotate Layer,zh,Chinese,qwen2.5-coder:7b,旋转图层,0.746
1346,Project manager,zh,Chinese,qwen2.5-coder:7b,项目经理,0.524
1347,Coloring Tint:,zh,Chinese,qwen2.5-coder:7b,上色色调：,0.89
1348,Optional:,zh,Chinese,qwen2.5-coder:7b,可选：,0.73
1349,Writing mode,zh,Chinese,qwen2.5-coder:7b,书写模式,0.883
1350,Copy offset:,zh,Chinese,qwen2.5-coder:7b,复制偏移量：,0.941
1351,Thumbnail,zh,Chinese,qwen2.5-coder:7b,缩略图,0.691
1352,TIFF Files,zh,Chinese,qwen2.5-coder:7b,TIFF 文件,0.782
1353,Dispersion:,zh,Chinese,qwen2.5-coder:7b,分散：,0.644
1354,Current Year,zh,Chinese,qwen2.5-coder:7b,当前年份,0.733
1355,Player 2 name,zh,Chinese,qwen2.5-coder:7b,玩家2姓名,0.791
1356,Border Color:,zh,Chinese,qwen2.5-coder:7b,边框颜色：,0.851
1357,Icon chooser dialog,zh,Chinese,qwen2.5-coder:7b,图标选择对话框,0.853
1358,Start Color:,zh,Chinese,qwen2.5-coder:7b,开始颜色：,0.732
1359,KStep preview,zh,Chinese,qwen2.5-coder:7b,K步预览,0.903
1360,To Tallest,zh,Chinese,qwen2.5-coder:7b,最高,0.578
1361,Equation Solver,zh,Chinese,qwen2.5-coder:7b,方程求解器,0.96
1362,Keyboard LEDs,zh,Chinese,qwen2.5-coder:7b,键盘指示灯,0.71
1363,Operating System,zh,Chinese,qwen2.5-coder:7b,操作系统,0.553
1364,Database driver,zh,Chinese,qwen2.5-coder:7b,数据库驱动,0.628
1365,Feed added,zh,Chinese,qwen2.5-coder:7b,已添加订阅,1.004
1366,Installed size: %1,zh,Chinese,qwen2.5-coder:7b,已安装大小: %1,1.223
1367,File List,zh,Chinese,qwen2.5-coder:7b,文件列表,0.642
1368,& View Logs,zh,Chinese,qwen2.5-coder:7b,查看日志,0.795
1369,environment ',zh,Chinese,qwen2.5-coder:7b,环境 ,0.708
1370,User Time,zh,Chinese,qwen2.5-coder:7b,用户时间,0.687
1371,Frame & Width:,zh,Chinese,qwen2.5-coder:7b,边框 & 宽度:,1.194
1372,Cover Manager,zh,Chinese,qwen2.5-coder:7b,封面管理器,0.765
1373,Search Files With Kat,zh,Chinese,qwen2.5-coder:7b,使用 Kat 搜索文件,1.038
1374,Song Properties,zh,Chinese,qwen2.5-coder:7b,歌曲属性,0.647
1375,Delete tag,zh,Chinese,qwen2.5-coder:7b,删除标签,0.645
1376,Six,zh,Chinese,qwen2.5-coder:7b,六,0.511
1377,MediumAquamarine,zh,Chinese,qwen2.5-coder:7b,中等海蓝,0.906
1378,Atomic Radius,zh,Chinese,qwen2.5-coder:7b,原子半径,0.731
1379,Verify failure,zh,Chinese,qwen2.5-coder:7b,验证失败,0.644
1380,Quick Post,zh,Chinese,qwen2.5-coder:7b,快速发帖,0.742
1381,End Activity,zh,Chinese,qwen2.5-coder:7b,结束活动,0.623
1382,Mount command,zh,Chinese,qwen2.5-coder:7b,挂载命令,0.735
1383,Location filter:,zh,Chinese,qwen2.5-coder:7b,位置筛选器：,0.828
1384,New profile wizard racoon,zh,Chinese,qwen2.5-coder:7b,新的配置文件向导 racoon,1.239
1385,& Group Password:,zh,Chinese,qwen2.5-coder:7b,&组密码:,0.895
1386,Page one,zh,Chinese,qwen2.5-coder:7b,第一页,0.689
1387,IP Settings,zh,Chinese,qwen2.5-coder:7b,IP 设置,0.644
1388,Spanish (Panama),zh,Chinese,qwen2.5-coder:7b,西班牙语（巴拿马）,1.166
1389,New & To-do...,zh,Chinese,qwen2.5-coder:7b,新建 & 待办事项...,1.239
1390,Label,zh,Chinese,qwen2.5-coder:7b,标签,0.539
1391,Major radius (z),zh,Chinese,qwen2.5-coder:7b,主要半径（z）,1.116
1392,LDAP suffix:,zh,Chinese,qwen2.5-coder:7b,LDAP 后缀:,0.956
1393,IMREAL(string),zh,Chinese,qwen2.5-coder:7b,IMREAL(字符串),1.0
1394,Merged,zh,Chinese,qwen2.5-coder:7b,合并,0.546
1395,libxz plugin for Kerfuffle,zh,Chinese,qwen2.5-coder:7b,Kerfuffle 的 libxz 插件,1.579
1396,Board Game Collection,zh,Chinese,qwen2.5-coder:7b,棋盘游戏集合,0.861
1397,Move Right,zh,Chinese,qwen2.5-coder:7b,向右移动,0.746
1398,Authentication method,zh,Chinese,qwen2.5-coder:7b,认证方法,0.644
1399,Telephonebook Search Provider,zh,Chinese,qwen2.5-coder:7b,电话簿搜索提供商,0.903
1400,Host authentication:,zh,Chinese,qwen2.5-coder:7b,主机身份验证：,0.82
1401,Trust,zh,Chinese,qwen2.5-coder:7b,信任,0.499
1402,lightyears,zh,Chinese,qwen2.5-coder:7b,光年,0.663
1403,disabled,zh,Chinese,qwen2.5-coder:7b,禁用,0.649
1404,Marker Lines,zh,Chinese,qwen2.5-coder:7b,标记线,0.624
1405,Searching for %1...,zh,Chinese,qwen2.5-coder:7b,正在搜索 %1...,0.987
1406,Keyboard Colors,zh,Chinese,qwen2.5-coder:7b,键盘颜色,0.63
1407,"Operating system related: chdir, shell, tty",zh,Chinese,qwen2.5-coder:7b,"操作系统相关：chdir, shell, tty",1.684
1408,(8) Sys. Administration,zh,Chinese,qwen2.5-coder:7b,(8) 系统管理,1.299
1409,Sound file,zh,Chinese,qwen2.5-coder:7b,声音文件,0.681
1410,Attachment Title,zh,Chinese,qwen2.5-coder:7b,附件标题,0.637
1411,Min distance,zh,Chinese,qwen2.5-coder:7b,最小距离,0.654
1412,Equipment:,zh,Chinese,qwen2.5-coder:7b,设备:,0.581
1413,Line Chart,zh,Chinese,qwen2.5-coder:7b,折线图,0.718
1414,Town:,zh,Chinese,qwen2.5-coder:7b,镇:,0.597
1415,& Previous Week,zh,Chinese,qwen2.5-coder:7b,上一周 &Previous Week,0.983
1416,Network Printer (socket),zh,Chinese,qwen2.5-coder:7b,网络打印机（套接字）,1.246
1417,Preview opacity:,zh,Chinese,qwen2.5-coder:7b,预览不透明度：,1.037
1418,Close Project,zh,Chinese,qwen2.5-coder:7b,关闭项目,0.621
1419,log files,zh,Chinese,qwen2.5-coder:7b,日志文件,0.718
1420,Client NTLMv2 authentication,zh,Chinese,qwen2.5-coder:7b,客户端 NTLMv2 身份验证,1.46
1421,Ink Depletion Curve,zh,Chinese,qwen2.5-coder:7b,墨水耗尽曲线,1.089
1422,ICal Calendar File,zh,Chinese,qwen2.5-coder:7b,iCal日历文件,1.018
1423,body part,zh,Chinese,qwen2.5-coder:7b,身体部位,0.636
1424,Cover Image,zh,Chinese,qwen2.5-coder:7b,封面图片,0.632
1425,Image Settings,zh,Chinese,qwen2.5-coder:7b,图像设置,0.621
1426,Halftone,zh,Chinese,qwen2.5-coder:7b,半调,0.655
1427,View with & Firefox,zh,Chinese,qwen2.5-coder:7b,使用 &Firefox 查看,1.004
1428,Disc Type,zh,Chinese,qwen2.5-coder:7b,磁盘类型,0.723
1429,Radar Chart,zh,Chinese,qwen2.5-coder:7b,雷达图,0.68
1430,Shaded,zh,Chinese,qwen2.5-coder:7b,阴影,0.547
1431,Dessert,zh,Chinese,qwen2.5-coder:7b,甜点,0.707
1432,Player%1,zh,Chinese,qwen2.5-coder:7b,玩家%1,0.835
1433,Personal:,zh,Chinese,qwen2.5-coder:7b,个人：,0.621
1434,PictureGrade,zh,Chinese,qwen2.5-coder:7b,图片评分,0.642
1435,Search playlists,zh,Chinese,qwen2.5-coder:7b,搜索播放列表,0.727
1436,& Examples,zh,Chinese,qwen2.5-coder:7b,& 示例,0.663
1437,Group file,zh,Chinese,qwen2.5-coder:7b,文件组,0.709
1438,& Low,zh,Chinese,qwen2.5-coder:7b,&低,0.659
1439,Dominican Peso,zh,Chinese,qwen2.5-coder:7b,多米尼加比索,1.151
1440,Add peer:,zh,Chinese,qwen2.5-coder:7b,添加对等方：,0.927
1441,Lookup vector,zh,Chinese,qwen2.5-coder:7b,查找向量,0.749
1442,of Bahman,zh,Chinese,qwen2.5-coder:7b,巴赫曼的,0.878
1443,Locked,zh,Chinese,qwen2.5-coder:7b,已锁定,0.608
1444,& Office:,zh,Chinese,qwen2.5-coder:7b,& 办公室:,1.026
1445,Standard Preview,zh,Chinese,qwen2.5-coder:7b,标准预览,0.746
1446,KDE port,zh,Chinese,qwen2.5-coder:7b,KDE 端口,1.076
1447,Foreground:,zh,Chinese,qwen2.5-coder:7b,前景：,0.621
1448,Plot Appearance,zh,Chinese,qwen2.5-coder:7b,剧情外观,0.667
1449,& Enabled,zh,Chinese,qwen2.5-coder:7b,启用,0.546
1450,high,zh,Chinese,qwen2.5-coder:7b,高,0.536
1451,Maze,zh,Chinese,qwen2.5-coder:7b,迷宫,0.641
1452,Access,zh,Chinese,qwen2.5-coder:7b,访问,0.503
1453,Top-Right,zh,Chinese,qwen2.5-coder:7b,右上角,0.831
1454,Hotkey,zh,Chinese,qwen2.5-coder:7b,热键,0.643
1455,Top,zh,Chinese,qwen2.5-coder:7b,顶部,0.526
1456,Publisher:,zh,Chinese,qwen2.5-coder:7b,出版商:,0.727
1457,Watch TV!,zh,Chinese,qwen2.5-coder:7b,看电视！,0.625
1458,Medium Outline,zh,Chinese,qwen2.5-coder:7b,中等轮廓,0.732
1459,Trust:,zh,Chinese,qwen2.5-coder:7b,信任：,0.59
1460,Snow Grains,zh,Chinese,qwen2.5-coder:7b,雪粒,0.653
1461,Others,zh,Chinese,qwen2.5-coder:7b,其他,0.495
1462,DodgerBlue2,zh,Chinese,qwen2.5-coder:7b,DodgerBlue2,0.968
1463,Serial Port #2 (Linux),zh,Chinese,qwen2.5-coder:7b,串口 #2 (Linux),1.273
1464,Save As,zh,Chinese,qwen2.5-coder:7b,另存为,0.724
1465,Debugging Output,zh,Chinese,qwen2.5-coder:7b,调试输出,0.694
1466,Font Files,zh,Chinese,qwen2.5-coder:7b,字体文件,0.637
1467,Bitrate,zh,Chinese,qwen2.5-coder:7b,比特率,0.66
1468,View Background,zh,Chinese,qwen2.5-coder:7b,查看背景,0.624
1469,Palette Name:,zh,Chinese,qwen2.5-coder:7b,调色板名称:,0.911
1470,Appearance Page,zh,Chinese,qwen2.5-coder:7b,外观页面,0.639
1471,Dump Certificate Error,zh,Chinese,qwen2.5-coder:7b,证书错误,0.658
1472,Particle size:,zh,Chinese,qwen2.5-coder:7b,粒子大小：,0.717
1473,& Word,zh,Chinese,qwen2.5-coder:7b,& 单词,0.855
1474,Reconciled,zh,Chinese,qwen2.5-coder:7b,已对账,0.8
1475,to:,zh,Chinese,qwen2.5-coder:7b,给:,0.701
1476,Top:,zh,Chinese,qwen2.5-coder:7b,顶部：,0.629
1477,OCR Image,zh,Chinese,qwen2.5-coder:7b,OCR 图像,0.76
1478,Kexi Open Database Connectivity Driver,zh,Chinese,qwen2.5-coder:7b,Kexi 数据库连接驱动,1.347
1479,Next,zh,Chinese,qwen2.5-coder:7b,下一步,0.533
1480,Other Transfers,zh,Chinese,qwen2.5-coder:7b,其他转账,0.732
1481,Image Captions,zh,Chinese,qwen2.5-coder:7b,图片标题,0.747
1482,Maldivian Rufiyaa,zh,Chinese,qwen2.5-coder:7b,马尔代夫卢比,1.194
1483,wait,zh,Chinese,qwen2.5-coder:7b,等待,0.496
1484,Delete object,zh,Chinese,qwen2.5-coder:7b,删除对象,0.638
1485,Enter a phone number:,zh,Chinese,qwen2.5-coder:7b,请输入电话号码：,0.946
1486,Dolphin Preferences,zh,Chinese,qwen2.5-coder:7b,海豚偏好设置,0.942
1487,Last. Fm Events,zh,Chinese,qwen2.5-coder:7b,最后的 Fm 事件,1.159
1488,Blue multiplier,zh,Chinese,qwen2.5-coder:7b,蓝色倍数,0.745
1489,Beveled,zh,Chinese,qwen2.5-coder:7b,倒角,0.644
1490,Distortion...,zh,Chinese,qwen2.5-coder:7b,失真...,0.772
1491,Mean:,zh,Chinese,qwen2.5-coder:7b,平均值:,0.845
1492,Table Data,zh,Chinese,qwen2.5-coder:7b,表格数据,0.641
1493,%1 added,zh,Chinese,qwen2.5-coder:7b,%1 添加,0.868
1494,Duplicate open,zh,Chinese,qwen2.5-coder:7b,打开的副本,0.754
1495,Kings,zh,Chinese,qwen2.5-coder:7b,国王们,0.664
1496,PCI card,zh,Chinese,qwen2.5-coder:7b,PCI卡,0.644
1497,City:,zh,Chinese,qwen2.5-coder:7b,城市:,0.615
1498,Outlook2VCal main window,zh,Chinese,qwen2.5-coder:7b,Outlook2VCal 主窗口,1.388
1499,Attendees,zh,Chinese,qwen2.5-coder:7b,参会者,0.641
1500,The board,zh,Chinese,qwen2.5-coder:7b,棋盘,0.62
1501,File System Support,zh,Chinese,qwen2.5-coder:7b,文件系统支持,0.753
1502,single DMA,zh,Chinese,qwen2.5-coder:7b,单个DMA,0.719
1503,from %1,zh,Chinese,qwen2.5-coder:7b,来自 %1,0.778
1504,Blur,zh,Chinese,qwen2.5-coder:7b,模糊,0.509
1505,Samba domain SID,zh,Chinese,qwen2.5-coder:7b,Samba 域 SID,1.106
1506,Position Y:,zh,Chinese,qwen2.5-coder:7b,Y位置:,0.77
1507,Image Operations,zh,Chinese,qwen2.5-coder:7b,图像操作,0.697
1508,& Ascending,zh,Chinese,qwen2.5-coder:7b,&升序,0.865
1509,Website Validators,zh,Chinese,qwen2.5-coder:7b,网站验证器,0.779
1510,Entity & name:,zh,Chinese,qwen2.5-coder:7b,实体 & 名称:,0.99
1511,Payout,zh,Chinese,qwen2.5-coder:7b,支付,0.535
1512,& Environment,zh,Chinese,qwen2.5-coder:7b,& 环境,0.966
1513,untitled. step,zh,Chinese,qwen2.5-coder:7b,未命名. 步骤,1.139
1514,Street,zh,Chinese,qwen2.5-coder:7b,街道,0.507
1515,& Preview cmd:,zh,Chinese,qwen2.5-coder:7b,& 预览命令:,1.235
1516,Visit homepage...,zh,Chinese,qwen2.5-coder:7b,访问首页...,0.791
1517,Woman Shape,zh,Chinese,qwen2.5-coder:7b,女性形状,0.664
1518,Pop-up Notes,zh,Chinese,qwen2.5-coder:7b,弹出便签,0.891
1519,developer (JavaScript),zh,Chinese,qwen2.5-coder:7b,开发者（JavaScript）,0.92
1520,Charcoal Drawing...,zh,Chinese,qwen2.5-coder:7b,木炭画...,0.87
1521,Trash Settings.,zh,Chinese,qwen2.5-coder:7b,回收站设置。,1.017
1522,Is End,zh,Chinese,qwen2.5-coder:7b,结束,0.52
1523,DCC Receive,zh,Chinese,qwen2.5-coder:7b,DCC 接收,0.958
1524,Hor. Policy,zh,Chinese,qwen2.5-coder:7b,hor. 策略,1.298
1525,Ingredient,zh,Chinese,qwen2.5-coder:7b,成分,0.53
1526,Crosshair,zh,Chinese,qwen2.5-coder:7b,瞄准镜,0.619
1527,Deletions,zh,Chinese,qwen2.5-coder:7b,删除,0.562
1528,The Thesaurus Tab,zh,Chinese,qwen2.5-coder:7b,词典标签,0.831
1529,Toggle equalizer.,zh,Chinese,qwen2.5-coder:7b,切换均衡器。,0.87
1530,Gold Mesh,zh,Chinese,qwen2.5-coder:7b,黄金网格,0.665
1531,Current Frame,zh,Chinese,qwen2.5-coder:7b,当前帧,0.643
1532,Pan Flute,zh,Chinese,qwen2.5-coder:7b,笛子,0.676
1533,Filter out accounts,zh,Chinese,qwen2.5-coder:7b,过滤账户,0.654
1534,Painterly Color Mixer,zh,Chinese,qwen2.5-coder:7b,油画色混合器,1.087
1535,Master volume,zh,Chinese,qwen2.5-coder:7b,主音量,0.723
1536,"& kicker;, the & kde; Panel",zh,Chinese,qwen2.5-coder:7b,"& 踢手;, the & KDE; 面板",2.157
1537,DCOP Call,zh,Chinese,qwen2.5-coder:7b,DCOP 调用,1.127
1538,NT SMB support,zh,Chinese,qwen2.5-coder:7b,NT SMB 支持,0.99
1539,Bottom Center,zh,Chinese,qwen2.5-coder:7b,底部居中,0.725
1540,Memory Configuration,zh,Chinese,qwen2.5-coder:7b,内存配置,0.637
1541,female,zh,Chinese,qwen2.5-coder:7b,女性,0.484
1542,& Shift; Right Arrow,zh,Chinese,qwen2.5-coder:7b,& Shift; 右箭头,1.368
1543,Opening,zh,Chinese,qwen2.5-coder:7b,打开,0.55
1544,sky sphere declaration,zh,Chinese,qwen2.5-coder:7b,天空球声明,0.778
1545,units,zh,Chinese,qwen2.5-coder:7b,单位,0.51
1546,High Gloss Film,zh,Chinese,qwen2.5-coder:7b,高光膜,0.823
1547,Inserting Widget,zh,Chinese,qwen2.5-coder:7b,插入小部件,0.788
1548,Main & Demo,zh,Chinese,qwen2.5-coder:7b,主 & 演示,1.094
1549,Job Billing,zh,Chinese,qwen2.5-coder:7b,作业计费,0.762
1550,ImagePlugin_LocalContrast,zh,Chinese,qwen2.5-coder:7b,图像插件_局部对比度,1.247
1551,Bracketing to HDR,zh,Chinese,qwen2.5-coder:7b,将HDR包围,1.047
1552,No tasks,zh,Chinese,qwen2.5-coder:7b,没有任务,0.652
1553,Use large file support,zh,Chinese,qwen2.5-coder:7b,支持大文件,0.812
1554,System peripheral,zh,Chinese,qwen2.5-coder:7b,系统外设,0.722
1555,Colony shape,zh,Chinese,qwen2.5-coder:7b,殖民地形状,0.772
1556,Memory Speed,zh,Chinese,qwen2.5-coder:7b,内存速度,0.678
1557,KMobileTools Device Manager,zh,Chinese,qwen2.5-coder:7b,KMobileTools 设备管理器,1.256
1558,Usenet Newsgroups (NNTP),zh,Chinese,qwen2.5-coder:7b,Usenet 新闻组 (NNTP),1.524
1559,& Description:,zh,Chinese,qwen2.5-coder:7b,&描述:,0.727
1560,Black,zh,Chinese,qwen2.5-coder:7b,黑色,0.553
1561,Assigned Tags,zh,Chinese,qwen2.5-coder:7b,已分配的标签,0.862
1562,New Zealand dollar,zh,Chinese,qwen2.5-coder:7b,新西兰元,0.679
1563,Pencil color:,zh,Chinese,qwen2.5-coder:7b,铅笔颜色：,0.858
1564,Activate time,zh,Chinese,qwen2.5-coder:7b,激活时间,0.636
1565,Photos Data Engine,zh,Chinese,qwen2.5-coder:7b,照片数据引擎,0.757
1566,Good,zh,Chinese,qwen2.5-coder:7b,好,0.486
1567,Image Effects...,zh,Chinese,qwen2.5-coder:7b,图像效果...,0.736
1568,KSpread Spreadsheet,zh,Chinese,qwen2.5-coder:7b,KSpread电子表格,0.898
1569,TeX Group,zh,Chinese,qwen2.5-coder:7b,TeX 组合,0.848
1570,From File...,zh,Chinese,qwen2.5-coder:7b,从文件...,0.731
1571,Line width:,zh,Chinese,qwen2.5-coder:7b,线条宽度：,0.733
1572,Package collections,zh,Chinese,qwen2.5-coder:7b,包集合,0.627
1573,Transfer Details,zh,Chinese,qwen2.5-coder:7b,转账详情,0.652
1574,Main Settings,zh,Chinese,qwen2.5-coder:7b,主要设置,0.647
1575,Unknown Context,zh,Chinese,qwen2.5-coder:7b,未知上下文,0.732
1576,Icelandic,zh,Chinese,qwen2.5-coder:7b,冰岛语,0.76
1577,User-Defined Tags,zh,Chinese,qwen2.5-coder:7b,用户自定义标签,0.879
1578,Kate Session Launcher,zh,Chinese,qwen2.5-coder:7b,凯特会话启动器,1.039
1579,Valid to:,zh,Chinese,qwen2.5-coder:7b,有效至：,0.738
1580,Getting Started,zh,Chinese,qwen2.5-coder:7b,开始使用,0.644
1581,European Foolscap,zh,Chinese,qwen2.5-coder:7b,欧洲愚人节,0.901
1582,Before,zh,Chinese,qwen2.5-coder:7b,之前,0.683
1583,Do Not Disturb,zh,Chinese,qwen2.5-coder:7b,请勿打扰,0.826
1584,Document View,zh,Chinese,qwen2.5-coder:7b,文档视图,0.764
1585,Disk Full,zh,Chinese,qwen2.5-coder:7b,磁盘已满,0.858
1586,Fire,zh,Chinese,qwen2.5-coder:7b,火,0.501
1587,more,zh,Chinese,qwen2.5-coder:7b,更多,0.502
1588,%1 points: Bonus,zh,Chinese,qwen2.5-coder:7b,%1 点数：奖励,1.354
1589,Player & 1,zh,Chinese,qwen2.5-coder:7b,玩家 & 1,0.93
1590,DateTime Functions,zh,Chinese,qwen2.5-coder:7b,日期时间函数,0.751
1591,Display Properties,zh,Chinese,qwen2.5-coder:7b,显示属性,0.623
1592,Signature file,zh,Chinese,qwen2.5-coder:7b,签名文件,0.622
1593,Game Rules,zh,Chinese,qwen2.5-coder:7b,游戏规则,0.676
1594,Drag time (1/ 10 sec):,zh,Chinese,qwen2.5-coder:7b,拖动时间 (1/ 10 秒):,1.929
1595,Bitrate: %1 Mbit/ s,zh,Chinese,qwen2.5-coder:7b,比特率: %1 Mbps,1.343
1596,Remote network,zh,Chinese,qwen2.5-coder:7b,远程网络,0.637
1597,& LDAP Requests,zh,Chinese,qwen2.5-coder:7b,& LDAP 请求,0.769
1598,Light Table,zh,Chinese,qwen2.5-coder:7b,光标表,0.765
1599,Set Point 2,zh,Chinese,qwen2.5-coder:7b,设定点2,0.784
1600,Instructions,zh,Chinese,qwen2.5-coder:7b,说明,0.483
1601,Pass through,zh,Chinese,qwen2.5-coder:7b,通过,0.55
1602,Cubic,zh,Chinese,qwen2.5-coder:7b,立方体,0.632
1603,Newsgroup,zh,Chinese,qwen2.5-coder:7b,新闻组,0.662
1604,File Transfers,zh,Chinese,qwen2.5-coder:7b,文件传输,0.667
1605,Developer (2005-2006),zh,Chinese,qwen2.5-coder:7b,开发者（2005-2006）,2.006
1606,Port number:,zh,Chinese,qwen2.5-coder:7b,端口号:,0.794
1607,Start a shell,zh,Chinese,qwen2.5-coder:7b,启动终端,0.676
1608,Attraction,zh,Chinese,qwen2.5-coder:7b,景点,0.534
1609,Spiral Shape,zh,Chinese,qwen2.5-coder:7b,螺旋形状,0.689
1610,Remove feeds,zh,Chinese,qwen2.5-coder:7b,移除源,0.746
1611,Cut Sheet Bin 2,zh,Chinese,qwen2.5-coder:7b,切纸箱2,1.216
1612,Template:,zh,Chinese,qwen2.5-coder:7b,模板：,0.614
1613,Brazil/ West,zh,Chinese,qwen2.5-coder:7b,巴西/西部,0.758
1614,Default (XFree 4),zh,Chinese,qwen2.5-coder:7b,默认 (XFree 4),1.286
1615,Size,zh,Chinese,qwen2.5-coder:7b,大小,0.509
1616,Order,zh,Chinese,qwen2.5-coder:7b,订单,0.526
1617,Expiration,zh,Chinese,qwen2.5-coder:7b,过期,0.581
1618,Previous window,zh,Chinese,qwen2.5-coder:7b,上一个窗口,0.747
1619,Information Functions,zh,Chinese,qwen2.5-coder:7b,信息功能,0.627
1620,Open File,zh,Chinese,qwen2.5-coder:7b,打开文件,0.639
1621,Label color:,zh,Chinese,qwen2.5-coder:7b,标签颜色：,0.756
1622,Updates,zh,Chinese,qwen2.5-coder:7b,更新,0.518
1623,Average bitrate,zh,Chinese,qwen2.5-coder:7b,平均比特率,0.75
1624,overline,zh,Chinese,qwen2.5-coder:7b,下划线,0.967
1625,Property Editor,zh,Chinese,qwen2.5-coder:7b,属性编辑器,0.727
1626,Marking color,zh,Chinese,qwen2.5-coder:7b,标记颜色,0.658
1627,KDE Theme Manager,zh,Chinese,qwen2.5-coder:7b,KDE 主题管理器,1.158
1628,line,zh,Chinese,qwen2.5-coder:7b,行,0.499
1629,& Operating Systems,zh,Chinese,qwen2.5-coder:7b,&操作系统,0.677
1630,Tile size:,zh,Chinese,qwen2.5-coder:7b,瓦片大小：,0.911
1631,"Letter, Color",zh,Chinese,qwen2.5-coder:7b,"信, 颜色",1.093
1632,Deactivate Script,zh,Chinese,qwen2.5-coder:7b,禁用脚本,0.901
1633,"5 for & RedHat; 3. x and later, and for & Mandrake;",zh,Chinese,qwen2.5-coder:7b,适用于 &RedHat; 3. x 及更高版本，以及 &Mandrake;。,3.278
1634,Flip,zh,Chinese,qwen2.5-coder:7b,翻转,0.61
1635,Time:,zh,Chinese,qwen2.5-coder:7b,时间：,0.607
1636,Activity Diagram,zh,Chinese,qwen2.5-coder:7b,活动图,0.647
1637,Winbind cache time:,zh,Chinese,qwen2.5-coder:7b,Winbind 缓存时间：,1.262
1638,chained DMA,zh,Chinese,qwen2.5-coder:7b,链式DMA,0.788
1639,Local scope keywords:,zh,Chinese,qwen2.5-coder:7b,本地作用域关键字：,0.987
1640,graph,zh,Chinese,qwen2.5-coder:7b,图表,0.51
1641,Day Duration,zh,Chinese,qwen2.5-coder:7b,天数,0.632
1642,Waiting,zh,Chinese,qwen2.5-coder:7b,等待中...,0.701
1643,tracklist,zh,Chinese,qwen2.5-coder:7b,播放列表,0.67
1644,Alt vs. Time,zh,Chinese,qwen2.5-coder:7b,Alt 对比时间,1.103
1645,"\t""Output file """,zh,Chinese,qwen2.5-coder:7b,"\t""输出文件 ",1.134
1646,& Group,zh,Chinese,qwen2.5-coder:7b,&组,0.656
1647,Colour Intensity,zh,Chinese,qwen2.5-coder:7b,颜色强度,0.689
1648,One-sided,zh,Chinese,qwen2.5-coder:7b,单向的,0.726
1649,Write,zh,Chinese,qwen2.5-coder:7b,写入,0.615
1650,/ join #channel,zh,Chinese,qwen2.5-coder:7b,/ 加入 #频道,1.151
1651,Log process & identifier,zh,Chinese,qwen2.5-coder:7b,日志进程 & 标识符,1.356
1652,Young,zh,Chinese,qwen2.5-coder:7b,年轻,0.527
1653,Logitech Support,zh,Chinese,qwen2.5-coder:7b,Logitech 支持,0.96
1654,Star Density:,zh,Chinese,qwen2.5-coder:7b,星密度:,0.736
1655,Actions Options,zh,Chinese,qwen2.5-coder:7b,操作选项,0.664
1656,Decrease Gamma,zh,Chinese,qwen2.5-coder:7b,减少伽马,0.819
1657,Intercept,zh,Chinese,qwen2.5-coder:7b,拦截,0.538
1658,User Defined,zh,Chinese,qwen2.5-coder:7b,用户定义,0.626
1659,Landscape (90°),zh,Chinese,qwen2.5-coder:7b,风景 (90°),1.223
1660,& Incoming,zh,Chinese,qwen2.5-coder:7b,& 接入,0.855
1661,Meta-Information,zh,Chinese,qwen2.5-coder:7b,元信息,0.711
1662,Purchase Date,zh,Chinese,qwen2.5-coder:7b,购买日期,0.645
1663,Skip 10 Forward,zh,Chinese,qwen2.5-coder:7b,跳过10个,1.059
1664,-u user,zh,Chinese,qwen2.5-coder:7b,-u 用户,0.702
1665,Output Format,zh,Chinese,qwen2.5-coder:7b,输出格式,0.681
1666,annotation,zh,Chinese,qwen2.5-coder:7b,注释,0.622
1667,NT domain name:,zh,Chinese,qwen2.5-coder:7b,NT 域名:,1.076
1668,large,zh,Chinese,qwen2.5-coder:7b,大,0.497
1669,NetBIOS scope:,zh,Chinese,qwen2.5-coder:7b,NetBIOS 范围：,1.417
1670,Python data engine,zh,Chinese,qwen2.5-coder:7b,Python 数据引擎,0.789
1671,EXIF Information,zh,Chinese,qwen2.5-coder:7b,EXIF信息,0.785
1672,Round Corners Filter,zh,Chinese,qwen2.5-coder:7b,圆角滤镜,0.932
1673,6 MB or more,zh,Chinese,qwen2.5-coder:7b,6 MB 或更多,0.93
1674,Rules,zh,Chinese,qwen2.5-coder:7b,规则,0.528
1675,1st Course,zh,Chinese,qwen2.5-coder:7b,第一课,0.726
1676,Collections Manager,zh,Chinese,qwen2.5-coder:7b,集合管理器,0.748
1677,NIS group,zh,Chinese,qwen2.5-coder:7b,NIS 组,0.893
1678,Agent Identity:,zh,Chinese,qwen2.5-coder:7b,代理身份:,0.785
1679,Completion,zh,Chinese,qwen2.5-coder:7b,完成,0.509
1680,Delete item,zh,Chinese,qwen2.5-coder:7b,删除项目,0.654
1681,Flake device definition,zh,Chinese,qwen2.5-coder:7b,雪花设备定义,0.867
1682,"Updating ""%1""",zh,Chinese,qwen2.5-coder:7b,"正在更新 ""%1",0.989
1683,Document version,zh,Chinese,qwen2.5-coder:7b,文档版本,0.667
1684,Maximum speed,zh,Chinese,qwen2.5-coder:7b,最大速度,0.671
1685,Triangle,zh,Chinese,qwen2.5-coder:7b,三角形,0.619
1686,File size is,zh,Chinese,qwen2.5-coder:7b,文件大小是,0.793
1687,Copy Function,zh,Chinese,qwen2.5-coder:7b,复制功能,0.646
1688,Windmills,zh,Chinese,qwen2.5-coder:7b,风车,0.659
1689,Playground Menu,zh,Chinese,qwen2.5-coder:7b,游乐场菜单,0.765
1690,File types:,zh,Chinese,qwen2.5-coder:7b,文件类型：,0.772
1691,FluidBalls,zh,Chinese,qwen2.5-coder:7b,流体球体,0.883
1692,new_literal,zh,Chinese,qwen2.5-coder:7b,新字面量,0.84
1693,%1 (Connected),zh,Chinese,qwen2.5-coder:7b,%1 (已连接),1.147
1694,system monitor,zh,Chinese,qwen2.5-coder:7b,系统监视器,0.787
1695,Copy Folder,zh,Chinese,qwen2.5-coder:7b,复制文件夹,0.744
1696,New type: racoon,zh,Chinese,qwen2.5-coder:7b,新类型：浣熊,1.041
1697,height field type,zh,Chinese,qwen2.5-coder:7b,高度字段类型,0.801
1698,New & Subitem,zh,Chinese,qwen2.5-coder:7b,新 & 子项,0.987
1699,Exposure,zh,Chinese,qwen2.5-coder:7b,曝光,0.525
1700,Online Source,zh,Chinese,qwen2.5-coder:7b,在线源,0.629
1701,Resource constraint.,zh,Chinese,qwen2.5-coder:7b,资源限制。,0.757
1702,State,zh,Chinese,qwen2.5-coder:7b,状态,0.505
1703,Entry,zh,Chinese,qwen2.5-coder:7b,条目,0.596
1704,Issue date,zh,Chinese,qwen2.5-coder:7b,发行日期,0.626
1705,Advanced Filter,zh,Chinese,qwen2.5-coder:7b,高级筛选,0.613
1706,Table of & Contents,zh,Chinese,qwen2.5-coder:7b,目录(& 目录),1.134
1707,"Date, Time",zh,Chinese,qwen2.5-coder:7b,"日期, 时间",0.775
1708,License Agreement,zh,Chinese,qwen2.5-coder:7b,许可证协议,0.651
1709,Obtained,zh,Chinese,qwen2.5-coder:7b,获取,0.587
1710,out,zh,Chinese,qwen2.5-coder:7b,输出,0.693
1711,Away Message:,zh,Chinese,qwen2.5-coder:7b,离线消息:,0.823
1712,Show Advanced,zh,Chinese,qwen2.5-coder:7b,显示高级选项,0.768
1713,& Screen size,zh,Chinese,qwen2.5-coder:7b,屏幕大小,0.681
1714,XAUTH username: %1,zh,Chinese,qwen2.5-coder:7b,XAUTH 用户名: %1,1.329
1715,Thumbnail View,zh,Chinese,qwen2.5-coder:7b,缩略图视图,0.979
1716,Best wishes,zh,Chinese,qwen2.5-coder:7b,最美好的祝愿,0.752
1717,JavaScript support,zh,Chinese,qwen2.5-coder:7b,JavaScript 支持,0.84
1718,& occurrence(s),zh,Chinese,qwen2.5-coder:7b,& 次,0.877
1719,KLinkStatus - Link Checker,zh,Chinese,qwen2.5-coder:7b,KLinkStatus - 链接检查器,1.65
1720,Copy Here,zh,Chinese,qwen2.5-coder:7b,复制到这里,0.639
1721,Left Edge:,zh,Chinese,qwen2.5-coder:7b,左边缘：,0.709
1722,Collator,zh,Chinese,qwen2.5-coder:7b,排序器,0.615
1723,Show Previous,zh,Chinese,qwen2.5-coder:7b,显示上一个,0.717
1724,Scope & Flags:,zh,Chinese,qwen2.5-coder:7b,范围 & 标志：,1.084
1725,Unknown (%1),zh,Chinese,qwen2.5-coder:7b,未知 (%1),0.859
1726,tracking noise,zh,Chinese,qwen2.5-coder:7b,跟踪噪声,0.62
1727,IPTC character set:,zh,Chinese,qwen2.5-coder:7b,IPTC 字符集：,1.197
1728,String Replacers.,zh,Chinese,qwen2.5-coder:7b,字符串替换器。,0.909
1729,View Filter,zh,Chinese,qwen2.5-coder:7b,查看筛选器,0.744
1730,Edit protocol,zh,Chinese,qwen2.5-coder:7b,编辑协议,0.657
1731,Display the table view,zh,Chinese,qwen2.5-coder:7b,显示表格视图,0.932
1732,Write Flags,zh,Chinese,qwen2.5-coder:7b,写旗帜,0.652
1733,Decryption,zh,Chinese,qwen2.5-coder:7b,解密,0.66
1734,comment,zh,Chinese,qwen2.5-coder:7b,评论,0.509
1735,Language English,zh,Chinese,qwen2.5-coder:7b,语言 英语,0.83
1736,Sound effects,zh,Chinese,qwen2.5-coder:7b,音效,0.617
1737,Multiple input method switcher,zh,Chinese,qwen2.5-coder:7b,多输入法切换器,1.028
1738,Element Add Add 1x2 Matrix,zh,Chinese,qwen2.5-coder:7b,元素添加 添加1x2矩阵,1.421
1739,Referenced Entity,zh,Chinese,qwen2.5-coder:7b,引用实体,0.681
1740,Device driver,zh,Chinese,qwen2.5-coder:7b,设备驱动程序,0.742
1741,Negative offset:,zh,Chinese,qwen2.5-coder:7b,负偏移量：,0.946
1742,Browse,zh,Chinese,qwen2.5-coder:7b,浏览,0.534
1743,AMS Arrows,zh,Chinese,qwen2.5-coder:7b,AMS 箭头,0.969
1744,Remove Widgets...,zh,Chinese,qwen2.5-coder:7b,移除小部件...,0.935
1745,Time Tracker,zh,Chinese,qwen2.5-coder:7b,时间跟踪器,0.755
1746,Scientific,zh,Chinese,qwen2.5-coder:7b,科学,0.532
1747,Chamber Music,zh,Chinese,qwen2.5-coder:7b,室内乐,0.662
1748,Password dialog,zh,Chinese,qwen2.5-coder:7b,密码对话框,0.742
1749,Surname:,zh,Chinese,qwen2.5-coder:7b,姓：,0.595
1750,"Europe, Southern",zh,Chinese,qwen2.5-coder:7b,欧洲，南部,0.804
1751,Play Media,zh,Chinese,qwen2.5-coder:7b,播放媒体,0.656
1752,Path Selection,zh,Chinese,qwen2.5-coder:7b,路径选择,0.624
1753,Channel ownership mode patch,zh,Chinese,qwen2.5-coder:7b,频道所有权模式补丁,0.988
1754,lion,zh,Chinese,qwen2.5-coder:7b,狮子,0.517
1755,Previous Book,zh,Chinese,qwen2.5-coder:7b,上一本书,0.683
1756,Greece,zh,Chinese,qwen2.5-coder:7b,希腊,0.539
1757,Create soft body items,zh,Chinese,qwen2.5-coder:7b,创建软体物品,0.93
1758,Wine Collection,zh,Chinese,qwen2.5-coder:7b,酒藏,0.674
1759,BlueViolet,zh,Chinese,qwen2.5-coder:7b,蓝色紫罗兰,0.847
1760,Current node:,zh,Chinese,qwen2.5-coder:7b,当前节点：,0.726
1761,Unknown,zh,Chinese,qwen2.5-coder:7b,未知,0.517
1762,Practice & Counts,zh,Chinese,qwen2.5-coder:7b,练习 & 计数,0.957
1763,Destination Line,zh,Chinese,qwen2.5-coder:7b,目的地行,0.632
1764,Balloons,zh,Chinese,qwen2.5-coder:7b,气球,0.662
1765,Block transfer,zh,Chinese,qwen2.5-coder:7b,块传输,0.644
1766,& Country:,zh,Chinese,qwen2.5-coder:7b,国家:,0.629
1767,thunderstorm,zh,Chinese,qwen2.5-coder:7b,雷暴,0.686
1768,Extracting %1,zh,Chinese,qwen2.5-coder:7b,提取 %1,0.844
1769,GravitationForce,zh,Chinese,qwen2.5-coder:7b,重力,0.713
1770,Black point:,zh,Chinese,qwen2.5-coder:7b,黑点：,0.743
1771,Vector class,zh,Chinese,qwen2.5-coder:7b,向量类,0.753
1772,Thread Starters,zh,Chinese,qwen2.5-coder:7b,发帖者,0.804
1773,DTD; Change the & DTD;...,zh,Chinese,qwen2.5-coder:7b,DTD; 更改 & DTD;...,1.57
1774,File location:,zh,Chinese,qwen2.5-coder:7b,文件位置：,0.729
1775,Subproject Leader,zh,Chinese,qwen2.5-coder:7b,子项目负责人,0.771
1776,Konversation Channel List: %1 - %2,zh,Chinese,qwen2.5-coder:7b,对话频道列表: %1 - %2,1.572
1777,Search for:,zh,Chinese,qwen2.5-coder:7b,搜索:,0.609
1778,Payment,zh,Chinese,qwen2.5-coder:7b,支付,0.492
1779,(EmptyName),zh,Chinese,qwen2.5-coder:7b,(空名称),0.918
1780,restLength,zh,Chinese,qwen2.5-coder:7b,休息长度,0.689
1781,Images,zh,Chinese,qwen2.5-coder:7b,图片,0.495
1782,L2 Data Write Miss,zh,Chinese,qwen2.5-coder:7b,L2 数据写入失败,1.106
1783,Optional,zh,Chinese,qwen2.5-coder:7b,可选的,0.697
1784,Result,zh,Chinese,qwen2.5-coder:7b,结果,0.511
1785,Find In Files,zh,Chinese,qwen2.5-coder:7b,在文件中查找,0.897
1786,Current: %1,zh,Chinese,qwen2.5-coder:7b,当前: %1,0.917
1787,Delete emoticon,zh,Chinese,qwen2.5-coder:7b,删除表情符号,0.796
1788,Music,zh,Chinese,qwen2.5-coder:7b,音乐,0.537
1789,Build & Target,zh,Chinese,qwen2.5-coder:7b,构建 & 目标,1.074
1790,Read Accesses,zh,Chinese,qwen2.5-coder:7b,读取访问,0.799
1791,& Enterprise Headers,zh,Chinese,qwen2.5-coder:7b,企业头部,0.691
1792,tools,zh,Chinese,qwen2.5-coder:7b,工具,0.569
1793,Ignored,zh,Chinese,qwen2.5-coder:7b,忽略,0.541
1794,Project Options,zh,Chinese,qwen2.5-coder:7b,项目选项,0.629
1795,Suspend Compositing,zh,Chinese,qwen2.5-coder:7b,暂停合成,0.733
1796,Glossary of Terms,zh,Chinese,qwen2.5-coder:7b,术语表,0.764
1797,Searching,zh,Chinese,qwen2.5-coder:7b,搜索中...,0.697
1798,Color depth:,zh,Chinese,qwen2.5-coder:7b,颜色深度：,0.728
1799,Using & kfloppy;,zh,Chinese,qwen2.5-coder:7b,使用 & kfloppy;,1.116
1800,Preliminary,zh,Chinese,qwen2.5-coder:7b,初步的,0.674
1801,Fade effect,zh,Chinese,qwen2.5-coder:7b,淡入淡出效果,0.993
1802,Daemons' Logs,zh,Chinese,qwen2.5-coder:7b,守护进程日志,0.925
1803,Migrate,zh,Chinese,qwen2.5-coder:7b,迁移,0.534
1804,Create & QTest,zh,Chinese,qwen2.5-coder:7b,创建 & QTest,0.752
1805,Admin tools,zh,Chinese,qwen2.5-coder:7b,管理员工具,0.664
1806,Field Name,zh,Chinese,qwen2.5-coder:7b,字段名称,0.62
1807,& Later,zh,Chinese,qwen2.5-coder:7b,& 后续,0.825
1808,Distribution Lists,zh,Chinese,qwen2.5-coder:7b,分发列表,0.748
1809,%1's birthday,zh,Chinese,qwen2.5-coder:7b,%1的生日,0.905
1810,Median,zh,Chinese,qwen2.5-coder:7b,中位数,0.775
1811,& Amount,zh,Chinese,qwen2.5-coder:7b,&金额,0.649
1812,Placemarks Plugin,zh,Chinese,qwen2.5-coder:7b,地标插件,0.858
1813,Add mirror,zh,Chinese,qwen2.5-coder:7b,添加镜像,0.74
1814,Number Format,zh,Chinese,qwen2.5-coder:7b,数字格式,0.619
1815,Uzbek,zh,Chinese,qwen2.5-coder:7b,乌兹别克语,0.924
1816,& Edit,zh,Chinese,qwen2.5-coder:7b,&编辑,0.65
1817,& Office #1:,zh,Chinese,qwen2.5-coder:7b,& 办公室 #1:,1.306
1818,Uric Acid,zh,Chinese,qwen2.5-coder:7b,尿酸,0.701
1819,User Settings,zh,Chinese,qwen2.5-coder:7b,用户设置,0.672
1820,Version:,zh,Chinese,qwen2.5-coder:7b,版本：,0.617
1821,GIMP Native Image Format (. xcf),zh,Chinese,qwen2.5-coder:7b,GIMP 原生图像格式 (. xcf),1.802
1822,Bandwidth Scheduler,zh,Chinese,qwen2.5-coder:7b,带宽调度器,0.896
1823,Search...,zh,Chinese,qwen2.5-coder:7b,搜索...,0.619
1824,X length,zh,Chinese,qwen2.5-coder:7b,X 长度,0.926
1825,Button Order,zh,Chinese,qwen2.5-coder:7b,按钮顺序,0.625
1826,Configure Image Save Assistant,zh,Chinese,qwen2.5-coder:7b,配置图像保存助手,0.89
1827,Edited as %1,zh,Chinese,qwen2.5-coder:7b,编辑为 %1,0.89
1828,SDP UUid:,zh,Chinese,qwen2.5-coder:7b,SDP UUID:,0.875
1829,Netbios Log Files,zh,Chinese,qwen2.5-coder:7b,NetBIOS日志文件,1.142
1830,Zoom to 50%,zh,Chinese,qwen2.5-coder:7b,缩放到50%,1.088
1831,& English To,zh,Chinese,qwen2.5-coder:7b,& 英语到,0.976
1832,GMX address book file (*. gmxa),zh,Chinese,qwen2.5-coder:7b,GMX 地址簿文件 (*. gmxa),1.829
1833,Protocols:,zh,Chinese,qwen2.5-coder:7b,协议：,0.655
1834,Contents Head 1,zh,Chinese,qwen2.5-coder:7b,内容头部 1,1.098
1835,Options Bookmark,zh,Chinese,qwen2.5-coder:7b,选项书签,0.723
1836,Parallel Diagonal,zh,Chinese,qwen2.5-coder:7b,平行对角线,0.862
1837,Address Book Component,zh,Chinese,qwen2.5-coder:7b,地址簿组件,0.747
1838,Padding,zh,Chinese,qwen2.5-coder:7b,填充,0.507
1839,Extended,zh,Chinese,qwen2.5-coder:7b,扩展,0.513
1840,Panel layout,zh,Chinese,qwen2.5-coder:7b,面板布局,0.649
1841,Page Output,zh,Chinese,qwen2.5-coder:7b,页面输出,0.646
1842,Output Mode,zh,Chinese,qwen2.5-coder:7b,输出模式,0.616
1843,Stop the turtle,zh,Chinese,qwen2.5-coder:7b,停止乌龟,0.789
1844,Player 4:,zh,Chinese,qwen2.5-coder:7b,玩家4：,0.813
1845,Romanized Hindi sounds,zh,Chinese,qwen2.5-coder:7b,罗马化印地语,1.015
1846,Developers,zh,Chinese,qwen2.5-coder:7b,开发者,0.521
1847,PCL3GUI Language Mode,zh,Chinese,qwen2.5-coder:7b,PCL3GUI 语言模式,1.237
1848,Gutter size,zh,Chinese,qwen2.5-coder:7b,排水沟大小,0.755
1849,List View Settings,zh,Chinese,qwen2.5-coder:7b,列表视图设置,0.89
1850,Brush size,zh,Chinese,qwen2.5-coder:7b,画笔大小,0.749
1851,Effect name,zh,Chinese,qwen2.5-coder:7b,效果名称,0.646
1852,Top Arrow,zh,Chinese,qwen2.5-coder:7b,顶部箭头,0.767
1853,Pictures Adjustments,zh,Chinese,qwen2.5-coder:7b,图片调整,0.682
1854,From & cursor,zh,Chinese,qwen2.5-coder:7b,从 & 光标,1.026
1855,Appearance Configuration,zh,Chinese,qwen2.5-coder:7b,外观配置,0.635
1856,Lyrics,zh,Chinese,qwen2.5-coder:7b,歌词,0.564
1857,Match case,zh,Chinese,qwen2.5-coder:7b,匹配大小写,0.796
1858,& KDE help,zh,Chinese,qwen2.5-coder:7b,& KDE 帮助,1.121
1859,Gas particle,zh,Chinese,qwen2.5-coder:7b,气体颗粒,0.692
1860,Front Cover,zh,Chinese,qwen2.5-coder:7b,封面,0.532
1861,often,zh,Chinese,qwen2.5-coder:7b,经常,0.498
1862,BasePolygon,zh,Chinese,qwen2.5-coder:7b,基本多边形,0.851
1863,Space (GL),zh,Chinese,qwen2.5-coder:7b,太空 (GL),0.897
1864,Maximized,zh,Chinese,qwen2.5-coder:7b,最大化,0.523
1865,Function:,zh,Chinese,qwen2.5-coder:7b,功能:,0.595
1866,Game Configuration,zh,Chinese,qwen2.5-coder:7b,游戏配置,0.66
1867,S/ MIME-Sign...,zh,Chinese,qwen2.5-coder:7b,S/MIME签名...,1.031
1868,File Indexing,zh,Chinese,qwen2.5-coder:7b,文件索引,0.762
1869,Click Actions,zh,Chinese,qwen2.5-coder:7b,点击操作,0.664
1870,Color settings,zh,Chinese,qwen2.5-coder:7b,颜色设置,0.659
1871,Added Tags:,zh,Chinese,qwen2.5-coder:7b,添加标签：,0.739
1872,Move Y:,zh,Chinese,qwen2.5-coder:7b,移动 Y:,0.732
1873,Thumbnail Cache,zh,Chinese,qwen2.5-coder:7b,缩略图缓存,0.942
1874,Capitalization:,zh,Chinese,qwen2.5-coder:7b,大小写:,0.868
1875,South Khorasan,zh,Chinese,qwen2.5-coder:7b,南喀布尔,0.813
1876,Desert Theme,zh,Chinese,qwen2.5-coder:7b,沙漠主题,0.679
1877,Standard Deviation,zh,Chinese,qwen2.5-coder:7b,标准差,0.705
1878,Cisco - Router in building,zh,Chinese,qwen2.5-coder:7b,Cisco - 建筑中的路由器,1.341
1879,Extending & ktouch;,zh,Chinese,qwen2.5-coder:7b,扩展 & ktouch;,1.03
1880,Realization,zh,Chinese,qwen2.5-coder:7b,实现,0.576
1881,(write protected),zh,Chinese,qwen2.5-coder:7b,(只读),0.927
1882,Price:,zh,Chinese,qwen2.5-coder:7b,价格:,0.666
1883,Color contrast,zh,Chinese,qwen2.5-coder:7b,颜色对比度,0.723
1884,stored:,zh,Chinese,qwen2.5-coder:7b,存储:,0.598
1885,ArtisticTextShape,zh,Chinese,qwen2.5-coder:7b,艺术文本形状,0.831
1886,& Report Bug,zh,Chinese,qwen2.5-coder:7b,&报告错误,0.778
1887,Quotes:,zh,Chinese,qwen2.5-coder:7b,引用：,0.654
1888,Developer (HTML rendering engine),zh,Chinese,qwen2.5-coder:7b,开发者（HTML渲染引擎）,1.134
1889,Short Name,zh,Chinese,qwen2.5-coder:7b,短名称,0.625
1890,SquareDithering,zh,Chinese,qwen2.5-coder:7b,方块抖动,0.896
1891,%1 after the end,zh,Chinese,qwen2.5-coder:7b,%1 结束后,1.121
1892,1440 x 2880 DPI Emulated,zh,Chinese,qwen2.5-coder:7b,1440 x 2880 DPI 模拟,2.352
1893,Wake Island,zh,Chinese,qwen2.5-coder:7b,唤醒岛,0.643
1894,Draw Uranus?,zh,Chinese,qwen2.5-coder:7b,绘制土星？,0.873
1895,Integral step:,zh,Chinese,qwen2.5-coder:7b,整数步长：,0.925
1896,Verifying: %1...,zh,Chinese,qwen2.5-coder:7b,验证中: %1...,1.182
1897,Postprocessing,zh,Chinese,qwen2.5-coder:7b,后处理,0.631
1898,Task Execution,zh,Chinese,qwen2.5-coder:7b,任务执行,0.644
1899,Configure Quiz,zh,Chinese,qwen2.5-coder:7b,配置测验,0.787
1900,Country:,zh,Chinese,qwen2.5-coder:7b,国家:,0.614
1901,Subject: %1,zh,Chinese,qwen2.5-coder:7b,主题: %1,0.909
1902,x rotation:,zh,Chinese,qwen2.5-coder:7b,x 轴旋转：,1.01
1903,Relations:,zh,Chinese,qwen2.5-coder:7b,关系：,0.599
1904,Go On,zh,Chinese,qwen2.5-coder:7b,继续,0.55
1905,Observing List,zh,Chinese,qwen2.5-coder:7b,观察列表,0.716
1906,Master abort,zh,Chinese,qwen2.5-coder:7b,主控中止,1.06
1907,Error reading address book,zh,Chinese,qwen2.5-coder:7b,地址簿读取错误,1.021
1908,Support,zh,Chinese,qwen2.5-coder:7b,支持,0.511
1909,Max food,zh,Chinese,qwen2.5-coder:7b,最大食物,0.632
1910,File Settings,zh,Chinese,qwen2.5-coder:7b,文件设置,0.62
1911,Running,zh,Chinese,qwen2.5-coder:7b,运行中,0.6
1912,Step & down,zh,Chinese,qwen2.5-coder:7b,向下 & 一级,1.044
1913,Username,zh,Chinese,qwen2.5-coder:7b,用户名,0.513
1914,78 Points,zh,Chinese,qwen2.5-coder:7b,78 分,0.826
1915,Designer,zh,Chinese,qwen2.5-coder:7b,设计师,0.518
1916,Page Look,zh,Chinese,qwen2.5-coder:7b,页面外观,0.634
1917,Computer Plays,zh,Chinese,qwen2.5-coder:7b,计算机玩游戏,0.645
1918,Top Developers,zh,Chinese,qwen2.5-coder:7b,顶级开发者,0.626
1919,Auto Detect,zh,Chinese,qwen2.5-coder:7b,自动检测,0.631
1920,Merge data,zh,Chinese,qwen2.5-coder:7b,合并数据,0.658
1921,Office Documents,zh,Chinese,qwen2.5-coder:7b,办公文档,0.653
1922,Degrees of freedom 1,zh,Chinese,qwen2.5-coder:7b,自由度 1,0.956
1923,Using & kfilereplace;,zh,Chinese,qwen2.5-coder:7b,使用 & kfilereplace;,1.359
1924,Segment Color,zh,Chinese,qwen2.5-coder:7b,分割颜色,0.655
1925,Editor Chooser,zh,Chinese,qwen2.5-coder:7b,编辑器选择器,0.882
1926,Design object,zh,Chinese,qwen2.5-coder:7b,设计对象,0.624
1927,Roll Feed,zh,Chinese,qwen2.5-coder:7b,进料,0.64
1928,Backup System,zh,Chinese,qwen2.5-coder:7b,系统备份,0.656
1929,DVD-RW Sequential,zh,Chinese,qwen2.5-coder:7b,DVD-RW 顺序,1.12
1930,Popsquares,zh,Chinese,qwen2.5-coder:7b,弹方块,0.78
1931,Three,zh,Chinese,qwen2.5-coder:7b,三,0.504
1932,Signal Plotter,zh,Chinese,qwen2.5-coder:7b,信号绘图器,0.848
1933,Initial Point,zh,Chinese,qwen2.5-coder:7b,初始点,0.642
1934,Frequency,zh,Chinese,qwen2.5-coder:7b,频率,0.509
1935,Conjunctions,zh,Chinese,qwen2.5-coder:7b,连词,0.691
1936,First Name,zh,Chinese,qwen2.5-coder:7b,名字,0.781
1937,Blackbox Logic Game,zh,Chinese,qwen2.5-coder:7b,黑盒逻辑游戏,0.907
1938,& Tools,zh,Chinese,qwen2.5-coder:7b,&工具,0.62
1939,Open with:,zh,Chinese,qwen2.5-coder:7b,用以下方式打开：,0.96
1940,New profile wizard cisco,zh,Chinese,qwen2.5-coder:7b,新的 Cisco 配置向导,1.248
1941,Image files,zh,Chinese,qwen2.5-coder:7b,图片文件,0.681
1942,User ID,zh,Chinese,qwen2.5-coder:7b,用户ID,0.655
1943,Acceleration & time:,zh,Chinese,qwen2.5-coder:7b,加速度 & 时间:,1.009
1944,Plasma Geolocation Provider,zh,Chinese,qwen2.5-coder:7b,等离子体地理位置提供者,1.381
1945,Sound Mixer,zh,Chinese,qwen2.5-coder:7b,音量调节器,0.9
1946,positionVariance,zh,Chinese,qwen2.5-coder:7b,位置方差,0.783
1947,Column Properties,zh,Chinese,qwen2.5-coder:7b,列属性,0.659
1948,& Time:,zh,Chinese,qwen2.5-coder:7b,& 时间:,0.768
1949,Cemetery,zh,Chinese,qwen2.5-coder:7b,墓地,0.678
1950,Stop Editor,zh,Chinese,qwen2.5-coder:7b,停止编辑,0.628
1951,port,zh,Chinese,qwen2.5-coder:7b,端口,0.603
1952,State of Matter,zh,Chinese,qwen2.5-coder:7b,物质状态,0.655
1953,joint stereo,zh,Chinese,qwen2.5-coder:7b,立体声,0.649
1954,Keyboard Edit Options,zh,Chinese,qwen2.5-coder:7b,键盘编辑选项,0.814
1955,K3b SoX Audio Encoder,zh,Chinese,qwen2.5-coder:7b,K3b SoX 音频编码器,1.61
1956,Friday,zh,Chinese,qwen2.5-coder:7b,星期五,0.621
1957,BMP Image (. bmp),zh,Chinese,qwen2.5-coder:7b,BMP 图像 (.bmp),1.248
1958,Theme Manager,zh,Chinese,qwen2.5-coder:7b,主题管理器,0.761
1959,Identities,zh,Chinese,qwen2.5-coder:7b,身份,0.549
1960,Granatier is a Bomberman Clone!,zh,Chinese,qwen2.5-coder:7b,格兰蒂尔是一款《炸弹人》克隆游戏！,1.891
1961,Fade power:,zh,Chinese,qwen2.5-coder:7b,淡入功率：,0.828
1962,JPEG quality %1,zh,Chinese,qwen2.5-coder:7b,JPEG质量 %1,0.924
1963,Target Image,zh,Chinese,qwen2.5-coder:7b,目标图像,0.633
1964,Biosphere,zh,Chinese,qwen2.5-coder:7b,生物圈,0.676
1965,Data Tools,zh,Chinese,qwen2.5-coder:7b,数据工具,0.683
1966,Typing line,zh,Chinese,qwen2.5-coder:7b,输入行,0.665
1967,Tajik data files,zh,Chinese,qwen2.5-coder:7b,塔吉克数据文件,1.043
1968,Reference Point Offset,zh,Chinese,qwen2.5-coder:7b,参考点偏移量,0.986
1969,New Download,zh,Chinese,qwen2.5-coder:7b,新下载,0.621
1970,Spiral,zh,Chinese,qwen2.5-coder:7b,螺旋,0.553
1971,Black Level,zh,Chinese,qwen2.5-coder:7b,黑色水平,0.615
1972,QuickPreview,zh,Chinese,qwen2.5-coder:7b,快速预览,0.71
1973,& Close Path,zh,Chinese,qwen2.5-coder:7b,关闭路径,0.675
1974,Not shared,zh,Chinese,qwen2.5-coder:7b,未共享,0.687
1975,file,zh,Chinese,qwen2.5-coder:7b,文件,0.491
1976,SortColumnInvisible,zh,Chinese,qwen2.5-coder:7b,隐藏列排序,0.79
1977,LaTeX Reference,zh,Chinese,qwen2.5-coder:7b,LaTeX 参考,0.974
1978,Phone number:,zh,Chinese,qwen2.5-coder:7b,电话号码：,0.751
1979,trash:,zh,Chinese,qwen2.5-coder:7b,垃圾:,0.743
1980,Not Scheduled,zh,Chinese,qwen2.5-coder:7b,未安排,0.648
1981,Others:,zh,Chinese,qwen2.5-coder:7b,其他人：,0.61
1982,New host,zh,Chinese,qwen2.5-coder:7b,新主机,0.63
1983,The directory %1 does not exist,zh,Chinese,qwen2.5-coder:7b,目录 %1 不存在,1.165
1984,slope map,zh,Chinese,qwen2.5-coder:7b,坡度图,0.767
1985,Mass Storage Device,zh,Chinese,qwen2.5-coder:7b,存储设备,0.686
1986,CornflowerBlue,zh,Chinese,qwen2.5-coder:7b,天蓝色,0.671
1987,Head motion,zh,Chinese,qwen2.5-coder:7b,头部动作,0.633
1988,Template Scopes,zh,Chinese,qwen2.5-coder:7b,模板范围,0.671
1989,RTF Files,zh,Chinese,qwen2.5-coder:7b,RTF 文件,0.776
1990,& Tabular Environment,zh,Chinese,qwen2.5-coder:7b,&表格环境,0.893
1991,Transparency:,zh,Chinese,qwen2.5-coder:7b,透明度：,0.732
1992,Help,zh,Chinese,qwen2.5-coder:7b,帮助,0.484
1993,& DOC file:,zh,Chinese,qwen2.5-coder:7b,& DOC 文件:,0.914
1994,Raise Mask,zh,Chinese,qwen2.5-coder:7b,提升面具,0.679
1995,& Bookmark,zh,Chinese,qwen2.5-coder:7b,&书签,0.731
1996,Alternatives,zh,Chinese,qwen2.5-coder:7b,替代方案,0.657
1997,Extract,zh,Chinese,qwen2.5-coder:7b,提取,0.485
1998,New SMS,zh,Chinese,qwen2.5-coder:7b,新短信,0.627
1999,Preview Type,zh,Chinese,qwen2.5-coder:7b,预览类型,0.747
2000,Connection 09,zh,Chinese,qwen2.5-coder:7b,连接 09,0.909
2001,Advanced...,zh,Chinese,qwen2.5-coder:7b,高级...,0.586
2002,OEM Code Page,zh,Chinese,qwen2.5-coder:7b,OEM代码页,0.913
2003,Polygonal Selection,zh,Chinese,qwen2.5-coder:7b,多边形选择,0.845
2004,ImagePlugin_InPainting,zh,Chinese,qwen2.5-coder:7b,图像修复插件,0.963
2005,Move up,zh,Chinese,qwen2.5-coder:7b,向上移动,0.645
2006,GPG encryption,zh,Chinese,qwen2.5-coder:7b,GPG加密,0.791
2007,Target position:,zh,Chinese,qwen2.5-coder:7b,目标位置：,0.74
2008,Calendar Manager,zh,Chinese,qwen2.5-coder:7b,日历管理器,0.823
2009,Draw,zh,Chinese,qwen2.5-coder:7b,绘制,0.487
2010,State...,zh,Chinese,qwen2.5-coder:7b,状态...,0.613
2011,Role,zh,Chinese,qwen2.5-coder:7b,角色,0.496
2012,Castle,zh,Chinese,qwen2.5-coder:7b,城堡,0.496
2013,Samba log file:,zh,Chinese,qwen2.5-coder:7b,Samba日志文件：,1.115
2014,Low Saxon,zh,Chinese,qwen2.5-coder:7b,低德语,0.806
2015,Resources,zh,Chinese,qwen2.5-coder:7b,资源,0.521
2016,System Capabilities,zh,Chinese,qwen2.5-coder:7b,系统功能,0.65
2017,Last row,zh,Chinese,qwen2.5-coder:7b,最后一行,0.621
2018,Network Settings,zh,Chinese,qwen2.5-coder:7b,网络设置,0.625
2019,CJK Compatibility Forms,zh,Chinese,qwen2.5-coder:7b,“CJK 兼容形式”,1.149
2020,Dial & string:,zh,Chinese,qwen2.5-coder:7b,拨号 & 字符串:,1.162
2021,Work Address,zh,Chinese,qwen2.5-coder:7b,工作地址,0.647
2022,Development Tools,zh,Chinese,qwen2.5-coder:7b,开发工具,0.662
2023,Contents Head 3,zh,Chinese,qwen2.5-coder:7b,内容标题3,0.986
2024,Link Validator,zh,Chinese,qwen2.5-coder:7b,链接验证器,0.723
2025,Performance Options,zh,Chinese,qwen2.5-coder:7b,性能选项,0.634
2026,& Speed:,zh,Chinese,qwen2.5-coder:7b,&速度:,0.724
2027,Only the label,zh,Chinese,qwen2.5-coder:7b,只有标签,0.71
2028,Zimbabwean Dollar A/ 06,zh,Chinese,qwen2.5-coder:7b,津巴布韦元 A/ 06,1.68
2029,& Edit Message,zh,Chinese,qwen2.5-coder:7b,&编辑消息,0.782
2030,Game Screen,zh,Chinese,qwen2.5-coder:7b,游戏屏幕,0.665
2031,& kwrite; Copyright 2001 by the & kate; team.,zh,Chinese,qwen2.5-coder:7b,& kwrite; 版权 © 2001 由 & kate; 团队所有。,3.355
2032,Line Spacing:,zh,Chinese,qwen2.5-coder:7b,行间距：,0.805
2033,Local Serial Printer,zh,Chinese,qwen2.5-coder:7b,本地串行打印机,0.866
2034,YW rotation,zh,Chinese,qwen2.5-coder:7b,YW 旋转,0.72
2035,Previous (wml),zh,Chinese,qwen2.5-coder:7b,上一页 (wml),1.082
2036,System Configuration,zh,Chinese,qwen2.5-coder:7b,系统配置,0.62
2037,StructureTree,zh,Chinese,qwen2.5-coder:7b,结构树,0.621
2038,More Actions,zh,Chinese,qwen2.5-coder:7b,更多操作,0.662
2039,As Root,zh,Chinese,qwen2.5-coder:7b,以管理员身份运行,0.878
2040,Outward,zh,Chinese,qwen2.5-coder:7b,外向的,0.719
2041,Filemanager,zh,Chinese,qwen2.5-coder:7b,文件管理器,0.714
2042,Last used,zh,Chinese,qwen2.5-coder:7b,最后使用,0.642
2043,16.999 Rsh 2 = also gives 4.,zh,Chinese,qwen2.5-coder:7b,16.999 Rsh 2 = 也给出 4。,2.617
2044,Default operation scope:,zh,Chinese,qwen2.5-coder:7b,默认操作范围：,0.872
2045,Rotation X:,zh,Chinese,qwen2.5-coder:7b,旋转 X:,0.733
2046,Print Preview,zh,Chinese,qwen2.5-coder:7b,打印预览,0.718
2047,Surface Depth,zh,Chinese,qwen2.5-coder:7b,表面深度,0.644
2048,& Clone Layer,zh,Chinese,qwen2.5-coder:7b,&克隆图层,0.978
2049,& Quit SuperKaramba,zh,Chinese,qwen2.5-coder:7b,&退出SuperKaramba,1.134
2050,Copy Value,zh,Chinese,qwen2.5-coder:7b,复制值,0.696
2051,Abort Quiz,zh,Chinese,qwen2.5-coder:7b,终止测验,0.754
2052,Tracing Configuration,zh,Chinese,qwen2.5-coder:7b,跟踪配置,0.678
2053,depthVariance,zh,Chinese,qwen2.5-coder:7b,深度差异,0.704
2054,User4,zh,Chinese,qwen2.5-coder:7b,用户4,0.665
2055,for example txt,zh,Chinese,qwen2.5-coder:7b,例如txt,0.7
2056,Not loaded,zh,Chinese,qwen2.5-coder:7b,未加载,0.639
2057,Using & kturtle;,zh,Chinese,qwen2.5-coder:7b,使用 & kturtle;,0.994
2058,Increase & Contrast,zh,Chinese,qwen2.5-coder:7b,增加对比度,0.762
2059,& Search...,zh,Chinese,qwen2.5-coder:7b,&搜索...,0.728
2060,Density List,zh,Chinese,qwen2.5-coder:7b,密度列表,0.686
2061,contributor,zh,Chinese,qwen2.5-coder:7b,贡献者,0.651
2062,desktop search,zh,Chinese,qwen2.5-coder:7b,桌面搜索,0.648
2063,Yellow only,zh,Chinese,qwen2.5-coder:7b,黄色,0.528
2064,places,zh,Chinese,qwen2.5-coder:7b,地点,0.509
2065,SkyBlue,zh,Chinese,qwen2.5-coder:7b,天蓝色,0.631
2066,Redemption,zh,Chinese,qwen2.5-coder:7b,赎回,0.529
2067,Clipped By,zh,Chinese,qwen2.5-coder:7b,剪切,0.706
2068,Flash opacity:,zh,Chinese,qwen2.5-coder:7b,Flash 透明度:,1.044
2069,BatchProcessImages,zh,Chinese,qwen2.5-coder:7b,批量处理图像,0.766
2070,Host/ User:,zh,Chinese,qwen2.5-coder:7b,主机/ 用户:,0.86
2071,Gravitational Constant,zh,Chinese,qwen2.5-coder:7b,重力常数,0.892
2072,cutoff,zh,Chinese,qwen2.5-coder:7b,截止,0.527
2073,Working,zh,Chinese,qwen2.5-coder:7b,正在工作,0.618
2074,Class Composition,zh,Chinese,qwen2.5-coder:7b,班级组成,0.649
2075,CD Read Speed,zh,Chinese,qwen2.5-coder:7b,CD读取速度,0.882
2076,_Username:,zh,Chinese,qwen2.5-coder:7b,用户名:,0.645
2077,Transfer group:,zh,Chinese,qwen2.5-coder:7b,群组转移:,0.904
2078,"Resource management,",zh,Chinese,qwen2.5-coder:7b,"资源管理,",0.72
2079,play,zh,Chinese,qwen2.5-coder:7b,播放,0.513
2080,Contributor,zh,Chinese,qwen2.5-coder:7b,贡献者,0.716
2081,openDesktop Activities,zh,Chinese,qwen2.5-coder:7b,桌面活动,0.839
2082,Down Speed,zh,Chinese,qwen2.5-coder:7b,下载速度,0.656
2083,Suspend To Disk,zh,Chinese,qwen2.5-coder:7b,将到磁盘挂起,1.071
2084,between tag:,zh,Chinese,qwen2.5-coder:7b,在标签之间:,0.923
2085,& Support KVpnc...,zh,Chinese,qwen2.5-coder:7b,&支持KVpnc...,1.19
2086,Total Time: 00:00:00,zh,Chinese,qwen2.5-coder:7b,总时间: 00:00:00,1.953
2087,NoPCL3GUI,zh,Chinese,qwen2.5-coder:7b,NoPCL3GUI,1.018
2088,General,zh,Chinese,qwen2.5-coder:7b,通用,0.514
2089,Per Resource,zh,Chinese,qwen2.5-coder:7b,按资源,0.641
2090,& Encoding:,zh,Chinese,qwen2.5-coder:7b,&编码:,0.723
2091,Host:,zh,Chinese,qwen2.5-coder:7b,主机:,0.647
2092,Night duration: %1,zh,Chinese,qwen2.5-coder:7b,夜晚持续时间：%1,1.07
2093,Languages,zh,Chinese,qwen2.5-coder:7b,语言,0.503
2094,Quits the & ksnapshot; application.,zh,Chinese,qwen2.5-coder:7b,退出 & ksnapshot; 应用程序。,1.701
2095,& Identities...,zh,Chinese,qwen2.5-coder:7b,&身份...,0.751
2096,Image Border Color,zh,Chinese,qwen2.5-coder:7b,图片边框颜色,0.949
2097,Application icon,zh,Chinese,qwen2.5-coder:7b,应用程序图标,0.641
2098,stiffnessVariance,zh,Chinese,qwen2.5-coder:7b,刚度方差,0.977
2099,& Comment:,zh,Chinese,qwen2.5-coder:7b,&评论：,0.762
2100,Certificate format,zh,Chinese,qwen2.5-coder:7b,证书格式,0.653
2101,required by,zh,Chinese,qwen2.5-coder:7b,由...要求,0.947
2102,Title Page,zh,Chinese,qwen2.5-coder:7b,封面,0.526
2103,& Nickname:,zh,Chinese,qwen2.5-coder:7b,& 昵称:,0.974
2104,Data size:,zh,Chinese,qwen2.5-coder:7b,数据大小：,0.8
2105,Best Score,zh,Chinese,qwen2.5-coder:7b,最佳得分,0.649
2106,Cisco (proprietary),zh,Chinese,qwen2.5-coder:7b,Cisco（专有）,0.991
2107,Line Order,zh,Chinese,qwen2.5-coder:7b,行序,0.628
2108,Using Festival-Czech,zh,Chinese,qwen2.5-coder:7b,使用节日-捷克,0.988
2109,Binocular,zh,Chinese,qwen2.5-coder:7b,双筒望远镜,0.906
2110,Manage Link...,zh,Chinese,qwen2.5-coder:7b,管理链接...,0.717
2111,Set of characters,zh,Chinese,qwen2.5-coder:7b,字符集,0.683
2112,Network Profiles,zh,Chinese,qwen2.5-coder:7b,网络配置文件,0.731
2113,Sound Properties,zh,Chinese,qwen2.5-coder:7b,声音属性,0.644
2114,Finished...,zh,Chinese,qwen2.5-coder:7b,完成...,0.586
2115,Individual,zh,Chinese,qwen2.5-coder:7b,个人,0.501
2116,Timer Configuration,zh,Chinese,qwen2.5-coder:7b,计时器配置,0.834
2117,Revision B:,zh,Chinese,qwen2.5-coder:7b,修订版 B:,0.848
2118,& DOS file mode,zh,Chinese,qwen2.5-coder:7b,&DOS文件模式,1.006
2119,Only the & label,zh,Chinese,qwen2.5-coder:7b,只有 & 标签,1.085
2120,lsm file,zh,Chinese,qwen2.5-coder:7b,lsm 文件,0.794
2121,Configuration:,zh,Chinese,qwen2.5-coder:7b,配置:,0.625
2122,& Encrypt,zh,Chinese,qwen2.5-coder:7b,& 加密,0.748
2123,Table Environment,zh,Chinese,qwen2.5-coder:7b,表格环境,0.678
2124,Show tabs,zh,Chinese,qwen2.5-coder:7b,显示标签页,0.779
2125,Incidence Serializer,zh,Chinese,qwen2.5-coder:7b,事件序列化器,1.062
2126,KsirK - Goal Display,zh,Chinese,qwen2.5-coder:7b,KsirK - 目标显示,1.493
2127,& Keep,zh,Chinese,qwen2.5-coder:7b,& 保持,0.743
2128,ascending,zh,Chinese,qwen2.5-coder:7b,升序,0.663
2129,Section Level 1,zh,Chinese,qwen2.5-coder:7b,一级部分,0.702
2130,Logon path:,zh,Chinese,qwen2.5-coder:7b,登录路径：,0.745
2131,& Never,zh,Chinese,qwen2.5-coder:7b,&从不,0.721
2132,weightConstVariance,zh,Chinese,qwen2.5-coder:7b,重量常量方差,1.017
2133,Attach,zh,Chinese,qwen2.5-coder:7b,附加,0.489
2134,Forwarded: %1,zh,Chinese,qwen2.5-coder:7b,转发: %1,0.999
2135,account,zh,Chinese,qwen2.5-coder:7b,账户,0.506
2136,Public key:,zh,Chinese,qwen2.5-coder:7b,公钥：,0.723
2137,Application first run,zh,Chinese,qwen2.5-coder:7b,应用程序首次运行,0.761
2138,Owner,zh,Chinese,qwen2.5-coder:7b,所有者,0.613
2139,Yi Radicals,zh,Chinese,qwen2.5-coder:7b,一笔画,1.004
2140,Auto Synchronization,zh,Chinese,qwen2.5-coder:7b,自动同步,0.661
2141,system tray,zh,Chinese,qwen2.5-coder:7b,系统托盘,0.77
2142,Destination Server Info,zh,Chinese,qwen2.5-coder:7b,目标服务器信息,0.816
2143,Obsoletes,zh,Chinese,qwen2.5-coder:7b,已弃用,0.991
2144,Scrollback,zh,Chinese,qwen2.5-coder:7b,滚动缓冲区,0.748
2145,Organization name:,zh,Chinese,qwen2.5-coder:7b,组织名称：,0.726
2146,User filter:,zh,Chinese,qwen2.5-coder:7b,用户过滤器：,0.839
2147,Pixar deflate,zh,Chinese,qwen2.5-coder:7b,皮克斯放气,0.85
2148,Release Info,zh,Chinese,qwen2.5-coder:7b,发布信息,0.624
2149,Filter Images manual,zh,Chinese,qwen2.5-coder:7b,图像过滤器手册,1.109
2150,sqrt X,zh,Chinese,qwen2.5-coder:7b,平方根 X,0.744
2151,group,zh,Chinese,qwen2.5-coder:7b,组,0.527
2152,Postcondition:,zh,Chinese,qwen2.5-coder:7b,后置条件：,0.812
2153,Data rate,zh,Chinese,qwen2.5-coder:7b,数据速率,0.629
2154,Choose a file,zh,Chinese,qwen2.5-coder:7b,选择一个文件,0.773
2155,minimum size,zh,Chinese,qwen2.5-coder:7b,最小尺寸,0.629
2156,IT8 linework RLE,zh,Chinese,qwen2.5-coder:7b,IT8线条RLE,1.064
2157,Sound Controls,zh,Chinese,qwen2.5-coder:7b,音量控制,0.758
2158,approximately %1,zh,Chinese,qwen2.5-coder:7b,大约 %1,0.826
2159,Impossible?,zh,Chinese,qwen2.5-coder:7b,不可能？,0.604
2160,Audio Section,zh,Chinese,qwen2.5-coder:7b,音频部分,0.627
2161,operating system,zh,Chinese,qwen2.5-coder:7b,操作系统,0.569
2162,Has voice,zh,Chinese,qwen2.5-coder:7b,有语音,0.645
2163,Main developers,zh,Chinese,qwen2.5-coder:7b,主要开发者,0.667
2164,Frame color:,zh,Chinese,qwen2.5-coder:7b,边框颜色：,0.855
2165,The Project Menu,zh,Chinese,qwen2.5-coder:7b,项目菜单,0.662
2166,& Document class options:,zh,Chinese,qwen2.5-coder:7b,& 文档类选项:,1.074
2167,Thumbnail Size:,zh,Chinese,qwen2.5-coder:7b,缩略图大小：,0.936
2168,PhoneBook,zh,Chinese,qwen2.5-coder:7b,电话簿,0.622
2169,Shooting time,zh,Chinese,qwen2.5-coder:7b,拍摄时间,0.678
2170,"Remove From ""%1""",zh,Chinese,qwen2.5-coder:7b,从“%1”中移除,1.272
2171,changed,zh,Chinese,qwen2.5-coder:7b,已更改,0.612
2172,Main angle:,zh,Chinese,qwen2.5-coder:7b,主视角：,0.748
2173,& Files,zh,Chinese,qwen2.5-coder:7b,&文件,0.646
2174,Item overwritten...,zh,Chinese,qwen2.5-coder:7b,项目被覆盖...,0.884
2175,Activation Gestures,zh,Chinese,qwen2.5-coder:7b,激活手势,0.689
2176,Swirl,zh,Chinese,qwen2.5-coder:7b,涡流,0.64
2177,& Unscramble (Rot 13),zh,Chinese,qwen2.5-coder:7b,&解密（ROT 13）,1.594
2178,Unpacking,zh,Chinese,qwen2.5-coder:7b,解压,0.657
2179,Widget Configuration,zh,Chinese,qwen2.5-coder:7b,小部件配置,0.747
2180,Audio Files,zh,Chinese,qwen2.5-coder:7b,音频文件,0.635
2181,Color Registration,zh,Chinese,qwen2.5-coder:7b,颜色注册,0.621
2182,Play Track,zh,Chinese,qwen2.5-coder:7b,播放曲目,0.739
2183,Name of variable:,zh,Chinese,qwen2.5-coder:7b,变量名称：,0.756
2184,English (Belize),zh,Chinese,qwen2.5-coder:7b,英语（伯利兹）,1.09
2185,Administrator,zh,Chinese,qwen2.5-coder:7b,管理员,0.492
2186,Proxy Collection,zh,Chinese,qwen2.5-coder:7b,代理集合,0.611
2187,Extended booleans,zh,Chinese,qwen2.5-coder:7b,扩展布尔值,0.751
2188,EcoBlack,zh,Chinese,qwen2.5-coder:7b,环保黑,0.725
2189,Middle Name,zh,Chinese,qwen2.5-coder:7b,中间名,0.637
2190,Progress:,zh,Chinese,qwen2.5-coder:7b,进度：,0.591
2191,The WBS,zh,Chinese,qwen2.5-coder:7b,WBS,0.69
2192,*** Aborted ***,zh,Chinese,qwen2.5-coder:7b,*** 中止 ***,0.886
2193,Stacking order,zh,Chinese,qwen2.5-coder:7b,堆叠顺序,0.81
2194,Using & kmousetool;,zh,Chinese,qwen2.5-coder:7b,使用 & kmousetool;,1.274
2195,Copy rule,zh,Chinese,qwen2.5-coder:7b,复制规则,0.622
2196,Wood,zh,Chinese,qwen2.5-coder:7b,木,0.499
2197,Head 2,zh,Chinese,qwen2.5-coder:7b,第二级标题,0.814
2198,In weeks,zh,Chinese,qwen2.5-coder:7b,在几周内,0.867
2199,Number Forms,zh,Chinese,qwen2.5-coder:7b,数字形式,0.642
2200,Card Deck Selection,zh,Chinese,qwen2.5-coder:7b,牌组选择,0.785
2201,Open Cube,zh,Chinese,qwen2.5-coder:7b,打开立方体,0.748
2202,Point at,zh,Chinese,qwen2.5-coder:7b,点击,0.726
2203,Test Sync,zh,Chinese,qwen2.5-coder:7b,测试同步,0.63
2204,Device name,zh,Chinese,qwen2.5-coder:7b,设备名称,0.661
2205,KGpg - encryption tool,zh,Chinese,qwen2.5-coder:7b,KGpg - 加密工具,1.175
2206,Initial activity,zh,Chinese,qwen2.5-coder:7b,初始活动,0.642
2207,Markers,zh,Chinese,qwen2.5-coder:7b,标记,0.505
2208,Account & disabled,zh,Chinese,qwen2.5-coder:7b,账户已禁用,0.944
2209,Remove Torrent,zh,Chinese,qwen2.5-coder:7b,移除种子,0.741
2210,Leo,zh,Chinese,qwen2.5-coder:7b,路易,0.621
2211,Versions,zh,Chinese,qwen2.5-coder:7b,版本,0.542
2212,Multiple monitors,zh,Chinese,qwen2.5-coder:7b,多显示器,0.636
2213,Button name:,zh,Chinese,qwen2.5-coder:7b,按钮名称：,0.723
2214,2 Weeks,zh,Chinese,qwen2.5-coder:7b,2周,0.649
2215,HP Iron-on T-shirt Transfers,zh,Chinese,qwen2.5-coder:7b,HP 铁转印花T恤,1.589
2216,Terminal Features,zh,Chinese,qwen2.5-coder:7b,终端功能,0.651
2217,Template Actions,zh,Chinese,qwen2.5-coder:7b,模板操作,0.627
2218,Software Management,zh,Chinese,qwen2.5-coder:7b,软件管理,0.634
2219,CD Configuration,zh,Chinese,qwen2.5-coder:7b,CD配置,0.633
2220,Gamma Black,zh,Chinese,qwen2.5-coder:7b,伽马黑,0.748
2221,"Unable to find ""%1"".",zh,Chinese,qwen2.5-coder:7b,无法找到“%1”。,1.218
2222,Cut-off distance,zh,Chinese,qwen2.5-coder:7b,截止距离,0.696
2223,KDE-Classic,zh,Chinese,qwen2.5-coder:7b,KDE-经典,0.95
2224,Late Finish,zh,Chinese,qwen2.5-coder:7b,延迟完成,0.646
2225,File Selector,zh,Chinese,qwen2.5-coder:7b,文件选择器,0.746
2226,Device,zh,Chinese,qwen2.5-coder:7b,设备,0.494
2227,Five,zh,Chinese,qwen2.5-coder:7b,五,0.509
2228,Last,zh,Chinese,qwen2.5-coder:7b,最后,0.498
2229,KDE network manager,zh,Chinese,qwen2.5-coder:7b,KDE网络管理器,1.069
2230,KResource Migration Tool,zh,Chinese,qwen2.5-coder:7b,资源迁移工具,0.778
2231,DeskJet 970C with Duplexer,zh,Chinese,qwen2.5-coder:7b,DeskJet 970C 双面打印,1.937
2232,Fancy Formatting,zh,Chinese,qwen2.5-coder:7b,高级格式化,0.753
2233,Health Information,zh,Chinese,qwen2.5-coder:7b,健康信息,0.65
2234,Navigate,zh,Chinese,qwen2.5-coder:7b,导航,0.512
2235,Separator,zh,Chinese,qwen2.5-coder:7b,分隔符,0.692
2236,countries,zh,Chinese,qwen2.5-coder:7b,国家,0.52
2237,Lower boundary,zh,Chinese,qwen2.5-coder:7b,下限,0.656
2238,AstroInfo: Table of Contents,zh,Chinese,qwen2.5-coder:7b,AstroInfo: 目录,1.541
2239,Minimum width:,zh,Chinese,qwen2.5-coder:7b,最小宽度：,0.742
2240,Difficulty level:,zh,Chinese,qwen2.5-coder:7b,难度级别：,0.788
2241,Info Data Engine,zh,Chinese,qwen2.5-coder:7b,信息数据引擎,0.755
2242,Circular Arrow,zh,Chinese,qwen2.5-coder:7b,圆形箭头,0.732
2243,Samba Status Information,zh,Chinese,qwen2.5-coder:7b,Samba 状态信息,1.013
2244,KDevelop4 Project Files,zh,Chinese,qwen2.5-coder:7b,KDevelop4 项目文件,1.168
2245,Hor. Stretch,zh,Chinese,qwen2.5-coder:7b,横. 拉伸,1.25
2246,Your version (A):,zh,Chinese,qwen2.5-coder:7b,您的版本（A）：,1.152
2247,Filter Optimization,zh,Chinese,qwen2.5-coder:7b,过滤器优化,0.73
2248,Target,zh,Chinese,qwen2.5-coder:7b,目标,0.496
2249,Window Action,zh,Chinese,qwen2.5-coder:7b,窗口操作,0.658
2250,Canvas color:,zh,Chinese,qwen2.5-coder:7b,画布颜色：,0.869
2251,The & k3b; & DCOP; Interface,zh,Chinese,qwen2.5-coder:7b,& k3b; & DCOP; 接口,2.016
2252,KWin helper utility,zh,Chinese,qwen2.5-coder:7b,KWin 辅助工具,1.173
2253,"Bug: who should be 0, 1 or 2.",zh,Chinese,qwen2.5-coder:7b,错误：谁应该是0、1还是2？,1.926
2254,Shading,zh,Chinese,qwen2.5-coder:7b,阴影,0.537
2255,Crosses,zh,Chinese,qwen2.5-coder:7b,十字架,0.647
2256,Mtp Device,zh,Chinese,qwen2.5-coder:7b,MTP设备,0.779
2257,Raw Image Converter,zh,Chinese,qwen2.5-coder:7b,原始图像转换器,0.849
2258,Bank number,zh,Chinese,qwen2.5-coder:7b,银行账号,0.635
2259,Cleared: %1,zh,Chinese,qwen2.5-coder:7b,已清除: %1,1.042
2260,Summaries,zh,Chinese,qwen2.5-coder:7b,摘要,0.533
2261,Item skipped...,zh,Chinese,qwen2.5-coder:7b,跳过该项...,0.889
2262,Segment Axis,zh,Chinese,qwen2.5-coder:7b,轴段,0.661
2263,Books,zh,Chinese,qwen2.5-coder:7b,书籍,0.512
2264,Mýrdalsjökull Glacier,zh,Chinese,qwen2.5-coder:7b,米达尔冰川,1.143
2265,turn off,zh,Chinese,qwen2.5-coder:7b,关闭,0.583
2266,Max. Packet Size %1,zh,Chinese,qwen2.5-coder:7b,最大数据包大小 %1,1.226
2267,System Info Center,zh,Chinese,qwen2.5-coder:7b,系统信息中心,0.796
2268,Target port,zh,Chinese,qwen2.5-coder:7b,目标端口,0.742
2269,Length: %1,zh,Chinese,qwen2.5-coder:7b,长度: %1,0.92
2270,Candle,zh,Chinese,qwen2.5-coder:7b,蜡烛,0.668
2271,& Temperature:,zh,Chinese,qwen2.5-coder:7b,& 温度:,0.987
2272,OpenVPN selection,zh,Chinese,qwen2.5-coder:7b,OpenVPN 选择,0.91
2273,Real Name:,zh,Chinese,qwen2.5-coder:7b,真实姓名：,0.765
2274,Fruit Tea,zh,Chinese,qwen2.5-coder:7b,水果茶,0.677
2275,Publisher,zh,Chinese,qwen2.5-coder:7b,出版商,0.605
2276,Kolab server name,zh,Chinese,qwen2.5-coder:7b,Kolab 服务器名称,1.168
2277,Layout Tool,zh,Chinese,qwen2.5-coder:7b,布局工具,0.648
2278,Delete,zh,Chinese,qwen2.5-coder:7b,删除,0.535
2279,Replied,zh,Chinese,qwen2.5-coder:7b,已回复,0.64
2280,Unsubscribe,zh,Chinese,qwen2.5-coder:7b,取消订阅,0.64
2281,Directory Merge,zh,Chinese,qwen2.5-coder:7b,目录合并,0.639
2282,Mid Point,zh,Chinese,qwen2.5-coder:7b,中点,0.618
2283,50% of Node,zh,Chinese,qwen2.5-coder:7b,50% 的节点,1.009
2284,Above:,zh,Chinese,qwen2.5-coder:7b,上方：,0.599
2285,XML Completion,zh,Chinese,qwen2.5-coder:7b,XML 完成,0.867
2286,Preparer:,zh,Chinese,qwen2.5-coder:7b,准备人：,0.744
2287,Location: %1,zh,Chinese,qwen2.5-coder:7b,位置: %1,0.917
2288,Choqok - Disabled,zh,Chinese,qwen2.5-coder:7b,Choqok - 禁用,1.362
2289,Plugin development,zh,Chinese,qwen2.5-coder:7b,插件开发,0.756
2290,Root Directory...,zh,Chinese,qwen2.5-coder:7b,根目录...,0.732
2291,Source name,zh,Chinese,qwen2.5-coder:7b,源文件名,0.739
2292,In Use,zh,Chinese,qwen2.5-coder:7b,正在使用中,0.767
2293,Average value:,zh,Chinese,qwen2.5-coder:7b,平均值：,0.747
2294,Delete item '%1 '?,zh,Chinese,qwen2.5-coder:7b,删除项目 '%1'？,1.118
2295,Frequency: %1,zh,Chinese,qwen2.5-coder:7b,频率: %1,0.92
2296,SO-30 Bulk Sorter,zh,Chinese,qwen2.5-coder:7b,SO-30 批量排序器,1.543
2297,of Aban,zh,Chinese,qwen2.5-coder:7b,阿班的,0.785
2298,Town,zh,Chinese,qwen2.5-coder:7b,城镇,0.5
2299,French Horn,zh,Chinese,qwen2.5-coder:7b,法国号,0.617
2300,British English (en-gb),zh,Chinese,qwen2.5-coder:7b,英国英语 (en-gb),1.267
2301,flashcard,zh,Chinese,qwen2.5-coder:7b,闪卡,0.629
2302,Border Preview,zh,Chinese,qwen2.5-coder:7b,边框预览,0.871
2303,& Nickname; watch list.,zh,Chinese,qwen2.5-coder:7b,& 昵称; 观看列表。,1.568
2304,User workstations:,zh,Chinese,qwen2.5-coder:7b,用户工作站：,0.779
2305,Boring blue,zh,Chinese,qwen2.5-coder:7b,无趣的蓝色,0.865
2306,Blend,zh,Chinese,qwen2.5-coder:7b,混合,0.498
2307,The Canvas,zh,Chinese,qwen2.5-coder:7b,画布,0.626
2308,Capacity: %1,zh,Chinese,qwen2.5-coder:7b,容量: %1,0.879
2309,LightSteelBlue2,zh,Chinese,qwen2.5-coder:7b,浅钢蓝色2,0.878
2310,Monday,zh,Chinese,qwen2.5-coder:7b,星期一,0.6
2311,"Ndebele, South",zh,Chinese,qwen2.5-coder:7b,南纳德贝勒,1.123
2312,(unknown),zh,Chinese,qwen2.5-coder:7b,未知,0.538
2313,& Create,zh,Chinese,qwen2.5-coder:7b,& 创建,0.723
2314,Indent:,zh,Chinese,qwen2.5-coder:7b,缩进：,0.777
2315,Bagpipe,zh,Chinese,qwen2.5-coder:7b,苏格兰风笛,0.948
2316,Scale to,zh,Chinese,qwen2.5-coder:7b,缩放到,0.649
2317,Translation & Memory,zh,Chinese,qwen2.5-coder:7b,翻译与记忆,0.817
2318,DNG Image Converter,zh,Chinese,qwen2.5-coder:7b,DNG图像转换器,1.019
2319,Mail Alert,zh,Chinese,qwen2.5-coder:7b,邮件警报,0.892
2320,Snapping,zh,Chinese,qwen2.5-coder:7b,“点击并拖动”,1.291
2321,show,zh,Chinese,qwen2.5-coder:7b,显示,0.62
2322,& Entity Relationship Diagram...,zh,Chinese,qwen2.5-coder:7b,实体关系图...,1.005
2323,ImagePlugin_FilmGrain,zh,Chinese,qwen2.5-coder:7b,图像插件_颗粒感,1.69
2324,Blue:,zh,Chinese,qwen2.5-coder:7b,蓝色：,0.683
2325,training,zh,Chinese,qwen2.5-coder:7b,训练,0.581
2326,Search Scope,zh,Chinese,qwen2.5-coder:7b,搜索范围,0.7
2327,& Visibility:,zh,Chinese,qwen2.5-coder:7b,&可见性:,0.891
2328,Docbook List Wizard,zh,Chinese,qwen2.5-coder:7b,Docbook 列表向导,1.426
2329,Rate:,zh,Chinese,qwen2.5-coder:7b,评分：,0.628
2330,Gantt Chart,zh,Chinese,qwen2.5-coder:7b,甘特图,0.799
2331,Brown Tone,zh,Chinese,qwen2.5-coder:7b,棕色,0.547
2332,Default folder:,zh,Chinese,qwen2.5-coder:7b,默认文件夹：,0.911
2333,Education,zh,Chinese,qwen2.5-coder:7b,教育,0.54
2334,Silent,zh,Chinese,qwen2.5-coder:7b,静默,0.652
2335,Black hole,zh,Chinese,qwen2.5-coder:7b,黑洞,0.564
2336,New:,zh,Chinese,qwen2.5-coder:7b,新：,0.773
2337,& New Game...,zh,Chinese,qwen2.5-coder:7b,& 新游戏...,1.056
2338,Entity Constraints,zh,Chinese,qwen2.5-coder:7b,实体约束,0.788
2339,84 Points,zh,Chinese,qwen2.5-coder:7b,84 分,0.83
2340,Partition Editor,zh,Chinese,qwen2.5-coder:7b,分区编辑器,0.795
2341,Data Mode,zh,Chinese,qwen2.5-coder:7b,数据模式,0.668
2342,Class of printers,zh,Chinese,qwen2.5-coder:7b,打印机类别,0.729
2343,Used Mirrors:,zh,Chinese,qwen2.5-coder:7b,使用的镜像：,1.002
2344,Ships,zh,Chinese,qwen2.5-coder:7b,船只,0.609
2345,& Update interval:,zh,Chinese,qwen2.5-coder:7b,& 更新间隔:,0.923
2346,As Child,zh,Chinese,qwen2.5-coder:7b,作为孩子,0.942
2347,Amazon (Germany),zh,Chinese,qwen2.5-coder:7b,亚马逊 (德国),0.955
2348,Variable,zh,Chinese,qwen2.5-coder:7b,变量,0.576
2349,June,zh,Chinese,qwen2.5-coder:7b,六月,0.674
2350,Recurrence Range,zh,Chinese,qwen2.5-coder:7b,重复范围,0.734
2351,System Activity,zh,Chinese,qwen2.5-coder:7b,系统活动,0.701
2352,System Information,zh,Chinese,qwen2.5-coder:7b,系统信息,0.742
2353,Sides:,zh,Chinese,qwen2.5-coder:7b,侧面:,0.88
2354,Total Time,zh,Chinese,qwen2.5-coder:7b,总时间,0.717
2355,Black Tea,zh,Chinese,qwen2.5-coder:7b,红茶,0.609
2356,Orbital mode,zh,Chinese,qwen2.5-coder:7b,轨道模式,0.807
2357,Disabled Burnfree,zh,Chinese,qwen2.5-coder:7b,禁用烧干,0.96
2358,Selection Tools,zh,Chinese,qwen2.5-coder:7b,选择工具,0.687
2359,Centering,zh,Chinese,qwen2.5-coder:7b,居中,0.704
2360,& Tense:,zh,Chinese,qwen2.5-coder:7b,& 时态:,1.067
2361,No Items,zh,Chinese,qwen2.5-coder:7b,没有项目,0.969
2362,Isobars,zh,Chinese,qwen2.5-coder:7b,等压线,1.116
2363,"(c) 2002-2010, digiKam developers team",zh,Chinese,qwen2.5-coder:7b,"(c) 2002-2010, digiKam 开发者团队",3.71
2364,AAC sound,zh,Chinese,qwen2.5-coder:7b,AAC 音频,0.861
2365,HSV Adjustment,zh,Chinese,qwen2.5-coder:7b,HSV调整,0.652
2366,Duplexing,zh,Chinese,qwen2.5-coder:7b,双面打印,0.783
2367,Word Processor,zh,Chinese,qwen2.5-coder:7b,文字处理器,0.697
2368,Enhanced,zh,Chinese,qwen2.5-coder:7b,增强,0.591
2369,Session Preferences,zh,Chinese,qwen2.5-coder:7b,会话偏好设置,0.872
2370,Custom 8,zh,Chinese,qwen2.5-coder:7b,自定义 8,0.86
2371,Color Transfer,zh,Chinese,qwen2.5-coder:7b,颜色传输,0.642
2372,Actions,zh,Chinese,qwen2.5-coder:7b,操作,0.496
2373,Difference,zh,Chinese,qwen2.5-coder:7b,差异,0.52
2374,Directory Size,zh,Chinese,qwen2.5-coder:7b,目录大小,0.653
2375,Certificate Dump,zh,Chinese,qwen2.5-coder:7b,证书转储,0.803
2376,ATM Networking,zh,Chinese,qwen2.5-coder:7b,ATM网络,0.847
2377,Desktop Overview,zh,Chinese,qwen2.5-coder:7b,桌面概览,0.795
2378,Lao Kip,zh,Chinese,qwen2.5-coder:7b,老基普,0.827
2379,Algerian Dinar,zh,Chinese,qwen2.5-coder:7b,阿尔及利亚第纳尔,1.162
2380,Media Source,zh,Chinese,qwen2.5-coder:7b,媒体来源,0.63
2381,Life time,zh,Chinese,qwen2.5-coder:7b,生命周期,0.549
2382,Extrusion,zh,Chinese,qwen2.5-coder:7b,挤出,0.724
2383,Look,zh,Chinese,qwen2.5-coder:7b,看,0.51
2384,Policy,zh,Chinese,qwen2.5-coder:7b,政策,0.506
2385,Flip Over,zh,Chinese,qwen2.5-coder:7b,翻转,0.633
2386,Value in Y,zh,Chinese,qwen2.5-coder:7b,Y轴值,0.935
2387,& Rating,zh,Chinese,qwen2.5-coder:7b,&评分,0.63
2388,Notification from %1,zh,Chinese,qwen2.5-coder:7b,来自 %1 的通知,1.081
2389,Rotation:,zh,Chinese,qwen2.5-coder:7b,旋转：,0.614
2390,Bridges,zh,Chinese,qwen2.5-coder:7b,桥梁,0.576
2391,March,zh,Chinese,qwen2.5-coder:7b,三月,0.671
2392,Dig Deep,zh,Chinese,qwen2.5-coder:7b,深入挖掘,0.646
2393,KSnake: Single player,zh,Chinese,qwen2.5-coder:7b,KSnake: 单人模式,1.255
2394,Certification,zh,Chinese,qwen2.5-coder:7b,认证,0.552
2395,Blue Curve,zh,Chinese,qwen2.5-coder:7b,蓝色曲线,0.684
2396,& General MIDI,zh,Chinese,qwen2.5-coder:7b,&通用MIDI,0.928
2397,Finishings:,zh,Chinese,qwen2.5-coder:7b,表面处理:,0.885
2398,Asia/ Manila,zh,Chinese,qwen2.5-coder:7b,亚洲/马尼拉,0.978
2399,Connected:,zh,Chinese,qwen2.5-coder:7b,已连接：,0.805
2400,wait X,zh,Chinese,qwen2.5-coder:7b,等待 X,0.805
2401,Brackets,zh,Chinese,qwen2.5-coder:7b,括号,0.797
2402,KHelpCenter Index Builder,zh,Chinese,qwen2.5-coder:7b,KHelpCenter 索引构建器,1.678
2403,Case Insensitive,zh,Chinese,qwen2.5-coder:7b,不区分大小写,0.925
2404,Keyboard,zh,Chinese,qwen2.5-coder:7b,键盘,0.53
2405,& QuickBuild configuration:,zh,Chinese,qwen2.5-coder:7b,& 快速构建配置:,1.247
2406,Spanish peseta,zh,Chinese,qwen2.5-coder:7b,西班牙比塞塔,0.948
2407,libssh2 Developers,zh,Chinese,qwen2.5-coder:7b,libssh2 开发者,1.094
2408,currentValue,zh,Chinese,qwen2.5-coder:7b,当前值,0.673
2409,History size:,zh,Chinese,qwen2.5-coder:7b,历史大小：,0.737
2410,& New,zh,Chinese,qwen2.5-coder:7b,& 新建,0.737
2411,Cell Format,zh,Chinese,qwen2.5-coder:7b,单元格格式,0.769
2412,Placement:,zh,Chinese,qwen2.5-coder:7b,放置：,0.632
2413,quick start,zh,Chinese,qwen2.5-coder:7b,快速开始,0.646
2414,Free/ busy,zh,Chinese,qwen2.5-coder:7b,空闲/忙碌,0.9
2415,Bracket highlight:,zh,Chinese,qwen2.5-coder:7b,括号高亮：,0.968
2416,& Remove Sensor,zh,Chinese,qwen2.5-coder:7b,移除传感器,0.79
2417,Symmetric Point,zh,Chinese,qwen2.5-coder:7b,对称点,0.825
2418,& User,zh,Chinese,qwen2.5-coder:7b,& 用户,0.642
2419,Close Object,zh,Chinese,qwen2.5-coder:7b,关闭对象,0.678
2420,Adblock disabled,zh,Chinese,qwen2.5-coder:7b,广告拦截已禁用,1.003
2421,Nepomuk PIMO Resource Editor,zh,Chinese,qwen2.5-coder:7b,Nepomuk PIMO 资源编辑器,1.893
2422,& Selected Addresses,zh,Chinese,qwen2.5-coder:7b,已选地址,0.788
2423,Solution Moves,zh,Chinese,qwen2.5-coder:7b,解决方案移动,0.688
2424,helpviewer,zh,Chinese,qwen2.5-coder:7b,帮助查看器,0.826
2425,Caps Lock is enabled,zh,Chinese,qwen2.5-coder:7b,“大写锁定已启用”,1.27
2426,Temperature Unit,zh,Chinese,qwen2.5-coder:7b,温度单位,0.636
2427,Updated,zh,Chinese,qwen2.5-coder:7b,已更新,0.599
2428,Star Tool,zh,Chinese,qwen2.5-coder:7b,星工具,0.669
2429,of Muharram,zh,Chinese,qwen2.5-coder:7b,穆罕默德,0.935
2430,Ratings,zh,Chinese,qwen2.5-coder:7b,评分,0.56
2431,Activity Transition,zh,Chinese,qwen2.5-coder:7b,活动过渡,0.641
2432,Report Design,zh,Chinese,qwen2.5-coder:7b,报表设计,0.629
2433,"Artist ""%1"" from %2",zh,Chinese,qwen2.5-coder:7b,"艺术家 ""%1"" 来自 %2",1.459
2434,24-hour format,zh,Chinese,qwen2.5-coder:7b,24小时制,0.933
2435,KGame Pointer,zh,Chinese,qwen2.5-coder:7b,K游戏指针,0.905
2436,Newspaper activity,zh,Chinese,qwen2.5-coder:7b,报纸活动,0.702
2437,Girl,zh,Chinese,qwen2.5-coder:7b,女孩,0.528
2438,Resource:,zh,Chinese,qwen2.5-coder:7b,资源:,0.601
2439,World Domination Strategy Game,zh,Chinese,qwen2.5-coder:7b,世界征服策略游戏,0.965
2440,Other,zh,Chinese,qwen2.5-coder:7b,其他,0.529
2441,Recording folder:,zh,Chinese,qwen2.5-coder:7b,录音文件夹：,0.892
2442,& Highlighting,zh,Chinese,qwen2.5-coder:7b,高亮显示,0.788
2443,& Fine Tuning,zh,Chinese,qwen2.5-coder:7b,&微调,0.757
2444,Tea List,zh,Chinese,qwen2.5-coder:7b,茶列表,0.687
2445,Unit management,zh,Chinese,qwen2.5-coder:7b,单位管理,0.624
2446,Picture Properties,zh,Chinese,qwen2.5-coder:7b,图片属性,0.655
2447,Save License,zh,Chinese,qwen2.5-coder:7b,保存许可证,0.665
2448,HTMLPreview,zh,Chinese,qwen2.5-coder:7b,HTML预览,0.741
2449,Show a Contact,zh,Chinese,qwen2.5-coder:7b,显示联系人,0.747
2450,Date & & Time,zh,Chinese,qwen2.5-coder:7b,日期 & & 时间,0.919
2451,Cisco - Workgroup switch,zh,Chinese,qwen2.5-coder:7b,Cisco - 工作组交换机,1.333
2452,Pay to,zh,Chinese,qwen2.5-coder:7b,支付给,0.655
2453,< Generic >,zh,Chinese,qwen2.5-coder:7b,通用,0.579
2454,slider,zh,Chinese,qwen2.5-coder:7b,滑块,0.62
2455,"Yellow, Black",zh,Chinese,qwen2.5-coder:7b,黄色，黑色,0.769
2456,of Shvat,zh,Chinese,qwen2.5-coder:7b,Shvat 的,0.983
2457,Main directory,zh,Chinese,qwen2.5-coder:7b,主目录,0.634
2458,Interpolate,zh,Chinese,qwen2.5-coder:7b,插值,0.649
2459,Update Source,zh,Chinese,qwen2.5-coder:7b,更新源,0.657
2460,0x00 (None),zh,Chinese,qwen2.5-coder:7b,0x00 (无),1.227
2461,Left of,zh,Chinese,qwen2.5-coder:7b,左边,0.532
2462,SXM Files,zh,Chinese,qwen2.5-coder:7b,SXM 文件,0.789
2463,In-Painting,zh,Chinese,qwen2.5-coder:7b,修复,0.594
2464,of November,zh,Chinese,qwen2.5-coder:7b,十一月,0.65
2465,Dependencies:,zh,Chinese,qwen2.5-coder:7b,依赖项：,0.742
2466,Quick search:,zh,Chinese,qwen2.5-coder:7b,快速搜索：,0.761
2467,DVD-R Sequential,zh,Chinese,qwen2.5-coder:7b,DVD-R 顺序,0.908
2468,Single Player,zh,Chinese,qwen2.5-coder:7b,单人游戏,0.797
2469,Forest,zh,Chinese,qwen2.5-coder:7b,森林,0.502
2470,Xsldbg Entities,zh,Chinese,qwen2.5-coder:7b,Xsldbg 实体,1.186
2471,Conclusion,zh,Chinese,qwen2.5-coder:7b,结论,0.522
2472,Purchase,zh,Chinese,qwen2.5-coder:7b,购买,0.493
2473,interface skin,zh,Chinese,qwen2.5-coder:7b,界面皮肤,0.614
2474,knots,zh,Chinese,qwen2.5-coder:7b,节,0.707
2475,XY grid resolution,zh,Chinese,qwen2.5-coder:7b,XY网格分辨率,1.044
2476,Bond Length,zh,Chinese,qwen2.5-coder:7b,键长,0.838
2477,Logic Game,zh,Chinese,qwen2.5-coder:7b,逻辑游戏,0.764
2478,Upload Lists,zh,Chinese,qwen2.5-coder:7b,上传列表,1.071
2479,Background object color:,zh,Chinese,qwen2.5-coder:7b,背景对象颜色：,1.006
2480,Destination File,zh,Chinese,qwen2.5-coder:7b,目标文件,0.792
2481,Dialogs,zh,Chinese,qwen2.5-coder:7b,对话框,0.844
2482,Current,zh,Chinese,qwen2.5-coder:7b,当前,0.698
2483,Keyboard controller,zh,Chinese,qwen2.5-coder:7b,键盘控制器,0.978
2484,Softest,zh,Chinese,qwen2.5-coder:7b,最柔软的,1.149
2485,New Item,zh,Chinese,qwen2.5-coder:7b,新项目,0.876
2486,is between '#V1S# 'and '#V2S#',zh,Chinese,qwen2.5-coder:7b,在“#V1S#”和“#V2S#”之间,2.821
2487,Collection,zh,Chinese,qwen2.5-coder:7b,集合,0.569
2488,Rolled back,zh,Chinese,qwen2.5-coder:7b,回滚,0.766
2489,Structure beginning:,zh,Chinese,qwen2.5-coder:7b,结构开始：,0.789
2490,Group Section Editor,zh,Chinese,qwen2.5-coder:7b,组节编辑器,0.968
2491,Does Not Contain,zh,Chinese,qwen2.5-coder:7b,不包含,0.753
2492,& Response,zh,Chinese,qwen2.5-coder:7b,& 响应,0.893
2493,Config file:,zh,Chinese,qwen2.5-coder:7b,配置文件：,0.839
2494,Details for: %1,zh,Chinese,qwen2.5-coder:7b,“详情：%1”,1.088
2495,Aperture priority,zh,Chinese,qwen2.5-coder:7b,光圈优先,0.859
2496,Signs,zh,Chinese,qwen2.5-coder:7b,标志,0.628
2497,Phonebook,zh,Chinese,qwen2.5-coder:7b,电话簿,0.692
2498,User1,zh,Chinese,qwen2.5-coder:7b,用户1,0.66
2499,Border size (pixels):,zh,Chinese,qwen2.5-coder:7b,边框大小（像素）：,1.291
2500,& Copy Folders To,zh,Chinese,qwen2.5-coder:7b,& 将文件夹复制到,1.462
2501,Multiple,zh,Chinese,qwen2.5-coder:7b,多个,0.582
2502,Null passwords,zh,Chinese,qwen2.5-coder:7b,空密码,0.657
2503,Sampler Example:,zh,Chinese,qwen2.5-coder:7b,采样器示例：,1.044
2504,LastFM Data Engine,zh,Chinese,qwen2.5-coder:7b,LastFM 数据引擎,0.902
2505,developer (HTML rendering engine),zh,Chinese,qwen2.5-coder:7b,开发者（HTML渲染引擎）,1.121
2506,Trusted,zh,Chinese,qwen2.5-coder:7b,可信的,0.641
2507,Developer (JavaScript),zh,Chinese,qwen2.5-coder:7b,开发者（JavaScript）,0.873
2508,Dither Algorithm,zh,Chinese,qwen2.5-coder:7b,抖动算法,0.761
2509,Rotation degree,zh,Chinese,qwen2.5-coder:7b,旋转角度,0.647
2510,Online Since:,zh,Chinese,qwen2.5-coder:7b,自上线以来:,0.985
2511,Finisher Installed,zh,Chinese,qwen2.5-coder:7b,安装完成,0.686
2512,Service ID:,zh,Chinese,qwen2.5-coder:7b,服务ID：,0.738
2513,Maximum seeds:,zh,Chinese,qwen2.5-coder:7b,最大种子数：,0.844
2514,DodgerBlue,zh,Chinese,qwen2.5-coder:7b,DodgerBlue,0.759
2515,& Name:,zh,Chinese,qwen2.5-coder:7b,&名称:,0.745
2516,Enrollment progress,zh,Chinese,qwen2.5-coder:7b,注册进度,0.692
2517,Current Document,zh,Chinese,qwen2.5-coder:7b,当前文档,0.624
2518,theta,zh,Chinese,qwen2.5-coder:7b,θ,0.503
2519,Environment:,zh,Chinese,qwen2.5-coder:7b,环境:,0.617
2520,of Ramadan,zh,Chinese,qwen2.5-coder:7b,斋月,0.642
2521,< < Previous,zh,Chinese,qwen2.5-coder:7b,上一页 < <,0.892
2522,Phone numbers,zh,Chinese,qwen2.5-coder:7b,电话号码,0.718
2523,Network Management Backend,zh,Chinese,qwen2.5-coder:7b,网络管理后台,0.749
2524,PolicyKit Authorization,zh,Chinese,qwen2.5-coder:7b,PolicyKit 授权,0.848
2525,Filesystems,zh,Chinese,qwen2.5-coder:7b,文件系统,0.629
2526,Line Color...,zh,Chinese,qwen2.5-coder:7b,线条颜色...,0.717
2527,Playlist Layouts,zh,Chinese,qwen2.5-coder:7b,播放列表布局,0.805
2528,& Edit Feed...,zh,Chinese,qwen2.5-coder:7b,&编辑源...,0.91
2529,Decrypt,zh,Chinese,qwen2.5-coder:7b,解密,0.677
2530,Overcrowding,zh,Chinese,qwen2.5-coder:7b,人满为患,0.961
2531,& Search Directory Service,zh,Chinese,qwen2.5-coder:7b,&搜索目录服务,0.972
2532,& Extended,zh,Chinese,qwen2.5-coder:7b,& 扩展,0.92
2533,Skymap Options,zh,Chinese,qwen2.5-coder:7b,天图选项,1.076
2534,Game Done!,zh,Chinese,qwen2.5-coder:7b,游戏完成！,0.886
2535,Unsticky,zh,Chinese,qwen2.5-coder:7b,取消粘性,0.859
2536,%1 by Flag,zh,Chinese,qwen2.5-coder:7b,%1 by 标志,1.424
2537,Notes color:,zh,Chinese,qwen2.5-coder:7b,便签颜色：,1.002
2538,Adept Updater,zh,Chinese,qwen2.5-coder:7b,精通更新器,0.993
2539,Remove applet,zh,Chinese,qwen2.5-coder:7b,移除小部件,1.09
2540,site_,zh,Chinese,qwen2.5-coder:7b,网站,0.651
2541,Apply filter,zh,Chinese,qwen2.5-coder:7b,应用过滤器,0.886
2542,Leader name,zh,Chinese,qwen2.5-coder:7b,领导者姓名,0.755
2543,23rd Last,zh,Chinese,qwen2.5-coder:7b,倒数第23个,1.312
2544,Page: XX of XX,zh,Chinese,qwen2.5-coder:7b,第 XX 页，共 XX 页,1.676
2545,& Charge,zh,Chinese,qwen2.5-coder:7b,&充电,0.745
2546,Here exact,zh,Chinese,qwen2.5-coder:7b,这里精确,0.741
2547,Work Week View,zh,Chinese,qwen2.5-coder:7b,工作周视图,1.007
2548,Template Class,zh,Chinese,qwen2.5-coder:7b,模板类,0.768
2549,Power,zh,Chinese,qwen2.5-coder:7b,电源,0.623
2550,segment,zh,Chinese,qwen2.5-coder:7b,段落,0.732
2551,Review Copy,zh,Chinese,qwen2.5-coder:7b,审阅副本,0.774
2552,Nepomuk Desktop Search Configuration,zh,Chinese,qwen2.5-coder:7b,Nepomuk 桌面搜索配置,1.721
2553,System Tray Mode,zh,Chinese,qwen2.5-coder:7b,系统托盘模式,0.921
2554,Australia/ West,zh,Chinese,qwen2.5-coder:7b,澳大利亚/西部,1.002
2555,Run in terminal,zh,Chinese,qwen2.5-coder:7b,在终端运行,0.975
2556,Unknown Applet,zh,Chinese,qwen2.5-coder:7b,未知的小部件,0.877
2557,MaximumAttachmentSize,zh,Chinese,qwen2.5-coder:7b,最大附件大小,0.885
2558,Font Type Selection,zh,Chinese,qwen2.5-coder:7b,字体类型选择,0.94
2559,Finish,zh,Chinese,qwen2.5-coder:7b,完成,0.641
2560,User Processes,zh,Chinese,qwen2.5-coder:7b,用户进程,0.682
2561,Faeroe Islands,zh,Chinese,qwen2.5-coder:7b,法罗群岛,0.805
2562,Choose pixmap:,zh,Chinese,qwen2.5-coder:7b,选择位图：,0.88
2563,vertices,zh,Chinese,qwen2.5-coder:7b,顶点,0.617
2564,CA Expired,zh,Chinese,qwen2.5-coder:7b,CA过期,0.831
2565,XY rotation,zh,Chinese,qwen2.5-coder:7b,X轴旋转,0.766
2566,Height 1:,zh,Chinese,qwen2.5-coder:7b,高度 1:,0.852
2567,Contents,zh,Chinese,qwen2.5-coder:7b,目录,0.511
2568,Anyone:,zh,Chinese,qwen2.5-coder:7b,任何人：,0.599
2569,homeaddress,zh,Chinese,qwen2.5-coder:7b,家庭地址,0.642
2570,DarkGrey,zh,Chinese,qwen2.5-coder:7b,深灰色,0.651
2571,Board Size,zh,Chinese,qwen2.5-coder:7b,棋盘大小,0.724
2572,ProjectTree Description,zh,Chinese,qwen2.5-coder:7b,项目树描述,0.761
2573,Config Editor,zh,Chinese,qwen2.5-coder:7b,配置编辑器,0.725
2574,User password,zh,Chinese,qwen2.5-coder:7b,用户密码,0.666
2575,To Shortest,zh,Chinese,qwen2.5-coder:7b,最短,0.692
2576,LightSlateGrey,zh,Chinese,qwen2.5-coder:7b,浅灰色,0.735
2577,3D look,zh,Chinese,qwen2.5-coder:7b,3D外观,0.77
2578,Access key:,zh,Chinese,qwen2.5-coder:7b,访问密钥：,0.808
2579,Tool:,zh,Chinese,qwen2.5-coder:7b,工具:,0.639
2580,Selection mode:,zh,Chinese,qwen2.5-coder:7b,选择模式：,0.819
2581,Cooperation?,zh,Chinese,qwen2.5-coder:7b,合作？,0.667
2582,User Profiles,zh,Chinese,qwen2.5-coder:7b,用户资料,0.659
2583,A screenshot of & kolorlines;,zh,Chinese,qwen2.5-coder:7b,一个 &kolorlines; 的屏幕截图；,1.676
2584,Speech,zh,Chinese,qwen2.5-coder:7b,语音,0.536
2585,Transaction error,zh,Chinese,qwen2.5-coder:7b,交易错误,0.633
2586,unitsY,zh,Chinese,qwen2.5-coder:7b,单位Y,0.69
2587,Collection Manager,zh,Chinese,qwen2.5-coder:7b,集合管理器,0.761
2588,Direct Line,zh,Chinese,qwen2.5-coder:7b,直拨线路,0.775
2589,Outline Selection,zh,Chinese,qwen2.5-coder:7b,选择概要,0.763
2590,Painterly Mixer,zh,Chinese,qwen2.5-coder:7b,画笔混合器,1.214
2591,Data Ranges...,zh,Chinese,qwen2.5-coder:7b,数据范围...,0.86
2592,Base Tools,zh,Chinese,qwen2.5-coder:7b,基础工具,0.686
2593,Unencoded,zh,Chinese,qwen2.5-coder:7b,未编码,0.701
2594,& kde; News Resource,zh,Chinese,qwen2.5-coder:7b,& kde; 新闻资源,1.347
2595,& Line graph,zh,Chinese,qwen2.5-coder:7b,& 线图,1.041
2596,Key frame:,zh,Chinese,qwen2.5-coder:7b,关键帧：,0.838
2597,Twitter username:,zh,Chinese,qwen2.5-coder:7b,Twitter 用户名：,0.897
2598,Spread Sheet,zh,Chinese,qwen2.5-coder:7b,电子表格,0.727
2599,Marked: 0,zh,Chinese,qwen2.5-coder:7b,已标记: 0,1.165
2600,Printer identification,zh,Chinese,qwen2.5-coder:7b,打印机识别,0.705
2601,File System Type,zh,Chinese,qwen2.5-coder:7b,文件系统类型,0.804
2602,Authentication CUPS; IPP SSL TLS,zh,Chinese,qwen2.5-coder:7b,认证 CUPS; IPP SSL TLS,1.392
2603,increasing Y,zh,Chinese,qwen2.5-coder:7b,增加 Y,0.82
2604,Time-stamping,zh,Chinese,qwen2.5-coder:7b,时间戳,0.757
2605,Disabled plugins,zh,Chinese,qwen2.5-coder:7b,禁用的插件,0.992
2606,To Bottom,zh,Chinese,qwen2.5-coder:7b,到底部,0.709
2607,Print,zh,Chinese,qwen2.5-coder:7b,打印,0.592
2608,Close Nevertheless,zh,Chinese,qwen2.5-coder:7b,“尽管如此，关闭”,1.097
2609,may,zh,Chinese,qwen2.5-coder:7b,可能,0.59
2610,Eastern Europe,zh,Chinese,qwen2.5-coder:7b,东欧,0.68
2611,Excluded:,zh,Chinese,qwen2.5-coder:7b,排除:,0.694
2612,Taskbar & Notification,zh,Chinese,qwen2.5-coder:7b,任务栏 & 通知,1.131
2613,Layer,zh,Chinese,qwen2.5-coder:7b,图层,0.677
2614,EXIF: digitized,zh,Chinese,qwen2.5-coder:7b,EXIF: 数字化,1.219
2615,Accelerator:,zh,Chinese,qwen2.5-coder:7b,加速器：,0.838
2616,Communication,zh,Chinese,qwen2.5-coder:7b,通信,0.665
2617,Player 1 name,zh,Chinese,qwen2.5-coder:7b,玩家1姓名,0.967
2618,Block Size,zh,Chinese,qwen2.5-coder:7b,块大小,0.62
2619,Global Shortcut Registration,zh,Chinese,qwen2.5-coder:7b,全局快捷键注册,0.872
2620,SUBTOTAL(9; A1: A5) returns 119,zh,Chinese,qwen2.5-coder:7b,SUBTOTAL(9; A1: A5) 返回 119,2.856
2621,tv device,zh,Chinese,qwen2.5-coder:7b,电视设备,0.66
2622,& Run Speed,zh,Chinese,qwen2.5-coder:7b,&运行速度,0.901
2623,Maze of Ladders,zh,Chinese,qwen2.5-coder:7b,梯迷宫,0.879
2624,Text-to-Speech Frontend,zh,Chinese,qwen2.5-coder:7b,文本转语音前端,0.949
2625,Bottom Margin,zh,Chinese,qwen2.5-coder:7b,底部边距,0.742
2626,Activity name:,zh,Chinese,qwen2.5-coder:7b,活动名称：,0.749
2627,No carrier response:,zh,Chinese,qwen2.5-coder:7b,无网络响应：,0.921
2628,Constraint Start,zh,Chinese,qwen2.5-coder:7b,约束开始,0.64
2629,Unbeatable,zh,Chinese,qwen2.5-coder:7b,无敌的,0.683
2630,Preferred account,zh,Chinese,qwen2.5-coder:7b,首选账户,0.62
2631,Main Area,zh,Chinese,qwen2.5-coder:7b,主区域,0.621
2632,Mexican peso,zh,Chinese,qwen2.5-coder:7b,墨西哥比索,0.817
2633,ImagePlugin_Core,zh,Chinese,qwen2.5-coder:7b,图像插件核心,0.923
2634,Screen Size,zh,Chinese,qwen2.5-coder:7b,屏幕大小,0.642
2635,Group,zh,Chinese,qwen2.5-coder:7b,组,0.504
2636,Gain,zh,Chinese,qwen2.5-coder:7b,获取,0.536
2637,& Quiz,zh,Chinese,qwen2.5-coder:7b,&测验,0.735
2638,Colon,zh,Chinese,qwen2.5-coder:7b,冒号,0.683
2639,KMail Question,zh,Chinese,qwen2.5-coder:7b,KMail 问题,0.939
2640,Launch plugin-configuration dialog,zh,Chinese,qwen2.5-coder:7b,启动插件配置对话框,1.204
2641,Music Box,zh,Chinese,qwen2.5-coder:7b,音乐盒,0.645
2642,Master Slide...,zh,Chinese,qwen2.5-coder:7b,主幻灯片...,1.026
2643,Unknown Host,zh,Chinese,qwen2.5-coder:7b,未知主机,0.641
2644,Gallery:,zh,Chinese,qwen2.5-coder:7b,画廊:,0.679
2645,Grid size,zh,Chinese,qwen2.5-coder:7b,网格大小,0.614
2646,Sky Walker,zh,Chinese,qwen2.5-coder:7b,天行者,0.719
2647,Custom Type 5,zh,Chinese,qwen2.5-coder:7b,自定义类型 5,1.016
2648,Collections,zh,Chinese,qwen2.5-coder:7b,集合,0.523
2649,VmSize,zh,Chinese,qwen2.5-coder:7b,虚拟机大小,0.798
2650,Midpoint,zh,Chinese,qwen2.5-coder:7b,中点,0.656
2651,Draw goal,zh,Chinese,qwen2.5-coder:7b,绘制目标,0.633
2652,Friction,zh,Chinese,qwen2.5-coder:7b,摩擦,0.54
2653,& Option:,zh,Chinese,qwen2.5-coder:7b,&选项:,0.762
2654,The Grid,zh,Chinese,qwen2.5-coder:7b,网格,0.591
2655,Opposites,zh,Chinese,qwen2.5-coder:7b,对立面,0.687
2656,Signal:,zh,Chinese,qwen2.5-coder:7b,信号:,0.63
2657,Little Worm,zh,Chinese,qwen2.5-coder:7b,小虫子,0.737
2658,Running in Kile,zh,Chinese,qwen2.5-coder:7b,在 Kile 中运行,1.011
2659,A. I. Configuration,zh,Chinese,qwen2.5-coder:7b,人工智能配置,0.741
2660,chargeVariance,zh,Chinese,qwen2.5-coder:7b,充电差异,0.658
2661,South African Rand,zh,Chinese,qwen2.5-coder:7b,南非兰特,0.757
2662,Drawings,zh,Chinese,qwen2.5-coder:7b,绘图,0.668
2663,Multicast Packet Rate,zh,Chinese,qwen2.5-coder:7b,多播数据包速率,0.987
2664,Spreadsheet,zh,Chinese,qwen2.5-coder:7b,电子表格,0.611
2665,Please change & name:,zh,Chinese,qwen2.5-coder:7b,请更改 &名称:,0.982
2666,Pattern,zh,Chinese,qwen2.5-coder:7b,模式,0.495
2667,KoProperty Test,zh,Chinese,qwen2.5-coder:7b,KoProperty 测试,0.995
2668,Title Definition,zh,Chinese,qwen2.5-coder:7b,标题定义,0.662
2669,Thumbnail Handler,zh,Chinese,qwen2.5-coder:7b,缩略图处理程序,1.014
2670,Icelandic (is),zh,Chinese,qwen2.5-coder:7b,冰岛语 (is),1.138
2671,Scaling mode,zh,Chinese,qwen2.5-coder:7b,缩放模式,0.73
2672,Open with & Konqueror,zh,Chinese,qwen2.5-coder:7b,使用 & Konqueror 打开,1.424
2673,Belarusian,zh,Chinese,qwen2.5-coder:7b,白俄罗斯语,0.786
2674,Panel Tool Box,zh,Chinese,qwen2.5-coder:7b,面板工具箱,0.8
2675,Speed down/ up,zh,Chinese,qwen2.5-coder:7b,减速/ 加速,0.911
2676,G Major,zh,Chinese,qwen2.5-coder:7b,G 大调,0.875
2677,Icon Editor,zh,Chinese,qwen2.5-coder:7b,图标编辑器,0.763
2678,Job Description,zh,Chinese,qwen2.5-coder:7b,职位描述,0.635
2679,CUPS Server Configuration,zh,Chinese,qwen2.5-coder:7b,CUPS服务器配置,0.886
2680,Access Permissions,zh,Chinese,qwen2.5-coder:7b,访问权限,0.624
2681,Lesson descriptions,zh,Chinese,qwen2.5-coder:7b,课程描述,0.673
2682,Folder Properties,zh,Chinese,qwen2.5-coder:7b,文件夹属性,0.778
2683,Root Folder,zh,Chinese,qwen2.5-coder:7b,根文件夹,0.739
2684,No Constraint,zh,Chinese,qwen2.5-coder:7b,无限制,0.628
2685,Ink Drying Time (sec),zh,Chinese,qwen2.5-coder:7b,墨水干燥时间（秒）,1.277
2686,Main author,zh,Chinese,qwen2.5-coder:7b,主要作者,0.67
2687,Attachment List,zh,Chinese,qwen2.5-coder:7b,附件列表,0.642
2688,Motion blur,zh,Chinese,qwen2.5-coder:7b,运动模糊,0.702
2689,sphere sweep,zh,Chinese,qwen2.5-coder:7b,球面扫描,0.739
2690,Configuration Wizard,zh,Chinese,qwen2.5-coder:7b,配置向导,0.737
2691,Steps:,zh,Chinese,qwen2.5-coder:7b,步骤：,0.638
2692,Unknown type,zh,Chinese,qwen2.5-coder:7b,未知类型,0.644
2693,Enter for example sys.,zh,Chinese,qwen2.5-coder:7b,请输入，例如 sys。,0.963
2694,Case sensitive,zh,Chinese,qwen2.5-coder:7b,大小写敏感,0.744
2695,Time Tunnel,zh,Chinese,qwen2.5-coder:7b,时间隧道,0.663
2696,Installation directory:,zh,Chinese,qwen2.5-coder:7b,安装目录：,0.731
2697,Specified:,zh,Chinese,qwen2.5-coder:7b,指定的：,0.713
2698,XVideo port,zh,Chinese,qwen2.5-coder:7b,X视频端口,0.898
2699,Bit Rate:,zh,Chinese,qwen2.5-coder:7b,比特率：,0.741
2700,Structure Tree Plugin,zh,Chinese,qwen2.5-coder:7b,结构树插件,0.842
2701,Connection specific:: OpenVPN,zh,Chinese,qwen2.5-coder:7b,特定连接:: OpenVPN,1.046
2702,Samoan,zh,Chinese,qwen2.5-coder:7b,萨摩亚语,0.903
2703,Very Large (1600x1200),zh,Chinese,qwen2.5-coder:7b,非常大 (1600x1200),2.159
2704,Building Shapes,zh,Chinese,qwen2.5-coder:7b,构建形状,0.679
2705,News,zh,Chinese,qwen2.5-coder:7b,新闻,0.548
2706,Presentation Quality,zh,Chinese,qwen2.5-coder:7b,演示质量,0.646
2707,"(#034;) Quotation mark
Access Control
High
Some
ROW(reference)
Grid Settings
Impose
Power Profile
Preview Image:
Size: %1
(C) 1997-2008, KDE Developers
Category Animals
Artifact & name:
Network Tool
Certificate authority
Magic output:
3D view type:
Complete Files
& Work path:
Scheduling constraint:
Indentation Amount
CSV Data
Access:
xsltproc & executable:
Environments
Volume set name:
printed: %1
Shred
Ball Game
Maintenance
Texture:
Developer
& No scaling
Domain name:
Keyring Settings
Custom 5
KGet Transfer List
Lightness Adjustments
ExtensionsManager
Screw
Temperature:
Holiday color
Settings Show Toolbar
Network Port
PolicyKit KDE Authorization
%1 are empty
Album Properties
Size of One Page
Samba Access Log Files
Share modes
Default DTD:
Text Settings
& Scale Bar
Regular expression\t(Alt+4)
File Info
Do It
Override Type
VideoCD on CD-i
Reflection print scanner
& Pen width:
Hebrew (he)
Save Location:
Access (wml)
Weather condition
Movie player
Playlist Options
Accounts
KEnvy24 Main Part
North-East
Non-ready
Chat text:
History...
Milestone Gantt View
Morning
Rechargeable
Rename Object
Online Reader Configuration
Image quality:
Media ID:
See-through bands
Document Settings
Unable to open '%1 '
Usenet News
Referenced
Browsing With & konqueror;
British Pound
Calendar & Support
MusicBrainz Query
PhoneIn
Every %1 minutes
Center Right
In progress
& Queued:
Using Stencils
Calculation
CadetBlue2
Page:
ImagePlugin_RainDrop
User Images
Alert
LightBlue1
& Templates folder:
Tenor Sax
deleted
Edit Item
Retry
language
Example sentence
KDE User's Manual
& Rename
Access Rights
Start Position: %1
Reverted %1.
Parser problem
Result Preview
24 fifteen
& Keyboard Layout
SO-6 Bulk Sorter
Gilbert Islands
& Typeface size:
built-in
Translucency:
Pentagon
Copy To...
Orbit Trails
Very Big (1280 pixels)
Version Control
Read-write
Project Overview
& Profile Properties
No Logging
Graph Style
Output was: %1
C++ Support
Clock Speeds
Below:
Per Amount
Aborted.
& Placement:
SVN Delete
point
Gradient: Melting point
Outgoing Transfers
& Settings
Selection Mode
How to obtain & kwordquiz;
Event history
Particle type
calculate
Thumbnail viewer
Remote Addr:
& Resources
Cascade
Interruption
blue2
The Horizon
New & Tab
Show Next
Group 8:
Main developer
Chrominance filtering
Appearance:
maximum size
System Configuration Problems
Handheld - > PC
Activity Bar
Generator Layer Properties
{expected
Report for %1
At %1, you wrote:
Color chooser
Corner point
Move down
Folder type:
Azerbaijani Manat
Zeroconf enhancements
ImagePlugin_ShearTool
Collisions
City
Pressure development: %1
Update Ban
Receipt:
New Game
Follow cursor
& New Item
& Change
Printer driver file:
Artwork directory
Venezuelian bolivar
rectMeanParticleMassVariance
west Uzbekistan
Customizing
Docbook Image Wizard
Level stats
Blur Effects
Start Time:
Dialog to print
lengthVariance
Shortcut name: w
Place names
Update?
Swiss French (fr-ch)
Sky culture:
memory allocation failure
Use PFS:
Paste As
Flood Fill
Ukrainian (Ukraine)
Tuning
Suspend KTorrent
Exit Options
Server binaries:
User5
Contains
& Connection name:
Group & Properties
Data Area
Window-Specific
Acceptance delay:
DodgerBlue3
& Quote indicator:
New Model
Subtraction:
English (Zimbabwe)
Practice
Completion code
Nepomuk resource inspector
Processing document...
Block size:
underscore
Window Identification
& Bookmarks
Game speed:
Chord
OpenPGP Signing Certificate:
Parsing
Appendable:
Top Right
Tiled
Show name
Distinguished Name
Floaters
Remote network:
CCSGraph
*. rc_BAR_DTEP Description
Search Scripts
Max size: %1
3 Weeks
Checkout From Repository...
Project Edit Accounts...
Particle density
Hardware information
Irish
& Opacity:
cD galaxies:
passwords
Resource Cache Settings
Ambient light:
Add Record
Template Manager
& Publisher:
Computer Name
Hydrophobicity
Iceland
Quality Type
Color Matching
Printcap name:
PowderBlue
awesome
Diff Ext for Windows
OpenVPN profile file
Points
Stretch Contrast
Unmount command:
F9 Rename
Encoder priority
Loved Tracks
Player name
The Buttons
& New Album
Power management
Management
Forecast:
Code Viewer
Player5
Active Torrents
Code Verbosity
KickBan
Mountain Time - south Idaho & east Oregon
Seeders:
(6) Games
Falkland Islands
Closed Captioning Plugin
Service Toolbar
LibParted Exception: %1
Flemish Brabant
Congratulations
UADescription (Wget 1.11.4)
Favorite
Scope & Flags
CJK Compatibility Ideographs
& Billing information:
Model Properties
sound
Cisco - Truck
3D View
File size:
Particle Fountain (GL)
French (fr)
PEAP & Version:
Address book:
Simple_action
Tandem Configuration
Task Leader
Corrupted torrent.
Target File
& Quality:
How to obtain & ark;
DarkSlateGrey
New & Task...
aquamarine1
points
Queue Length
Initial Activity
Folder View Properties
Calendar Plugin Interface
Autoinclude
Filename extension:
First GID
Interrupts for 16-bit cards
Paper source:
Command Toolbar
Generation Progress
KJots Books
Bills
Delete Diagram?
& History size:
Layer Profile:
Rounding
File Preview
Side-band addressing
Documentation Window
Exiting
Charcoal Drawing
Calculating...
Rename Item...
Contact Manager
Eighths 1/ 8
& smime; encryption certificate
Datatrack Mode
Finished stylesheet
CDMA network devices
Saved
Search text:
Append
Halftone Images
Konqueror Integration
%1 (Encrypted)
Diff Output
Convert:
Server response color:
Advanced Dump
lieutenant
Template Properties
& Device
Music/ Audio
Near
Player Name
Did it work?
Center Of Curvature
Sphere Sweep
Background theme
client GLX vendor
False Color
Line segments
Description:
Listen port
File system browser
Bookmark Sync
Phong size:
Skip 1000 Forward
Frame Rate
& Audio languages
Interior view
Favorites
Game Show Standings
%1 (AI player)
Contents:
Agressive
Quiz
Smoothness
DATE(year; month; date)
Size Settings
verticalBox
1440 x 1440 DPI Emulated
< Unchanged >
Large
Player
Bouncing Cursor
Control polygon
Billing Periods
complete
Last Year
Search on Wikitravel
Processing
Size:
Photobook
Administrator Authentication
Glare of Sun:
Character...
Dual
Alternate (H)
Dimensions:
KDE Wallet Management Tool
Text property.
Interrupt Request (IRQ) Lines
KDE 4 Porting
DeepSkyBlue1
Proof
Delete Frame
Equation:
Outset
Arc file:
CA file
Transfers:
Scribo annotation plugin
Subject Change
Regular
Min password length:
Rename
Breakpoint
Yield
Your names
Right Arrow
KWordQuiz vocabulary
command-output
Stop color:
Image View
developer (HTML rendering engine, JavaScript)
deprecated
Shutdown script:
Turkey
Draw skin
Lightness:
Drop Down Box
Image Position
Search Preferences
Move right
Solve Problem
Gunshot
3D - filled
SpeedMine
Waiting...
Glsl Image
Installation Error
Using & knetattach;
Step Down
File System
F5 File Status
angularVelocityVariance
Audio CD inserted
Keyboard Mouse Battery
Volume Name
Crop Settings
Move Repository
ICC profile
uidNumber
Action...
Magenta, Yellow, Black
Recursive
CJK Strokes
SECOND(time)
arcade
Libya
FreeTTS speech synthesizer
of Sha`ban
Requests
Maximizing
& between
& New Entry...
Subscription Date:
Environment variables
Screen Captures
thistle1
Concentration Calculator
Uses of
& Completion mode:
X magnification
& Theme name:
Max height
Database Selector
Correction Mask
for example > 1999-10-10
& East
48 Points
System Theme
Position
Australia/ NSW
Version Message:
Motion Blur
Edit Referrer
KOffice Word Processor
Acidic Behaviour
Czechia
Distortion Effects...
Plasma group
Settings Beginner Speed
Deny
& Breakpoints
Java Code Generation
Brilliance:
Cycleway
Refresh:
Quick Select:
Matabeleland south
Source File:
New camera
picture
(c) 1999-2002 KDE Developers
Unknown error occurred.
Permissions Check
Execution time: %1 ms
Hardback
, but got '
KWeather Interfaces
buttonGroup
Parity
6th Last
Do Not Fetch
Cambodia
Hotpluggable
Networktransparency via KIO
Mount Point:
family
Shadow password file
Weak (fastest)
Cisco selection
Action list:
16 Cards
Searchers
Flat (faster)
Log Printing
Wetness
& User name:
Threshold
& Observation
Get Cover From & Internet...
Debugger Breakpoints
Network Clients Configuration
System Time
Network Configuration
Difficulty level.
Supporting KDE
WAV Info
Collection Setup
Configuring & kalarm;
Gamma Yellow
Certificate Information
Profile Information
Calendar events
Busy
player
Blockable items:
Cayman Islands Dollar
Non-digit
£(#163;) Pound sign
Transfer Settings
Window List
Not Filled
Maximum blink dwell time
Shortcut name: h
Select
Track name:
Message List
Fading duration:
Import Statistics
12 Months
purple
& Previous
¢(#162;) Cent sign
Admin Authentication
Sound
Account
Contributions
Command Reference
DVB Unknown
Period Definition
Tel No.
User Tag Radio: %1""",zh,Chinese,qwen2.5-coder:7b,"(#034;) 引号
访问控制
高
一些
ROW(引用)
网格设置
施加
电源配置文件
预览图像:
大小: %1
(C) 1997-2008, KDE 开发者
类别 动物
文物 & 名称:
网络工具
证书颁发机构
魔法输出:
3D 视图类型:
完整文件
& 工作路径:
调度约束:
缩进量",13.932
2708,Colour mode,zh,Chinese,qwen2.5-coder:7b,颜色模式,0.726
2709,Server Log,zh,Chinese,qwen2.5-coder:7b,服务器日志,0.731
2710,Tropic of Cancer,zh,Chinese,qwen2.5-coder:7b,北回归线,0.787
2711,EXIF viewer,zh,Chinese,qwen2.5-coder:7b,EXIF查看器,0.856
2712,SSL(3) encryption,zh,Chinese,qwen2.5-coder:7b,SSL(3)加密,1.004
2713,Lens Correction,zh,Chinese,qwen2.5-coder:7b,镜头校正,0.75
2714,First row,zh,Chinese,qwen2.5-coder:7b,第一行,0.661
2715,Selected,zh,Chinese,qwen2.5-coder:7b,已选中,0.684
2716,Stock%1,zh,Chinese,qwen2.5-coder:7b,股票%1,0.753
2717,& Collections,zh,Chinese,qwen2.5-coder:7b,& 集合,0.904
2718,Video device:,zh,Chinese,qwen2.5-coder:7b,视频设备：,0.746
2719,Join,zh,Chinese,qwen2.5-coder:7b,加入,0.502
2720,Group filter:,zh,Chinese,qwen2.5-coder:7b,群组筛选：,0.878
2721,& Add Watch...,zh,Chinese,qwen2.5-coder:7b,& 添加监视...,0.851
2722,"Summit, peak",zh,Chinese,qwen2.5-coder:7b,山峰,0.773
2723,Text direction:,zh,Chinese,qwen2.5-coder:7b,文本方向：,0.711
2724,New,zh,Chinese,qwen2.5-coder:7b,新,0.487
2725,Enrollment method,zh,Chinese,qwen2.5-coder:7b,注册方法,0.644
2726,prev,zh,Chinese,qwen2.5-coder:7b,上一页,0.592
2727,Glow,zh,Chinese,qwen2.5-coder:7b,发光,0.542
2728,Main Webpage,zh,Chinese,qwen2.5-coder:7b,主页,0.583
2729,Enabled,zh,Chinese,qwen2.5-coder:7b,启用,0.503
2730,creating,zh,Chinese,qwen2.5-coder:7b,创建中,0.595
2731,"Taiwan, Province Of China",zh,Chinese,qwen2.5-coder:7b,中国台湾省,0.856
2732,IPSec selection,zh,Chinese,qwen2.5-coder:7b,IPSec 选择,0.837
2733,"The database ""%1"" does not exist.",zh,Chinese,qwen2.5-coder:7b,"数据库 ""%1"" 不存在。",1.377
2734,Action Editor,zh,Chinese,qwen2.5-coder:7b,动作编辑器,0.75
2735,HTTP Response:,zh,Chinese,qwen2.5-coder:7b,HTTP 响应：,0.912
2736,Ring response:,zh,Chinese,qwen2.5-coder:7b,铃响回应：,0.829
2737,three,zh,Chinese,qwen2.5-coder:7b,三,0.496
2738,German Mark,zh,Chinese,qwen2.5-coder:7b,德意志马克,0.715
2739,Selected Processor,zh,Chinese,qwen2.5-coder:7b,已选处理器,0.723
2740,& Groups:,zh,Chinese,qwen2.5-coder:7b,&组：,0.776
2741,Envelope Feed,zh,Chinese,qwen2.5-coder:7b,信封进纸器,0.993
2742,Usability,zh,Chinese,qwen2.5-coder:7b,易用性,0.733
2743,& License:,zh,Chinese,qwen2.5-coder:7b,&许可证:,0.714
2744,busy,zh,Chinese,qwen2.5-coder:7b,忙碌的,0.618
2745,& Jens. Hoefkens. mail;,zh,Chinese,qwen2.5-coder:7b,& 荷夫肯斯. 邮件;,2.043
2746,& Alignment,zh,Chinese,qwen2.5-coder:7b,& 对齐方式,0.81
2747,Shadow Color:,zh,Chinese,qwen2.5-coder:7b,阴影颜色：,0.773
2748,KCachegrind Configuration,zh,Chinese,qwen2.5-coder:7b,KCachegrind 配置,1.207
2749,Latest,zh,Chinese,qwen2.5-coder:7b,最新,0.505
2750,Saving to:,zh,Chinese,qwen2.5-coder:7b,保存到：,0.709
2751,Separator:,zh,Chinese,qwen2.5-coder:7b,分隔符：,0.799
2752,Remove server,zh,Chinese,qwen2.5-coder:7b,移除服务器,0.757
2753,My Tags,zh,Chinese,qwen2.5-coder:7b,我的标签,0.673
2754,note,zh,Chinese,qwen2.5-coder:7b,便签,0.627
2755,Character Selector,zh,Chinese,qwen2.5-coder:7b,角色选择器,0.733
2756,Preparation Methods,zh,Chinese,qwen2.5-coder:7b,准备方法,0.649
2757,Sensitivity:,zh,Chinese,qwen2.5-coder:7b,灵敏度：,0.73
2758,Event,zh,Chinese,qwen2.5-coder:7b,事件,0.486
2759,Quitting & kalarm;,zh,Chinese,qwen2.5-coder:7b,退出 & kalarm;,1.064
2760,KDE file find utility,zh,Chinese,qwen2.5-coder:7b,KDE文件查找工具,1.028
2761,Dark Yellow,zh,Chinese,qwen2.5-coder:7b,深黄色,0.619
2762,more than one monitor.,zh,Chinese,qwen2.5-coder:7b,多于一个显示器。,1.166
2763,Alignment,zh,Chinese,qwen2.5-coder:7b,对齐方式,0.695
2764,Game difficulty level.,zh,Chinese,qwen2.5-coder:7b,游戏难度级别。,0.893
2765,Tools,zh,Chinese,qwen2.5-coder:7b,工具,0.51
2766,2 - 2 Output Expanders,zh,Chinese,qwen2.5-coder:7b,2 - 2 输出扩展器,1.288
2767,A vs. B Overview,zh,Chinese,qwen2.5-coder:7b,A vs. B 概述,1.192
2768,Ctrl; N New,zh,Chinese,qwen2.5-coder:7b,Ctrl; N 新建,0.961
2769,Using & plasma;,zh,Chinese,qwen2.5-coder:7b,使用 & 等离子体;,1.291
2770,Kolor Management Settings,zh,Chinese,qwen2.5-coder:7b,颜色管理设置,0.836
2771,Image Name,zh,Chinese,qwen2.5-coder:7b,图片名称,0.646
2772,Address book,zh,Chinese,qwen2.5-coder:7b,地址簿,0.643
2773,Print Width:,zh,Chinese,qwen2.5-coder:7b,打印宽度：,0.728
2774,& Language:,zh,Chinese,qwen2.5-coder:7b,&语言:,0.769
2775,Responsible:,zh,Chinese,qwen2.5-coder:7b,负责：,0.685
2776,Use rhosts,zh,Chinese,qwen2.5-coder:7b,使用 rhosts,0.781
2777,Device:,zh,Chinese,qwen2.5-coder:7b,设备:,0.634
2778,Ultimately,zh,Chinese,qwen2.5-coder:7b,最终,0.51
2779,Seasons:,zh,Chinese,qwen2.5-coder:7b,季节：,0.641
2780,Fleet No.,zh,Chinese,qwen2.5-coder:7b,船队编号,0.774
2781,Certify...,zh,Chinese,qwen2.5-coder:7b,验证...,0.742
2782,Kaleidescope,zh,Chinese,qwen2.5-coder:7b,kaleidoscope,0.832
2783,Capture Date,zh,Chinese,qwen2.5-coder:7b,拍摄日期,0.67
2784,char examples,zh,Chinese,qwen2.5-coder:7b,字符示例,0.756
2785,Layer Size,zh,Chinese,qwen2.5-coder:7b,图层大小,0.753
2786,disable XIM,zh,Chinese,qwen2.5-coder:7b,禁用 XIM,0.887
2787,of Adar II,zh,Chinese,qwen2.5-coder:7b,二月,0.705
2788,& AMS Math Environments,zh,Chinese,qwen2.5-coder:7b,& AMS 数学环境,1.0
2789,Scripting in & kile;,zh,Chinese,qwen2.5-coder:7b,脚本在 & kile;,1.251
2790,Unknown object %1,zh,Chinese,qwen2.5-coder:7b,未知对象 %1,0.875
2791,Friends,zh,Chinese,qwen2.5-coder:7b,朋友,0.513
2792,Album & name:,zh,Chinese,qwen2.5-coder:7b,相册 & 名称:,1.106
2793,Deutsche mark (DEM),zh,Chinese,qwen2.5-coder:7b,德意志马克 (DEM),1.204
2794,Property 1,zh,Chinese,qwen2.5-coder:7b,属性 1,0.821
2795,Players,zh,Chinese,qwen2.5-coder:7b,玩家,0.508
2796,thistle4,zh,Chinese,qwen2.5-coder:7b,刺球4,0.741
2797,Scripts Tree,zh,Chinese,qwen2.5-coder:7b,脚本树,0.708
2798,Add Feed,zh,Chinese,qwen2.5-coder:7b,添加订阅,0.646
2799,Domain master,zh,Chinese,qwen2.5-coder:7b,域名主,0.618
2800,How to obtain & klinkstatus;,zh,Chinese,qwen2.5-coder:7b,如何获取 & klinkstatus;,1.264
2801,Frame rate,zh,Chinese,qwen2.5-coder:7b,帧率,0.651
2802,CRL missing,zh,Chinese,qwen2.5-coder:7b,CRL 缺失,1.015
2803,& Size,zh,Chinese,qwen2.5-coder:7b,&大小,0.634
2804,Student ID Card,zh,Chinese,qwen2.5-coder:7b,学生证,0.691
2805,Delay:,zh,Chinese,qwen2.5-coder:7b,延迟:,0.604
2806,Location Bar,zh,Chinese,qwen2.5-coder:7b,位置栏,0.665
2807,7th Last,zh,Chinese,qwen2.5-coder:7b,倒数第七个,0.851
2808,MD5 shadow passwords,zh,Chinese,qwen2.5-coder:7b,MD5 阴影密码,1.163
2809,DeepSkyBlue2,zh,Chinese,qwen2.5-coder:7b,深空蓝2,0.917
2810,House,zh,Chinese,qwen2.5-coder:7b,房子,0.533
2811,Kompare icon artist,zh,Chinese,qwen2.5-coder:7b,比较图标艺术家,1.005
2812,Profile Error,zh,Chinese,qwen2.5-coder:7b,配置文件错误,0.711
2813,Movement:,zh,Chinese,qwen2.5-coder:7b,移动：,0.59
2814,Perspective Grid Tool,zh,Chinese,qwen2.5-coder:7b,透视网格工具,0.782
2815,Amount:,zh,Chinese,qwen2.5-coder:7b,金额:,0.592
2816,Copying,zh,Chinese,qwen2.5-coder:7b,复制,0.503
2817,Game is Running,zh,Chinese,qwen2.5-coder:7b,游戏正在运行,0.75
2818,Font Configuration,zh,Chinese,qwen2.5-coder:7b,字体配置,0.637
2819,current & Layer,zh,Chinese,qwen2.5-coder:7b,当前 & 层,0.894
2820,East Timor,zh,Chinese,qwen2.5-coder:7b,东帝汶,0.809
2821,& English,zh,Chinese,qwen2.5-coder:7b,& 英语,0.838
2822,Rename Item (%1),zh,Chinese,qwen2.5-coder:7b,重命名项目 (%1),1.115
2823,FDDI network controller,zh,Chinese,qwen2.5-coder:7b,FDDI网络控制器,1.025
2824,& Last,zh,Chinese,qwen2.5-coder:7b,& 上一页,0.719
2825,Connection side image,zh,Chinese,qwen2.5-coder:7b,连接端图像,0.788
2826,Option:,zh,Chinese,qwen2.5-coder:7b,选项:,0.586
2827,Lives:,zh,Chinese,qwen2.5-coder:7b,生命值：,0.754
2828,Painting assistants,zh,Chinese,qwen2.5-coder:7b,绘画助手,0.706
2829,Yearly,zh,Chinese,qwen2.5-coder:7b,每年,0.581
2830,& Download Checked,zh,Chinese,qwen2.5-coder:7b,下载选中的文件,0.855
2831,& File location:,zh,Chinese,qwen2.5-coder:7b,&文件位置:,0.824
2832,Performing,zh,Chinese,qwen2.5-coder:7b,执行中,0.65
2833,Color tool:,zh,Chinese,qwen2.5-coder:7b,颜色工具：,0.747
2834,Exercises,zh,Chinese,qwen2.5-coder:7b,练习,0.543
2835,Panel Alignment,zh,Chinese,qwen2.5-coder:7b,面板对齐,0.744
2836,Unknown directive,zh,Chinese,qwen2.5-coder:7b,未知指令,0.628
2837,Alphabetically,zh,Chinese,qwen2.5-coder:7b,按字母顺序,0.767
2838,Edit Printer,zh,Chinese,qwen2.5-coder:7b,编辑打印机,0.629
2839,Max file size:,zh,Chinese,qwen2.5-coder:7b,最大文件大小：,0.848
2840,Preserve Carriage Return:,zh,Chinese,qwen2.5-coder:7b,保留换行符：,1.001
2841,1 running,zh,Chinese,qwen2.5-coder:7b,1 运行中,0.937
2842,Action name:,zh,Chinese,qwen2.5-coder:7b,操作名称：,0.724
2843,Project name:,zh,Chinese,qwen2.5-coder:7b,项目名称：,0.706
2844,Sound Policy Server,zh,Chinese,qwen2.5-coder:7b,声音策略服务器,0.769
2845,Server URL:,zh,Chinese,qwen2.5-coder:7b,服务器URL:,0.735
2846,Trusted:,zh,Chinese,qwen2.5-coder:7b,受信任的：,0.822
2847,Go Go Forward,zh,Chinese,qwen2.5-coder:7b,向前走,0.651
2848,User canceled the installation,zh,Chinese,qwen2.5-coder:7b,用户取消了安装,0.882
2849,Fingerprint Verification,zh,Chinese,qwen2.5-coder:7b,指纹验证,0.646
2850,letter is expected,zh,Chinese,qwen2.5-coder:7b,信件已到达,0.855
2851,Verifying:,zh,Chinese,qwen2.5-coder:7b,验证中：,0.714
2852,Point size,zh,Chinese,qwen2.5-coder:7b,字号,0.59
2853,& Reply-to address:,zh,Chinese,qwen2.5-coder:7b,& 回复地址:,1.065
2854,Bezier Painting Tool,zh,Chinese,qwen2.5-coder:7b,贝塞尔绘图工具,1.007
2855,& Search by Product...,zh,Chinese,qwen2.5-coder:7b,按产品搜索...,0.995
2856,Please enter name:,zh,Chinese,qwen2.5-coder:7b,请输入姓名：,0.849
2857,Certifications,zh,Chinese,qwen2.5-coder:7b,认证,0.541
2858,Data Sources,zh,Chinese,qwen2.5-coder:7b,数据源,0.639
2859,Percentage Format,zh,Chinese,qwen2.5-coder:7b,百分比格式,0.71
2860,Software Updates,zh,Chinese,qwen2.5-coder:7b,软件更新,0.614
2861,Exclude,zh,Chinese,qwen2.5-coder:7b,排除,0.501
2862,Tag List,zh,Chinese,qwen2.5-coder:7b,标签列表,0.645
2863,File Naming,zh,Chinese,qwen2.5-coder:7b,文件命名,0.636
2864,Skip 100 Forward,zh,Chinese,qwen2.5-coder:7b,跳过100个,1.18
2865,Project description,zh,Chinese,qwen2.5-coder:7b,项目描述,0.655
2866,Saturday,zh,Chinese,qwen2.5-coder:7b,星期六,0.598
2867,Recycle Bin,zh,Chinese,qwen2.5-coder:7b,回收站,0.655
2868,Square Bullet,zh,Chinese,qwen2.5-coder:7b,方形子弹,0.643
2869,Text Functions,zh,Chinese,qwen2.5-coder:7b,文本功能,0.674
2870,Comic Book Collection,zh,Chinese,qwen2.5-coder:7b,漫画集,0.689
2871,Frame Width,zh,Chinese,qwen2.5-coder:7b,框架宽度,0.652
2872,Cuneiform,zh,Chinese,qwen2.5-coder:7b,楔形文字,0.763
2873,tiles,zh,Chinese,qwen2.5-coder:7b,瓦片,0.58
2874,... newsgroups?,zh,Chinese,qwen2.5-coder:7b,... 新闻组？,1.058
2875,Could not get socket nonce: %1,zh,Chinese,qwen2.5-coder:7b,无法获取套接字随机数：%1,1.491
2876,vold is not running.,zh,Chinese,qwen2.5-coder:7b,vold 没有运行。,1.262
2877,Withdraw freqency,zh,Chinese,qwen2.5-coder:7b,取款频率,0.752
2878,Cups Access Log Files,zh,Chinese,qwen2.5-coder:7b,访问日志文件,1.117
2879,Single color,zh,Chinese,qwen2.5-coder:7b,单色,0.616
2880,Environment,zh,Chinese,qwen2.5-coder:7b,环境,0.484
2881,Close view,zh,Chinese,qwen2.5-coder:7b,关闭视图,0.714
2882,Top Left Diagonal,zh,Chinese,qwen2.5-coder:7b,左上对角线,1.001
2883,& Remove Server,zh,Chinese,qwen2.5-coder:7b,移除服务器,0.767
2884,View back,zh,Chinese,qwen2.5-coder:7b,查看后退,0.767
2885,& Property Editor,zh,Chinese,qwen2.5-coder:7b,&属性编辑器,0.878
2886,Print Finish,zh,Chinese,qwen2.5-coder:7b,打印完成,0.735
2887,equal to,zh,Chinese,qwen2.5-coder:7b,等于,0.525
2888,& Admin access,zh,Chinese,qwen2.5-coder:7b,& 管理员访问,1.122
2889,DAAP Collection,zh,Chinese,qwen2.5-coder:7b,DAAP 集合,1.048
2890,& Unlimited,zh,Chinese,qwen2.5-coder:7b,& 无限,0.704
2891,Plasma Package Manager,zh,Chinese,qwen2.5-coder:7b,Plasma 包管理器,1.386
2892,At Most,zh,Chinese,qwen2.5-coder:7b,最多,0.551
2893,uninterrupted,zh,Chinese,qwen2.5-coder:7b,不间断,0.573
2894,Profile Configuration,zh,Chinese,qwen2.5-coder:7b,配置文件,0.613
2895,Compact,zh,Chinese,qwen2.5-coder:7b,紧凑型,0.58
2896,Service/ File:,zh,Chinese,qwen2.5-coder:7b,服务/文件:,0.83
2897,Scrollback Options,zh,Chinese,qwen2.5-coder:7b,滚动回显选项,0.83
2898,IP filter file:,zh,Chinese,qwen2.5-coder:7b,IP 过滤文件：,1.028
2899,Swiss German (de-ch),zh,Chinese,qwen2.5-coder:7b,瑞士德语 (de-ch),1.265
2900,Stamp Symbol,zh,Chinese,qwen2.5-coder:7b,邮票符号,0.713
2901,Encryption,zh,Chinese,qwen2.5-coder:7b,加密,0.495
2902,Start record:,zh,Chinese,qwen2.5-coder:7b,开始录音：,0.701
2903,Correlation:,zh,Chinese,qwen2.5-coder:7b,相关性：,0.718
2904,List View,zh,Chinese,qwen2.5-coder:7b,列表视图,0.742
2905,& smime; Validation,zh,Chinese,qwen2.5-coder:7b,&s mime; 验证,1.176
2906,Sample rate:,zh,Chinese,qwen2.5-coder:7b,采样率：,0.865
2907,Creation error,zh,Chinese,qwen2.5-coder:7b,创建错误,0.67
2908,DivineProportion tool,zh,Chinese,qwen2.5-coder:7b,神圣比例工具,0.835
2909,(unnamed),zh,Chinese,qwen2.5-coder:7b,未命名,0.672
2910,Function 10:,zh,Chinese,qwen2.5-coder:7b,功能10：,0.966
2911,High Gloss,zh,Chinese,qwen2.5-coder:7b,高光,0.648
2912,Edit Server,zh,Chinese,qwen2.5-coder:7b,编辑服务器,0.638
2913,Flat,zh,Chinese,qwen2.5-coder:7b,扁平化,0.701
2914,Input Color Profile:,zh,Chinese,qwen2.5-coder:7b,输入颜色配置文件：,0.974
2915,Pink,zh,Chinese,qwen2.5-coder:7b,粉红,0.601
2916,Capacity:,zh,Chinese,qwen2.5-coder:7b,容量:,0.642
2917,Head image,zh,Chinese,qwen2.5-coder:7b,头像,0.649
2918,n of n,zh,Chinese,qwen2.5-coder:7b,n 个中的 n 个,1.218
2919,Flake shapes %1,zh,Chinese,qwen2.5-coder:7b,雪花形状 %1,0.942
2920,Erroneous,zh,Chinese,qwen2.5-coder:7b,错误的,0.709
2921,Hofsjökull Glacier,zh,Chinese,qwen2.5-coder:7b,霍夫斯约克冰川,1.266
2922,Security Information,zh,Chinese,qwen2.5-coder:7b,安全信息,0.702
2923,Revision:,zh,Chinese,qwen2.5-coder:7b,修订：,0.596
2924,Wire frame:,zh,Chinese,qwen2.5-coder:7b,框架:,0.672
2925,Action program,zh,Chinese,qwen2.5-coder:7b,行动计划,0.665
2926,X innie,zh,Chinese,qwen2.5-coder:7b,X 内,1.025
2927,& Lens Correction...,zh,Chinese,qwen2.5-coder:7b,&镜头校正...,0.973
2928,Build Index,zh,Chinese,qwen2.5-coder:7b,构建索引,0.783
2929,Profession,zh,Chinese,qwen2.5-coder:7b,职业,0.558
2930,Australia/ ACT,zh,Chinese,qwen2.5-coder:7b,澳大利亚/ACT,0.769
2931,& Reply-To address:,zh,Chinese,qwen2.5-coder:7b,& 回复地址:,1.06
2932,Backgound color:,zh,Chinese,qwen2.5-coder:7b,背景颜色：,0.874
2933,never,zh,Chinese,qwen2.5-coder:7b,从不,0.816
2934,(La)TeX development environment,zh,Chinese,qwen2.5-coder:7b,LaTeX开发环境,0.976
2935,Glossary:,zh,Chinese,qwen2.5-coder:7b,词汇表：,0.799
2936,New type: pptp,zh,Chinese,qwen2.5-coder:7b,新类型: pptp,1.014
2937,client GLX version,zh,Chinese,qwen2.5-coder:7b,客户端GLX版本,0.886
2938,Anchor Points,zh,Chinese,qwen2.5-coder:7b,锚点,0.629
2939,expenses,zh,Chinese,qwen2.5-coder:7b,费用,0.498
2940,New name,zh,Chinese,qwen2.5-coder:7b,新名称,0.619
2941,Multiple Monitors,zh,Chinese,qwen2.5-coder:7b,多显示器,0.666
2942,Grid Spacing,zh,Chinese,qwen2.5-coder:7b,网格间距,0.695
2943,Input Area,zh,Chinese,qwen2.5-coder:7b,输入区域,0.658
2944,atmospheres,zh,Chinese,qwen2.5-coder:7b,大气层,0.68
2945,conditional-head2,zh,Chinese,qwen2.5-coder:7b,条件-标题2,0.84
2946,Data Write Access,zh,Chinese,qwen2.5-coder:7b,数据写入权限,0.842
2947,Y offset:,zh,Chinese,qwen2.5-coder:7b,Y 偏移量:,1.172
2948,Green:,zh,Chinese,qwen2.5-coder:7b,绿色：,0.606
2949,Smartcards,zh,Chinese,qwen2.5-coder:7b,智能卡,0.645
2950,Breakpoints,zh,Chinese,qwen2.5-coder:7b,断点,0.645
2951,Twirl,zh,Chinese,qwen2.5-coder:7b,旋转,0.523
2952,The question,zh,Chinese,qwen2.5-coder:7b,问题,0.529
2953,Album Cover Manager,zh,Chinese,qwen2.5-coder:7b,相册封面管理器,0.946
2954,Total,zh,Chinese,qwen2.5-coder:7b,总计,0.519
2955,(No function selected),zh,Chinese,qwen2.5-coder:7b,(未选择功能),0.992
2956,Key Direction:,zh,Chinese,qwen2.5-coder:7b,主要方向:,0.844
2957,KDE Repository Accounts,zh,Chinese,qwen2.5-coder:7b,KDE 仓库账户,0.969
2958,DCC Receive Question,zh,Chinese,qwen2.5-coder:7b,DCC 接收问题,1.105
2959,Custom Type 4,zh,Chinese,qwen2.5-coder:7b,自定义类型 4,1.039
2960,KOrganizer event duration,zh,Chinese,qwen2.5-coder:7b,KOrganizer 事件持续时间,1.266
2961,Log Viewer,zh,Chinese,qwen2.5-coder:7b,日志查看器,0.844
2962,Auto Correction,zh,Chinese,qwen2.5-coder:7b,自动更正,0.72
2963,Paint ladders,zh,Chinese,qwen2.5-coder:7b,油漆梯子,0.75
2964,massVariance,zh,Chinese,qwen2.5-coder:7b,质量方差,0.757
2965,"Fatal error: Unable to load the pictures, aborting.",zh,Chinese,qwen2.5-coder:7b,致命错误：无法加载图片，终止。,1.627
2966,& Paper size:,zh,Chinese,qwen2.5-coder:7b,&纸张大小:,0.926
2967,Min. Call Cost,zh,Chinese,qwen2.5-coder:7b,最低通话费用,1.062
2968,X speed,zh,Chinese,qwen2.5-coder:7b,X速度,0.639
2969,Score,zh,Chinese,qwen2.5-coder:7b,得分,0.508
2970,pink (bold),zh,Chinese,qwen2.5-coder:7b,粉红（粗体）,1.148
2971,CCITT Modified Huffman RLE,zh,Chinese,qwen2.5-coder:7b,CCITT 修改的霍夫曼 RLE,1.618
2972,Australia/ Adelaide,zh,Chinese,qwen2.5-coder:7b,澳大利亚/阿德莱德,1.081
2973,Comic,zh,Chinese,qwen2.5-coder:7b,漫画,0.502
2974,Removing,zh,Chinese,qwen2.5-coder:7b,移除中,0.702
2975,Fade Curve,zh,Chinese,qwen2.5-coder:7b,淡入淡出曲线,0.915
2976,Gravitation,zh,Chinese,qwen2.5-coder:7b,重力,0.653
2977,Bit Rate,zh,Chinese,qwen2.5-coder:7b,比特率,0.701
2978,Rename Filter,zh,Chinese,qwen2.5-coder:7b,重命名筛选器,0.893
2979,Again,zh,Chinese,qwen2.5-coder:7b,再次,0.52
2980,dark yellow,zh,Chinese,qwen2.5-coder:7b,深黄色,0.647
2981,& Application:,zh,Chinese,qwen2.5-coder:7b,&应用程序:,0.732
2982,Group tracks,zh,Chinese,qwen2.5-coder:7b,分组轨道,0.766
2983,& New Entry,zh,Chinese,qwen2.5-coder:7b,& 新条目,0.857
2984,GDB integration,zh,Chinese,qwen2.5-coder:7b,GDB 集成,1.061
2985,Background Color,zh,Chinese,qwen2.5-coder:7b,背景颜色,0.635
2986,Profile name: %1,zh,Chinese,qwen2.5-coder:7b,个人资料名称: %1,1.146
2987,& Pointing,zh,Chinese,qwen2.5-coder:7b,& 指向,1.056
2988,Abbreviation,zh,Chinese,qwen2.5-coder:7b,缩写,0.696
2989,Key shape,zh,Chinese,qwen2.5-coder:7b,关键形状,0.624
2990,Costa Rican Colon,zh,Chinese,qwen2.5-coder:7b,哥斯达黎加科隆,1.174
2991,Tightness:,zh,Chinese,qwen2.5-coder:7b,紧致度：,0.84
2992,Page Preview,zh,Chinese,qwen2.5-coder:7b,页面预览,0.735
2993,Advance,zh,Chinese,qwen2.5-coder:7b,前进,0.506
2994,The & kate; team:,zh,Chinese,qwen2.5-coder:7b,Kate 团队:,1.13
2995,Printer %1 does not exist.,zh,Chinese,qwen2.5-coder:7b,打印机 %1 不存在。,1.125
2996,Accessories,zh,Chinese,qwen2.5-coder:7b,配件,0.521
2997,Media Player Menu,zh,Chinese,qwen2.5-coder:7b,媒体播放器菜单,0.836
2998,Natural,zh,Chinese,qwen2.5-coder:7b,自然,0.506
2999,Selection Background,zh,Chinese,qwen2.5-coder:7b,选择背景,0.65
3000,Needs Patch,zh,Chinese,qwen2.5-coder:7b,需要补丁,0.737
3001,& Continuous,zh,Chinese,qwen2.5-coder:7b,&连续,0.646
3002,Iridiscence wave length:,zh,Chinese,qwen2.5-coder:7b,光晕波长:,1.198
3003,States,zh,Chinese,qwen2.5-coder:7b,状态,0.718
3004,Delete Record,zh,Chinese,qwen2.5-coder:7b,删除记录,0.656
3005,Delimiter Line,zh,Chinese,qwen2.5-coder:7b,分隔线,0.742
3006,Decline,zh,Chinese,qwen2.5-coder:7b,拒绝,0.534
3007,Camera Configuration,zh,Chinese,qwen2.5-coder:7b,相机配置,0.631
3008,Vertex-vertex behavior,zh,Chinese,qwen2.5-coder:7b,顶点-顶点行为,1.061
3009,Kenyan Shilling,zh,Chinese,qwen2.5-coder:7b,肯尼亚先令,0.868
3010,The Moon,zh,Chinese,qwen2.5-coder:7b,月球,0.62
3011,"\t""XML data """,zh,Chinese,qwen2.5-coder:7b,\tXML数据,0.82
3012,S peed,zh,Chinese,qwen2.5-coder:7b,速度,0.612
3013,LILO Configuration,zh,Chinese,qwen2.5-coder:7b,LILO 配置,1.008
3014,Vtun profile name,zh,Chinese,qwen2.5-coder:7b,VTun配置文件名,1.025
3015,Rear,zh,Chinese,qwen2.5-coder:7b,后退,0.645
3016,kmines; Preferences,zh,Chinese,qwen2.5-coder:7b,kmines; 设置,1.045
3017,Authentication,zh,Chinese,qwen2.5-coder:7b,认证,0.492
3018,Close Script,zh,Chinese,qwen2.5-coder:7b,关闭脚本,0.725
3019,Continue?,zh,Chinese,qwen2.5-coder:7b,继续？,0.594
3020,SDL - Function,zh,Chinese,qwen2.5-coder:7b,SDL - 函数,0.843
3021,& GUI; description,zh,Chinese,qwen2.5-coder:7b,& GUI; 描述,1.074
3022,& Bullets,zh,Chinese,qwen2.5-coder:7b,&项目符号,0.764
3023,entity relationship diagram,zh,Chinese,qwen2.5-coder:7b,实体关系图,0.803
3024,Security Warning,zh,Chinese,qwen2.5-coder:7b,安全警告,0.615
3025,Line/ Curve,zh,Chinese,qwen2.5-coder:7b,直线/曲线,0.75
3026,Solid Device,zh,Chinese,qwen2.5-coder:7b,坚固设备,0.644
3027,& Section:,zh,Chinese,qwen2.5-coder:7b,&部分:,0.746
3028,decreaseShortcut,zh,Chinese,qwen2.5-coder:7b,减少快捷键,0.808
3029,Script action,zh,Chinese,qwen2.5-coder:7b,脚本操作,0.759
3030,Underline (wml),zh,Chinese,qwen2.5-coder:7b,下划线 (wml),1.221
3031,Probed,zh,Chinese,qwen2.5-coder:7b,探测,0.54
3032,Random (modified),zh,Chinese,qwen2.5-coder:7b,随机（修改）,0.853
3033,User Commands,zh,Chinese,qwen2.5-coder:7b,用户命令,0.648
3034,Look Sea Theme,zh,Chinese,qwen2.5-coder:7b,海主题,0.667
3035,UI Design,zh,Chinese,qwen2.5-coder:7b,用户界面设计,0.723
3036,Group:,zh,Chinese,qwen2.5-coder:7b,组：,0.593
3037,Read,zh,Chinese,qwen2.5-coder:7b,阅读,0.493
3038,Initial Conditions,zh,Chinese,qwen2.5-coder:7b,初始条件,0.619
3039,Performance indexes,zh,Chinese,qwen2.5-coder:7b,性能指标,0.62
3040,Run with realtime & scheduling,zh,Chinese,qwen2.5-coder:7b,实时运行与调度,0.905
3041,Relative,zh,Chinese,qwen2.5-coder:7b,相对,0.492
3042,Scatter Chart,zh,Chinese,qwen2.5-coder:7b,散点图,0.813
3043,of Rabi ` al-Thaani,zh,Chinese,qwen2.5-coder:7b,拉比·阿勒-塔尼,1.521
3044,Lines,zh,Chinese,qwen2.5-coder:7b,行数,0.591
3045,Disable IPX protocol:,zh,Chinese,qwen2.5-coder:7b,禁用IPX协议：,1.06
3046,5th Last,zh,Chinese,qwen2.5-coder:7b,倒数第五个,0.838
3047,Port Number,zh,Chinese,qwen2.5-coder:7b,端口号,0.643
3048,Positioning Indices,zh,Chinese,qwen2.5-coder:7b,位置索引,0.796
3049,Write Capabilities:,zh,Chinese,qwen2.5-coder:7b,写入功能：,0.842
3050,By class,zh,Chinese,qwen2.5-coder:7b,按类别,0.613
3051,Help Documents,zh,Chinese,qwen2.5-coder:7b,帮助文档,0.613
3052,Create site,zh,Chinese,qwen2.5-coder:7b,创建网站,0.614
3053,is between #V1# and #V2#,zh,Chinese,qwen2.5-coder:7b,在 #V1# 和 #V2# 之间,1.896
3054,SeaGreen4,zh,Chinese,qwen2.5-coder:7b,海绿色4,0.748
3055,Italic (wml),zh,Chinese,qwen2.5-coder:7b,斜体 (wml),1.072
3056,& HMAC Authentication:,zh,Chinese,qwen2.5-coder:7b,& HMAC 认证:,1.028
3057,Quick search...,zh,Chinese,qwen2.5-coder:7b,快速搜索...,0.778
3058,Podcast Configuration,zh,Chinese,qwen2.5-coder:7b,播客配置,0.761
3059,"Break point related: break, showbreak, delete, enable",zh,Chinese,qwen2.5-coder:7b,断点相关：断点、显示断点、删除、启用,2.171
3060,Preconfiguration file,zh,Chinese,qwen2.5-coder:7b,预配置文件,0.764
3061,Layer view,zh,Chinese,qwen2.5-coder:7b,图层视图,0.803
3062,Cover File,zh,Chinese,qwen2.5-coder:7b,封面文件,0.633
3063,"Amundsen-Scott Station, South Pole",zh,Chinese,qwen2.5-coder:7b,阿蒙森-斯科特站，南极点,1.771
3064,Quilt controls:,zh,Chinese,qwen2.5-coder:7b,quilting controls:,0.844
3065,Snippet Repository:,zh,Chinese,qwen2.5-coder:7b,代码片段仓库：,0.823
3066,Sequence Number (start),zh,Chinese,qwen2.5-coder:7b,序列号（起始）,1.077
3067,Group Password,zh,Chinese,qwen2.5-coder:7b,组密码,0.637
3068,Shutdown Toolbar,zh,Chinese,qwen2.5-coder:7b,关闭工具栏,0.748
3069,Degrees of freedom,zh,Chinese,qwen2.5-coder:7b,自由度,0.666
3070,Archiving,zh,Chinese,qwen2.5-coder:7b,归档,0.663
3071,landscape,zh,Chinese,qwen2.5-coder:7b,风景,0.504
3072,GravitationForceErrors,zh,Chinese,qwen2.5-coder:7b,重力误差,0.802
3073,Mass Conversions,zh,Chinese,qwen2.5-coder:7b,大规模转换,0.644
3074,Choose Brush to Add,zh,Chinese,qwen2.5-coder:7b,选择画笔添加,0.89
3075,SkyBlue1,zh,Chinese,qwen2.5-coder:7b,天蓝色1,0.773
3076,New program %1,zh,Chinese,qwen2.5-coder:7b,新程序 %1,0.9
3077,& Library,zh,Chinese,qwen2.5-coder:7b,& 图书馆,0.83
3078,& Documentation path:,zh,Chinese,qwen2.5-coder:7b,& 文档路径:,0.905
3079,Session name:,zh,Chinese,qwen2.5-coder:7b,会话名称：,0.879
3080,Predefined Timers,zh,Chinese,qwen2.5-coder:7b,预设定时器,0.882
3081,Writing speed: %1 KB/ s (%2x),zh,Chinese,qwen2.5-coder:7b,写作速度: %1 KB/ s (%2x),1.912
3082,Music path:,zh,Chinese,qwen2.5-coder:7b,音乐路径：,0.712
3083,Windows Shares,zh,Chinese,qwen2.5-coder:7b,Windows 共享,0.837
3084,Map & theme:,zh,Chinese,qwen2.5-coder:7b,地图 & 主题:,0.967
3085,Supporting & kde;,zh,Chinese,qwen2.5-coder:7b,支持 & kde;,1.004
3086,Away & message:,zh,Chinese,qwen2.5-coder:7b,离线 & 消息:,1.126
3087,Page border:,zh,Chinese,qwen2.5-coder:7b,页面边框：,0.845
3088,& Volume:,zh,Chinese,qwen2.5-coder:7b,&音量:,0.863
3089,LaTeX environments:,zh,Chinese,qwen2.5-coder:7b,LaTeX 环境：,1.202
3090,Dimensions: %1x%2,zh,Chinese,qwen2.5-coder:7b,尺寸: %1x%2,1.307
3091,Spanish (Puerto Rico),zh,Chinese,qwen2.5-coder:7b,西班牙语（波多黎各）,1.394
3092,Remove filter,zh,Chinese,qwen2.5-coder:7b,移除过滤器,0.856
3093,LDAP User container,zh,Chinese,qwen2.5-coder:7b,LDAP 用户容器,0.797
3094,Cancer,zh,Chinese,qwen2.5-coder:7b,癌症,0.528
3095,Text editing tool,zh,Chinese,qwen2.5-coder:7b,文本编辑工具,0.748
3096,PIM Presence,zh,Chinese,qwen2.5-coder:7b,PIM存在,0.788
3097,Statistics:,zh,Chinese,qwen2.5-coder:7b,统计：,0.603
3098,ends with,zh,Chinese,qwen2.5-coder:7b,以...结尾,0.708
3099,Example output:,zh,Chinese,qwen2.5-coder:7b,示例输出：,0.818
3100,Frame duration:,zh,Chinese,qwen2.5-coder:7b,帧持续时间：,0.81
3101,South African rand,zh,Chinese,qwen2.5-coder:7b,南非兰特,0.753
3102,previous,zh,Chinese,qwen2.5-coder:7b,上一页,0.588
3103,Swedish (Finland),zh,Chinese,qwen2.5-coder:7b,瑞典 (芬兰),0.917
3104,Selection: -,zh,Chinese,qwen2.5-coder:7b,选择: -,0.793
3105,Comic Package Structure,zh,Chinese,qwen2.5-coder:7b,漫画包结构,0.794
3106,& Chapters,zh,Chinese,qwen2.5-coder:7b,& 章节,0.959
3107,Output file name,zh,Chinese,qwen2.5-coder:7b,输出文件名,0.837
3108,Answer response:,zh,Chinese,qwen2.5-coder:7b,回答响应：,0.741
3109,Message Preview Pane,zh,Chinese,qwen2.5-coder:7b,消息预览窗格,0.987
3110,Summary View,zh,Chinese,qwen2.5-coder:7b,总结视图,0.744
3111,Pointer acceleration:,zh,Chinese,qwen2.5-coder:7b,指针加速：,0.808
3112,Protected,zh,Chinese,qwen2.5-coder:7b,受保护的,0.676
3113,%1 armies to place,zh,Chinese,qwen2.5-coder:7b,%1 部队放置,1.395
3114,Draw cell,zh,Chinese,qwen2.5-coder:7b,绘制单元格,0.786
3115,Open a KMyMoney document,zh,Chinese,qwen2.5-coder:7b,打开一个 KMyMoney 文档,1.271
3116,Brightness correction:,zh,Chinese,qwen2.5-coder:7b,亮度校正：,0.943
3117,& XSL; source files,zh,Chinese,qwen2.5-coder:7b,& XSL; 源文件,1.705
3118,Contact Information,zh,Chinese,qwen2.5-coder:7b,联系信息,0.712
3119,Bluish,zh,Chinese,qwen2.5-coder:7b,蓝色的,0.687
3120,Occurrence,zh,Chinese,qwen2.5-coder:7b,发生,0.599
3121,Password Hint:,zh,Chinese,qwen2.5-coder:7b,密码提示：,0.498
3122,Exercise:,zh,Chinese,qwen2.5-coder:7b,运动：,0.536
3123,Ctrl; Shift; F9 View VPL; Editor,zh,Chinese,qwen2.5-coder:7b,Ctrl; Shift; F9 查看 VPL; 编辑器,2.192
3124,ColorFX,zh,Chinese,qwen2.5-coder:7b,颜色效果,0.714
3125,Aerial view,zh,Chinese,qwen2.5-coder:7b,航拍视图,1.032
3126,Enable filters,zh,Chinese,qwen2.5-coder:7b,启用过滤器,0.972
3127,HAL-Power,zh,Chinese,qwen2.5-coder:7b,HAL-电源,0.969
3128,JPEG quality:,zh,Chinese,qwen2.5-coder:7b,JPEG质量：,0.849
3129,Canvas decorations,zh,Chinese,qwen2.5-coder:7b,画布装饰,0.753
3130,performance,zh,Chinese,qwen2.5-coder:7b,性能,0.522
3131,Properties:,zh,Chinese,qwen2.5-coder:7b,属性：,0.633
3132,Search Options,zh,Chinese,qwen2.5-coder:7b,搜索选项,0.654
3133,Arena Name,zh,Chinese,qwen2.5-coder:7b,竞技场名称,0.726
3134,Rating: %1,zh,Chinese,qwen2.5-coder:7b,评分: %1,0.962
3135,Question - Cantor,zh,Chinese,qwen2.5-coder:7b,问题 - 康托尔,1.17
3136,Media Management,zh,Chinese,qwen2.5-coder:7b,媒体管理,0.686
3137,Packet size,zh,Chinese,qwen2.5-coder:7b,数据包大小,0.724
3138,Fill color:,zh,Chinese,qwen2.5-coder:7b,填充颜色：,0.721
3139,Bandwidth Monitor,zh,Chinese,qwen2.5-coder:7b,带宽监控器,0.908
3140,& Keyboard layout:,zh,Chinese,qwen2.5-coder:7b,&键盘布局:,0.959
3141,Prev,zh,Chinese,qwen2.5-coder:7b,上一页,0.69
3142,How to obtain & marble;,zh,Chinese,qwen2.5-coder:7b,如何获取大理石；,1.092
3143,length,zh,Chinese,qwen2.5-coder:7b,长度,0.662
3144,Cluster Groups,zh,Chinese,qwen2.5-coder:7b,集群组,0.765
3145,Next Document,zh,Chinese,qwen2.5-coder:7b,下一页,0.773
3146,File Management,zh,Chinese,qwen2.5-coder:7b,文件管理,0.933
3147,Read Data,zh,Chinese,qwen2.5-coder:7b,读取数据,0.731
3148,User Scripts,zh,Chinese,qwen2.5-coder:7b,用户脚本,0.631
3149,Invoice,zh,Chinese,qwen2.5-coder:7b,发票,0.446
3150,Playlist:,zh,Chinese,qwen2.5-coder:7b,播放列表：,0.644
3151,Uganda,zh,Chinese,qwen2.5-coder:7b,乌干达,0.737
3152,new time event,zh,Chinese,qwen2.5-coder:7b,新的时间事件,0.753
3153,KPlato Resources,zh,Chinese,qwen2.5-coder:7b,KPlato 资源,1.325
3154,Table field,zh,Chinese,qwen2.5-coder:7b,表格字段,0.737
3155,Exercise Dialog,zh,Chinese,qwen2.5-coder:7b,运动对话框,0.75
3156,Encryption controller,zh,Chinese,qwen2.5-coder:7b,加密控制器,0.673
3157,Can Read,zh,Chinese,qwen2.5-coder:7b,可读,0.657
3158,Head 1,zh,Chinese,qwen2.5-coder:7b,标题1,0.66
3159,"Unfortunately, & kde; can not:",zh,Chinese,qwen2.5-coder:7b,“很遗憾，& kde; 无法：”,1.799
3160,Tea Properties,zh,Chinese,qwen2.5-coder:7b,茶的属性,0.803
3161,Highscore List,zh,Chinese,qwen2.5-coder:7b,高分榜,0.802
3162,Attack 1,zh,Chinese,qwen2.5-coder:7b,攻击1,0.666
3163,Black Cartridge,zh,Chinese,qwen2.5-coder:7b,黑色墨盒,0.791
3164,Request,zh,Chinese,qwen2.5-coder:7b,请求,0.539
3165,29th Last,zh,Chinese,qwen2.5-coder:7b,倒数第29个,1.213
3166,FITS Viewer,zh,Chinese,qwen2.5-coder:7b,FITS 查看器,1.02
3167,"Color, fast, RGB",zh,Chinese,qwen2.5-coder:7b,"颜色, 快速, RGB",1.295
3168,Polling interval,zh,Chinese,qwen2.5-coder:7b,轮询间隔,0.774
3169,DoubleSided,zh,Chinese,qwen2.5-coder:7b,双面,0.657
3170,Coffee sponsoring,zh,Chinese,qwen2.5-coder:7b,咖啡赞助,0.609
3171,& Text file:,zh,Chinese,qwen2.5-coder:7b,&文本文件:,0.886
3172,at most,zh,Chinese,qwen2.5-coder:7b,最多,0.62
3173,4th Last,zh,Chinese,qwen2.5-coder:7b,倒数第四个,0.867
3174,medium size,zh,Chinese,qwen2.5-coder:7b,中等大小,0.714
3175,& Scan,zh,Chinese,qwen2.5-coder:7b,&扫描,0.649
3176,Network Manager,zh,Chinese,qwen2.5-coder:7b,网络管理器,0.769
3177,Command Name,zh,Chinese,qwen2.5-coder:7b,命令名称,0.638
3178,Execution,zh,Chinese,qwen2.5-coder:7b,执行,0.527
3179,Modify filter,zh,Chinese,qwen2.5-coder:7b,修改过滤器,0.802
3180,CPU usage,zh,Chinese,qwen2.5-coder:7b,CPU使用率,0.844
3181,Font Installer,zh,Chinese,qwen2.5-coder:7b,字体安装器,0.745
3182,Track 1 of 1,zh,Chinese,qwen2.5-coder:7b,第1集，共1集,1.302
3183,Iron Seal,zh,Chinese,qwen2.5-coder:7b,铁封印,0.724
3184,Tool Options,zh,Chinese,qwen2.5-coder:7b,工具选项,0.628
3185,Line Break - \\linebreak,zh,Chinese,qwen2.5-coder:7b,换行 - \\linebreak,1.176
3186,Package & name:,zh,Chinese,qwen2.5-coder:7b,包名：,0.792
3187,Projection system: %1,zh,Chinese,qwen2.5-coder:7b,投影系统: %1,1.021
3188,is empty,zh,Chinese,qwen2.5-coder:7b,为空,0.536
3189,Sound & file:,zh,Chinese,qwen2.5-coder:7b,声音 & 文件:,0.842
3190,CardBus bridge,zh,Chinese,qwen2.5-coder:7b,CardBus桥接器,1.204
3191,ColorSmartCRD Graphics,zh,Chinese,qwen2.5-coder:7b,色彩智能CRD图形,1.164
3192,Show & Acid Behavior,zh,Chinese,qwen2.5-coder:7b,显示 & 酸性行为,1.242
3193,Yields,zh,Chinese,qwen2.5-coder:7b,产量,0.545
3194,Byline:,zh,Chinese,qwen2.5-coder:7b,作者:,0.761
3195,Schedule Handler,zh,Chinese,qwen2.5-coder:7b,日程处理器,0.741
3196,Ring Chart,zh,Chinese,qwen2.5-coder:7b,环形图,0.732
3197,lines,zh,Chinese,qwen2.5-coder:7b,行数,0.639
3198,Receiver,zh,Chinese,qwen2.5-coder:7b,接收者,0.598
3199,%1 start failed.,zh,Chinese,qwen2.5-coder:7b,%1 启动失败。,1.33
3200,Feather Selection,zh,Chinese,qwen2.5-coder:7b,选择笔刷,1.023
3201,files,zh,Chinese,qwen2.5-coder:7b,文件,0.491
3202,goal type,zh,Chinese,qwen2.5-coder:7b,目标类型,0.628
3203,Queue:,zh,Chinese,qwen2.5-coder:7b,队列:,0.689
3204,& Weekly,zh,Chinese,qwen2.5-coder:7b,&每周,0.642
3205,Screen resolution: %1 dpi,zh,Chinese,qwen2.5-coder:7b,屏幕分辨率: %1 dpi,1.23
3206,KAB CSV XXPort Plugin,zh,Chinese,qwen2.5-coder:7b,KAB CSV XXPort 插件,1.382
3207,Screens hot,zh,Chinese,qwen2.5-coder:7b,屏幕过热,0.738
3208,Warning,zh,Chinese,qwen2.5-coder:7b,警告,0.489
3209,good,zh,Chinese,qwen2.5-coder:7b,好,0.49
3210,File Shell,zh,Chinese,qwen2.5-coder:7b,文件外壳,0.683
3211,The Game,zh,Chinese,qwen2.5-coder:7b,游戏,0.542
3212,Advanced,zh,Chinese,qwen2.5-coder:7b,高级,0.485
3213,Completion Files,zh,Chinese,qwen2.5-coder:7b,完成文件,0.643
3214,Lyx Files,zh,Chinese,qwen2.5-coder:7b,Lyx 文件,0.786
3215,Subject,zh,Chinese,qwen2.5-coder:7b,主题,0.515
3216,Authentication algorithm,zh,Chinese,qwen2.5-coder:7b,认证算法,0.676
3217,State Value,zh,Chinese,qwen2.5-coder:7b,状态值,0.642
3218,YZ rotation speed,zh,Chinese,qwen2.5-coder:7b,YZ旋转速度,0.821
3219,Zig Zag,zh,Chinese,qwen2.5-coder:7b,蛇形,0.645
3220,Clear,zh,Chinese,qwen2.5-coder:7b,清除,0.483
3221,& Remove Item,zh,Chinese,qwen2.5-coder:7b,&移除项目,0.885
3222,Distribution List,zh,Chinese,qwen2.5-coder:7b,分发列表,0.752
3223,Color rate:,zh,Chinese,qwen2.5-coder:7b,颜色比例：,0.742
3224,Back Cover,zh,Chinese,qwen2.5-coder:7b,后封面,0.617
3225,Launch plugin configuration dialog,zh,Chinese,qwen2.5-coder:7b,启动插件配置对话框,1.147
3226,Animation speed,zh,Chinese,qwen2.5-coder:7b,动画速度,0.66
3227,help,zh,Chinese,qwen2.5-coder:7b,帮助,0.506
3228,Carpet size,zh,Chinese,qwen2.5-coder:7b,地毯大小,0.705
3229,Download Selection,zh,Chinese,qwen2.5-coder:7b,下载选择,0.667
3230,Spanish Peseta,zh,Chinese,qwen2.5-coder:7b,西班牙比塞塔,0.867
3231,& Multimedia keys,zh,Chinese,qwen2.5-coder:7b,& 多媒体键,0.975
3232,Stiffness,zh,Chinese,qwen2.5-coder:7b,硬度,0.621
3233,"Regards,",zh,Chinese,qwen2.5-coder:7b,"敬礼,",0.817
3234,"S & SE Brazil (GO, DF, MG, ES, RJ, SP, PR, SC, RS)",zh,Chinese,qwen2.5-coder:7b,"巴西东南部（GO, DF, MG, ES, RJ, SP, PR, SC, RS）",3.203
3235,SeaGreen1,zh,Chinese,qwen2.5-coder:7b,海绿色1,0.778
3236,(modified),zh,Chinese,qwen2.5-coder:7b,(已修改),0.864
3237,Signatures,zh,Chinese,qwen2.5-coder:7b,签名,0.6
3238,Backend name:,zh,Chinese,qwen2.5-coder:7b,后端名称：,0.859
3239,Mouse pressure,zh,Chinese,qwen2.5-coder:7b,鼠标压力,0.649
3240,Shortcut name: ent,zh,Chinese,qwen2.5-coder:7b,快捷方式名称: ent,0.98
3241,German (Liechtenstein),zh,Chinese,qwen2.5-coder:7b,德语（列支敦士登）,1.484
3242,Utility Window,zh,Chinese,qwen2.5-coder:7b,实用工具窗口,0.771
3243,Fan Speed (%),zh,Chinese,qwen2.5-coder:7b,风扇速度 (%),0.783
3244,Business,zh,Chinese,qwen2.5-coder:7b,商业,0.525
3245,Audio Capture,zh,Chinese,qwen2.5-coder:7b,音频捕获,0.717
3246,Flatten,zh,Chinese,qwen2.5-coder:7b,展平,0.612
3247,Aspect & Ratio,zh,Chinese,qwen2.5-coder:7b,宽高比,0.813
3248,Satire,zh,Chinese,qwen2.5-coder:7b,讽刺,0.547
3249,Update frequency:,zh,Chinese,qwen2.5-coder:7b,更新频率：,0.642
3250,Read-Only,zh,Chinese,qwen2.5-coder:7b,只读,0.576
3251,& Projection:,zh,Chinese,qwen2.5-coder:7b,& 投影:,0.787
3252,Error description:,zh,Chinese,qwen2.5-coder:7b,错误描述：,0.718
3253,back,zh,Chinese,qwen2.5-coder:7b,返回,0.505
3254,Opening Order,zh,Chinese,qwen2.5-coder:7b,打开订单,0.628
3255,Keep Encryption,zh,Chinese,qwen2.5-coder:7b,保持加密,0.649
3256,Castilian Spanish Male,zh,Chinese,qwen2.5-coder:7b,西班牙语（西班牙）男性,1.182
3257,Conversation ID,zh,Chinese,qwen2.5-coder:7b,对话ID,0.646
3258,Synchronization Mode,zh,Chinese,qwen2.5-coder:7b,同步模式,0.648
3259,Declination:,zh,Chinese,qwen2.5-coder:7b,方位角:,0.839
3260,The tag %1 already exists,zh,Chinese,qwen2.5-coder:7b,标签 %1 已经存在,1.242
3261,(Custom),zh,Chinese,qwen2.5-coder:7b,(自定义),0.803
3262,AntMaze,zh,Chinese,qwen2.5-coder:7b,蚂蚁迷宫,0.8
3263,Interactive,zh,Chinese,qwen2.5-coder:7b,互动,0.526
3264,KDE Screen Ruler,zh,Chinese,qwen2.5-coder:7b,KDE 屏幕尺,1.123
3265,Transfer protocols,zh,Chinese,qwen2.5-coder:7b,传输协议,0.642
3266,Color Space,zh,Chinese,qwen2.5-coder:7b,颜色空间,0.638
3267,Baritone Sax,zh,Chinese,qwen2.5-coder:7b,巴松管,0.797
3268,& Window Decoration,zh,Chinese,qwen2.5-coder:7b,& 窗口装饰,1.256
3269,Mail Summary Configuration Dialog,zh,Chinese,qwen2.5-coder:7b,邮件摘要配置对话框,1.075
3270,4. Playing Piles,zh,Chinese,qwen2.5-coder:7b,4. 摆放牌堆,1.349
3271,Group shapes,zh,Chinese,qwen2.5-coder:7b,组合形状,0.856
3272,Last step,zh,Chinese,qwen2.5-coder:7b,最后一步,0.622
3273,Artist Name:,zh,Chinese,qwen2.5-coder:7b,艺术家姓名：,0.717
3274,Addressee Serializer,zh,Chinese,qwen2.5-coder:7b,收件人序列化器,1.082
3275,User-IDs,zh,Chinese,qwen2.5-coder:7b,用户ID,0.692
3276,position1Variance,zh,Chinese,qwen2.5-coder:7b,位置1方差,0.909
3277,Ruler,zh,Chinese,qwen2.5-coder:7b,尺子,0.626
3278,Netherlands,zh,Chinese,qwen2.5-coder:7b,荷兰,0.528
3279,New type: freeswan,zh,Chinese,qwen2.5-coder:7b,新类型：freeswan,1.231
3280,to space characters,zh,Chinese,qwen2.5-coder:7b,到太空字符,0.779
3281,KThesaurus - List synonyms,zh,Chinese,qwen2.5-coder:7b,词库 - 列出同义词,1.568
3282,Virgin Islands,zh,Chinese,qwen2.5-coder:7b,维尔京群岛,0.765
3283,Shortcut name: watches,zh,Chinese,qwen2.5-coder:7b,快捷名称: 手表,1.107
3284,Coloring,zh,Chinese,qwen2.5-coder:7b,上色,0.664
3285,New Folder,zh,Chinese,qwen2.5-coder:7b,新建文件夹,0.746
3286,Table editing tool,zh,Chinese,qwen2.5-coder:7b,表格编辑工具,0.793
3287,Serbia and Montenegro,zh,Chinese,qwen2.5-coder:7b,塞尔维亚和黑塞哥维那,1.538
3288,Delete A & & B,zh,Chinese,qwen2.5-coder:7b,删除 A & & B,1.061
3289,Owner: %1,zh,Chinese,qwen2.5-coder:7b,所有者: %1,1.055
3290,DodgerBlue1,zh,Chinese,qwen2.5-coder:7b,DodgerBlue1,0.935
3291,Slider algorithm,zh,Chinese,qwen2.5-coder:7b,滑块算法,0.768
3292,A arrow,zh,Chinese,qwen2.5-coder:7b,一个箭头,0.752
3293,Write Error,zh,Chinese,qwen2.5-coder:7b,写入错误,0.76
3294,& Permissions,zh,Chinese,qwen2.5-coder:7b,&权限,0.618
3295,Subjects,zh,Chinese,qwen2.5-coder:7b,主题,0.525
3296,Place:,zh,Chinese,qwen2.5-coder:7b,位置:,0.673
3297,Edit Account:,zh,Chinese,qwen2.5-coder:7b,编辑账户：,0.751
3298,ILM EXR Image (. exr),zh,Chinese,qwen2.5-coder:7b,ILM EXR 图像 (.exr),1.69
3299,Bookmark Editor,zh,Chinese,qwen2.5-coder:7b,书签编辑器,0.857
3300,Head 3,zh,Chinese,qwen2.5-coder:7b,三级标题,0.666
3301,Label color,zh,Chinese,qwen2.5-coder:7b,标签颜色,0.639
3302,Network Status,zh,Chinese,qwen2.5-coder:7b,网络状态,0.618
3303,User name:,zh,Chinese,qwen2.5-coder:7b,用户名：,0.638
3304,KDE SSL Certificate Dialog,zh,Chinese,qwen2.5-coder:7b,KDE SSL证书对话框,1.102
3305,Down Arrow,zh,Chinese,qwen2.5-coder:7b,向下箭头,0.746
3306,Forbidden,zh,Chinese,qwen2.5-coder:7b,禁止,0.505
3307,Graphical artwork,zh,Chinese,qwen2.5-coder:7b,图形艺术作品,0.78
3308,Build up,zh,Chinese,qwen2.5-coder:7b,构建,0.563
3309,Star speed,zh,Chinese,qwen2.5-coder:7b,星速,0.658
3310,Project Manager,zh,Chinese,qwen2.5-coder:7b,项目经理,0.527
3311,Profile Name,zh,Chinese,qwen2.5-coder:7b,个人资料名称,0.709
3312,Misc,zh,Chinese,qwen2.5-coder:7b,其他,0.48
3313,& NT Domain:,zh,Chinese,qwen2.5-coder:7b,& NT 域:,1.078
3314,Simplify,zh,Chinese,qwen2.5-coder:7b,简化,0.594
3315,Adjustment Type,zh,Chinese,qwen2.5-coder:7b,调整类型,0.684
3316,Strength,zh,Chinese,qwen2.5-coder:7b,力量,0.509
3317,Scaling Algorithm,zh,Chinese,qwen2.5-coder:7b,缩放算法,0.78
3318,Paper width (cm):,zh,Chinese,qwen2.5-coder:7b,纸张宽度 (cm):,1.175
3319,Rupiah,zh,Chinese,qwen2.5-coder:7b,印度尼西亚盾,0.873
3320,five,zh,Chinese,qwen2.5-coder:7b,五,0.487
3321,Subject:,zh,Chinese,qwen2.5-coder:7b,主题：,0.62
3322,Client signing:,zh,Chinese,qwen2.5-coder:7b,客户端签名：,0.746
3323,Horizontally in & Splitter,zh,Chinese,qwen2.5-coder:7b,水平分割器,0.892
3324,Ready,zh,Chinese,qwen2.5-coder:7b,准备就绪,0.717
3325,Remove Display,zh,Chinese,qwen2.5-coder:7b,移除显示,0.729
3326,My Downloads,zh,Chinese,qwen2.5-coder:7b,我的下载,0.626
3327,Cups Page Log Files,zh,Chinese,qwen2.5-coder:7b,咖啡机日志文件,1.046
3328,& Previous Hole,zh,Chinese,qwen2.5-coder:7b,&上一个洞,0.899
3329,Unknown host %1,zh,Chinese,qwen2.5-coder:7b,未知主机 %1,0.934
3330,& Statistics...,zh,Chinese,qwen2.5-coder:7b,统计...,0.627
3331,Monthly Log,zh,Chinese,qwen2.5-coder:7b,月度日志,0.857
3332,My Neighborhood,zh,Chinese,qwen2.5-coder:7b,我的社区,0.621
3333,Network name,zh,Chinese,qwen2.5-coder:7b,网络名称,0.627
3334,Custom 3,zh,Chinese,qwen2.5-coder:7b,自定义 3,0.907
3335,Printing,zh,Chinese,qwen2.5-coder:7b,打印,0.504
3336,Energy amount:,zh,Chinese,qwen2.5-coder:7b,能量数量：,0.718
3337,Picture,zh,Chinese,qwen2.5-coder:7b,图片,0.501
3338,Marking improvements,zh,Chinese,qwen2.5-coder:7b,标记改进,0.673
3339,locale,zh,Chinese,qwen2.5-coder:7b,地区,0.484
3340,Running Account,zh,Chinese,qwen2.5-coder:7b,运行账户,0.618
3341,D2 support,zh,Chinese,qwen2.5-coder:7b,D2 支持,0.987
3342,Off,zh,Chinese,qwen2.5-coder:7b,关闭,0.5
3343,Device & name,zh,Chinese,qwen2.5-coder:7b,设备 & 名称,0.873
3344,User:,zh,Chinese,qwen2.5-coder:7b,用户:,0.618
3345,Iron,zh,Chinese,qwen2.5-coder:7b,铁,0.519
3346,& Username:,zh,Chinese,qwen2.5-coder:7b,&用户名:,0.77
3347,Row number,zh,Chinese,qwen2.5-coder:7b,行号,0.69
3348,ImagePlugin_AntiVignetting,zh,Chinese,qwen2.5-coder:7b,图像插件_去晕轮,1.452
3349,Set Initial PIN (NKS),zh,Chinese,qwen2.5-coder:7b,设置初始PIN（NKS）,1.314
3350,Channel Password,zh,Chinese,qwen2.5-coder:7b,频道密码,0.641
3351,Swiss Franc,zh,Chinese,qwen2.5-coder:7b,瑞士法郎,0.783
3352,Texture preview:,zh,Chinese,qwen2.5-coder:7b,纹理预览：,0.869
3353,Defined macros,zh,Chinese,qwen2.5-coder:7b,定义的宏,0.747
3354,& Pitch:,zh,Chinese,qwen2.5-coder:7b,& 音调:,0.984
3355,Attack 2,zh,Chinese,qwen2.5-coder:7b,攻击 2,0.814
3356,Price,zh,Chinese,qwen2.5-coder:7b,价格,0.501
3357,Image size:,zh,Chinese,qwen2.5-coder:7b,图片大小：,0.729
3358,Normalized,zh,Chinese,qwen2.5-coder:7b,归一化,0.674
3359,Files,zh,Chinese,qwen2.5-coder:7b,文件,0.491
3360,& Subtitles,zh,Chinese,qwen2.5-coder:7b,& 字幕,0.787
3361,X resolution,zh,Chinese,qwen2.5-coder:7b,X分辨率,0.716
3362,2: Real Part,zh,Chinese,qwen2.5-coder:7b,2: 实部,0.961
3363,Non-Proportional,zh,Chinese,qwen2.5-coder:7b,非比例,0.727
3364,moving,zh,Chinese,qwen2.5-coder:7b,移动中,0.611
3365,& Filename:,zh,Chinese,qwen2.5-coder:7b,&文件名:,0.855
3366,Wikipedia localization,zh,Chinese,qwen2.5-coder:7b,维基百科本地化,1.007
3367,XML Bookmark file,zh,Chinese,qwen2.5-coder:7b,XML书签文件,0.936
3368,& Grant,zh,Chinese,qwen2.5-coder:7b,& 授予,0.858
3369,Course Information,zh,Chinese,qwen2.5-coder:7b,课程信息,0.685
3370,& Transfer Settings,zh,Chinese,qwen2.5-coder:7b,&传输设置,0.77
3371,Structure delimiting:,zh,Chinese,qwen2.5-coder:7b,结构分隔符：,1.048
3372,Pen Size,zh,Chinese,qwen2.5-coder:7b,画笔大小,0.771
3373,From Parent Role,zh,Chinese,qwen2.5-coder:7b,从父角色,0.823
3374,Derivatives,zh,Chinese,qwen2.5-coder:7b,衍生品,0.668
3375,Track Encoded,zh,Chinese,qwen2.5-coder:7b,编码轨道,0.708
3376,& Ctrl; Space,zh,Chinese,qwen2.5-coder:7b,& Ctrl; 空格,1.203
3377,Verification Settings,zh,Chinese,qwen2.5-coder:7b,验证设置,0.679
3378,printing,zh,Chinese,qwen2.5-coder:7b,打印,0.509
3379,Storage Drive,zh,Chinese,qwen2.5-coder:7b,存储驱动器,0.744
3380,Button Background,zh,Chinese,qwen2.5-coder:7b,按钮背景,0.73
3381,Guard time (sec/ 50):,zh,Chinese,qwen2.5-coder:7b,守卫时间 (秒/50):,1.719
3382,Gather,zh,Chinese,qwen2.5-coder:7b,收集,0.536
3383,Contone (4096 colors),zh,Chinese,qwen2.5-coder:7b,色阶（4096 色）,2.182
3384,Floating-point precision:,zh,Chinese,qwen2.5-coder:7b,浮点精度：,0.952
3385,Dump reason:,zh,Chinese,qwen2.5-coder:7b,转储原因：,0.873
3386,Security,zh,Chinese,qwen2.5-coder:7b,安全,0.505
3387,Groups:,zh,Chinese,qwen2.5-coder:7b,组：,0.593
3388,lightyear,zh,Chinese,qwen2.5-coder:7b,光年,0.618
3389,%1 (capture),zh,Chinese,qwen2.5-coder:7b,%1 (捕获),1.08
3390,Stapler Option,zh,Chinese,qwen2.5-coder:7b,订书机选项,0.98
3391,Looks,zh,Chinese,qwen2.5-coder:7b,看起来,0.553
3392,Area,zh,Chinese,qwen2.5-coder:7b,面积,0.515
3393,Default paint operations,zh,Chinese,qwen2.5-coder:7b,默认绘制操作,0.779
3394,Battery Actions,zh,Chinese,qwen2.5-coder:7b,电池操作,0.645
3395,& Next tab,zh,Chinese,qwen2.5-coder:7b,& 下一个标签页,1.037
3396,Level number:,zh,Chinese,qwen2.5-coder:7b,关卡编号：,0.885
3397,Print Index - \\printindex,zh,Chinese,qwen2.5-coder:7b,打印索引 - \printindex,1.293
3398,DVD titles pattern,zh,Chinese,qwen2.5-coder:7b,DVD 标题模式,0.961
3399,Views,zh,Chinese,qwen2.5-coder:7b,视图,0.627
3400,Network interface information,zh,Chinese,qwen2.5-coder:7b,网络接口信息,0.799
3401,Air speed,zh,Chinese,qwen2.5-coder:7b,空速,0.636
3402,Kate Styles,zh,Chinese,qwen2.5-coder:7b,凯特·斯泰尔斯,1.065
3403,Track Progression,zh,Chinese,qwen2.5-coder:7b,跟踪进度,0.725
3404,myTurn,zh,Chinese,qwen2.5-coder:7b,我的回合,0.655
3405,Playing order:,zh,Chinese,qwen2.5-coder:7b,播放顺序：,0.77
3406,Scripting.,zh,Chinese,qwen2.5-coder:7b,脚本。,0.727
3407,Network Proxy,zh,Chinese,qwen2.5-coder:7b,网络代理,0.624
3408,of January,zh,Chinese,qwen2.5-coder:7b,一月,0.622
3409,KMail Migration Tool,zh,Chinese,qwen2.5-coder:7b,KMail 迁移工具,1.12
3410,Track announcement popups,zh,Chinese,qwen2.5-coder:7b,列车到站广播,1.132
3411,Download speed:,zh,Chinese,qwen2.5-coder:7b,下载速度：,0.735
3412,CD Encoded,zh,Chinese,qwen2.5-coder:7b,CD 编码,0.867
3413,German (de),zh,Chinese,qwen2.5-coder:7b,德语 (de),0.953
3414,Custom 2,zh,Chinese,qwen2.5-coder:7b,自定义 2,0.866
3415,Your name:,zh,Chinese,qwen2.5-coder:7b,你的名字：,0.708
3416,& Driver:,zh,Chinese,qwen2.5-coder:7b,& 驱动程序:,1.086
3417,_Release,zh,Chinese,qwen2.5-coder:7b,发布,0.587
3418,Seeding,zh,Chinese,qwen2.5-coder:7b,播种,0.615
3419,Calendar system:,zh,Chinese,qwen2.5-coder:7b,日历系统：,0.908
3420,Upper Austria,zh,Chinese,qwen2.5-coder:7b,上奥地利州,0.749
3421,This month,zh,Chinese,qwen2.5-coder:7b,本月,0.565
3422,Project,zh,Chinese,qwen2.5-coder:7b,项目,0.52
3423,Formatting Characters,zh,Chinese,qwen2.5-coder:7b,格式化字符,0.726
3424,Plotting Range,zh,Chinese,qwen2.5-coder:7b,绘图范围,0.776
3425,Identities Page,zh,Chinese,qwen2.5-coder:7b,身份页面,0.66
3426,Immediately,zh,Chinese,qwen2.5-coder:7b,立即,0.515
3427,Use Sendmail,zh,Chinese,qwen2.5-coder:7b,使用Sendmail,0.816
3428,Shortcut name: style,zh,Chinese,qwen2.5-coder:7b,快捷方式名称: 样式,1.282
3429,Call Chain,zh,Chinese,qwen2.5-coder:7b,调用链,0.752
3430,Sounds tuning,zh,Chinese,qwen2.5-coder:7b,声音调校,0.741
3431,Scrolling,zh,Chinese,qwen2.5-coder:7b,滚动,0.526
3432,Value Options,zh,Chinese,qwen2.5-coder:7b,值选项,0.725
3433,Optimized,zh,Chinese,qwen2.5-coder:7b,优化,0.559
3434,Placement,zh,Chinese,qwen2.5-coder:7b,放置,0.517
3435,Always Best,zh,Chinese,qwen2.5-coder:7b,始终最佳,0.634
3436,Capture from %1,zh,Chinese,qwen2.5-coder:7b,从 %1 捕获,1.17
3437,Deleted,zh,Chinese,qwen2.5-coder:7b,已删除,0.624
3438,Binary Tree,zh,Chinese,qwen2.5-coder:7b,二叉树,0.728
3439,South Bohemia,zh,Chinese,qwen2.5-coder:7b,南 Bohemia,0.744
3440,Liberian Dollar,zh,Chinese,qwen2.5-coder:7b,Liberian 美元,1.097
3441,Orca Speech,zh,Chinese,qwen2.5-coder:7b,orca语音,0.642
3442,Mexican Peso,zh,Chinese,qwen2.5-coder:7b,墨西哥比索,0.779
3443,of September,zh,Chinese,qwen2.5-coder:7b,九月,0.616
3444,Peak Speed:,zh,Chinese,qwen2.5-coder:7b,最高速度：,0.86
3445,A vs. C Overview,zh,Chinese,qwen2.5-coder:7b,A vs. C 概述,1.352
3446,Piece glued,zh,Chinese,qwen2.5-coder:7b,粘合的部件,0.822
3447,Variable name.,zh,Chinese,qwen2.5-coder:7b,变量名称。,0.741
3448,single channel,zh,Chinese,qwen2.5-coder:7b,单声道,0.643
3449,Note Actions,zh,Chinese,qwen2.5-coder:7b,注意操作,0.643
3450,icon design,zh,Chinese,qwen2.5-coder:7b,图标设计,0.681
3451,Video Record,zh,Chinese,qwen2.5-coder:7b,视频录制,0.623
3452,Strings:,zh,Chinese,qwen2.5-coder:7b,字符串：,0.586
3453,Midi effects,zh,Chinese,qwen2.5-coder:7b,MIDI效果,0.751
3454,Image Type,zh,Chinese,qwen2.5-coder:7b,图片类型,0.648
3455,property,zh,Chinese,qwen2.5-coder:7b,属性,0.5
3456,Symbol rate (kS/ s):,zh,Chinese,qwen2.5-coder:7b,符号率 (kS/ s):,1.399
3457,Bolivian Mvdol,zh,Chinese,qwen2.5-coder:7b,玻利维亚门多币,1.403
3458,& lt; size in bytesgt;,zh,Chinese,qwen2.5-coder:7b,字节大小,0.911
3459,Custom Type 1,zh,Chinese,qwen2.5-coder:7b,自定义类型 1,1.045
3460,Encrypting,zh,Chinese,qwen2.5-coder:7b,加密中,0.637
3461,Frequency:,zh,Chinese,qwen2.5-coder:7b,频率:,0.614
3462,Or Between Tags,zh,Chinese,qwen2.5-coder:7b,或者在标签之间,0.879
3463,Christian Gangsta Rap,zh,Chinese,qwen2.5-coder:7b,基督教说唱,0.826
3464,Scripting interface,zh,Chinese,qwen2.5-coder:7b,脚本接口,0.756
3465,Disk Buffers,zh,Chinese,qwen2.5-coder:7b,磁盘缓冲区,0.89
3466,Interface Overview,zh,Chinese,qwen2.5-coder:7b,界面概述,0.67
3467,Omani Rial,zh,Chinese,qwen2.5-coder:7b,阿曼里亚尔,1.048
3468,& Norwegian,zh,Chinese,qwen2.5-coder:7b,&挪威,0.648
3469,z rotation:,zh,Chinese,qwen2.5-coder:7b,z 轴旋转:,1.164
3470,Signing,zh,Chinese,qwen2.5-coder:7b,签名,0.498
3471,source,zh,Chinese,qwen2.5-coder:7b,源代码,0.598
3472,Look for:,zh,Chinese,qwen2.5-coder:7b,查找：,0.621
3473,pigment declaration,zh,Chinese,qwen2.5-coder:7b,色素声明,0.667
3474,Project version,zh,Chinese,qwen2.5-coder:7b,项目版本,0.623
3475,new Signal,zh,Chinese,qwen2.5-coder:7b,新信号,0.617
3476,Online Certificate Validation,zh,Chinese,qwen2.5-coder:7b,在线证书验证,0.839
3477,no file,zh,Chinese,qwen2.5-coder:7b,没有文件,0.683
3478,Templates Settings,zh,Chinese,qwen2.5-coder:7b,模板设置,0.677
3479,1200 Image Quality,zh,Chinese,qwen2.5-coder:7b,1200 图像质量,1.247
3480,Icon size: %1 pixels,zh,Chinese,qwen2.5-coder:7b,图标大小: %1 像素,1.429
3481,Profile Management,zh,Chinese,qwen2.5-coder:7b,用户资料管理,0.756
3482,& Statistics,zh,Chinese,qwen2.5-coder:7b,&统计,0.701
3483,Definition List,zh,Chinese,qwen2.5-coder:7b,定义列表,0.689
3484,Conflict Detected,zh,Chinese,qwen2.5-coder:7b,冲突检测到,0.774
3485,Data Project,zh,Chinese,qwen2.5-coder:7b,数据项目,0.688
3486,& Crop,zh,Chinese,qwen2.5-coder:7b,& 裁剪,0.937
3487,Print Engine Select (Printer 1),zh,Chinese,qwen2.5-coder:7b,打印引擎选择（打印机1）,1.332
3488,"Developer (HTML rendering engine, JavaScript)",zh,Chinese,qwen2.5-coder:7b,开发者（HTML 渲染引擎，JavaScript）,1.712
3489,Turkish Lira,zh,Chinese,qwen2.5-coder:7b,土耳其里拉,0.822
3490,& feminine,zh,Chinese,qwen2.5-coder:7b,& 女性,0.937
3491,Green Tone,zh,Chinese,qwen2.5-coder:7b,绿色调,0.658
3492,Outgoing,zh,Chinese,qwen2.5-coder:7b,发出的,0.825
3493,Color Space Conversion,zh,Chinese,qwen2.5-coder:7b,颜色空间转换,0.768
3494,Sample Width,zh,Chinese,qwen2.5-coder:7b,样本宽度,0.627
3495,corrupted chunks,zh,Chinese,qwen2.5-coder:7b,损坏的块,0.8
3496,Romanian Leu A/ 05,zh,Chinese,qwen2.5-coder:7b,罗马尼亚列奥 A/ 05,1.655
3497,Applications,zh,Chinese,qwen2.5-coder:7b,应用程序,0.513
3498,Deviation,zh,Chinese,qwen2.5-coder:7b,偏差,0.538
3499,new_fkey_constraint,zh,Chinese,qwen2.5-coder:7b,新的外键约束,0.922
3500,Track Length,zh,Chinese,qwen2.5-coder:7b,音轨长度,0.717
3501,Example,zh,Chinese,qwen2.5-coder:7b,示例,0.612
3502,"Paste ""%1"" to input",zh,Chinese,qwen2.5-coder:7b,"将 ""%1"" 粘贴到输入框中",1.84
3503,Typewriter,zh,Chinese,qwen2.5-coder:7b,打字机,0.754
3504,Next Track,zh,Chinese,qwen2.5-coder:7b,下一曲,0.642
3505,My Bugs,zh,Chinese,qwen2.5-coder:7b,我的错误,0.654
3506,X.509 Certificate,zh,Chinese,qwen2.5-coder:7b,X.509证书,1.186
3507,Selection Mode:,zh,Chinese,qwen2.5-coder:7b,选择模式：,0.75
3508,density map declaration,zh,Chinese,qwen2.5-coder:7b,密度图声明,0.773
3509,Keyword,zh,Chinese,qwen2.5-coder:7b,关键词,0.51
3510,Record,zh,Chinese,qwen2.5-coder:7b,记录,0.543
3511,Delete all,zh,Chinese,qwen2.5-coder:7b,删除所有,0.719
3512,Liability,zh,Chinese,qwen2.5-coder:7b,责任,0.601
3513,Line Spacing,zh,Chinese,qwen2.5-coder:7b,行间距,0.685
3514,power governor %1,zh,Chinese,qwen2.5-coder:7b,电源管理器 %1,0.988
3515,Extension Information,zh,Chinese,qwen2.5-coder:7b,扩展信息,0.632
3516,Password Manager,zh,Chinese,qwen2.5-coder:7b,密码管理器,0.774
3517,Dialog Editor,zh,Chinese,qwen2.5-coder:7b,对话编辑器,0.75
3518,Window title,zh,Chinese,qwen2.5-coder:7b,窗口标题,0.647
3519,Scheduled Time:,zh,Chinese,qwen2.5-coder:7b,预定时间：,0.719
3520,Changed,zh,Chinese,qwen2.5-coder:7b,已更改,0.595
3521,Forty & Eight,zh,Chinese,qwen2.5-coder:7b,四十八,0.73
3522,Bolivian Boliviano,zh,Chinese,qwen2.5-coder:7b,玻利维亚玻利维亚诺,1.576
3523,Volume,zh,Chinese,qwen2.5-coder:7b,音量,0.618
3524,Chapters,zh,Chinese,qwen2.5-coder:7b,章节,0.571
3525,Connection specific:: Racoon,zh,Chinese,qwen2.5-coder:7b,连接特定:: 雷松,1.297
3526,Opening date,zh,Chinese,qwen2.5-coder:7b,开播日期,0.732
3527,Overlaying Stencils,zh,Chinese,qwen2.5-coder:7b,叠加遮罩,0.836
3528,Start Parley first.,zh,Chinese,qwen2.5-coder:7b,请先开始对话。,1.019
3529,Personal,zh,Chinese,qwen2.5-coder:7b,个人,0.491
3530,Minimum size:,zh,Chinese,qwen2.5-coder:7b,最小尺寸：,0.767
3531,Romanian Leu,zh,Chinese,qwen2.5-coder:7b,罗马尼亚列夫,0.915
3532,Edit Formula,zh,Chinese,qwen2.5-coder:7b,编辑公式,0.663
3533,of R. Awal,zh,Chinese,qwen2.5-coder:7b,R. Awal,0.965
3534,Escape response:,zh,Chinese,qwen2.5-coder:7b,转义响应:,0.958
3535,Croatia,zh,Chinese,qwen2.5-coder:7b,克罗地亚,0.888
3536,Show as: Free,zh,Chinese,qwen2.5-coder:7b,显示为：免费,0.879
3537,OpenPGP export file:,zh,Chinese,qwen2.5-coder:7b,OpenPGP 导出文件：,1.294
3538,Ctrl; H Game,zh,Chinese,qwen2.5-coder:7b,Ctrl; H 游戏,1.121
3539,Selected 2,zh,Chinese,qwen2.5-coder:7b,已选2项,0.897
3540,Nuke,zh,Chinese,qwen2.5-coder:7b,核弹,0.689
3541,Recommended,zh,Chinese,qwen2.5-coder:7b,推荐,0.504
3542,active,zh,Chinese,qwen2.5-coder:7b,活跃的,0.62
3543,Red Player,zh,Chinese,qwen2.5-coder:7b,红色播放器,0.724
3544,Northern Europe,zh,Chinese,qwen2.5-coder:7b,北欧,0.613
3545,Host (server) name,zh,Chinese,qwen2.5-coder:7b,主机（服务器）名称,1.04
3546,Configuration Files,zh,Chinese,qwen2.5-coder:7b,配置文件,0.622
3547,current,zh,Chinese,qwen2.5-coder:7b,当前,0.501
3548,& Bold,zh,Chinese,qwen2.5-coder:7b,加粗(&B),0.926
3549,interior,zh,Chinese,qwen2.5-coder:7b,内部,0.568
3550,LDAP delete dn,zh,Chinese,qwen2.5-coder:7b,LDAP 删除 DN,0.834
3551,Add Script,zh,Chinese,qwen2.5-coder:7b,添加脚本,0.787
3552,Image Restoration Tools,zh,Chinese,qwen2.5-coder:7b,图像修复工具,0.768
3553,Ascorbic acid,zh,Chinese,qwen2.5-coder:7b,维生素C,0.73
3554,Navigation Toolbar,zh,Chinese,qwen2.5-coder:7b,导航工具栏,0.753
3555,Alignment:,zh,Chinese,qwen2.5-coder:7b,对齐方式：,0.785
3556,Polygons,zh,Chinese,qwen2.5-coder:7b,多边形,0.714
3557,green,zh,Chinese,qwen2.5-coder:7b,绿色,0.509
3558,Deep Blue,zh,Chinese,qwen2.5-coder:7b,深蓝,0.625
3559,system performance,zh,Chinese,qwen2.5-coder:7b,系统性能,0.629
3560,Interpolation:,zh,Chinese,qwen2.5-coder:7b,插值：,0.711
3561,& Frame Color:,zh,Chinese,qwen2.5-coder:7b,&边框颜色:,0.931
3562,Power state,zh,Chinese,qwen2.5-coder:7b,电源状态,0.691
3563,LEAP Username,zh,Chinese,qwen2.5-coder:7b,LEAP 用户名,0.872
3564,No Project,zh,Chinese,qwen2.5-coder:7b,没有项目,0.668
3565,Astrocalculator,zh,Chinese,qwen2.5-coder:7b,天文计算器,0.695
3566,Unknown Type,zh,Chinese,qwen2.5-coder:7b,未知类型,0.657
3567,(unknown call),zh,Chinese,qwen2.5-coder:7b,未知来电,0.664
3568,Destination Folder,zh,Chinese,qwen2.5-coder:7b,目标文件夹,0.779
3569,digiKam Core Image Plugin,zh,Chinese,qwen2.5-coder:7b,digiKam 核心图像插件,1.67
3570,Filter Applied,zh,Chinese,qwen2.5-coder:7b,已应用筛选器,0.854
3571,Print Engine Select (Printer 2),zh,Chinese,qwen2.5-coder:7b,打印引擎选择（打印机2）,1.311
3572,(2) System Calls,zh,Chinese,qwen2.5-coder:7b,(2) 系统调用,1.396
3573,Shutdown,zh,Chinese,qwen2.5-coder:7b,关闭,0.522
3574,loop,zh,Chinese,qwen2.5-coder:7b,循环,0.506
3575,Next Conflict,zh,Chinese,qwen2.5-coder:7b,下一个冲突,0.665
3576,Serial,zh,Chinese,qwen2.5-coder:7b,序列号,0.598
3577,KMyMoney files,zh,Chinese,qwen2.5-coder:7b,KMyMoney文件,0.875
3578,Action:,zh,Chinese,qwen2.5-coder:7b,操作:,0.581
3579,Time coherent,zh,Chinese,qwen2.5-coder:7b,时间一致,0.648
3580,A hundred,zh,Chinese,qwen2.5-coder:7b,一百,0.531
3581,19th Last,zh,Chinese,qwen2.5-coder:7b,倒数第19个,1.14
3582,Monthly Budget,zh,Chinese,qwen2.5-coder:7b,月度预算,0.754
3583,License:,zh,Chinese,qwen2.5-coder:7b,许可证：,0.592
3584,Marble Map,zh,Chinese,qwen2.5-coder:7b,大理石地图,0.681
3585,Background image:,zh,Chinese,qwen2.5-coder:7b,背景图片：,0.69
3586,visited,zh,Chinese,qwen2.5-coder:7b,访问,0.476
3587,ImagePlugin_AdjustLevels,zh,Chinese,qwen2.5-coder:7b,图像插件_调整级别,1.106
3588,Delete A & B,zh,Chinese,qwen2.5-coder:7b,删除 A & B,0.904
3589,Romanian,zh,Chinese,qwen2.5-coder:7b,罗马尼亚,0.675
3590,& Copy Content,zh,Chinese,qwen2.5-coder:7b,& 复制内容,1.051
3591,Fuzziness:,zh,Chinese,qwen2.5-coder:7b,模糊度：,0.819
3592,Fan Control,zh,Chinese,qwen2.5-coder:7b,风扇控制,0.623
3593,Open Calais registration key,zh,Chinese,qwen2.5-coder:7b,打开Calais注册密钥,1.12
3594,Attribute Properties,zh,Chinese,qwen2.5-coder:7b,属性属性,0.665
3595,Track,zh,Chinese,qwen2.5-coder:7b,跟踪,0.54
3596,Card Collection,zh,Chinese,qwen2.5-coder:7b,卡片收藏,0.63
3597,In Progress,zh,Chinese,qwen2.5-coder:7b,进行中,0.63
3598,Until,zh,Chinese,qwen2.5-coder:7b,直到,0.479
3599,& User:,zh,Chinese,qwen2.5-coder:7b,& 用户:,0.762
3600,Passing Direction,zh,Chinese,qwen2.5-coder:7b,通过方向,0.701
3601,End Time:,zh,Chinese,qwen2.5-coder:7b,结束时间：,0.766
3602,Tidy by Kommander,zh,Chinese,qwen2.5-coder:7b,Kommander 整理,1.387
3603,Always Off,zh,Chinese,qwen2.5-coder:7b,总是关闭,0.642
3604,Minimum length:,zh,Chinese,qwen2.5-coder:7b,最小长度：,0.759
3605,Timeline,zh,Chinese,qwen2.5-coder:7b,时间线,0.63
3606,Option Group (wml),zh,Chinese,qwen2.5-coder:7b,选项组 (wml),1.122
3607,USB device,zh,Chinese,qwen2.5-coder:7b,USB 设备,0.764
3608,Key type:,zh,Chinese,qwen2.5-coder:7b,密钥类型：,0.826
3609,& Text-to-Speech,zh,Chinese,qwen2.5-coder:7b,& 文本转语音,1.038
3610,not,zh,Chinese,qwen2.5-coder:7b,不是,0.536
3611,File extensions:,zh,Chinese,qwen2.5-coder:7b,文件扩展名：,0.844
3612,Current score:,zh,Chinese,qwen2.5-coder:7b,当前得分：,0.716
3613,Read bmpx,zh,Chinese,qwen2.5-coder:7b,读取 bmpx,0.837
3614,& Unmount,zh,Chinese,qwen2.5-coder:7b,&卸载,0.76
3615,History-based,zh,Chinese,qwen2.5-coder:7b,基于历史的,0.762
3616,Average:,zh,Chinese,qwen2.5-coder:7b,平均值：,0.674
3617,Outgoing:,zh,Chinese,qwen2.5-coder:7b,发送:,0.715
3618,Enter Signal,zh,Chinese,qwen2.5-coder:7b,输入信号,0.636
3619,Spikes:,zh,Chinese,qwen2.5-coder:7b,刺：,0.636
3620,Domain Name:,zh,Chinese,qwen2.5-coder:7b,域名:,0.643
3621,Change Board Layout,zh,Chinese,qwen2.5-coder:7b,更改版面布局,0.862
3622,Time Calculators,zh,Chinese,qwen2.5-coder:7b,时间计算器,0.673
3623,spacing:,zh,Chinese,qwen2.5-coder:7b,间距:,0.618
3624,KHTML Userscript Installer,zh,Chinese,qwen2.5-coder:7b,KHTML 用户脚本安装器,1.326
3625,Edit Host,zh,Chinese,qwen2.5-coder:7b,编辑主机,0.657
3626,Title & Alignment,zh,Chinese,qwen2.5-coder:7b,标题 & 对齐方式,0.981
3627,Circuit,zh,Chinese,qwen2.5-coder:7b,电路,0.522
3628,LightBlue3,zh,Chinese,qwen2.5-coder:7b,浅蓝色3,0.735
3629,Access log file,zh,Chinese,qwen2.5-coder:7b,访问日志文件,0.844
3630,User Help,zh,Chinese,qwen2.5-coder:7b,用户帮助,0.639
3631,User certificate:,zh,Chinese,qwen2.5-coder:7b,用户证书：,0.702
3632,Line Break,zh,Chinese,qwen2.5-coder:7b,换行,0.625
3633,Trigonometry Functions,zh,Chinese,qwen2.5-coder:7b,三角函数,0.705
3634,Keyboard & Layout:,zh,Chinese,qwen2.5-coder:7b,键盘 & 布局:,1.138
3635,Info window,zh,Chinese,qwen2.5-coder:7b,信息窗口,0.652
3636,Aleutian Islands,zh,Chinese,qwen2.5-coder:7b,阿留申群岛,0.875
3637,Symbol List,zh,Chinese,qwen2.5-coder:7b,符号列表,0.609
3638,Content,zh,Chinese,qwen2.5-coder:7b,内容,0.48
3639,64th,zh,Chinese,qwen2.5-coder:7b,第六十四届,0.761
3640,Traffic & Plotter,zh,Chinese,qwen2.5-coder:7b,交通 & 绘图器,1.104
3641,Members:,zh,Chinese,qwen2.5-coder:7b,成员：,0.608
3642,Account balance=%1,zh,Chinese,qwen2.5-coder:7b,账户余额=%1,0.954
3643,Skipping %1,zh,Chinese,qwen2.5-coder:7b,跳过 %1,0.859
3644,Adjust Volume,zh,Chinese,qwen2.5-coder:7b,调整音量,0.704
3645,Ball Bouncing Game,zh,Chinese,qwen2.5-coder:7b,弹球游戏,0.78
3646,Already Running,zh,Chinese,qwen2.5-coder:7b,已经在运行,0.621
3647,Browseable,zh,Chinese,qwen2.5-coder:7b,可浏览的,0.76
3648,Contact Actions,zh,Chinese,qwen2.5-coder:7b,联系操作,0.678
3649,of Kislev,zh,Chinese,qwen2.5-coder:7b,的基斯列夫,1.281
3650,Subtitle,zh,Chinese,qwen2.5-coder:7b,字幕,0.591
3651,Certificate Password,zh,Chinese,qwen2.5-coder:7b,证书密码,0.63
3652,Owning Group,zh,Chinese,qwen2.5-coder:7b,拥有组,0.694
3653,Style Script,zh,Chinese,qwen2.5-coder:7b,样式脚本,0.753
3654,Print range,zh,Chinese,qwen2.5-coder:7b,打印范围,0.62
3655,Run Project via KXSLDbg,zh,Chinese,qwen2.5-coder:7b,通过 KXSLDbg 运行项目,1.604
3656,Colorize,zh,Chinese,qwen2.5-coder:7b,上色,0.626
3657,PPTP settings,zh,Chinese,qwen2.5-coder:7b,PPTP 设置,1.031
3658,Modify Host,zh,Chinese,qwen2.5-coder:7b,修改主机,0.72
3659,Section Level 3,zh,Chinese,qwen2.5-coder:7b,第3级部分,0.937
3660,LocalDomainFilter,zh,Chinese,qwen2.5-coder:7b,本地域过滤器,0.88
3661,RosyBrown2,zh,Chinese,qwen2.5-coder:7b,玫瑰棕色2,0.847
3662,Resize Row,zh,Chinese,qwen2.5-coder:7b,调整行高,0.748
3663,Forward,zh,Chinese,qwen2.5-coder:7b,前进,0.497
3664,Screen Manager,zh,Chinese,qwen2.5-coder:7b,屏幕管理器,0.726
3665,DVD Size,zh,Chinese,qwen2.5-coder:7b,DVD 大小,0.836
3666,LightSkyBlue3,zh,Chinese,qwen2.5-coder:7b,浅蓝色3,0.789
3667,Multi-Channel,zh,Chinese,qwen2.5-coder:7b,多渠道,0.655
3668,& None,zh,Chinese,qwen2.5-coder:7b,& 无,0.768
3669,Fibers,zh,Chinese,qwen2.5-coder:7b,纤维,0.598
3670,& Fleet Overview,zh,Chinese,qwen2.5-coder:7b,& 队伍概览,1.218
3671,& Pitch,zh,Chinese,qwen2.5-coder:7b,& 音调,0.811
3672,DST rule:,zh,Chinese,qwen2.5-coder:7b,DST规则：,0.947
3673,QMake Binary:,zh,Chinese,qwen2.5-coder:7b,QMake 二进制文件:,1.299
3674,Hip-Hop,zh,Chinese,qwen2.5-coder:7b,嘻哈,0.692
3675,27th Last,zh,Chinese,qwen2.5-coder:7b,倒数第27个,1.096
3676,Emphasize (wml),zh,Chinese,qwen2.5-coder:7b,强调 (wml),1.165
3677,Filename:,zh,Chinese,qwen2.5-coder:7b,文件名：,0.725
3678,& General,zh,Chinese,qwen2.5-coder:7b,&常规,0.638
3679,& Blue,zh,Chinese,qwen2.5-coder:7b,& 蓝色,0.864
3680,& Edit Sensor...,zh,Chinese,qwen2.5-coder:7b,&编辑传感器...,0.814
3681,Navigation Panel,zh,Chinese,qwen2.5-coder:7b,导航面板,0.644
3682,Bond length,zh,Chinese,qwen2.5-coder:7b,键长,0.849
3683,Instruction Jump,zh,Chinese,qwen2.5-coder:7b,指令跳转,0.748
3684,Warnings,zh,Chinese,qwen2.5-coder:7b,警告,0.486
3685,StorageInfo,zh,Chinese,qwen2.5-coder:7b,存储信息,0.705
3686,Form Completion,zh,Chinese,qwen2.5-coder:7b,表单填写,0.768
3687,ConstraintSolver,zh,Chinese,qwen2.5-coder:7b,约束求解器,0.811
3688,& Keyboard Layout:,zh,Chinese,qwen2.5-coder:7b,&键盘布局:,0.863
3689,& Right Side,zh,Chinese,qwen2.5-coder:7b,& 右侧,0.846
3690,logout,zh,Chinese,qwen2.5-coder:7b,退出登录,0.642
3691,Table Shape,zh,Chinese,qwen2.5-coder:7b,表格形状,0.652
3692,Income,zh,Chinese,qwen2.5-coder:7b,收入,0.504
3693,To amount,zh,Chinese,qwen2.5-coder:7b,合计,0.739
3694,KColorScheme configuration file,zh,Chinese,qwen2.5-coder:7b,颜色方案配置文件,0.95
3695,F5 Copy,zh,Chinese,qwen2.5-coder:7b,F5 复制,0.969
3696,& Standard Headers,zh,Chinese,qwen2.5-coder:7b,& 标准头文件,1.045
3697,& Copy To,zh,Chinese,qwen2.5-coder:7b,&复制到,0.92
3698,Reply-To address,zh,Chinese,qwen2.5-coder:7b,回复地址,0.741
3699,Extraction Dialog,zh,Chinese,qwen2.5-coder:7b,提取对话框,0.78
3700,(Away),zh,Chinese,qwen2.5-coder:7b,(离线),0.801
3701,Overwrite Mode,zh,Chinese,qwen2.5-coder:7b,覆盖模式,0.679
3702,Credits,zh,Chinese,qwen2.5-coder:7b,版权信息,0.587
3703,fade curve,zh,Chinese,qwen2.5-coder:7b,淡入淡出曲线,0.959
3704,Afghanistan Afghani,zh,Chinese,qwen2.5-coder:7b,阿富汗 阿富汗尼,1.245
3705,Mutt dotlock privileged,zh,Chinese,qwen2.5-coder:7b,mutt dotlock 优先级,1.43
3706,New profile wizard PPTP,zh,Chinese,qwen2.5-coder:7b,新的PPTP配置向导,1.302
3707,Fraction,zh,Chinese,qwen2.5-coder:7b,分数,0.496
3708,WiFi Geolocation,zh,Chinese,qwen2.5-coder:7b,WiFi 定位,0.841
3709,Angle (degrees),zh,Chinese,qwen2.5-coder:7b,角度（度）,0.843
3710,Key Management,zh,Chinese,qwen2.5-coder:7b,密钥管理,0.759
3711,JourneysArr,zh,Chinese,qwen2.5-coder:7b,旅行,0.588
3712,Maximum Request Size,zh,Chinese,qwen2.5-coder:7b,最大请求大小,0.798
3713,"DCOPID=`dcop _BAR_ grep karm ` if [$DCOPID] then dcop $DCOPID KarmDCOPIface else echo ""karm; not running"" fi",zh,Chinese,qwen2.5-coder:7b,"DCOPID=`dcop _BAR_ grep karm ` if [$DCOPID] then dcop $DCOPID KarmDCOPIface else echo ""karm; not running"" fi",3.65
3714,Document Properties,zh,Chinese,qwen2.5-coder:7b,文档属性,0.588
3715,Kernel change notify,zh,Chinese,qwen2.5-coder:7b,内核变更通知,0.82
3716,Management card,zh,Chinese,qwen2.5-coder:7b,管理卡,0.64
3717,Colour Correction,zh,Chinese,qwen2.5-coder:7b,颜色校正,0.727
3718,Style area,zh,Chinese,qwen2.5-coder:7b,样式区域,0.633
3719,Velocity X:,zh,Chinese,qwen2.5-coder:7b,速度X：,0.723
3720,Article List Colors,zh,Chinese,qwen2.5-coder:7b,文章列表颜色,0.745
3721,Brazil/ DeNoronha,zh,Chinese,qwen2.5-coder:7b,巴西/德诺索纳,1.145
3722,Open Files,zh,Chinese,qwen2.5-coder:7b,打开文件,0.662
3723,Node Properties,zh,Chinese,qwen2.5-coder:7b,节点属性,0.663
3724,Terminal-based,zh,Chinese,qwen2.5-coder:7b,基于终端的,0.745
3725,Quits & kgeography;,zh,Chinese,qwen2.5-coder:7b,退出 & kgeography;,1.141
3726,PHP Manual Integration,zh,Chinese,qwen2.5-coder:7b,PHP 手册集成,0.986
3727,XSLT file:,zh,Chinese,qwen2.5-coder:7b,XSLT 文件：,1.058
3728,The URL %1 does not contain {searchTerms}.,zh,Chinese,qwen2.5-coder:7b,URL %1 不包含 {searchTerms}。,1.842
3729,Serial controller,zh,Chinese,qwen2.5-coder:7b,串行控制器,0.714
3730,Card,zh,Chinese,qwen2.5-coder:7b,卡片,0.484
3731,Acetyle salicylic acid,zh,Chinese,qwen2.5-coder:7b,乙酰水杨酸,1.108
3732,localPosition2Variance,zh,Chinese,qwen2.5-coder:7b,本地位置到方差,1.054
3733,Show scrollbar,zh,Chinese,qwen2.5-coder:7b,显示滚动条,0.724
3734,Filters (Advanced),zh,Chinese,qwen2.5-coder:7b,过滤器（高级）,0.968
3735,ImagePlugin_Texture,zh,Chinese,qwen2.5-coder:7b,图像插件_纹理,0.951
3736,Tunneled TLS,zh,Chinese,qwen2.5-coder:7b,隧道化TLS,0.85
3737,Textual,zh,Chinese,qwen2.5-coder:7b,文本,0.531
3738,Do not Know,zh,Chinese,qwen2.5-coder:7b,不知道,0.566
3739,Final,zh,Chinese,qwen2.5-coder:7b,最终,0.492
3740,Factory shape,zh,Chinese,qwen2.5-coder:7b,工厂形状,0.608
3741,Nordic,zh,Chinese,qwen2.5-coder:7b,北欧,0.672
3742,First element:,zh,Chinese,qwen2.5-coder:7b,第一个元素：,0.75
3743,CA domain,zh,Chinese,qwen2.5-coder:7b,CA域名,0.675
3744,Outline Quality,zh,Chinese,qwen2.5-coder:7b,大纲质量,0.634
3745,X resolution:,zh,Chinese,qwen2.5-coder:7b,X分辨率:,0.708
3746,Rotate photo,zh,Chinese,qwen2.5-coder:7b,旋转照片,0.626
3747,%1 does not exist.,zh,Chinese,qwen2.5-coder:7b,%1 不存在。,1.097
3748,Serial Port #1 (NetBSD),zh,Chinese,qwen2.5-coder:7b,串口 #1 (NetBSD),1.472
3749,Plugins,zh,Chinese,qwen2.5-coder:7b,插件,0.609
3750,Sound bell,zh,Chinese,qwen2.5-coder:7b,响铃,0.643
3751,Temperature (December),zh,Chinese,qwen2.5-coder:7b,温度 (十二月),1.048
3752,Data Store shape,zh,Chinese,qwen2.5-coder:7b,数据存储形状,0.773
3753,Conics,zh,Chinese,qwen2.5-coder:7b,抛物线,0.775
3754,***** output file:,zh,Chinese,qwen2.5-coder:7b,输出文件：,0.85
3755,Log level:,zh,Chinese,qwen2.5-coder:7b,日志级别：,0.847
3756,Residue Color Settings,zh,Chinese,qwen2.5-coder:7b,残留颜色设置,0.795
3757,Background Color:,zh,Chinese,qwen2.5-coder:7b,背景颜色：,0.759
3758,Paper size (cm):,zh,Chinese,qwen2.5-coder:7b,纸张大小 (cm):,1.129
3759,Rectangle Shape,zh,Chinese,qwen2.5-coder:7b,矩形形状,0.743
3760,My Games,zh,Chinese,qwen2.5-coder:7b,我的游戏,0.665
3761,PPD Version,zh,Chinese,qwen2.5-coder:7b,PPD 版本,0.968
3762,Prussia,zh,Chinese,qwen2.5-coder:7b,普鲁士,0.708
3763,Print Geometry,zh,Chinese,qwen2.5-coder:7b,打印几何图形,0.714
3764,Ctrl; Q Quit,zh,Chinese,qwen2.5-coder:7b,Ctrl; Q 退出,0.997
3765,merge,zh,Chinese,qwen2.5-coder:7b,合并,0.505
3766,Ssh User name,zh,Chinese,qwen2.5-coder:7b,SSH 用户名,0.783
3767,Profile Assignment,zh,Chinese,qwen2.5-coder:7b,用户配置文件分配,0.884
3768,& Delete,zh,Chinese,qwen2.5-coder:7b,&删除,0.633
3769,Image Preview,zh,Chinese,qwen2.5-coder:7b,图片预览,0.767
3770,Album View,zh,Chinese,qwen2.5-coder:7b,相册视图,0.823
3771,LDAP Requests,zh,Chinese,qwen2.5-coder:7b,LDAP 请求,0.615
3772,Remove Script,zh,Chinese,qwen2.5-coder:7b,移除脚本,0.837
3773,Finish wizard,zh,Chinese,qwen2.5-coder:7b,完成向导,0.712
3774,Valid Until,zh,Chinese,qwen2.5-coder:7b,有效期至,0.624
3775,Repeat Tool,zh,Chinese,qwen2.5-coder:7b,重复工具,0.629
3776,internal part,zh,Chinese,qwen2.5-coder:7b,内部部分,0.641
3777,Change Tracker,zh,Chinese,qwen2.5-coder:7b,变更跟踪器,0.712
3778,Control Center,zh,Chinese,qwen2.5-coder:7b,控制中心,0.622
3779,Phishing Alert,zh,Chinese,qwen2.5-coder:7b,网络钓鱼警报,0.845
3780,Execute on all operations,zh,Chinese,qwen2.5-coder:7b,在所有操作上执行,1.032
3781,Vibraphone,zh,Chinese,qwen2.5-coder:7b,颤音琴,0.876
3782,Clipboard history,zh,Chinese,qwen2.5-coder:7b,剪贴板历史记录,0.949
3783,Far Blur,zh,Chinese,qwen2.5-coder:7b,远模糊,0.632
3784,& Additional Comments:,zh,Chinese,qwen2.5-coder:7b,& 额外备注:,1.203
3785,South Korea,zh,Chinese,qwen2.5-coder:7b,韩国,0.571
3786,Tape size:,zh,Chinese,qwen2.5-coder:7b,磁带尺寸：,0.91
3787,Contents Settings,zh,Chinese,qwen2.5-coder:7b,内容设置,0.708
3788,Profile path:,zh,Chinese,qwen2.5-coder:7b,个人资料路径：,0.9
3789,Assembly file,zh,Chinese,qwen2.5-coder:7b,程序集文件,0.739
3790,Ignore unsafe symlinks,zh,Chinese,qwen2.5-coder:7b,忽略不安全的符号链接,1.126
3791,As & Web,zh,Chinese,qwen2.5-coder:7b,As & Web,0.868
3792,Bulgarian Lev,zh,Chinese,qwen2.5-coder:7b,保加利亚列夫,1.029
3793,Kexi Relation Design,zh,Chinese,qwen2.5-coder:7b,Kexi 关系设计,1.404
3794,%1: Operation Report,zh,Chinese,qwen2.5-coder:7b,%1: 操作报告,1.202
3795,& Delete Feed,zh,Chinese,qwen2.5-coder:7b,删除源,0.664
3796,F8 Delete,zh,Chinese,qwen2.5-coder:7b,F8 删除,0.787
3797,Count:,zh,Chinese,qwen2.5-coder:7b,计数：,0.676
3798,Copy budget,zh,Chinese,qwen2.5-coder:7b,复制预算,0.639
3799,Master Volume,zh,Chinese,qwen2.5-coder:7b,主音量,0.725
3800,Rename object,zh,Chinese,qwen2.5-coder:7b,重命名对象,0.722
3801,CadetBlue1,zh,Chinese,qwen2.5-coder:7b,深海蓝1,0.865
3802,Remove Mask,zh,Chinese,qwen2.5-coder:7b,移除遮罩,0.835
3803,To Narrowest,zh,Chinese,qwen2.5-coder:7b,最窄,0.692
3804,& View Source,zh,Chinese,qwen2.5-coder:7b,& 查看源代码,1.138
3805,NT domain name,zh,Chinese,qwen2.5-coder:7b,NT 域名,1.077
3806,Albums by %1,zh,Chinese,qwen2.5-coder:7b,%1 的专辑,1.054
3807,TCP Port,zh,Chinese,qwen2.5-coder:7b,TCP端口,0.75
3808,Under-Exposure Indicator,zh,Chinese,qwen2.5-coder:7b,曝光不足指示器,0.945
3809,Upload Profiles,zh,Chinese,qwen2.5-coder:7b,上传配置文件,0.736
3810,Directory %1 does not exist!,zh,Chinese,qwen2.5-coder:7b,目录 %1 不存在！,1.156
3811,Text actions,zh,Chinese,qwen2.5-coder:7b,文本操作,0.643
3812,Play & Recent,zh,Chinese,qwen2.5-coder:7b,播放 & 最近,0.878
3813,Quality:,zh,Chinese,qwen2.5-coder:7b,质量:,0.606
3814,Postponed:,zh,Chinese,qwen2.5-coder:7b,推迟:,0.664
3815,notification dialogs,zh,Chinese,qwen2.5-coder:7b,通知对话框,0.738
3816,& Turn off computer,zh,Chinese,qwen2.5-coder:7b,关闭计算机,0.701
3817,Database Permissions,zh,Chinese,qwen2.5-coder:7b,数据库权限,0.728
3818,Time Seeded,zh,Chinese,qwen2.5-coder:7b,时间种子,0.68
3819,position2Variance,zh,Chinese,qwen2.5-coder:7b,位置2方差,0.89
3820,& Minimum movement:,zh,Chinese,qwen2.5-coder:7b,最小移动:,0.745
3821,City name,zh,Chinese,qwen2.5-coder:7b,城市名称,0.644
3822,Feed Properties,zh,Chinese,qwen2.5-coder:7b,订阅属性,0.814
3823,Question,zh,Chinese,qwen2.5-coder:7b,问题,0.477
3824,Widescreen,zh,Chinese,qwen2.5-coder:7b,宽屏,0.65
3825,Deform brush,zh,Chinese,qwen2.5-coder:7b,变形画笔,0.742
3826,Retry search,zh,Chinese,qwen2.5-coder:7b,重试搜索,0.754
3827,& Quit reason:,zh,Chinese,qwen2.5-coder:7b,&退出原因:,0.921
3828,Print Progress,zh,Chinese,qwen2.5-coder:7b,打印进度,0.711
3829,& Subnetwork:,zh,Chinese,qwen2.5-coder:7b,& 子网:,0.989
3830,Annotations:,zh,Chinese,qwen2.5-coder:7b,注释：,0.751
3831,Observing List Wizard,zh,Chinese,qwen2.5-coder:7b,观察列表向导,0.911
3832,Light yellow,zh,Chinese,qwen2.5-coder:7b,浅黄色,0.64
3833,& Frequency,zh,Chinese,qwen2.5-coder:7b,&频率,0.627
3834,Image size: %1 x %2,zh,Chinese,qwen2.5-coder:7b,图片大小: %1 x %2,1.486
3835,Pattern tool,zh,Chinese,qwen2.5-coder:7b,模式工具,0.664
3836,American Samoa,zh,Chinese,qwen2.5-coder:7b,美国 Samoa,0.672
3837,Documentation,zh,Chinese,qwen2.5-coder:7b,文档,0.498
3838,Unknown processor,zh,Chinese,qwen2.5-coder:7b,未知处理器,0.623
3839,Finished:,zh,Chinese,qwen2.5-coder:7b,完成：,0.581
3840,Quick Select,zh,Chinese,qwen2.5-coder:7b,快速选择,0.608
3841,& German,zh,Chinese,qwen2.5-coder:7b,& 德国,0.838
3842,Stop search,zh,Chinese,qwen2.5-coder:7b,停止搜索,0.706
3843,Descending,zh,Chinese,qwen2.5-coder:7b,降序,0.631
3844,Seldom,zh,Chinese,qwen2.5-coder:7b,很少,0.538
3845,window settings,zh,Chinese,qwen2.5-coder:7b,窗口设置,0.632
3846,Ready.,zh,Chinese,qwen2.5-coder:7b,准备就绪。,0.819
3847,Drippiness,zh,Chinese,qwen2.5-coder:7b,滴答声,0.752
3848,Custom (%1),zh,Chinese,qwen2.5-coder:7b,自定义 (%1),0.974
3849,Function Plotter,zh,Chinese,qwen2.5-coder:7b,函数绘图器,0.861
3850,white space,zh,Chinese,qwen2.5-coder:7b,空白,0.547
3851,Game Status,zh,Chinese,qwen2.5-coder:7b,游戏状态,0.665
3852,Mount,zh,Chinese,qwen2.5-coder:7b,挂载,0.596
3853,Popup,zh,Chinese,qwen2.5-coder:7b,弹出窗口,0.718
3854,umbrello; 's User Interface,zh,Chinese,qwen2.5-coder:7b,Umbrello 的用户界面,1.204
3855,image %1,zh,Chinese,qwen2.5-coder:7b,图片 %1,0.762
3856,(Current field),zh,Chinese,qwen2.5-coder:7b,当前字段,0.677
3857,Subscript,zh,Chinese,qwen2.5-coder:7b,下标,0.667
3858,Table Row (wml),zh,Chinese,qwen2.5-coder:7b,表格行 (wml),1.148
3859,& Phone Contacts,zh,Chinese,qwen2.5-coder:7b,&手机联系人,0.866
3860,Fear Circle,zh,Chinese,qwen2.5-coder:7b,恐惧圈,0.704
3861,X Server Information,zh,Chinese,qwen2.5-coder:7b,X 服务器信息,0.927
3862,Grandfather,zh,Chinese,qwen2.5-coder:7b,祖父,0.545
3863,Phone Call,zh,Chinese,qwen2.5-coder:7b,电话通话,0.639
3864,Panel Settings,zh,Chinese,qwen2.5-coder:7b,面板设置,0.621
3865,Moving Stencils,zh,Chinese,qwen2.5-coder:7b,移动模板,0.678
3866,Next Target >,zh,Chinese,qwen2.5-coder:7b,下一个目标 >,0.968
3867,Arcade Game,zh,Chinese,qwen2.5-coder:7b,街机游戏,0.742
3868,Pictures directory:,zh,Chinese,qwen2.5-coder:7b,图片目录：,0.763
3869,Manager,zh,Chinese,qwen2.5-coder:7b,经理,0.495
3870,Line Width,zh,Chinese,qwen2.5-coder:7b,线条宽度,0.656
3871,Y speed,zh,Chinese,qwen2.5-coder:7b,Y速度,0.634
3872,lathe,zh,Chinese,qwen2.5-coder:7b,车床,0.63
3873,Property,zh,Chinese,qwen2.5-coder:7b,属性,0.475
3874,Bounce,zh,Chinese,qwen2.5-coder:7b,弹跳,0.619
3875,Open With,zh,Chinese,qwen2.5-coder:7b,用...打开,0.708
3876,Connection & name:,zh,Chinese,qwen2.5-coder:7b,连接 & 名称:,1.011
3877,Table Body,zh,Chinese,qwen2.5-coder:7b,表格主体,0.679
3878,& Volume name:,zh,Chinese,qwen2.5-coder:7b,&音量名称:,0.973
3879,Read Only,zh,Chinese,qwen2.5-coder:7b,只读,0.657
3880,Bit Order,zh,Chinese,qwen2.5-coder:7b,位顺序,0.652
3881,of Rajab,zh,Chinese,qwen2.5-coder:7b,拉巴的,0.807
3882,Network Type,zh,Chinese,qwen2.5-coder:7b,网络类型,0.628
3883,Grabber Widget Based,zh,Chinese,qwen2.5-coder:7b,基于抓取器的部件,1.308
3884,No Date,zh,Chinese,qwen2.5-coder:7b,无日期,0.647
3885,lost+found,zh,Chinese,qwen2.5-coder:7b,失物招领处,0.988
3886,SeaGreen,zh,Chinese,qwen2.5-coder:7b,海绿色,0.637
3887,Cordless Optical TrackMan,zh,Chinese,qwen2.5-coder:7b,无线光学轨迹球,0.94
3888,String Matching,zh,Chinese,qwen2.5-coder:7b,字符串匹配,0.618
3889,& Numbers:,zh,Chinese,qwen2.5-coder:7b,& 数字:,0.836
3890,Interior,zh,Chinese,qwen2.5-coder:7b,内部,0.524
3891,My Comic Books,zh,Chinese,qwen2.5-coder:7b,我的漫画书,0.752
3892,& Center,zh,Chinese,qwen2.5-coder:7b,&居中,0.73
3893,Matching anything,zh,Chinese,qwen2.5-coder:7b,匹配任何内容,0.758
3894,Do n't rotate,zh,Chinese,qwen2.5-coder:7b,不要旋转,0.943
3895,Complete:,zh,Chinese,qwen2.5-coder:7b,完成：,0.601
3896,Light Blue,zh,Chinese,qwen2.5-coder:7b,浅蓝色,0.638
3897,& Validate,zh,Chinese,qwen2.5-coder:7b,& 验证,0.829
3898,æ (#230;) Small ae ligature,zh,Chinese,qwen2.5-coder:7b,æ (#230;) 小写æ连字,1.919
3899,Geolocation IP,zh,Chinese,qwen2.5-coder:7b,地理位置IP,0.67
3900,& Open Certificate Manager...,zh,Chinese,qwen2.5-coder:7b,& 打开证书管理器...,1.289
3901,Not started,zh,Chinese,qwen2.5-coder:7b,未开始,0.673
3902,Tabulature,zh,Chinese,qwen2.5-coder:7b,乐谱,0.687
3903,%1: Connected,zh,Chinese,qwen2.5-coder:7b,%1: 已连接,1.202
3904,General Options,zh,Chinese,qwen2.5-coder:7b,通用选项,0.711
3905,Peruvian Nuevo Sol,zh,Chinese,qwen2.5-coder:7b,秘鲁新索尔,1.057
3906,Zoom level:,zh,Chinese,qwen2.5-coder:7b,缩放级别：,0.857
3907,Output File:,zh,Chinese,qwen2.5-coder:7b,输出文件：,0.757
3908,Please wait,zh,Chinese,qwen2.5-coder:7b,请稍等,0.758
3909,Layer name:,zh,Chinese,qwen2.5-coder:7b,图层名称：,0.829
3910,Do not wait,zh,Chinese,qwen2.5-coder:7b,不要等待,0.688
3911,Ryan Cumming (ryan at kde org): Core developer,zh,Chinese,qwen2.5-coder:7b,瑞安·库明 (ryan at kde org): 核心开发者,2.445
3912,Math mode,zh,Chinese,qwen2.5-coder:7b,数学模式,0.636
3913,Festival speech synthesizer,zh,Chinese,qwen2.5-coder:7b,节日演讲合成功能,1.023
3914,WBS Definition,zh,Chinese,qwen2.5-coder:7b,WBS定义,0.772
3915,MPlayerThumbs Configuration Utility,zh,Chinese,qwen2.5-coder:7b,MPlayerThumbs 配置工具,1.396
3916,finish,zh,Chinese,qwen2.5-coder:7b,完成,0.488
3917,"Could not open project ""%1"".",zh,Chinese,qwen2.5-coder:7b,无法打开项目“%1”。,1.282
3918,Color Similarity,zh,Chinese,qwen2.5-coder:7b,颜色相似度,0.76
3919,PixiePlus Image Manager,zh,Chinese,qwen2.5-coder:7b,PixiePlus 图像管理器,1.27
3920,This year,zh,Chinese,qwen2.5-coder:7b,今年,0.55
3921,GroupingPanel,zh,Chinese,qwen2.5-coder:7b,分组面板,0.77
3922,Working with & knode;,zh,Chinese,qwen2.5-coder:7b,与 & knode; 一起工作；,1.41
3923,Birds-eye View,zh,Chinese,qwen2.5-coder:7b,鸟瞰图,0.847
3924,Entertainment encryption device,zh,Chinese,qwen2.5-coder:7b,娱乐加密设备,0.809
3925,Class Associations,zh,Chinese,qwen2.5-coder:7b,类关联,0.653
3926,Content:,zh,Chinese,qwen2.5-coder:7b,内容：,0.639
3927,Audio Recorder,zh,Chinese,qwen2.5-coder:7b,音频记录器,0.734
3928,Storage Media Notifications,zh,Chinese,qwen2.5-coder:7b,存储媒体通知,0.773
3929,feet,zh,Chinese,qwen2.5-coder:7b,英尺,0.633
3930,Compositing is disabled,zh,Chinese,qwen2.5-coder:7b,合成已禁用,0.944
3931,Revert,zh,Chinese,qwen2.5-coder:7b,撤销,0.511
3932,Asia/ Singapore,zh,Chinese,qwen2.5-coder:7b,亚洲/新加坡,0.736
3933,Master Page,zh,Chinese,qwen2.5-coder:7b,主页面,0.639
3934,KSysGuard Developers,zh,Chinese,qwen2.5-coder:7b,KSysGuard 开发者,1.118
3935,HalfTone,zh,Chinese,qwen2.5-coder:7b,半色调,0.681
3936,Altar,zh,Chinese,qwen2.5-coder:7b,祭坛,0.631
3937,24-bit Color,zh,Chinese,qwen2.5-coder:7b,24位颜色,0.972
3938,Passive Downloads,zh,Chinese,qwen2.5-coder:7b,被动下载,0.664
3939,Receive,zh,Chinese,qwen2.5-coder:7b,接收,0.509
3940,forty,zh,Chinese,qwen2.5-coder:7b,四十,0.525
3941,& Random Hole,zh,Chinese,qwen2.5-coder:7b,&随机孔洞,0.931
3942,Raw Colors:,zh,Chinese,qwen2.5-coder:7b,原始颜色：,0.768
3943,Unions,zh,Chinese,qwen2.5-coder:7b,联合,0.519
3944,session,zh,Chinese,qwen2.5-coder:7b,会话,0.582
3945,Insert in Project,zh,Chinese,qwen2.5-coder:7b,将插入到项目中,0.933
3946,& New:,zh,Chinese,qwen2.5-coder:7b,& 新:,0.709
3947,KTouch keyboard editor,zh,Chinese,qwen2.5-coder:7b,KTouch键盘编辑器,1.013
3948,Nepomuk store size:,zh,Chinese,qwen2.5-coder:7b,Nepomuk 存储大小:,1.521
3949,Unlisted Shell,zh,Chinese,qwen2.5-coder:7b,未列出的 Shell,0.904
3950,Function Optimizer...,zh,Chinese,qwen2.5-coder:7b,函数优化器...,0.884
3951,Other folder:,zh,Chinese,qwen2.5-coder:7b,其他文件夹：,0.814
3952,Default maximum share ratio:,zh,Chinese,qwen2.5-coder:7b,默认最大分享比例：,0.97
3953,Custom filter rules:,zh,Chinese,qwen2.5-coder:7b,自定义过滤规则：,0.927
3954,Not managed,zh,Chinese,qwen2.5-coder:7b,未管理,0.639
3955,Output Levels,zh,Chinese,qwen2.5-coder:7b,输出级别,0.606
3956,Encrypt...,zh,Chinese,qwen2.5-coder:7b,加密...,0.581
3957,"MID(""KOffice ""; 2) returns"" Office """,zh,Chinese,qwen2.5-coder:7b,"KOffice"".substring(2) 返回 ""Office",2.098
3958,honeydew4,zh,Chinese,qwen2.5-coder:7b,蜜瓜4,0.872
3959,Organizational unit:,zh,Chinese,qwen2.5-coder:7b,组织单位：,0.789
3960,Quit & kspaceduel;,zh,Chinese,qwen2.5-coder:7b,退出 & kspaceduel;,1.306
3961,& Constellation lines,zh,Chinese,qwen2.5-coder:7b,& 星座线,1.005
3962,Copy of,zh,Chinese,qwen2.5-coder:7b,复制,0.602
3963,& Foreground color:,zh,Chinese,qwen2.5-coder:7b,前景色：,0.83
3964,Revision Date,zh,Chinese,qwen2.5-coder:7b,修订日期,0.697
3965,Thanks to,zh,Chinese,qwen2.5-coder:7b,感谢,0.548
3966,Search for '%1 'with,zh,Chinese,qwen2.5-coder:7b,在“%1”中搜索,1.293
3967,polygon,zh,Chinese,qwen2.5-coder:7b,多边形,0.737
3968,Paused,zh,Chinese,qwen2.5-coder:7b,暂停,0.489
3969,Texture filter:,zh,Chinese,qwen2.5-coder:7b,纹理过滤器：,0.843
3970,Configuration dialog,zh,Chinese,qwen2.5-coder:7b,配置对话框,0.762
3971,Identifier expected,zh,Chinese,qwen2.5-coder:7b,预期标识符,0.745
3972,Tolerance,zh,Chinese,qwen2.5-coder:7b,宽容,0.535
3973,Sliding popups,zh,Chinese,qwen2.5-coder:7b,滑动弹出窗口,0.994
3974,Pad 6 - Metallic,zh,Chinese,qwen2.5-coder:7b,垫片 6 - 金属,1.384
3975,Population size,zh,Chinese,qwen2.5-coder:7b,人口数量,0.686
3976,"Failed to read ""%1"".",zh,Chinese,qwen2.5-coder:7b,无法读取“%1”。,1.338
3977,Glossary - \\makeglossary,zh,Chinese,qwen2.5-coder:7b,术语表 - \makeglossary,1.451
3978,house_number,zh,Chinese,qwen2.5-coder:7b,房屋号码,0.604
3979,WPA-PSK Encryption,zh,Chinese,qwen2.5-coder:7b,WPA-PSK加密,1.19
3980,time(s),zh,Chinese,qwen2.5-coder:7b,时间(s),0.789
3981,Development,zh,Chinese,qwen2.5-coder:7b,开发,0.521
3982,& Speak,zh,Chinese,qwen2.5-coder:7b,&说,0.63
3983,Indentation width:,zh,Chinese,qwen2.5-coder:7b,缩进宽度：,0.893
3984,Accessors are inline,zh,Chinese,qwen2.5-coder:7b,访问器是内联的,1.071
3985,Color List,zh,Chinese,qwen2.5-coder:7b,颜色列表,0.636
3986,Reduced form:,zh,Chinese,qwen2.5-coder:7b,简化的形式：,0.9
3987,Signal,zh,Chinese,qwen2.5-coder:7b,信号,0.497
3988,Run make,zh,Chinese,qwen2.5-coder:7b,运行 make,0.621
3989,By & Name,zh,Chinese,qwen2.5-coder:7b,&姓名,0.644
3990,& Mailing List Management...,zh,Chinese,qwen2.5-coder:7b,&邮件列表管理...,1.048
3991,& XSL; Processing,zh,Chinese,qwen2.5-coder:7b,& XSL; 处理,1.209
3992,Tile Game,zh,Chinese,qwen2.5-coder:7b,拼图游戏,0.799
3993,"Selection: - Cursor: x: 0, y: 0",zh,Chinese,qwen2.5-coder:7b,"选择: - 光标: x: 0, y: 0",2.628
3994,Print Error,zh,Chinese,qwen2.5-coder:7b,打印错误,0.655
3995,Allocation,zh,Chinese,qwen2.5-coder:7b,分配,0.496
3996,300 DPI Grayscale,zh,Chinese,qwen2.5-coder:7b,300 DPI 灰度,1.343
3997,& Fuzziness:,zh,Chinese,qwen2.5-coder:7b,&模糊度:,0.979
3998,Lists,zh,Chinese,qwen2.5-coder:7b,列表,0.564
3999,Locale,zh,Chinese,qwen2.5-coder:7b,地区,0.497
4000,Service Discovery,zh,Chinese,qwen2.5-coder:7b,服务发现,0.666
4001,Document Statistics,zh,Chinese,qwen2.5-coder:7b,文档统计,0.621
4002,Gray,zh,Chinese,qwen2.5-coder:7b,灰色,0.51
4003,Field Properties,zh,Chinese,qwen2.5-coder:7b,字段属性,0.675
4004,Source folder,zh,Chinese,qwen2.5-coder:7b,源文件夹,0.732
4005,Profile Part,zh,Chinese,qwen2.5-coder:7b,个人资料部分,0.74
4006,Main sequence,zh,Chinese,qwen2.5-coder:7b,主序星,0.792
4007,Places,zh,Chinese,qwen2.5-coder:7b,地点,0.502
4008,Connection specific,zh,Chinese,qwen2.5-coder:7b,特定连接,0.646
4009,Production: %1,zh,Chinese,qwen2.5-coder:7b,生产: %1,0.884
4010,No Borders,zh,Chinese,qwen2.5-coder:7b,无边界,0.621
4011,Focus Decoration,zh,Chinese,qwen2.5-coder:7b,焦点装饰,0.603
4012,Arabia,zh,Chinese,qwen2.5-coder:7b,阿拉伯,0.548
4013,No active document,zh,Chinese,qwen2.5-coder:7b,没有活动文档,0.735
4014,Reference Unit:,zh,Chinese,qwen2.5-coder:7b,参考单位：,0.729
4015,XSync Support,zh,Chinese,qwen2.5-coder:7b,XSync 支持,0.994
4016,Line & width:,zh,Chinese,qwen2.5-coder:7b,行 & 宽度:,1.206
4017,Personal SSL,zh,Chinese,qwen2.5-coder:7b,个人SSL,0.667
4018,& Lines,zh,Chinese,qwen2.5-coder:7b,&行数,0.751
4019,Previous year,zh,Chinese,qwen2.5-coder:7b,上一年,0.683
4020,US A2 Invitation,zh,Chinese,qwen2.5-coder:7b,美国A2邀请,0.952
4021,Latex style,zh,Chinese,qwen2.5-coder:7b,LaTeX 样式,0.969
4022,Light green,zh,Chinese,qwen2.5-coder:7b,浅绿色,0.617
4023,Reflect in Line,zh,Chinese,qwen2.5-coder:7b,在行中反射,1.071
4024,X Alignment,zh,Chinese,qwen2.5-coder:7b,X轴对齐,0.914
4025,Equal button (=),zh,Chinese,qwen2.5-coder:7b,等于按钮 (=),0.884
4026,S/ MIME signing certificate:,zh,Chinese,qwen2.5-coder:7b,S/MIME签名证书：,1.16
4027,Minor,zh,Chinese,qwen2.5-coder:7b,小版本更新,0.695
4028,Upper Bitrate,zh,Chinese,qwen2.5-coder:7b,最高比特率,0.784
4029,Unknown album,zh,Chinese,qwen2.5-coder:7b,未知专辑,0.643
4030,World Clock,zh,Chinese,qwen2.5-coder:7b,世界时钟,0.825
4031,Figure 1,zh,Chinese,qwen2.5-coder:7b,图1,0.677
4032,Visualization,zh,Chinese,qwen2.5-coder:7b,可视化,0.495
4033,Color-blindness simulation,zh,Chinese,qwen2.5-coder:7b,色盲模拟,0.811
4034,Authentication Log File,zh,Chinese,qwen2.5-coder:7b,认证日志文件,0.876
4035,Edit Tag,zh,Chinese,qwen2.5-coder:7b,编辑标签,0.644
4036,Cisco - Man/ Woman,zh,Chinese,qwen2.5-coder:7b,Cisco - 男/女,1.088
4037,Work Area,zh,Chinese,qwen2.5-coder:7b,工作区,0.659
4038,Certificate Manager,zh,Chinese,qwen2.5-coder:7b,证书管理器,0.745
4039,Saudi Arabia,zh,Chinese,qwen2.5-coder:7b,沙特阿拉伯,0.623
4040,Color Balance,zh,Chinese,qwen2.5-coder:7b,颜色平衡,0.618
4041,& Kernel filename:,zh,Chinese,qwen2.5-coder:7b,& 内核文件名:,1.17
4042,Align Center (Horizontal),zh,Chinese,qwen2.5-coder:7b,居中对齐（水平）,1.188
4043,Total:,zh,Chinese,qwen2.5-coder:7b,总计：,0.608
4044,KGoldRunner Default,zh,Chinese,qwen2.5-coder:7b,KGoldRunner 默认,0.875
4045,Set beginners' speed.,zh,Chinese,qwen2.5-coder:7b,设置初学者速度。,0.997
4046,Difficulty:,zh,Chinese,qwen2.5-coder:7b,难度:,0.615
4047,Remove Tabulator,zh,Chinese,qwen2.5-coder:7b,移除制表符,0.948
4048,Expiring,zh,Chinese,qwen2.5-coder:7b,过期,0.667
4049,Adhesive Labels,zh,Chinese,qwen2.5-coder:7b,粘合标签,0.792
4050,File List Description,zh,Chinese,qwen2.5-coder:7b,文件列表描述,0.763
4051,East Caribbean Dollar,zh,Chinese,qwen2.5-coder:7b,东加勒比美元,1.011
4052,Goal following,zh,Chinese,qwen2.5-coder:7b,目标追踪,0.676
4053,Encoder Priority,zh,Chinese,qwen2.5-coder:7b,编码优先级,0.742
4054,Group password:,zh,Chinese,qwen2.5-coder:7b,群组密码：,0.842
4055,Settings Full Screen Mode,zh,Chinese,qwen2.5-coder:7b,全屏模式设置,0.908
4056,Features,zh,Chinese,qwen2.5-coder:7b,功能,0.513
4057,& UML; Association,zh,Chinese,qwen2.5-coder:7b,& UML; 关联,1.228
4058,Script actions,zh,Chinese,qwen2.5-coder:7b,脚本操作,0.758
4059,Desert,zh,Chinese,qwen2.5-coder:7b,沙漠,0.545
4060,Quit & ktouch;,zh,Chinese,qwen2.5-coder:7b,退出 & ktouch;,1.045
4061,Prime:,zh,Chinese,qwen2.5-coder:7b,“质数：”,0.957
4062,Administer,zh,Chinese,qwen2.5-coder:7b,管理,0.534
4063,Society Islands,zh,Chinese,qwen2.5-coder:7b,社会群岛,0.668
4064,User Name,zh,Chinese,qwen2.5-coder:7b,用户名,0.524
4065,KXSLDbg Output,zh,Chinese,qwen2.5-coder:7b,KXSLDbg 输出,1.141
4066,Size of the window:,zh,Chinese,qwen2.5-coder:7b,窗口大小：,0.808
4067,LightSteelBlue4,zh,Chinese,qwen2.5-coder:7b,浅钢蓝4,0.875
4068,An Instant Messenger,zh,Chinese,qwen2.5-coder:7b,即时通讯软件,0.745
4069,& Forward,zh,Chinese,qwen2.5-coder:7b,& 向前,0.793
4070,Nickname List,zh,Chinese,qwen2.5-coder:7b,昵称列表,0.772
4071,Path editing tool,zh,Chinese,qwen2.5-coder:7b,路径编辑工具,0.747
4072,Quiz mode,zh,Chinese,qwen2.5-coder:7b,测验模式,0.727
4073,& Application,zh,Chinese,qwen2.5-coder:7b,&应用程序,0.675
4074,Default resolution:,zh,Chinese,qwen2.5-coder:7b,默认分辨率：,0.771
4075,Validity,zh,Chinese,qwen2.5-coder:7b,有效性,0.495
4076,Entity Relationship Diagram,zh,Chinese,qwen2.5-coder:7b,实体关系图,0.746
4077,Compound Tool,zh,Chinese,qwen2.5-coder:7b,复合工具,0.619
4078,Discovered,zh,Chinese,qwen2.5-coder:7b,发现,0.519
4079,Course Name,zh,Chinese,qwen2.5-coder:7b,课程名称,0.606
4080,& Master document:,zh,Chinese,qwen2.5-coder:7b,& 主文档:,0.876
4081,Online game,zh,Chinese,qwen2.5-coder:7b,在线游戏,0.692
4082,Add only,zh,Chinese,qwen2.5-coder:7b,仅添加,0.622
4083,Document Relations,zh,Chinese,qwen2.5-coder:7b,文档关系,0.633
4084,ImagePlugin_Charcoal,zh,Chinese,qwen2.5-coder:7b,图像插件_铅笔素描,1.483
4085,Talker Configuration,zh,Chinese,qwen2.5-coder:7b,Talker 配置,1.177
4086,Output Darkness,zh,Chinese,qwen2.5-coder:7b,输出黑暗,0.619
4087,Fixed Point,zh,Chinese,qwen2.5-coder:7b,定点数,0.624
4088,File logging settings,zh,Chinese,qwen2.5-coder:7b,文件日志设置,0.858
4089,Not Running,zh,Chinese,qwen2.5-coder:7b,未运行,0.645
4090,running,zh,Chinese,qwen2.5-coder:7b,运行中,0.582
4091,A count,zh,Chinese,qwen2.5-coder:7b,一个计数,0.779
4092,Thiophene,zh,Chinese,qwen2.5-coder:7b,噻吩,0.718
4093,Phone details,zh,Chinese,qwen2.5-coder:7b,手机详情,0.632
4094,Rendering...,zh,Chinese,qwen2.5-coder:7b,渲染中...,0.684
4095,Revision (0 for HEAD):,zh,Chinese,qwen2.5-coder:7b,版本 (0 表示 HEAD):,1.38
4096,Traditional,zh,Chinese,qwen2.5-coder:7b,传统,0.531
4097,Australia/ Victoria,zh,Chinese,qwen2.5-coder:7b,澳大利亚/维多利亚州,1.126
4098,Auth Class:,zh,Chinese,qwen2.5-coder:7b,认证类：,0.76
4099,mailreader,zh,Chinese,qwen2.5-coder:7b,邮件阅读器,0.735
4100,Action name,zh,Chinese,qwen2.5-coder:7b,操作名称,0.628
4101,Device Manual,zh,Chinese,qwen2.5-coder:7b,设备手册,0.633
4102,Activity type:,zh,Chinese,qwen2.5-coder:7b,活动类型：,0.728
4103,Zambian Kwacha,zh,Chinese,qwen2.5-coder:7b,赞比亚克瓦查,1.096
4104,Truevision Targa image,zh,Chinese,qwen2.5-coder:7b,真视通Targa图像,1.187
4105,< Unknown >,zh,Chinese,qwen2.5-coder:7b,未知,0.582
4106,Message Copy To,zh,Chinese,qwen2.5-coder:7b,消息复制到,0.808
4107,Customize...,zh,Chinese,qwen2.5-coder:7b,自定义...,0.731
4108,Open System,zh,Chinese,qwen2.5-coder:7b,打开系统,0.628
4109,Black:,zh,Chinese,qwen2.5-coder:7b,黑色：,0.616
4110,Music Shape,zh,Chinese,qwen2.5-coder:7b,音乐形状,0.704
4111,Operation mode:,zh,Chinese,qwen2.5-coder:7b,操作模式：,0.834
4112,Remove this display?,zh,Chinese,qwen2.5-coder:7b,移除此显示？,0.989
4113,schedule,zh,Chinese,qwen2.5-coder:7b,日程安排,0.705
4114,comboBox,zh,Chinese,qwen2.5-coder:7b,下拉框,0.673
4115,between,zh,Chinese,qwen2.5-coder:7b,之间,0.689
4116,View Options,zh,Chinese,qwen2.5-coder:7b,查看选项,0.611
4117,Title,zh,Chinese,qwen2.5-coder:7b,标题,0.511
4118,DMA Channel Information,zh,Chinese,qwen2.5-coder:7b,DMA通道信息,0.751
4119,Show Name,zh,Chinese,qwen2.5-coder:7b,显示名称,0.646
4120,Idle Detection,zh,Chinese,qwen2.5-coder:7b,空闲检测,0.739
4121,Passive Uploads,zh,Chinese,qwen2.5-coder:7b,被动上传,0.673
4122,Center Top,zh,Chinese,qwen2.5-coder:7b,顶部居中,0.711
4123,SlateBlue4,zh,Chinese,qwen2.5-coder:7b,深蓝4,0.785
4124,Network printer (TCP),zh,Chinese,qwen2.5-coder:7b,网络打印机（TCP）,0.998
4125,Active filters:,zh,Chinese,qwen2.5-coder:7b,活动过滤器：,0.807
4126,Button Size,zh,Chinese,qwen2.5-coder:7b,按钮大小,0.64
4127,Sri Lanka Rupee,zh,Chinese,qwen2.5-coder:7b,斯里兰卡卢比,1.171
4128,S/ MIME encryption certificate:,zh,Chinese,qwen2.5-coder:7b,S/MIME 加密证书：,1.234
4129,Edit Listbox,zh,Chinese,qwen2.5-coder:7b,编辑列表框,0.78
4130,Using & kxkb;,zh,Chinese,qwen2.5-coder:7b,使用 & kxkb;,1.144
4131,Modified.,zh,Chinese,qwen2.5-coder:7b,已修改。,0.711
4132,Prev Conflict,zh,Chinese,qwen2.5-coder:7b,上一个冲突,0.761
4133,Change Account,zh,Chinese,qwen2.5-coder:7b,更改账户,0.664
4134,Fade Time,zh,Chinese,qwen2.5-coder:7b,淡入淡出时间,0.93
4135,Diff deletion:,zh,Chinese,qwen2.5-coder:7b,差异删除:,0.829
4136,Callback phone number,zh,Chinese,qwen2.5-coder:7b,回调电话号码,0.742
4137,KDE Dot News,zh,Chinese,qwen2.5-coder:7b,KDE 点新闻,0.995
4138,Activate time:,zh,Chinese,qwen2.5-coder:7b,激活时间：,0.745
4139,Not available.,zh,Chinese,qwen2.5-coder:7b,不可用。,0.765
4140,ID found: %1,zh,Chinese,qwen2.5-coder:7b,找到的ID: %1,1.105
4141,Personal Details,zh,Chinese,qwen2.5-coder:7b,个人资料,0.653
4142,Rate change,zh,Chinese,qwen2.5-coder:7b,汇率变动,0.616
4143,& Update,zh,Chinese,qwen2.5-coder:7b,& 更新,0.611
4144,Ctrl; E Hole Edit,zh,Chinese,qwen2.5-coder:7b,Ctrl; E 孔编辑,1.159
4145,& Calculate,zh,Chinese,qwen2.5-coder:7b,&计算,0.63
4146,Game Basics,zh,Chinese,qwen2.5-coder:7b,游戏基础,0.635
4147,Image Properties,zh,Chinese,qwen2.5-coder:7b,图像属性,0.653
4148,& Delete Account,zh,Chinese,qwen2.5-coder:7b,删除账户,0.7
4149,New game,zh,Chinese,qwen2.5-coder:7b,新游戏,0.66
4150,England,zh,Chinese,qwen2.5-coder:7b,英国,0.493
4151,Symbol color:,zh,Chinese,qwen2.5-coder:7b,符号颜色：,0.71
4152,Compute,zh,Chinese,qwen2.5-coder:7b,计算,0.501
4153,Not Loaded,zh,Chinese,qwen2.5-coder:7b,未加载,0.613
4154,Fade distance:,zh,Chinese,qwen2.5-coder:7b,淡出距离：,0.807
4155,accelerationVariance,zh,Chinese,qwen2.5-coder:7b,加速度方差,0.873
4156,Removing extra route: %1 over %2 gw %3,zh,Chinese,qwen2.5-coder:7b,移除多余路由: %1 over %2 gw %3,2.169
4157,Statistics...,zh,Chinese,qwen2.5-coder:7b,统计...,0.604
4158,& Create Filter,zh,Chinese,qwen2.5-coder:7b,创建过滤器,0.791
4159,& Operation sign:,zh,Chinese,qwen2.5-coder:7b,&操作符号:,0.84
4160,Plot Area...,zh,Chinese,qwen2.5-coder:7b,绘图区域...,0.883
4161,Paper format:,zh,Chinese,qwen2.5-coder:7b,纸张格式：,0.832
4162,Plugin Selection,zh,Chinese,qwen2.5-coder:7b,插件选择,0.728
4163,Tint Level:,zh,Chinese,qwen2.5-coder:7b,色调级别：,0.749
4164,Temperature alarm!,zh,Chinese,qwen2.5-coder:7b,温度警报！,0.807
4165,Phosphoric Acid,zh,Chinese,qwen2.5-coder:7b,磷酸,0.592
4166,Stop color.,zh,Chinese,qwen2.5-coder:7b,停止颜色。,0.716
4167,Take Shot,zh,Chinese,qwen2.5-coder:7b,拍照,0.536
4168,Shear Tool,zh,Chinese,qwen2.5-coder:7b,剪切工具,0.833
4169,& Text Events,zh,Chinese,qwen2.5-coder:7b,&文本事件,0.764
4170,X Session Log,zh,Chinese,qwen2.5-coder:7b,X 会话日志,1.108
4171,Started late,zh,Chinese,qwen2.5-coder:7b,开始晚了,1.009
4172,Working with & kivio;,zh,Chinese,qwen2.5-coder:7b,与 & kivio; 一起工作；,1.821
4173,Connection established.,zh,Chinese,qwen2.5-coder:7b,连接已建立。,0.843
4174,MINUTE(time),zh,Chinese,qwen2.5-coder:7b,分钟(%s),0.944
4175,Plotting Area,zh,Chinese,qwen2.5-coder:7b,绘图区域,0.781
4176,Non-empty,zh,Chinese,qwen2.5-coder:7b,非空,0.653
4177,Sharp,zh,Chinese,qwen2.5-coder:7b,锐利的,0.727
4178,Clipboard Viewer,zh,Chinese,qwen2.5-coder:7b,剪贴板查看器,0.969
4179,Big (wml),zh,Chinese,qwen2.5-coder:7b,大 (wml),1.019
4180,Making directory: %1,zh,Chinese,qwen2.5-coder:7b,创建目录: %1,1.027
4181,Server Authentication,zh,Chinese,qwen2.5-coder:7b,服务器认证,0.645
4182,Equator,zh,Chinese,qwen2.5-coder:7b,赤道,0.623
4183,Could not read %1,zh,Chinese,qwen2.5-coder:7b,无法读取 %1,1.059
4184,image,zh,Chinese,qwen2.5-coder:7b,图片,0.499
4185,next,zh,Chinese,qwen2.5-coder:7b,下一页,0.576
4186,X offset:,zh,Chinese,qwen2.5-coder:7b,X 偏移量：,1.081
4187,& Shutdown Kleopatra,zh,Chinese,qwen2.5-coder:7b,关闭 Kleopatra,0.948
4188,Backlinks:,zh,Chinese,qwen2.5-coder:7b,反向链接：,0.929
4189,Section Authors,zh,Chinese,qwen2.5-coder:7b,章节作者,0.841
4190,Group identities,zh,Chinese,qwen2.5-coder:7b,组身份,0.638
4191,Printing Status - %1,zh,Chinese,qwen2.5-coder:7b,打印状态 - %1,1.053
4192,Launch frequency,zh,Chinese,qwen2.5-coder:7b,启动频率,0.64
4193,Length measurement,zh,Chinese,qwen2.5-coder:7b,长度测量,0.614
4194,& Neighbor groups:,zh,Chinese,qwen2.5-coder:7b,& 邻居组：,1.183
4195,Border width:,zh,Chinese,qwen2.5-coder:7b,边框宽度：,0.934
4196,vertically,zh,Chinese,qwen2.5-coder:7b,垂直,0.565
4197,Conjugation,zh,Chinese,qwen2.5-coder:7b,词形变化,0.755
4198,Player & 2,zh,Chinese,qwen2.5-coder:7b,玩家 & 2,0.862
4199,Virtualization,zh,Chinese,qwen2.5-coder:7b,虚拟化,0.608
4200,& Placemarks Plugin,zh,Chinese,qwen2.5-coder:7b,&地标插件,0.925
4201,Data source scripts,zh,Chinese,qwen2.5-coder:7b,数据源脚本,0.989
4202,Refresh time:,zh,Chinese,qwen2.5-coder:7b,刷新时间：,0.74
4203,KDE Image libraries,zh,Chinese,qwen2.5-coder:7b,KDE 图像库,1.024
4204,color map declaration,zh,Chinese,qwen2.5-coder:7b,颜色映射声明,0.936
4205,Australia/ Melbourne,zh,Chinese,qwen2.5-coder:7b,澳大利亚/墨尔本,0.992
4206,System,zh,Chinese,qwen2.5-coder:7b,系统,0.523
4207,ships,zh,Chinese,qwen2.5-coder:7b,船只,0.528
4208,By position,zh,Chinese,qwen2.5-coder:7b,按位置,0.627
4209,& 3D Graph,zh,Chinese,qwen2.5-coder:7b,& 三维图,0.907
4210,Using & irkick;,zh,Chinese,qwen2.5-coder:7b,使用 & irkick;,0.999
4211,%1 is still alive...,zh,Chinese,qwen2.5-coder:7b,%1 仍然活着...,1.137
4212,Printer Corrected,zh,Chinese,qwen2.5-coder:7b,打印机已校准,0.907
4213,Dark Gray,zh,Chinese,qwen2.5-coder:7b,深灰色,0.655
4214,Traffic Notifications,zh,Chinese,qwen2.5-coder:7b,交通通知,0.619
4215,Dissolve,zh,Chinese,qwen2.5-coder:7b,溶解,0.582
4216,Device Manager,zh,Chinese,qwen2.5-coder:7b,设备管理器,0.721
4217,Line,zh,Chinese,qwen2.5-coder:7b,行,0.501
4218,IO-Ports,zh,Chinese,qwen2.5-coder:7b,I/O端口,0.856
4219,Connection Time:,zh,Chinese,qwen2.5-coder:7b,连接时间：,0.727
4220,& Justify,zh,Chinese,qwen2.5-coder:7b,& 对齐,0.743
4221,(Black %1),zh,Chinese,qwen2.5-coder:7b,(黑色 %1),1.023
4222,"Ì (#204;) Capital I, grave accent",zh,Chinese,qwen2.5-coder:7b,Ì (#204;) 大写 I，重音符号,2.499
4223,Vertical BGR,zh,Chinese,qwen2.5-coder:7b,垂直BGR,0.776
4224,PNG compression:,zh,Chinese,qwen2.5-coder:7b,PNG压缩：,0.725
4225,Printer Default,zh,Chinese,qwen2.5-coder:7b,打印机默认设置,0.73
4226,Player3,zh,Chinese,qwen2.5-coder:7b,玩家3,0.619
4227,Printout Quality,zh,Chinese,qwen2.5-coder:7b,打印质量,0.677
4228,Draft,zh,Chinese,qwen2.5-coder:7b,草稿,0.603
4229,Presence,zh,Chinese,qwen2.5-coder:7b,出席,0.698
4230,Frozen,zh,Chinese,qwen2.5-coder:7b,冰冻,0.604
4231,Data mode:,zh,Chinese,qwen2.5-coder:7b,数据模式：,0.719
4232,Samples,zh,Chinese,qwen2.5-coder:7b,示例,0.586
4233,Examples,zh,Chinese,qwen2.5-coder:7b,示例,0.589
4234,active task,zh,Chinese,qwen2.5-coder:7b,活跃的任务,0.633
4235,Talker Chooser,zh,Chinese,qwen2.5-coder:7b,说话者选择器,0.928
4236,Remove Webseed,zh,Chinese,qwen2.5-coder:7b,移除Web种子,0.884
4237,Encryption Tool,zh,Chinese,qwen2.5-coder:7b,加密工具,0.648
4238,Permissions:,zh,Chinese,qwen2.5-coder:7b,权限：,0.585
4239,Capability list,zh,Chinese,qwen2.5-coder:7b,能力列表,0.606
4240,Synchronization 1,zh,Chinese,qwen2.5-coder:7b,同步 1,0.791
4241,Bump size:,zh,Chinese,qwen2.5-coder:7b,调整大小：,0.774
4242,Decrypting: %1...,zh,Chinese,qwen2.5-coder:7b,解密中: %1...,1.258
4243,errorsCalculation,zh,Chinese,qwen2.5-coder:7b,计算错误,0.725
4244,LEAP Password,zh,Chinese,qwen2.5-coder:7b,LEAP 密码,1.033
4245,Reshape Histogram,zh,Chinese,qwen2.5-coder:7b,重塑直方图,0.874
4246,Polygon,zh,Chinese,qwen2.5-coder:7b,多边形,0.717
4247,IRC channels:,zh,Chinese,qwen2.5-coder:7b,IRC频道：,0.714
4248,Power management applet,zh,Chinese,qwen2.5-coder:7b,电源管理小部件,0.888
4249,Playlist Files on Disk,zh,Chinese,qwen2.5-coder:7b,磁盘上的播放列表文件,1.121
4250,Maximize Button,zh,Chinese,qwen2.5-coder:7b,最大化按钮,0.666
4251,Faeroese (Faero Islands),zh,Chinese,qwen2.5-coder:7b,法罗语（法罗群岛）,1.377
4252,Perspective Transformation,zh,Chinese,qwen2.5-coder:7b,视角变换,0.665
4253,Scroll Bar,zh,Chinese,qwen2.5-coder:7b,滚动条,0.65
4254,general,zh,Chinese,qwen2.5-coder:7b,通用,0.504
4255,First Slide,zh,Chinese,qwen2.5-coder:7b,第一张幻灯片,0.981
4256,Sun shading:,zh,Chinese,qwen2.5-coder:7b,遮阳:,0.832
4257,Search in subdirectories,zh,Chinese,qwen2.5-coder:7b,在子目录中搜索,0.969
4258,Default Transport,zh,Chinese,qwen2.5-coder:7b,默认传输,0.626
4259,Information:,zh,Chinese,qwen2.5-coder:7b,信息：,0.586
4260,Tools Toolbar,zh,Chinese,qwen2.5-coder:7b,工具栏,0.594
4261,Open with %1,zh,Chinese,qwen2.5-coder:7b,用 %1 打开,1.12
4262,Moving average,zh,Chinese,qwen2.5-coder:7b,移动平均线,0.774
4263,Reference pattern,zh,Chinese,qwen2.5-coder:7b,参考模式,0.626
4264,Size of project:,zh,Chinese,qwen2.5-coder:7b,项目大小：,0.738
4265,of Esfand,zh,Chinese,qwen2.5-coder:7b,of Esfand,1.066
4266,Case Sensitive:,zh,Chinese,qwen2.5-coder:7b,大小写敏感:,0.933
4267,Year,zh,Chinese,qwen2.5-coder:7b,年,0.493
4268,Trash folder:,zh,Chinese,qwen2.5-coder:7b,回收站文件夹:,1.06
4269,LaTeX Environments,zh,Chinese,qwen2.5-coder:7b,LaTeX 环境,1.081
4270,time,zh,Chinese,qwen2.5-coder:7b,时间,0.511
4271,Source language,zh,Chinese,qwen2.5-coder:7b,源语言,0.663
4272,Plasma Wallpaper Viewer,zh,Chinese,qwen2.5-coder:7b,Plasma壁纸查看器,1.196
4273,Aborting...,zh,Chinese,qwen2.5-coder:7b,中止...,0.726
4274,Bump size,zh,Chinese,qwen2.5-coder:7b,调整大小,0.687
4275,& Color Adjustment curves...,zh,Chinese,qwen2.5-coder:7b,颜色调整曲线...,0.93
4276,Head Separation,zh,Chinese,qwen2.5-coder:7b,头部分离,0.688
4277,Files Tree,zh,Chinese,qwen2.5-coder:7b,文件树,0.625
4278,"NE Brazil (MA, PI, CE, RN, PB)",zh,Chinese,qwen2.5-coder:7b,巴西东北部（马阿尼萨、帕拉伊巴、塞阿拉、里约格朗德、伯南布哥）,3.729
4279,Market interest rate,zh,Chinese,qwen2.5-coder:7b,市场利率,0.667
4280,CPU Information,zh,Chinese,qwen2.5-coder:7b,CPU信息,0.649
4281,Destination Image,zh,Chinese,qwen2.5-coder:7b,目标图像,0.655
4282,Online comic strips,zh,Chinese,qwen2.5-coder:7b,在线漫画,0.657
4283,This month:,zh,Chinese,qwen2.5-coder:7b,本月：,0.667
4284,¶ (#182;) Paragraph sign,zh,Chinese,qwen2.5-coder:7b,段落符号 (¶ #182;),1.68
4285,Teaching Tools,zh,Chinese,qwen2.5-coder:7b,教学工具,0.662
4286,Single sided,zh,Chinese,qwen2.5-coder:7b,单面,0.645
4287,Height (%),zh,Chinese,qwen2.5-coder:7b,高度 (%),0.688
4288,Center Bottom,zh,Chinese,qwen2.5-coder:7b,底部居中,0.748
4289,miles,zh,Chinese,qwen2.5-coder:7b,英里,0.643
4290,Class operation:,zh,Chinese,qwen2.5-coder:7b,班级操作：,0.74
4291,Moroccan Dirham,zh,Chinese,qwen2.5-coder:7b,摩洛哥迪拉姆,1.112
4292,Justify Center,zh,Chinese,qwen2.5-coder:7b,居中对齐,0.874
4293,Variable group,zh,Chinese,qwen2.5-coder:7b,变量组,0.624
4294,Music:,zh,Chinese,qwen2.5-coder:7b,音乐:,0.601
4295,Blue Filter,zh,Chinese,qwen2.5-coder:7b,蓝色滤镜,0.701
4296,Selection Text,zh,Chinese,qwen2.5-coder:7b,选择文本,0.63
4297,Your emails,zh,Chinese,qwen2.5-coder:7b,您的邮件,0.625
4298,Standard Folder,zh,Chinese,qwen2.5-coder:7b,标准文件夹,0.729
4299,& Player List,zh,Chinese,qwen2.5-coder:7b,&玩家列表,0.745
4300,Unknown client,zh,Chinese,qwen2.5-coder:7b,未知客户端,0.645
4301,Current Time,zh,Chinese,qwen2.5-coder:7b,当前时间,0.647
4302,View Histogram,zh,Chinese,qwen2.5-coder:7b,查看直方图,0.846
4303,HTTP Request,zh,Chinese,qwen2.5-coder:7b,HTTP 请求,0.618
4304,Network communication error,zh,Chinese,qwen2.5-coder:7b,网络通信错误,0.778
4305,"February 1st, 2005 K Desktop Environment",zh,Chinese,qwen2.5-coder:7b,2005年2月1日 K桌面环境,1.929
4306,Gimmicks,zh,Chinese,qwen2.5-coder:7b,花招,0.64
4307,Opponent,zh,Chinese,qwen2.5-coder:7b,对手,0.501
4308,Data Source Properties,zh,Chinese,qwen2.5-coder:7b,数据源属性,0.731
4309,Picture Tool,zh,Chinese,qwen2.5-coder:7b,图片工具,0.636
4310,(current),zh,Chinese,qwen2.5-coder:7b,(当前),0.766
4311,Profile:,zh,Chinese,qwen2.5-coder:7b,个人资料：,0.739
4312,W Pointing West,zh,Chinese,qwen2.5-coder:7b,西指针,0.802
4313,Deactivated,zh,Chinese,qwen2.5-coder:7b,禁用,0.653
4314,Remove Record,zh,Chinese,qwen2.5-coder:7b,删除记录,0.618
4315,Maximum distance:,zh,Chinese,qwen2.5-coder:7b,最大距离：,0.704
4316,RosyBrown1,zh,Chinese,qwen2.5-coder:7b,玫瑰棕色1,0.782
4317,Ejected,zh,Chinese,qwen2.5-coder:7b,弹出,0.615
4318,Album Library,zh,Chinese,qwen2.5-coder:7b,相册库,0.694
4319,KAlarm version,zh,Chinese,qwen2.5-coder:7b,KAlarm 版本,0.935
4320,Not ready,zh,Chinese,qwen2.5-coder:7b,未准备好,0.601
4321,Job Billing:,zh,Chinese,qwen2.5-coder:7b,工作计费:,0.909
4322,Moldova,zh,Chinese,qwen2.5-coder:7b,摩尔多瓦,0.831
4323,You have to choose a directory.,zh,Chinese,qwen2.5-coder:7b,你必须选择一个目录。,1.179
4324,Printing Manager,zh,Chinese,qwen2.5-coder:7b,打印管理器,0.756
4325,Library Paths,zh,Chinese,qwen2.5-coder:7b,库路径,0.673
4326,direction,zh,Chinese,qwen2.5-coder:7b,方向,0.508
4327,K3b External Audio Encoder,zh,Chinese,qwen2.5-coder:7b,K3b 外部音频编码器,1.518
4328,velocity variance,zh,Chinese,qwen2.5-coder:7b,速度方差,0.722
4329,& Invite...,zh,Chinese,qwen2.5-coder:7b,& 邀请...,1.015
4330,Keybinding Reference,zh,Chinese,qwen2.5-coder:7b,按键绑定参考,0.778
4331,& Merge,zh,Chinese,qwen2.5-coder:7b,合并(&),0.717
4332,1200 Quality,zh,Chinese,qwen2.5-coder:7b,1200质量,1.024
4333,Release:,zh,Chinese,qwen2.5-coder:7b,发布:,0.575
4334,Fuji digital camera RAW file format,zh,Chinese,qwen2.5-coder:7b,富士数码相机RAW文件格式,1.262
4335,filename,zh,Chinese,qwen2.5-coder:7b,文件名,0.581
4336,screen capture,zh,Chinese,qwen2.5-coder:7b,屏幕截图,0.682
4337,Incidence details,zh,Chinese,qwen2.5-coder:7b,事件详情,0.691
4338,Synchronization prefix:,zh,Chinese,qwen2.5-coder:7b,同步前缀：,0.84
4339,Motorway,zh,Chinese,qwen2.5-coder:7b,高速公路,0.508
4340,Critical path,zh,Chinese,qwen2.5-coder:7b,关键路径,0.65
4341,Z Matrix Editor...,zh,Chinese,qwen2.5-coder:7b,Z 矩阵编辑器...,1.245
4342,game,zh,Chinese,qwen2.5-coder:7b,游戏,0.501
4343,catch expected,zh,Chinese,qwen2.5-coder:7b,捕获预期,1.015
4344,Authentication selection,zh,Chinese,qwen2.5-coder:7b,身份验证选择,0.764
4345,Dithering Algorithm,zh,Chinese,qwen2.5-coder:7b,抖动算法,0.803
4346,Control points,zh,Chinese,qwen2.5-coder:7b,控制点,0.646
4347,Sundanese,zh,Chinese,qwen2.5-coder:7b,苏丹语,0.771
4348,Equal,zh,Chinese,qwen2.5-coder:7b,相等,0.583
4349,Plugged In,zh,Chinese,qwen2.5-coder:7b,已连接,0.645
4350,Icon View,zh,Chinese,qwen2.5-coder:7b,图标视图,0.765
4351,Default transition:,zh,Chinese,qwen2.5-coder:7b,默认过渡：,0.747
4352,Difficulty,zh,Chinese,qwen2.5-coder:7b,难度,0.485
4353,Transit time: %1,zh,Chinese,qwen2.5-coder:7b, Transit time: %1,1.247
4354,Video bit rate (kbit):,zh,Chinese,qwen2.5-coder:7b,视频比特率（kbps）：,1.378
4355,added,zh,Chinese,qwen2.5-coder:7b,添加,0.491
4356,Search for '%1 'with %2,zh,Chinese,qwen2.5-coder:7b,在“%1”中搜索“%2”,1.759
4357,(1) User Commands,zh,Chinese,qwen2.5-coder:7b,(1) 用户命令,1.007
4358,Arrow Keys,zh,Chinese,qwen2.5-coder:7b,箭头键,0.746
4359,Add Printer Wizard,zh,Chinese,qwen2.5-coder:7b,添加打印机向导,0.855
4360,Vocabulary & list,zh,Chinese,qwen2.5-coder:7b,词汇表,0.71
4361,compiling,zh,Chinese,qwen2.5-coder:7b,编译中,0.747
4362,Super User Mode,zh,Chinese,qwen2.5-coder:7b,超级用户模式,0.795
4363,slope map declaration,zh,Chinese,qwen2.5-coder:7b,坡度图声明,0.906
4364,Vector-based Drawing Program,zh,Chinese,qwen2.5-coder:7b,基于向量的绘图程序,1.18
4365,PrevWord,zh,Chinese,qwen2.5-coder:7b,上一个单词,0.728
4366,Now Playing,zh,Chinese,qwen2.5-coder:7b,正在播放,0.627
4367,Make backups,zh,Chinese,qwen2.5-coder:7b,备份,0.521
4368,System Users,zh,Chinese,qwen2.5-coder:7b,系统用户,0.657
4369,XML Paper Specification Info,zh,Chinese,qwen2.5-coder:7b,XML纸张规范信息,1.001
4370,KWSDL Compiler,zh,Chinese,qwen2.5-coder:7b,KWSDL 编译器,1.294
4371,Rename budget,zh,Chinese,qwen2.5-coder:7b,重命名预算,0.755
4372,ssh is missing,zh,Chinese,qwen2.5-coder:7b,ssh 缺失,0.926
4373,gravitationConstVariance,zh,Chinese,qwen2.5-coder:7b,重力常数变化,1.127
4374,WhiteSmoke,zh,Chinese,qwen2.5-coder:7b,白烟,0.656
4375,Info Center,zh,Chinese,qwen2.5-coder:7b,信息中心,0.623
4376,Gravity points,zh,Chinese,qwen2.5-coder:7b,重力点,0.719
4377,Word Wrap,zh,Chinese,qwen2.5-coder:7b,自动换行,0.718
4378,Teletext Plugin,zh,Chinese,qwen2.5-coder:7b,电子节目指南插件,1.185
4379,Job Control,zh,Chinese,qwen2.5-coder:7b,作业控制,0.66
4380,Swap Space,zh,Chinese,qwen2.5-coder:7b,交换空间,0.681
4381,Anniversary,zh,Chinese,qwen2.5-coder:7b,周年纪念日,0.732
4382,History,zh,Chinese,qwen2.5-coder:7b,历史,0.482
4383,Soft,zh,Chinese,qwen2.5-coder:7b,软,0.479
4384,Denmark,zh,Chinese,qwen2.5-coder:7b,丹麦,0.52
4385,Move Items,zh,Chinese,qwen2.5-coder:7b,移动项目,0.641
4386,GDB Support,zh,Chinese,qwen2.5-coder:7b,GDB 支持,0.974
4387,Events,zh,Chinese,qwen2.5-coder:7b,事件,0.493
4388,Enumerations,zh,Chinese,qwen2.5-coder:7b,枚举,0.619
4389,Bulgarian,zh,Chinese,qwen2.5-coder:7b,保加利亚语,0.837
4390,Completed,zh,Chinese,qwen2.5-coder:7b,完成,0.508
4391,In progress...,zh,Chinese,qwen2.5-coder:7b,正在进行...,0.609
4392,Previews,zh,Chinese,qwen2.5-coder:7b,预览,0.628
4393,Without:,zh,Chinese,qwen2.5-coder:7b,没有:,0.703
4394,Position pattern,zh,Chinese,qwen2.5-coder:7b,位置模式,0.655
4395,Example Sentences,zh,Chinese,qwen2.5-coder:7b,示例句子,0.784
4396,Translation Tool,zh,Chinese,qwen2.5-coder:7b,翻译工具,0.672
4397,Bad signature.,zh,Chinese,qwen2.5-coder:7b,无效的签名。,0.853
4398,Soundcard,zh,Chinese,qwen2.5-coder:7b,声卡,0.629
4399,List of channels:,zh,Chinese,qwen2.5-coder:7b,频道列表：,0.746
4400,ImagePlugin_Perspective,zh,Chinese,qwen2.5-coder:7b,图像插件_透视,0.994
4401,Edit Metadata,zh,Chinese,qwen2.5-coder:7b,编辑元数据,0.733
4402,Resource Settings,zh,Chinese,qwen2.5-coder:7b,资源设置,0.616
4403,Incoming,zh,Chinese,qwen2.5-coder:7b,进入,0.681
4404,Unknown subtype,zh,Chinese,qwen2.5-coder:7b,未知子类型,0.744
4405,Includes,zh,Chinese,qwen2.5-coder:7b,包含,0.489
4406,Ctrl; Shift; Z Redo,zh,Chinese,qwen2.5-coder:7b,Ctrl; Shift; Z 重做,1.386
4407,Prefix:,zh,Chinese,qwen2.5-coder:7b,前缀:,0.717
4408,Sessions,zh,Chinese,qwen2.5-coder:7b,会话,0.617
4409,Black Levels,zh,Chinese,qwen2.5-coder:7b,黑色级别,0.654
4410,"Error: Could not find script ""%1"".",zh,Chinese,qwen2.5-coder:7b,错误：未找到脚本“%1”。,1.636
4411,United States Dollar (Same Day),zh,Chinese,qwen2.5-coder:7b,美国美元（同一天）,1.186
4412,Custom:,zh,Chinese,qwen2.5-coder:7b,自定义：,0.722
4413,Minimum Size,zh,Chinese,qwen2.5-coder:7b,最小尺寸,0.655
4414,Altitude vs. Time Tool,zh,Chinese,qwen2.5-coder:7b,高度 vs. 时间工具,1.036
4415,Engineering Functions,zh,Chinese,qwen2.5-coder:7b,工程功能,0.606
4416,Moving,zh,Chinese,qwen2.5-coder:7b,移动中,0.576
4417,Key Group,zh,Chinese,qwen2.5-coder:7b,密钥组,0.753
4418,S Orientation South,zh,Chinese,qwen2.5-coder:7b,南向,0.681
4419,few,zh,Chinese,qwen2.5-coder:7b,几个,0.515
4420,Dialog & position:,zh,Chinese,qwen2.5-coder:7b,对话框位置：,0.916
4421,Fifteen Puzzle,zh,Chinese,qwen2.5-coder:7b,十五拼图,0.822
4422,Crunchiness,zh,Chinese,qwen2.5-coder:7b,脆度,0.661
4423,Default time for reminders,zh,Chinese,qwen2.5-coder:7b,默认提醒时间,0.79
4424,Configuration Error,zh,Chinese,qwen2.5-coder:7b,配置错误,0.618
4425,Association Error,zh,Chinese,qwen2.5-coder:7b,关联错误,0.607
4426,Getting the token,zh,Chinese,qwen2.5-coder:7b,获取令牌,0.647
4427,Whale speed,zh,Chinese,qwen2.5-coder:7b,鲸鱼速度,0.796
4428,Initial Caps,zh,Chinese,qwen2.5-coder:7b,首字母大写,0.882
4429,Travel,zh,Chinese,qwen2.5-coder:7b,旅行,0.511
4430,Best,zh,Chinese,qwen2.5-coder:7b,最佳,0.526
4431,Signature,zh,Chinese,qwen2.5-coder:7b,签名,0.505
4432,Copy Mode,zh,Chinese,qwen2.5-coder:7b,复制模式,0.621
4433,%1 (current),zh,Chinese,qwen2.5-coder:7b,%1 (当前),0.979
4434,The Rose,zh,Chinese,qwen2.5-coder:7b,玫瑰,0.551
4435,Open with & Mozilla,zh,Chinese,qwen2.5-coder:7b,用 & 火狐打开,1.171
4436,No Label,zh,Chinese,qwen2.5-coder:7b,无标签,0.659
4437,Percent Bar Chart,zh,Chinese,qwen2.5-coder:7b,百分比条形图,0.981
4438,Previous,zh,Chinese,qwen2.5-coder:7b,上一页,0.599
4439,Assembly Code,zh,Chinese,qwen2.5-coder:7b,汇编代码,0.743
4440,(always),zh,Chinese,qwen2.5-coder:7b,(总是),0.726
4441,Password file:,zh,Chinese,qwen2.5-coder:7b,密码文件：,0.76
4442,Binding Edge:,zh,Chinese,qwen2.5-coder:7b,绑定边缘：,0.713
4443,Select Filters,zh,Chinese,qwen2.5-coder:7b,选择过滤器,0.714
4444,Face editor,zh,Chinese,qwen2.5-coder:7b,人脸编辑器,0.737
4445,How to Obtain & kgoldrunner;,zh,Chinese,qwen2.5-coder:7b,如何获取 & kgoldrunner;,1.333
4446,Contains Test,zh,Chinese,qwen2.5-coder:7b,包含测试,0.636
4447,Response,zh,Chinese,qwen2.5-coder:7b,响应,0.503
4448,Connection specific:: Cisco,zh,Chinese,qwen2.5-coder:7b,特定连接:: Cisco,0.955
4449,Povray User Documentation,zh,Chinese,qwen2.5-coder:7b,Povray 用户文档,1.054
4450,random (rnd),zh,Chinese,qwen2.5-coder:7b,随机 (suiji),1.067
4451,DTD - > DTEP Conversion,zh,Chinese,qwen2.5-coder:7b,DTD -> DTEP 转换,1.5
4452,Closed,zh,Chinese,qwen2.5-coder:7b,关闭,0.48
4453,Above,zh,Chinese,qwen2.5-coder:7b,上方,0.484
4454,Yellow Level,zh,Chinese,qwen2.5-coder:7b,黄色级别,0.624
4455,CMYK Inks,zh,Chinese,qwen2.5-coder:7b,CMYK 墨水,1.198
4456,undefined,zh,Chinese,qwen2.5-coder:7b,未定义,0.6
4457,Root Directory,zh,Chinese,qwen2.5-coder:7b,根目录,0.676
4458,New name #,zh,Chinese,qwen2.5-coder:7b,新名称 #,0.777
4459,Uncompressed,zh,Chinese,qwen2.5-coder:7b,未压缩,0.64
4460,Size Canvas,zh,Chinese,qwen2.5-coder:7b,调整画布大小,0.852
4461,Bulgarian lev,zh,Chinese,qwen2.5-coder:7b,保加利亚列夫,1.003
4462,& Preview,zh,Chinese,qwen2.5-coder:7b,&预览,0.723
4463,Certificate & file:,zh,Chinese,qwen2.5-coder:7b,证书 & 文件:,0.882
4464,Game Keys,zh,Chinese,qwen2.5-coder:7b,游戏密钥,0.756
4465,Appellation,zh,Chinese,qwen2.5-coder:7b,称呼,0.592
4466,Bookmark serializer,zh,Chinese,qwen2.5-coder:7b,书签序列化器,1.034
4467,Austria,zh,Chinese,qwen2.5-coder:7b,奥地利,0.531
4468,Appendix,zh,Chinese,qwen2.5-coder:7b,附录,0.638
4469,& Company:,zh,Chinese,qwen2.5-coder:7b,&公司:,0.745
4470,Marquee image,zh,Chinese,qwen2.5-coder:7b,滚动图片,0.701
4471,& Remove Host,zh,Chinese,qwen2.5-coder:7b,移除主机,0.765
4472,& kexi; Copyright 2002-2006 The & kexi; Team,zh,Chinese,qwen2.5-coder:7b,& kexi; 版权 © 2002-2006 & kexi; 团队,3.443
4473,Destination:,zh,Chinese,qwen2.5-coder:7b,目的地：,0.592
4474,Authorization manager,zh,Chinese,qwen2.5-coder:7b,授权管理器,0.713
4475,Option 4:,zh,Chinese,qwen2.5-coder:7b,选项 4:,0.893
4476,Color Model,zh,Chinese,qwen2.5-coder:7b,颜色模型,0.631
4477,Next week,zh,Chinese,qwen2.5-coder:7b,下周,0.579
4478,Paint with curves,zh,Chinese,qwen2.5-coder:7b,用曲线绘画,0.771
4479,Title & alignment,zh,Chinese,qwen2.5-coder:7b,标题 & 对齐方式,0.945
4480,& to,zh,Chinese,qwen2.5-coder:7b,& 到,0.717
4481,Task type,zh,Chinese,qwen2.5-coder:7b,任务类型,0.674
4482,Copy of %1,zh,Chinese,qwen2.5-coder:7b,%1 的副本,1.022
4483,24th Last,zh,Chinese,qwen2.5-coder:7b,倒数第24个,1.13
4484,Stay Offline,zh,Chinese,qwen2.5-coder:7b,保持离线,0.704
4485,Exposure Program,zh,Chinese,qwen2.5-coder:7b,曝光程序,0.654
4486,Object classes,zh,Chinese,qwen2.5-coder:7b,对象类,0.611
4487,Solid User Interface Server,zh,Chinese,qwen2.5-coder:7b,坚固的用户界面服务器,1.016
4488,CPU Frequency: %1,zh,Chinese,qwen2.5-coder:7b,CPU 频率: %1,1.403
4489,ImagePlugin_NoiseReduction,zh,Chinese,qwen2.5-coder:7b,图像插件_降噪,1.182
4490,Print warning,zh,Chinese,qwen2.5-coder:7b,打印警告,0.616
4491,Fading,zh,Chinese,qwen2.5-coder:7b,淡入淡出,0.8
4492,Server response:,zh,Chinese,qwen2.5-coder:7b,服务器响应：,0.7
4493,Preprocessed body:,zh,Chinese,qwen2.5-coder:7b,预处理正文：,0.877
4494,of Shahrivar,zh,Chinese,qwen2.5-coder:7b,Shahrivar 的,1.085
4495,Replace backwards.,zh,Chinese,qwen2.5-coder:7b,向后替换。,0.864
4496,Duplicate current Layer,zh,Chinese,qwen2.5-coder:7b,复制当前图层,0.894
4497,Series,zh,Chinese,qwen2.5-coder:7b,系列,0.489
4498,Browse List,zh,Chinese,qwen2.5-coder:7b,浏览列表,0.623
4499,acceleration,zh,Chinese,qwen2.5-coder:7b,加速度,0.607
4500,Per transfer:,zh,Chinese,qwen2.5-coder:7b,每笔转账：,0.796
4501,Delete Scripts,zh,Chinese,qwen2.5-coder:7b,删除脚本,0.719
4502,Poster size:,zh,Chinese,qwen2.5-coder:7b,海报尺寸：,0.742
4503,moderated,zh,Chinese,qwen2.5-coder:7b,已审核,0.874
4504,Microblog Serializer,zh,Chinese,qwen2.5-coder:7b,微博序列化器,0.906
4505,Icy Tree,zh,Chinese,qwen2.5-coder:7b,冰树,0.663
4506,& Player,zh,Chinese,qwen2.5-coder:7b,& 播放器,1.031
4507,complete medium,zh,Chinese,qwen2.5-coder:7b,完整中等,0.766
4508,Software sources,zh,Chinese,qwen2.5-coder:7b,软件源,0.679
4509,Always,zh,Chinese,qwen2.5-coder:7b,总是,0.493
4510,Auto Detection,zh,Chinese,qwen2.5-coder:7b,自动检测,0.658
4511,Departmental,zh,Chinese,qwen2.5-coder:7b,部门,0.536
4512,No Artist,zh,Chinese,qwen2.5-coder:7b,没有艺术家,0.64
4513,Added %1,zh,Chinese,qwen2.5-coder:7b,已添加 %1,0.885
4514,List,zh,Chinese,qwen2.5-coder:7b,列表,0.507
4515,redirection,zh,Chinese,qwen2.5-coder:7b,重定向,0.63
4516,Ease of Preparation,zh,Chinese,qwen2.5-coder:7b,准备简便,0.946
4517,Security Settings,zh,Chinese,qwen2.5-coder:7b,安全设置,0.646
4518,& Line termination:,zh,Chinese,qwen2.5-coder:7b,& 行终止符:,1.084
4519,Script Manager,zh,Chinese,qwen2.5-coder:7b,脚本管理器,0.86
4520,The options will be saved automatically.,zh,Chinese,qwen2.5-coder:7b,选项将自动保存。,1.1
4521,Command Output,zh,Chinese,qwen2.5-coder:7b,命令输出,0.648
4522,exactly one,zh,Chinese,qwen2.5-coder:7b,精确一个,0.899
4523,Example curves tool,zh,Chinese,qwen2.5-coder:7b,示例曲线工具,0.834
4524,Main window,zh,Chinese,qwen2.5-coder:7b,主窗口,0.636
4525,Cover for HP DeskJet 3425,zh,Chinese,qwen2.5-coder:7b,HP DeskJet 3425墨盒,1.706
4526,momentum variance,zh,Chinese,qwen2.5-coder:7b,动量方差,0.904
4527,Wikipedia Page,zh,Chinese,qwen2.5-coder:7b,维基百科页面,0.916
4528,DarkOliveGreen2,zh,Chinese,qwen2.5-coder:7b,深橄榄绿色2,0.965
4529,Banner Settings,zh,Chinese,qwen2.5-coder:7b,横幅设置,0.74
4530,Paper Size,zh,Chinese,qwen2.5-coder:7b,纸张大小,0.759
4531,Line break,zh,Chinese,qwen2.5-coder:7b,换行,0.658
4532,KDE Text-to-Speech,zh,Chinese,qwen2.5-coder:7b,KDE 文本转语音,1.148
4533,Structure Definitions,zh,Chinese,qwen2.5-coder:7b,结构定义,0.658
4534,Game over,zh,Chinese,qwen2.5-coder:7b,游戏结束,0.667
4535,The Plugins Menu,zh,Chinese,qwen2.5-coder:7b,插件菜单,0.771
4536,Stiffness variance,zh,Chinese,qwen2.5-coder:7b,刚度方差,0.89
4537,Relief:,zh,Chinese,qwen2.5-coder:7b,缓解:,0.711
4538,Session Management,zh,Chinese,qwen2.5-coder:7b,会话管理,0.709
4539,Game name:,zh,Chinese,qwen2.5-coder:7b,游戏名称：,0.758
4540,Previous Tab,zh,Chinese,qwen2.5-coder:7b,上一个标签页,0.862
4541,Copy,zh,Chinese,qwen2.5-coder:7b,复制,0.504
4542,Via telephone,zh,Chinese,qwen2.5-coder:7b,通过电话,0.636
4543,Qt Designer Files,zh,Chinese,qwen2.5-coder:7b,Qt 设计文件,0.87
4544,Sproingies,zh,Chinese,qwen2.5-coder:7b,弹簧,0.623
4545,New Album From Selection,zh,Chinese,qwen2.5-coder:7b,新选集,0.797
4546,Announce version:,zh,Chinese,qwen2.5-coder:7b,宣布版本：,0.79
4547,Nepomuk Task Manager,zh,Chinese,qwen2.5-coder:7b,Nepomuk 任务管理器,1.443
4548,Polyline Tool,zh,Chinese,qwen2.5-coder:7b,多段线工具,0.877
4549,Akonadi is running,zh,Chinese,qwen2.5-coder:7b,Akonadi 正在运行,1.199
4550,Error log:,zh,Chinese,qwen2.5-coder:7b,错误日志：,0.849
4551,Lithuanian,zh,Chinese,qwen2.5-coder:7b,立陶宛语,0.891
4552,Italic,zh,Chinese,qwen2.5-coder:7b,斜体,0.594
4553,Go to Line %1,zh,Chinese,qwen2.5-coder:7b,跳转到第 %1 行,1.393
4554,New Entry,zh,Chinese,qwen2.5-coder:7b,新条目,0.759
4555,Partition Usage,zh,Chinese,qwen2.5-coder:7b,分区使用情况,0.761
4556,Album cover manager,zh,Chinese,qwen2.5-coder:7b,相册封面管理器,1.011
4557,Column Type,zh,Chinese,qwen2.5-coder:7b,列类型,0.669
4558,Choose a filename to save under,zh,Chinese,qwen2.5-coder:7b,选择一个文件名保存,1.111
4559,Neighborhood,zh,Chinese,qwen2.5-coder:7b,社区,0.553
4560,Move 10,zh,Chinese,qwen2.5-coder:7b,移动10,0.836
4561,Animation:,zh,Chinese,qwen2.5-coder:7b,动画:,0.603
4562,Placeholder,zh,Chinese,qwen2.5-coder:7b,占位符,0.682
4563,Spectators,zh,Chinese,qwen2.5-coder:7b,观众,0.579
4564,Bitrate based,zh,Chinese,qwen2.5-coder:7b,基于比特率,0.763
4565,Latin'calx 'for'lime',zh,Chinese,qwen2.5-coder:7b,石灰石,1.01
4566,reason:,zh,Chinese,qwen2.5-coder:7b,原因：,0.641
4567,& Last name:,zh,Chinese,qwen2.5-coder:7b,&姓：,0.772
4568,Fiji Islands,zh,Chinese,qwen2.5-coder:7b,斐济群岛,0.77
4569,OpenGL extensions,zh,Chinese,qwen2.5-coder:7b,OpenGL 扩展,0.82
4570,Adjustment:,zh,Chinese,qwen2.5-coder:7b,调整：,0.688
4571,Amortization,zh,Chinese,qwen2.5-coder:7b,摊销,0.702
4572,New game.,zh,Chinese,qwen2.5-coder:7b,新游戏。,0.76
4573,Playlist,zh,Chinese,qwen2.5-coder:7b,播放列表,0.633
4574,& Text for:,zh,Chinese,qwen2.5-coder:7b,&文本用于：,0.878
4575,Field,zh,Chinese,qwen2.5-coder:7b,字段,0.55
4576,Date Format,zh,Chinese,qwen2.5-coder:7b,日期格式,0.627
4577,Profile:: PSK,zh,Chinese,qwen2.5-coder:7b,配置文件:: PSK,0.997
4578,Edit Alias,zh,Chinese,qwen2.5-coder:7b,编辑别名,0.735
4579,Cpu Frequency Selector,zh,Chinese,qwen2.5-coder:7b,CPU频率选择器,0.929
4580,one,zh,Chinese,qwen2.5-coder:7b,一个,0.509
4581,SandyBrown,zh,Chinese,qwen2.5-coder:7b,浅棕色,0.65
4582,New Modem,zh,Chinese,qwen2.5-coder:7b,新调制解调器,1.043
4583,Category Easy,zh,Chinese,qwen2.5-coder:7b,类别 简单,0.922
4584,Enable OpenGL,zh,Chinese,qwen2.5-coder:7b,启用OpenGL,0.619
4585,challenge password,zh,Chinese,qwen2.5-coder:7b,挑战密码,0.608
4586,Procmail lockfile:,zh,Chinese,qwen2.5-coder:7b,Procmail 锁文件:,1.179
4587,Fireworkx,zh,Chinese,qwen2.5-coder:7b,烟火,0.573
4588,Filter Field,zh,Chinese,qwen2.5-coder:7b,过滤字段,0.612
4589,rectConcentration,zh,Chinese,qwen2.5-coder:7b,矩形浓度,0.776
4590,Terminate (TERM),zh,Chinese,qwen2.5-coder:7b,终止 (TERM),0.841
4591,No Reason,zh,Chinese,qwen2.5-coder:7b,无原因,0.626
4592,Inactive Text,zh,Chinese,qwen2.5-coder:7b,不活动文本,0.728
4593,View Properties,zh,Chinese,qwen2.5-coder:7b,查看属性,0.621
4594,Create image,zh,Chinese,qwen2.5-coder:7b,创建图像,0.631
4595,Focal length,zh,Chinese,qwen2.5-coder:7b,焦距,0.666
4596,Admin,zh,Chinese,qwen2.5-coder:7b,管理员,0.502
4597,Sizes,zh,Chinese,qwen2.5-coder:7b,尺寸,0.488
4598,not in,zh,Chinese,qwen2.5-coder:7b,不在,0.51
4599,Item Actions,zh,Chinese,qwen2.5-coder:7b,项目操作,0.651
4600,File Masks,zh,Chinese,qwen2.5-coder:7b,文件掩码,0.718
4601,Delete item(s),zh,Chinese,qwen2.5-coder:7b,删除项目(们),0.935
4602,OpenPGP signing key:,zh,Chinese,qwen2.5-coder:7b,OpenPGP 签名密钥：,1.518
4603,Network Meeting,zh,Chinese,qwen2.5-coder:7b,网络会议,0.687
4604,Enclosure:,zh,Chinese,qwen2.5-coder:7b,附件：,0.655
4605,Between,zh,Chinese,qwen2.5-coder:7b,之间,0.704
4606,Glow preview,zh,Chinese,qwen2.5-coder:7b,发光预览,0.777
4607,Input Password,zh,Chinese,qwen2.5-coder:7b,输入密码,0.618
4608,Line Art,zh,Chinese,qwen2.5-coder:7b,线条艺术,0.616
4609,Wavelet Noise Reducer,zh,Chinese,qwen2.5-coder:7b,小波噪声抑制器,0.995
4610,Fireworks,zh,Chinese,qwen2.5-coder:7b,烟火,0.526
4611,KDE LDAP Directory Manager,zh,Chinese,qwen2.5-coder:7b,KDE LDAP目录管理器,1.193
4612,Camera File Properties,zh,Chinese,qwen2.5-coder:7b,相机文件属性,0.792
4613,Move Tab Up,zh,Chinese,qwen2.5-coder:7b,将标签上移,0.86
4614,Slider,zh,Chinese,qwen2.5-coder:7b,滑块,0.582
4615,Perspective,zh,Chinese,qwen2.5-coder:7b,视角,0.512
4616,DNS address & list:,zh,Chinese,qwen2.5-coder:7b,DNS地址 & 列表：,1.156
4617,& Abbreviation:,zh,Chinese,qwen2.5-coder:7b,&缩写:,0.895
4618,KritaShape editing tool,zh,Chinese,qwen2.5-coder:7b,KritaShape 编辑工具,1.297
4619,Spin Box,zh,Chinese,qwen2.5-coder:7b,旋转框,0.621
4620,Double,zh,Chinese,qwen2.5-coder:7b,双击,0.578
4621,AliceBlue,zh,Chinese,qwen2.5-coder:7b,AliceBlue,0.649
4622,Current Source:,zh,Chinese,qwen2.5-coder:7b,当前源文件:,0.852
4623,SXW Files,zh,Chinese,qwen2.5-coder:7b,SXW 文件,0.764
4624,Ruby Code Generation,zh,Chinese,qwen2.5-coder:7b,Ruby代码生成,0.808
4625,Cooking Book,zh,Chinese,qwen2.5-coder:7b,烹饪书,0.724
4626,Imageviewer,zh,Chinese,qwen2.5-coder:7b,图像查看器,0.797
4627,Chess Game,zh,Chinese,qwen2.5-coder:7b,棋盘游戏,0.811
4628,& First name:,zh,Chinese,qwen2.5-coder:7b,&姓：,0.776
4629,Confirmation,zh,Chinese,qwen2.5-coder:7b,确认,0.538
4630,"Unexpected tag ""%1""",zh,Chinese,qwen2.5-coder:7b,"意外的标签 ""%1",1.184
4631,Self,zh,Chinese,qwen2.5-coder:7b,自我,0.529
4632,Use gateway,zh,Chinese,qwen2.5-coder:7b,使用网关,0.727
4633,plane,zh,Chinese,qwen2.5-coder:7b,飞机,0.484
4634,Camera response:,zh,Chinese,qwen2.5-coder:7b,相机响应：,0.698
4635,Color Adjustment,zh,Chinese,qwen2.5-coder:7b,颜色调整,0.628
4636,Userdefined & MTU:,zh,Chinese,qwen2.5-coder:7b,用户定义的 &MTU:,1.225
4637,& Channel List,zh,Chinese,qwen2.5-coder:7b,&频道列表,0.77
4638,Internet Key Exchange mode,zh,Chinese,qwen2.5-coder:7b,互联网密钥交换模式,1.066
4639,Color matrix,zh,Chinese,qwen2.5-coder:7b,颜色矩阵,0.634
4640,Cipher Wizard,zh,Chinese,qwen2.5-coder:7b,密码大师,0.635
4641,Time signature,zh,Chinese,qwen2.5-coder:7b,时间签名,0.616
4642,Personal Time Tracker,zh,Chinese,qwen2.5-coder:7b,个人时间追踪器,0.856
4643,Hue Shift,zh,Chinese,qwen2.5-coder:7b,色相偏移,0.857
4644,Image Size:,zh,Chinese,qwen2.5-coder:7b,图片大小：,0.738
4645,Mail Merge - Editor,zh,Chinese,qwen2.5-coder:7b,邮件合并 - 编辑器,1.227
4646,Communication synchronizer,zh,Chinese,qwen2.5-coder:7b,通信同步器,0.76
4647,Preparation,zh,Chinese,qwen2.5-coder:7b,准备,0.528
4648,Remove items,zh,Chinese,qwen2.5-coder:7b,移除项目,0.787
4649,Acquiring & quantaplus;,zh,Chinese,qwen2.5-coder:7b,获取 & quantaplus;,1.204
4650,Vanishing Point Decoration,zh,Chinese,qwen2.5-coder:7b,消失点装饰,0.794
4651,Preview Program,zh,Chinese,qwen2.5-coder:7b,预览程序,0.769
4652,Substep Width:,zh,Chinese,qwen2.5-coder:7b,子步骤宽度：,0.883
4653,Master Page...,zh,Chinese,qwen2.5-coder:7b,主页面...,0.733
4654,& neutral,zh,Chinese,qwen2.5-coder:7b,中立的,0.733
4655,Link device,zh,Chinese,qwen2.5-coder:7b,连接设备,0.671
4656,& Mount,zh,Chinese,qwen2.5-coder:7b,&挂载,0.725
4657,audio/ x-wav _BAR_Wave Sound Files,zh,Chinese,qwen2.5-coder:7b,音频/ x-wav _BAR_Wave 音频文件,2.11
4658,Answer:,zh,Chinese,qwen2.5-coder:7b,答案:,0.605
4659,F6 Move,zh,Chinese,qwen2.5-coder:7b,F6 移动,0.943
4660,Shift up,zh,Chinese,qwen2.5-coder:7b,上移,0.621
4661,Input levels,zh,Chinese,qwen2.5-coder:7b,输入级别,0.618
4662,Search Later,zh,Chinese,qwen2.5-coder:7b,稍后搜索,0.728
4663,Deform Radius,zh,Chinese,qwen2.5-coder:7b,变形半径,0.81
4664,SeaGreen2,zh,Chinese,qwen2.5-coder:7b,海绿色2,0.754
4665,Menu Updating Tool,zh,Chinese,qwen2.5-coder:7b,菜单更新工具,0.767
4666,Create New,zh,Chinese,qwen2.5-coder:7b,创建新文件,0.736
4667,Toys,zh,Chinese,qwen2.5-coder:7b,玩具,0.542
4668,Disable KWallet?,zh,Chinese,qwen2.5-coder:7b,禁用 KWallet?,1.052
4669,Code cleaning,zh,Chinese,qwen2.5-coder:7b,代码清理,0.626
4670,Audio Preview,zh,Chinese,qwen2.5-coder:7b,音频预览,0.779
4671,Bond order,zh,Chinese,qwen2.5-coder:7b,共价键级,1.057
4672,Game artwork,zh,Chinese,qwen2.5-coder:7b,游戏美术,0.641
4673,WZ rotation speed,zh,Chinese,qwen2.5-coder:7b,WZ旋转速度,0.907
4674,%1 removed,zh,Chinese,qwen2.5-coder:7b,%1 已删除,1.047
4675,Variance,zh,Chinese,qwen2.5-coder:7b,方差,0.708
4676,Exchange mode (%1): %2,zh,Chinese,qwen2.5-coder:7b,交易模式 (%1): %2,1.653
4677,Request Help,zh,Chinese,qwen2.5-coder:7b,请求帮助,0.644
4678,Paths,zh,Chinese,qwen2.5-coder:7b,路径,0.502
4679,TIFF File Format,zh,Chinese,qwen2.5-coder:7b,TIFF 文件格式,0.925
4680,Alternate (V),zh,Chinese,qwen2.5-coder:7b,交替 (V),1.002
4681,Fileselector component,zh,Chinese,qwen2.5-coder:7b,文件选择器组件,0.866
4682,Memory Information,zh,Chinese,qwen2.5-coder:7b,内存信息,0.64
4683,File Size,zh,Chinese,qwen2.5-coder:7b,文件大小,0.611
4684,Vocabulary collection:,zh,Chinese,qwen2.5-coder:7b,词汇集：,0.802
4685,Step into,zh,Chinese,qwen2.5-coder:7b,进入,0.566
4686,File Renamer,zh,Chinese,qwen2.5-coder:7b,文件重命名器,0.963
4687,Wallpaper mode,zh,Chinese,qwen2.5-coder:7b,壁纸模式,0.712
4688,Maximum size,zh,Chinese,qwen2.5-coder:7b,最大尺寸,0.659
4689,RAM memory,zh,Chinese,qwen2.5-coder:7b,RAM内存,0.632
4690,Wired,zh,Chinese,qwen2.5-coder:7b,有线,0.611
4691,Open invitations: %1,zh,Chinese,qwen2.5-coder:7b,邀请函： %1,1.006
4692,"Jazz, mixed",zh,Chinese,qwen2.5-coder:7b,爵士，混合,0.801
4693,UNIX Passwords,zh,Chinese,qwen2.5-coder:7b,UNIX 密码,0.904
4694,Dialup Networks,zh,Chinese,qwen2.5-coder:7b,拨号网络,0.838
4695,Next & Week,zh,Chinese,qwen2.5-coder:7b,下一周 & 下周,0.95
4696,Turn speed,zh,Chinese,qwen2.5-coder:7b,转速,0.638
4697,Spring tension force,zh,Chinese,qwen2.5-coder:7b,弹簧张力,0.733
4698,Czech (cs),zh,Chinese,qwen2.5-coder:7b,捷克语 (cs),1.063
4699,Not now,zh,Chinese,qwen2.5-coder:7b,现在不,0.646
4700,DAYOFYEAR(year; month; date),zh,Chinese,qwen2.5-coder:7b,年份; 月份; 日期,1.688
4701,Italian (it),zh,Chinese,qwen2.5-coder:7b,意大利语 (it),0.997
4702,Date end,zh,Chinese,qwen2.5-coder:7b,日期结束,0.616
4703,Axes labels:,zh,Chinese,qwen2.5-coder:7b,坐标轴标签：,0.824
4704,Open ledger,zh,Chinese,qwen2.5-coder:7b,打开账簿,0.729
4705,& Functions:,zh,Chinese,qwen2.5-coder:7b,&功能：,0.72
4706,CMY Scale,zh,Chinese,qwen2.5-coder:7b,CMY 颜色模式,1.238
4707,Networks,zh,Chinese,qwen2.5-coder:7b,网络,0.56
4708,Desktop communication,zh,Chinese,qwen2.5-coder:7b,桌面通信,0.63
4709,Config file,zh,Chinese,qwen2.5-coder:7b,配置文件,0.608
4710,High Color (16 Bit),zh,Chinese,qwen2.5-coder:7b,高色（16位）,1.23
4711,Some Fundamentals,zh,Chinese,qwen2.5-coder:7b,一些基础,0.684
4712,& Starting banner:,zh,Chinese,qwen2.5-coder:7b,& 开始横幅:,1.057
4713,Pacific/ Tarawa,zh,Chinese,qwen2.5-coder:7b,太平洋/塔拉瓦,1.074
4714,Kaleidoscope,zh,Chinese,qwen2.5-coder:7b,万花筒,0.807
4715,Continue & Later,zh,Chinese,qwen2.5-coder:7b,继续 & 后续,0.936
4716,Path:,zh,Chinese,qwen2.5-coder:7b,路径:,0.581
4717,Phone Numbers,zh,Chinese,qwen2.5-coder:7b,电话号码,0.619
4718,Thumbnails,zh,Chinese,qwen2.5-coder:7b,缩略图,0.723
4719,Realtime priority,zh,Chinese,qwen2.5-coder:7b,实时优先级,0.817
4720,Kashubian,zh,Chinese,qwen2.5-coder:7b,卡什布语,0.903
4721,Sync progress:,zh,Chinese,qwen2.5-coder:7b,同步进度：,0.728
4722,By Type,zh,Chinese,qwen2.5-coder:7b,按类型,0.627
4723,Life time:,zh,Chinese,qwen2.5-coder:7b,生命周期:,0.753
4724,File Transfer,zh,Chinese,qwen2.5-coder:7b,文件传输,0.642
4725,Overbooking,zh,Chinese,qwen2.5-coder:7b,超订,0.633
4726,Class printers:,zh,Chinese,qwen2.5-coder:7b,班级打印机：,0.727
4727,OpenLook preview,zh,Chinese,qwen2.5-coder:7b,“OpenLook 预览”,1.323
4728,Effective,zh,Chinese,qwen2.5-coder:7b,有效,0.507
4729,Staple 1,zh,Chinese,qwen2.5-coder:7b,钉书钉 1,1.234
4730,Guide lines,zh,Chinese,qwen2.5-coder:7b,指南,0.529
4731,Removing directory: %1,zh,Chinese,qwen2.5-coder:7b,正在删除目录: %1,1.171
4732,Power Manager,zh,Chinese,qwen2.5-coder:7b,电源管理器,0.743
4733,Input device,zh,Chinese,qwen2.5-coder:7b,输入设备,0.626
4734,& Monitor profile:,zh,Chinese,qwen2.5-coder:7b,& 监控配置:,1.096
4735,Block Selection Mode,zh,Chinese,qwen2.5-coder:7b,块选择模式,0.807
4736,& Playlists,zh,Chinese,qwen2.5-coder:7b,&播放列表,0.802
4737,Azerbaijanian Manat,zh,Chinese,qwen2.5-coder:7b,阿塞拜疆马纳特,1.384
4738,SQL statement:,zh,Chinese,qwen2.5-coder:7b,SQL语句：,0.839
4739,Fade Strength,zh,Chinese,qwen2.5-coder:7b,淡入强度,0.742
4740,Plugged,zh,Chinese,qwen2.5-coder:7b,已插入,0.662
4741,burning,zh,Chinese,qwen2.5-coder:7b,燃烧,0.548
4742,Six Staples,zh,Chinese,qwen2.5-coder:7b,六件套,0.771
4743,Northern,zh,Chinese,qwen2.5-coder:7b,北方,0.501
4744,Domain Search List,zh,Chinese,qwen2.5-coder:7b,域名搜索列表,0.76
4745,4 Weeks,zh,Chinese,qwen2.5-coder:7b,4周,0.631
4746,Output: #234;,zh,Chinese,qwen2.5-coder:7b,输出: #234;,1.223
4747,Cost Item Colors,zh,Chinese,qwen2.5-coder:7b,费用项颜色,0.796
4748,Work online.,zh,Chinese,qwen2.5-coder:7b,在线工作。,0.721
4749,Course %1 does not exist.,zh,Chinese,qwen2.5-coder:7b,课程 %1 不存在。,1.156
4750,Little Billy,zh,Chinese,qwen2.5-coder:7b,小比利,0.622
4751,Slovak Koruna,zh,Chinese,qwen2.5-coder:7b,斯洛伐克克罗纳,1.204
4752,DVD Navigation...,zh,Chinese,qwen2.5-coder:7b,DVD 导航...,0.966
4753,Trail size,zh,Chinese,qwen2.5-coder:7b,轨迹大小,0.841
4754,KDE Development,zh,Chinese,qwen2.5-coder:7b,KDE 开发,0.911
4755,Auto-Correction...,zh,Chinese,qwen2.5-coder:7b,自动更正...,0.953
4756,--end-time nbsp; end-time,zh,Chinese,qwen2.5-coder:7b,结束时间,0.827
4757,Sign position:,zh,Chinese,qwen2.5-coder:7b,签名位置：,0.75
4758,Weather,zh,Chinese,qwen2.5-coder:7b,天气,0.481
4759,Google Summer of Code 2008 Project: Vector Tiles for Marble,zh,Chinese,qwen2.5-coder:7b,2008年谷歌暑期项目：用于马尔伯勒的矢量瓦片,2.773
4760,Formatting,zh,Chinese,qwen2.5-coder:7b,格式化,0.601
4761,Tree View,zh,Chinese,qwen2.5-coder:7b,树形视图,0.836
4762,K3b??? Encoder,zh,Chinese,qwen2.5-coder:7b,K3b编码器,0.992
4763,Button Action,zh,Chinese,qwen2.5-coder:7b,按钮操作,0.615
4764,Deployment View,zh,Chinese,qwen2.5-coder:7b,部署视图,0.702
4765,Grades from %1 to %2,zh,Chinese,qwen2.5-coder:7b,从 %1 到 %2 的成绩,1.506
4766,RITOn,zh,Chinese,qwen2.5-coder:7b,RITOn,0.823
4767,January,zh,Chinese,qwen2.5-coder:7b,一月,0.64
4768,Book Collection,zh,Chinese,qwen2.5-coder:7b,书籍集合,0.639
4769,& Directory for this profile:,zh,Chinese,qwen2.5-coder:7b,&此配置文件的目录:,1.257
4770,& Delete Item,zh,Chinese,qwen2.5-coder:7b,删除项目,0.627
4771,Use Case Description,zh,Chinese,qwen2.5-coder:7b,用例描述,0.784
4772,CMake Manager,zh,Chinese,qwen2.5-coder:7b,CMake 管理器,1.182
4773,Transformation Effects,zh,Chinese,qwen2.5-coder:7b,变换效果,0.66
4774,bookmarks,zh,Chinese,qwen2.5-coder:7b,书签,0.644
4775,Welcome,zh,Chinese,qwen2.5-coder:7b,欢迎,0.502
4776,SDL - Decision,zh,Chinese,qwen2.5-coder:7b,SDL - 决策,0.984
4777,File Properties,zh,Chinese,qwen2.5-coder:7b,文件属性,0.628
4778,& Prefix:,zh,Chinese,qwen2.5-coder:7b,&前缀:,0.823
4779,Data Overview,zh,Chinese,qwen2.5-coder:7b,数据概览,0.786
4780,Reading,zh,Chinese,qwen2.5-coder:7b,阅读,0.493
4781,linespecific,zh,Chinese,qwen2.5-coder:7b,行特定,0.62
4782,Red Leaf,zh,Chinese,qwen2.5-coder:7b,红叶,0.607
4783,dark red,zh,Chinese,qwen2.5-coder:7b,深红色,0.612
4784,Match:,zh,Chinese,qwen2.5-coder:7b,匹配:,0.601
4785,Greek,zh,Chinese,qwen2.5-coder:7b,希腊语,0.594
4786,Responsible,zh,Chinese,qwen2.5-coder:7b,负责,0.514
4787,Delete %1,zh,Chinese,qwen2.5-coder:7b,删除 %1,0.758
4788,Bulgarian Lev A/ 99,zh,Chinese,qwen2.5-coder:7b,保加利亚列夫 A/ 99,1.765
4789,Adding,zh,Chinese,qwen2.5-coder:7b,添加,0.493
4790,through,zh,Chinese,qwen2.5-coder:7b,通过,0.478
4791,System Load Viewer,zh,Chinese,qwen2.5-coder:7b,系统负载查看器,0.832
4792,Command-Line Options,zh,Chinese,qwen2.5-coder:7b,命令行选项,0.764
4793,warning,zh,Chinese,qwen2.5-coder:7b,警告,0.498
4794,Used:,zh,Chinese,qwen2.5-coder:7b,已使用：,0.684
4795,Clef,zh,Chinese,qwen2.5-coder:7b,琴键,0.805
4796,Logon,zh,Chinese,qwen2.5-coder:7b,登录,0.517
4797,Work Offline,zh,Chinese,qwen2.5-coder:7b,离线工作,0.734
4798,Disc #,zh,Chinese,qwen2.5-coder:7b,磁盘 #,0.746
4799,(no caller),zh,Chinese,qwen2.5-coder:7b,(无来电),0.878
4800,Hover And Press Effect,zh,Chinese,qwen2.5-coder:7b,悬停并按压效果,1.117
4801,Ab Major,zh,Chinese,qwen2.5-coder:7b,A大调,0.743
4802,Content type:,zh,Chinese,qwen2.5-coder:7b,内容类型：,0.723
4803,Average Bitrate,zh,Chinese,qwen2.5-coder:7b,平均比特率,0.783
4804,IP Filter List,zh,Chinese,qwen2.5-coder:7b,IP过滤列表,0.807
4805,Dithering,zh,Chinese,qwen2.5-coder:7b,抖动,0.66
4806,Project Templates,zh,Chinese,qwen2.5-coder:7b,项目模板,0.64
4807,Track front margin (0..150):,zh,Chinese,qwen2.5-coder:7b,跟踪前边距 (0..150):,2.033
4808,XML Tools,zh,Chinese,qwen2.5-coder:7b,XML 工具,0.857
4809,Gray threshold:,zh,Chinese,qwen2.5-coder:7b,灰度阈值：,0.927
4810,Docbook Generation Complete...,zh,Chinese,qwen2.5-coder:7b,Docbook 生成完成...,1.252
4811,Repeat interval,zh,Chinese,qwen2.5-coder:7b,重复间隔,0.635
4812,system,zh,Chinese,qwen2.5-coder:7b,系统,0.499
4813,knot,zh,Chinese,qwen2.5-coder:7b,结,0.596
4814,No editor,zh,Chinese,qwen2.5-coder:7b,没有编辑器,0.744
4815,KNewStuff contributions,zh,Chinese,qwen2.5-coder:7b,KNewStuff 贡献,1.175
4816,horizontally,zh,Chinese,qwen2.5-coder:7b,水平,0.514
4817,Lithuanian (lt),zh,Chinese,qwen2.5-coder:7b,立陶宛语 (lt),1.239
4818,Generate Stub Class,zh,Chinese,qwen2.5-coder:7b,生成存根类,0.874
4819,Player size,zh,Chinese,qwen2.5-coder:7b,玩家大小,0.691
4820,Read Only account,zh,Chinese,qwen2.5-coder:7b,只读账户,0.749
4821,Table id:,zh,Chinese,qwen2.5-coder:7b,表格ID：,0.73
4822,Kangxi Radicals,zh,Chinese,qwen2.5-coder:7b,康熙部首,0.804
4823,Vendor's Name,zh,Chinese,qwen2.5-coder:7b,供应商名称,0.668
4824,ColorSmartCRD Images,zh,Chinese,qwen2.5-coder:7b,颜色智能CRD图像,1.032
4825,Looking for %1...,zh,Chinese,qwen2.5-coder:7b,正在寻找 %1...,1.037
4826,Page Edge:,zh,Chinese,qwen2.5-coder:7b,页面边缘：,0.763
4827,Dictionary:,zh,Chinese,qwen2.5-coder:7b,字典:,0.696
4828,Nature,zh,Chinese,qwen2.5-coder:7b,自然,0.49
4829,Search Results,zh,Chinese,qwen2.5-coder:7b,搜索结果,0.617
4830,Office:,zh,Chinese,qwen2.5-coder:7b,办公室：,0.611
4831,CSV Files,zh,Chinese,qwen2.5-coder:7b,CSV文件,0.614
4832,Comment: %1,zh,Chinese,qwen2.5-coder:7b,评论: %1,0.921
4833,AMiddleLengthText...,zh,Chinese,qwen2.5-coder:7b,中等长度文本...,1.083
4834,25th Last,zh,Chinese,qwen2.5-coder:7b,倒数第25个,1.122
4835,Set champions' speed.,zh,Chinese,qwen2.5-coder:7b,设置冠军速度。,0.91
4836,Till Adam (till at adam-lilienthal de): Core developer,zh,Chinese,qwen2.5-coder:7b,亚当（till at adam-lilienthal de）：核心开发者,2.429
4837,United Kingdom,zh,Chinese,qwen2.5-coder:7b,英国,0.542
4838,ImagePlugin_Restoration,zh,Chinese,qwen2.5-coder:7b,图像修复插件,0.939
4839,Script for @%1 is empty.,zh,Chinese,qwen2.5-coder:7b,脚本 @%1 为空。,1.354
4840,ImagePlugin_HotPixels,zh,Chinese,qwen2.5-coder:7b,图像插件_热像素,1.111
4841,Quick Help,zh,Chinese,qwen2.5-coder:7b,快速帮助,0.649
4842,X spin,zh,Chinese,qwen2.5-coder:7b,X自旋,0.781
4843,Serial number:,zh,Chinese,qwen2.5-coder:7b,序列号：,0.724
4844,Battery Usage,zh,Chinese,qwen2.5-coder:7b,电池使用情况,0.719
4845,Alphabetical,zh,Chinese,qwen2.5-coder:7b,字母顺序,0.677
4846,Quit?,zh,Chinese,qwen2.5-coder:7b,退出？,0.588
4847,Over-Exposure Indicator,zh,Chinese,qwen2.5-coder:7b,过曝指示器,0.91
4848,Format Row,zh,Chinese,qwen2.5-coder:7b,格式化行,0.738
4849,& Cancel,zh,Chinese,qwen2.5-coder:7b,取消,0.533
4850,Languages:,zh,Chinese,qwen2.5-coder:7b,语言：,0.651
4851,& lt; recipientsgt;,zh,Chinese,qwen2.5-coder:7b,收件人,0.83
4852,& Profile:,zh,Chinese,qwen2.5-coder:7b,&个人资料:,0.784
4853,Text Length,zh,Chinese,qwen2.5-coder:7b,文本长度,0.638
4854,& Ambient light:,zh,Chinese,qwen2.5-coder:7b,环境光：,0.779
4855,Gathered - \\begin{gathered},zh,Chinese,qwen2.5-coder:7b,收集 - \begin{gathered},1.471
4856,Color Scheme,zh,Chinese,qwen2.5-coder:7b,颜色方案,0.656
4857,Enable OpenGL shaders,zh,Chinese,qwen2.5-coder:7b,启用OpenGL着色器,0.965
4858,HTTP proxy settings,zh,Chinese,qwen2.5-coder:7b,HTTP 代理设置,0.908
4859,Strip,zh,Chinese,qwen2.5-coder:7b,去除,0.498
4860,Power Control,zh,Chinese,qwen2.5-coder:7b,电源控制,0.641
4861,Expenditure:,zh,Chinese,qwen2.5-coder:7b,支出：,0.679
4862,Sleepy,zh,Chinese,qwen2.5-coder:7b,困倦的,0.736
4863,anything,zh,Chinese,qwen2.5-coder:7b,任何东西,0.642
4864,conditional,zh,Chinese,qwen2.5-coder:7b,条件,0.525
4865,Delete?,zh,Chinese,qwen2.5-coder:7b,删除？,0.583
4866,Script Properties,zh,Chinese,qwen2.5-coder:7b,脚本属性,0.709
4867,& Join,zh,Chinese,qwen2.5-coder:7b,& 加入,0.722
4868,Planner Summary,zh,Chinese,qwen2.5-coder:7b,计划概览,0.797
4869,Playlist name:,zh,Chinese,qwen2.5-coder:7b,播放列表名称：,0.879
4870,exit,zh,Chinese,qwen2.5-coder:7b,退出,0.496
4871,Help Center,zh,Chinese,qwen2.5-coder:7b,帮助中心,0.626
4872,Deactivate & WINS,zh,Chinese,qwen2.5-coder:7b,禁用 & WINS,1.057
4873,Desktop functions:,zh,Chinese,qwen2.5-coder:7b,桌面功能：,0.762
4874,& Ctrl; Down Arrow,zh,Chinese,qwen2.5-coder:7b,& Ctrl; 向下箭头,1.395
4875,Blue arrow,zh,Chinese,qwen2.5-coder:7b,蓝色箭头,0.772
4876,Copy...,zh,Chinese,qwen2.5-coder:7b,复制...,0.635
4877,Music Location,zh,Chinese,qwen2.5-coder:7b,音乐位置,0.639
4878,Shadow group file:,zh,Chinese,qwen2.5-coder:7b,阴影组文件：,0.859
4879,Profile Part %1,zh,Chinese,qwen2.5-coder:7b,个人资料部分 %1,1.016
4880,At home,zh,Chinese,qwen2.5-coder:7b,在家,0.515
4881,--- separator ---,zh,Chinese,qwen2.5-coder:7b,--- 分隔符 ---,0.952
4882,Belarus,zh,Chinese,qwen2.5-coder:7b,白俄罗斯,0.645
4883,Developer (2004),zh,Chinese,qwen2.5-coder:7b,开发者 (2004),1.312
4884,Sells,zh,Chinese,qwen2.5-coder:7b,销售,0.534
4885,Shortcut name: pub,zh,Chinese,qwen2.5-coder:7b,快捷方式名称: pub,1.032
4886,Main Toolbar,zh,Chinese,qwen2.5-coder:7b,主工具栏,0.736
4887,Print Frame,zh,Chinese,qwen2.5-coder:7b,打印框架,0.639
4888,Output intensity.,zh,Chinese,qwen2.5-coder:7b,输出强度。,0.727
4889,Output device profile:,zh,Chinese,qwen2.5-coder:7b,输出设备配置文件：,0.88
4890,Key properties,zh,Chinese,qwen2.5-coder:7b,关键属性,0.625
4891,Swedish (sv),zh,Chinese,qwen2.5-coder:7b,瑞典语 (sv),1.02
4892,Cube Map Texture,zh,Chinese,qwen2.5-coder:7b,立方体贴图,0.831
4893,Custom Type 2,zh,Chinese,qwen2.5-coder:7b,自定义类型 2,0.992
4894,"print ""x""",zh,Chinese,qwen2.5-coder:7b,"打印 ""x",0.969
4895,"Letter, Colour",zh,Chinese,qwen2.5-coder:7b,"信, 颜色",1.1
4896,& Initial value:,zh,Chinese,qwen2.5-coder:7b,& 初始值:,0.965
4897,This Week,zh,Chinese,qwen2.5-coder:7b,本周,0.594
4898,Main Window,zh,Chinese,qwen2.5-coder:7b,主窗口,0.649
4899,Format,zh,Chinese,qwen2.5-coder:7b,格式,0.485
4900,Condition,zh,Chinese,qwen2.5-coder:7b,条件,0.476
4901,"Space """"",zh,Chinese,qwen2.5-coder:7b,太空,0.49
4902,Review,zh,Chinese,qwen2.5-coder:7b,审阅,0.608
4903,Expression:,zh,Chinese,qwen2.5-coder:7b,表达式：,0.678
4904,purple3,zh,Chinese,qwen2.5-coder:7b,紫色3,0.617
4905,Hide drop target,zh,Chinese,qwen2.5-coder:7b,隐藏拖放目标,0.849
4906,New target/ name:,zh,Chinese,qwen2.5-coder:7b,新的目标/名称:,1.013
4907,Line spread,zh,Chinese,qwen2.5-coder:7b,行间距,0.704
4908,& License Agreement,zh,Chinese,qwen2.5-coder:7b,&许可协议,0.77
4909,Binding edge:,zh,Chinese,qwen2.5-coder:7b,绑定边缘：,0.789
4910,Yellows,zh,Chinese,qwen2.5-coder:7b,黄色,0.59
4911,Remove Printer,zh,Chinese,qwen2.5-coder:7b,移除打印机,0.794
4912,Template Title:,zh,Chinese,qwen2.5-coder:7b,模板标题：,0.747
4913,Grayscale,zh,Chinese,qwen2.5-coder:7b,灰度模式,0.733
4914,& Real name:,zh,Chinese,qwen2.5-coder:7b,&真实姓名：,0.847
4915,Search & for:,zh,Chinese,qwen2.5-coder:7b,搜索 & 什么:,0.989
4916,Christmas Theme by Kenichiro Takahashi,zh,Chinese,qwen2.5-coder:7b,圣诞主题 by 高橋健一郎,1.649
4917,N/ A,zh,Chinese,qwen2.5-coder:7b,N/A,0.677
4918,Indentation Properties,zh,Chinese,qwen2.5-coder:7b,缩进属性,0.767
4919,Dimethyl ether,zh,Chinese,qwen2.5-coder:7b,二甲醚,0.773
4920,Keyboard Status Applet,zh,Chinese,qwen2.5-coder:7b,键盘状态小部件,0.936
4921,KNemo wireless icon theme,zh,Chinese,qwen2.5-coder:7b,无线图标主题,0.886
4922,Archives:,zh,Chinese,qwen2.5-coder:7b,存档:,0.76
4923,Index log:,zh,Chinese,qwen2.5-coder:7b,索引日志：,0.937
4924,Photos of & Me,zh,Chinese,qwen2.5-coder:7b,我的照片,0.688
4925,Mount CD,zh,Chinese,qwen2.5-coder:7b,挂载CD,0.747
4926,Link quality: %1,zh,Chinese,qwen2.5-coder:7b,链接质量: %1,1.088
4927,Copy From,zh,Chinese,qwen2.5-coder:7b,复制来源,0.681
4928,Delayed,zh,Chinese,qwen2.5-coder:7b,延迟,0.519
4929,View Gantt,zh,Chinese,qwen2.5-coder:7b,查看甘特图,0.854
4930,Illumination:,zh,Chinese,qwen2.5-coder:7b,照明：,0.643
4931,height,zh,Chinese,qwen2.5-coder:7b,高度,0.473
4932,& Brightness:,zh,Chinese,qwen2.5-coder:7b,& 亮度:,0.839
4933,Pencil tool,zh,Chinese,qwen2.5-coder:7b,铅笔工具,0.794
4934,Rename...,zh,Chinese,qwen2.5-coder:7b,重命名...,0.666
4935,& Open Photo,zh,Chinese,qwen2.5-coder:7b,打开照片,0.658
4936,OpenGL version,zh,Chinese,qwen2.5-coder:7b,OpenGL 版本,0.867
4937,Keyboard Repeat,zh,Chinese,qwen2.5-coder:7b,键盘重复,0.632
4938,Memory Enhancement Game,zh,Chinese,qwen2.5-coder:7b,记忆增强游戏,0.783
4939,Recalculation,zh,Chinese,qwen2.5-coder:7b,重新计算,0.65
4940,KDevelop Project Interface,zh,Chinese,qwen2.5-coder:7b,KDevelop 项目界面,0.964
4941,Template Preview,zh,Chinese,qwen2.5-coder:7b,模板预览,0.711
4942,& Identity:,zh,Chinese,qwen2.5-coder:7b,&身份:,0.737
4943,negative,zh,Chinese,qwen2.5-coder:7b,负面的,0.636
4944,Server passwords,zh,Chinese,qwen2.5-coder:7b,服务器密码,0.625
4945,Remove & All,zh,Chinese,qwen2.5-coder:7b,移除 & 所有,1.016
4946,Playlist name,zh,Chinese,qwen2.5-coder:7b,播放列表名称,0.807
4947,Target:,zh,Chinese,qwen2.5-coder:7b,目标:,0.597
4948,core developer,zh,Chinese,qwen2.5-coder:7b,核心开发者,0.613
4949,& Copy,zh,Chinese,qwen2.5-coder:7b,& 复制,0.842
4950,North Korean Won,zh,Chinese,qwen2.5-coder:7b,朝鲜韩元,0.815
4951,Untranslated,zh,Chinese,qwen2.5-coder:7b,未翻译,0.622
4952,Piecewise,zh,Chinese,qwen2.5-coder:7b,分段,0.606
4953,Province:,zh,Chinese,qwen2.5-coder:7b,省份:,0.578
4954,With Custom Template,zh,Chinese,qwen2.5-coder:7b,带有自定义模板,0.86
4955,Saving,zh,Chinese,qwen2.5-coder:7b,保存,0.525
4956,Print Plot,zh,Chinese,qwen2.5-coder:7b,打印图表,0.644
4957,# of Items,zh,Chinese,qwen2.5-coder:7b,项目数量,0.647
4958,Czech Koruna,zh,Chinese,qwen2.5-coder:7b,捷克克朗,0.919
4959,From Medium...,zh,Chinese,qwen2.5-coder:7b,来自 Medium...,0.715
4960,0 levels,zh,Chinese,qwen2.5-coder:7b,0 级别,0.905
4961,Ruins,zh,Chinese,qwen2.5-coder:7b,废墟,0.646
4962,Signing Key,zh,Chinese,qwen2.5-coder:7b,签名密钥,0.731
4963,Tibetan (Bhutan),zh,Chinese,qwen2.5-coder:7b,不丹的藏语,1.109
4964,Output: #x1234;,zh,Chinese,qwen2.5-coder:7b,输出: #x1234;,1.569
4965,LDAP Password,zh,Chinese,qwen2.5-coder:7b,LDAP 密码,0.834
4966,%1 inh.,zh,Chinese,qwen2.5-coder:7b,%1 呼吸。,1.307
4967,Not word boundary,zh,Chinese,qwen2.5-coder:7b,非单词边界,0.809
4968,& Attendees,zh,Chinese,qwen2.5-coder:7b,&参与者,0.665
4969,"Server said: ""%1""",zh,Chinese,qwen2.5-coder:7b,"服务器说: ""%1",1.223
4970,Bottom Left,zh,Chinese,qwen2.5-coder:7b,左下角,0.734
4971,Middle East,zh,Chinese,qwen2.5-coder:7b,中东,0.556
4972,Multiplayer,zh,Chinese,qwen2.5-coder:7b,多人游戏,0.676
4973,Channel & password:,zh,Chinese,qwen2.5-coder:7b,频道 & 密码:,1.123
4974,Surface Chart,zh,Chinese,qwen2.5-coder:7b,表面图,0.632
4975,Server HTTP Configuration,zh,Chinese,qwen2.5-coder:7b,服务器HTTP配置,0.814
4976,Toggle Full Screen,zh,Chinese,qwen2.5-coder:7b,切换全屏,0.759
4977,Turbulence:,zh,Chinese,qwen2.5-coder:7b,湍流：,0.789
4978,Channelsuite management,zh,Chinese,qwen2.5-coder:7b,频道管理,0.683
4979,Scan results,zh,Chinese,qwen2.5-coder:7b,扫描结果,0.636
4980,Parsing...,zh,Chinese,qwen2.5-coder:7b,解析中...,0.71
4981,Soften,zh,Chinese,qwen2.5-coder:7b,柔化,0.656
4982,Scan Interval...,zh,Chinese,qwen2.5-coder:7b,扫描间隔...,0.75
4983,Public,zh,Chinese,qwen2.5-coder:7b,公共,0.527
4984,ParleyPractice is practiced.,zh,Chinese,qwen2.5-coder:7b,ParleyPractice 练习。,1.365
4985,Template directory,zh,Chinese,qwen2.5-coder:7b,模板目录,0.649
4986,Cisco - PC Router Card,zh,Chinese,qwen2.5-coder:7b,Cisco - PC 路由卡,1.305
4987,The Canvas Menu,zh,Chinese,qwen2.5-coder:7b,画布菜单,0.794
4988,Enable Arena,zh,Chinese,qwen2.5-coder:7b,启用竞技场,0.756
4989,Strikeout:,zh,Chinese,qwen2.5-coder:7b,删除线：,0.74
4990,Subscribe,zh,Chinese,qwen2.5-coder:7b,订阅,0.499
4991,& kde; web and & FTP; mirror sites,zh,Chinese,qwen2.5-coder:7b,& kde; 网站和 & FTP; 镜像站点,2.48
4992,Eccentricity:,zh,Chinese,qwen2.5-coder:7b,eccentricity:,0.878
4993,Chief Investigator,zh,Chinese,qwen2.5-coder:7b,首席调查员,0.842
4994,Tile size,zh,Chinese,qwen2.5-coder:7b,瓦片大小,0.758
4995,& Series...,zh,Chinese,qwen2.5-coder:7b,&系列...,0.752
4996,File view,zh,Chinese,qwen2.5-coder:7b,文件视图,0.795
4997,NavyBlue,zh,Chinese,qwen2.5-coder:7b,海军蓝,0.659
4998,Filter Effects,zh,Chinese,qwen2.5-coder:7b,滤镜效果,0.757
4999,timer,zh,Chinese,qwen2.5-coder:7b,计时器,0.708
5000,Event Viewer,zh,Chinese,qwen2.5-coder:7b,事件查看器,0.721
5001,TV Viewer,zh,Chinese,qwen2.5-coder:7b,电视观看器,0.726
5002,Wildcarded String,zh,Chinese,qwen2.5-coder:7b,通配符字符串,0.892
5003,Attached:,zh,Chinese,qwen2.5-coder:7b,附件：,0.606
5004,< Custom >,zh,Chinese,qwen2.5-coder:7b,自定义,0.695
5005,Managing Tags,zh,Chinese,qwen2.5-coder:7b,管理标签,0.651
5006,Slide Layouts,zh,Chinese,qwen2.5-coder:7b,幻灯片布局,0.841
5007,Figure Environment,zh,Chinese,qwen2.5-coder:7b,图形环境,0.656
5008,UML Collections,zh,Chinese,qwen2.5-coder:7b,UML 集合,1.08
5009,Input/ Output Port Information,zh,Chinese,qwen2.5-coder:7b,输入/输出端口信息,1.132
5010,disable,zh,Chinese,qwen2.5-coder:7b,禁用,0.581
5011,Alarm color:,zh,Chinese,qwen2.5-coder:7b,警报颜色：,0.824
5012,"(c) 2000, KDE developers",zh,Chinese,qwen2.5-coder:7b,"© 2000, KDE 开发者",1.89
5013,Latin,zh,Chinese,qwen2.5-coder:7b,拉丁语,0.648
5014,Translation memory,zh,Chinese,qwen2.5-coder:7b,翻译记忆,0.672
5015,Strength:,zh,Chinese,qwen2.5-coder:7b,力量:,0.575
5016,Starts With,zh,Chinese,qwen2.5-coder:7b,以...开头,0.739
5017,Autocorrection plugin,zh,Chinese,qwen2.5-coder:7b,自动更正插件,1.027
5018,& Appearance,zh,Chinese,qwen2.5-coder:7b,&外观,0.614
5019,Connection Time,zh,Chinese,qwen2.5-coder:7b,连接时间,0.665
5020,Upgrade Database,zh,Chinese,qwen2.5-coder:7b,升级数据库,0.622
5021,Print Manager,zh,Chinese,qwen2.5-coder:7b,打印管理器,0.726
5022,Encryption key:,zh,Chinese,qwen2.5-coder:7b,加密密钥：,0.861
5023,Kolab user password,zh,Chinese,qwen2.5-coder:7b,Kolab 用户密码,0.998
5024,Texture List,zh,Chinese,qwen2.5-coder:7b,纹理列表,0.662
5025,& Greeting:,zh,Chinese,qwen2.5-coder:7b,&问候:,0.766
5026,User Accounts,zh,Chinese,qwen2.5-coder:7b,用户账户,0.675
5027,Printing the crontab.,zh,Chinese,qwen2.5-coder:7b,打印 crontab。,1.05
5028,ivory2,zh,Chinese,qwen2.5-coder:7b,象牙2,0.832
5029,& Spanish,zh,Chinese,qwen2.5-coder:7b,&西班牙语,0.746
5030,& Done,zh,Chinese,qwen2.5-coder:7b,& 完成,0.801
5031,Miles,zh,Chinese,qwen2.5-coder:7b,英里,0.657
5032,Marc Mutz (mutz at kde org): Core developer,zh,Chinese,qwen2.5-coder:7b,马尔克·穆茨（mutz at kde org）：核心开发者,2.417
5033,Composers,zh,Chinese,qwen2.5-coder:7b,作曲家,0.772
5034,New row,zh,Chinese,qwen2.5-coder:7b,新行,0.63
5035,Sprites,zh,Chinese,qwen2.5-coder:7b,精灵,0.498
5036,& Create Project,zh,Chinese,qwen2.5-coder:7b,创建项目,0.662
5037,Restricted,zh,Chinese,qwen2.5-coder:7b,受限,0.534
5038,MetaBall Movement,zh,Chinese,qwen2.5-coder:7b,元球运动,0.74
5039,Workgroup,zh,Chinese,qwen2.5-coder:7b,工作组,0.503
5040,transactions,zh,Chinese,qwen2.5-coder:7b,交易,0.477
5041,& Finished,zh,Chinese,qwen2.5-coder:7b,& 完成,0.822
5042,Linediff: B < - > C,zh,Chinese,qwen2.5-coder:7b,行差异: B < - > C,1.744
5043,Serbia,zh,Chinese,qwen2.5-coder:7b,塞尔维亚,0.752
5044,Amount to pay (USD):,zh,Chinese,qwen2.5-coder:7b,需支付金额（美元）：,1.272
5045,Fair,zh,Chinese,qwen2.5-coder:7b,公平,0.505
5046,Current DTD:,zh,Chinese,qwen2.5-coder:7b,当前DTD：,0.794
5047,File:,zh,Chinese,qwen2.5-coder:7b,文件:,0.597
5048,non-vj,zh,Chinese,qwen2.5-coder:7b,非VJ,0.78
5049,Comment:,zh,Chinese,qwen2.5-coder:7b,评论：,0.614
5050,Philippines,zh,Chinese,qwen2.5-coder:7b,菲律宾,0.512
5051,Feature,zh,Chinese,qwen2.5-coder:7b,特性,0.476
5052,View,zh,Chinese,qwen2.5-coder:7b,查看,0.492
5053,Print Plugins,zh,Chinese,qwen2.5-coder:7b,打印插件,0.698
5054,Translation Status,zh,Chinese,qwen2.5-coder:7b,翻译状态,0.629
5055,& Extensions,zh,Chinese,qwen2.5-coder:7b,&扩展,0.619
5056,Data Sets,zh,Chinese,qwen2.5-coder:7b,数据集,0.656
5057,From Bottom,zh,Chinese,qwen2.5-coder:7b,从底部,0.623
5058,& XSLT file:,zh,Chinese,qwen2.5-coder:7b,& XSLT 文件:,1.133
5059,Medium Image,zh,Chinese,qwen2.5-coder:7b,中等大小的图片,0.994
5060,Category:,zh,Chinese,qwen2.5-coder:7b,类别:,0.588
5061,Akonadi Resources Configuration,zh,Chinese,qwen2.5-coder:7b,Akonadi 资源配置,1.283
5062,blue3,zh,Chinese,qwen2.5-coder:7b,蓝色3,0.63
5063,"Equal. eq(a, b) = a=b",zh,Chinese,qwen2.5-coder:7b,"相等。eq(a, b) = a=b",1.81
5064,suspended,zh,Chinese,qwen2.5-coder:7b,暂停,0.563
5065,Gears,zh,Chinese,qwen2.5-coder:7b,齿轮,0.522
5066,Print Warning,zh,Chinese,qwen2.5-coder:7b,打印警告,0.613
5067,My Printer,zh,Chinese,qwen2.5-coder:7b,我的打印机,0.611
5068,CDDA Extractor for KDE,zh,Chinese,qwen2.5-coder:7b,KDE的CDDA提取器,1.443
5069,By Name,zh,Chinese,qwen2.5-coder:7b,按名称,0.635
5070,of Shawwal,zh,Chinese,qwen2.5-coder:7b, Shawwal 的,0.981
5071,Paper height (cm):,zh,Chinese,qwen2.5-coder:7b,纸张高度 (cm):,1.125
5072,event,zh,Chinese,qwen2.5-coder:7b,事件,0.508
5073,Membership type:,zh,Chinese,qwen2.5-coder:7b,会员类型：,0.736
5074,CJK Compatibility,zh,Chinese,qwen2.5-coder:7b,中日韩兼容性,0.896
5075,Scalable Graphics,zh,Chinese,qwen2.5-coder:7b,可缩放图形,0.878
5076,How to obtain & kdiff3;,zh,Chinese,qwen2.5-coder:7b,如何获取 & kdiff3;,1.351
5077,Drawn,zh,Chinese,qwen2.5-coder:7b,绘制,0.541
5078,Refresh rate:,zh,Chinese,qwen2.5-coder:7b,刷新率：,0.733
5079,Table View,zh,Chinese,qwen2.5-coder:7b,表格视图,0.707
5080,Accessed,zh,Chinese,qwen2.5-coder:7b,访问,0.593
5081,Runtime: %1ms,zh,Chinese,qwen2.5-coder:7b,运行时间: %1ms,1.273
5082,Company Proprietary,zh,Chinese,qwen2.5-coder:7b,公司专有,0.886
5083,Lower,zh,Chinese,qwen2.5-coder:7b,降低,0.568
5084,Upper Case,zh,Chinese,qwen2.5-coder:7b,大写,0.639
5085,(No Stack),zh,Chinese,qwen2.5-coder:7b,(无堆栈),0.943
5086,Call(s) to %1,zh,Chinese,qwen2.5-coder:7b,呼叫 %1,1.088
5087,Spectator,zh,Chinese,qwen2.5-coder:7b,观众,0.579
5088,& Ctrl; Right Arrow,zh,Chinese,qwen2.5-coder:7b,& Ctrl; 右箭头,1.441
5089,Fear of Heights,zh,Chinese,qwen2.5-coder:7b,高处恐惧,0.828
5090,No recipients,zh,Chinese,qwen2.5-coder:7b,没有收件人,0.826
5091,Folder Selection,zh,Chinese,qwen2.5-coder:7b,文件夹选择,0.721
5092,Previous Sentence,zh,Chinese,qwen2.5-coder:7b,上一句,0.677
5093,Builtin,zh,Chinese,qwen2.5-coder:7b,内置,0.539
5094,Batch Processing,zh,Chinese,qwen2.5-coder:7b,批量处理,0.664
5095,Game Save,zh,Chinese,qwen2.5-coder:7b,游戏保存,0.669
5096,Documentation & copy; 2004 Keith Isdale,zh,Chinese,qwen2.5-coder:7b,文档 © 2004 Keith Isdale,1.943
5097,Mobile,zh,Chinese,qwen2.5-coder:7b,移动,0.483
5098,& Cleanup,zh,Chinese,qwen2.5-coder:7b,&清理,0.644
5099,increase,zh,Chinese,qwen2.5-coder:7b,增加,0.542
5100,2nd pile,zh,Chinese,qwen2.5-coder:7b,第二堆,0.713
5101,Profile Dumps,zh,Chinese,qwen2.5-coder:7b,配置文件转储,0.878
5102,LightSeaGreen,zh,Chinese,qwen2.5-coder:7b,浅海绿色,0.784
5103,Organization,zh,Chinese,qwen2.5-coder:7b,组织,0.502
5104,Default Policy,zh,Chinese,qwen2.5-coder:7b,默认策略,0.611
5105,Synchronization,zh,Chinese,qwen2.5-coder:7b,同步,0.517
5106,Ipod Collection,zh,Chinese,qwen2.5-coder:7b,iPod 集合,1.069
5107,brown,zh,Chinese,qwen2.5-coder:7b,棕色,0.504
5108,Scaling capability,zh,Chinese,qwen2.5-coder:7b,缩放能力,0.779
5109,First-Last Sector,zh,Chinese,qwen2.5-coder:7b,首-尾扇区,1.098
5110,Help document version,zh,Chinese,qwen2.5-coder:7b,帮助文档版本,0.818
5111,& First language:,zh,Chinese,qwen2.5-coder:7b,&首选语言:,0.885
5112,Transparency,zh,Chinese,qwen2.5-coder:7b,透明度,0.678
5113,Enable antialiasing,zh,Chinese,qwen2.5-coder:7b,启用抗锯齿,0.929
5114,None.,zh,Chinese,qwen2.5-coder:7b,无。,0.596
5115,3rd pile,zh,Chinese,qwen2.5-coder:7b,第三堆,0.679
5116,Pad 1 - New Age,zh,Chinese,qwen2.5-coder:7b,垫片 1 - 新时代,1.444
5117,Archived,zh,Chinese,qwen2.5-coder:7b,归档,0.643
5118,Transfer error,zh,Chinese,qwen2.5-coder:7b,转账错误,0.681
5119,DarkOliveGreen,zh,Chinese,qwen2.5-coder:7b,深橄榄绿色,0.862
5120,Pin Wheel,zh,Chinese,qwen2.5-coder:7b,旋转轮,0.656
5121,& Visibility,zh,Chinese,qwen2.5-coder:7b,&可见性,0.736
5122,Conversion,zh,Chinese,qwen2.5-coder:7b,转换,0.554
5123,Course name: %1,zh,Chinese,qwen2.5-coder:7b,课程名称: %1,1.038
5124,@ (#064;) Commercial at sign,zh,Chinese,qwen2.5-coder:7b,商业符号,0.873
5125,& Until,zh,Chinese,qwen2.5-coder:7b,&直到,0.621
5126,battleship,zh,Chinese,qwen2.5-coder:7b,战舰,0.68
5127,SVG Images,zh,Chinese,qwen2.5-coder:7b,SVG 图像,0.724
5128,Does nothing,zh,Chinese,qwen2.5-coder:7b,什么也不做,0.753
5129,Clanbomber Big Standard,zh,Chinese,qwen2.5-coder:7b,Clanbomber 大标准,1.605
5130,Wish List,zh,Chinese,qwen2.5-coder:7b,愿望清单,0.66
5131,Blue Curl,zh,Chinese,qwen2.5-coder:7b,蓝色卷曲,0.719
5132,KDE Address Book,zh,Chinese,qwen2.5-coder:7b,KDE 地址簿,1.062
5133,KHotkeys file id.,zh,Chinese,qwen2.5-coder:7b,K热键文件ID。,1.136
5134,Using & kmenuedit;,zh,Chinese,qwen2.5-coder:7b,使用 & kmenuedit;,1.174
5135,System colors:,zh,Chinese,qwen2.5-coder:7b,系统颜色：,0.733
5136,Demo Liquid,zh,Chinese,qwen2.5-coder:7b,演示液体,0.632
5137,Handedness,zh,Chinese,qwen2.5-coder:7b,手性,0.658
5138,Afghan Afghani,zh,Chinese,qwen2.5-coder:7b,阿富汗阿夫加尼,1.032
5139,Size Canvas...,zh,Chinese,qwen2.5-coder:7b,调整画布大小...,0.916
5140,SSH protocol version,zh,Chinese,qwen2.5-coder:7b,SSH 协议版本,0.958
5141,A themable analog clock,zh,Chinese,qwen2.5-coder:7b,一个可主题化的模拟时钟,1.225
5142,Delete widget,zh,Chinese,qwen2.5-coder:7b,删除小部件,0.742
5143,Channel:,zh,Chinese,qwen2.5-coder:7b,频道:,0.635
5144,& Event List,zh,Chinese,qwen2.5-coder:7b,事件列表,0.7
5145,Play List,zh,Chinese,qwen2.5-coder:7b,播放列表,0.752
5146,The Box,zh,Chinese,qwen2.5-coder:7b,盒子,0.572
5147,Article Training,zh,Chinese,qwen2.5-coder:7b,文章培训,0.611
5148,Weather for %1,zh,Chinese,qwen2.5-coder:7b,天气预报 %1,0.883
5149,Gaussian:,zh,Chinese,qwen2.5-coder:7b,高斯分布:,0.811
5150,Speed:,zh,Chinese,qwen2.5-coder:7b,速度:,0.583
5151,Dvorak Spanish,zh,Chinese,qwen2.5-coder:7b,德瓦罗克西班牙语,1.106
5152,Mathgroup:,zh,Chinese,qwen2.5-coder:7b,数学组：,0.776
5153,Statistics in & ktouch;,zh,Chinese,qwen2.5-coder:7b,统计信息在 & ktouch;,1.412
5154,Hot Pixels Correction,zh,Chinese,qwen2.5-coder:7b,热像素校正,0.886
5155,Jordanian Dinar,zh,Chinese,qwen2.5-coder:7b,约旦第纳尔,1.011
5156,& Game,zh,Chinese,qwen2.5-coder:7b,& 游戏,0.826
5157,& Channel file,zh,Chinese,qwen2.5-coder:7b,&频道文件,0.733
5158,Source Folder,zh,Chinese,qwen2.5-coder:7b,源文件夹,0.762
5159,%1 (Current),zh,Chinese,qwen2.5-coder:7b,%1 (当前),1.015
5160,American foolscap,zh,Chinese,qwen2.5-coder:7b,美国 foolscap,0.913
5161,No captions,zh,Chinese,qwen2.5-coder:7b,没有字幕,0.706
5162,channel owner,zh,Chinese,qwen2.5-coder:7b,频道所有者,0.725
5163,Currencies,zh,Chinese,qwen2.5-coder:7b,货币,0.553
5164,Download added,zh,Chinese,qwen2.5-coder:7b,下载已添加,0.736
5165,Cloudy weather,zh,Chinese,qwen2.5-coder:7b,多云天气,0.808
5166,Angular distance:,zh,Chinese,qwen2.5-coder:7b,角度距离:,0.862
5167,Vector Difference,zh,Chinese,qwen2.5-coder:7b,向量差,0.742
5168,Stop Layouting,zh,Chinese,qwen2.5-coder:7b,停止布局,0.677
5169,& Network,zh,Chinese,qwen2.5-coder:7b,&网络,0.654
5170,Move Up,zh,Chinese,qwen2.5-coder:7b,上移,0.673
5171,internationalization,zh,Chinese,qwen2.5-coder:7b,国际化,0.536
5172,KDE Input Method Panel,zh,Chinese,qwen2.5-coder:7b,KDE 输入法面板,1.009
5173,300 DPI Color,zh,Chinese,qwen2.5-coder:7b,300 DPI 颜色,1.437
5174,Spanish (Honduras),zh,Chinese,qwen2.5-coder:7b,西班牙语（洪都拉斯）,1.256
5175,Gamma Correction,zh,Chinese,qwen2.5-coder:7b,伽马校正,0.859
5176,Ghostscript Resolution,zh,Chinese,qwen2.5-coder:7b,Ghostscript 分辨率,0.967
5177,Add hydrogens,zh,Chinese,qwen2.5-coder:7b,添加氢原子,0.745
5178,Float 64-bit,zh,Chinese,qwen2.5-coder:7b,64位浮点数,1.143
5179,& Add Podcast,zh,Chinese,qwen2.5-coder:7b,添加播客,0.751
5180,Lookahead,zh,Chinese,qwen2.5-coder:7b,前瞻,0.545
5181,Copying theme,zh,Chinese,qwen2.5-coder:7b,复制主题,0.626
5182,Game difficulty.,zh,Chinese,qwen2.5-coder:7b,游戏难度。,0.747
5183,Save As (%1),zh,Chinese,qwen2.5-coder:7b,另存为 (%1),1.165
5184,Duration: %1,zh,Chinese,qwen2.5-coder:7b,持续时间: %1,1.057
5185,The Zenith,zh,Chinese,qwen2.5-coder:7b,巅峰,0.812
5186,geography,zh,Chinese,qwen2.5-coder:7b,地理学,0.636
5187,Structure,zh,Chinese,qwen2.5-coder:7b,结构,0.501
5188,last week,zh,Chinese,qwen2.5-coder:7b,上周,0.536
5189,Tape block size:,zh,Chinese,qwen2.5-coder:7b,磁带块大小：,1.046
5190,New Signal Handler,zh,Chinese,qwen2.5-coder:7b,新信号处理程序,0.874
5191,Registration Data,zh,Chinese,qwen2.5-coder:7b,注册数据,0.638
5192,DarkRed,zh,Chinese,qwen2.5-coder:7b,深红色,0.654
5193,VGA forwarding,zh,Chinese,qwen2.5-coder:7b,VGA 转发,1.057
5194,& Rotation:,zh,Chinese,qwen2.5-coder:7b,&旋转：,0.715
5195,Crop,zh,Chinese,qwen2.5-coder:7b,裁剪,0.633
5196,Alaska Time,zh,Chinese,qwen2.5-coder:7b,阿拉斯加时间,0.837
5197,angle variance,zh,Chinese,qwen2.5-coder:7b,角度方差,0.713
5198,Currency Calculator,zh,Chinese,qwen2.5-coder:7b,货币计算器,0.676
5199,Color deformation,zh,Chinese,qwen2.5-coder:7b,颜色变形,0.638
5200,Training,zh,Chinese,qwen2.5-coder:7b,训练,0.485
5201,Contribute...,zh,Chinese,qwen2.5-coder:7b,贡献...,0.616
5202,Font Color:,zh,Chinese,qwen2.5-coder:7b,字体颜色：,0.733
5203,Klipper version,zh,Chinese,qwen2.5-coder:7b,Klipper 版本,1.091
5204,Kalzium concentration Calculator,zh,Chinese,qwen2.5-coder:7b,钾浓度计算器,0.864
5205,Tab position:,zh,Chinese,qwen2.5-coder:7b,标签位置：,0.809
5206,Spiral number:,zh,Chinese,qwen2.5-coder:7b,螺旋数字：,0.817
5207,The Account menu,zh,Chinese,qwen2.5-coder:7b,账户菜单,0.659
5208,Function & 1:,zh,Chinese,qwen2.5-coder:7b,功能 & 1:,1.017
5209,Configuration,zh,Chinese,qwen2.5-coder:7b,配置,0.508
5210,First matrix,zh,Chinese,qwen2.5-coder:7b,第一个矩阵,0.625
5211,Advanced > >,zh,Chinese,qwen2.5-coder:7b,高级 > >,0.771
5212,9th Last,zh,Chinese,qwen2.5-coder:7b,倒数第9个,0.962
5213,Clean,zh,Chinese,qwen2.5-coder:7b,清理,0.472
5214,honeydew,zh,Chinese,qwen2.5-coder:7b,蜜瓜,0.678
5215,"Cordially,",zh,Chinese,qwen2.5-coder:7b,"诚挚地,",0.965
5216,& kde; applications,zh,Chinese,qwen2.5-coder:7b,& KDE 应用程序,1.171
5217,DVI Viewer,zh,Chinese,qwen2.5-coder:7b,DVI 查看器,0.989
5218,What is & ktouch;?,zh,Chinese,qwen2.5-coder:7b,什么是 & ktouch;?,1.2
5219,Keyboard Layout,zh,Chinese,qwen2.5-coder:7b,键盘布局,0.642
5220,rectTemperatureVariance,zh,Chinese,qwen2.5-coder:7b,矩形温度方差,1.015
5221,& quality,zh,Chinese,qwen2.5-coder:7b,&质量,0.614
5222,Aperture Value,zh,Chinese,qwen2.5-coder:7b,光圈值,0.777
5223,Dim target color:,zh,Chinese,qwen2.5-coder:7b,目标颜色：,0.768
5224,Add Transport,zh,Chinese,qwen2.5-coder:7b,添加运输,0.685
5225,Speed,zh,Chinese,qwen2.5-coder:7b,速度,0.508
5226,Serial Number,zh,Chinese,qwen2.5-coder:7b,序列号,0.628
5227,Transfer Timer,zh,Chinese,qwen2.5-coder:7b,转账计时器,0.8
5228,"Cyan, Yellow",zh,Chinese,qwen2.5-coder:7b,"青色,黄色",0.873
5229,Section:,zh,Chinese,qwen2.5-coder:7b,部分：,0.599
5230,Exposure time:,zh,Chinese,qwen2.5-coder:7b,曝光时间：,0.779
5231,A hexagon,zh,Chinese,qwen2.5-coder:7b,六边形,0.808
5232,Thumbnail is null,zh,Chinese,qwen2.5-coder:7b,缩略图为空,0.901
5233,Talker:,zh,Chinese,qwen2.5-coder:7b,说话者:,0.838
5234,Possible,zh,Chinese,qwen2.5-coder:7b,可能的,0.594
5235,Gameport controller,zh,Chinese,qwen2.5-coder:7b,游戏端口控制器,0.855
5236,Foreground Color,zh,Chinese,qwen2.5-coder:7b,前景色,0.612
5237,Suspended & rsibreak;,zh,Chinese,qwen2.5-coder:7b,暂停 & rsibreak;,1.3
5238,FX 5 - Brightness,zh,Chinese,qwen2.5-coder:7b,FX 5 - 亮度,1.205
5239,Scrambled:,zh,Chinese,qwen2.5-coder:7b,打乱：,0.792
5240,"Colour, fast, CMYK",zh,Chinese,qwen2.5-coder:7b,"颜色, 快速, CMYK",1.531
5241,Part,zh,Chinese,qwen2.5-coder:7b,部分,0.514
5242,Transfer History,zh,Chinese,qwen2.5-coder:7b,转账历史,0.624
5243,Modify Transport,zh,Chinese,qwen2.5-coder:7b,修改运输,0.649
5244,Video Clip Data Engine,zh,Chinese,qwen2.5-coder:7b,视频剪辑数据引擎,1.009
5245,Area Chart,zh,Chinese,qwen2.5-coder:7b,面积图,0.617
5246,Keyboard Identification Data,zh,Chinese,qwen2.5-coder:7b,键盘识别数据,0.748
5247,Background Tool,zh,Chinese,qwen2.5-coder:7b,背景工具,0.626
5248,Major Operation Modes:,zh,Chinese,qwen2.5-coder:7b,主要操作模式：,0.826
5249,Exterior view,zh,Chinese,qwen2.5-coder:7b,外部视图,0.757
5250,Execute Script,zh,Chinese,qwen2.5-coder:7b,执行脚本,0.737
5251,File size (in bytes):,zh,Chinese,qwen2.5-coder:7b,文件大小（以字节为单位）：,1.535
5252,Driver Selection,zh,Chinese,qwen2.5-coder:7b,驱动选择,0.621
5253,blue4,zh,Chinese,qwen2.5-coder:7b,蓝色4,0.613
5254,Fadeout & duration:,zh,Chinese,qwen2.5-coder:7b,淡出 & 持续时间:,1.384
5255,created %1 in %2,zh,Chinese,qwen2.5-coder:7b,在%2中创建了%1,1.423
5256,Deutsche Mark (DEM),zh,Chinese,qwen2.5-coder:7b,德意志马克 (DEM),1.162
5257,Do & not descend:,zh,Chinese,qwen2.5-coder:7b,“不要下降：”,1.029
5258,Talk to %1,zh,Chinese,qwen2.5-coder:7b,与 %1 交谈,1.012
5259,OpenPGP signing key,zh,Chinese,qwen2.5-coder:7b,OpenPGP 签名密钥,1.493
5260,Image Editor,zh,Chinese,qwen2.5-coder:7b,图像编辑器,0.777
5261,Maximum width:,zh,Chinese,qwen2.5-coder:7b,最大宽度：,0.746
5262,Subsections,zh,Chinese,qwen2.5-coder:7b,子部分,0.656
5263,Skill,zh,Chinese,qwen2.5-coder:7b,技能,0.499
5264,untitled,zh,Chinese,qwen2.5-coder:7b,未命名,0.633
5265,Gravity Setup,zh,Chinese,qwen2.5-coder:7b,重力设置,0.716
5266,Kyrgyzstan,zh,Chinese,qwen2.5-coder:7b,吉尔吉斯斯坦,0.989
5267,Preview In,zh,Chinese,qwen2.5-coder:7b,预览,0.651
5268,Image file:,zh,Chinese,qwen2.5-coder:7b,图片文件：,0.719
5269,File Information...,zh,Chinese,qwen2.5-coder:7b,文件信息...,0.723
5270,Audio Settings,zh,Chinese,qwen2.5-coder:7b,音频设置,0.64
5271,Help Index,zh,Chinese,qwen2.5-coder:7b,帮助索引,0.743
5272,YellowGreen,zh,Chinese,qwen2.5-coder:7b,黄色绿色,0.631
5273,Snapshot file:,zh,Chinese,qwen2.5-coder:7b,快照文件：,0.856
5274,Program Features,zh,Chinese,qwen2.5-coder:7b,程序功能,0.644
5275,Image file,zh,Chinese,qwen2.5-coder:7b,图片文件,0.655
5276,One Sided,zh,Chinese,qwen2.5-coder:7b,单面的,0.75
5277,Numeral,zh,Chinese,qwen2.5-coder:7b,数字,0.532
5278,Spanish,zh,Chinese,qwen2.5-coder:7b,西班牙语,0.589
5279,US Dollar (Same day),zh,Chinese,qwen2.5-coder:7b,美国美元（同一天）,1.094
5280,A6 Card,zh,Chinese,qwen2.5-coder:7b,A6卡片,0.802
5281,Job Separation,zh,Chinese,qwen2.5-coder:7b,职位分离,0.887
5282,System Settings View,zh,Chinese,qwen2.5-coder:7b,系统设置视图,0.894
5283,Meaning,zh,Chinese,qwen2.5-coder:7b,含义,0.521
5284,nokey,zh,Chinese,qwen2.5-coder:7b,无键,0.62
5285,Mine fuel:,zh,Chinese,qwen2.5-coder:7b,我的燃料：,0.71
5286,Icon Position,zh,Chinese,qwen2.5-coder:7b,图标位置,0.622
5287,Network Functions,zh,Chinese,qwen2.5-coder:7b,网络功能,0.657
5288,To screen,zh,Chinese,qwen2.5-coder:7b,屏幕,0.745
5289,Executable Scripts,zh,Chinese,qwen2.5-coder:7b,可执行脚本,0.832
5290,Volume Size:,zh,Chinese,qwen2.5-coder:7b,音量大小：,0.835
5291,& Pressure:,zh,Chinese,qwen2.5-coder:7b,&压力:,0.739
5292,< < Files,zh,Chinese,qwen2.5-coder:7b,< < 文件,0.877
5293,File Location,zh,Chinese,qwen2.5-coder:7b,文件位置,0.688
5294,Mr.,zh,Chinese,qwen2.5-coder:7b,先生,0.497
5295,Copy Color,zh,Chinese,qwen2.5-coder:7b,复制颜色,0.638
5296,Text & Alignment,zh,Chinese,qwen2.5-coder:7b,文本 & 对齐方式,0.934
5297,year,zh,Chinese,qwen2.5-coder:7b,年,0.486
5298,Minimized,zh,Chinese,qwen2.5-coder:7b,最小化,0.66
5299,Drawing Program,zh,Chinese,qwen2.5-coder:7b,绘图程序,0.759
5300,Zoom in (x 6),zh,Chinese,qwen2.5-coder:7b,放大 (x 6),1.157
5301,Video Collection,zh,Chinese,qwen2.5-coder:7b,视频集锦,0.752
5302,Scrollback limit:,zh,Chinese,qwen2.5-coder:7b,回滚限制：,0.845
5303,Peak acceleration:,zh,Chinese,qwen2.5-coder:7b,峰值加速度：,0.81
5304,& New Row,zh,Chinese,qwen2.5-coder:7b,& 新行,0.746
5305,At Sea,zh,Chinese,qwen2.5-coder:7b,在海上,0.66
5306,& Complete:,zh,Chinese,qwen2.5-coder:7b,& 完成:,0.913
5307,MD5 Shadow passwords,zh,Chinese,qwen2.5-coder:7b,MD5 阴影密码,1.243
5308,Great Circles,zh,Chinese,qwen2.5-coder:7b,大圆,0.719
5309,Black Frame...,zh,Chinese,qwen2.5-coder:7b,黑色框架...,0.752
5310,Enrollment type: %1,zh,Chinese,qwen2.5-coder:7b,注册类型: %1,1.053
5311,& Single Human (Arcade),zh,Chinese,qwen2.5-coder:7b,单人（街机）,1.131
5312,Paper Color,zh,Chinese,qwen2.5-coder:7b,纸张颜色,0.74
5313,Accessibility,zh,Chinese,qwen2.5-coder:7b,无障碍,0.486
5314,Formula Settings,zh,Chinese,qwen2.5-coder:7b,公式设置,0.689
5315,Time Zone:,zh,Chinese,qwen2.5-coder:7b,时区:,0.755
5316,KalziumPlasma Configuration,zh,Chinese,qwen2.5-coder:7b,KalziumPlasma 配置,1.512
5317,Sensitivity,zh,Chinese,qwen2.5-coder:7b,敏感度,0.608
5318,Paint Program,zh,Chinese,qwen2.5-coder:7b,画图程序,0.707
5319,& Machine (hostname):,zh,Chinese,qwen2.5-coder:7b,&机器（主机名）：,1.263
5320,Width,zh,Chinese,qwen2.5-coder:7b,宽度,0.572
5321,& Strict mode,zh,Chinese,qwen2.5-coder:7b,严格模式,0.681
5322,Vector Class Name,zh,Chinese,qwen2.5-coder:7b,向量类名,0.937
5323,New Schema,zh,Chinese,qwen2.5-coder:7b,新架构,0.648
5324,KDE X Screen Saver Configuration tool,zh,Chinese,qwen2.5-coder:7b,KDE X 屏幕保护程序配置工具,1.643
5325,preview window,zh,Chinese,qwen2.5-coder:7b,预览窗口,0.754
5326,Waves Vert.,zh,Chinese,qwen2.5-coder:7b,波浪垂直,0.849
5327,Average days,zh,Chinese,qwen2.5-coder:7b,平均天数,0.753
5328,Form Design,zh,Chinese,qwen2.5-coder:7b,表单设计,0.737
5329,Stamp Collection,zh,Chinese,qwen2.5-coder:7b,邮票收藏,0.737
5330,Display comments,zh,Chinese,qwen2.5-coder:7b,显示评论,0.632
5331,Cash,zh,Chinese,qwen2.5-coder:7b,现金,0.489
5332,Link quality,zh,Chinese,qwen2.5-coder:7b,链接质量,0.636
5333,Class Operations,zh,Chinese,qwen2.5-coder:7b,班级操作,0.625
5334,Subject distance:,zh,Chinese,qwen2.5-coder:7b,主题距离：,0.745
5335,Anamorphic (16:9),zh,Chinese,qwen2.5-coder:7b,宽高比 (16:9),1.561
5336,Quicksearch,zh,Chinese,qwen2.5-coder:7b,快速搜索,0.672
5337,Orientation:,zh,Chinese,qwen2.5-coder:7b,方向：,0.6
5338,WY rotation speed,zh,Chinese,qwen2.5-coder:7b,“WY旋转速度”,1.071
5339,Group 2:,zh,Chinese,qwen2.5-coder:7b,组2：,0.742
5340,Serial #:,zh,Chinese,qwen2.5-coder:7b,序列号：,0.722
5341,of March,zh,Chinese,qwen2.5-coder:7b,三月,0.604
5342,Playlist Toolbar,zh,Chinese,qwen2.5-coder:7b,播放列表工具栏,0.902
5343,Report Name,zh,Chinese,qwen2.5-coder:7b,报告名称,0.654
5344,Number of bit:,zh,Chinese,qwen2.5-coder:7b,位数:,0.736
5345,Comparative:,zh,Chinese,qwen2.5-coder:7b,比较：,0.629
5346,Do you want to ignore %1?,zh,Chinese,qwen2.5-coder:7b,你想忽略 %1 吗？,1.255
5347,Class of Printers,zh,Chinese,qwen2.5-coder:7b,打印队列,0.798
5348,Watches,zh,Chinese,qwen2.5-coder:7b,手表,0.591
5349,Double whole,zh,Chinese,qwen2.5-coder:7b,双倍,0.645
5350,Inheritance depth,zh,Chinese,qwen2.5-coder:7b,继承深度,0.713
5351,Gemini,zh,Chinese,qwen2.5-coder:7b,金牛座,0.723
5352,Page Properties,zh,Chinese,qwen2.5-coder:7b,页面属性,0.612
5353,Recent file:,zh,Chinese,qwen2.5-coder:7b,最近的文件：,0.816
5354,Speak,zh,Chinese,qwen2.5-coder:7b,说,0.476
5355,Color mode:,zh,Chinese,qwen2.5-coder:7b,颜色模式：,0.706
5356,"Europe, Eastern",zh,Chinese,qwen2.5-coder:7b,欧洲，东部,0.773
5357,IM Panel Settings,zh,Chinese,qwen2.5-coder:7b,IM 面板设置,1.036
5358,Shield amount,zh,Chinese,qwen2.5-coder:7b,护盾量,0.748
5359,discnumber,zh,Chinese,qwen2.5-coder:7b,磁盘编号,0.721
5360,Display Cover,zh,Chinese,qwen2.5-coder:7b,显示封面,0.673
5361,Selection tool,zh,Chinese,qwen2.5-coder:7b,选择工具,0.626
5362,Phone Number,zh,Chinese,qwen2.5-coder:7b,电话号码,0.634
5363,fog declaration,zh,Chinese,qwen2.5-coder:7b,雾声明,0.684
5364,Chapter,zh,Chinese,qwen2.5-coder:7b,章节,0.514
5365,Timings,zh,Chinese,qwen2.5-coder:7b,时间设置,0.656
5366,Word Completion,zh,Chinese,qwen2.5-coder:7b,单词补全,0.709
5367,Contact List,zh,Chinese,qwen2.5-coder:7b,联系人列表,0.715
5368,Stop value:,zh,Chinese,qwen2.5-coder:7b,停止值：,0.751
5369,Initial,zh,Chinese,qwen2.5-coder:7b,初始,0.501
5370,Withdrawals,zh,Chinese,qwen2.5-coder:7b,提现,0.543
5371,Signal strength:,zh,Chinese,qwen2.5-coder:7b,信号强度：,0.708
5372,Input Method Panel,zh,Chinese,qwen2.5-coder:7b,输入法面板,0.747
5373,increaseShortcut,zh,Chinese,qwen2.5-coder:7b,增加快捷方式,0.711
5374,Quiet,zh,Chinese,qwen2.5-coder:7b,安静,0.48
5375,Escape string:,zh,Chinese,qwen2.5-coder:7b,转义字符串：,0.812
5376,Postfix:,zh,Chinese,qwen2.5-coder:7b,后缀:,0.77
5377,Games,zh,Chinese,qwen2.5-coder:7b,游戏,0.507
5378,Test Yourself:,zh,Chinese,qwen2.5-coder:7b,自我测试：,0.728
5379,Interface Designer,zh,Chinese,qwen2.5-coder:7b,界面设计师,0.628
5380,LibParted version:,zh,Chinese,qwen2.5-coder:7b,LibParted 版本：,1.231
5381,Pinch:,zh,Chinese,qwen2.5-coder:7b,捏合：,0.765
5382,Leader name:,zh,Chinese,qwen2.5-coder:7b,领导者姓名：,0.748
5383,New directory,zh,Chinese,qwen2.5-coder:7b,新目录,0.614
5384,State Diagram,zh,Chinese,qwen2.5-coder:7b,状态图,0.627
5385,Deactivate,zh,Chinese,qwen2.5-coder:7b,禁用,0.626
5386,SlideShow,zh,Chinese,qwen2.5-coder:7b,幻灯片放映,0.806
5387,Temperature: %1,zh,Chinese,qwen2.5-coder:7b,温度: %1,0.893
5388,Created:,zh,Chinese,qwen2.5-coder:7b,创建于：,0.686
5389,Command Line,zh,Chinese,qwen2.5-coder:7b,命令行,0.643
5390,with,zh,Chinese,qwen2.5-coder:7b,与,0.665
5391,ColorGrade,zh,Chinese,qwen2.5-coder:7b,颜色校正,0.704
5392,Account Types,zh,Chinese,qwen2.5-coder:7b,账户类型,0.621
5393,Page Footer (Even),zh,Chinese,qwen2.5-coder:7b,偶数页页脚,1.018
5394,revoked,zh,Chinese,qwen2.5-coder:7b,撤销,0.574
5395,Using & kgpg;,zh,Chinese,qwen2.5-coder:7b,使用 & kgpg;,1.099
5396,Processor information,zh,Chinese,qwen2.5-coder:7b,处理器信息,0.639
5397,& Image type:,zh,Chinese,qwen2.5-coder:7b,& 图像类型:,0.95
5398,Subject Distance,zh,Chinese,qwen2.5-coder:7b,主体距离,0.655
5399,/ part #channel,zh,Chinese,qwen2.5-coder:7b,/ 部分 #频道,1.265
5400,Australia/ Yancowinna,zh,Chinese,qwen2.5-coder:7b,澳大利亚/扬科温纳,1.312
5401,Probability,zh,Chinese,qwen2.5-coder:7b,概率,0.521
5402,Missing QuantaCore,zh,Chinese,qwen2.5-coder:7b,缺少QuantaCore,0.909
5403,of Av,zh,Chinese,qwen2.5-coder:7b,来自 Av,0.856
5404,Rise time:,zh,Chinese,qwen2.5-coder:7b,升起时间:,0.851
5405,Playing & kjumpingcube;,zh,Chinese,qwen2.5-coder:7b,玩 & 跳方块;,1.305
5406,NextWord,zh,Chinese,qwen2.5-coder:7b,下一个单词,0.661
5407,texture declaration,zh,Chinese,qwen2.5-coder:7b,纹理声明,0.644
5408,Printer Tools,zh,Chinese,qwen2.5-coder:7b,打印机工具,0.647
5409,Connection Space,zh,Chinese,qwen2.5-coder:7b,连接空间,0.627
5410,Quits & khangman;,zh,Chinese,qwen2.5-coder:7b,退出 & 挂断;,1.256
5411,center Dec:,zh,Chinese,qwen2.5-coder:7b,中心 Dec:,0.857
5412,Validation Options,zh,Chinese,qwen2.5-coder:7b,验证选项,0.666
5413,The Repository Menu,zh,Chinese,qwen2.5-coder:7b,仓库菜单,0.716
5414,File Access,zh,Chinese,qwen2.5-coder:7b,文件访问,0.635
5415,Commission,zh,Chinese,qwen2.5-coder:7b,佣金,0.506
5416,File: %1,zh,Chinese,qwen2.5-coder:7b,文件: %1,0.913
5417,Constraint,zh,Chinese,qwen2.5-coder:7b,约束,0.511
5418,Address Book Properties...,zh,Chinese,qwen2.5-coder:7b,地址簿属性...,0.928
5419,System Files,zh,Chinese,qwen2.5-coder:7b,系统文件,0.658
5420,& by,zh,Chinese,qwen2.5-coder:7b,& 由,0.737
5421,"Punctuation, Open",zh,Chinese,qwen2.5-coder:7b,"标点符号, 打开",1.248
5422,Exif date-time,zh,Chinese,qwen2.5-coder:7b,Exif日期时间,0.958
5423,Driver Information,zh,Chinese,qwen2.5-coder:7b,驱动信息,0.637
5424,Match to:,zh,Chinese,qwen2.5-coder:7b,匹配到：,0.718
5425,Attack 3,zh,Chinese,qwen2.5-coder:7b,攻击 3,0.749
5426,Vacation Checklist,zh,Chinese,qwen2.5-coder:7b,假期清单,0.645
5427,& Open With,zh,Chinese,qwen2.5-coder:7b,&用...打开,0.841
5428,Project Performance Chart,zh,Chinese,qwen2.5-coder:7b,项目绩效图表,0.77
5429,Welcome to & kde;,zh,Chinese,qwen2.5-coder:7b,欢迎使用 & kde;,1.149
5430,Topic Set,zh,Chinese,qwen2.5-coder:7b,话题集,0.676
5431,Removable media,zh,Chinese,qwen2.5-coder:7b,可移动媒体,0.754
5432,Set Initial PIN (SigG),zh,Chinese,qwen2.5-coder:7b,设置初始PIN（SigG）,1.259
5433,Camera Title,zh,Chinese,qwen2.5-coder:7b,相机标题,0.654
5434,& amor; Themes,zh,Chinese,qwen2.5-coder:7b,&爱; 主题,1.016
5435,Italy,zh,Chinese,qwen2.5-coder:7b,意大利,0.531
5436,Serial Port #2 (NetBSD),zh,Chinese,qwen2.5-coder:7b,串口 #2 (NetBSD),1.464
5437,Disk buffers:,zh,Chinese,qwen2.5-coder:7b,磁盘缓冲区：,0.991
5438,Color:,zh,Chinese,qwen2.5-coder:7b,颜色:,0.64
5439,Japanese,zh,Chinese,qwen2.5-coder:7b,日本语,0.612
5440,Selected:,zh,Chinese,qwen2.5-coder:7b,已选中：,0.798
5441,Parity checking,zh,Chinese,qwen2.5-coder:7b,奇偶校验,0.861
5442,Italic - \\itshape,zh,Chinese,qwen2.5-coder:7b,斜体 - \itshape,1.165
5443,In-painting,zh,Chinese,qwen2.5-coder:7b,修复,0.559
5444,weeks,zh,Chinese,qwen2.5-coder:7b,周,0.488
5445,Show label,zh,Chinese,qwen2.5-coder:7b,显示标签,0.657
5446,Run Nevertheless,zh,Chinese,qwen2.5-coder:7b,无论如何运行,0.915
5447,South Sikkim,zh,Chinese,qwen2.5-coder:7b,南西姆克西姆,1.143
5448,(no part),zh,Chinese,qwen2.5-coder:7b,(无部分),0.883
5449,Table of Contents,zh,Chinese,qwen2.5-coder:7b,目录,0.592
5450,Brightness/ Contrast/ Gamma,zh,Chinese,qwen2.5-coder:7b,亮度/对比度/伽马,1.222
5451,Last Name,zh,Chinese,qwen2.5-coder:7b,姓氏,0.66
5452,Only,zh,Chinese,qwen2.5-coder:7b,只有,0.506
5453,Blue Jean,zh,Chinese,qwen2.5-coder:7b,蓝色牛仔裤,0.851
5454,& Word Wrap,zh,Chinese,qwen2.5-coder:7b,&自动换行,0.929
5455,User Information,zh,Chinese,qwen2.5-coder:7b,用户信息,0.777
5456,Attribute & name:,zh,Chinese,qwen2.5-coder:7b,属性 & 名称:,1.05
5457,Unspecified,zh,Chinese,qwen2.5-coder:7b,未指定,0.643
5458,Champion,zh,Chinese,qwen2.5-coder:7b,冠军,0.54
5459,Thursday,zh,Chinese,qwen2.5-coder:7b,星期四,0.637
5460,Queue Manager Controlled Downloads,zh,Chinese,qwen2.5-coder:7b,队列管理控制下载,1.029
5461,Save Form '%1 'As,zh,Chinese,qwen2.5-coder:7b,将表单“%1”另存为,1.686
5462,File Type,zh,Chinese,qwen2.5-coder:7b,文件类型,0.636
5463,Press Release,zh,Chinese,qwen2.5-coder:7b,新闻发布,0.521
5464,Max open files:,zh,Chinese,qwen2.5-coder:7b,最大打开文件数：,0.951
5465,Rope,zh,Chinese,qwen2.5-coder:7b,绳子,0.616
5466,Printer Configuration,zh,Chinese,qwen2.5-coder:7b,打印机配置,0.638
5467,Forward Message,zh,Chinese,qwen2.5-coder:7b,转发消息,0.655
5468,Mobipocket thumbnailer,zh,Chinese,qwen2.5-coder:7b,Mobipocket 缩略图生成器,1.464
5469,Light Speed,zh,Chinese,qwen2.5-coder:7b,光速,0.616
5470,& Mean Removal,zh,Chinese,qwen2.5-coder:7b,& 均值去除,1.112
5471,Dr. Geo figure,zh,Chinese,qwen2.5-coder:7b,几何图形,0.746
5472,Group Header,zh,Chinese,qwen2.5-coder:7b,组头,0.631
5473,Quiz Settings,zh,Chinese,qwen2.5-coder:7b,测验设置,0.773
5474,Syria,zh,Chinese,qwen2.5-coder:7b,叙利亚,0.581
5475,Last & Monday,zh,Chinese,qwen2.5-coder:7b,上个星期一,0.857
5476,Page edge:,zh,Chinese,qwen2.5-coder:7b,页面边缘：,0.715
5477,Satisfy:,zh,Chinese,qwen2.5-coder:7b,满足:,0.657
5478,Lighting,zh,Chinese,qwen2.5-coder:7b,照明,0.533
5479,Draft Quality,zh,Chinese,qwen2.5-coder:7b,草稿质量,0.704
5480,Similarity:,zh,Chinese,qwen2.5-coder:7b,相似度：,0.71
5481,Fleet Overview,zh,Chinese,qwen2.5-coder:7b,舰队概览,0.762
5482,Mike's Printing Style,zh,Chinese,qwen2.5-coder:7b,迈克的打印风格,0.978
5483,The Earth,zh,Chinese,qwen2.5-coder:7b,地球,0.542
5484,Identity name:,zh,Chinese,qwen2.5-coder:7b,身份名称：,0.706
5485,Does not contain,zh,Chinese,qwen2.5-coder:7b,不包含,0.676
5486,Session time,zh,Chinese,qwen2.5-coder:7b,会话时间,0.715
5487,Deviation:,zh,Chinese,qwen2.5-coder:7b,偏差:,0.606
5488,Match,zh,Chinese,qwen2.5-coder:7b,匹配,0.486
5489,Start date,zh,Chinese,qwen2.5-coder:7b,开始日期,0.607
5490,View Accounts,zh,Chinese,qwen2.5-coder:7b,查看账户,0.605
5491,Old,zh,Chinese,qwen2.5-coder:7b,老,0.484
5492,Ukrainian,zh,Chinese,qwen2.5-coder:7b,乌克兰语,0.683
5493,Special filter rules:,zh,Chinese,qwen2.5-coder:7b,特殊过滤规则：,0.894
5494,54 Points,zh,Chinese,qwen2.5-coder:7b,54 分,0.801
5495,is between,zh,Chinese,qwen2.5-coder:7b,在...之间,0.75
5496,Surface,zh,Chinese,qwen2.5-coder:7b,表面,0.496
5497,Reference Point:,zh,Chinese,qwen2.5-coder:7b,参考点：,0.702
5498,Favorite Icons,zh,Chinese,qwen2.5-coder:7b,收藏图标,0.639
5499,turnright,zh,Chinese,qwen2.5-coder:7b,右转,0.622
5500,OpenPGP encryption key:,zh,Chinese,qwen2.5-coder:7b,OpenPGP 加密密钥：,1.345
5501,Device manager,zh,Chinese,qwen2.5-coder:7b,设备管理器,0.767
5502,Screenshot,zh,Chinese,qwen2.5-coder:7b,截图,0.496
5503,Image Options,zh,Chinese,qwen2.5-coder:7b,图片选项,0.621
5504,Running Time,zh,Chinese,qwen2.5-coder:7b,运行时间,0.605
5505,BarGraph,zh,Chinese,qwen2.5-coder:7b,条形图,0.719
5506,Month,zh,Chinese,qwen2.5-coder:7b,月份,0.496
5507,Collaboration Diagram,zh,Chinese,qwen2.5-coder:7b,协作图,0.727
5508,Application Name,zh,Chinese,qwen2.5-coder:7b,应用程序名称,0.632
5509,Cache Policy,zh,Chinese,qwen2.5-coder:7b,缓存策略,0.747
5510,Logfile:,zh,Chinese,qwen2.5-coder:7b,日志文件：,0.836
5511,Server port to use,zh,Chinese,qwen2.5-coder:7b,服务器端口,0.794
5512,"Update, Conflict",zh,Chinese,qwen2.5-coder:7b,更新，冲突,0.754
5513,& From,zh,Chinese,qwen2.5-coder:7b,& 来自,0.809
5514,verb name,zh,Chinese,qwen2.5-coder:7b,动词名称,0.788
5515,Acceleration,zh,Chinese,qwen2.5-coder:7b,加速度,0.637
5516,Thank you goes to:,zh,Chinese,qwen2.5-coder:7b,感谢：,0.893
5517,Task Manager,zh,Chinese,qwen2.5-coder:7b,任务管理器,0.712
5518,ColourCorrection,zh,Chinese,qwen2.5-coder:7b,颜色校正,0.716
5519,Sort direction:,zh,Chinese,qwen2.5-coder:7b,排序方向：,0.737
5520,Accounting,zh,Chinese,qwen2.5-coder:7b,会计,0.551
5521,Pitch,zh,Chinese,qwen2.5-coder:7b,音调,0.594
5522,Device Selection,zh,Chinese,qwen2.5-coder:7b,设备选择,0.605
5523,SMB Device,zh,Chinese,qwen2.5-coder:7b,SMB设备,0.749
5524,Configuration file:,zh,Chinese,qwen2.5-coder:7b,配置文件：,0.746
5525,Tiles,zh,Chinese,qwen2.5-coder:7b,瓦片,0.615
5526,%1 Address Book,zh,Chinese,qwen2.5-coder:7b,%1 地址簿,1.21
5527,& No-click activation,zh,Chinese,qwen2.5-coder:7b,& 无点击激活,1.043
5528,Attachments,zh,Chinese,qwen2.5-coder:7b,附件,0.524
5529,Maximum rate of death,zh,Chinese,qwen2.5-coder:7b,最高死亡率,0.793
5530,Overview,zh,Chinese,qwen2.5-coder:7b,概览,0.602
5531,showPoints,zh,Chinese,qwen2.5-coder:7b,显示点数,0.696
5532,Amazon (France),zh,Chinese,qwen2.5-coder:7b,亚马逊（法国）,0.846
5533,Count,zh,Chinese,qwen2.5-coder:7b,计数,0.581
5534,Packaging Bug,zh,Chinese,qwen2.5-coder:7b,包装错误,0.737
5535,Dispatched,zh,Chinese,qwen2.5-coder:7b,已派发,0.744
5536,Play using:,zh,Chinese,qwen2.5-coder:7b,使用播放:,0.823
5537,& User Certificate:,zh,Chinese,qwen2.5-coder:7b,用户证书:,0.786
5538,Clone Copy,zh,Chinese,qwen2.5-coder:7b,克隆副本,0.794
5539,Section Editor,zh,Chinese,qwen2.5-coder:7b,节编辑器,0.75
5540,Bar fall-rate:,zh,Chinese,qwen2.5-coder:7b,酒吧下降率:,0.973
5541,Irish (Ireland),zh,Chinese,qwen2.5-coder:7b,爱尔兰语 (爱尔兰),1.057
5542,DOS file times,zh,Chinese,qwen2.5-coder:7b,DOS 文件时间,0.972
5543,Saturation Weights,zh,Chinese,qwen2.5-coder:7b,饱和权重,0.698
5544,& Single Player,zh,Chinese,qwen2.5-coder:7b,单人游戏,0.755
5545,last. fm Profile,zh,Chinese,qwen2.5-coder:7b,last. fm个人资料,1.03
5546,Editing Options,zh,Chinese,qwen2.5-coder:7b,编辑选项,0.604
5547,Paragraph,zh,Chinese,qwen2.5-coder:7b,段落,0.575
5548,Aborted,zh,Chinese,qwen2.5-coder:7b,中止,0.644
5549,Color Schemes,zh,Chinese,qwen2.5-coder:7b,颜色方案,0.737
5550,Daily,zh,Chinese,qwen2.5-coder:7b,每日,0.499
5551,Comic Strips,zh,Chinese,qwen2.5-coder:7b,漫画,0.559
5552,Tool,zh,Chinese,qwen2.5-coder:7b,工具,0.477
5553,Style Manager,zh,Chinese,qwen2.5-coder:7b,样式管理器,0.694
5554,Salvage,zh,Chinese,qwen2.5-coder:7b,抢救,0.544
5555,of Iyar,zh,Chinese,qwen2.5-coder:7b,犹太历五月,0.835
5556,KDE Time tracker tool,zh,Chinese,qwen2.5-coder:7b,KDE 时间跟踪工具,1.082
5557,ipsec-tools (racoon),zh,Chinese,qwen2.5-coder:7b,ipsec-tools (racoon),1.279
5558,Medium Dark,zh,Chinese,qwen2.5-coder:7b,中等深色,0.861
5559,topic protection,zh,Chinese,qwen2.5-coder:7b,话题保护,0.639
5560,Skipped %1.,zh,Chinese,qwen2.5-coder:7b,跳过 %1。,1.03
5561,Low Color (8 Bit),zh,Chinese,qwen2.5-coder:7b,低色度（8位）,1.304
5562,& kde; User's Manual,zh,Chinese,qwen2.5-coder:7b,& kde; 用户手册,1.254
5563,Classified,zh,Chinese,qwen2.5-coder:7b,机密,0.652
5564,Stroke Properties,zh,Chinese,qwen2.5-coder:7b,笔画属性,0.708
5565,Set Point 1,zh,Chinese,qwen2.5-coder:7b,设定点1,0.778
5566,Ice Pellets,zh,Chinese,qwen2.5-coder:7b,冰雹,0.637
5567,Capture/ Uncapture %1,zh,Chinese,qwen2.5-coder:7b,捕获/取消捕获 %1,1.42
5568,No Border,zh,Chinese,qwen2.5-coder:7b,无边无际,0.841
5569,& City:,zh,Chinese,qwen2.5-coder:7b,城市:,0.614
5570,Icon Finder,zh,Chinese,qwen2.5-coder:7b,图标查找器,0.738
5571,Picture Shape,zh,Chinese,qwen2.5-coder:7b,图片形状,0.606
5572,Print Index,zh,Chinese,qwen2.5-coder:7b,打印索引,0.722
5573,Core Speed (MHz),zh,Chinese,qwen2.5-coder:7b,核心速度 (MHz),0.992
5574,Not Tagged,zh,Chinese,qwen2.5-coder:7b,未标记,0.693
5575,Width (pixels):,zh,Chinese,qwen2.5-coder:7b,宽度（像素）：,1.025
5576,Transformation Mask Settings,zh,Chinese,qwen2.5-coder:7b,变换蒙版设置,0.865
5577,Lithuania,zh,Chinese,qwen2.5-coder:7b,立陶宛,0.797
5578,Layout,zh,Chinese,qwen2.5-coder:7b,布局,0.529
5579,Adjust,zh,Chinese,qwen2.5-coder:7b,调整,0.539
5580,HTTP Request:,zh,Chinese,qwen2.5-coder:7b,HTTP 请求：,0.699
5581,No Source,zh,Chinese,qwen2.5-coder:7b,无源,0.655
5582,Networktransparency via KIO.,zh,Chinese,qwen2.5-coder:7b,通过 KIO 实现网络透明度。,1.733
5583,User 2 (USR2),zh,Chinese,qwen2.5-coder:7b,用户2 (USR2),1.162
5584,b{w} Alignment,zh,Chinese,qwen2.5-coder:7b,b{w} 对齐方式,1.181
5585,Cut-off radius:,zh,Chinese,qwen2.5-coder:7b,截止半径：,0.875
5586,Toolbar folder:,zh,Chinese,qwen2.5-coder:7b,工具栏文件夹：,0.964
5587,Twice yearly,zh,Chinese,qwen2.5-coder:7b,每年两次,0.678
5588,1 Year,zh,Chinese,qwen2.5-coder:7b,1年,0.63
5589,Focal length (mm):,zh,Chinese,qwen2.5-coder:7b,焦距 (mm):,1.082
5590,attachment. %1,zh,Chinese,qwen2.5-coder:7b,附件. %1,0.929
5591,3D Graphs,zh,Chinese,qwen2.5-coder:7b,三维图形,0.734
5592,Activities,zh,Chinese,qwen2.5-coder:7b,活动,0.525
5593,Zoom Function,zh,Chinese,qwen2.5-coder:7b,缩放功能,0.752
5594,Fixed,zh,Chinese,qwen2.5-coder:7b,已修复,0.61
5595,Freezing,zh,Chinese,qwen2.5-coder:7b,冻结,0.537
5596,Top left:,zh,Chinese,qwen2.5-coder:7b,左上角：,0.798
5597,Overclocking,zh,Chinese,qwen2.5-coder:7b,超频,0.653
5598,Printing Mode,zh,Chinese,qwen2.5-coder:7b,打印模式,0.636
5599,June Solstice,zh,Chinese,qwen2.5-coder:7b,六月夏至,0.838
5600,Detailed,zh,Chinese,qwen2.5-coder:7b,详细,0.487
5601,SoftBodySpring,zh,Chinese,qwen2.5-coder:7b,软体弹簧,0.742
5602,& kmid; is a midi/ karaoke multimedia player,zh,Chinese,qwen2.5-coder:7b,& kmid; 是一个 MIDI/卡拉OK 多媒体播放器,2.329
5603,Engine name:,zh,Chinese,qwen2.5-coder:7b,引擎名称：,0.795
5604,Tenses,zh,Chinese,qwen2.5-coder:7b,时态,0.65
5605,Video Size:,zh,Chinese,qwen2.5-coder:7b,视频大小：,0.744
5606,Metalink download,zh,Chinese,qwen2.5-coder:7b,金属链接下载,0.772
5607,Preferred Scale,zh,Chinese,qwen2.5-coder:7b,首选比例,0.652
5608,ASCII extensions,zh,Chinese,qwen2.5-coder:7b,ASCII 扩展,0.812
5609,Created: %1,zh,Chinese,qwen2.5-coder:7b,创建于: %1,1.002
5610,& Share,zh,Chinese,qwen2.5-coder:7b,& 分享,0.78
5611,Hungarian (hu),zh,Chinese,qwen2.5-coder:7b,匈牙利语 (hu),1.258
5612,Action,zh,Chinese,qwen2.5-coder:7b,操作,0.507
5613,Printer warning,zh,Chinese,qwen2.5-coder:7b,打印机警告,0.655
5614,& Read access,zh,Chinese,qwen2.5-coder:7b,&读取权限,0.883
5615,Output & file:,zh,Chinese,qwen2.5-coder:7b,输出 & 文件：,0.886
5616,Fine-Structure Constant,zh,Chinese,qwen2.5-coder:7b,精细结构常数,0.931
5617,Link Quality,zh,Chinese,qwen2.5-coder:7b,链路质量,0.716
5618,Setswana Tswana (South Africa),zh,Chinese,qwen2.5-coder:7b,塞茨瓦纳语（南非）,1.376
5619,Angular velocity,zh,Chinese,qwen2.5-coder:7b,角速度,0.64
5620,Characters,zh,Chinese,qwen2.5-coder:7b,字符,0.508
5621,Color Picker,zh,Chinese,qwen2.5-coder:7b,颜色选择器,0.782
5622,RPC: Modern operating systems,zh,Chinese,qwen2.5-coder:7b,RPC：现代操作系统,0.995
5623,Printer driver,zh,Chinese,qwen2.5-coder:7b,打印机驱动程序,0.764
5624,contains / does not contain,zh,Chinese,qwen2.5-coder:7b,包含 / 不包含,0.952
5625,Previews:,zh,Chinese,qwen2.5-coder:7b,预览：,0.753
5626,Creation Time,zh,Chinese,qwen2.5-coder:7b,创建时间,0.662
5627,Drangajökull Glacier,zh,Chinese,qwen2.5-coder:7b,达纳加约克冰川,1.274
5628,Particles,zh,Chinese,qwen2.5-coder:7b,粒子,0.557
5629,User 1 (USR1),zh,Chinese,qwen2.5-coder:7b,用户1 (USR1),1.208
5630,Step size,zh,Chinese,qwen2.5-coder:7b,步长,0.652
5631,State Transition,zh,Chinese,qwen2.5-coder:7b,状态转换,0.621
5632,& Sample rate,zh,Chinese,qwen2.5-coder:7b,&采样率,0.842
5633,Spanish (Ecuador),zh,Chinese,qwen2.5-coder:7b,西班牙语（厄瓜多尔）,1.328
5634,Critical,zh,Chinese,qwen2.5-coder:7b,严重,0.506
5635,Uses,zh,Chinese,qwen2.5-coder:7b,使用,0.496
5636,& Yearly,zh,Chinese,qwen2.5-coder:7b,& 年度,0.847
5637,Deleting %1.,zh,Chinese,qwen2.5-coder:7b,删除 %1。,0.918
5638,White space handling,zh,Chinese,qwen2.5-coder:7b,空白处理,0.671
5639,(None),zh,Chinese,qwen2.5-coder:7b,(无),0.739
5640,Camera Views,zh,Chinese,qwen2.5-coder:7b,相机视图,0.767
5641,Articles,zh,Chinese,qwen2.5-coder:7b,文章,0.517
5642,& Weather,zh,Chinese,qwen2.5-coder:7b,天气 &,0.624
5643,User Actions,zh,Chinese,qwen2.5-coder:7b,用户操作,0.647
5644,Character Encodings,zh,Chinese,qwen2.5-coder:7b,字符编码,0.643
5645,Directory %1 does not exist.,zh,Chinese,qwen2.5-coder:7b,目录 %1 不存在。,1.126
5646,Balance Sheet,zh,Chinese,qwen2.5-coder:7b,资产负债表,0.63
5647,of Tishrey,zh,Chinese,qwen2.5-coder:7b,犹太历10月,1.117
5648,Zoom to Fit,zh,Chinese,qwen2.5-coder:7b,缩放以适应,0.899
5649,contains,zh,Chinese,qwen2.5-coder:7b,包含,0.494
5650,xsldbg Output,zh,Chinese,qwen2.5-coder:7b,xsldbg 输出,0.885
5651,Operation signature,zh,Chinese,qwen2.5-coder:7b,操作签名,0.619
5652,Destination Preview,zh,Chinese,qwen2.5-coder:7b,目的地预览,0.702
5653,Underlined,zh,Chinese,qwen2.5-coder:7b,下划线,0.72
5654,Reply,zh,Chinese,qwen2.5-coder:7b,回复,0.536
5655,Target & file:,zh,Chinese,qwen2.5-coder:7b,目标文件：,0.777
5656,Background color:,zh,Chinese,qwen2.5-coder:7b,背景颜色：,0.708
5657,& Close Tab,zh,Chinese,qwen2.5-coder:7b,关闭标签页,0.749
5658,Arcade bombing game,zh,Chinese,qwen2.5-coder:7b,街机轰炸游戏,0.903
5659,total:,zh,Chinese,qwen2.5-coder:7b,总数：,0.605
5660,Call Stack,zh,Chinese,qwen2.5-coder:7b,调用堆栈,0.825
5661,Print Preview...,zh,Chinese,qwen2.5-coder:7b,打印预览...,0.845
5662,Velocity Y:,zh,Chinese,qwen2.5-coder:7b,Y速度:,0.842
5663,Up:,zh,Chinese,qwen2.5-coder:7b,上传:,0.681
5664,Screen Capture Program,zh,Chinese,qwen2.5-coder:7b,屏幕截图程序,0.771
5665,"Template related: templates, where, frame",zh,Chinese,qwen2.5-coder:7b,模板相关：模板，位置，框架,1.439
5666,Slide Tabs,zh,Chinese,qwen2.5-coder:7b,滑动标签页,0.882
5667,Players' Colors,zh,Chinese,qwen2.5-coder:7b,玩家颜色,0.663
5668,Feather:,zh,Chinese,qwen2.5-coder:7b,羽毛:,0.726
5669,Size Slash,zh,Chinese,qwen2.5-coder:7b,大小斜杠,0.732
5670,Column Detection,zh,Chinese,qwen2.5-coder:7b,列检测,0.61
5671,Delete A,zh,Chinese,qwen2.5-coder:7b,删除A,0.636
5672,Certificate Selection,zh,Chinese,qwen2.5-coder:7b,证书选择,0.619
5673,Javascript Applet,zh,Chinese,qwen2.5-coder:7b,JavaScript 应用程序,0.939
5674,Recorder,zh,Chinese,qwen2.5-coder:7b,录音器,0.575
5675,Pigment List,zh,Chinese,qwen2.5-coder:7b,颜料列表,0.805
5676,Collection & type:,zh,Chinese,qwen2.5-coder:7b,集合 & 类型:,0.935
5677,Night Vision,zh,Chinese,qwen2.5-coder:7b,夜视模式,0.716
5678,Sound file:,zh,Chinese,qwen2.5-coder:7b,声音文件：,0.73
5679,& First Hole,zh,Chinese,qwen2.5-coder:7b,& 第一个洞,0.838
5680,Mountpoint,zh,Chinese,qwen2.5-coder:7b,挂载点,0.751
5681,Announcing,zh,Chinese,qwen2.5-coder:7b,宣布,0.54
5682,Skip %1s Forward,zh,Chinese,qwen2.5-coder:7b,跳过 %1s 后,1.274
5683,& Channel,zh,Chinese,qwen2.5-coder:7b,&频道,0.646
5684,measureRectSize,zh,Chinese,qwen2.5-coder:7b,测量矩形大小,0.923
5685,Network Transmission,zh,Chinese,qwen2.5-coder:7b,网络传输,0.671
5686,Purest green,zh,Chinese,qwen2.5-coder:7b,最纯净的绿色,0.845
5687,Server files:,zh,Chinese,qwen2.5-coder:7b,服务器文件：,0.739
5688,Unimportant,zh,Chinese,qwen2.5-coder:7b,不重要,0.622
5689,Log Output,zh,Chinese,qwen2.5-coder:7b,日志输出,0.709
5690,Size Backslash,zh,Chinese,qwen2.5-coder:7b,大小写切换,0.739
5691,Using & dolphin;,zh,Chinese,qwen2.5-coder:7b,使用 &海豚;,1.009
5692,Create,zh,Chinese,qwen2.5-coder:7b,创建,0.543
5693,RoyalBlue4,zh,Chinese,qwen2.5-coder:7b,皇家蓝4,0.785
5694,String & Macros...,zh,Chinese,qwen2.5-coder:7b,字符串 & 宏...,1.044
5695,Abbreviated,zh,Chinese,qwen2.5-coder:7b,缩写,0.663
5696,Non-photorealistic,zh,Chinese,qwen2.5-coder:7b,非写实的,0.924
5697,Cursor & & Selection,zh,Chinese,qwen2.5-coder:7b,光标 & & 选择,1.065
5698,As on & Monitor,zh,Chinese,qwen2.5-coder:7b,如上所述,0.837
5699,KDE DocBook Lists,zh,Chinese,qwen2.5-coder:7b,KDE 文档列表,1.008
5700,Monitoring I/ O for %1 (%2),zh,Chinese,qwen2.5-coder:7b,监控 I/O for %1 (%2),1.559
5701,Head Case,zh,Chinese,qwen2.5-coder:7b,首字母大写,0.786
5702,& Timestamp:,zh,Chinese,qwen2.5-coder:7b,& 时间戳:,0.839
5703,DVD chapters pattern,zh,Chinese,qwen2.5-coder:7b,DVD章节模式,0.812
5704,Carousel,zh,Chinese,qwen2.5-coder:7b,轮播图,0.707
5705,Bass note,zh,Chinese,qwen2.5-coder:7b,低音,0.665
5706,Scripted HTML,zh,Chinese,qwen2.5-coder:7b,脚本化 HTML,0.889
5707,Options,zh,Chinese,qwen2.5-coder:7b,选项,0.522
5708,Seek,zh,Chinese,qwen2.5-coder:7b,寻找,0.479
5709,GPG encryption activated,zh,Chinese,qwen2.5-coder:7b,GPG 加密已激活,1.063
5710,Red Eye,zh,Chinese,qwen2.5-coder:7b,红眼,0.641
5711,No operation (wml),zh,Chinese,qwen2.5-coder:7b,无操作 (wml),1.149
5712,Hungarian Forint,zh,Chinese,qwen2.5-coder:7b,匈牙利福林特,1.11
5713,Section Author,zh,Chinese,qwen2.5-coder:7b,章节作者,0.651
5714,Certificate ID,zh,Chinese,qwen2.5-coder:7b,证书ID,0.62
5715,DVD Player,zh,Chinese,qwen2.5-coder:7b,DVD 播放器,0.991
5716,Minimum blink dwell time,zh,Chinese,qwen2.5-coder:7b,最小闪烁停留时间,0.919
5717,Column Width,zh,Chinese,qwen2.5-coder:7b,列宽,0.639
5718,Current Layer,zh,Chinese,qwen2.5-coder:7b,当前图层,0.709
5719,of R. Thaani,zh,Chinese,qwen2.5-coder:7b,R. Thaani,1.03
5720,& Run Script...,zh,Chinese,qwen2.5-coder:7b,运行脚本...,0.905
5721,Animation tool,zh,Chinese,qwen2.5-coder:7b,动画工具,0.687
5722,New folder:,zh,Chinese,qwen2.5-coder:7b,新建文件夹：,0.843
5723,Birthday,zh,Chinese,qwen2.5-coder:7b,生日,0.499
5724,"Letter, upper case",zh,Chinese,qwen2.5-coder:7b,字母，大写,1.081
5725,Download Order,zh,Chinese,qwen2.5-coder:7b,下载订单,0.626
5726,Four-color CMYK,zh,Chinese,qwen2.5-coder:7b,四色CMYK,1.027
5727,Managed by:,zh,Chinese,qwen2.5-coder:7b,由:,0.731
5728,Spookiness,zh,Chinese,qwen2.5-coder:7b,恐怖,0.561
5729,& Suffix:,zh,Chinese,qwen2.5-coder:7b,& 后缀:,0.942
5730,Akonadi Configuration,zh,Chinese,qwen2.5-coder:7b,Akonadi 配置,1.098
5731,Connection Name:,zh,Chinese,qwen2.5-coder:7b,连接名称：,0.722
5732,Image Contrast,zh,Chinese,qwen2.5-coder:7b,图像对比度,0.726
5733,French (Monaco),zh,Chinese,qwen2.5-coder:7b,法语 (摩纳哥),1.3
5734,Bosnia And Herzegovina,zh,Chinese,qwen2.5-coder:7b,波斯尼亚和黑塞哥维那,1.52
5735,Intensity Rendering,zh,Chinese,qwen2.5-coder:7b,强度渲染,0.639
5736,Apple QuickDraw Picture,zh,Chinese,qwen2.5-coder:7b,苹果 QuickDraw 图形,1.034
5737,Click to open %1,zh,Chinese,qwen2.5-coder:7b,点击打开 %1,0.971
5738,Entity Attributes Settings,zh,Chinese,qwen2.5-coder:7b,实体属性设置,0.804
5739,Enabled Burnfree,zh,Chinese,qwen2.5-coder:7b,启用无烟燃烧,0.837
5740,Resolved,zh,Chinese,qwen2.5-coder:7b,已解决,0.585
5741,Authentication Method,zh,Chinese,qwen2.5-coder:7b,认证方法,0.634
5742,Signature file:,zh,Chinese,qwen2.5-coder:7b,签名文件：,0.754
5743,turn on,zh,Chinese,qwen2.5-coder:7b,打开,0.53
5744,Sound information,zh,Chinese,qwen2.5-coder:7b,声音信息,0.631
5745,32-bit Words,zh,Chinese,qwen2.5-coder:7b,32位字,0.926
5746,Search with,zh,Chinese,qwen2.5-coder:7b,搜索,0.532
5747,Volume Control Settings,zh,Chinese,qwen2.5-coder:7b,音量控制设置,0.836
5748,Creating Accounts,zh,Chinese,qwen2.5-coder:7b,创建账户,0.651
5749,Color space,zh,Chinese,qwen2.5-coder:7b,颜色空间,0.611
5750,penwidth (pw),zh,Chinese,qwen2.5-coder:7b,画笔宽度 (pw),1.067
5751,Independent document,zh,Chinese,qwen2.5-coder:7b,独立文档,0.691
5752,Keyboard layout:,zh,Chinese,qwen2.5-coder:7b,键盘布局：,0.732
5753,C7 by C6,zh,Chinese,qwen2.5-coder:7b,C7 由 C6,1.104
5754,View forward,zh,Chinese,qwen2.5-coder:7b,向前查看,0.631
5755,& Function:,zh,Chinese,qwen2.5-coder:7b,&功能:,0.704
5756,speed2 gamma,zh,Chinese,qwen2.5-coder:7b,速度2伽玛,0.933
5757,Use as Is,zh,Chinese,qwen2.5-coder:7b,如是使用,0.776
5758,Download Toolbar,zh,Chinese,qwen2.5-coder:7b,下载工具栏,0.763
5759,"SystemID ""%1"" maps to: ""%2""",zh,Chinese,qwen2.5-coder:7b,"系统ID ""%1"" 映射到: ""%2",2.206
5760,Rename Unit,zh,Chinese,qwen2.5-coder:7b,重命名单位,0.759
5761,Signature File,zh,Chinese,qwen2.5-coder:7b,签名文件,0.661
5762,The Mask,zh,Chinese,qwen2.5-coder:7b,面具,0.555
5763,Thrust,zh,Chinese,qwen2.5-coder:7b,推力,0.674
5764,Gold/ Treasure,zh,Chinese,qwen2.5-coder:7b,黄金/宝藏,0.804
5765,World,zh,Chinese,qwen2.5-coder:7b,世界,0.499
5766,Male Child,zh,Chinese,qwen2.5-coder:7b,男童,0.626
5767,Netmasks:,zh,Chinese,qwen2.5-coder:7b,网络掩码：,0.91
5768,ST-30 Bulk Stacker,zh,Chinese,qwen2.5-coder:7b,ST-30 批量堆叠机,1.692
5769,Attachment,zh,Chinese,qwen2.5-coder:7b,附件,0.514
5770,newsreader,zh,Chinese,qwen2.5-coder:7b,新闻阅读器,0.741
5771,Zoom to & 200%,zh,Chinese,qwen2.5-coder:7b,缩放到 & 200%,1.369
5772,CD Player,zh,Chinese,qwen2.5-coder:7b,CD播放器,0.749
5773,& Finish,zh,Chinese,qwen2.5-coder:7b,& 完成,0.827
5774,Egyptian,zh,Chinese,qwen2.5-coder:7b,埃及,0.609
5775,Gravitation constant,zh,Chinese,qwen2.5-coder:7b,重力常数,0.917
5776,Rules of the Game,zh,Chinese,qwen2.5-coder:7b,游戏规则,0.698
5777,Convolution Filters,zh,Chinese,qwen2.5-coder:7b,卷积滤镜,0.837
5778,Payee%1,zh,Chinese,qwen2.5-coder:7b,收款人%1,0.892
5779,Ð (#208;) Capital eth,zh,Chinese,qwen2.5-coder:7b,德 (#208;) 大写埃西克托,1.887
5780,overdue,zh,Chinese,qwen2.5-coder:7b,逾期,0.604
5781,Car Phone,zh,Chinese,qwen2.5-coder:7b,汽车电话,0.614
5782,Supports Burnfree:,zh,Chinese,qwen2.5-coder:7b,支持 Burnfree:,0.865
5783,Plugin Configuration,zh,Chinese,qwen2.5-coder:7b,插件配置,0.697
5784,Farm,zh,Chinese,qwen2.5-coder:7b,农场,0.484
5785,& Protected,zh,Chinese,qwen2.5-coder:7b,& 受保护的,0.939
5786,Vert. Policy,zh,Chinese,qwen2.5-coder:7b,垂直政策,0.68
5787,Character set:,zh,Chinese,qwen2.5-coder:7b,字符集：,0.736
5788,Project Toolbar,zh,Chinese,qwen2.5-coder:7b,项目工具栏,0.708
5789,Print.,zh,Chinese,qwen2.5-coder:7b,打印。,0.585
5790,Settings Champion Speed,zh,Chinese,qwen2.5-coder:7b,设置冠军速度,0.759
5791,& Shape Layer,zh,Chinese,qwen2.5-coder:7b,& 形状图层,1.069
5792,Job priority:,zh,Chinese,qwen2.5-coder:7b,工作优先级：,0.912
5793,& Multiplication,zh,Chinese,qwen2.5-coder:7b,& 乘法,0.887
5794,& Network:,zh,Chinese,qwen2.5-coder:7b,&网络:,0.735
5795,Glossy,zh,Chinese,qwen2.5-coder:7b,光亮,0.697
5796,Prefetchable,zh,Chinese,qwen2.5-coder:7b,可预取的,0.877
5797,Particle,zh,Chinese,qwen2.5-coder:7b,粒子,0.51
5798,Using & kjots;,zh,Chinese,qwen2.5-coder:7b,使用 & kjots;,0.977
5799,On Click,zh,Chinese,qwen2.5-coder:7b,点击时,0.623
5800,& Order,zh,Chinese,qwen2.5-coder:7b,& 订单,0.709
5801,Add object:,zh,Chinese,qwen2.5-coder:7b,添加对象：,0.806
5802,Run Tests...,zh,Chinese,qwen2.5-coder:7b,运行测试...,0.741
5803,Description,zh,Chinese,qwen2.5-coder:7b,描述,0.514
5804,The type of data,zh,Chinese,qwen2.5-coder:7b,数据类型,0.709
5805,new_category,zh,Chinese,qwen2.5-coder:7b,新分类,0.63
5806,Pitch (in Hz),zh,Chinese,qwen2.5-coder:7b,音调（Hz）,0.952
5807,Delete Index,zh,Chinese,qwen2.5-coder:7b,删除索引,0.709
5808,Translation Memories,zh,Chinese,qwen2.5-coder:7b,翻译记忆库,0.695
5809,Estonian kroon,zh,Chinese,qwen2.5-coder:7b,爱沙尼亚克朗,1.036
5810,Great,zh,Chinese,qwen2.5-coder:7b,棒极了,0.776
5811,3D Shadow & Effects,zh,Chinese,qwen2.5-coder:7b,3D阴影与效果,1.1
5812,Artwork,zh,Chinese,qwen2.5-coder:7b,艺术品,0.538
5813,French (Canada),zh,Chinese,qwen2.5-coder:7b,法语（加拿大）,1.015
5814,& Movement,zh,Chinese,qwen2.5-coder:7b,& 移动,0.912
5815,Comparison Training,zh,Chinese,qwen2.5-coder:7b,比较训练,0.774
5816,Window Actions,zh,Chinese,qwen2.5-coder:7b,窗口操作,0.749
5817,& Outgoing,zh,Chinese,qwen2.5-coder:7b,& 出站,1.01
5818,Creation time,zh,Chinese,qwen2.5-coder:7b,创建时间,0.665
5819,& Remember,zh,Chinese,qwen2.5-coder:7b,&记住,0.641
5820,Shear factor,zh,Chinese,qwen2.5-coder:7b,剪切因子,0.787
5821,Default Working Folder,zh,Chinese,qwen2.5-coder:7b,默认工作文件夹,0.883
5822,Corrupt file?,zh,Chinese,qwen2.5-coder:7b,损坏的文件？,0.911
5823,Do Not Load,zh,Chinese,qwen2.5-coder:7b,“不要加载”,0.901
5824,Ice Crystals,zh,Chinese,qwen2.5-coder:7b,冰晶,0.671
5825,Location,zh,Chinese,qwen2.5-coder:7b,位置,0.492
5826,Half,zh,Chinese,qwen2.5-coder:7b,半,0.525
5827,Approximate,zh,Chinese,qwen2.5-coder:7b,近似,0.627
5828,Cell Background,zh,Chinese,qwen2.5-coder:7b,单元格背景,0.743
5829,Radical Selector,zh,Chinese,qwen2.5-coder:7b,激进选择器,0.84
5830,Diagram Appearance,zh,Chinese,qwen2.5-coder:7b,图表外观,0.625
5831,Zoom in (x 12),zh,Chinese,qwen2.5-coder:7b,放大 (x 12),1.285
5832,Puzzle pieces,zh,Chinese,qwen2.5-coder:7b,拼图块,0.786
5833,& Version:,zh,Chinese,qwen2.5-coder:7b,& 版本:,0.929
5834,Code Improvements,zh,Chinese,qwen2.5-coder:7b,代码改进,0.691
5835,3D & Graph,zh,Chinese,qwen2.5-coder:7b,3D & 图形,0.982
5836,Bookmarks,zh,Chinese,qwen2.5-coder:7b,书签,0.644
5837,Rotation Y:,zh,Chinese,qwen2.5-coder:7b,旋转 Y:,0.742
5838,Run Options,zh,Chinese,qwen2.5-coder:7b,运行选项,0.605
5839,Wave speed,zh,Chinese,qwen2.5-coder:7b,波速,0.615
5840,Tools Spelling...,zh,Chinese,qwen2.5-coder:7b,工具 拼写...,1.11
5841,Logging Out,zh,Chinese,qwen2.5-coder:7b,退出登录,0.678
5842,Crosshairs,zh,Chinese,qwen2.5-coder:7b,瞄准镜,0.656
5843,Appearence,zh,Chinese,qwen2.5-coder:7b,外观,0.512
5844,Advanced Settings:,zh,Chinese,qwen2.5-coder:7b,高级设置：,0.703
5845,& Level,zh,Chinese,qwen2.5-coder:7b,& 级别,0.901
5846,SMS Memory Slots,zh,Chinese,qwen2.5-coder:7b,短信存储插槽,0.942
5847,SS C Style,zh,Chinese,qwen2.5-coder:7b,C风格,0.642
5848,Go Forward,zh,Chinese,qwen2.5-coder:7b,前进,0.517
5849,usage,zh,Chinese,qwen2.5-coder:7b,用法,0.614
5850,Data scale,zh,Chinese,qwen2.5-coder:7b,数据规模,0.611
5851,***current***,zh,Chinese,qwen2.5-coder:7b,当前,0.543
5852,Run in Konsole,zh,Chinese,qwen2.5-coder:7b,在终端运行,0.851
5853,Function & 8:,zh,Chinese,qwen2.5-coder:7b,功能 & 8:,1.022
5854,Bitwise OR,zh,Chinese,qwen2.5-coder:7b,按位或,0.832
5855,& Server List...,zh,Chinese,qwen2.5-coder:7b,服务器列表...,0.821
5856,The Validators,zh,Chinese,qwen2.5-coder:7b,验证器,0.653
5857,Partition Manager,zh,Chinese,qwen2.5-coder:7b,分区管理器,0.735
5858,Company,zh,Chinese,qwen2.5-coder:7b,公司,0.502
5859,BookMan II,zh,Chinese,qwen2.5-coder:7b,书虫II,0.785
5860,Photo Management Program,zh,Chinese,qwen2.5-coder:7b,照片管理程序,0.773
5861,CUPS Configuration Error,zh,Chinese,qwen2.5-coder:7b,CUPS配置错误,0.907
5862,Constellation lines,zh,Chinese,qwen2.5-coder:7b,星座线,0.698
5863,System Administration,zh,Chinese,qwen2.5-coder:7b,系统管理,0.631
5864,& Actions,zh,Chinese,qwen2.5-coder:7b,&操作,0.608
5865,Title Change,zh,Chinese,qwen2.5-coder:7b,标题更改,0.648
5866,prices,zh,Chinese,qwen2.5-coder:7b,价格,0.479
5867,US Letter (Small),zh,Chinese,qwen2.5-coder:7b,美国信纸（小）,1.104
5868,Shape definition,zh,Chinese,qwen2.5-coder:7b,形状定义,0.696
5869,Sequence number,zh,Chinese,qwen2.5-coder:7b,序列号,0.704
5870,Color Settings,zh,Chinese,qwen2.5-coder:7b,颜色设置,0.644
5871,"Copyright 2000-2007, KDE developers",zh,Chinese,qwen2.5-coder:7b,2000-2007年，KDE 开发者版权,2.4
5872,Ireland,zh,Chinese,qwen2.5-coder:7b,爱尔兰,0.47
5873,& View,zh,Chinese,qwen2.5-coder:7b,& 查看,0.797
5874,Share with & NFS (Linux/ UNIX),zh,Chinese,qwen2.5-coder:7b,与 & NFS (Linux/ UNIX) 分享,1.692
5875,delete( %1),zh,Chinese,qwen2.5-coder:7b,删除( %1),1.029
5876,Availability,zh,Chinese,qwen2.5-coder:7b,可用性,0.583
5877,& Previous tab,zh,Chinese,qwen2.5-coder:7b,上一个标签页,0.863
5878,& Find:,zh,Chinese,qwen2.5-coder:7b,&查找:,0.727
5879,Edit EXIF...,zh,Chinese,qwen2.5-coder:7b,编辑 EXIF...,0.916
5880,Image info,zh,Chinese,qwen2.5-coder:7b,图片信息,0.612
5881,Physics,zh,Chinese,qwen2.5-coder:7b,物理学,0.48
5882,Sound support,zh,Chinese,qwen2.5-coder:7b,音频支持,0.629
5883,scriptsize: very small.,zh,Chinese,qwen2.5-coder:7b,脚本大小：非常小。,1.238
5884,Fine Tuning,zh,Chinese,qwen2.5-coder:7b,微调,0.698
5885,Balance of %1,zh,Chinese,qwen2.5-coder:7b,%1 的余额,1.015
5886,Font Size,zh,Chinese,qwen2.5-coder:7b,字体大小,0.62
5887,Highscores,zh,Chinese,qwen2.5-coder:7b,高分榜,0.711
5888,Screen Match,zh,Chinese,qwen2.5-coder:7b,屏幕匹配,0.674
5889,Astrophysics,zh,Chinese,qwen2.5-coder:7b,天文学,0.682
5890,What's & Next,zh,Chinese,qwen2.5-coder:7b,下一步是什么？,0.813
5891,DVD subtitle pattern,zh,Chinese,qwen2.5-coder:7b,DVD字幕模式,0.891
5892,New Name:,zh,Chinese,qwen2.5-coder:7b,新名称：,0.779
5893,& End:,zh,Chinese,qwen2.5-coder:7b,& 结束:,0.873
5894,Directory's name:,zh,Chinese,qwen2.5-coder:7b,目录名称：,0.831
5895,Population:,zh,Chinese,qwen2.5-coder:7b,人口：,0.621
5896,Move X:,zh,Chinese,qwen2.5-coder:7b,移动 X:,0.711
5897,Speed limit,zh,Chinese,qwen2.5-coder:7b,速度限制,0.614
5898,Audio Editor,zh,Chinese,qwen2.5-coder:7b,音频编辑器,0.716
5899,Game Settings,zh,Chinese,qwen2.5-coder:7b,游戏设置,0.668
5900,Y length,zh,Chinese,qwen2.5-coder:7b,Y 长度,0.973
5901,Document Switcher,zh,Chinese,qwen2.5-coder:7b,文档切换器,0.788
5902,Truchet lines,zh,Chinese,qwen2.5-coder:7b,特鲁谢线,0.891
5903,Alternative name,zh,Chinese,qwen2.5-coder:7b,替代名称,0.618
5904,Negative,zh,Chinese,qwen2.5-coder:7b,负面,0.492
5905,XSkat German,zh,Chinese,qwen2.5-coder:7b,XSkat 德国,1.073
5906,& Right directory:,zh,Chinese,qwen2.5-coder:7b,& 右目录:,0.971
5907,Group shadow file,zh,Chinese,qwen2.5-coder:7b,组影子文件,0.957
5908,density list,zh,Chinese,qwen2.5-coder:7b,密度列表,0.645
5909,Add Tags,zh,Chinese,qwen2.5-coder:7b,添加标签,0.634
5910,Shear Y:,zh,Chinese,qwen2.5-coder:7b,剪切 Y:,0.873
5911,2D/ 3D movement:,zh,Chinese,qwen2.5-coder:7b,2D/ 3D 移动：,1.612
5912,ReplacePrevious,zh,Chinese,qwen2.5-coder:7b,替换前一个,0.754
5913,Python wallpaper,zh,Chinese,qwen2.5-coder:7b,Python壁纸,0.68
5914,Authentication settings,zh,Chinese,qwen2.5-coder:7b,认证设置,0.656
5915,Could not understand '%1 ',zh,Chinese,qwen2.5-coder:7b,无法理解“%1”,1.247
5916,Endpoint mode,zh,Chinese,qwen2.5-coder:7b,端点模式,0.763
5917,Rating < =,zh,Chinese,qwen2.5-coder:7b,评分 ≤,0.891
5918,Start in debugger,zh,Chinese,qwen2.5-coder:7b,在调试器中开始,0.998
5919,KDE Disk Format Utility,zh,Chinese,qwen2.5-coder:7b,KDE磁盘格式化工具,1.325
5920,Hardware Collections,zh,Chinese,qwen2.5-coder:7b,硬件集合,0.634
5921,Hotplug Events,zh,Chinese,qwen2.5-coder:7b,热插拔事件,0.864
5922,Guatemalan Quetzal,zh,Chinese,qwen2.5-coder:7b,危地马拉蓝quetzal,1.29
5923,Preferred Number,zh,Chinese,qwen2.5-coder:7b,首选号码,0.664
5924,Recycled,zh,Chinese,qwen2.5-coder:7b,回收的,0.664
5925,Editor,zh,Chinese,qwen2.5-coder:7b,编辑器,0.613
5926,& Layer Name:,zh,Chinese,qwen2.5-coder:7b,&图层名称:,1.001
5927,Lowest,zh,Chinese,qwen2.5-coder:7b,最低的,0.665
5928,Precipitation (December),zh,Chinese,qwen2.5-coder:7b,降水 (十二月),1.097
5929,& Unpack...,zh,Chinese,qwen2.5-coder:7b,&解压...,0.89
5930,Milestone,zh,Chinese,qwen2.5-coder:7b,里程碑,0.571
5931,Output Directory,zh,Chinese,qwen2.5-coder:7b,输出目录,0.637
5932,Quote char:,zh,Chinese,qwen2.5-coder:7b,引号字符：,0.842
5933,Decrease Volume,zh,Chinese,qwen2.5-coder:7b,减少音量,0.746
5934,Signal plotter,zh,Chinese,qwen2.5-coder:7b,信号绘图器,0.889
5935,Quality Settings,zh,Chinese,qwen2.5-coder:7b,质量设置,0.641
5936,Game over.,zh,Chinese,qwen2.5-coder:7b,游戏结束。,0.739
5937,real ID,zh,Chinese,qwen2.5-coder:7b,真实ID,0.632
5938,Juggle,zh,Chinese,qwen2.5-coder:7b,玩弄,0.673
5939,Remember & filters:,zh,Chinese,qwen2.5-coder:7b,记住 & 过滤器：,1.224
5940,Negative Float,zh,Chinese,qwen2.5-coder:7b,负浮点数,0.879
5941,24 Points,zh,Chinese,qwen2.5-coder:7b,24点,0.77
5942,color of the foreground,zh,Chinese,qwen2.5-coder:7b,前景颜色,0.706
5943,Layer Error,zh,Chinese,qwen2.5-coder:7b,图层错误,0.754
5944,Log file,zh,Chinese,qwen2.5-coder:7b,日志文件,0.729
5945,ESRB Rating,zh,Chinese,qwen2.5-coder:7b,ESRB评级,0.756
5946,Holidays:,zh,Chinese,qwen2.5-coder:7b,节假日：,0.66
5947,IP or Hostname,zh,Chinese,qwen2.5-coder:7b,IP 或 主机名,1.043
5948,Comments & file:,zh,Chinese,qwen2.5-coder:7b,评论 & 文件:,0.937
5949,LinearMotor,zh,Chinese,qwen2.5-coder:7b,线性电机,0.761
5950,LightBlue,zh,Chinese,qwen2.5-coder:7b,浅蓝色,0.64
5951,DOS Compatibility,zh,Chinese,qwen2.5-coder:7b,DOS 兼容性,1.081
5952,Enclosure,zh,Chinese,qwen2.5-coder:7b,附件,0.55
5953,Connected,zh,Chinese,qwen2.5-coder:7b,已连接,0.605
5954,Shared,zh,Chinese,qwen2.5-coder:7b,共享,0.499
5955,Lithuanian Litus,zh,Chinese,qwen2.5-coder:7b,立陶宛语,1.006
5956,Parallel Test,zh,Chinese,qwen2.5-coder:7b,并行测试,0.735
5957,Navigation Controls,zh,Chinese,qwen2.5-coder:7b,导航控件,0.708
5958,17th Last,zh,Chinese,qwen2.5-coder:7b,倒数第17个,1.12
5959,Exposure: 1/ %1 s,zh,Chinese,qwen2.5-coder:7b,曝光: 1/ %1 秒,1.615
5960,Introduction to Databases,zh,Chinese,qwen2.5-coder:7b,数据库简介,0.782
5961,Color Correction,zh,Chinese,qwen2.5-coder:7b,颜色校正,0.773
5962,bristle length weight,zh,Chinese,qwen2.5-coder:7b,毛刷长度重量,0.919
5963,& X offset:,zh,Chinese,qwen2.5-coder:7b,& X 偏移量:,1.292
5964,Password Settings,zh,Chinese,qwen2.5-coder:7b,密码设置,0.669
5965,Entity Relationship Model,zh,Chinese,qwen2.5-coder:7b,实体关系模型,0.766
5966,RET (Resolution Enhancement),zh,Chinese,qwen2.5-coder:7b,分辨率增强,0.752
5967,& Priority:,zh,Chinese,qwen2.5-coder:7b,&优先级:,0.857
5968,Connection time,zh,Chinese,qwen2.5-coder:7b,连接时间,0.655
5969,& Slow,zh,Chinese,qwen2.5-coder:7b,& 慢,0.817
5970,Resolution Enhancement (REt),zh,Chinese,qwen2.5-coder:7b,分辨率增强 (REt),1.2
5971,Generic,zh,Chinese,qwen2.5-coder:7b,通用,0.503
5972,On (faster),zh,Chinese,qwen2.5-coder:7b,在（更快）,0.932
5973,Search Playlist,zh,Chinese,qwen2.5-coder:7b,搜索播放列表,0.769
5974,Spanish (Venezuela),zh,Chinese,qwen2.5-coder:7b,西班牙语（委内瑞拉）,1.302
5975,Family Name,zh,Chinese,qwen2.5-coder:7b,姓氏,0.652
5976,Multimedia Player,zh,Chinese,qwen2.5-coder:7b,多媒体播放器,0.806
5977,Print Jobs Settings,zh,Chinese,qwen2.5-coder:7b,打印任务设置,0.824
5978,C (Optional):,zh,Chinese,qwen2.5-coder:7b,C（可选）：,1.1
5979,HOURS(time),zh,Chinese,qwen2.5-coder:7b,小时(time),0.774
5980,Customize,zh,Chinese,qwen2.5-coder:7b,自定义,0.622
5981,Goal Seek,zh,Chinese,qwen2.5-coder:7b,目标求解,0.719
5982,KDE DocBook Standard,zh,Chinese,qwen2.5-coder:7b,KDE 文档标准,1.018
5983,Database created.,zh,Chinese,qwen2.5-coder:7b,数据库已创建。,0.859
5984,stiffness,zh,Chinese,qwen2.5-coder:7b,硬度,0.579
5985,Script Builder,zh,Chinese,qwen2.5-coder:7b,脚本构建器,0.886
5986,Message Structure Viewer,zh,Chinese,qwen2.5-coder:7b,消息结构查看器,0.938
5987,current volume,zh,Chinese,qwen2.5-coder:7b,当前音量,0.783
5988,Change,zh,Chinese,qwen2.5-coder:7b,更改,0.518
5989,Intensity:,zh,Chinese,qwen2.5-coder:7b,强度:,0.605
5990,canvassize (cs),zh,Chinese,qwen2.5-coder:7b,画布大小 (cs),1.259
5991,Memory usage: %1,zh,Chinese,qwen2.5-coder:7b,内存使用情况: %1,1.371
5992,White: nbsp; None,zh,Chinese,qwen2.5-coder:7b,白色: &nbsp; 无,1.336
5993,Storage location,zh,Chinese,qwen2.5-coder:7b,存储位置,0.694
5994,Background Processes,zh,Chinese,qwen2.5-coder:7b,后台进程,0.697
5995,Input velocity:,zh,Chinese,qwen2.5-coder:7b,输入速度：,0.784
5996,Calendar Files,zh,Chinese,qwen2.5-coder:7b,日历文件,0.795
5997,Left:,zh,Chinese,qwen2.5-coder:7b,左:,0.684
5998,Exposure Time,zh,Chinese,qwen2.5-coder:7b,曝光时间,0.748
5999,Remove Download,zh,Chinese,qwen2.5-coder:7b,移除下载,0.761
6000,Main View,zh,Chinese,qwen2.5-coder:7b,主视图,0.761
6001,Selected type: %1,zh,Chinese,qwen2.5-coder:7b,已选类型: %1,1.259
6002,Manager:,zh,Chinese,qwen2.5-coder:7b,经理：,0.638
6003,Night Rock by Tigert,zh,Chinese,qwen2.5-coder:7b,老虎之夜,0.816
6004,Lpq cache time:,zh,Chinese,qwen2.5-coder:7b,缓存时间：,0.938
6005,Sequence-%1,zh,Chinese,qwen2.5-coder:7b,序列-%1,0.796
6006,Sim card,zh,Chinese,qwen2.5-coder:7b,SIM卡,0.65
6007,Do nothing,zh,Chinese,qwen2.5-coder:7b,什么都不做,0.723
6008,Configuration XML file,zh,Chinese,qwen2.5-coder:7b,配置 XML 文件,0.887
6009,& To-do List,zh,Chinese,qwen2.5-coder:7b,待办事项列表,0.957
6010,24-bit color,zh,Chinese,qwen2.5-coder:7b,24位颜色,1.047
6011,Cleared,zh,Chinese,qwen2.5-coder:7b,已清除,0.742
6012,Ball size,zh,Chinese,qwen2.5-coder:7b,球的大小,0.775
6013,class diagram,zh,Chinese,qwen2.5-coder:7b,类图,0.682
6014,User activity:,zh,Chinese,qwen2.5-coder:7b,用户活动：,0.81
6015,& Hostname:,zh,Chinese,qwen2.5-coder:7b,& 主机名:,1.016
6016,Suspend Applet,zh,Chinese,qwen2.5-coder:7b,挂起小部件,0.979
6017,Keep-alive timeout:,zh,Chinese,qwen2.5-coder:7b,保持连接超时：,1.084
6018,built,zh,Chinese,qwen2.5-coder:7b,构建,0.548
6019,Dark red,zh,Chinese,qwen2.5-coder:7b,深红色,0.708
6020,English (Jamaica),zh,Chinese,qwen2.5-coder:7b,英语（牙买加）,1.165
6021,North-Korea,zh,Chinese,qwen2.5-coder:7b,朝鲜,0.604
6022,Minimum width,zh,Chinese,qwen2.5-coder:7b,最小宽度,0.656
6023,Shared:,zh,Chinese,qwen2.5-coder:7b,共享：,0.621
6024,Acoustic,zh,Chinese,qwen2.5-coder:7b,声学,0.734
6025,Has State,zh,Chinese,qwen2.5-coder:7b,有状态,0.656
6026,Map & Quality,zh,Chinese,qwen2.5-coder:7b,地图 & 质量,1.103
6027,New...,zh,Chinese,qwen2.5-coder:7b,新建...,0.643
6028,Run Length Encoding,zh,Chinese,qwen2.5-coder:7b,长度编码,0.702
6029,Bold: and Italic:,zh,Chinese,qwen2.5-coder:7b,粗体: 和斜体:,1.252
6030,Duplex Tumble,zh,Chinese,qwen2.5-coder:7b,双面翻转,0.962
6031,Create Patch...,zh,Chinese,qwen2.5-coder:7b,创建补丁...,0.897
6032,#else without #if,zh,Chinese,qwen2.5-coder:7b,否则没有#if,0.87
6033,Size pattern,zh,Chinese,qwen2.5-coder:7b,尺寸模式,0.693
6034,Windmill,zh,Chinese,qwen2.5-coder:7b,风车,0.703
6035,Cordless TrackMan Wheel,zh,Chinese,qwen2.5-coder:7b,无线TrackMan滚轮,1.155
6036,Album name:,zh,Chinese,qwen2.5-coder:7b,相册名称：,0.948
6037,Top Center,zh,Chinese,qwen2.5-coder:7b,顶部居中,0.817
6038,Save as,zh,Chinese,qwen2.5-coder:7b,另存为,0.739
6039,& Generate Reports...,zh,Chinese,qwen2.5-coder:7b,生成报告...,0.776
6040,South Korean Won,zh,Chinese,qwen2.5-coder:7b,韩国韩元,0.826
6041,localPosition1,zh,Chinese,qwen2.5-coder:7b,本地位置1,0.838
6042,& Parameter activity node,zh,Chinese,qwen2.5-coder:7b,& 参数活动节点,0.92
6043,KDE Text-to-speech Job Manager,zh,Chinese,qwen2.5-coder:7b,KDE 文本转语音作业管理器,1.722
6044,Phone Command,zh,Chinese,qwen2.5-coder:7b,电话命令,0.718
6045,Cisco selection: cisco,zh,Chinese,qwen2.5-coder:7b,Cisco 选择: cisco,1.31
6046,Core Developer,zh,Chinese,qwen2.5-coder:7b,核心开发者,0.708
6047,Indentation Actions,zh,Chinese,qwen2.5-coder:7b,缩进操作,0.845
6048,Creating media.,zh,Chinese,qwen2.5-coder:7b,创建媒体。,0.938
6049,Root directory:,zh,Chinese,qwen2.5-coder:7b,根目录：,0.96
6050,Share ratio:,zh,Chinese,qwen2.5-coder:7b,分享比例：,0.965
6051,%1 by request,zh,Chinese,qwen2.5-coder:7b,根据要求,0.927
6052,Protocol version,zh,Chinese,qwen2.5-coder:7b,协议版本,0.872
6053,Ungroup shapes,zh,Chinese,qwen2.5-coder:7b,取消组合形状,1.185
6054,VPN connection,zh,Chinese,qwen2.5-coder:7b,VPN连接,0.77
6055,Mummy Madness,zh,Chinese,qwen2.5-coder:7b,木乃伊疯狂,0.863
6056,Time Adjust,zh,Chinese,qwen2.5-coder:7b,时间调整,0.718
6057,Shortcut name: sys,zh,Chinese,qwen2.5-coder:7b,快捷方式名称: sys,1.168
6058,& Change the DTEP...,zh,Chinese,qwen2.5-coder:7b,更改 DTEP...,1.132
6059,& Gag List,zh,Chinese,qwen2.5-coder:7b,& 吐槽列表,1.026
6060,Last Slide,zh,Chinese,qwen2.5-coder:7b,最后一页,0.734
6061,Alternative Tool,zh,Chinese,qwen2.5-coder:7b,替代工具,0.65
6062,Proportion:,zh,Chinese,qwen2.5-coder:7b,比例:,0.66
6063,Field of view:,zh,Chinese,qwen2.5-coder:7b,视野：,0.744
6064,Server port,zh,Chinese,qwen2.5-coder:7b,服务器端口,0.757
6065,4th pile,zh,Chinese,qwen2.5-coder:7b,第四堆,0.709
6066,- (%1 without cover),zh,Chinese,qwen2.5-coder:7b,- (%1 没有封面),1.54
6067,direction X,zh,Chinese,qwen2.5-coder:7b,X方向,0.686
6068,Time server:,zh,Chinese,qwen2.5-coder:7b,时间服务器:,0.709
6069,Three-color RGB,zh,Chinese,qwen2.5-coder:7b,三文鱼粉,0.878
6070,& Previous Sentence,zh,Chinese,qwen2.5-coder:7b,&上一句,0.759
6071,mile,zh,Chinese,qwen2.5-coder:7b,英里,0.659
6072,Main:,zh,Chinese,qwen2.5-coder:7b,主:,0.581
6073,BIN2OCT(value),zh,Chinese,qwen2.5-coder:7b,BIN2OCT(值),1.318
6074,Fiscal Year,zh,Chinese,qwen2.5-coder:7b,财政年度,0.66
6075,Body Area,zh,Chinese,qwen2.5-coder:7b,身体部位,0.619
6076,& Reply,zh,Chinese,qwen2.5-coder:7b,&回复,0.616
6077,Language Selection,zh,Chinese,qwen2.5-coder:7b,语言选择,0.715
6078,Configuration Changes,zh,Chinese,qwen2.5-coder:7b,配置更改,0.626
6079,CorrectBlack,zh,Chinese,qwen2.5-coder:7b,黑色正确,0.641
6080,DimGrey,zh,Chinese,qwen2.5-coder:7b,深灰色,0.649
6081,Contributors:,zh,Chinese,qwen2.5-coder:7b,贡献者：,0.737
6082,& Passphrase:,zh,Chinese,qwen2.5-coder:7b,&密码：,0.785
6083,Column Selection,zh,Chinese,qwen2.5-coder:7b,列选择,0.668
6084,Image Type:,zh,Chinese,qwen2.5-coder:7b,图片类型：,0.769
6085,Master IDE Device,zh,Chinese,qwen2.5-coder:7b,主IDE设备,0.77
6086,Name of file,zh,Chinese,qwen2.5-coder:7b,文件名,0.707
6087,Table tool,zh,Chinese,qwen2.5-coder:7b,表格工具,0.641
6088,Utilities,zh,Chinese,qwen2.5-coder:7b,工具,0.497
6089,Scattering,zh,Chinese,qwen2.5-coder:7b,散射,0.629
6090,& Invite,zh,Chinese,qwen2.5-coder:7b,& 邀请,0.924
6091,Command output,zh,Chinese,qwen2.5-coder:7b,命令输出,0.685
6092,None (plain FTP),zh,Chinese,qwen2.5-coder:7b,无（纯FTP）,1.004
6093,Resource Type,zh,Chinese,qwen2.5-coder:7b,资源类型,0.681
6094,Purge,zh,Chinese,qwen2.5-coder:7b,清理,0.536
6095,& Scope selection:,zh,Chinese,qwen2.5-coder:7b,& 范围选择:,1.125
6096,Unknown Network,zh,Chinese,qwen2.5-coder:7b,未知网络,0.643
6097,Previous photo,zh,Chinese,qwen2.5-coder:7b,上一张照片,0.705
6098,Brass Section,zh,Chinese,qwen2.5-coder:7b,铜管乐部,0.893
6099,Date & & Time...,zh,Chinese,qwen2.5-coder:7b,日期 & & 时间...,1.007
6100,Private Job,zh,Chinese,qwen2.5-coder:7b,私人工作,0.649
6101,pppd & timeout:,zh,Chinese,qwen2.5-coder:7b,pppd & 超时:,1.376
6102,& Portrait,zh,Chinese,qwen2.5-coder:7b,&肖像,0.749
6103,Home,zh,Chinese,qwen2.5-coder:7b,首页,0.546
6104,Action window,zh,Chinese,qwen2.5-coder:7b,操作窗口,0.669
6105,Channel 1,zh,Chinese,qwen2.5-coder:7b,频道1,0.684
6106,Operation,zh,Chinese,qwen2.5-coder:7b,操作,0.567
6107,& SMB shared printer (Windows),zh,Chinese,qwen2.5-coder:7b,& SMB 共享打印机（Windows）,1.492
6108,KDE Calculator,zh,Chinese,qwen2.5-coder:7b,KDE 计算器,1.148
6109,Monitor interfaces,zh,Chinese,qwen2.5-coder:7b,监控接口,0.635
6110,Edit Script...,zh,Chinese,qwen2.5-coder:7b,编辑脚本...,0.799
6111,Transit:,zh,Chinese,qwen2.5-coder:7b,交通:,0.718
6112,User6,zh,Chinese,qwen2.5-coder:7b,用户6,0.701
6113,The & kshisen; Handbook,zh,Chinese,qwen2.5-coder:7b,《& kshisen; 手册》,1.634
6114,Device selection timing,zh,Chinese,qwen2.5-coder:7b,设备选择时机,0.798
6115,X11 Framebuffer for KRfb,zh,Chinese,qwen2.5-coder:7b,X11 显示缓冲区 for KRfb,1.694
6116,Alpha Channel:,zh,Chinese,qwen2.5-coder:7b,阿尔法通道：,0.855
6117,Deployment Diagram,zh,Chinese,qwen2.5-coder:7b,部署图,0.658
6118,Capital,zh,Chinese,qwen2.5-coder:7b,首都,0.502
6119,Ethylene oxide,zh,Chinese,qwen2.5-coder:7b,乙烯氧,0.701
6120,conditional-head1,zh,Chinese,qwen2.5-coder:7b,条件-标题1,0.878
6121,%1 'missing.,zh,Chinese,qwen2.5-coder:7b,%1 缺失。,1.212
6122,Import Warnings,zh,Chinese,qwen2.5-coder:7b,导入警告,0.691
6123,Sign only key,zh,Chinese,qwen2.5-coder:7b,仅签名密钥,0.88
6124,Current source:,zh,Chinese,qwen2.5-coder:7b,当前源文件:,0.816
6125,Dushanbe,zh,Chinese,qwen2.5-coder:7b,杜尚别,0.77
6126,The & kstars; Team:,zh,Chinese,qwen2.5-coder:7b,& kstars; 团队:,1.372
6127,Temperature (ºC),zh,Chinese,qwen2.5-coder:7b,温度 (°C),1.044
6128,New & Album,zh,Chinese,qwen2.5-coder:7b,新 & 专辑,0.9
6129,Keep Open,zh,Chinese,qwen2.5-coder:7b,保持打开,0.643
6130,& Root element is:,zh,Chinese,qwen2.5-coder:7b,& 根元素是：,1.134
6131,Show help,zh,Chinese,qwen2.5-coder:7b,显示帮助,0.684
6132,Lead 3 - Calliope,zh,Chinese,qwen2.5-coder:7b,3号 - 叫号,1.478
6133,KDE Vocabulary Document,zh,Chinese,qwen2.5-coder:7b,KDE 词汇文档,1.016
6134,PF-7 Bulk Feeder,zh,Chinese,qwen2.5-coder:7b,PF-7 批量喂料机,1.493
6135,& Unknown,zh,Chinese,qwen2.5-coder:7b,&未知,0.64
6136,Bi-Monthly,zh,Chinese,qwen2.5-coder:7b,双月刊,0.842
6137,File Size View,zh,Chinese,qwen2.5-coder:7b,文件大小视图,0.829
6138,Data Directory,zh,Chinese,qwen2.5-coder:7b,数据目录,0.648
6139,Eb Major,zh,Chinese,qwen2.5-coder:7b,E大调,0.756
6140,Copy %1- > Output,zh,Chinese,qwen2.5-coder:7b,复制 %1 -> 输出,1.097
6141,Use KNotes,zh,Chinese,qwen2.5-coder:7b,使用 KNotes,0.775
6142,Authentication error,zh,Chinese,qwen2.5-coder:7b,身份验证错误,0.736
6143,Remove,zh,Chinese,qwen2.5-coder:7b,移除,0.576
6144,Question:,zh,Chinese,qwen2.5-coder:7b,问题：,0.579
6145,Current:,zh,Chinese,qwen2.5-coder:7b,当前:,0.589
6146,Evaluation Settings,zh,Chinese,qwen2.5-coder:7b,评估设置,0.635
6147,OpenGL Display Settings,zh,Chinese,qwen2.5-coder:7b,OpenGL 显示设置,0.854
6148,List Type,zh,Chinese,qwen2.5-coder:7b,列表类型,0.651
6149,Hurricane,zh,Chinese,qwen2.5-coder:7b,飓风,0.653
6150,Network History,zh,Chinese,qwen2.5-coder:7b,网络历史,0.629
6151,Prerequisites,zh,Chinese,qwen2.5-coder:7b,先决条件,0.704
6152,Focal Length,zh,Chinese,qwen2.5-coder:7b,焦距,0.677
6153,Hide Selected,zh,Chinese,qwen2.5-coder:7b,隐藏选中的项,0.831
6154,Draw frame,zh,Chinese,qwen2.5-coder:7b,绘制框架,0.629
6155,Layer 1,zh,Chinese,qwen2.5-coder:7b,图层1,0.787
6156,%1 earlier than %2,zh,Chinese,qwen2.5-coder:7b,%1 早于 %2,1.293
6157,Internet & Network,zh,Chinese,qwen2.5-coder:7b,互联网与网络,0.852
6158,Norwegian,zh,Chinese,qwen2.5-coder:7b,挪威语,0.651
6159,& Insert in Project...,zh,Chinese,qwen2.5-coder:7b,& 在项目中插入...,1.09
6160,Shot speed,zh,Chinese,qwen2.5-coder:7b,拍摄速度,0.654
6161,Mount Point,zh,Chinese,qwen2.5-coder:7b,挂载点,0.722
6162,Internet Links,zh,Chinese,qwen2.5-coder:7b,网络链接,0.646
6163,Dolphin Navigation,zh,Chinese,qwen2.5-coder:7b,海豚导航,0.828
6164,No game,zh,Chinese,qwen2.5-coder:7b,没有游戏,0.629
6165,Dashed Lines,zh,Chinese,qwen2.5-coder:7b,虚线,0.675
6166,Contributing,zh,Chinese,qwen2.5-coder:7b,贡献,0.566
6167,Script Dialog,zh,Chinese,qwen2.5-coder:7b,脚本对话,0.712
6168,Sheets,zh,Chinese,qwen2.5-coder:7b,工作表,0.62
6169,strings,zh,Chinese,qwen2.5-coder:7b,字符串,0.48
6170,Notification Event List,zh,Chinese,qwen2.5-coder:7b,通知事件列表,0.771
6171,New Institution,zh,Chinese,qwen2.5-coder:7b,新机构,0.626
6172,Script name:,zh,Chinese,qwen2.5-coder:7b,脚本名称：,0.844
6173,LightBlue2,zh,Chinese,qwen2.5-coder:7b,浅蓝色2,0.743
6174,Exceptions:,zh,Chinese,qwen2.5-coder:7b,异常：,0.575
6175,Turn,zh,Chinese,qwen2.5-coder:7b,切换,0.497
6176,ST-20 Bulk Stacker,zh,Chinese,qwen2.5-coder:7b,ST-20 批量堆叠机,1.638
6177,& Previous Feed,zh,Chinese,qwen2.5-coder:7b,&上一个动态,0.872
6178,List Help,zh,Chinese,qwen2.5-coder:7b,列表帮助,0.686
6179,By Rating,zh,Chinese,qwen2.5-coder:7b,按评分,0.64
6180,SeaGreen3,zh,Chinese,qwen2.5-coder:7b,海绿色3,0.751
6181,Percent Function,zh,Chinese,qwen2.5-coder:7b,百分比函数,0.738
6182,Using & ksnapshot;,zh,Chinese,qwen2.5-coder:7b,使用 & ksnapshot;,0.986
6183,Display controller,zh,Chinese,qwen2.5-coder:7b,显示控制器,0.611
6184,Tab Order,zh,Chinese,qwen2.5-coder:7b,标签顺序,0.623
6185,stopped,zh,Chinese,qwen2.5-coder:7b,停止,0.505
6186,Zimbabwe Dollar,zh,Chinese,qwen2.5-coder:7b,津巴布韦元,1.022
6187,OHP Transparency,zh,Chinese,qwen2.5-coder:7b,OHP透明度,1.097
6188,Failed to open %1: %2,zh,Chinese,qwen2.5-coder:7b,无法打开 %1: %2,1.301
6189,System icons:,zh,Chinese,qwen2.5-coder:7b,系统图标：,0.71
6190,One moment please...,zh,Chinese,qwen2.5-coder:7b,请稍等一下...,0.985
6191,Do Not Override,zh,Chinese,qwen2.5-coder:7b,不要覆盖,0.655
6192,October,zh,Chinese,qwen2.5-coder:7b,十月,0.508
6193,Extensions Manager,zh,Chinese,qwen2.5-coder:7b,扩展管理器,0.796
6194,Incoming/,zh,Chinese,qwen2.5-coder:7b,进入/,0.726
6195,Home Address City,zh,Chinese,qwen2.5-coder:7b,家庭地址城市,0.786
6196,& With empty fields,zh,Chinese,qwen2.5-coder:7b,& 有空字段,1.096
6197,Bold Black,zh,Chinese,qwen2.5-coder:7b,粗体黑色,0.753
6198,Volume set size:,zh,Chinese,qwen2.5-coder:7b,音量设置大小：,0.942
6199,Community,zh,Chinese,qwen2.5-coder:7b,社区,0.531
6200,Starting %1...,zh,Chinese,qwen2.5-coder:7b,开始 %1...,0.889
6201,Extensions manager...,zh,Chinese,qwen2.5-coder:7b,扩展管理器...,0.864
6202,Alternating,zh,Chinese,qwen2.5-coder:7b,交替,0.558
6203,Background Pixmap,zh,Chinese,qwen2.5-coder:7b,背景图,0.656
6204,Usage Image Viewer,zh,Chinese,qwen2.5-coder:7b,使用图像查看器,0.841
6205,Akonadi Server Configuration,zh,Chinese,qwen2.5-coder:7b,Akonadi 服务器配置,1.105
6206,Account number:,zh,Chinese,qwen2.5-coder:7b,账户号码：,0.767
6207,Print Format,zh,Chinese,qwen2.5-coder:7b,打印格式,0.628
6208,Create Subrepository,zh,Chinese,qwen2.5-coder:7b,创建子仓库,0.743
6209,history,zh,Chinese,qwen2.5-coder:7b,历史记录,0.576
6210,HTTP Requests,zh,Chinese,qwen2.5-coder:7b,HTTP 请求,0.62
6211,User canceled the transaction,zh,Chinese,qwen2.5-coder:7b,用户取消了交易,0.92
6212,Using & xsldbg;,zh,Chinese,qwen2.5-coder:7b,使用 & xsldbg;,1.152
6213,Air Pressure:,zh,Chinese,qwen2.5-coder:7b,气压：,0.773
6214,Configuration Okay,zh,Chinese,qwen2.5-coder:7b,配置正确,0.618
6215,Player Name:,zh,Chinese,qwen2.5-coder:7b,玩家名称：,0.701
6216,User Specified PIN,zh,Chinese,qwen2.5-coder:7b,用户指定的PIN,0.915
6217,Songkick Data Engine,zh,Chinese,qwen2.5-coder:7b,Songkick 数据引擎,0.923
6218,Unmovable,zh,Chinese,qwen2.5-coder:7b,不可移动的,0.764
6219,Working Color Space,zh,Chinese,qwen2.5-coder:7b,工作颜色空间,0.799
6220,Caller,zh,Chinese,qwen2.5-coder:7b,呼叫者,0.646
6221,File permissions,zh,Chinese,qwen2.5-coder:7b,文件权限,0.627
6222,& Dissociate,zh,Chinese,qwen2.5-coder:7b,& 分离,0.813
6223,& Refresh time:,zh,Chinese,qwen2.5-coder:7b,&刷新时间:,0.83
6224,Azerbaijani,zh,Chinese,qwen2.5-coder:7b,阿塞拜疆语,1.043
6225,Sub-tree query,zh,Chinese,qwen2.5-coder:7b,子树查询,0.801
6226,from %1 through %2,zh,Chinese,qwen2.5-coder:7b,从 %1 到 %2,1.264
6227,Metapost Files,zh,Chinese,qwen2.5-coder:7b,元脚本文件,0.894
6228,Plain Rectangles,zh,Chinese,qwen2.5-coder:7b,矩形,0.658
6229,& Certificate,zh,Chinese,qwen2.5-coder:7b,&证书,0.648
6230,Bottom,zh,Chinese,qwen2.5-coder:7b,底部,0.523
6231,Ctrl; P Print...,zh,Chinese,qwen2.5-coder:7b,Ctrl; P 打印...,1.227
6232,Public key auth,zh,Chinese,qwen2.5-coder:7b,公钥认证,0.777
6233,Network Services,zh,Chinese,qwen2.5-coder:7b,网络服务,0.661
6234,IP version,zh,Chinese,qwen2.5-coder:7b,IP 版本,0.875
6235,User & Info,zh,Chinese,qwen2.5-coder:7b,用户 & 信息,0.89
6236,executing,zh,Chinese,qwen2.5-coder:7b,执行中,0.671
6237,Username:,zh,Chinese,qwen2.5-coder:7b,用户名：,0.628
6238,Paint color:,zh,Chinese,qwen2.5-coder:7b,画笔颜色:,0.967
6239,Old Italic,zh,Chinese,qwen2.5-coder:7b,古意大利语,0.772
6240,& Next,zh,Chinese,qwen2.5-coder:7b,& 下一步,0.72
6241,Switching,zh,Chinese,qwen2.5-coder:7b,切换,0.56
6242,Spelling (from cursor)...,zh,Chinese,qwen2.5-coder:7b,拼写检查（从光标开始）...,1.624
6243,Pointer Position,zh,Chinese,qwen2.5-coder:7b,指针位置,0.721
6244,CoastLine,zh,Chinese,qwen2.5-coder:7b,海岸线,0.685
6245,Emergency Procedures:,zh,Chinese,qwen2.5-coder:7b,紧急程序：,0.706
6246,(capture),zh,Chinese,qwen2.5-coder:7b,(捕获),0.846
6247,Go 10% Forward,zh,Chinese,qwen2.5-coder:7b,前进10%,0.975
6248,Samba Log Files,zh,Chinese,qwen2.5-coder:7b,Samba日志文件,1.019
6249,minesweeper,zh,Chinese,qwen2.5-coder:7b,扫雷,0.709
6250,Please make your move,zh,Chinese,qwen2.5-coder:7b,请下棋,0.824
6251,Spin speed,zh,Chinese,qwen2.5-coder:7b,旋转速度,0.611
6252,To the right,zh,Chinese,qwen2.5-coder:7b,向右,0.667
6253,& Enable On Screen Display,zh,Chinese,qwen2.5-coder:7b,& 启用屏幕显示,1.201
6254,Job Separator,zh,Chinese,qwen2.5-coder:7b,工作分隔符,0.851
6255,Accounts Editor,zh,Chinese,qwen2.5-coder:7b,账户编辑器,0.758
6256,Monochrome ordered dithering,zh,Chinese,qwen2.5-coder:7b,单色有序抖动,1.069
6257,& Green,zh,Chinese,qwen2.5-coder:7b,& 绿色,0.807
6258,IRC Event,zh,Chinese,qwen2.5-coder:7b,IRC事件,0.646
6259,Arrow,zh,Chinese,qwen2.5-coder:7b,箭头,0.633
6260,Tanzanian Shilling,zh,Chinese,qwen2.5-coder:7b,坦桑尼亚先令,1.078
6261,No name:,zh,Chinese,qwen2.5-coder:7b,无名称：,0.732
6262,Operation management,zh,Chinese,qwen2.5-coder:7b,操作管理,0.629
6263,search,zh,Chinese,qwen2.5-coder:7b,搜索,0.521
6264,Search direction:,zh,Chinese,qwen2.5-coder:7b,搜索方向：,0.719
6265,CA file:,zh,Chinese,qwen2.5-coder:7b,CA文件：,0.723
6266,Certificate,zh,Chinese,qwen2.5-coder:7b,证书,0.513
6267,Tabs,zh,Chinese,qwen2.5-coder:7b,选项卡,0.574
6268,Navigation mode,zh,Chinese,qwen2.5-coder:7b,导航模式,0.602
6269,Dialog Parent,zh,Chinese,qwen2.5-coder:7b,对话父级,0.723
6270,%1 already exists.,zh,Chinese,qwen2.5-coder:7b,%1 已经存在。,1.329
6271,16th Last,zh,Chinese,qwen2.5-coder:7b,倒数第16个,1.146
6272,Comic Books,zh,Chinese,qwen2.5-coder:7b,漫画书,0.668
6273,Recursions,zh,Chinese,qwen2.5-coder:7b,递归,0.661
6274,Unencrypted,zh,Chinese,qwen2.5-coder:7b,未加密,0.624
6275,Bond Length:,zh,Chinese,qwen2.5-coder:7b,键长:,0.826
6276,Window Management,zh,Chinese,qwen2.5-coder:7b,窗口管理,0.654
6277,Permission:,zh,Chinese,qwen2.5-coder:7b,权限:,0.643
6278,Property Information,zh,Chinese,qwen2.5-coder:7b,属性信息,0.654
6279,Download speed,zh,Chinese,qwen2.5-coder:7b,下载速度,0.617
6280,Profile & name:,zh,Chinese,qwen2.5-coder:7b,个人资料 & 名称:,1.049
6281,Local Time,zh,Chinese,qwen2.5-coder:7b,本地时间,0.647
6282,Core engine developer,zh,Chinese,qwen2.5-coder:7b,核心引擎开发者,0.782
6283,Forwarded,zh,Chinese,qwen2.5-coder:7b,转发,0.516
6284,Removed: 0/ 0,zh,Chinese,qwen2.5-coder:7b,已移除: 0/ 0,1.504
6285,Ethyl-Benzene,zh,Chinese,qwen2.5-coder:7b,乙苯,0.732
6286,Turkish,zh,Chinese,qwen2.5-coder:7b,土耳其语,0.647
6287,Special type:,zh,Chinese,qwen2.5-coder:7b,特殊类型：,0.744
6288,Classifier Settings,zh,Chinese,qwen2.5-coder:7b,分类器设置,0.722
6289,Function Cycle,zh,Chinese,qwen2.5-coder:7b,功能循环,0.634
6290,Plasma Window,zh,Chinese,qwen2.5-coder:7b,等离子窗,0.951
6291,Instance name:,zh,Chinese,qwen2.5-coder:7b,实例名称：,0.736
6292,Energy function,zh,Chinese,qwen2.5-coder:7b,能量函数,0.646
6293,& Do Not Save,zh,Chinese,qwen2.5-coder:7b,& 不要保存,0.868
6294,Filter Accounts,zh,Chinese,qwen2.5-coder:7b,过滤账户,0.65
6295,Index information:,zh,Chinese,qwen2.5-coder:7b,索引信息：,0.801
6296,Your choices,zh,Chinese,qwen2.5-coder:7b,您的选择,0.649
6297,Brightness / Contrast / Gamma,zh,Chinese,qwen2.5-coder:7b,亮度 / 对比度 / 阴影,1.611
6298,Serial Port #1 (Linux),zh,Chinese,qwen2.5-coder:7b,串口 #1 (Linux),1.324
6299,EMF backend for Okular,zh,Chinese,qwen2.5-coder:7b,Okular 的 EMF 后端,1.409
6300,Nigerian Naira,zh,Chinese,qwen2.5-coder:7b,尼日利亚奈拉,1.021
6301,Sequence,zh,Chinese,qwen2.5-coder:7b,序列,0.479
6302,DarkSeaGreen3,zh,Chinese,qwen2.5-coder:7b,深海绿色3,0.879
6303,DeepSkyBlue3,zh,Chinese,qwen2.5-coder:7b,深空蓝3,0.915
6304,2D Graph,zh,Chinese,qwen2.5-coder:7b,二维图,0.641
6305,Event:,zh,Chinese,qwen2.5-coder:7b,事件：,0.604
6306,Pattern Matching,zh,Chinese,qwen2.5-coder:7b,模式匹配,0.661
6307,msft-reserved,zh,Chinese,qwen2.5-coder:7b,微软保留,0.702
6308,Call time:,zh,Chinese,qwen2.5-coder:7b,通话时间：,0.708
6309,New Zealand Dollar,zh,Chinese,qwen2.5-coder:7b,新西兰元,0.66
6310,Installation Failure,zh,Chinese,qwen2.5-coder:7b,安装失败,0.614
6311,. unsaved,zh,Chinese,qwen2.5-coder:7b,未保存,0.645
6312,Download Error,zh,Chinese,qwen2.5-coder:7b,下载错误,0.668
6313,conic arc,zh,Chinese,qwen2.5-coder:7b,抛物线弧,0.856
6314,Max clients:,zh,Chinese,qwen2.5-coder:7b,最大客户端数：,0.813
6315,Current time,zh,Chinese,qwen2.5-coder:7b,当前时间,0.638
6316,Nickname list:,zh,Chinese,qwen2.5-coder:7b,昵称列表：,0.8
6317,term,zh,Chinese,qwen2.5-coder:7b,术语,0.491
6318,Call(s) from %1,zh,Chinese,qwen2.5-coder:7b,来自 %1 的通话,1.029
6319,Singles,zh,Chinese,qwen2.5-coder:7b,单曲,0.613
6320,RAW Image,zh,Chinese,qwen2.5-coder:7b,原始图像,0.608
6321,& Outline,zh,Chinese,qwen2.5-coder:7b,&大纲,0.606
6322,Property:,zh,Chinese,qwen2.5-coder:7b,属性:,0.624
6323,& Dictionary:,zh,Chinese,qwen2.5-coder:7b,&词典:,0.835
6324,Subdivision:,zh,Chinese,qwen2.5-coder:7b,子区域：,0.794
6325,Selecting,zh,Chinese,qwen2.5-coder:7b,选择中,0.692
6326,Interface design,zh,Chinese,qwen2.5-coder:7b,界面设计,0.637
6327,Suspend (STOP),zh,Chinese,qwen2.5-coder:7b,暂停 (停止),0.939
6328,& Work Offline,zh,Chinese,qwen2.5-coder:7b,& 离线工作,1.052
6329,Strong,zh,Chinese,qwen2.5-coder:7b,强,0.559
6330,State type:,zh,Chinese,qwen2.5-coder:7b,状态类型：,0.727
6331,Source environment:,zh,Chinese,qwen2.5-coder:7b,源环境：,0.705
6332,native,zh,Chinese,qwen2.5-coder:7b,本地化,0.644
6333,Papua New Guinea,zh,Chinese,qwen2.5-coder:7b,巴布亚新几内亚,1.188
6334,Audio device:,zh,Chinese,qwen2.5-coder:7b,音频设备:,0.719
6335,Function & 7:,zh,Chinese,qwen2.5-coder:7b,功能 & 7:,0.985
6336,Bar Chart,zh,Chinese,qwen2.5-coder:7b,条形图,0.725
6337,New type: cisco,zh,Chinese,qwen2.5-coder:7b,新的类型：cisco,1.036
6338,Single,zh,Chinese,qwen2.5-coder:7b,单个,0.601
6339,Edit Short Name,zh,Chinese,qwen2.5-coder:7b,编辑简称,0.677
6340,Password,zh,Chinese,qwen2.5-coder:7b,密码,0.484
6341,The Rack,zh,Chinese,qwen2.5-coder:7b,机架,0.615
6342,cubic feet,zh,Chinese,qwen2.5-coder:7b,立方英尺,0.764
6343,Brazil/ East,zh,Chinese,qwen2.5-coder:7b,巴西/东,0.81
6344,Spray,zh,Chinese,qwen2.5-coder:7b,喷射,0.634
6345,Best & Scores,zh,Chinese,qwen2.5-coder:7b,最佳得分,0.692
6346,Folder name,zh,Chinese,qwen2.5-coder:7b,文件夹名称,0.716
6347,Mixer device,zh,Chinese,qwen2.5-coder:7b,混音设备,0.739
6348,Application version:,zh,Chinese,qwen2.5-coder:7b,应用程序版本：,0.714
6349,Manganese,zh,Chinese,qwen2.5-coder:7b,锰,0.543
6350,Contributions:,zh,Chinese,qwen2.5-coder:7b,贡献：,0.648
6351,Channel Topic,zh,Chinese,qwen2.5-coder:7b,频道主题,0.63
6352,Desktop Background,zh,Chinese,qwen2.5-coder:7b,桌面背景,0.652
6353,Give Voice,zh,Chinese,qwen2.5-coder:7b,给声音,0.616
6354,Output file:,zh,Chinese,qwen2.5-coder:7b,输出文件：,0.71
6355,File Watcher,zh,Chinese,qwen2.5-coder:7b,文件监视器,0.755
6356,Arcade game,zh,Chinese,qwen2.5-coder:7b,街机游戏,0.74
6357,Group Policies,zh,Chinese,qwen2.5-coder:7b,组策略,0.611
6358,Control Points,zh,Chinese,qwen2.5-coder:7b,控制点,0.635
6359,Won,zh,Chinese,qwen2.5-coder:7b,赢得,0.497
6360,snow,zh,Chinese,qwen2.5-coder:7b,雪,0.5
6361,Passphrase:,zh,Chinese,qwen2.5-coder:7b,密码：,0.61
6362,Soundcard Type,zh,Chinese,qwen2.5-coder:7b,声卡类型,0.766
6363,& Hangup string:,zh,Chinese,qwen2.5-coder:7b,& 挂断字符串:,1.16
6364,Bottom Arrow,zh,Chinese,qwen2.5-coder:7b,底部箭头,0.769
6365,density,zh,Chinese,qwen2.5-coder:7b,密度,0.489
6366,Base Classifiers,zh,Chinese,qwen2.5-coder:7b,基类分类器,0.873
6367,Remove Component,zh,Chinese,qwen2.5-coder:7b,移除组件,0.748
6368,Image folder:,zh,Chinese,qwen2.5-coder:7b,图片文件夹：,0.809
6369,Default & search engine:,zh,Chinese,qwen2.5-coder:7b,默认 & 搜索引擎:,1.109
6370,recover,zh,Chinese,qwen2.5-coder:7b,恢复,0.524
6371,& View Cover,zh,Chinese,qwen2.5-coder:7b,查看封面,0.716
6372,Color Filters,zh,Chinese,qwen2.5-coder:7b,颜色滤镜,0.785
6373,Find,zh,Chinese,qwen2.5-coder:7b,查找,0.503
6374,Filesystem Utilization Viewer,zh,Chinese,qwen2.5-coder:7b,文件系统使用情况查看器,1.181
6375,Native Language,zh,Chinese,qwen2.5-coder:7b,本地语言,0.669
6376,Carpet,zh,Chinese,qwen2.5-coder:7b,地毯,0.523
6377,Receiving,zh,Chinese,qwen2.5-coder:7b,接收中...,0.735
6378,Command char:,zh,Chinese,qwen2.5-coder:7b,命令字符：,0.731
6379,Hungarian,zh,Chinese,qwen2.5-coder:7b,匈牙利语,0.816
6380,Hue Control Settings,zh,Chinese,qwen2.5-coder:7b,色温控制设置,0.903
6381,Looking Up Kanji,zh,Chinese,qwen2.5-coder:7b,查找汉字,0.72
6382,CadetBlue3,zh,Chinese,qwen2.5-coder:7b,深海蓝3,0.965
6383,Draw Box:,zh,Chinese,qwen2.5-coder:7b,绘制矩形：,0.842
6384,"Searching uses of ""%1""",zh,Chinese,qwen2.5-coder:7b,搜索“%1”的用法,1.405
6385,turnright (tr),zh,Chinese,qwen2.5-coder:7b,右转 (tr),0.99
6386,Variable Name:,zh,Chinese,qwen2.5-coder:7b,变量名称：,0.749
6387,Learn,zh,Chinese,qwen2.5-coder:7b,学习,0.509
6388,Template Selection,zh,Chinese,qwen2.5-coder:7b,模板选择,0.641
6389,style,zh,Chinese,qwen2.5-coder:7b,样式,0.482
6390,Guitar,zh,Chinese,qwen2.5-coder:7b,吉他,0.511
6391,Maximum download speed:,zh,Chinese,qwen2.5-coder:7b,最大下载速度：,0.828
6392,Color Profile Conversion,zh,Chinese,qwen2.5-coder:7b,颜色配置文件转换,0.881
6393,Destination Directory:,zh,Chinese,qwen2.5-coder:7b,目的地文件夹：,0.851
6394,Delete route,zh,Chinese,qwen2.5-coder:7b,删除路由,0.642
6395,of Tamuz,zh,Chinese,qwen2.5-coder:7b,塔木兹月,0.829
6396,Priority: %1,zh,Chinese,qwen2.5-coder:7b,优先级: %1,0.982
6397,& Top:,zh,Chinese,qwen2.5-coder:7b,&顶部：,0.742
6398,This Year,zh,Chinese,qwen2.5-coder:7b,今年,0.593
6399,Received,zh,Chinese,qwen2.5-coder:7b,已接收,0.59
6400,Logged in,zh,Chinese,qwen2.5-coder:7b,已登录,0.644
6401,Human,zh,Chinese,qwen2.5-coder:7b,人类,0.494
6402,Away Settings,zh,Chinese,qwen2.5-coder:7b,离开设置,0.642
6403,Print jobs,zh,Chinese,qwen2.5-coder:7b,打印任务,0.632
6404,Plotting with & kchart;,zh,Chinese,qwen2.5-coder:7b,使用 & kchart; 绘图,1.4
6405,material declaration,zh,Chinese,qwen2.5-coder:7b,物料声明,0.667
6406,Edit Item...,zh,Chinese,qwen2.5-coder:7b,编辑项目...,0.723
6407,& Scan for Plugins,zh,Chinese,qwen2.5-coder:7b,&扫描插件,0.974
6408,Object Properties,zh,Chinese,qwen2.5-coder:7b,对象属性,0.668
6409,Clear Diagram,zh,Chinese,qwen2.5-coder:7b,清除图表,0.614
6410,Selected 1,zh,Chinese,qwen2.5-coder:7b,已选中 1,0.938
6411,Channel Down,zh,Chinese,qwen2.5-coder:7b,频道下移,0.699
6412,Curl Correction,zh,Chinese,qwen2.5-coder:7b,校正Curl,1.105
6413,& User ID:,zh,Chinese,qwen2.5-coder:7b,& 用户ID:,0.923
6414,Starting Player,zh,Chinese,qwen2.5-coder:7b,开始播放,0.668
6415,Brazilian real,zh,Chinese,qwen2.5-coder:7b,巴西雷亚尔,0.857
6416,Symbol View,zh,Chinese,qwen2.5-coder:7b,符号视图,0.696
6417,flower,zh,Chinese,qwen2.5-coder:7b,花,0.475
6418,End Point,zh,Chinese,qwen2.5-coder:7b,结束点,0.623
6419,Preview Window,zh,Chinese,qwen2.5-coder:7b,预览窗口,0.715
6420,Download %1 with KGet.,zh,Chinese,qwen2.5-coder:7b,使用 KGet 下载 %1。,1.411
6421,Image Error,zh,Chinese,qwen2.5-coder:7b,图片错误,0.633
6422,Lister,zh,Chinese,qwen2.5-coder:7b,列表器,0.619
6423,Command Description,zh,Chinese,qwen2.5-coder:7b,命令描述,0.614
6424,Choose City,zh,Chinese,qwen2.5-coder:7b,选择城市,0.601
6425,Business Cards 10,zh,Chinese,qwen2.5-coder:7b,商务名片 10,1.038
6426,Panel background,zh,Chinese,qwen2.5-coder:7b,面板背景,0.648
6427,SCSI Interface Information,zh,Chinese,qwen2.5-coder:7b,SCSI接口信息,0.914
6428,Mounted Camera,zh,Chinese,qwen2.5-coder:7b,已连接的相机,0.814
6429,Irrelevant merge command:,zh,Chinese,qwen2.5-coder:7b,无关的合并命令：,0.973
6430,Nearby,zh,Chinese,qwen2.5-coder:7b,附近,0.541
6431,Birthdays,zh,Chinese,qwen2.5-coder:7b,生日,0.541
6432,No service found,zh,Chinese,qwen2.5-coder:7b,未找到服务,0.759
6433,Resize,zh,Chinese,qwen2.5-coder:7b,调整大小,0.587
6434,Background color,zh,Chinese,qwen2.5-coder:7b,背景颜色,0.672
6435,LightSkyBlue1,zh,Chinese,qwen2.5-coder:7b,浅蓝色1,0.796
6436,Logging out,zh,Chinese,qwen2.5-coder:7b,退出登录,0.624
6437,Winbind enum groups,zh,Chinese,qwen2.5-coder:7b,Winbind 枚举组,1.257
6438,Match & case,zh,Chinese,qwen2.5-coder:7b,匹配 & 大小写,1.042
6439,Launch with %1,zh,Chinese,qwen2.5-coder:7b,使用 %1 启动,1.099
6440,localPosition,zh,Chinese,qwen2.5-coder:7b,本地位置,0.634
6441,ktimetracker,zh,Chinese,qwen2.5-coder:7b,时间跟踪器,0.82
6442,& Others,zh,Chinese,qwen2.5-coder:7b,& 其他,0.82
6443,Base family:,zh,Chinese,qwen2.5-coder:7b,基础家族：,0.739
6444,X rotation,zh,Chinese,qwen2.5-coder:7b,X 轴旋转,0.904
6445,Correct the perspective,zh,Chinese,qwen2.5-coder:7b,纠正视角,0.649
6446,front,zh,Chinese,qwen2.5-coder:7b,前端,0.487
6447,& HSV Adjustment...,zh,Chinese,qwen2.5-coder:7b,& HSV 调整...,1.237
6448,Group Scheduling,zh,Chinese,qwen2.5-coder:7b,组调度,0.709
6449,& CA certificate:,zh,Chinese,qwen2.5-coder:7b,& CA证书:,0.861
6450,& Copy Here\t %1,zh,Chinese,qwen2.5-coder:7b,&复制到这里\t %1,1.226
6451,Call Graph,zh,Chinese,qwen2.5-coder:7b,调用图,0.743
6452,Video Files,zh,Chinese,qwen2.5-coder:7b,视频文件,0.613
6453,"Find in ""%1""",zh,Chinese,qwen2.5-coder:7b,"在 ""%1"" 中查找",1.083
6454,Collection: %1,zh,Chinese,qwen2.5-coder:7b,集合: %1,0.873
6455,Dimensions,zh,Chinese,qwen2.5-coder:7b,尺寸,0.495
6456,policies,zh,Chinese,qwen2.5-coder:7b,政策,0.547
6457,Source Files,zh,Chinese,qwen2.5-coder:7b,源文件,0.652
6458,Player Menu,zh,Chinese,qwen2.5-coder:7b,玩家菜单,0.624
6459,Disc ID:,zh,Chinese,qwen2.5-coder:7b,磁盘ID：,0.882
6460,Patience Card Game,zh,Chinese,qwen2.5-coder:7b,耐心卡片游戏,0.863
6461,Typing Rate,zh,Chinese,qwen2.5-coder:7b,打字速度,0.793
6462,Up Arrow,zh,Chinese,qwen2.5-coder:7b,上箭头,0.743
6463,File Name:,zh,Chinese,qwen2.5-coder:7b,文件名：,0.731
6464,Selection Window,zh,Chinese,qwen2.5-coder:7b,选择窗口,0.614
6465,Standard Gateway,zh,Chinese,qwen2.5-coder:7b,标准网关,0.704
6466,String value:,zh,Chinese,qwen2.5-coder:7b,字符串值：,0.715
6467,SkyBlue4,zh,Chinese,qwen2.5-coder:7b,天蓝色4,0.75
6468,required,zh,Chinese,qwen2.5-coder:7b,必需的,0.599
6469,Find Component,zh,Chinese,qwen2.5-coder:7b,查找组件,0.67
6470,Viola,zh,Chinese,qwen2.5-coder:7b,维奥拉,0.729
6471,X offset,zh,Chinese,qwen2.5-coder:7b,X 偏移量,1.006
6472,Oufuku Card,zh,Chinese,qwen2.5-coder:7b,おふくカード,0.931
6473,Executing script at %1,zh,Chinese,qwen2.5-coder:7b,在 %1 执行脚本,1.243
6474,User Details,zh,Chinese,qwen2.5-coder:7b,用户详情,0.617
6475,Be free.,zh,Chinese,qwen2.5-coder:7b,自由,0.542
6476,Gantt charts,zh,Chinese,qwen2.5-coder:7b,甘特图,0.786
6477,Network Management,zh,Chinese,qwen2.5-coder:7b,网络管理,0.671
6478,I/ O Nice level: %1 (%2),zh,Chinese,qwen2.5-coder:7b,I/O 优先级: %1 (%2),1.86
6479,forces,zh,Chinese,qwen2.5-coder:7b,力量,0.497
6480,search term,zh,Chinese,qwen2.5-coder:7b,搜索词,0.626
6481,Accuracy:,zh,Chinese,qwen2.5-coder:7b,准确性：,0.586
6482,3rd Last,zh,Chinese,qwen2.5-coder:7b,倒数第三个,0.774
6483,Cell Tool,zh,Chinese,qwen2.5-coder:7b,单元格工具,0.704
6484,Favorite Folders,zh,Chinese,qwen2.5-coder:7b,收藏夹,0.659
6485,Use anti-aliasing,zh,Chinese,qwen2.5-coder:7b,使用抗锯齿,0.972
6486,Tape name:,zh,Chinese,qwen2.5-coder:7b,磁带名称：,0.837
6487,Visualization Features,zh,Chinese,qwen2.5-coder:7b,可视化功能,0.617
6488,Direct Network Setting,zh,Chinese,qwen2.5-coder:7b,直接网络设置,0.811
6489,Certificate authority:,zh,Chinese,qwen2.5-coder:7b,证书颁发机构：,0.828
6490,Closing Balance,zh,Chinese,qwen2.5-coder:7b,结余,0.639
6491,Main Menu,zh,Chinese,qwen2.5-coder:7b,主菜单,0.636
6492,Access: %1,zh,Chinese,qwen2.5-coder:7b,访问: %1,0.875
6493,Header Properties,zh,Chinese,qwen2.5-coder:7b,头部属性,0.613
6494,Neutral:,zh,Chinese,qwen2.5-coder:7b,中立:,0.72
6495,Audio input device,zh,Chinese,qwen2.5-coder:7b,音频输入设备,0.766
6496,Goto,zh,Chinese,qwen2.5-coder:7b,跳转到,0.733
6497,Kontact KOrganizer To-do List Plugin,zh,Chinese,qwen2.5-coder:7b,Kontact KOrganizer 待办事项插件,1.864
6498,& Management,zh,Chinese,qwen2.5-coder:7b,&管理,0.622
6499,Scaled,zh,Chinese,qwen2.5-coder:7b,缩放,0.621
6500,Distribution List %1,zh,Chinese,qwen2.5-coder:7b,分发列表 %1,0.964
6501,Using & kchart; in & kspread;,zh,Chinese,qwen2.5-coder:7b,在 & kchart; 和 & kspread; 中使用,1.924
6502,Hot orange,zh,Chinese,qwen2.5-coder:7b,热橙色,0.764
6503,Line Color,zh,Chinese,qwen2.5-coder:7b,线条颜色,0.67
6504,Transparency: %1,zh,Chinese,qwen2.5-coder:7b,透明度: %1,1.106
6505,Output of %1,zh,Chinese,qwen2.5-coder:7b,%1 的输出,1.024
6506,Expanding,zh,Chinese,qwen2.5-coder:7b,展开,0.53
6507,Remove Tracker,zh,Chinese,qwen2.5-coder:7b,移除追踪器,0.85
6508,Creating horizon,zh,Chinese,qwen2.5-coder:7b,创建地平线,0.886
6509,Multi-Purpose Tray,zh,Chinese,qwen2.5-coder:7b,多功能托盘,0.837
6510,Combo Box,zh,Chinese,qwen2.5-coder:7b,组合框,0.639
6511,Typing speed:,zh,Chinese,qwen2.5-coder:7b,打字速度：,0.845
6512,Reject,zh,Chinese,qwen2.5-coder:7b,拒绝,0.494
6513,Default certificate:,zh,Chinese,qwen2.5-coder:7b,默认证书：,0.765
6514,Guide:,zh,Chinese,qwen2.5-coder:7b,指南：,0.602
6515,of Dec,zh,Chinese,qwen2.5-coder:7b,12月,0.708
6516,Score Weighted,zh,Chinese,qwen2.5-coder:7b,加权得分,0.786
6517,Custom 7,zh,Chinese,qwen2.5-coder:7b,自定义 7,0.945
6518,for,zh,Chinese,qwen2.5-coder:7b,对于,0.5
6519,forward Port,zh,Chinese,qwen2.5-coder:7b,转发端口,0.704
6520,Azores,zh,Chinese,qwen2.5-coder:7b,阿兹ores,0.702
6521,The Align Tool,zh,Chinese,qwen2.5-coder:7b,对齐工具,0.742
6522,Bass,zh,Chinese,qwen2.5-coder:7b,低音,0.623
6523,& Custom,zh,Chinese,qwen2.5-coder:7b,自定义,0.662
6524,Bytes Sent:,zh,Chinese,qwen2.5-coder:7b,已发送字节：,0.98
6525,Non-critical,zh,Chinese,qwen2.5-coder:7b,非关键,0.642
6526,Translation Error,zh,Chinese,qwen2.5-coder:7b,翻译错误,0.61
6527,momentumVariance,zh,Chinese,qwen2.5-coder:7b,动量方差,0.877
6528,France,zh,Chinese,qwen2.5-coder:7b,法国,0.48
6529,Loading,zh,Chinese,qwen2.5-coder:7b,加载中,0.596
6530,Usages:,zh,Chinese,qwen2.5-coder:7b,用法：,0.756
6531,Delete Map?,zh,Chinese,qwen2.5-coder:7b,删除地图？,0.756
6532,K3b Bookmarks,zh,Chinese,qwen2.5-coder:7b,K3b书签,1.017
6533,Player Pointer,zh,Chinese,qwen2.5-coder:7b,玩家指针,0.777
6534,Game New,zh,Chinese,qwen2.5-coder:7b,游戏新版本,0.73
6535,Blinking effects,zh,Chinese,qwen2.5-coder:7b,闪烁效果,0.724
6536,Host Name,zh,Chinese,qwen2.5-coder:7b,主机名,0.627
6537,Creation Date,zh,Chinese,qwen2.5-coder:7b,创建日期,0.628
6538,Double buffer,zh,Chinese,qwen2.5-coder:7b,双缓冲,0.619
6539,Column number,zh,Chinese,qwen2.5-coder:7b,列号,0.606
6540,Side switch frequency:,zh,Chinese,qwen2.5-coder:7b,侧切换频率：,0.843
6541,PGP signature:,zh,Chinese,qwen2.5-coder:7b,PGP签名：,0.851
6542,LDAP machine suffix:,zh,Chinese,qwen2.5-coder:7b,LDAP 机器后缀：,1.094
6543,Lightness,zh,Chinese,qwen2.5-coder:7b,亮度,0.594
6544,Data Sources:,zh,Chinese,qwen2.5-coder:7b,数据源：,0.715
6545,Row Source,zh,Chinese,qwen2.5-coder:7b,行来源,0.609
6546,Maximum speed:,zh,Chinese,qwen2.5-coder:7b,最大速度：,0.721
6547,Deform Amount,zh,Chinese,qwen2.5-coder:7b,变形量,0.684
6548,& Contents,zh,Chinese,qwen2.5-coder:7b,& 目录,0.844
6549,Project Manager View,zh,Chinese,qwen2.5-coder:7b,项目经理视图,0.904
6550,Numbers:,zh,Chinese,qwen2.5-coder:7b,数字：,0.619
6551,Request Update,zh,Chinese,qwen2.5-coder:7b,请求更新,0.632
6552,Elevation (m):,zh,Chinese,qwen2.5-coder:7b,海拔 (米):,0.978
6553,Sheet Selection,zh,Chinese,qwen2.5-coder:7b,工作表选择,0.75
6554,Exact Match,zh,Chinese,qwen2.5-coder:7b,精确匹配,0.634
6555,Blur smoothness,zh,Chinese,qwen2.5-coder:7b,模糊平滑度,0.885
6556,Bracket highlight,zh,Chinese,qwen2.5-coder:7b,括号高亮,0.82
6557,Write Speed,zh,Chinese,qwen2.5-coder:7b,写入速度,0.71
6558,Torrent activity,zh,Chinese,qwen2.5-coder:7b,种子活动,0.61
6559,Media Device Collection,zh,Chinese,qwen2.5-coder:7b,媒体设备集合,0.736
6560,Windows workgroup,zh,Chinese,qwen2.5-coder:7b,Windows工作组,0.696
6561,Cancelation,zh,Chinese,qwen2.5-coder:7b,取消,0.547
6562,Photograph Properties,zh,Chinese,qwen2.5-coder:7b,照片属性,0.65
6563,& Fit to Size,zh,Chinese,qwen2.5-coder:7b,&适应大小,0.768
6564,activity diagram,zh,Chinese,qwen2.5-coder:7b,活动图,0.675
6565,Info List View,zh,Chinese,qwen2.5-coder:7b,信息列表视图,0.833
6566,Progress indicator,zh,Chinese,qwen2.5-coder:7b,进度指示器,0.71
6567,Cameroon,zh,Chinese,qwen2.5-coder:7b,喀麦隆,0.732
6568,Cisco - Mac Woman,zh,Chinese,qwen2.5-coder:7b,思科 - 麦克女士,1.274
6569,Execute,zh,Chinese,qwen2.5-coder:7b,执行,0.496
6570,Terrain,zh,Chinese,qwen2.5-coder:7b,地形,0.477
6571,? (#063;) Question mark,zh,Chinese,qwen2.5-coder:7b,? (#063;) 问号,1.561
6572,Australia/ Currie,zh,Chinese,qwen2.5-coder:7b,澳大利亚/库里埃,1.017
6573,New budget,zh,Chinese,qwen2.5-coder:7b,新预算,0.608
6574,Copying CD,zh,Chinese,qwen2.5-coder:7b,复制CD,0.616
6575,seven,zh,Chinese,qwen2.5-coder:7b,七,0.536
6576,question,zh,Chinese,qwen2.5-coder:7b,问题,0.506
6577,No operation,zh,Chinese,qwen2.5-coder:7b,无操作,0.631
6578,at LOCATION,zh,Chinese,qwen2.5-coder:7b,在 LOCATION,0.62
6579,File Tree,zh,Chinese,qwen2.5-coder:7b,文件树,0.617
6580,Thumbnail Information,zh,Chinese,qwen2.5-coder:7b,缩略图信息,0.84
6581,Number of moles:,zh,Chinese,qwen2.5-coder:7b,摩尔数:,0.976
6582,8 Cards,zh,Chinese,qwen2.5-coder:7b,8张卡片,0.722
6583,& DCOP; Functions,zh,Chinese,qwen2.5-coder:7b,& DCOP; 功能,1.11
6584,Newsgroup Servers,zh,Chinese,qwen2.5-coder:7b,新闻组服务器,0.914
6585,& marble; measuring,zh,Chinese,qwen2.5-coder:7b,大理石；测量,0.82
6586,Navigation Keys,zh,Chinese,qwen2.5-coder:7b,导航键,0.676
6587,Maximum bitrate:,zh,Chinese,qwen2.5-coder:7b,最大比特率：,0.868
6588,Document '%1 'opened.,zh,Chinese,qwen2.5-coder:7b,文档“%1”已打开。,1.364
6589,Printer Description,zh,Chinese,qwen2.5-coder:7b,打印机描述,0.65
6590,Minimum height,zh,Chinese,qwen2.5-coder:7b,最小高度,0.647
6591,Authorization,zh,Chinese,qwen2.5-coder:7b,授权,0.488
6592,Print System,zh,Chinese,qwen2.5-coder:7b,打印系统,0.603
6593,2 Suits (Medium),zh,Chinese,qwen2.5-coder:7b,2 套（中等）,1.283
6594,Ivory coast,zh,Chinese,qwen2.5-coder:7b,象牙海岸,0.806
6595,Rating:,zh,Chinese,qwen2.5-coder:7b,评分：,0.607
6596,Short Circuit,zh,Chinese,qwen2.5-coder:7b,短路,0.666
6597,Progress Bar,zh,Chinese,qwen2.5-coder:7b,进度条,0.686
6598,13th Last,zh,Chinese,qwen2.5-coder:7b,倒数第13个,1.08
6599,KDE Info Center,zh,Chinese,qwen2.5-coder:7b,KDE 信息中心,0.966
6600,XML Parsing Error,zh,Chinese,qwen2.5-coder:7b,XML解析错误,0.756
6601,Andromeda Galaxy,zh,Chinese,qwen2.5-coder:7b,仙女座星系,0.892
6602,Executed,zh,Chinese,qwen2.5-coder:7b,执行,0.541
6603,Filename definition:,zh,Chinese,qwen2.5-coder:7b,文件名定义：,0.937
6604,Progress,zh,Chinese,qwen2.5-coder:7b,进度,0.505
6605,Color mode,zh,Chinese,qwen2.5-coder:7b,颜色模式,0.63
6606,Newsgroups,zh,Chinese,qwen2.5-coder:7b,新闻组,0.647
6607,Superlative:,zh,Chinese,qwen2.5-coder:7b,最优秀：,0.738
6608,Maxpect,zh,Chinese,qwen2.5-coder:7b,Maxpect,0.61
6609,Remove selected tag,zh,Chinese,qwen2.5-coder:7b,移除选中的标签,0.957
6610,FS Type,zh,Chinese,qwen2.5-coder:7b,文件系统类型,0.71
6611,Created,zh,Chinese,qwen2.5-coder:7b,创建,0.485
6612,Example Training,zh,Chinese,qwen2.5-coder:7b,示例培训,0.716
6613,X Offset,zh,Chinese,qwen2.5-coder:7b,X 偏移量,1.009
6614,Swedish,zh,Chinese,qwen2.5-coder:7b,瑞典语,0.654
6615,Belgian (fr-be),zh,Chinese,qwen2.5-coder:7b,比利时（法语）,1.051
6616,New PhotoSet,zh,Chinese,qwen2.5-coder:7b,新照片集,0.766
6617,Unnamed Macro #%1,zh,Chinese,qwen2.5-coder:7b,未命名宏 #%1,0.989
6618,Telephone:,zh,Chinese,qwen2.5-coder:7b,电话：,0.579
6619,Network routes,zh,Chinese,qwen2.5-coder:7b,网络路由,0.615
6620,General (1),zh,Chinese,qwen2.5-coder:7b,通用 (1),0.899
6621,Photo size,zh,Chinese,qwen2.5-coder:7b,照片大小,0.635
6622,Sound Settings,zh,Chinese,qwen2.5-coder:7b,声音设置,0.626
6623,Start operation,zh,Chinese,qwen2.5-coder:7b,开始操作,0.664
6624,Tea time:,zh,Chinese,qwen2.5-coder:7b,茶点时间：,0.856
6625,Vocabularies,zh,Chinese,qwen2.5-coder:7b,词汇表,0.703
6626,LightGoldenrod,zh,Chinese,qwen2.5-coder:7b,浅金色,0.649
6627,stepSize,zh,Chinese,qwen2.5-coder:7b,步长,0.612
6628,& Example Tool,zh,Chinese,qwen2.5-coder:7b,& 示例工具,0.726
6629,Stretch contrast,zh,Chinese,qwen2.5-coder:7b,对比度拉伸,0.861
6630,Projection:,zh,Chinese,qwen2.5-coder:7b,投影:,0.629
6631,Miner for kat,zh,Chinese,qwen2.5-coder:7b,矿工 for kat,1.156
6632,Creation date,zh,Chinese,qwen2.5-coder:7b,创建日期,0.659
6633,repeat number {...},zh,Chinese,qwen2.5-coder:7b,重复数字 {...},0.848
6634,IP Addresses:,zh,Chinese,qwen2.5-coder:7b,IP 地址：,0.904
6635,Preview,zh,Chinese,qwen2.5-coder:7b,预览,0.577
6636,Get help...,zh,Chinese,qwen2.5-coder:7b,获取帮助...,0.741
6637,Log Message,zh,Chinese,qwen2.5-coder:7b,日志消息,0.756
6638,Group password: %1,zh,Chinese,qwen2.5-coder:7b,群组密码: %1,1.146
6639,Pairs,zh,Chinese,qwen2.5-coder:7b,成对出现,0.718
6640,ImagePlugin_ChannelMixer,zh,Chinese,qwen2.5-coder:7b,图像插件_通道混合器,1.235
6641,& Kind of Group,zh,Chinese,qwen2.5-coder:7b,群组类型,0.789
6642,Finished Copying CSS...,zh,Chinese,qwen2.5-coder:7b,完成复制 CSS...,0.929
6643,Paragraph Space,zh,Chinese,qwen2.5-coder:7b,段落间距,0.727
6644,Canada/ Atlantic,zh,Chinese,qwen2.5-coder:7b,加拿大/大西洋,0.913
6645,Print Style,zh,Chinese,qwen2.5-coder:7b,打印样式,0.654
6646,Already at %1,zh,Chinese,qwen2.5-coder:7b,已经在 %1,0.843
6647,Music Collection,zh,Chinese,qwen2.5-coder:7b,音乐收藏,0.617
6648,horizontalBox,zh,Chinese,qwen2.5-coder:7b,水平框,0.619
6649,< < & Remove,zh,Chinese,qwen2.5-coder:7b,< < & 移除,1.175
6650,& MAL server name:,zh,Chinese,qwen2.5-coder:7b,& MAL 服务器名称:,1.167
6651,Increase & Hue,zh,Chinese,qwen2.5-coder:7b,增加 & 色相,1.201
6652,Hangup,zh,Chinese,qwen2.5-coder:7b,挂断,0.672
6653,Nepomuk Activities Service,zh,Chinese,qwen2.5-coder:7b,Nepomuk 活动服务,1.463
6654,surname,zh,Chinese,qwen2.5-coder:7b,姓氏,0.585
6655,Log & file:,zh,Chinese,qwen2.5-coder:7b,日志 & 文件:,0.982
6656,Move History,zh,Chinese,qwen2.5-coder:7b,移动历史记录,0.751
6657,Do Not Store,zh,Chinese,qwen2.5-coder:7b,不要存储,0.664
6658,Performance Tuning,zh,Chinese,qwen2.5-coder:7b,性能调优,0.775
6659,Automatic detection,zh,Chinese,qwen2.5-coder:7b,自动检测,0.645
6660,Manage Filters,zh,Chinese,qwen2.5-coder:7b,管理过滤器,0.722
6661,Loading FITS,zh,Chinese,qwen2.5-coder:7b,加载 FITS,0.763
6662,Access Point scanning (ap_scan),zh,Chinese,qwen2.5-coder:7b,访问点扫描 (ap_scan),1.366
6663,Name Selection,zh,Chinese,qwen2.5-coder:7b,名称选择,0.628
6664,space,zh,Chinese,qwen2.5-coder:7b,空间,0.498
6665,Players are %1 and %2,zh,Chinese,qwen2.5-coder:7b,玩家是 %1 和 %2,1.362
6666,(La)TeX Source Files,zh,Chinese,qwen2.5-coder:7b,LaTeX 源文件,1.191
6667,Case & sensitive,zh,Chinese,qwen2.5-coder:7b,大小写敏感,0.812
6668,Unable to find '%1 ',zh,Chinese,qwen2.5-coder:7b,无法找到“%1”,1.186
6669,Stamp,zh,Chinese,qwen2.5-coder:7b,邮票,0.616
6670,Enter for example lp.,zh,Chinese,qwen2.5-coder:7b,请输入 lp 作为示例。,1.18
6671,Delta Row,zh,Chinese,qwen2.5-coder:7b,三角行,0.809
6672,Wavelength:,zh,Chinese,qwen2.5-coder:7b,波长：,0.77
6673,Continue,zh,Chinese,qwen2.5-coder:7b,继续,0.517
6674,Transfer,zh,Chinese,qwen2.5-coder:7b,转账,0.537
6675,Backup suffix,zh,Chinese,qwen2.5-coder:7b,备份后缀,0.757
6676,Fisheye lens,zh,Chinese,qwen2.5-coder:7b,鱼眼镜头,0.815
6677,Box Properties,zh,Chinese,qwen2.5-coder:7b,盒子属性,0.62
6678,Image file name:,zh,Chinese,qwen2.5-coder:7b,图片文件名：,0.89
6679,Background transparency:,zh,Chinese,qwen2.5-coder:7b,背景透明度：,0.798
6680,Test Actions,zh,Chinese,qwen2.5-coder:7b,测试操作,0.612
6681,Editing Expressions/ Actions,zh,Chinese,qwen2.5-coder:7b,编辑表达式/操作,0.994
6682,Target language:,zh,Chinese,qwen2.5-coder:7b,目标语言：,0.755
6683,KOrganizer event duration:,zh,Chinese,qwen2.5-coder:7b,KOrganizer 事件持续时间：,1.348
6684,project configuration file,zh,Chinese,qwen2.5-coder:7b,项目配置文件,0.806
6685,Plugin for KGet,zh,Chinese,qwen2.5-coder:7b,KGet 插件,0.973
6686,ask,zh,Chinese,qwen2.5-coder:7b,询问,0.487
6687,KDE's application finder,zh,Chinese,qwen2.5-coder:7b,KDE的应用查找器,1.015
6688,Formula tool,zh,Chinese,qwen2.5-coder:7b,公式工具,0.646
6689,Domain & name:,zh,Chinese,qwen2.5-coder:7b,域名 & 名称:,1.023
6690,Data Format,zh,Chinese,qwen2.5-coder:7b,数据格式,0.654
6691,Size (KB),zh,Chinese,qwen2.5-coder:7b,大小 (KB),0.875
6692,Video Bitrate:,zh,Chinese,qwen2.5-coder:7b,视频比特率：,0.834
6693,Could not start %1,zh,Chinese,qwen2.5-coder:7b,无法启动 %1,0.925
6694,TTY/ TTD Phone,zh,Chinese,qwen2.5-coder:7b,TTY/ TTD 电话,1.123
6695,Online Enrollment Method,zh,Chinese,qwen2.5-coder:7b,在线报名方法,0.775
6696,Text Association,zh,Chinese,qwen2.5-coder:7b,文本关联,0.641
6697,openDesktop Account,zh,Chinese,qwen2.5-coder:7b,桌面开放账号,0.778
6698,File Listing Options,zh,Chinese,qwen2.5-coder:7b,文件列表选项,0.744
6699,Image Sizes,zh,Chinese,qwen2.5-coder:7b,图片大小,0.62
6700,Port number,zh,Chinese,qwen2.5-coder:7b,端口号,0.678
6701,Skin Definition,zh,Chinese,qwen2.5-coder:7b,皮肤定义,0.654
6702,of Qi`dah,zh,Chinese,qwen2.5-coder:7b,奇达,0.711
6703,Image formats,zh,Chinese,qwen2.5-coder:7b,图像格式,0.647
6704,Lattice Maze,zh,Chinese,qwen2.5-coder:7b,格子迷宫,0.876
6705,Parsing Error,zh,Chinese,qwen2.5-coder:7b,解析错误,0.634
6706,Edit IPTC...,zh,Chinese,qwen2.5-coder:7b,编辑 IPTC...,0.872
6707,Template Management,zh,Chinese,qwen2.5-coder:7b,模板管理,0.639
6708,Javanese,zh,Chinese,qwen2.5-coder:7b,爪哇语,0.756
6709,Heavy,zh,Chinese,qwen2.5-coder:7b,重,0.485
6710,File Comparison And Merge,zh,Chinese,qwen2.5-coder:7b,文件比较与合并,0.921
6711,View Modes,zh,Chinese,qwen2.5-coder:7b,查看模式,0.646
6712,Source Revision,zh,Chinese,qwen2.5-coder:7b,源代码修订版本,0.807
6713,Postscript Tools,zh,Chinese,qwen2.5-coder:7b,Postscript 工具,1.187
6714,Dial prefix:,zh,Chinese,qwen2.5-coder:7b,拨号前缀：,1.014
6715,Bookmark Media Sources View,zh,Chinese,qwen2.5-coder:7b,书签媒体源视图,1.101
6716,Romania,zh,Chinese,qwen2.5-coder:7b,罗马尼亚,0.643
6717,Preview URL:,zh,Chinese,qwen2.5-coder:7b,预览URL：,0.822
6718,hide (sh),zh,Chinese,qwen2.5-coder:7b,隐藏 (yǐng yuǒ),1.336
6719,Presentation Slides:,zh,Chinese,qwen2.5-coder:7b,演示文稿：,0.922
6720,Authentication direction:,zh,Chinese,qwen2.5-coder:7b,认证方向：,0.763
6721,Year Format,zh,Chinese,qwen2.5-coder:7b,年份格式,0.743
6722,XMLUI conversion,zh,Chinese,qwen2.5-coder:7b,XMLUI转换,0.774
6723,Phrases,zh,Chinese,qwen2.5-coder:7b,短语,0.624
6724,Fertility,zh,Chinese,qwen2.5-coder:7b,生育能力,0.608
6725,Generate Stub,zh,Chinese,qwen2.5-coder:7b,生成存根,0.711
6726,RoundRect,zh,Chinese,qwen2.5-coder:7b,圆形矩形,0.724
6727,Bit depth:,zh,Chinese,qwen2.5-coder:7b,位深度:,0.742
6728,Håvard Frøiland & Haavard. Froeiland. mail;,zh,Chinese,qwen2.5-coder:7b,哈vard Frøiland & Haavard. Froeiland. 邮箱;,2.931
6729,restLengthVariance,zh,Chinese,qwen2.5-coder:7b,休息长度变化,0.779
6730,Cloudy,zh,Chinese,qwen2.5-coder:7b,多云,0.63
6731,Center:,zh,Chinese,qwen2.5-coder:7b,中心：,0.58
6732,This week,zh,Chinese,qwen2.5-coder:7b,本周,0.533
6733,Measurement Converter,zh,Chinese,qwen2.5-coder:7b,测量转换器,0.78
6734,Kate Highlight Definition,zh,Chinese,qwen2.5-coder:7b,凯特高亮定义,0.988
6735,Account Type,zh,Chinese,qwen2.5-coder:7b,账户类型,0.625
6736,soft,zh,Chinese,qwen2.5-coder:7b,软,0.477
6737,publisher,zh,Chinese,qwen2.5-coder:7b,出版商,0.567
6738,Change share command:,zh,Chinese,qwen2.5-coder:7b,更改共享命令：,0.846
6739,Look at %1,zh,Chinese,qwen2.5-coder:7b,看看 %1,0.799
6740,Display options:,zh,Chinese,qwen2.5-coder:7b,显示选项：,0.709
6741,White Wine,zh,Chinese,qwen2.5-coder:7b,白葡萄酒,0.617
6742,Settlement,zh,Chinese,qwen2.5-coder:7b,结算,0.548
6743,dark green,zh,Chinese,qwen2.5-coder:7b,深绿色,0.697
6744,Extender Position,zh,Chinese,qwen2.5-coder:7b,扩展器位置,0.769
6745,Page & set:,zh,Chinese,qwen2.5-coder:7b,页面 & 设置:,0.962
6746,Ctrl; Q File Quit,zh,Chinese,qwen2.5-coder:7b,Ctrl; Q 文件 退出,1.142
6747,& Groups,zh,Chinese,qwen2.5-coder:7b,&组,0.646
6748,Game Fleet Overview,zh,Chinese,qwen2.5-coder:7b,游戏舰队概览,0.875
6749,Slope Practise,zh,Chinese,qwen2.5-coder:7b,坡度练习,0.777
6750,& Topic,zh,Chinese,qwen2.5-coder:7b,& 主题,0.739
6751,Line art,zh,Chinese,qwen2.5-coder:7b,线条艺术,0.64
6752,At Night,zh,Chinese,qwen2.5-coder:7b,夜晚,0.544
6753,& Matrix Environments,zh,Chinese,qwen2.5-coder:7b,& 矩阵环境,1.184
6754,Window Tabbing,zh,Chinese,qwen2.5-coder:7b,窗口切换,0.767
6755,Magnification,zh,Chinese,qwen2.5-coder:7b,放大,0.557
6756,Tag actions,zh,Chinese,qwen2.5-coder:7b,标签操作,0.631
6757,Directory security mask:,zh,Chinese,qwen2.5-coder:7b,目录安全掩码：,0.961
6758,Move 1,zh,Chinese,qwen2.5-coder:7b,移动 1,0.75
6759,Published: %1,zh,Chinese,qwen2.5-coder:7b,发布: %1,0.868
6760,CSV File,zh,Chinese,qwen2.5-coder:7b,CSV文件,0.632
6761,Auto Sheet Feeder,zh,Chinese,qwen2.5-coder:7b,自动纸张进纸器,1.134
6762,Done,zh,Chinese,qwen2.5-coder:7b,完成,0.532
6763,DarkBlue,zh,Chinese,qwen2.5-coder:7b,深蓝色,0.654
6764,Tape mounted.,zh,Chinese,qwen2.5-coder:7b,磁带已安装。,0.99
6765,Glossy finishing,zh,Chinese,qwen2.5-coder:7b,光亮抛光,0.897
6766,CVS & Output,zh,Chinese,qwen2.5-coder:7b,CVS & 输出,0.876
6767,Pointer acceleration,zh,Chinese,qwen2.5-coder:7b,指针加速,0.719
6768,Thumbnail size,zh,Chinese,qwen2.5-coder:7b,缩略图大小,0.863
6769,& Standard scheme:,zh,Chinese,qwen2.5-coder:7b,& 标准方案：,1.115
6770,Brightness / Contrast,zh,Chinese,qwen2.5-coder:7b,亮度 / 对比度,1.038
6771,Network Printer Information,zh,Chinese,qwen2.5-coder:7b,网络打印机信息,0.774
6772,Message Box dialog,zh,Chinese,qwen2.5-coder:7b,消息框对话框,0.877
6773,Snake Wipe Effect,zh,Chinese,qwen2.5-coder:7b,蛇形擦除效果,1.046
6774,D Code Generation,zh,Chinese,qwen2.5-coder:7b,D 代码生成,0.87
6775,Source Selection,zh,Chinese,qwen2.5-coder:7b,源选择,0.623
6776,New Moon,zh,Chinese,qwen2.5-coder:7b,新月,0.638
6777,Problem Reporter View,zh,Chinese,qwen2.5-coder:7b,问题报告视图,0.834
6778,inactive,zh,Chinese,qwen2.5-coder:7b,不活跃,0.604
6779,triangle,zh,Chinese,qwen2.5-coder:7b,三角形,0.598
6780,Basis Calculation method,zh,Chinese,qwen2.5-coder:7b,基础计算方法,0.792
6781,Button size:,zh,Chinese,qwen2.5-coder:7b,按钮大小：,0.751
6782,& Temperatures,zh,Chinese,qwen2.5-coder:7b,& 温度,0.868
6783,spriteshow (ss),zh,Chinese,qwen2.5-coder:7b,精灵动画 (ss),1.066
6784,Grandma,zh,Chinese,qwen2.5-coder:7b,奶奶,0.532
6785,Mailing List,zh,Chinese,qwen2.5-coder:7b,邮件列表,0.656
6786,& User Mailing List,zh,Chinese,qwen2.5-coder:7b,用户邮件列表,0.818
6787,JavaScript area,zh,Chinese,qwen2.5-coder:7b,JavaScript 区域,0.908
6788,& Deny,zh,Chinese,qwen2.5-coder:7b,&拒绝,0.693
6789,Presentation Document...,zh,Chinese,qwen2.5-coder:7b,演示文档...,0.784
6790,(Reverse DCC),zh,Chinese,qwen2.5-coder:7b,(反向 DCC),1.12
6791,Previous Terminal,zh,Chinese,qwen2.5-coder:7b,上一个终端,0.794
6792,Panamanian Balboa,zh,Chinese,qwen2.5-coder:7b,巴拿马巴波亚,1.11
6793,Doing A Directory Merge,zh,Chinese,qwen2.5-coder:7b,正在执行目录合并,0.909
6794,Telephone/ Fax:,zh,Chinese,qwen2.5-coder:7b,电话/传真:,0.869
6795,timeScale,zh,Chinese,qwen2.5-coder:7b,时间缩放,0.718
6796,Edit Element,zh,Chinese,qwen2.5-coder:7b,编辑元素,0.637
6797,Volume Name:,zh,Chinese,qwen2.5-coder:7b,音量名称：,0.807
6798,Slovakia,zh,Chinese,qwen2.5-coder:7b,斯洛伐克,0.868
6799,Drop speed,zh,Chinese,qwen2.5-coder:7b,丢弃速度,0.699
6800,Original:,zh,Chinese,qwen2.5-coder:7b,原始：,0.584
6801,Capitalize,zh,Chinese,qwen2.5-coder:7b,大写,0.868
6802,Header position:,zh,Chinese,qwen2.5-coder:7b,标题位置:,0.86
6803,Client channel:,zh,Chinese,qwen2.5-coder:7b,客户端通道：,0.732
6804,File Format,zh,Chinese,qwen2.5-coder:7b,文件格式,0.612
6805,Level?,zh,Chinese,qwen2.5-coder:7b,等级？,0.574
6806,Channel,zh,Chinese,qwen2.5-coder:7b,频道,0.519
6807,Cover size,zh,Chinese,qwen2.5-coder:7b,封面大小,0.603
6808,ColorSmart Business Graphics,zh,Chinese,qwen2.5-coder:7b,色智商务图形,0.877
6809,Screen Brightness,zh,Chinese,qwen2.5-coder:7b,屏幕亮度,0.671
6810,Compass Labels,zh,Chinese,qwen2.5-coder:7b,指南针标签,0.77
6811,(never),zh,Chinese,qwen2.5-coder:7b,(从不),0.841
6812,Team Development,zh,Chinese,qwen2.5-coder:7b,团队开发,0.696
6813,Profile name,zh,Chinese,qwen2.5-coder:7b,个人资料名称,0.781
6814,Query,zh,Chinese,qwen2.5-coder:7b,查询,0.487
6815,Major radius:,zh,Chinese,qwen2.5-coder:7b,主要半径：,0.841
6816,& Password:,zh,Chinese,qwen2.5-coder:7b,&密码:,0.778
6817,MediumPurple4,zh,Chinese,qwen2.5-coder:7b,中紫色4,0.859
6818,Endless,zh,Chinese,qwen2.5-coder:7b,无限,0.54
6819,Payee,zh,Chinese,qwen2.5-coder:7b,收款人,0.649
6820,User Manual,zh,Chinese,qwen2.5-coder:7b,用户手册,0.627
6821,Existing:,zh,Chinese,qwen2.5-coder:7b,现有：,0.59
6822,forward X,zh,Chinese,qwen2.5-coder:7b,向前移动 X,0.764
6823,Icon size,zh,Chinese,qwen2.5-coder:7b,图标大小,0.646
6824,SSL Certificate Password,zh,Chinese,qwen2.5-coder:7b,SSL证书密码,0.765
6825,Below,zh,Chinese,qwen2.5-coder:7b,下方,0.488
6826,& kaddressbook; -gt; & korganizer; To-do List,zh,Chinese,qwen2.5-coder:7b,& kaddressbook; -gt; & korganizer; 待办事项列表,2.802
6827,Updating %1...,zh,Chinese,qwen2.5-coder:7b,正在更新 %1...,1.038
6828,Feeds added: %1,zh,Chinese,qwen2.5-coder:7b,已添加的订阅：%1,1.151
6829,Shared %1,zh,Chinese,qwen2.5-coder:7b,共享 %1,0.732
6830,Rename download,zh,Chinese,qwen2.5-coder:7b,重命名下载,0.733
6831,& Collection...,zh,Chinese,qwen2.5-coder:7b,& 集合...,1.027
6832,Customizing & kuser;,zh,Chinese,qwen2.5-coder:7b,自定义 & kuser;,1.197
6833,User certificate,zh,Chinese,qwen2.5-coder:7b,用户证书,0.63
6834,Calendar View,zh,Chinese,qwen2.5-coder:7b,日历视图,0.817
6835,Ascending,zh,Chinese,qwen2.5-coder:7b,升序,0.592
6836,East,zh,Chinese,qwen2.5-coder:7b,东,0.504
6837,Printing error,zh,Chinese,qwen2.5-coder:7b,打印错误,0.652
6838,Levels of Gray,zh,Chinese,qwen2.5-coder:7b,灰度级别,0.801
6839,Group widgets,zh,Chinese,qwen2.5-coder:7b,分组部件,0.962
6840,Strikethrough,zh,Chinese,qwen2.5-coder:7b,删除线,0.703
6841,Test Groups,zh,Chinese,qwen2.5-coder:7b,测试组,0.656
6842,Consolidate,zh,Chinese,qwen2.5-coder:7b,合并,0.558
6843,Confidential,zh,Chinese,qwen2.5-coder:7b,机密,0.617
6844,New Hole,zh,Chinese,qwen2.5-coder:7b,新洞口,0.711
6845,& Vertically,zh,Chinese,qwen2.5-coder:7b,& 垂直,0.934
6846,& Spanish To,zh,Chinese,qwen2.5-coder:7b,&西班牙语到,0.844
6847,Any character,zh,Chinese,qwen2.5-coder:7b,任何字符,0.681
6848,& Ban List,zh,Chinese,qwen2.5-coder:7b,&禁用列表,0.916
6849,European foolscap,zh,Chinese,qwen2.5-coder:7b,欧洲 foolscap,0.914
6850,Plot & Area...,zh,Chinese,qwen2.5-coder:7b,剧情 & 地区...,1.132
6851,Stage & Padding:,zh,Chinese,qwen2.5-coder:7b,阶段 & 填充:,1.16
6852,Framework Version,zh,Chinese,qwen2.5-coder:7b,框架版本,0.632
6853,Minimum rate of growth,zh,Chinese,qwen2.5-coder:7b,最低增长率,0.673
6854,Mono-Channel,zh,Chinese,qwen2.5-coder:7b,单声道,0.647
6855,Dial,zh,Chinese,qwen2.5-coder:7b,拨号,0.611
6856,Boron,zh,Chinese,qwen2.5-coder:7b,硼,0.521
6857,Function & 5:,zh,Chinese,qwen2.5-coder:7b,功能 & 5:,1.032
6858,Castle View,zh,Chinese,qwen2.5-coder:7b,城堡视图,0.794
6859,The panel,zh,Chinese,qwen2.5-coder:7b,面板,0.53
6860,Grow...,zh,Chinese,qwen2.5-coder:7b,成长...,0.697
6861,East Flanders,zh,Chinese,qwen2.5-coder:7b,东弗兰德斯,0.974
6862,Files > >,zh,Chinese,qwen2.5-coder:7b,文件 > >,0.762
6863,Iris Wipe Effect,zh,Chinese,qwen2.5-coder:7b,iris wipe effect,1.103
6864,Idle.,zh,Chinese,qwen2.5-coder:7b,空闲。,0.718
6865,Files:,zh,Chinese,qwen2.5-coder:7b,文件:,0.652
6866,Bottom Dock,zh,Chinese,qwen2.5-coder:7b,底部停靠,0.734
6867,New type: other,zh,Chinese,qwen2.5-coder:7b,新类型：其他,0.92
6868,K3b data project,zh,Chinese,qwen2.5-coder:7b,K3b 数据项目,1.042
6869,Smooth point,zh,Chinese,qwen2.5-coder:7b,平滑点,0.724
6870,Output Bin,zh,Chinese,qwen2.5-coder:7b,输出桶,0.605
6871,Dark Blue,zh,Chinese,qwen2.5-coder:7b,深蓝色,0.642
6872,union,zh,Chinese,qwen2.5-coder:7b,联合,0.51
6873,Application version string,zh,Chinese,qwen2.5-coder:7b,应用程序版本字符串,0.785
6874,Space Arcade Game,zh,Chinese,qwen2.5-coder:7b,太空街机游戏,0.887
6875,Subscription,zh,Chinese,qwen2.5-coder:7b,订阅,0.493
6876,Custom 4,zh,Chinese,qwen2.5-coder:7b,自定义 4,0.884
6877,Clipboard History,zh,Chinese,qwen2.5-coder:7b,剪贴板历史记录,0.948
6878,BCC:,zh,Chinese,qwen2.5-coder:7b,密送：,0.748
6879,Number of toasters,zh,Chinese,qwen2.5-coder:7b,烤箱数量,0.8
6880,Pad 8 - Sweep,zh,Chinese,qwen2.5-coder:7b,8号 - 扫描,1.37
6881,Graphics system:,zh,Chinese,qwen2.5-coder:7b,图形系统：,0.723
6882,Unmodified,zh,Chinese,qwen2.5-coder:7b,未修改,0.617
6883,Cache size:,zh,Chinese,qwen2.5-coder:7b,缓存大小：,0.798
6884,& Mail this...,zh,Chinese,qwen2.5-coder:7b,&发送邮件...,0.863
6885,Project Close Project,zh,Chinese,qwen2.5-coder:7b,关闭项目,0.69
6886,Stacker-Separator-Collator,zh,Chinese,qwen2.5-coder:7b,堆叠-分隔符-合并器,1.47
6887,Gray Scale,zh,Chinese,qwen2.5-coder:7b,灰度模式,0.768
6888,Screen size:,zh,Chinese,qwen2.5-coder:7b,屏幕大小：,0.726
6889,Height 1,zh,Chinese,qwen2.5-coder:7b,高度 1,0.747
6890,Functions,zh,Chinese,qwen2.5-coder:7b,功能,0.495
6891,Start In Terminal,zh,Chinese,qwen2.5-coder:7b,在终端启动,0.736
6892,resource,zh,Chinese,qwen2.5-coder:7b,资源,0.484
6893,Strange,zh,Chinese,qwen2.5-coder:7b,奇怪的,0.578
6894,Function group,zh,Chinese,qwen2.5-coder:7b,功能组,0.605
6895,Date format,zh,Chinese,qwen2.5-coder:7b,日期格式,0.641
6896,Property Changes,zh,Chinese,qwen2.5-coder:7b,属性更改,0.687
6897,& Descending,zh,Chinese,qwen2.5-coder:7b,& 降序,0.963
6898,Example.,zh,Chinese,qwen2.5-coder:7b,示例。,0.72
6899,Frame Shape,zh,Chinese,qwen2.5-coder:7b,框架形状,0.626
6900,User Identification,zh,Chinese,qwen2.5-coder:7b,用户识别,0.624
6901,Increase contrast,zh,Chinese,qwen2.5-coder:7b,增加对比度,0.709
6902,Function macro,zh,Chinese,qwen2.5-coder:7b,函数宏,0.61
6903,Volume accounting:,zh,Chinese,qwen2.5-coder:7b,成本核算:,0.793
6904,Preferred accounts,zh,Chinese,qwen2.5-coder:7b,首选账户,0.656
6905,Do n't Panic,zh,Chinese,qwen2.5-coder:7b,不要恐慌,0.736
6906,Latvian latas,zh,Chinese,qwen2.5-coder:7b,拉脱维亚货币,1.083
6907,Look Desert Theme,zh,Chinese,qwen2.5-coder:7b,查看沙漠主题,0.805
6908,Minimum Expanding,zh,Chinese,qwen2.5-coder:7b,最小扩展,0.676
6909,RTF Compressed,zh,Chinese,qwen2.5-coder:7b,RTF 压缩,1.12
6910,Row source:,zh,Chinese,qwen2.5-coder:7b,行数据源：,0.839
6911,Rendering Intent,zh,Chinese,qwen2.5-coder:7b,渲染意图,0.619
6912,Memory view,zh,Chinese,qwen2.5-coder:7b,内存视图,0.706
6913,New folder,zh,Chinese,qwen2.5-coder:7b,新建文件夹,0.754
6914,Silver,zh,Chinese,qwen2.5-coder:7b,银色,0.609
6915,Main Script File,zh,Chinese,qwen2.5-coder:7b,主脚本文件,0.854
6916,%1 has been exited.,zh,Chinese,qwen2.5-coder:7b,%1 已退出。,1.178
6917,View Style,zh,Chinese,qwen2.5-coder:7b,查看样式,0.677
6918,Go To,zh,Chinese,qwen2.5-coder:7b,转到,0.63
6919,Color Matrix,zh,Chinese,qwen2.5-coder:7b,颜色矩阵,0.652
6920,Skip Item,zh,Chinese,qwen2.5-coder:7b,跳过该项,0.784
6921,Letter Synchronization,zh,Chinese,qwen2.5-coder:7b,信件同步,0.742
6922,Time Tracker Component,zh,Chinese,qwen2.5-coder:7b,时间跟踪组件,0.759
6923,Shutter priority,zh,Chinese,qwen2.5-coder:7b,快门优先,0.79
6924,Average,zh,Chinese,qwen2.5-coder:7b,平均值,0.598
6925,Translated,zh,Chinese,qwen2.5-coder:7b,已翻译,0.583
6926,Scan Network,zh,Chinese,qwen2.5-coder:7b,扫描网络,0.629
6927,Play Order,zh,Chinese,qwen2.5-coder:7b,播放顺序,0.617
6928,Add Scripts,zh,Chinese,qwen2.5-coder:7b,添加脚本,0.715
6929,KTTS - Text-to-Speech,zh,Chinese,qwen2.5-coder:7b,KTTS - 文本转语音,1.347
6930,Events: %1,zh,Chinese,qwen2.5-coder:7b,事件: %1,0.899
6931,Available:,zh,Chinese,qwen2.5-coder:7b,可用：,0.586
6932,Layout mode:,zh,Chinese,qwen2.5-coder:7b,布局模式：,0.734
6933,(once),zh,Chinese,qwen2.5-coder:7b,(一次),0.705
6934,Boot load size:,zh,Chinese,qwen2.5-coder:7b,启动加载大小：,0.907
6935,Next Due Date,zh,Chinese,qwen2.5-coder:7b,下次到期日,0.767
6936,Server group,zh,Chinese,qwen2.5-coder:7b,服务器组,0.63
6937,Bytes (Encoded):,zh,Chinese,qwen2.5-coder:7b,字节（编码）：,1.081
6938,Rating > =,zh,Chinese,qwen2.5-coder:7b,评分 >= ,0.925
6939,Filenames,zh,Chinese,qwen2.5-coder:7b,文件名,0.685
6940,Playlists,zh,Chinese,qwen2.5-coder:7b,播放列表,0.624
6941,Camera List,zh,Chinese,qwen2.5-coder:7b,相机列表,0.62
6942,Allow 8-bit encoding,zh,Chinese,qwen2.5-coder:7b,允许8位编码,0.959
6943,Particle gas,zh,Chinese,qwen2.5-coder:7b,粒子气体,0.631
6944,NULL pointer,zh,Chinese,qwen2.5-coder:7b,空指针,0.724
6945,Remove Items?,zh,Chinese,qwen2.5-coder:7b,移除项目？,0.87
6946,Device Toolbar,zh,Chinese,qwen2.5-coder:7b,设备工具栏,0.738
6947,Suggestion List,zh,Chinese,qwen2.5-coder:7b,建议列表,0.664
6948,Untranslated:,zh,Chinese,qwen2.5-coder:7b,未翻译：,0.736
6949,Cook Islands,zh,Chinese,qwen2.5-coder:7b,库克群岛,0.732
6950,Using & kformula;,zh,Chinese,qwen2.5-coder:7b,使用 & kformula;,1.067
6951,Print & week,zh,Chinese,qwen2.5-coder:7b,打印 & 周,1.027
6952,Sprays graffiti,zh,Chinese,qwen2.5-coder:7b,喷涂涂鸦,0.891
6953,Maple,zh,Chinese,qwen2.5-coder:7b,枫叶,0.635
6954,No profile,zh,Chinese,qwen2.5-coder:7b,没有配置文件,0.726
6955,Increase,zh,Chinese,qwen2.5-coder:7b,增加,0.493
6956,File Operations,zh,Chinese,qwen2.5-coder:7b,文件操作,0.641
6957,velocity,zh,Chinese,qwen2.5-coder:7b,速度,0.47
6958,& Submit tracks,zh,Chinese,qwen2.5-coder:7b,提交轨道 &,0.754
6959,Active console,zh,Chinese,qwen2.5-coder:7b,活动控制台,0.737
6960,& Loop,zh,Chinese,qwen2.5-coder:7b,& 循环,0.818
6961,Messier objects,zh,Chinese,qwen2.5-coder:7b,梅塞勒对象,0.951
6962,Data file,zh,Chinese,qwen2.5-coder:7b,数据文件,0.637
6963,Everything,zh,Chinese,qwen2.5-coder:7b,所有内容,0.58
6964,Gravity,zh,Chinese,qwen2.5-coder:7b,重力,0.571
6965,Current mixer,zh,Chinese,qwen2.5-coder:7b,当前混音器,0.807
6966,Edit Filter,zh,Chinese,qwen2.5-coder:7b,编辑过滤器,0.731
6967,Body,zh,Chinese,qwen2.5-coder:7b,身体,0.489
6968,Evening,zh,Chinese,qwen2.5-coder:7b,晚上,0.542
6969,Message Group,zh,Chinese,qwen2.5-coder:7b,消息组,0.651
6970,Reference Functions,zh,Chinese,qwen2.5-coder:7b,参考函数,0.637
6971,Zoom to 100%,zh,Chinese,qwen2.5-coder:7b,缩放到100%,1.154
6972,http is the H yper T ext T ransfer P rotocol.,zh,Chinese,qwen2.5-coder:7b,HTTP是超文本传输协议。,1.619
6973,Vendor String,zh,Chinese,qwen2.5-coder:7b,供应商字符串,0.648
6974,temporary,zh,Chinese,qwen2.5-coder:7b,临时的,0.612
6975,Landscapes,zh,Chinese,qwen2.5-coder:7b,风景,0.553
6976,ImagePlugin_LensDistortion,zh,Chinese,qwen2.5-coder:7b,镜头畸变,0.861
6977,Ship Movement,zh,Chinese,qwen2.5-coder:7b,船移动,0.614
6978,& Skip,zh,Chinese,qwen2.5-coder:7b,跳过 &,0.708
6979,Form Completion Entries,zh,Chinese,qwen2.5-coder:7b,表单完成条目,1.007
6980,Kolab user name,zh,Chinese,qwen2.5-coder:7b,Kolab 用户名,1.142
6981,Truck shape,zh,Chinese,qwen2.5-coder:7b,卡车形状,0.672
6982,Collaboration,zh,Chinese,qwen2.5-coder:7b,协作,0.561
6983,Selection: %1,zh,Chinese,qwen2.5-coder:7b,选择: %1,0.974
6984,Ink Reduction,zh,Chinese,qwen2.5-coder:7b,墨水节省,0.804
6985,Maximum traces:,zh,Chinese,qwen2.5-coder:7b,最大轨迹数：,0.812
6986,"Make a & DCOP; call. @dcop( kmail, KMailIface, checkMail(),)",zh,Chinese,qwen2.5-coder:7b,"拨打电话。@dcop( kmail, KMailIface, checkMail(),)",3.113
6987,Select Translation:,zh,Chinese,qwen2.5-coder:7b,选择翻译：,0.753
6988,Paraguayan Guarani,zh,Chinese,qwen2.5-coder:7b,巴拉圭瓜拉尼语,1.123
6989,& Use KWallet,zh,Chinese,qwen2.5-coder:7b,& 使用 KWallet,0.871
6990,Power Consumption %1 mA,zh,Chinese,qwen2.5-coder:7b,功耗 %1 毫安,1.429
6991,Loans,zh,Chinese,qwen2.5-coder:7b,贷款,0.554
6992,Coordinate Selection,zh,Chinese,qwen2.5-coder:7b,坐标选择,0.634
6993,Size 1:,zh,Chinese,qwen2.5-coder:7b,大小 1:,0.878
6994,frozen,zh,Chinese,qwen2.5-coder:7b,冻结,0.538
6995,Server List,zh,Chinese,qwen2.5-coder:7b,服务器列表,0.618
6996,Final Activity,zh,Chinese,qwen2.5-coder:7b,最终活动,0.623
6997,ICQ Reading status,zh,Chinese,qwen2.5-coder:7b,ICQ 阅读状态,1.26
6998,Advanced Tag/ Branch...,zh,Chinese,qwen2.5-coder:7b,高级标签/分支...,0.998
6999,Drawing angle,zh,Chinese,qwen2.5-coder:7b,绘图角度,0.742
7000,Explanation,zh,Chinese,qwen2.5-coder:7b,解释,0.504
7001,& Drag location:,zh,Chinese,qwen2.5-coder:7b,&拖动位置:,0.968
7002,Pause playback,zh,Chinese,qwen2.5-coder:7b,暂停播放,0.658
7003,observation_,zh,Chinese,qwen2.5-coder:7b,观察_,0.66
7004,UNIX Users,zh,Chinese,qwen2.5-coder:7b,UNIX 用户,0.716
7005,Log & level:,zh,Chinese,qwen2.5-coder:7b,日志级别:,0.869
7006,Action Properties,zh,Chinese,qwen2.5-coder:7b,操作属性,0.639
7007,Pad 2 - Warm,zh,Chinese,qwen2.5-coder:7b,垫2 - 温暖,1.286
7008,Highlight failed,zh,Chinese,qwen2.5-coder:7b,高亮失败,0.728
7009,Encryption preference:,zh,Chinese,qwen2.5-coder:7b,加密偏好:,0.746
7010,Spanish (Mexico),zh,Chinese,qwen2.5-coder:7b,西班牙语（墨西哥）,1.012
7011,Changes,zh,Chinese,qwen2.5-coder:7b,更改,0.515
7012,Certificate support,zh,Chinese,qwen2.5-coder:7b,证书支持,0.627
7013,Nature reserve,zh,Chinese,qwen2.5-coder:7b,自然保护区,0.616
7014,except,zh,Chinese,qwen2.5-coder:7b,除了,0.491
7015,Engineering,zh,Chinese,qwen2.5-coder:7b,工程,0.514
7016,Specials,zh,Chinese,qwen2.5-coder:7b,特价,0.542
7017,Out of paper,zh,Chinese,qwen2.5-coder:7b,用完了纸张,0.857
7018,Open with & Firefox,zh,Chinese,qwen2.5-coder:7b,使用 &Firefox 打开,1.118
7019,Apply Patch...,zh,Chinese,qwen2.5-coder:7b,应用补丁...,0.851
7020,Dependency,zh,Chinese,qwen2.5-coder:7b,依赖,0.514
7021,Filesystem,zh,Chinese,qwen2.5-coder:7b,文件系统,0.637
7022,Find Maximum Point,zh,Chinese,qwen2.5-coder:7b,查找最大点,0.754
7023,KsirK Preferences,zh,Chinese,qwen2.5-coder:7b,KsirK 设置,1.045
7024,Task View,zh,Chinese,qwen2.5-coder:7b,任务视图,0.801
7025,Payee source,zh,Chinese,qwen2.5-coder:7b,收款人来源,0.774
7026,Fast Forward,zh,Chinese,qwen2.5-coder:7b,快进,0.63
7027,"in bytes, for example > 1000",zh,Chinese,qwen2.5-coder:7b,以字节为单位，例如 > 1000,2.051
7028,DataSource,zh,Chinese,qwen2.5-coder:7b,数据源,0.597
7029,End:,zh,Chinese,qwen2.5-coder:7b,结束:,0.607
7030,Letterhead,zh,Chinese,qwen2.5-coder:7b,信纸,0.655
7031,like,zh,Chinese,qwen2.5-coder:7b,像,0.482
7032,Remote,zh,Chinese,qwen2.5-coder:7b,远程,0.476
7033,Iraqi Dinar,zh,Chinese,qwen2.5-coder:7b,伊拉克第纳尔,0.861
7034,Working Color Space:,zh,Chinese,qwen2.5-coder:7b,工作颜色空间：,0.861
7035,& Height:,zh,Chinese,qwen2.5-coder:7b,& 高度:,0.945
7036,Agency number,zh,Chinese,qwen2.5-coder:7b,代理编号,0.677
7037,End activity,zh,Chinese,qwen2.5-coder:7b,结束活动,0.656
7038,Unknown track,zh,Chinese,qwen2.5-coder:7b,未知轨道,0.692
7039,Show high scores,zh,Chinese,qwen2.5-coder:7b,显示高分,0.83
7040,Working with & umbrello;,zh,Chinese,qwen2.5-coder:7b,与 &umbrello; 一起工作；,1.623
7041,Single player,zh,Chinese,qwen2.5-coder:7b,单人游戏,0.738
7042,Look and feel,zh,Chinese,qwen2.5-coder:7b,外观和感觉,0.796
7043,Data Structure,zh,Chinese,qwen2.5-coder:7b,数据结构,0.629
7044,AutoStart Configuration,zh,Chinese,qwen2.5-coder:7b,自动启动配置,0.81
7045,Accept friendship,zh,Chinese,qwen2.5-coder:7b,接受友谊,0.651
7046,Task selection,zh,Chinese,qwen2.5-coder:7b,任务选择,0.614
7047,& Anonymous,zh,Chinese,qwen2.5-coder:7b,匿名,0.512
7048,Duplicate Entry,zh,Chinese,qwen2.5-coder:7b,重复条目,0.739
7049,Squaring,zh,Chinese,qwen2.5-coder:7b,平方,0.557
7050,Music Theory,zh,Chinese,qwen2.5-coder:7b,音乐理论,0.638
7051,Yearly Budget,zh,Chinese,qwen2.5-coder:7b,年度预算,0.668
7052,& Code Environment,zh,Chinese,qwen2.5-coder:7b,& 代码环境,0.863
7053,paused,zh,Chinese,qwen2.5-coder:7b,暂停,0.538
7054,& Language is:,zh,Chinese,qwen2.5-coder:7b,&语言是：,0.858
7055,Vector Drawing,zh,Chinese,qwen2.5-coder:7b,矢量绘图,0.852
7056,Calls,zh,Chinese,qwen2.5-coder:7b,通话记录,0.584
7057,& Group size:,zh,Chinese,qwen2.5-coder:7b,& 组大小:,0.98
7058,& Layer,zh,Chinese,qwen2.5-coder:7b,&图层,0.699
7059,Address Selection,zh,Chinese,qwen2.5-coder:7b,地址选择,0.657
7060,Dolphin View Modes,zh,Chinese,qwen2.5-coder:7b,海豚视图模式,1.011
7061,New Account,zh,Chinese,qwen2.5-coder:7b,新账户,0.694
7062,Lead 4 - Chiflead,zh,Chinese,qwen2.5-coder:7b,4 - 雷飞达,1.482
7063,Nepomuk Desktop Search Runner,zh,Chinese,qwen2.5-coder:7b,桌面搜索运行器,0.997
7064,Anytime,zh,Chinese,qwen2.5-coder:7b,任何时候,0.533
7065,Batch Process,zh,Chinese,qwen2.5-coder:7b,批量处理,0.623
7066,Side Pane,zh,Chinese,qwen2.5-coder:7b,侧边栏,0.742
7067,Tagger Delete,zh,Chinese,qwen2.5-coder:7b,标签删除,0.726
7068,Equal to,zh,Chinese,qwen2.5-coder:7b,等于,0.573
7069,Failed to create folder,zh,Chinese,qwen2.5-coder:7b,文件夹创建失败,0.925
7070,introduction,zh,Chinese,qwen2.5-coder:7b,介绍,0.534
7071,Increase:,zh,Chinese,qwen2.5-coder:7b,增加：,0.597
7072,Data View.,zh,Chinese,qwen2.5-coder:7b,数据视图。,0.818
7073,E Orientation East,zh,Chinese,qwen2.5-coder:7b,东方,0.558
7074,Element Size,zh,Chinese,qwen2.5-coder:7b,元素大小,0.626
7075,Shadow password file:,zh,Chinese,qwen2.5-coder:7b,影子密码文件:,1.041
7076,Setuid User: %1,zh,Chinese,qwen2.5-coder:7b,设置用户: %1,1.152
7077,Stage,zh,Chinese,qwen2.5-coder:7b,阶段,0.486
7078,Actions Toolbar,zh,Chinese,qwen2.5-coder:7b,操作工具栏,0.705
7079,Cover manager,zh,Chinese,qwen2.5-coder:7b,封面管理器,0.732
7080,backup copy,zh,Chinese,qwen2.5-coder:7b,备份副本,0.637
7081,Navigating Modules,zh,Chinese,qwen2.5-coder:7b,模块导航,0.672
7082,Pictures path:,zh,Chinese,qwen2.5-coder:7b,图片路径：,0.734
7083,Lecture Properties,zh,Chinese,qwen2.5-coder:7b,讲座属性,0.705
7084,SliderHandle,zh,Chinese,qwen2.5-coder:7b,滑块手柄,0.86
7085,Credits:,zh,Chinese,qwen2.5-coder:7b,致谢：,0.735
7086,22nd Last,zh,Chinese,qwen2.5-coder:7b,倒数第22个,1.099
7087,Height Field,zh,Chinese,qwen2.5-coder:7b,高度场,0.66
7088,Water level:,zh,Chinese,qwen2.5-coder:7b,水位：,0.733
7089,Payee:,zh,Chinese,qwen2.5-coder:7b,收款人：,0.775
7090,& Your name:,zh,Chinese,qwen2.5-coder:7b,& 你的名字:,0.996
7091,Search Bar,zh,Chinese,qwen2.5-coder:7b,搜索栏,0.655
7092,& Copy...,zh,Chinese,qwen2.5-coder:7b,& 复制...,0.905
7093,The [Shutdown] section of & kdmrc;,zh,Chinese,qwen2.5-coder:7b,"关机"" 部分 of & kdmrc;",2.172
7094,Stacker,zh,Chinese,qwen2.5-coder:7b,堆叠器,0.737
7095,WEP key:,zh,Chinese,qwen2.5-coder:7b,WEP 密钥：,1.122
7096,Frame color & 1:,zh,Chinese,qwen2.5-coder:7b,边框颜色 & 1:,1.319
7097,Game Description,zh,Chinese,qwen2.5-coder:7b,游戏描述,0.659
7098,Digest,zh,Chinese,qwen2.5-coder:7b,摘要,0.517
7099,new_field,zh,Chinese,qwen2.5-coder:7b,新字段,0.645
7100,Network Watcher,zh,Chinese,qwen2.5-coder:7b,网络监视器,0.764
7101,Window Decorations,zh,Chinese,qwen2.5-coder:7b,窗口装饰,0.645
7102,& quantaplus; Development Team,zh,Chinese,qwen2.5-coder:7b,&quantaplus;开发团队,1.297
7103,"Starting ""%1""...",zh,Chinese,qwen2.5-coder:7b,"正在启动 ""%1""...",1.288
7104,Edit Modem:,zh,Chinese,qwen2.5-coder:7b,编辑调制解调器：,1.148
7105,Simple test,zh,Chinese,qwen2.5-coder:7b,简单测试,0.609
7106,Gas Calculator,zh,Chinese,qwen2.5-coder:7b,气体计算器,0.623
7107,Round:,zh,Chinese,qwen2.5-coder:7b,回合：,0.605
7108,Whole words,zh,Chinese,qwen2.5-coder:7b,整词,0.638
7109,Preparation Time,zh,Chinese,qwen2.5-coder:7b,准备时间,0.663
7110,delete,zh,Chinese,qwen2.5-coder:7b,删除,0.513
7111,Area Name...,zh,Chinese,qwen2.5-coder:7b,区域名称...,0.731
7112,LightSkyBlue,zh,Chinese,qwen2.5-coder:7b,浅蓝色,0.662
7113,& Policy,zh,Chinese,qwen2.5-coder:7b,&政策,0.633
7114,Signed,zh,Chinese,qwen2.5-coder:7b,已签名,0.652
7115,Printer Setting,zh,Chinese,qwen2.5-coder:7b,打印机设置,0.621
7116,Image Practice,zh,Chinese,qwen2.5-coder:7b,图像练习,0.653
7117,Pure DOM Tree,zh,Chinese,qwen2.5-coder:7b,纯DOM树,0.804
7118,Rename Format:,zh,Chinese,qwen2.5-coder:7b,重命名格式：,0.835
7119,Group Properties,zh,Chinese,qwen2.5-coder:7b,群组属性,0.745
7120,Game Over!,zh,Chinese,qwen2.5-coder:7b,游戏结束！,0.731
7121,Required tools:,zh,Chinese,qwen2.5-coder:7b,必需的工具：,0.834
7122,Suspend,zh,Chinese,qwen2.5-coder:7b,暂停,0.548
7123,Speech Synthesizer Frontend,zh,Chinese,qwen2.5-coder:7b,语音合成前端,0.925
7124,Grid color,zh,Chinese,qwen2.5-coder:7b,网格颜色,0.618
7125,Replies,zh,Chinese,qwen2.5-coder:7b,回复,0.517
7126,description,zh,Chinese,qwen2.5-coder:7b,描述,0.483
7127,Force Field:,zh,Chinese,qwen2.5-coder:7b,力场：,0.748
7128,Legal Frame Size,zh,Chinese,qwen2.5-coder:7b,法律框架大小,0.767
7129,Rel. Humidity:,zh,Chinese,qwen2.5-coder:7b,相对湿度:,0.776
7130,Current Sentence,zh,Chinese,qwen2.5-coder:7b,当前句子,0.643
7131,Account Details,zh,Chinese,qwen2.5-coder:7b,账户详情,0.638
7132,Unique Constraint...,zh,Chinese,qwen2.5-coder:7b,唯一约束...,0.74
7133,fraction,zh,Chinese,qwen2.5-coder:7b,分数,0.525
7134,Color separations,zh,Chinese,qwen2.5-coder:7b,颜色分离,0.705
7135,Svg filename,zh,Chinese,qwen2.5-coder:7b,SVG文件名,0.744
7136,Temperature Alarm,zh,Chinese,qwen2.5-coder:7b,温度警报,0.738
7137,& Degree,zh,Chinese,qwen2.5-coder:7b,&学位,0.629
7138,Enter,zh,Chinese,qwen2.5-coder:7b,输入,0.527
7139,Serial Type,zh,Chinese,qwen2.5-coder:7b,串行类型,0.715
7140,Size 2:,zh,Chinese,qwen2.5-coder:7b,大小 2:,0.864
7141,This is the path to vpnc-connect,zh,Chinese,qwen2.5-coder:7b,这是连接vpnc的路径,1.244
7142,Foreground,zh,Chinese,qwen2.5-coder:7b,前景,0.542
7143,Edit Contact...,zh,Chinese,qwen2.5-coder:7b,编辑联系人...,0.809
7144,Protected EAP (PEAP),zh,Chinese,qwen2.5-coder:7b,受保护的EAP（PEAP）,1.433
7145,Channel event,zh,Chinese,qwen2.5-coder:7b,频道事件,0.629
7146,Operating systems:,zh,Chinese,qwen2.5-coder:7b,操作系统：,0.618
7147,Selected Tracks,zh,Chinese,qwen2.5-coder:7b,已选轨道,0.7
7148,Post-text:,zh,Chinese,qwen2.5-coder:7b,后文：,0.753
7149,ImagePlugin_LensCorrection,zh,Chinese,qwen2.5-coder:7b,图像插件_镜头校正,1.27
7150,Softweave (Driver internal),zh,Chinese,qwen2.5-coder:7b,软线（驱动内部）,1.19
7151,Lower Sorbian,zh,Chinese,qwen2.5-coder:7b,下索布兰语,0.972
7152,& Usage expression:,zh,Chinese,qwen2.5-coder:7b,& 使用表达式:,0.952
7153,Query:,zh,Chinese,qwen2.5-coder:7b,查询:,0.644
7154,(Paused),zh,Chinese,qwen2.5-coder:7b,(暂停),0.745
7155,XY rotation speed,zh,Chinese,qwen2.5-coder:7b,XY旋转速度,1.007
7156,Display Options,zh,Chinese,qwen2.5-coder:7b,显示选项,0.64
7157,LightSteelBlue1,zh,Chinese,qwen2.5-coder:7b,浅钢蓝色1,0.894
7158,Password:,zh,Chinese,qwen2.5-coder:7b,密码:,0.584
7159,Auto assignment,zh,Chinese,qwen2.5-coder:7b,自动分配,0.612
7160,Start time,zh,Chinese,qwen2.5-coder:7b,开始时间,0.625
7161,Default Route,zh,Chinese,qwen2.5-coder:7b,默认路由,0.683
7162,Black & White,zh,Chinese,qwen2.5-coder:7b,黑白,0.57
7163,Document Password,zh,Chinese,qwen2.5-coder:7b,文档密码,0.623
7164,6: Absolute Value,zh,Chinese,qwen2.5-coder:7b,6: 绝对值,1.059
7165,Default height:,zh,Chinese,qwen2.5-coder:7b,默认高度:,0.705
7166,Resource dialog,zh,Chinese,qwen2.5-coder:7b,资源对话框,0.712
7167,All Styles,zh,Chinese,qwen2.5-coder:7b,所有样式,0.662
7168,Noise Reduction,zh,Chinese,qwen2.5-coder:7b,降噪,0.653
7169,Offering,zh,Chinese,qwen2.5-coder:7b,提供,0.724
7170,KDE Wallet Manager,zh,Chinese,qwen2.5-coder:7b,KDE 钱包管理器,1.371
7171,typewriting,zh,Chinese,qwen2.5-coder:7b,打字,0.66
7172,Port Settings,zh,Chinese,qwen2.5-coder:7b,端口设置,0.738
7173,& Crashes,zh,Chinese,qwen2.5-coder:7b,崩溃,0.571
7174,Edit Script,zh,Chinese,qwen2.5-coder:7b,编辑脚本,0.827
7175,Initialization string %1:,zh,Chinese,qwen2.5-coder:7b,初始化字符串 %1:,1.011
7176,Distortion,zh,Chinese,qwen2.5-coder:7b,失真,0.62
7177,Department Name,zh,Chinese,qwen2.5-coder:7b,部门名称,0.657
7178,vpnc capabilities: %1,zh,Chinese,qwen2.5-coder:7b,vpnc 功能: %1,1.483
7179,Preferred Style Sheet:,zh,Chinese,qwen2.5-coder:7b,首选样式表：,0.883
7180,The Anal & XML; Guy & Documentation,zh,Chinese,qwen2.5-coder:7b,肛门 & XML; 男 & 文档,1.936
7181,Xsldbg Source Files,zh,Chinese,qwen2.5-coder:7b,Xsldbg 源文件,1.349
7182,Shake Blur,zh,Chinese,qwen2.5-coder:7b,摇动模糊,0.943
7183,Message Tags,zh,Chinese,qwen2.5-coder:7b,消息标签,0.605
7184,Tape unmounted.,zh,Chinese,qwen2.5-coder:7b,磁带已卸载。,1.088
7185,Adding Holes,zh,Chinese,qwen2.5-coder:7b,添加孔洞,0.752
7186,New Filter,zh,Chinese,qwen2.5-coder:7b,新过滤器,0.727
7187,Exposure Indicators,zh,Chinese,qwen2.5-coder:7b,曝光指标,0.703
7188,Telescope,zh,Chinese,qwen2.5-coder:7b,望远镜,0.694
7189,From & file,zh,Chinese,qwen2.5-coder:7b,从 & 文件,0.737
7190,Beginner Speed,zh,Chinese,qwen2.5-coder:7b,初学者速度,0.749
7191,Category list,zh,Chinese,qwen2.5-coder:7b,类别列表,0.686
7192,Top Margin,zh,Chinese,qwen2.5-coder:7b,顶部边距,0.783
7193,Performance Settings,zh,Chinese,qwen2.5-coder:7b,性能设置,0.684
7194,& Exit,zh,Chinese,qwen2.5-coder:7b,&退出,0.653
7195,Hungarian forint,zh,Chinese,qwen2.5-coder:7b,匈牙利福林特,1.163
7196,Nepomuk PIMO annotation plugin,zh,Chinese,qwen2.5-coder:7b,Nepomuk PIMO 注释插件,1.66
7197,11th Last,zh,Chinese,qwen2.5-coder:7b,倒数第11个,1.091
7198,Track Altitude:,zh,Chinese,qwen2.5-coder:7b,跟踪高度：,0.783
7199,Function & 4:,zh,Chinese,qwen2.5-coder:7b,功能 & 4:,0.975
7200,"Delete item ""%1""?",zh,Chinese,qwen2.5-coder:7b,删除项目“%1”？,1.24
7201,Passed,zh,Chinese,qwen2.5-coder:7b,通过,0.486
7202,& Horizontally,zh,Chinese,qwen2.5-coder:7b,& 水平,0.966
7203,< Merge >,zh,Chinese,qwen2.5-coder:7b,< 合并 >,0.981
7204,today,zh,Chinese,qwen2.5-coder:7b,今天,0.537
7205,Data tool,zh,Chinese,qwen2.5-coder:7b,数据工具,0.609
7206,Dock position:,zh,Chinese,qwen2.5-coder:7b,停靠位置：,0.843
7207,& Underlined,zh,Chinese,qwen2.5-coder:7b,&下划线,0.882
7208,elapsed:,zh,Chinese,qwen2.5-coder:7b,已用时间：,0.802
7209,No Institution,zh,Chinese,qwen2.5-coder:7b,无机构,0.615
7210,Restrictions,zh,Chinese,qwen2.5-coder:7b,限制,0.553
7211,1/ 60 Hour = 1 Minute,zh,Chinese,qwen2.5-coder:7b,1/ 60 小时 = 1 分钟,2.136
7212,No Private Key,zh,Chinese,qwen2.5-coder:7b,没有私钥,0.773
7213,Edit Details...,zh,Chinese,qwen2.5-coder:7b,编辑详细信息...,0.826
7214,Wind & speed:,zh,Chinese,qwen2.5-coder:7b,风速：,0.732
7215,Cannot start %1:,zh,Chinese,qwen2.5-coder:7b,无法启动 %1:,0.956
7216,KnownX,zh,Chinese,qwen2.5-coder:7b,已知X,0.74
7217,down,zh,Chinese,qwen2.5-coder:7b,下载,0.514
7218,File/ Folder,zh,Chinese,qwen2.5-coder:7b,文件/文件夹,0.863
7219,KAB GMX XXPort Plugin,zh,Chinese,qwen2.5-coder:7b,KAB GMX XXPort 插件,1.557
7220,Files: %1,zh,Chinese,qwen2.5-coder:7b,文件: %1,0.984
7221,Cisco - Government Building,zh,Chinese,qwen2.5-coder:7b,Cisco - 政府大楼,1.092
7222,Startup Settings.,zh,Chinese,qwen2.5-coder:7b,启动设置。,0.715
7223,File Selection,zh,Chinese,qwen2.5-coder:7b,文件选择,0.605
7224,Add Preview,zh,Chinese,qwen2.5-coder:7b,添加预览,0.707
7225,Certificate password:,zh,Chinese,qwen2.5-coder:7b,证书密码：,0.76
7226,Amarok is paused,zh,Chinese,qwen2.5-coder:7b,Amarok 暂停,1.32
7227,Filter name:,zh,Chinese,qwen2.5-coder:7b,过滤器名称：,0.856
7228,Spanish (Uruguay),zh,Chinese,qwen2.5-coder:7b,西班牙语（乌拉圭）,1.25
7229,Enter entry name:,zh,Chinese,qwen2.5-coder:7b,请输入条目名称：,0.98
7230,Shutdown Dialog,zh,Chinese,qwen2.5-coder:7b,关机对话框,0.848
7231,Colors Settings,zh,Chinese,qwen2.5-coder:7b,颜色设置,0.637
7232,Event Actions,zh,Chinese,qwen2.5-coder:7b,事件操作,0.652
7233,Certificate:,zh,Chinese,qwen2.5-coder:7b,证书:,0.612
7234,Using Plugins,zh,Chinese,qwen2.5-coder:7b,使用插件,0.763
7235,Uranium,zh,Chinese,qwen2.5-coder:7b,铀,0.55
7236,New South Wales - Yancowinna,zh,Chinese,qwen2.5-coder:7b,新南威尔士州 - 亚南温纳,1.73
7237,Keywords,zh,Chinese,qwen2.5-coder:7b,关键词,0.531
7238,Expiration time,zh,Chinese,qwen2.5-coder:7b,过期时间,0.737
7239,%1 as well as %2,zh,Chinese,qwen2.5-coder:7b,%1 以及 %2,1.231
7240,Fractal Maps,zh,Chinese,qwen2.5-coder:7b,分形图,0.814
7241,Type of Output,zh,Chinese,qwen2.5-coder:7b,输出类型,0.668
7242,Whirl,zh,Chinese,qwen2.5-coder:7b,涡流,0.627
7243,Construct,zh,Chinese,qwen2.5-coder:7b,构建,0.501
7244,Target location:,zh,Chinese,qwen2.5-coder:7b,目标位置：,0.745
7245,Mouse Gesture Action,zh,Chinese,qwen2.5-coder:7b,鼠标手势操作,0.805
7246,"Color, fast, CMYK",zh,Chinese,qwen2.5-coder:7b,"颜色, 快速, CMYK",1.566
7247,Tools Equalizer,zh,Chinese,qwen2.5-coder:7b,工具均衡器,0.772
7248,Reverse,zh,Chinese,qwen2.5-coder:7b,反转,0.513
7249,AudioCd Collection,zh,Chinese,qwen2.5-coder:7b,音频CD集合,0.767
7250,Date start,zh,Chinese,qwen2.5-coder:7b,开始日期,0.654
7251,Script Manager...,zh,Chinese,qwen2.5-coder:7b,脚本管理器...,0.903
7252,Uzbekistani Sum,zh,Chinese,qwen2.5-coder:7b,乌兹别克斯坦苏姆,1.19
7253,Spray brush,zh,Chinese,qwen2.5-coder:7b,喷枪,0.663
7254,Exponential,zh,Chinese,qwen2.5-coder:7b,指数,0.552
7255,& Case sensitive,zh,Chinese,qwen2.5-coder:7b,& 区分大小写,1.101
7256,& Admin users:,zh,Chinese,qwen2.5-coder:7b,& 管理员用户:,1.288
7257,Gantt Chart Settings,zh,Chinese,qwen2.5-coder:7b,甘特图设置,0.943
7258,Message template for reply,zh,Chinese,qwen2.5-coder:7b,回复消息模板,0.773
7259,& Large,zh,Chinese,qwen2.5-coder:7b,& 大,0.739
7260,MinPlayers,zh,Chinese,qwen2.5-coder:7b,最少玩家数,0.772
7261,print X,zh,Chinese,qwen2.5-coder:7b,打印 X,0.631
7262,Release,zh,Chinese,qwen2.5-coder:7b,发布,0.491
7263,Delete Pixmap,zh,Chinese,qwen2.5-coder:7b,删除位图,0.789
7264,Italics,zh,Chinese,qwen2.5-coder:7b,斜体,0.668
7265,Icon Size:,zh,Chinese,qwen2.5-coder:7b,图标大小：,0.739
7266,Recommended:,zh,Chinese,qwen2.5-coder:7b,推荐：,0.626
7267,Counter proposal: %1,zh,Chinese,qwen2.5-coder:7b,反提案：%1,1.155
7268,Phone overview,zh,Chinese,qwen2.5-coder:7b,手机概览,0.753
7269,Other & Licenses,zh,Chinese,qwen2.5-coder:7b,其他 & 许可证,1.13
7270,pppd is missing,zh,Chinese,qwen2.5-coder:7b,pppd 缺失,1.181
7271,· (#183;) Middle dot,zh,Chinese,qwen2.5-coder:7b,· (#183;) 中心点,1.499
7272,Anonymous,zh,Chinese,qwen2.5-coder:7b,匿名,0.516
7273,Using & kalzium;,zh,Chinese,qwen2.5-coder:7b,使用 &kalzium;,1.169
7274,Image directory,zh,Chinese,qwen2.5-coder:7b,图片目录,0.626
7275,Global language:,zh,Chinese,qwen2.5-coder:7b,全球语言：,0.761
7276,Expenses,zh,Chinese,qwen2.5-coder:7b,费用,0.552
7277,central Crimea,zh,Chinese,qwen2.5-coder:7b,中央克里米亚,1.004
7278,street,zh,Chinese,qwen2.5-coder:7b,街道,0.503
7279,Central Buffer,zh,Chinese,qwen2.5-coder:7b,中央缓冲区,0.731
7280,Register balance as of %1,zh,Chinese,qwen2.5-coder:7b,将余额登记至 %1,1.172
7281,& Flashcards,zh,Chinese,qwen2.5-coder:7b,&闪卡,0.771
7282,Series Number,zh,Chinese,qwen2.5-coder:7b,系列号,0.676
7283,Abbreviations,zh,Chinese,qwen2.5-coder:7b,缩写,0.665
7284,& Design,zh,Chinese,qwen2.5-coder:7b,& 设计,0.721
7285,Area name:,zh,Chinese,qwen2.5-coder:7b,区域名称：,0.76
7286,Comments:,zh,Chinese,qwen2.5-coder:7b,评论：,0.598
7287,Raster Image,zh,Chinese,qwen2.5-coder:7b,栅格图像,0.76
7288,Replace %1 with %2?,zh,Chinese,qwen2.5-coder:7b,将 %1 替换为 %2？,1.568
7289,Throw away,zh,Chinese,qwen2.5-coder:7b,丢弃,0.636
7290,Outline tiles,zh,Chinese,qwen2.5-coder:7b,轮廓瓦片,0.712
7291,Web Development,zh,Chinese,qwen2.5-coder:7b,网页开发,0.606
7292,Color Treatment,zh,Chinese,qwen2.5-coder:7b,颜色处理,0.635
7293,Eject medium,zh,Chinese,qwen2.5-coder:7b,弹出介质,0.838
7294,& Print,zh,Chinese,qwen2.5-coder:7b,& 打印,0.833
7295,(usually X),zh,Chinese,qwen2.5-coder:7b,(通常 X),0.844
7296,& XML; Validation,zh,Chinese,qwen2.5-coder:7b,& XML; 验证,1.081
7297,New To-do,zh,Chinese,qwen2.5-coder:7b,新待办事项,0.882
7298,Sidebar Media Player,zh,Chinese,qwen2.5-coder:7b,侧边栏媒体播放器,1.097
7299,Destination folder:,zh,Chinese,qwen2.5-coder:7b,目标文件夹：,0.841
7300,XML Transformer,zh,Chinese,qwen2.5-coder:7b,XML转换器,0.71
7301,Play:,zh,Chinese,qwen2.5-coder:7b,播放:,0.576
7302,Track Progress,zh,Chinese,qwen2.5-coder:7b,跟踪进度,0.603
7303,Write CD-TEXT,zh,Chinese,qwen2.5-coder:7b,写入CD-TEXT,0.997
7304,Local name:,zh,Chinese,qwen2.5-coder:7b,本地名称：,0.725
7305,UserInfo,zh,Chinese,qwen2.5-coder:7b,用户信息,0.628
7306,Stored Data,zh,Chinese,qwen2.5-coder:7b,存储的数据,0.699
7307,Package Manager,zh,Chinese,qwen2.5-coder:7b,包管理器,0.764
7308,What are...,zh,Chinese,qwen2.5-coder:7b,“是什么...”,0.827
7309,Green Curve,zh,Chinese,qwen2.5-coder:7b,绿色曲线,0.618
7310,StpBrightness,zh,Chinese,qwen2.5-coder:7b,亮度,0.573
7311,Collection Fields,zh,Chinese,qwen2.5-coder:7b,集合字段,0.617
7312,& End of Line,zh,Chinese,qwen2.5-coder:7b,& 行尾,0.982
7313,unknown,zh,Chinese,qwen2.5-coder:7b,未知,0.524
7314,Personal Organizer,zh,Chinese,qwen2.5-coder:7b,个人组织者,0.752
7315,& Security:,zh,Chinese,qwen2.5-coder:7b,& 安全:,0.919
7316,Trunk road,zh,Chinese,qwen2.5-coder:7b,干道,0.708
7317,in progress,zh,Chinese,qwen2.5-coder:7b,进行中,0.632
7318,& Script Manager,zh,Chinese,qwen2.5-coder:7b,& 脚本管理器,1.21
7319,& Recent Scans,zh,Chinese,qwen2.5-coder:7b,& 最近的扫描,0.987
7320,Printer Name,zh,Chinese,qwen2.5-coder:7b,打印机名称,0.658
7321,Akonadi PIM data engine,zh,Chinese,qwen2.5-coder:7b,Akonadi PIM 数据引擎,1.323
7322,Strike out,zh,Chinese,qwen2.5-coder:7b,删除线,0.653
7323,thistle,zh,Chinese,qwen2.5-coder:7b,刺球,0.648
7324,How to obtain & kommander;,zh,Chinese,qwen2.5-coder:7b,如何获取 & kommander;,1.291
7325,Name resolve order:,zh,Chinese,qwen2.5-coder:7b,名称解析顺序：,0.881
7326,& Operating systems,zh,Chinese,qwen2.5-coder:7b,&操作系统,0.683
7327,Selection mask:,zh,Chinese,qwen2.5-coder:7b,选择掩码：,0.862
7328,actions,zh,Chinese,qwen2.5-coder:7b,操作,0.487
7329,Size.,zh,Chinese,qwen2.5-coder:7b,大小。,0.629
7330,Image Description:,zh,Chinese,qwen2.5-coder:7b,图片描述：,0.719
7331,Server administrator:,zh,Chinese,qwen2.5-coder:7b,服务器管理员：,0.719
7332,Ingredient 1,zh,Chinese,qwen2.5-coder:7b,成分1,0.689
7333,Object Library,zh,Chinese,qwen2.5-coder:7b,对象库,0.634
7334,Project Location,zh,Chinese,qwen2.5-coder:7b,项目位置,0.609
7335,Usenet News Reader,zh,Chinese,qwen2.5-coder:7b,Usenet新闻阅读器,0.964
7336,(no value),zh,Chinese,qwen2.5-coder:7b,无值,0.672
7337,not opened: %1 (%2),zh,Chinese,qwen2.5-coder:7b,未打开: %1 (%2),1.487
7338,Checking tun device support,zh,Chinese,qwen2.5-coder:7b,检查tun设备支持,0.994
7339,From cursor,zh,Chinese,qwen2.5-coder:7b,从光标,0.727
7340,Notices,zh,Chinese,qwen2.5-coder:7b,通知,0.516
7341,Using Watches,zh,Chinese,qwen2.5-coder:7b,使用手表,0.659
7342,Authentication domain,zh,Chinese,qwen2.5-coder:7b,认证域,0.641
7343,Structure Tree,zh,Chinese,qwen2.5-coder:7b,结构树,0.624
7344,& Transfer,zh,Chinese,qwen2.5-coder:7b,&传输,0.636
7345,DatabaseList,zh,Chinese,qwen2.5-coder:7b,数据库列表,0.708
7346,& Themes,zh,Chinese,qwen2.5-coder:7b,& 主题,0.737
7347,& Profile name:,zh,Chinese,qwen2.5-coder:7b,&用户名称:,0.811
7348,Animations,zh,Chinese,qwen2.5-coder:7b,动画,0.508
7349,Configuration description files,zh,Chinese,qwen2.5-coder:7b,配置描述文件,0.763
7350,[%1] has been deleted,zh,Chinese,qwen2.5-coder:7b,[%1] 已被删除,1.216
7351,Does Contain,zh,Chinese,qwen2.5-coder:7b,包含,0.628
7352,certificate password,zh,Chinese,qwen2.5-coder:7b,证书密码,0.632
7353,& Year:,zh,Chinese,qwen2.5-coder:7b,& 年份:,0.91
7354,Contrast Slider,zh,Chinese,qwen2.5-coder:7b,对比度滑块,0.867
7355,Add Entry,zh,Chinese,qwen2.5-coder:7b,添加条目,0.717
7356,Two Staples,zh,Chinese,qwen2.5-coder:7b,两个夹子,0.761
7357,The vocabulary file,zh,Chinese,qwen2.5-coder:7b,词汇文件,0.678
7358,High Contrast,zh,Chinese,qwen2.5-coder:7b,高对比度,0.753
7359,Server user,zh,Chinese,qwen2.5-coder:7b,服务器用户,0.662
7360,72 MB or more,zh,Chinese,qwen2.5-coder:7b,72 MB 或更多,1.05
7361,Desktop Configuration Editor,zh,Chinese,qwen2.5-coder:7b,桌面配置编辑器,0.91
7362,Subtitle Settings,zh,Chinese,qwen2.5-coder:7b,字幕设置,0.737
7363,Target Indicator,zh,Chinese,qwen2.5-coder:7b,目标指示器,0.766
7364,Dice Game,zh,Chinese,qwen2.5-coder:7b,骰子游戏,0.734
7365,1 Suit (Easy),zh,Chinese,qwen2.5-coder:7b,1 套（简单）,1.166
7366,The Tools Menu,zh,Chinese,qwen2.5-coder:7b,工具菜单,0.66
7367,Number,zh,Chinese,qwen2.5-coder:7b,数字,0.527
7368,Task Description,zh,Chinese,qwen2.5-coder:7b,任务描述,0.639
7369,Printing system,zh,Chinese,qwen2.5-coder:7b,打印系统,0.651
7370,& Help,zh,Chinese,qwen2.5-coder:7b,&帮助,0.65
7371,News Management Mode,zh,Chinese,qwen2.5-coder:7b,新闻管理模式,0.696
7372,Path List,zh,Chinese,qwen2.5-coder:7b,路径列表,0.625
7373,chart,zh,Chinese,qwen2.5-coder:7b,图表,0.524
7374,Predictor:,zh,Chinese,qwen2.5-coder:7b,预测器：,0.798
7375,samplerate,zh,Chinese,qwen2.5-coder:7b,采样率,0.813
7376,Exception Dates,zh,Chinese,qwen2.5-coder:7b,异常日期,0.644
7377,compare,zh,Chinese,qwen2.5-coder:7b,比较,0.497
7378,vpnclient: %1,zh,Chinese,qwen2.5-coder:7b,vpnclient: %1,1.044
7379,Grey,zh,Chinese,qwen2.5-coder:7b,灰色,0.503
7380,Vocabulary Editor,zh,Chinese,qwen2.5-coder:7b,词汇编辑器,0.791
7381,Actions:,zh,Chinese,qwen2.5-coder:7b,操作：,0.616
7382,Brightness value:,zh,Chinese,qwen2.5-coder:7b,亮度值：,0.739
7383,Print Assistant,zh,Chinese,qwen2.5-coder:7b,打印助手,0.624
7384,Summatory,zh,Chinese,qwen2.5-coder:7b,总和,0.662
7385,Modified,zh,Chinese,qwen2.5-coder:7b,已修改,0.582
7386,Partial,zh,Chinese,qwen2.5-coder:7b,部分,0.494
7387,Movie Properties,zh,Chinese,qwen2.5-coder:7b,电影属性,0.614
7388,Stock Chart,zh,Chinese,qwen2.5-coder:7b,股票图表,0.658
7389,Core developer,zh,Chinese,qwen2.5-coder:7b,核心开发者,0.703
7390,Editing Area,zh,Chinese,qwen2.5-coder:7b,编辑区域,0.648
7391,Tabbing,zh,Chinese,qwen2.5-coder:7b,制表符切换,0.85
7392,Difficulty level,zh,Chinese,qwen2.5-coder:7b,难度级别,0.614
7393,Maximum size:,zh,Chinese,qwen2.5-coder:7b,最大尺寸：,0.717
7394,Grown-up Timer,zh,Chinese,qwen2.5-coder:7b,成人计时器,0.871
7395,Key Selection,zh,Chinese,qwen2.5-coder:7b,密钥选择,0.705
7396,Lead 5 - Charang,zh,Chinese,qwen2.5-coder:7b,领导5 - 卡朗,1.419
7397,QIF Files,zh,Chinese,qwen2.5-coder:7b,QIF文件,0.788
7398,Words,zh,Chinese,qwen2.5-coder:7b,单词,0.48
7399,Still Image Compression,zh,Chinese,qwen2.5-coder:7b,静态图像压缩,0.733
7400,File type,zh,Chinese,qwen2.5-coder:7b,文件类型,0.638
7401,Use a timer or not,zh,Chinese,qwen2.5-coder:7b,是否使用计时器,1.114
7402,Remove stop,zh,Chinese,qwen2.5-coder:7b,移除停用词,0.946
7403,LightGreen,zh,Chinese,qwen2.5-coder:7b,浅绿色,0.698
7404,Sensitivity (ISO):,zh,Chinese,qwen2.5-coder:7b,ISO 感度：,1.163
7405,Suspend to & Disk,zh,Chinese,qwen2.5-coder:7b,“挂起到 & 硬盘”,1.461
7406,Sweden,zh,Chinese,qwen2.5-coder:7b,瑞典,0.489
7407,Top & Y:,zh,Chinese,qwen2.5-coder:7b,顶部 & Y:,0.893
7408,Spanish (Peru),zh,Chinese,qwen2.5-coder:7b,西班牙语（秘鲁）,1.137
7409,Altitude at transit:,zh,Chinese,qwen2.5-coder:7b,过境高度：,0.933
7410,Copy skeleton,zh,Chinese,qwen2.5-coder:7b,复制骨架,0.63
7411,Function & 3:,zh,Chinese,qwen2.5-coder:7b,功能 & 3:,0.989
7412,My Books,zh,Chinese,qwen2.5-coder:7b,我的书籍,0.642
7413,Signing Options,zh,Chinese,qwen2.5-coder:7b,签名选项,0.833
7414,& Single Human,zh,Chinese,qwen2.5-coder:7b,& 单个人,0.876
7415,blue (bold),zh,Chinese,qwen2.5-coder:7b,蓝色（粗体）,1.011
7416,File management,zh,Chinese,qwen2.5-coder:7b,文件管理,0.621
7417,Make Project Builder,zh,Chinese,qwen2.5-coder:7b,创建项目构建器,0.875
7418,New Album,zh,Chinese,qwen2.5-coder:7b,新专辑,0.628
7419,Cocos Islands,zh,Chinese,qwen2.5-coder:7b,椰岛,0.67
7420,Edit Account,zh,Chinese,qwen2.5-coder:7b,编辑账户,0.624
7421,Update,zh,Chinese,qwen2.5-coder:7b,更新,0.506
7422,Delegate:,zh,Chinese,qwen2.5-coder:7b,委托人:,0.815
7423,Using & konversation;,zh,Chinese,qwen2.5-coder:7b,使用 &konversation;,1.029
7424,Bookmark update [%1],zh,Chinese,qwen2.5-coder:7b,书签更新 [%1],1.107
7425,tape management,zh,Chinese,qwen2.5-coder:7b,磁带管理,0.762
7426,Find Prev,zh,Chinese,qwen2.5-coder:7b,查找上一个,0.778
7427,& Completed,zh,Chinese,qwen2.5-coder:7b,& 完成,0.88
7428,New Tab,zh,Chinese,qwen2.5-coder:7b,新建标签页,0.826
7429,Great Britain pound,zh,Chinese,qwen2.5-coder:7b,英镑,0.577
7430,& Fit to Height,zh,Chinese,qwen2.5-coder:7b,&适应高度,0.768
7431,Prague,zh,Chinese,qwen2.5-coder:7b,布拉格,0.642
7432,user,zh,Chinese,qwen2.5-coder:7b,用户,0.485
7433,& Server supports Sieve,zh,Chinese,qwen2.5-coder:7b,服务器支持 Sieve,0.943
7434,USB Soundcard,zh,Chinese,qwen2.5-coder:7b,USB 音频卡,1.003
7435,Enable alarm,zh,Chinese,qwen2.5-coder:7b,启用警报,0.724
7436,Kanjidic dictionary files,zh,Chinese,qwen2.5-coder:7b,Kanjidic 字典文件,1.138
7437,Blackbody Radiation,zh,Chinese,qwen2.5-coder:7b,黑体辐射,0.82
7438,Ctrl; R Hole Reset,zh,Chinese,qwen2.5-coder:7b,Ctrl; R 孔位复位,1.318
7439,Driver Settings,zh,Chinese,qwen2.5-coder:7b,驱动程序设置,0.703
7440,BibTeX Files,zh,Chinese,qwen2.5-coder:7b,BibTeX 文件,0.876
7441,Documentation:,zh,Chinese,qwen2.5-coder:7b,文档：,0.577
7442,& Group:,zh,Chinese,qwen2.5-coder:7b,&组：,0.737
7443,Headline,zh,Chinese,qwen2.5-coder:7b,标题,0.605
7444,Database file:,zh,Chinese,qwen2.5-coder:7b,数据库文件：,0.718
7445,ImagePlugin_Unsharp,zh,Chinese,qwen2.5-coder:7b,图像插件-锐化,1.065
7446,Editor Toolbar,zh,Chinese,qwen2.5-coder:7b,编辑器工具栏,0.867
7447,Delete Items,zh,Chinese,qwen2.5-coder:7b,删除项目,0.643
7448,%n: program name,zh,Chinese,qwen2.5-coder:7b,%n: 程序名称,1.237
7449,Cube size,zh,Chinese,qwen2.5-coder:7b,立方体大小,0.826
7450,Do something,zh,Chinese,qwen2.5-coder:7b,做某事,0.795
7451,DivineProportion editing tool,zh,Chinese,qwen2.5-coder:7b,神圣比例编辑工具,0.997
7452,Constellations,zh,Chinese,qwen2.5-coder:7b,星座,0.571
7453,Text Label,zh,Chinese,qwen2.5-coder:7b,文本标签,0.642
7454,CMake Project Builder,zh,Chinese,qwen2.5-coder:7b,CMake 项目构建器,1.085
7455,Remove Box,zh,Chinese,qwen2.5-coder:7b,移除盒子,0.745
7456,My Computer,zh,Chinese,qwen2.5-coder:7b,我的电脑,0.624
7457,Copy Input,zh,Chinese,qwen2.5-coder:7b,复制输入,0.603
7458,Zoom out,zh,Chinese,qwen2.5-coder:7b,缩小,0.531
7459,18th Last,zh,Chinese,qwen2.5-coder:7b,倒数第18个,1.104
7460,Winner,zh,Chinese,qwen2.5-coder:7b,获胜者,0.598
7461,Rotate hue,zh,Chinese,qwen2.5-coder:7b,旋转色调,0.643
7462,File type:,zh,Chinese,qwen2.5-coder:7b,文件类型：,0.708
7463,Flowcharting Collections,zh,Chinese,qwen2.5-coder:7b,流程图集合,0.84
7464,unmount,zh,Chinese,qwen2.5-coder:7b,卸载,0.632
7465,Attribute value is,zh,Chinese,qwen2.5-coder:7b,属性值是,0.74
7466,Czech,zh,Chinese,qwen2.5-coder:7b,捷克语,0.71
7467,Matrix size:,zh,Chinese,qwen2.5-coder:7b,矩阵大小：,0.701
7468,Bank transfer,zh,Chinese,qwen2.5-coder:7b,银行转账,0.6
7469,Monitor Simulation (RGB),zh,Chinese,qwen2.5-coder:7b,模拟监视器 (RGB),1.091
7470,Constellation & names,zh,Chinese,qwen2.5-coder:7b,星座 & 名称,0.963
7471,Budget Overruns,zh,Chinese,qwen2.5-coder:7b,预算超支,0.769
7472,Folder location:,zh,Chinese,qwen2.5-coder:7b,文件夹位置：,0.809
7473,Preferred EMail,zh,Chinese,qwen2.5-coder:7b,首选电子邮件,0.645
7474,July,zh,Chinese,qwen2.5-coder:7b,七月,0.483
7475,Price Quotation,zh,Chinese,qwen2.5-coder:7b,价格报价,0.668
7476,music,zh,Chinese,qwen2.5-coder:7b,音乐,0.482
7477,Nicaraguan Cordoba Oro,zh,Chinese,qwen2.5-coder:7b,尼加拉瓜科多巴奥罗,1.449
7478,Card Games,zh,Chinese,qwen2.5-coder:7b,卡片游戏,0.617
7479,& Stiffness:,zh,Chinese,qwen2.5-coder:7b,&硬度:,0.788
7480,Server signing:,zh,Chinese,qwen2.5-coder:7b,服务器签名：,0.759
7481,Moscow+07 - Sakhalin Island,zh,Chinese,qwen2.5-coder:7b,莫斯科+07 - 阿拉斯加岛,1.734
7482,Radio List dialog,zh,Chinese,qwen2.5-coder:7b,收音机列表对话框,1.022
7483,Highlights:,zh,Chinese,qwen2.5-coder:7b,亮点：,0.655
7484,TOC file:,zh,Chinese,qwen2.5-coder:7b,目录文件：,0.759
7485,Index generation,zh,Chinese,qwen2.5-coder:7b,索引生成,0.716
7486,Min food,zh,Chinese,qwen2.5-coder:7b,美食,0.694
7487,1 (highest),zh,Chinese,qwen2.5-coder:7b,1 (最高),0.839
7488,KPPP Configuration,zh,Chinese,qwen2.5-coder:7b,KPPP 配置,0.929
7489,NTLM authentication,zh,Chinese,qwen2.5-coder:7b,NTLM身份验证,0.869
7490,Upcoming tracks,zh,Chinese,qwen2.5-coder:7b,即将播放的曲目,1.017
7491,No such Account: %1,zh,Chinese,qwen2.5-coder:7b,没有这样的账户: %1,1.19
7492,Moves Penalty,zh,Chinese,qwen2.5-coder:7b,移动惩罚,0.637
7493,Line Islands,zh,Chinese,qwen2.5-coder:7b,线岛,0.608
7494,Timeline View,zh,Chinese,qwen2.5-coder:7b,时间轴视图,0.814
7495,Shape Animation,zh,Chinese,qwen2.5-coder:7b,形状动画,0.614
7496,Company:,zh,Chinese,qwen2.5-coder:7b,公司:,0.647
7497,EML Files,zh,Chinese,qwen2.5-coder:7b,EML文件,0.784
7498,Program Trace,zh,Chinese,qwen2.5-coder:7b,程序跟踪,0.619
7499,Classic Rock,zh,Chinese,qwen2.5-coder:7b,经典摇滚,0.639
7500,Download Info,zh,Chinese,qwen2.5-coder:7b,下载信息,0.638
7501,Skip,zh,Chinese,qwen2.5-coder:7b,跳过,0.605
7502,rectPressureVariance,zh,Chinese,qwen2.5-coder:7b,矩形压力方差,0.995
7503,bytes out,zh,Chinese,qwen2.5-coder:7b,字节输出,0.723
7504,Home location:,zh,Chinese,qwen2.5-coder:7b,家庭位置:,0.816
7505,Spanish (es),zh,Chinese,qwen2.5-coder:7b,西班牙语 (es),0.941
7506,Sheet properties,zh,Chinese,qwen2.5-coder:7b,工作表属性,0.73
7507,A formula,zh,Chinese,qwen2.5-coder:7b,一个公式,0.608
7508,How to obtain & xsldbg;,zh,Chinese,qwen2.5-coder:7b,如何获取 & xsldbg;,1.296
7509,& Delete Entry,zh,Chinese,qwen2.5-coder:7b,删除条目,0.768
7510,Time Zone...,zh,Chinese,qwen2.5-coder:7b,时区...,0.771
7511,Short name:,zh,Chinese,qwen2.5-coder:7b,短名称：,0.761
7512,Theme Files,zh,Chinese,qwen2.5-coder:7b,主题文件,0.648
7513,Format options:,zh,Chinese,qwen2.5-coder:7b,格式选项：,0.767
7514,children,zh,Chinese,qwen2.5-coder:7b,孩子,0.503
7515,FIBS Home,zh,Chinese,qwen2.5-coder:7b,FIBS 主页,0.969
7516,& kde; The Application Development Framework,zh,Chinese,qwen2.5-coder:7b,& kde; 应用程序开发框架,1.608
7517,Unmount,zh,Chinese,qwen2.5-coder:7b,卸载,0.65
7518,Compositing has been suspended,zh,Chinese,qwen2.5-coder:7b,合成已暂停,0.928
7519,MetaBall Radius,zh,Chinese,qwen2.5-coder:7b,元球半径,0.877
7520,Top Accounts,zh,Chinese,qwen2.5-coder:7b,顶级账户,0.628
7521,Add Podcast,zh,Chinese,qwen2.5-coder:7b,添加播客,0.717
7522,Can't open the %1 directory!,zh,Chinese,qwen2.5-coder:7b,无法打开%1目录！,1.188
7523,of July,zh,Chinese,qwen2.5-coder:7b,7月,0.67
7524,Charcell,zh,Chinese,qwen2.5-coder:7b,字符,0.533
7525,Deep-sea green,zh,Chinese,qwen2.5-coder:7b,深海绿,0.79
7526,John Doe,zh,Chinese,qwen2.5-coder:7b,约翰·多伊,0.825
7527,False:,zh,Chinese,qwen2.5-coder:7b,错误：,0.582
7528,Project name,zh,Chinese,qwen2.5-coder:7b,项目名称,0.655
7529,Font size:,zh,Chinese,qwen2.5-coder:7b,字体大小：,0.759
7530,Developer (2004-2005),zh,Chinese,qwen2.5-coder:7b,开发者（2004-2005）,1.912
7531,Object group,zh,Chinese,qwen2.5-coder:7b,对象组,0.615
7532,Holiday,zh,Chinese,qwen2.5-coder:7b,假期,0.513
7533,Program Name,zh,Chinese,qwen2.5-coder:7b,程序名称,0.606
7534,& Playerlist,zh,Chinese,qwen2.5-coder:7b,& 播放列表,1.03
7535,Main Functions,zh,Chinese,qwen2.5-coder:7b,主要功能,0.645
7536,Dual Channel,zh,Chinese,qwen2.5-coder:7b,双通道,0.648
7537,Output file,zh,Chinese,qwen2.5-coder:7b,输出文件,0.655
7538,General URL:,zh,Chinese,qwen2.5-coder:7b,通用网址：,0.733
7539,Generate,zh,Chinese,qwen2.5-coder:7b,生成,0.511
7540,Server channel:,zh,Chinese,qwen2.5-coder:7b,服务器频道：,0.698
7541,Games:,zh,Chinese,qwen2.5-coder:7b,游戏：,0.6
7542,auto-detected,zh,Chinese,qwen2.5-coder:7b,自动检测,0.663
7543,Action Buttons,zh,Chinese,qwen2.5-coder:7b,操作按钮,0.618
7544,since %1,zh,Chinese,qwen2.5-coder:7b,自 %1,0.744
7545,Game Over,zh,Chinese,qwen2.5-coder:7b,游戏结束,0.621
7546,of June,zh,Chinese,qwen2.5-coder:7b,六月,0.629
7547,Mode selection,zh,Chinese,qwen2.5-coder:7b,模式选择,0.616
7548,& Source:,zh,Chinese,qwen2.5-coder:7b,源代码:,0.707
7549,Dialog title,zh,Chinese,qwen2.5-coder:7b,对话框标题,0.756
7550,Failed,zh,Chinese,qwen2.5-coder:7b,失败,0.521
7551,SlateBlue1,zh,Chinese,qwen2.5-coder:7b,深蓝1,0.826
7552,Adaptive:,zh,Chinese,qwen2.5-coder:7b,自适应:,0.743
7553,From,zh,Chinese,qwen2.5-coder:7b,来自,0.497
7554,%1 likes:,zh,Chinese,qwen2.5-coder:7b,%1 喜欢:,1.162
7555,Write Speeds,zh,Chinese,qwen2.5-coder:7b,写入速度,0.813
7556,Maximize,zh,Chinese,qwen2.5-coder:7b,最大化,0.547
7557,Using IMS German Festival,zh,Chinese,qwen2.5-coder:7b,使用IMS德语节日,0.98
7558,& French,zh,Chinese,qwen2.5-coder:7b,& 法国,0.835
7559,By & position,zh,Chinese,qwen2.5-coder:7b,按位置,0.684
7560,%1 timestamp,zh,Chinese,qwen2.5-coder:7b,%1 时间戳,0.862
7561,Animation Tool,zh,Chinese,qwen2.5-coder:7b,动画工具,0.646
7562,File Options,zh,Chinese,qwen2.5-coder:7b,文件选项,0.617
7563,Spoooooky,zh,Chinese,qwen2.5-coder:7b,鬼魅,0.65
7564,Venezuelan Bolivar,zh,Chinese,qwen2.5-coder:7b,委内瑞拉玻利瓦尔,1.439
7565,Turn off computer,zh,Chinese,qwen2.5-coder:7b,关闭电脑,0.675
7566,< unknown >,zh,Chinese,qwen2.5-coder:7b,未知,0.567
7567,Control Pictures,zh,Chinese,qwen2.5-coder:7b,控制图片,0.659
7568,BBC Weather from UK MET Office,zh,Chinese,qwen2.5-coder:7b,英国气象局的BBC天气,1.186
7569,Party On!,zh,Chinese,qwen2.5-coder:7b,派对继续！,0.814
7570,& Bar graph,zh,Chinese,qwen2.5-coder:7b,& 条形图,0.949
7571,Plot average:,zh,Chinese,qwen2.5-coder:7b,平均剧情:,0.889
7572,Allow 8-bit,zh,Chinese,qwen2.5-coder:7b,允许8位,0.821
7573,Cue file:,zh,Chinese,qwen2.5-coder:7b,提示文件：,0.758
7574,Preview size,zh,Chinese,qwen2.5-coder:7b,预览大小,0.711
7575,Condition: %1,zh,Chinese,qwen2.5-coder:7b,条件: %1,0.867
7576,Old backend,zh,Chinese,qwen2.5-coder:7b,旧后端,0.744
7577,& Profile acls,zh,Chinese,qwen2.5-coder:7b,&配置ACLs,0.938
7578,& Open with '%1 ',zh,Chinese,qwen2.5-coder:7b,& 使用 '%1 ' 打开,1.462
7579,DSL network interfaces,zh,Chinese,qwen2.5-coder:7b,DSL网络接口,0.805
7580,Slide,zh,Chinese,qwen2.5-coder:7b,滑动,0.611
7581,Paper color:,zh,Chinese,qwen2.5-coder:7b,纸张颜色：,0.798
7582,Custom Type,zh,Chinese,qwen2.5-coder:7b,自定义类型,0.721
7583,& Remove Display,zh,Chinese,qwen2.5-coder:7b,& 移除显示,1.065
7584,(Unknown Protocol),zh,Chinese,qwen2.5-coder:7b,未知协议,0.666
7585,Search Action,zh,Chinese,qwen2.5-coder:7b,搜索操作,0.661
7586,Vertical RGB,zh,Chinese,qwen2.5-coder:7b,垂直RGB,0.638
7587,Saved OK,zh,Chinese,qwen2.5-coder:7b,保存成功,0.628
7588,Change Tags,zh,Chinese,qwen2.5-coder:7b,更改标签,0.622
7589,Intersect,zh,Chinese,qwen2.5-coder:7b,交集,0.613
7590,KDE Screen Locker,zh,Chinese,qwen2.5-coder:7b,KDE 屏幕保护程序,1.251
7591,& New Project,zh,Chinese,qwen2.5-coder:7b,& 新项目,0.769
7592,Line %1:,zh,Chinese,qwen2.5-coder:7b,第 %1 行：,1.091
7593,GSM Speech,zh,Chinese,qwen2.5-coder:7b,GSM语音,0.747
7594,Jump %1 times to 0x%2,zh,Chinese,qwen2.5-coder:7b,跳转 %1 次到 0x%2,1.932
7595,Measure,zh,Chinese,qwen2.5-coder:7b,测量,0.522
7596,Bandwidth:,zh,Chinese,qwen2.5-coder:7b,带宽:,0.744
7597,Personal Cron,zh,Chinese,qwen2.5-coder:7b,个人计划任务,0.71
7598,Relaxed aps,zh,Chinese,qwen2.5-coder:7b,放松的应用程序,0.782
7599,ivory,zh,Chinese,qwen2.5-coder:7b,象牙,0.607
7600,I & Know,zh,Chinese,qwen2.5-coder:7b,我知道,0.565
7601,Wednesday,zh,Chinese,qwen2.5-coder:7b,星期三,0.607
7602,My Turn,zh,Chinese,qwen2.5-coder:7b,我的轮到我了,0.919
7603,help center,zh,Chinese,qwen2.5-coder:7b,帮助中心,0.646
7604,Pixmap Cache,zh,Chinese,qwen2.5-coder:7b,位图缓存,0.81
7605,Function & 2:,zh,Chinese,qwen2.5-coder:7b,功能 & 2:,0.999
7606,VNC failure,zh,Chinese,qwen2.5-coder:7b,VNC 连接失败,1.102
7607,To-do List,zh,Chinese,qwen2.5-coder:7b,待办事项列表,0.908
7608,UNIX2DATE(unixtime),zh,Chinese,qwen2.5-coder:7b,UNIX2DATE(UNIX时间),1.25
7609,Effect Region,zh,Chinese,qwen2.5-coder:7b,效果区域,0.633
7610,The [General] section of & kdmrc;,zh,Chinese,qwen2.5-coder:7b,General 部分的 & kdmrc;,1.842
7611,Merge Tracks,zh,Chinese,qwen2.5-coder:7b,合并轨道,0.627
7612,Unicode Char in Oct.,zh,Chinese,qwen2.5-coder:7b,Unicode 字符在八进制。,1.594
7613,Image Saving,zh,Chinese,qwen2.5-coder:7b,图像保存,0.656
7614,Canvas Size,zh,Chinese,qwen2.5-coder:7b,画布大小,0.722
7615,non-free,zh,Chinese,qwen2.5-coder:7b,非免费,0.623
7616,Blame...,zh,Chinese,qwen2.5-coder:7b,归咎于...,0.916
7617,Cannot open %1!,zh,Chinese,qwen2.5-coder:7b,无法打开 %1!,0.994
7618,Deleting,zh,Chinese,qwen2.5-coder:7b,删除,0.509
7619,& File View,zh,Chinese,qwen2.5-coder:7b,&文件视图,0.912
7620,& Search in,zh,Chinese,qwen2.5-coder:7b,& 在中搜索,0.943
7621,Select all updates,zh,Chinese,qwen2.5-coder:7b,选择所有更新,0.797
7622,Keybindings,zh,Chinese,qwen2.5-coder:7b,快捷键,0.629
7623,KPlato project management work package,zh,Chinese,qwen2.5-coder:7b,KPlato 项目管理工作包,1.443
7624,16-bit Words,zh,Chinese,qwen2.5-coder:7b,16位字,0.918
7625,Session management,zh,Chinese,qwen2.5-coder:7b,会话管理,0.736
7626,Show documentation for,zh,Chinese,qwen2.5-coder:7b,显示文档,0.669
7627,Commands for editing,zh,Chinese,qwen2.5-coder:7b,编辑命令,0.688
7628,& End date:,zh,Chinese,qwen2.5-coder:7b,结束日期：&,0.87
7629,Key Conflict,zh,Chinese,qwen2.5-coder:7b,密钥冲突,0.754
7630,Events:,zh,Chinese,qwen2.5-coder:7b,事件：,0.58
7631,Never Default Route,zh,Chinese,qwen2.5-coder:7b,永不使用默认路由,1.049
7632,Recording,zh,Chinese,qwen2.5-coder:7b,录音,0.53
7633,Lines of Context,zh,Chinese,qwen2.5-coder:7b,上下文行数,0.882
7634,DeepSkyBlue,zh,Chinese,qwen2.5-coder:7b,深空蓝,0.741
7635,MPPE support is missing,zh,Chinese,qwen2.5-coder:7b,缺少MPPE支持,0.953
7636,Edit Name,zh,Chinese,qwen2.5-coder:7b,编辑名称,0.647
7637,Asia/ Tehran,zh,Chinese,qwen2.5-coder:7b,亚洲/德黑兰,0.954
7638,Keyboard title:,zh,Chinese,qwen2.5-coder:7b,键盘标题：,0.699
7639,& Moving,zh,Chinese,qwen2.5-coder:7b,& 移动,0.813
7640,manager,zh,Chinese,qwen2.5-coder:7b,经理,0.545
7641,Up: %1 KB/ s,zh,Chinese,qwen2.5-coder:7b,上传: %1 KB/ s,1.349
7642,Preserve symlinks,zh,Chinese,qwen2.5-coder:7b,保留符号链接,0.846
7643,Repository Location,zh,Chinese,qwen2.5-coder:7b,仓库位置,0.633
7644,Learning,zh,Chinese,qwen2.5-coder:7b,学习,0.48
7645,Left-Microphone,zh,Chinese,qwen2.5-coder:7b,左麦克风,0.761
7646,Keyboard Control,zh,Chinese,qwen2.5-coder:7b,键盘控制,0.615
7647,Speech Toolbar,zh,Chinese,qwen2.5-coder:7b,语音工具栏,0.73
7648,Time Format,zh,Chinese,qwen2.5-coder:7b,时间格式,0.636
7649,& Channel:,zh,Chinese,qwen2.5-coder:7b,&频道:,0.734
7650,Selected Files,zh,Chinese,qwen2.5-coder:7b,已选文件,0.796
7651,Cannot load ThumbCreator %1,zh,Chinese,qwen2.5-coder:7b,无法加载 ThumbCreator %1,1.244
7652,Watermark Size,zh,Chinese,qwen2.5-coder:7b,水印大小,0.785
7653,Tristate,zh,Chinese,qwen2.5-coder:7b,三态,0.693
7654,ASCII Extensions,zh,Chinese,qwen2.5-coder:7b,ASCII 扩展,0.851
7655,No Minimum,zh,Chinese,qwen2.5-coder:7b,无最低要求,0.745
7656,Classname:,zh,Chinese,qwen2.5-coder:7b,类名：,0.712
7657,Publishing,zh,Chinese,qwen2.5-coder:7b,发布,0.542
7658,Update Trackers,zh,Chinese,qwen2.5-coder:7b,更新跟踪器,0.793
7659,Clipboard contents,zh,Chinese,qwen2.5-coder:7b,剪贴板内容,0.823
7660,Music folder:,zh,Chinese,qwen2.5-coder:7b,音乐文件夹：,0.821
7661,Intervals:,zh,Chinese,qwen2.5-coder:7b,间隔：,0.606
7662,System Calls,zh,Chinese,qwen2.5-coder:7b,系统调用,0.707
7663,Nickname,zh,Chinese,qwen2.5-coder:7b,昵称,0.61
7664,Compound regexp,zh,Chinese,qwen2.5-coder:7b,复合正则表达式,0.961
7665,& Next Hole,zh,Chinese,qwen2.5-coder:7b,&下一个洞,0.78
7666,The [Xdmcp] section of & kdmrc;,zh,Chinese,qwen2.5-coder:7b,KDMRC 文件中的 [Xdmcp] 部分;,2.494
7667,Audio Quality,zh,Chinese,qwen2.5-coder:7b,音频质量,0.644
7668,Ship,zh,Chinese,qwen2.5-coder:7b,船,0.492
7669,ZSoft PaintBrush image,zh,Chinese,qwen2.5-coder:7b,ZSoft画笔图像,1.01
7670,Scheduled Time,zh,Chinese,qwen2.5-coder:7b,预定时间,0.618
7671,Tasmania - King Island,zh,Chinese,qwen2.5-coder:7b,塔斯马尼亚 - 君子岛,1.522
7672,Sub operations,zh,Chinese,qwen2.5-coder:7b,子操作,0.66
7673,Jigsaw puzzle game,zh,Chinese,qwen2.5-coder:7b,拼图游戏,0.784
7674,Operation Properties,zh,Chinese,qwen2.5-coder:7b,操作属性,0.625
7675,Duration,zh,Chinese,qwen2.5-coder:7b,持续时间,0.591
7676,CDE preview,zh,Chinese,qwen2.5-coder:7b,CDE 预览,1.065
7677,AcquireImages,zh,Chinese,qwen2.5-coder:7b,获取图像,0.639
7678,Controlled object,zh,Chinese,qwen2.5-coder:7b,受控对象,0.775
7679,Channel Owners (+q),zh,Chinese,qwen2.5-coder:7b,频道所有者 (+q),1.172
7680,Encryption certificate:,zh,Chinese,qwen2.5-coder:7b,加密证书：,0.726
7681,Checkered,zh,Chinese,qwen2.5-coder:7b,棋盘格,0.703
7682,Authentication log file:,zh,Chinese,qwen2.5-coder:7b,认证日志文件：,0.921
7683,Summer Field,zh,Chinese,qwen2.5-coder:7b,夏日田野,0.638
7684,Wallet Management Tool,zh,Chinese,qwen2.5-coder:7b,钱包管理工具,0.767
7685,Contact List Animations,zh,Chinese,qwen2.5-coder:7b,联系人列表动画,0.912
7686,Organizational Unit,zh,Chinese,qwen2.5-coder:7b,组织单位,0.674
7687,Book,zh,Chinese,qwen2.5-coder:7b,书,0.515
7688,Ethernet Network Device,zh,Chinese,qwen2.5-coder:7b,以太网网络设备,1.057
7689,Violin,zh,Chinese,qwen2.5-coder:7b,小提琴,0.728
7690,Key Colors,zh,Chinese,qwen2.5-coder:7b,关键颜色,0.629
7691,Mac OS X input method,zh,Chinese,qwen2.5-coder:7b,Mac OS X 输入法,1.055
7692,Cheat mode,zh,Chinese,qwen2.5-coder:7b,作弊模式,0.65
7693,Service Manager,zh,Chinese,qwen2.5-coder:7b,服务管理器,0.713
7694,& Layout,zh,Chinese,qwen2.5-coder:7b,&布局,0.62
7695,Screen Management Applet,zh,Chinese,qwen2.5-coder:7b,屏幕管理小部件,0.971
7696,& Next Week,zh,Chinese,qwen2.5-coder:7b,&下一周,0.766
7697,Height 2:,zh,Chinese,qwen2.5-coder:7b,高度 2:,0.927
7698,Update settings,zh,Chinese,qwen2.5-coder:7b,更新设置,0.697
7699,Preface,zh,Chinese,qwen2.5-coder:7b,序言,0.647
7700,End effect,zh,Chinese,qwen2.5-coder:7b,结束效果,0.64
7701,& Players,zh,Chinese,qwen2.5-coder:7b,& 玩家,0.894
7702,PGP Version 5. x,zh,Chinese,qwen2.5-coder:7b,PGP 版本 5. x,1.491
7703,turn off computer,zh,Chinese,qwen2.5-coder:7b,关闭电脑,0.685
7704,Image Wizard,zh,Chinese,qwen2.5-coder:7b,图像向导,0.815
7705,strikeout,zh,Chinese,qwen2.5-coder:7b,删除线,0.657
7706,Rows from,zh,Chinese,qwen2.5-coder:7b,来自行,0.847
7707,previewing,zh,Chinese,qwen2.5-coder:7b,预览中,0.726
7708,South Sumatra,zh,Chinese,qwen2.5-coder:7b,南苏门答腊,0.943
7709,One Staple,zh,Chinese,qwen2.5-coder:7b,一个订书钉,0.861
7710,Solid,zh,Chinese,qwen2.5-coder:7b,坚固的,0.623
7711,KDE Compatibility Assistant,zh,Chinese,qwen2.5-coder:7b,KDE 兼容性助手,1.319
7712,Close script...,zh,Chinese,qwen2.5-coder:7b,关闭脚本...,0.856
7713,Brick size:,zh,Chinese,qwen2.5-coder:7b,砖块大小：,0.868
7714,Light Group,zh,Chinese,qwen2.5-coder:7b,光组,0.608
7715,Talk,zh,Chinese,qwen2.5-coder:7b,聊天,0.489
7716,Font Shape,zh,Chinese,qwen2.5-coder:7b,字体形状,0.612
7717,3 for & SuSE;. 4. x and 5. x,zh,Chinese,qwen2.5-coder:7b,3 用于 & SuSE;. 4. x 和 5. x,2.663
7718,FIFO Overruns,zh,Chinese,qwen2.5-coder:7b,FIFO溢出,0.898
7719,%1 Bills.,zh,Chinese,qwen2.5-coder:7b,%1 张账单。,1.182
7720,View Settings,zh,Chinese,qwen2.5-coder:7b,查看设置,0.699
7721,° (#176;) Degree sign,zh,Chinese,qwen2.5-coder:7b,度 (°),1.13
7722,window size,zh,Chinese,qwen2.5-coder:7b,窗口大小,0.648
7723,Arc,zh,Chinese,qwen2.5-coder:7b,圆弧,0.62
7724,Music Players,zh,Chinese,qwen2.5-coder:7b,音乐播放器,0.721
7725,South Darfur,zh,Chinese,qwen2.5-coder:7b,南达尔富尔,0.842
7726,Pure,zh,Chinese,qwen2.5-coder:7b,纯净,0.483
7727,Project age:,zh,Chinese,qwen2.5-coder:7b,项目年龄：,0.783
7728,30 Points,zh,Chinese,qwen2.5-coder:7b,30 分,0.809
7729,Diff,zh,Chinese,qwen2.5-coder:7b,差异,0.527
7730,& Playlist,zh,Chinese,qwen2.5-coder:7b,&播放列表,0.718
7731,Rear view,zh,Chinese,qwen2.5-coder:7b,后视镜,0.785
7732,Phrase Book,zh,Chinese,qwen2.5-coder:7b,短语集锦,0.858
7733,angularAcceleration,zh,Chinese,qwen2.5-coder:7b,角加速度,0.745
7734,Missing element: %1.,zh,Chinese,qwen2.5-coder:7b,缺少元素: %1.,1.12
7735,Keep It,zh,Chinese,qwen2.5-coder:7b,保持它,0.647
7736,Outgoing server:,zh,Chinese,qwen2.5-coder:7b,出站服务器:,0.945
7737,Matching,zh,Chinese,qwen2.5-coder:7b,匹配,0.49
7738,Matched,zh,Chinese,qwen2.5-coder:7b,匹配成功,0.67
7739,Border Outline,zh,Chinese,qwen2.5-coder:7b,边框轮廓,0.752
7740,no margins,zh,Chinese,qwen2.5-coder:7b,无边距,0.734
7741,LDAP user suffix:,zh,Chinese,qwen2.5-coder:7b,LDAP 用户后缀：,0.971
7742,KDE Service Manager,zh,Chinese,qwen2.5-coder:7b,KDE 服务管理器,1.116
7743,Scale factor,zh,Chinese,qwen2.5-coder:7b,缩放因子,0.769
7744,card game,zh,Chinese,qwen2.5-coder:7b,卡片游戏,0.635
7745,Dutch (nl),zh,Chinese,qwen2.5-coder:7b,荷兰语 (nl),0.979
7746,transfers,zh,Chinese,qwen2.5-coder:7b,转账,0.506
7747,(%1 occurrences),zh,Chinese,qwen2.5-coder:7b,(%1 次出现),1.176
7748,Temporary,zh,Chinese,qwen2.5-coder:7b,临时,0.544
7749,Scale Bar,zh,Chinese,qwen2.5-coder:7b,比例尺,0.623
7750,observer_,zh,Chinese,qwen2.5-coder:7b,观察者模式,0.753
7751,pigment map declaration,zh,Chinese,qwen2.5-coder:7b,颜料图声明,0.884
7752,Gallery & Title,zh,Chinese,qwen2.5-coder:7b,画廊 & 标题,1.008
7753,Searching for %1,zh,Chinese,qwen2.5-coder:7b,正在搜索 %1,0.918
7754,Won Games,zh,Chinese,qwen2.5-coder:7b,赢得的比赛,0.639
7755,LeavePrevious,zh,Chinese,qwen2.5-coder:7b,离开上一个,0.732
7756,Geometry,zh,Chinese,qwen2.5-coder:7b,几何学,0.582
7757,This profile:,zh,Chinese,qwen2.5-coder:7b,此配置文件：,0.812
7758,Migration Plugin,zh,Chinese,qwen2.5-coder:7b,迁移插件,0.784
7759,crab,zh,Chinese,qwen2.5-coder:7b,螃蟹,0.528
7760,rectMeanVelocity,zh,Chinese,qwen2.5-coder:7b,矩形平均速度,0.862
7761,Border,zh,Chinese,qwen2.5-coder:7b,边界,0.504
7762,density declaration,zh,Chinese,qwen2.5-coder:7b,密度声明,0.633
7763,Telescope:,zh,Chinese,qwen2.5-coder:7b,望远镜：,0.794
7764,Look at,zh,Chinese,qwen2.5-coder:7b,看看,0.712
7765,Personal Radio,zh,Chinese,qwen2.5-coder:7b,个人收音机,0.801
7766,Bb Major,zh,Chinese,qwen2.5-coder:7b,Bb 大调,0.952
7767,Xsldbg Breakpoints,zh,Chinese,qwen2.5-coder:7b,Xsldbg 断点,1.243
7768,X PixMap Image (. xpm),zh,Chinese,qwen2.5-coder:7b,X PixMap 图像 (. xpm),1.557
7769,Visibility,zh,Chinese,qwen2.5-coder:7b,可见性,0.602
7770,"go X, Y",zh,Chinese,qwen2.5-coder:7b,"去 X, Y",0.893
7771,& Inspector,zh,Chinese,qwen2.5-coder:7b,&检查器,0.703
7772,Mahjongg Solitaire for KDE,zh,Chinese,qwen2.5-coder:7b,KDE 独乐乐麻将,1.604
7773,Tiger,zh,Chinese,qwen2.5-coder:7b,老虎,0.555
7774,Document List,zh,Chinese,qwen2.5-coder:7b,文档列表,0.671
7775,UserToolbars Plugin,zh,Chinese,qwen2.5-coder:7b,用户工具栏插件,0.973
7776,Satellite View,zh,Chinese,qwen2.5-coder:7b,卫星视图,0.753
7777,Histogram Viewer,zh,Chinese,qwen2.5-coder:7b,直方图查看器,0.923
7778,Copy a File/ Directory...,zh,Chinese,qwen2.5-coder:7b,复制文件/目录...,1.048
7779,Link Quality:,zh,Chinese,qwen2.5-coder:7b,链路质量：,0.91
7780,ForestGreen,zh,Chinese,qwen2.5-coder:7b,森林绿,0.633
7781,Brazilian Real,zh,Chinese,qwen2.5-coder:7b,巴西雷亚尔,0.873
7782,Supported Plugins,zh,Chinese,qwen2.5-coder:7b,支持的插件,0.859
7783,Channel Mixer,zh,Chinese,qwen2.5-coder:7b,频道混合器,0.748
7784,& Foreground:,zh,Chinese,qwen2.5-coder:7b,前景色：,0.78
7785,blue:,zh,Chinese,qwen2.5-coder:7b,蓝色:,0.662
7786,Articles list.,zh,Chinese,qwen2.5-coder:7b,文章列表。,0.74
7787,Auto Rotation Tool,zh,Chinese,qwen2.5-coder:7b,自动旋转工具,0.773
7788,& Goal Seek...,zh,Chinese,qwen2.5-coder:7b,&目标求解...,0.99
7789,Keyboard Settings,zh,Chinese,qwen2.5-coder:7b,键盘设置,0.675
7790,Delete '%1 'tag?,zh,Chinese,qwen2.5-coder:7b,删除“%1”标签？,1.242
7791,XMP: created,zh,Chinese,qwen2.5-coder:7b,XMP: 创建,0.887
7792,SVG background pictures,zh,Chinese,qwen2.5-coder:7b,SVG 背景图片,1.041
7793,Re: This is a test,zh,Chinese,qwen2.5-coder:7b,回复: 这是一个测试,1.406
7794,Cipher algorithm,zh,Chinese,qwen2.5-coder:7b,加密算法,0.646
7795,Section Level 4,zh,Chinese,qwen2.5-coder:7b,第4级部分,0.962
7796,Game speed,zh,Chinese,qwen2.5-coder:7b,游戏速度,0.679
7797,ColorSpace,zh,Chinese,qwen2.5-coder:7b,颜色空间,0.642
7798,& Rectangle,zh,Chinese,qwen2.5-coder:7b,&矩形,0.727
7799,Indicator Options,zh,Chinese,qwen2.5-coder:7b,指示器选项,0.745
7800,Notes Color,zh,Chinese,qwen2.5-coder:7b,便签颜色,0.709
7801,& Mask,zh,Chinese,qwen2.5-coder:7b,& 遮罩,0.927
7802,& Changed:,zh,Chinese,qwen2.5-coder:7b,& 更改:,0.802
7803,Script Data,zh,Chinese,qwen2.5-coder:7b,脚本数据,0.825
7804,Dropdown List,zh,Chinese,qwen2.5-coder:7b,下拉列表,0.753
7805,Close Item,zh,Chinese,qwen2.5-coder:7b,关闭项目,0.625
7806,Instant,zh,Chinese,qwen2.5-coder:7b,即时,0.487
7807,List Options,zh,Chinese,qwen2.5-coder:7b,列表选项,0.65
7808,Object is created,zh,Chinese,qwen2.5-coder:7b,对象已创建,0.8
7809,Grayscalizer Filter,zh,Chinese,qwen2.5-coder:7b,灰度滤镜,0.93
7810,Feed added: %1,zh,Chinese,qwen2.5-coder:7b,已添加订阅：%1,1.041
7811,Add record,zh,Chinese,qwen2.5-coder:7b,添加记录,0.621
7812,Window position,zh,Chinese,qwen2.5-coder:7b,窗口位置,0.629
7813,Picture:,zh,Chinese,qwen2.5-coder:7b,图片:,0.614
7814,Copy Input To,zh,Chinese,qwen2.5-coder:7b,将输入复制到,0.874
7815,Activity Settings,zh,Chinese,qwen2.5-coder:7b,活动设置,0.618
7816,Formatting (HTML),zh,Chinese,qwen2.5-coder:7b,格式化 (HTML),0.955
7817,Core,zh,Chinese,qwen2.5-coder:7b,核心,0.498
7818,& Bitrate,zh,Chinese,qwen2.5-coder:7b,比特率,0.663
7819,Address book identifier,zh,Chinese,qwen2.5-coder:7b,地址簿标识符,0.944
7820,Color & depth:,zh,Chinese,qwen2.5-coder:7b,颜色 & 深度:,1.198
7821,Previewing...,zh,Chinese,qwen2.5-coder:7b,预览中...,0.878
7822,Developer (2002-2005),zh,Chinese,qwen2.5-coder:7b,开发者（2002-2005）,2.045
7823,Quotes,zh,Chinese,qwen2.5-coder:7b,报价,0.509
7824,Warning - Cantor,zh,Chinese,qwen2.5-coder:7b,警告 - 希尔伯特,1.287
7825,Wallpapers,zh,Chinese,qwen2.5-coder:7b,壁纸,0.519
7826,Key Combo,zh,Chinese,qwen2.5-coder:7b,按键组合,0.631
7827,Non-script action,zh,Chinese,qwen2.5-coder:7b,非脚本操作,0.876
7828,Subdivision,zh,Chinese,qwen2.5-coder:7b,子区域,0.706
7829,Chart Tool,zh,Chinese,qwen2.5-coder:7b,图表工具,0.675
7830,From Top,zh,Chinese,qwen2.5-coder:7b,从顶部,0.625
7831,Incomplete,zh,Chinese,qwen2.5-coder:7b,不完整,0.589
7832,Query via Xesam,zh,Chinese,qwen2.5-coder:7b,通过Xesam查询,1.061
7833,Tails,zh,Chinese,qwen2.5-coder:7b,尾巴,0.524
7834,Tools Scripts,zh,Chinese,qwen2.5-coder:7b,工具脚本,0.71
7835,Std. deviation:,zh,Chinese,qwen2.5-coder:7b,标准差:,0.823
7836,GraphViz dot files viewer,zh,Chinese,qwen2.5-coder:7b,GraphViz DOT文件查看器,1.311
7837,& Phrase Books,zh,Chinese,qwen2.5-coder:7b,&短语集锦,0.976
7838,& Weather condition:,zh,Chinese,qwen2.5-coder:7b,天气状况：,0.744
7839,IPP Operation,zh,Chinese,qwen2.5-coder:7b,IPP 操作,0.782
7840,4 Cards,zh,Chinese,qwen2.5-coder:7b,4张卡片,0.737
7841,Physical Path:,zh,Chinese,qwen2.5-coder:7b,物理路径：,0.779
7842,Creation:,zh,Chinese,qwen2.5-coder:7b,创建:,0.594
7843,Pipe length,zh,Chinese,qwen2.5-coder:7b,管道长度,0.616
7844,Safe,zh,Chinese,qwen2.5-coder:7b,安全,0.492
7845,New institution...,zh,Chinese,qwen2.5-coder:7b,新机构...,0.772
7846,Code Generated,zh,Chinese,qwen2.5-coder:7b,代码生成,0.638
7847,Driver Name:,zh,Chinese,qwen2.5-coder:7b,驱动程序名称:,0.858
7848,Resource allocation,zh,Chinese,qwen2.5-coder:7b,资源分配,0.636
7849,User3,zh,Chinese,qwen2.5-coder:7b,用户3,0.649
7850,KOrganizer master file,zh,Chinese,qwen2.5-coder:7b,KOrganizer 主文件,1.048
7851,Per units:,zh,Chinese,qwen2.5-coder:7b,每单位：,0.779
7852,KDE Partition Manager KPart,zh,Chinese,qwen2.5-coder:7b,KDE 分区管理器 KPart,1.383
7853,Activation Method,zh,Chinese,qwen2.5-coder:7b,激活方法,0.613
7854,"File10,",zh,Chinese,qwen2.5-coder:7b,"文件10,",0.867
7855,password:,zh,Chinese,qwen2.5-coder:7b,密码：,0.58
7856,Chrominance Blue,zh,Chinese,qwen2.5-coder:7b,色度蓝,0.829
7857,Soundtrack preview,zh,Chinese,qwen2.5-coder:7b,音轨预览,0.887
7858,Trackers management,zh,Chinese,qwen2.5-coder:7b,追踪器管理,0.747
7859,Revocation Signature,zh,Chinese,qwen2.5-coder:7b,撤销签名,0.64
7860,UADescription (w3m 0.1.9),zh,Chinese,qwen2.5-coder:7b,UADescription (w3m 0.1.9),2.139
7861,acceleration variance,zh,Chinese,qwen2.5-coder:7b,加速度方差,0.833
7862,Dictionary file,zh,Chinese,qwen2.5-coder:7b,字典文件,0.761
7863,Close,zh,Chinese,qwen2.5-coder:7b,关闭,0.485
7864,Max treshold,zh,Chinese,qwen2.5-coder:7b,最大阈值,0.737
7865,Sentence Boundary Detector,zh,Chinese,qwen2.5-coder:7b,句子边界检测器,0.854
7866,Unmount Tape,zh,Chinese,qwen2.5-coder:7b,卸载磁带,0.796
7867,Wallpaper,zh,Chinese,qwen2.5-coder:7b,壁纸,0.554
7868,Crash Information (backtrace),zh,Chinese,qwen2.5-coder:7b,崩溃信息（堆栈跟踪）,1.263
7869,Custom,zh,Chinese,qwen2.5-coder:7b,自定义,0.616
7870,Download added: %1,zh,Chinese,qwen2.5-coder:7b,已添加下载: %1,1.112
7871,User Agent,zh,Chinese,qwen2.5-coder:7b,用户代理,0.627
7872,Nepomuk - Task Manager,zh,Chinese,qwen2.5-coder:7b,Nepomuk - 任务管理器,1.447
7873,Write modes:,zh,Chinese,qwen2.5-coder:7b,写模式：,0.712
7874,Page Drying Time,zh,Chinese,qwen2.5-coder:7b,页面干燥时间,0.794
7875,Using & ksysguard;,zh,Chinese,qwen2.5-coder:7b,使用 & ksysguard;,1.183
7876,Using & rsibreak;,zh,Chinese,qwen2.5-coder:7b,使用 & rsibreak;,1.05
7877,FX 4 - Atmosphere,zh,Chinese,qwen2.5-coder:7b,FX 4 - 大气,1.254
7878,Document Contents,zh,Chinese,qwen2.5-coder:7b,文档内容,0.627
7879,light blue,zh,Chinese,qwen2.5-coder:7b,浅蓝色,0.649
7880,Height:,zh,Chinese,qwen2.5-coder:7b,高度:,0.647
7881,Detailed Debugging,zh,Chinese,qwen2.5-coder:7b,详细调试,0.735
7882,vtun is missing,zh,Chinese,qwen2.5-coder:7b,vtun 缺失,1.011
7883,FOSS Project Commit Statistics,zh,Chinese,qwen2.5-coder:7b,开源项目提交统计,0.929
7884,Distortion Correction,zh,Chinese,qwen2.5-coder:7b,畸变校正,0.938
7885,File Installer,zh,Chinese,qwen2.5-coder:7b,文件安装程序,0.745
7886,tentative,zh,Chinese,qwen2.5-coder:7b,暂定的,0.737
7887,Cannot open %1.,zh,Chinese,qwen2.5-coder:7b,无法打开 %1。,1.004
7888,& Image Selection,zh,Chinese,qwen2.5-coder:7b,& 图像选择,0.851
7889,Blu-ray Size,zh,Chinese,qwen2.5-coder:7b,蓝光大小,0.867
7890,Type selection,zh,Chinese,qwen2.5-coder:7b,类型选择,0.624
7891,Chart Type,zh,Chinese,qwen2.5-coder:7b,图表类型,0.649
7892,Total: %1,zh,Chinese,qwen2.5-coder:7b,总计: %1,0.897
7893,Received:,zh,Chinese,qwen2.5-coder:7b,收到：,0.61
7894,Generic Project Manager,zh,Chinese,qwen2.5-coder:7b,通用项目管理器,0.877
7895,PCI information,zh,Chinese,qwen2.5-coder:7b,PCI信息,0.619
7896,Timestamp,zh,Chinese,qwen2.5-coder:7b,时间戳,0.616
7897,"3 Staples, parallel",zh,Chinese,qwen2.5-coder:7b,3 铁钉，平行,1.21
7898,Job Type,zh,Chinese,qwen2.5-coder:7b,工作类型,0.619
7899,MAL Server Information,zh,Chinese,qwen2.5-coder:7b,MAL 服务器信息,1.032
7900,Installation problem,zh,Chinese,qwen2.5-coder:7b,安装问题,0.625
7901,Nicer,zh,Chinese,qwen2.5-coder:7b,更友好,0.624
7902,Style Settings,zh,Chinese,qwen2.5-coder:7b,样式设置,0.631
7903,Wallet Manager,zh,Chinese,qwen2.5-coder:7b,钱包管理器,0.758
7904,& View A,zh,Chinese,qwen2.5-coder:7b,& 查看 A,1.015
7905,USB controller,zh,Chinese,qwen2.5-coder:7b,USB控制器,0.681
7906,How to authenticate,zh,Chinese,qwen2.5-coder:7b,如何验证,0.701
7907,Booklet maker,zh,Chinese,qwen2.5-coder:7b,书本制作器,0.83
7908,%1% - Thumbnail,zh,Chinese,qwen2.5-coder:7b,%1% - 缩略图,1.392
7909,Give up,zh,Chinese,qwen2.5-coder:7b,放弃,0.573
7910,Combined View,zh,Chinese,qwen2.5-coder:7b,组合视图,0.762
7911,Front Cover Tray,zh,Chinese,qwen2.5-coder:7b,封面托盘,0.791
7912,Alphanumeric,zh,Chinese,qwen2.5-coder:7b,字母数字,0.651
7913,(c) 2004-2005 The KDE PIM Team,zh,Chinese,qwen2.5-coder:7b,© 2004-2005 KDE PIM 团队,2.555
7914,Example Tags,zh,Chinese,qwen2.5-coder:7b,示例标签,0.766
7915,Merge,zh,Chinese,qwen2.5-coder:7b,合并,0.503
7916,Token missing,zh,Chinese,qwen2.5-coder:7b,缺少令牌,0.648
7917,Getting Help,zh,Chinese,qwen2.5-coder:7b,获取帮助,0.678
7918,(moderated),zh,Chinese,qwen2.5-coder:7b,(已审核),0.909
7919,Cache pattern,zh,Chinese,qwen2.5-coder:7b,缓存模式,0.762
7920,six,zh,Chinese,qwen2.5-coder:7b,六,0.516
7921,Encapsulated Postscript Image (. eps),zh,Chinese,qwen2.5-coder:7b,封装的 Postscript 图像 (.eps),1.567
7922,Keyboard Battery,zh,Chinese,qwen2.5-coder:7b,键盘电池,0.63
7923,& Minimum value:,zh,Chinese,qwen2.5-coder:7b,& 最小值:,1.031
7924,Serial number,zh,Chinese,qwen2.5-coder:7b,序列号,0.679
7925,Tracks Added,zh,Chinese,qwen2.5-coder:7b,已添加的轨道,0.826
7926,Search Engines,zh,Chinese,qwen2.5-coder:7b,搜索引擎,0.531
7927,trash,zh,Chinese,qwen2.5-coder:7b,垃圾,0.507
7928,Sample Size,zh,Chinese,qwen2.5-coder:7b,样本大小,0.66
7929,Roman,zh,Chinese,qwen2.5-coder:7b,罗马,0.496
7930,Group Name,zh,Chinese,qwen2.5-coder:7b,群组名称,0.751
7931,Plasma. operations input file,zh,Chinese,qwen2.5-coder:7b,等离子体. 操作输入文件,1.555
7932,Caching time of directory listings:,zh,Chinese,qwen2.5-coder:7b,目录列表的缓存时间：,1.291
7933,Expansion Filter,zh,Chinese,qwen2.5-coder:7b,扩展过滤器,0.725
7934,Main Developer,zh,Chinese,qwen2.5-coder:7b,主要开发者,0.635
7935,Cryptography Toolbar,zh,Chinese,qwen2.5-coder:7b,加密工具栏,0.769
7936,Filters Configuration,zh,Chinese,qwen2.5-coder:7b,过滤器配置,0.783
7937,Speed Limits,zh,Chinese,qwen2.5-coder:7b,速度限制,0.671
7938,& Duration:,zh,Chinese,qwen2.5-coder:7b,&持续时间:,0.856
7939,Green,zh,Chinese,qwen2.5-coder:7b,绿色,0.538
7940,cleared,zh,Chinese,qwen2.5-coder:7b,清除,0.524
7941,Operating system:,zh,Chinese,qwen2.5-coder:7b,操作系统：,0.609
7942,process monitor,zh,Chinese,qwen2.5-coder:7b,进程监视器,0.702
7943,Photo 0 of 0,zh,Chinese,qwen2.5-coder:7b,第 0 张照片，共 0 张,1.848
7944,Arrows,zh,Chinese,qwen2.5-coder:7b,箭头,0.64
7945,Pauker Lesson,zh,Chinese,qwen2.5-coder:7b,Pauker 课程,0.985
7946,Starting the & infocenter;,zh,Chinese,qwen2.5-coder:7b,启动 &信息中心;,1.039
7947,% Completed,zh,Chinese,qwen2.5-coder:7b,% 完成,0.906
7948,& Group Name:,zh,Chinese,qwen2.5-coder:7b,&组名:,0.846
7949,Custom Type 6,zh,Chinese,qwen2.5-coder:7b,自定义类型 6,1.047
7950,Guides,zh,Chinese,qwen2.5-coder:7b,指南,0.522
7951,Direction,zh,Chinese,qwen2.5-coder:7b,方向,0.522
7952,Zoom in (x 2),zh,Chinese,qwen2.5-coder:7b,放大 (x 2),1.139
7953,Machine print,zh,Chinese,qwen2.5-coder:7b,机器打印,0.616
7954,Column width:,zh,Chinese,qwen2.5-coder:7b,列宽：,0.74
7955,W Orientation West,zh,Chinese,qwen2.5-coder:7b,西方向,0.895
7956,Abstract file:,zh,Chinese,qwen2.5-coder:7b,抽象文件：,0.774
7957,Renaming...,zh,Chinese,qwen2.5-coder:7b,重命名...,0.733
7958,Figure,zh,Chinese,qwen2.5-coder:7b,图形,0.497
7959,Inactive,zh,Chinese,qwen2.5-coder:7b,不活跃,0.579
7960,Middle-East,zh,Chinese,qwen2.5-coder:7b,中东,0.527
7961,RF Channel,zh,Chinese,qwen2.5-coder:7b,RF 信道,0.809
7962,(n) New,zh,Chinese,qwen2.5-coder:7b,(n) 新,0.837
7963,Go (wml),zh,Chinese,qwen2.5-coder:7b,前往 (wml),1.107
7964,Konsole part view,zh,Chinese,qwen2.5-coder:7b,控制台部分视图,1.009
7965,Crystal Desktop Search,zh,Chinese,qwen2.5-coder:7b,水晶桌面搜索,0.789
7966,& Search:,zh,Chinese,qwen2.5-coder:7b,&搜索:,0.737
7967,Expression,zh,Chinese,qwen2.5-coder:7b,表达式,0.629
7968,turnleft X,zh,Chinese,qwen2.5-coder:7b,左转 X,0.763
7969,View Schema,zh,Chinese,qwen2.5-coder:7b,查看模式,0.635
7970,Network device:,zh,Chinese,qwen2.5-coder:7b,网络设备：,0.701
7971,West Azarbaijan,zh,Chinese,qwen2.5-coder:7b,西阿塞拜疆,1.009
7972,Show Notification Popup,zh,Chinese,qwen2.5-coder:7b,显示通知弹窗,0.894
7973,Directory name,zh,Chinese,qwen2.5-coder:7b,目录名称,0.634
7974,Blue,zh,Chinese,qwen2.5-coder:7b,蓝色,0.486
7975,& koffice; features:,zh,Chinese,qwen2.5-coder:7b,& koffice; 功能：,1.213
7976,Key Combination,zh,Chinese,qwen2.5-coder:7b,按键组合,0.655
7977,Nested transactions,zh,Chinese,qwen2.5-coder:7b,嵌套事务,0.728
7978,The Panel,zh,Chinese,qwen2.5-coder:7b,面板,0.519
7979,LDAP Directory Manager,zh,Chinese,qwen2.5-coder:7b,LDAP目录管理器,0.866
7980,KDE Text-to-speech Manager,zh,Chinese,qwen2.5-coder:7b,KDE 文本转语音管理器,1.441
7981,B vs. C Overview,zh,Chinese,qwen2.5-coder:7b,B vs. C 概述,1.288
7982,Scope,zh,Chinese,qwen2.5-coder:7b,范围,0.505
7983,S/ MIME export file:,zh,Chinese,qwen2.5-coder:7b,S/MIME 导出文件：,1.297
7984,Shark proximity,zh,Chinese,qwen2.5-coder:7b,鲨鱼距离,0.794
7985,Userspace,zh,Chinese,qwen2.5-coder:7b,用户空间,0.642
7986,Locking Keys,zh,Chinese,qwen2.5-coder:7b,锁定键,0.661
7987,Close KGoldrunner,zh,Chinese,qwen2.5-coder:7b,关闭 KGoldrunner,0.939
7988,& Dial,zh,Chinese,qwen2.5-coder:7b,&拨号,0.764
7989,Calculator,zh,Chinese,qwen2.5-coder:7b,计算器,0.529
7990,Master Slide,zh,Chinese,qwen2.5-coder:7b,主幻灯片,0.822
7991,Emoticons Manager,zh,Chinese,qwen2.5-coder:7b,表情符号管理器,0.865
7992,Cisco password decoder,zh,Chinese,qwen2.5-coder:7b,Cisco 密码解码器,1.148
7993,Preview String,zh,Chinese,qwen2.5-coder:7b,预览字符串,0.775
7994,30m at 1.3cm,zh,Chinese,qwen2.5-coder:7b,30分钟 1.3厘米,1.51
7995,& Job priority:,zh,Chinese,qwen2.5-coder:7b,& 作业优先级:,1.085
7996,Distinct,zh,Chinese,qwen2.5-coder:7b,不同,0.512
7997,How to obtain & kformula;,zh,Chinese,qwen2.5-coder:7b,如何获取 & kformula;,1.132
7998,Custom 6,zh,Chinese,qwen2.5-coder:7b,自定义 6,0.88
7999,Shortcut name: b,zh,Chinese,qwen2.5-coder:7b,快捷方式名称: b,1.004
8000,Ending Market Value,zh,Chinese,qwen2.5-coder:7b,结束市场价值,0.748
8001,Capture mode:,zh,Chinese,qwen2.5-coder:7b,捕获模式:,0.928
8002,Horizontal:,zh,Chinese,qwen2.5-coder:7b,水平：,0.586
8003,& Execution,zh,Chinese,qwen2.5-coder:7b,&执行,0.62
8004,Cisco - IP Phone,zh,Chinese,qwen2.5-coder:7b,Cisco - IP 电话,1.013
8005,Endless Cascade,zh,Chinese,qwen2.5-coder:7b,无尽瀑布,0.755
8006,do nothing,zh,Chinese,qwen2.5-coder:7b,什么都不做,0.645
8007,Equatorial Guinea,zh,Chinese,qwen2.5-coder:7b,赤道几内亚,0.945
8008,Canceled.,zh,Chinese,qwen2.5-coder:7b,已取消。,0.712
8009,Enter Details,zh,Chinese,qwen2.5-coder:7b,输入详细信息,0.711
8010,& Difference,zh,Chinese,qwen2.5-coder:7b,& 差异,0.817
8011,Length: %1 px,zh,Chinese,qwen2.5-coder:7b,长度: %1 像素,1.453
8012,KDE Configuration Manager,zh,Chinese,qwen2.5-coder:7b,KDE 配置管理器,1.207
8013,User private groups,zh,Chinese,qwen2.5-coder:7b,用户私有群组,0.951
8014,Delete Item?,zh,Chinese,qwen2.5-coder:7b,删除项目？,0.777
8015,Finger key,zh,Chinese,qwen2.5-coder:7b,手指键,0.661
8016,Leader:,zh,Chinese,qwen2.5-coder:7b,领导者:,0.738
8017,Dear Sir or Madam:,zh,Chinese,qwen2.5-coder:7b,尊敬的先生或女士：,1.179
8018,Heavy Media > = 28lbs,zh,Chinese,qwen2.5-coder:7b,重媒体 >= 28磅,1.542
8019,21st Last,zh,Chinese,qwen2.5-coder:7b,21日最后,0.878
8020,& Page Size,zh,Chinese,qwen2.5-coder:7b,& 页面大小,0.756
8021,Expiration:,zh,Chinese,qwen2.5-coder:7b,过期时间：,0.851
8022,Maturity,zh,Chinese,qwen2.5-coder:7b,成熟度,0.65
8023,Color schemes,zh,Chinese,qwen2.5-coder:7b,颜色方案,0.631
8024,Distortion Effects,zh,Chinese,qwen2.5-coder:7b,失真效果,0.769
8025,Certificate Warning,zh,Chinese,qwen2.5-coder:7b,证书警告,0.622
8026,Card Stock,zh,Chinese,qwen2.5-coder:7b,卡片纸张,0.72
8027,Function Types,zh,Chinese,qwen2.5-coder:7b,函数类型,0.683
8028,SSL compatibility,zh,Chinese,qwen2.5-coder:7b,SSL 兼容性,0.956
8029,Filename pattern:,zh,Chinese,qwen2.5-coder:7b,文件名模式：,0.845
8030,Convert Layer Tye,zh,Chinese,qwen2.5-coder:7b,图层类型转换,0.888
8031,Data Source,zh,Chinese,qwen2.5-coder:7b,数据源,0.616
8032,Device Actions,zh,Chinese,qwen2.5-coder:7b,设备操作,0.62
8033,LeftImg,zh,Chinese,qwen2.5-coder:7b,左图,0.652
8034,Sphere sweep:,zh,Chinese,qwen2.5-coder:7b,球面扫描：,0.837
8035,Password level:,zh,Chinese,qwen2.5-coder:7b,密码强度：,0.732
8036,Foreground color:,zh,Chinese,qwen2.5-coder:7b,前景色：,0.742
8037,ATTN:,zh,Chinese,qwen2.5-coder:7b,请注意：,0.652
8038,Akonadi Compatibility Resource,zh,Chinese,qwen2.5-coder:7b,Akonadi 兼容性资源,1.307
8039,& Yellow,zh,Chinese,qwen2.5-coder:7b,& 黄色,0.819
8040,Examples:,zh,Chinese,qwen2.5-coder:7b,示例：,0.715
8041,72 Points,zh,Chinese,qwen2.5-coder:7b,72 分,0.731
8042,Smooth threshold:,zh,Chinese,qwen2.5-coder:7b,平滑阈值：,0.937
8043,Update interval,zh,Chinese,qwen2.5-coder:7b,更新间隔,0.644
8044,Question Glue,zh,Chinese,qwen2.5-coder:7b,问题粘合剂,0.87
8045,Bumps,zh,Chinese,qwen2.5-coder:7b,碰撞,0.514
8046,& Trigger word:,zh,Chinese,qwen2.5-coder:7b,触发词：&,0.9
8047,Unlimited,zh,Chinese,qwen2.5-coder:7b,无限,0.571
8048,Bosnia and Herzegovina,zh,Chinese,qwen2.5-coder:7b,波斯尼亚和黑塞哥维那,1.488
8049,new_folder,zh,Chinese,qwen2.5-coder:7b,新建文件夹,0.758
8050,Target image,zh,Chinese,qwen2.5-coder:7b,目标图像,0.641
8051,Proofing Profile,zh,Chinese,qwen2.5-coder:7b,校对配置文件,0.843
8052,Function Optimizer,zh,Chinese,qwen2.5-coder:7b,函数优化器,0.737
8053,color hue,zh,Chinese,qwen2.5-coder:7b,颜色色调,0.637
8054,Removing items,zh,Chinese,qwen2.5-coder:7b,移除项目,0.712
8055,& Measurement Converter,zh,Chinese,qwen2.5-coder:7b,&测量转换器,0.835
8056,%1 Received Data,zh,Chinese,qwen2.5-coder:7b,%1 接收数据,1.194
8057,File Associations,zh,Chinese,qwen2.5-coder:7b,文件关联,0.726
8058,& Help file:,zh,Chinese,qwen2.5-coder:7b,&帮助文件:,0.886
8059,Circle Chart,zh,Chinese,qwen2.5-coder:7b,圆形图,0.671
8060,Last sector:,zh,Chinese,qwen2.5-coder:7b,最后的扇区：,0.931
8061,Function & 6:,zh,Chinese,qwen2.5-coder:7b,功能 & 6:,1.01
8062,New Document,zh,Chinese,qwen2.5-coder:7b,新建文档,0.647
8063,height field file,zh,Chinese,qwen2.5-coder:7b,高度字段文件,0.789
8064,Encryption method,zh,Chinese,qwen2.5-coder:7b,加密方法,0.637
8065,Folder name:,zh,Chinese,qwen2.5-coder:7b,文件夹名称：,0.847
8066,Whistle,zh,Chinese,qwen2.5-coder:7b,哨子,0.644
8067,& Follow Mouse Mode,zh,Chinese,qwen2.5-coder:7b,跟随鼠标模式,0.813
8068,Script Name,zh,Chinese,qwen2.5-coder:7b,脚本名称,0.795
8069,Quit KTurtle,zh,Chinese,qwen2.5-coder:7b,退出 KTurtle,0.82
8070,Callers,zh,Chinese,qwen2.5-coder:7b,呼叫者,0.643
8071,Sections,zh,Chinese,qwen2.5-coder:7b,部分,0.486
8072,Cisco - PC Adapter Card,zh,Chinese,qwen2.5-coder:7b,Cisco - PC适配器卡,1.22
8073,Key size:,zh,Chinese,qwen2.5-coder:7b,密钥大小：,0.861
8074,Direction:,zh,Chinese,qwen2.5-coder:7b,方向:,0.61
8075,Overview Column,zh,Chinese,qwen2.5-coder:7b,概览列,0.721
8076,Demo profile,zh,Chinese,qwen2.5-coder:7b,演示配置文件,0.718
8077,PC - > Handheld,zh,Chinese,qwen2.5-coder:7b,PC -> 手机,0.997
8078,Player 1,zh,Chinese,qwen2.5-coder:7b,玩家1,0.651
8079,Diff Statistics,zh,Chinese,qwen2.5-coder:7b,差异统计,0.616
8080,Name of Game,zh,Chinese,qwen2.5-coder:7b,游戏名称,0.666
8081,SpringGreen1,zh,Chinese,qwen2.5-coder:7b,春绿色1,0.75
8082,Ethernet Networking,zh,Chinese,qwen2.5-coder:7b,以太网网络,0.823
8083,Regularity:,zh,Chinese,qwen2.5-coder:7b,规律：,0.606
8084,& Modifications,zh,Chinese,qwen2.5-coder:7b,& 修改,0.615
8085,Arcade Emulator,zh,Chinese,qwen2.5-coder:7b,街机模拟器,0.921
8086,& Differential geometry,zh,Chinese,qwen2.5-coder:7b,&微分几何,0.839
8087,Plasma applet,zh,Chinese,qwen2.5-coder:7b,Plasma 小部件,1.202
8088,Shortcut name: f,zh,Chinese,qwen2.5-coder:7b,快捷方式名称: f,1.07
8089,Cheater!,zh,Chinese,qwen2.5-coder:7b,作弊者！,0.736
8090,X tile size,zh,Chinese,qwen2.5-coder:7b,X瓦片大小,0.869
8091,Destination Numbers,zh,Chinese,qwen2.5-coder:7b,目的地号码,0.63
8092,Copy as & HTML,zh,Chinese,qwen2.5-coder:7b,复制为 & HTML,0.906
8093,Unit metadata,zh,Chinese,qwen2.5-coder:7b,单元元数据,0.707
8094,Anchor:,zh,Chinese,qwen2.5-coder:7b,锚点：,0.718
8095,Emphasized,zh,Chinese,qwen2.5-coder:7b,强调,0.571
8096,new_artifact,zh,Chinese,qwen2.5-coder:7b,新物品,0.695
8097,Track List Editor...,zh,Chinese,qwen2.5-coder:7b,播放列表编辑器...,0.987
8098,Case Sensitive,zh,Chinese,qwen2.5-coder:7b,大小写敏感,0.779
8099,Dash,zh,Chinese,qwen2.5-coder:7b,连字符,0.83
8100,North Korea,zh,Chinese,qwen2.5-coder:7b,朝鲜,0.525
8101,Not running,zh,Chinese,qwen2.5-coder:7b,未运行,0.638
8102,Expected,zh,Chinese,qwen2.5-coder:7b,预期,0.513
8103,Copy To,zh,Chinese,qwen2.5-coder:7b,复制到,0.68
8104,Google Groups,zh,Chinese,qwen2.5-coder:7b,谷歌组,0.643
8105,Some tips,zh,Chinese,qwen2.5-coder:7b,一些提示,0.649
8106,Swamp thing,zh,Chinese,qwen2.5-coder:7b,沼泽生物,0.771
8107,Workspace Profile,zh,Chinese,qwen2.5-coder:7b,工作区配置文件,0.811
8108,light,zh,Chinese,qwen2.5-coder:7b,光,0.489
8109,Combined,zh,Chinese,qwen2.5-coder:7b,组合,0.508
8110,Open & With,zh,Chinese,qwen2.5-coder:7b,打开 & 使用,0.749
8111,system notification,zh,Chinese,qwen2.5-coder:7b,系统通知,0.613
8112,Stalled,zh,Chinese,qwen2.5-coder:7b,停滞不前,0.724
8113,& First,zh,Chinese,qwen2.5-coder:7b,& 首先,0.972
8114,Savings,zh,Chinese,qwen2.5-coder:7b,储蓄,0.57
8115,Browsing Settings,zh,Chinese,qwen2.5-coder:7b,浏览设置,0.699
8116,%d: current directory (short),zh,Chinese,qwen2.5-coder:7b,%d: 当前目录（简）,1.439
8117,Previous:,zh,Chinese,qwen2.5-coder:7b,上一页:,0.759
8118,Encoder Quality,zh,Chinese,qwen2.5-coder:7b,编码质量,0.651
8119,Rechargeable:,zh,Chinese,qwen2.5-coder:7b,可充电的：,0.868
8120,Tree:,zh,Chinese,qwen2.5-coder:7b,树：,0.571
8121,Distort,zh,Chinese,qwen2.5-coder:7b,扭曲,0.521
8122,& Main Toolbar,zh,Chinese,qwen2.5-coder:7b,& 主工具栏,0.87
8123,Panel,zh,Chinese,qwen2.5-coder:7b,面板,0.527
8124,Switzerland,zh,Chinese,qwen2.5-coder:7b,瑞士,0.513
8125,card,zh,Chinese,qwen2.5-coder:7b,卡片,0.478
8126,kwest-search-daemon,zh,Chinese,qwen2.5-coder:7b,kwesearchd,1.099
8127,How to obtain & konsolekalendar;,zh,Chinese,qwen2.5-coder:7b,如何获取 &konsolekalendar;,1.513
8128,American Foolscap,zh,Chinese,qwen2.5-coder:7b,美国愚人纸,0.877
8129,Subtitles,zh,Chinese,qwen2.5-coder:7b,字幕,0.656
8130,Hero,zh,Chinese,qwen2.5-coder:7b,英雄,0.491
8131,material map,zh,Chinese,qwen2.5-coder:7b,材质图,0.635
8132,Extending & quantaplus;,zh,Chinese,qwen2.5-coder:7b,扩展 & quantaplus;,1.227
8133,Torrent files,zh,Chinese,qwen2.5-coder:7b,种子文件,0.653
8134,"Unable to save %1 ""%2"".",zh,Chinese,qwen2.5-coder:7b,无法保存“%1”“%2”。,1.654
8135,& Jens. Hoefkens;,zh,Chinese,qwen2.5-coder:7b,& 荷夫肯斯.,1.456
8136,(Extreme Quality),zh,Chinese,qwen2.5-coder:7b,(极致质量),0.922
8137,Part Class,zh,Chinese,qwen2.5-coder:7b,部件类别,0.688
8138,force,zh,Chinese,qwen2.5-coder:7b,强制,0.499
8139,Income:,zh,Chinese,qwen2.5-coder:7b,收入：,0.582
8140,Update & interval:,zh,Chinese,qwen2.5-coder:7b,更新间隔：,0.747
8141,Rotated 180 degrees,zh,Chinese,qwen2.5-coder:7b,旋转180度,1.109
8142,Underlining:,zh,Chinese,qwen2.5-coder:7b,下划线：,0.853
8143,"The ""repeat"" loop",zh,Chinese,qwen2.5-coder:7b,重复循环,0.924
8144,Authentication error.,zh,Chinese,qwen2.5-coder:7b,身份验证错误。,0.852
8145,Empty Location,zh,Chinese,qwen2.5-coder:7b,空位置,0.648
8146,Flowers,zh,Chinese,qwen2.5-coder:7b,花,0.52
8147,Value:,zh,Chinese,qwen2.5-coder:7b,值：,0.581
8148,CPU Frequency:,zh,Chinese,qwen2.5-coder:7b,CPU 频率:,1.004
8149,backward (bw),zh,Chinese,qwen2.5-coder:7b,后退 (bw),0.97
8150,Delete Object,zh,Chinese,qwen2.5-coder:7b,删除对象,0.619
8151,StatusNet server:,zh,Chinese,qwen2.5-coder:7b,StatusNet 服务器:,1.04
8152,Copies:,zh,Chinese,qwen2.5-coder:7b,副本:,0.723
8153,User_%1,zh,Chinese,qwen2.5-coder:7b,用户_%1,0.748
8154,Download Speed,zh,Chinese,qwen2.5-coder:7b,下载速度,0.615
8155,Shear,zh,Chinese,qwen2.5-coder:7b,剪切,0.687
8156,Avoid,zh,Chinese,qwen2.5-coder:7b,避免,0.504
8157,Use PFS,zh,Chinese,qwen2.5-coder:7b,使用PFS,0.783
8158,Structure Group Editor,zh,Chinese,qwen2.5-coder:7b,结构组编辑器,0.922
8159,Keyboard Map Tool,zh,Chinese,qwen2.5-coder:7b,键盘映射工具,0.886
8160,Interface,zh,Chinese,qwen2.5-coder:7b,界面,0.486
8161,Create New Project,zh,Chinese,qwen2.5-coder:7b,创建新项目,0.736
8162,ChargedParticleErrors,zh,Chinese,qwen2.5-coder:7b,带电粒子错误,0.898
8163,Typewriter - \\texttt{},zh,Chinese,qwen2.5-coder:7b,打字机 - \texttt{},1.404
8164,Translation Units,zh,Chinese,qwen2.5-coder:7b,翻译单元,0.663
8165,Category Medium,zh,Chinese,qwen2.5-coder:7b,类别中等,0.724
8166,Templates directory,zh,Chinese,qwen2.5-coder:7b,模板目录,0.642
8167,Yugoslavian Dinar,zh,Chinese,qwen2.5-coder:7b,塞尔维亚杜马,1.035
8168,Connected.,zh,Chinese,qwen2.5-coder:7b,已连接。,0.698
8169,drive partition,zh,Chinese,qwen2.5-coder:7b,驱动器分区,0.716
8170,MINUTES(time),zh,Chinese,qwen2.5-coder:7b,分钟(%s),0.894
8171,Centered,zh,Chinese,qwen2.5-coder:7b,居中,0.659
8172,Font Size+1,zh,Chinese,qwen2.5-coder:7b,字体大小+1,0.88
8173,Background Shading,zh,Chinese,qwen2.5-coder:7b,背景着色,0.767
8174,A flower,zh,Chinese,qwen2.5-coder:7b,一朵花,0.641
8175,searchOption,zh,Chinese,qwen2.5-coder:7b,搜索选项,0.64
8176,New name:,zh,Chinese,qwen2.5-coder:7b,新名称：,0.727
8177,sources,zh,Chinese,qwen2.5-coder:7b,源文件,0.576
8178,Operations Menu,zh,Chinese,qwen2.5-coder:7b,操作菜单,0.62
8179,Cube dimensions: %1x%2x%3,zh,Chinese,qwen2.5-coder:7b,立方体尺寸: %1x%2x%3,2.02
8180,Alternative Name,zh,Chinese,qwen2.5-coder:7b,替代名称,0.654
8181,developer,zh,Chinese,qwen2.5-coder:7b,开发者,0.496
8182,Opponent:,zh,Chinese,qwen2.5-coder:7b,对手：,0.677
8183,Medium,zh,Chinese,qwen2.5-coder:7b,中等,0.61
8184,Appearance time:,zh,Chinese,qwen2.5-coder:7b,外观时间：,0.738
8185,Not Started,zh,Chinese,qwen2.5-coder:7b,未开始,0.613
8186,Tardis image,zh,Chinese,qwen2.5-coder:7b,tardis 图像,0.9
8187,Key Bindings,zh,Chinese,qwen2.5-coder:7b,按键绑定,0.656
8188,Running....,zh,Chinese,qwen2.5-coder:7b,正在运行...,0.695
8189,Rendering Intent:,zh,Chinese,qwen2.5-coder:7b,渲染意图：,0.72
8190,36 MB or more,zh,Chinese,qwen2.5-coder:7b,36 MB 或更多,1.021
8191,Coloring:,zh,Chinese,qwen2.5-coder:7b,上色：,0.744
8192,Hold,zh,Chinese,qwen2.5-coder:7b,保持,0.487
8193,Actions Settings,zh,Chinese,qwen2.5-coder:7b,操作设置,0.625
8194,Presence Status,zh,Chinese,qwen2.5-coder:7b,在线状态,0.834
8195,How to obtain & kalzium;,zh,Chinese,qwen2.5-coder:7b,如何获取 &kalzium;,1.266
8196,Audio channel:,zh,Chinese,qwen2.5-coder:7b,音频通道：,0.741
8197,ImagePlugin_DistortionFX,zh,Chinese,qwen2.5-coder:7b,图像插件_失真效果,1.29
8198,Run project,zh,Chinese,qwen2.5-coder:7b,运行项目,0.634
8199,Log & Out,zh,Chinese,qwen2.5-coder:7b,退出登录,0.657
8200,Grid spacing:,zh,Chinese,qwen2.5-coder:7b,网格间距：,0.738
8201,Searches,zh,Chinese,qwen2.5-coder:7b,搜索,0.523
8202,Notifications,zh,Chinese,qwen2.5-coder:7b,通知,0.535
8203,Sent,zh,Chinese,qwen2.5-coder:7b,已发送,0.628
8204,Participants,zh,Chinese,qwen2.5-coder:7b,参与者,0.496
8205,Key Properties,zh,Chinese,qwen2.5-coder:7b,关键属性,0.648
8206,ImagePlugin_ContentAwareResizing,zh,Chinese,qwen2.5-coder:7b,图像插件_内容感知调整大小,1.341
8207,Acceleration:,zh,Chinese,qwen2.5-coder:7b,加速度:,0.698
8208,Referenced Column,zh,Chinese,qwen2.5-coder:7b,引用列,0.699
8209,Print size:,zh,Chinese,qwen2.5-coder:7b,打印大小：,0.74
8210,Filtering & action:,zh,Chinese,qwen2.5-coder:7b,过滤 & 操作：,1.036
8211,Game,zh,Chinese,qwen2.5-coder:7b,游戏,0.527
8212,Bibliographic Data (BibTeXML),zh,Chinese,qwen2.5-coder:7b,参考文献数据 (BibTeXML),1.615
8213,& Function...,zh,Chinese,qwen2.5-coder:7b,&功能...,0.733
8214,Adverb,zh,Chinese,qwen2.5-coder:7b,副词,0.72
8215,Column name,zh,Chinese,qwen2.5-coder:7b,列名,0.637
8216,Vfs options:,zh,Chinese,qwen2.5-coder:7b,Vfs选项：,0.852
8217,Track Comment,zh,Chinese,qwen2.5-coder:7b,跟踪评论,0.623
8218,Hand writing,zh,Chinese,qwen2.5-coder:7b,手写,0.637
8219,Lower Austria,zh,Chinese,qwen2.5-coder:7b,奥地利南部,0.607
8220,Source Medium,zh,Chinese,qwen2.5-coder:7b,源媒体,0.637
8221,Date Correction:,zh,Chinese,qwen2.5-coder:7b,日期校正：,0.873
8222,green:,zh,Chinese,qwen2.5-coder:7b,绿色：,0.61
8223,File Naming Scheme,zh,Chinese,qwen2.5-coder:7b,文件命名方案,0.756
8224,(body part),zh,Chinese,qwen2.5-coder:7b,(身体部位),0.86
8225,Early Start,zh,Chinese,qwen2.5-coder:7b,早启动,0.643
8226,Spanish (Paraguay),zh,Chinese,qwen2.5-coder:7b,西班牙语（巴拉圭）,1.072
8227,Document Structure Tree,zh,Chinese,qwen2.5-coder:7b,文档结构树,0.846
8228,See The & khelpcenter;.,zh,Chinese,qwen2.5-coder:7b,请查看 & khelpcenter;.,1.537
8229,Launch Feedback,zh,Chinese,qwen2.5-coder:7b,提交反馈,0.622
8230,group password,zh,Chinese,qwen2.5-coder:7b,组密码,0.639
8231,Browsing,zh,Chinese,qwen2.5-coder:7b,浏览,0.562
8232,Logon home:,zh,Chinese,qwen2.5-coder:7b,登录主页：,0.752
8233,Transfer details:,zh,Chinese,qwen2.5-coder:7b,转账详情：,0.74
8234,Contents of %1,zh,Chinese,qwen2.5-coder:7b,%1的内容,0.81
8235,Window title:,zh,Chinese,qwen2.5-coder:7b,窗口标题：,0.753
8236,& Rename Account,zh,Chinese,qwen2.5-coder:7b,重命名账户,0.775
8237,Uppercase letters,zh,Chinese,qwen2.5-coder:7b,大写字母,0.867
8238,Sierra Leone,zh,Chinese,qwen2.5-coder:7b,塞拉利昂,0.921
8239,LaTeX Environment,zh,Chinese,qwen2.5-coder:7b,LaTeX 环境,1.131
8240,Search results:,zh,Chinese,qwen2.5-coder:7b,搜索结果：,0.761
8241,Graphics,zh,Chinese,qwen2.5-coder:7b,图形,0.508
8242,Extra Files,zh,Chinese,qwen2.5-coder:7b,额外文件,0.657
8243,Resource,zh,Chinese,qwen2.5-coder:7b,资源,0.486
8244,KDE version:,zh,Chinese,qwen2.5-coder:7b,KDE 版本：,1.026
8245,& kde; on & AIX;?,zh,Chinese,qwen2.5-coder:7b,& kde; 在 & AIX; 上吗？,1.818
8246,Output levels,zh,Chinese,qwen2.5-coder:7b,输出级别,0.667
8247,"Letter, Grayscale",zh,Chinese,qwen2.5-coder:7b,信件，灰度,1.052
8248,& ktimetracker;,zh,Chinese,qwen2.5-coder:7b,&时间跟踪器;,1.052
8249,Locality,zh,Chinese,qwen2.5-coder:7b,本地化,0.656
8250,Project Views,zh,Chinese,qwen2.5-coder:7b,项目视图,0.721
8251,Cisco - FC Storage,zh,Chinese,qwen2.5-coder:7b,Cisco - FC 存储,1.091
8252,Median:,zh,Chinese,qwen2.5-coder:7b,中位数:,0.795
8253,Animate Effect,zh,Chinese,qwen2.5-coder:7b,动画效果,0.63
8254,A %1 (custom widget),zh,Chinese,qwen2.5-coder:7b,一个 %1 (自定义部件),1.332
8255,Pressure,zh,Chinese,qwen2.5-coder:7b,压力,0.481
8256,State Toolbar,zh,Chinese,qwen2.5-coder:7b,状态工具栏,0.72
8257,Edit Type,zh,Chinese,qwen2.5-coder:7b,编辑类型,0.639
8258,Transfer Progress,zh,Chinese,qwen2.5-coder:7b,传输进度,0.628
8259,Minimum value:,zh,Chinese,qwen2.5-coder:7b,最小值：,0.75
8260,Staple,zh,Chinese,qwen2.5-coder:7b,订书机,0.792
8261,Containers,zh,Chinese,qwen2.5-coder:7b,容器,0.501
8262,Church Organ,zh,Chinese,qwen2.5-coder:7b,教堂管风琴,0.813
8263,"GUI design, plugins",zh,Chinese,qwen2.5-coder:7b,GUI设计，插件,0.987
8264,& smime; signing certificate,zh,Chinese,qwen2.5-coder:7b,&s mime; 签名证书,1.335
8265,Space,zh,Chinese,qwen2.5-coder:7b,太空,0.574
8266,Project's database name:,zh,Chinese,qwen2.5-coder:7b,项目数据库名称：,0.97
8267,Update interval:,zh,Chinese,qwen2.5-coder:7b,更新间隔：,0.771
8268,KOrganizer Part Interface,zh,Chinese,qwen2.5-coder:7b,KOrganizer 部分界面,1.36
8269,Parent directory,zh,Chinese,qwen2.5-coder:7b,父目录,0.641
8270,COUNTBLANK(range),zh,Chinese,qwen2.5-coder:7b,COUNTBLANK(范围),1.252
8271,Alarm List,zh,Chinese,qwen2.5-coder:7b,警报列表,0.743
8272,Photograph Restoration,zh,Chinese,qwen2.5-coder:7b,照片修复,0.708
8273,Textured,zh,Chinese,qwen2.5-coder:7b,纹理,0.555
8274,A Major,zh,Chinese,qwen2.5-coder:7b,一个主要的,0.967
8275,Remote IP address (for tunnel),zh,Chinese,qwen2.5-coder:7b,远程IP地址（用于隧道）,1.287
8276,Page size,zh,Chinese,qwen2.5-coder:7b,页面大小,0.661
8277,Computer Difficulty,zh,Chinese,qwen2.5-coder:7b,计算机难度,0.678
8278,Channel & List,zh,Chinese,qwen2.5-coder:7b,频道 & 列表,0.945
8279,new_association,zh,Chinese,qwen2.5-coder:7b,新的关联,0.659
8280,House number,zh,Chinese,qwen2.5-coder:7b,房屋号码,0.659
8281,Colour Correction Mode,zh,Chinese,qwen2.5-coder:7b,颜色校正模式,0.886
8282,Password hash:,zh,Chinese,qwen2.5-coder:7b,密码哈希：,0.815
8283,Context annotation plugin,zh,Chinese,qwen2.5-coder:7b,上下文注解插件,1.038
8284,Mnt. Point,zh,Chinese,qwen2.5-coder:7b,挂载点,0.856
8285,Day length:,zh,Chinese,qwen2.5-coder:7b,天长：,0.717
8286,Warning Dialogs,zh,Chinese,qwen2.5-coder:7b,警告对话框,0.747
8287,Confirmations,zh,Chinese,qwen2.5-coder:7b,确认,0.548
8288,Source Position,zh,Chinese,qwen2.5-coder:7b,源位置,0.614
8289,Trails,zh,Chinese,qwen2.5-coder:7b,轨迹,0.525
8290,Burning,zh,Chinese,qwen2.5-coder:7b,燃烧,0.526
8291,deleting,zh,Chinese,qwen2.5-coder:7b,删除,0.552
8292,direction filter,zh,Chinese,qwen2.5-coder:7b,方向过滤器,0.73
8293,Adjust Curve,zh,Chinese,qwen2.5-coder:7b,调整曲线,0.626
8294,10% of Node,zh,Chinese,qwen2.5-coder:7b,节点的10%,1.16
8295,File Comparison Mode,zh,Chinese,qwen2.5-coder:7b,文件比较模式,0.811
8296,4 for Slackware,zh,Chinese,qwen2.5-coder:7b,4 用于 Slackware,0.988
8297,Size of Cell,zh,Chinese,qwen2.5-coder:7b,单元格大小,0.744
8298,Collaboration Message,zh,Chinese,qwen2.5-coder:7b,协作消息,0.697
8299,of May,zh,Chinese,qwen2.5-coder:7b,5月,0.676
8300,& Devices List,zh,Chinese,qwen2.5-coder:7b,设备列表,0.692
8301,Signature Editor,zh,Chinese,qwen2.5-coder:7b,签名编辑器,0.771
8302,PIM Synchronization,zh,Chinese,qwen2.5-coder:7b,PIM同步,0.837
8303,Input file,zh,Chinese,qwen2.5-coder:7b,输入文件,0.634
8304,Goal Seeking,zh,Chinese,qwen2.5-coder:7b,目标导向,0.632
8305,Metalink published,zh,Chinese,qwen2.5-coder:7b,Metalink 发布,0.846
8306,No replacements made.,zh,Chinese,qwen2.5-coder:7b,没有进行替换。,0.86
8307,TNEF Correlation Key,zh,Chinese,qwen2.5-coder:7b,TNEF 关联密钥,1.245
8308,Force tabs,zh,Chinese,qwen2.5-coder:7b,强制标签页,0.758
8309,Topic,zh,Chinese,qwen2.5-coder:7b,主题,0.504
8310,Collection List,zh,Chinese,qwen2.5-coder:7b,收藏列表,0.611
8311,CPU Architecture,zh,Chinese,qwen2.5-coder:7b,CPU架构,0.604
8312,Russia,zh,Chinese,qwen2.5-coder:7b,俄罗斯,0.484
8313,Exposure:,zh,Chinese,qwen2.5-coder:7b,曝光：,0.621
8314,"Best regards,",zh,Chinese,qwen2.5-coder:7b,"此致敬礼,",0.977
8315,Preparation Method,zh,Chinese,qwen2.5-coder:7b,准备方法,0.679
8316,Altitude at noon:,zh,Chinese,qwen2.5-coder:7b,中午的海拔：,0.905
8317,PGP 6 compatibility,zh,Chinese,qwen2.5-coder:7b,PGP 6 兼容性,1.385
8318,IFHP Driver (%1),zh,Chinese,qwen2.5-coder:7b,IFHP 驱动 (%1),1.471
8319,Enrollment timer event,zh,Chinese,qwen2.5-coder:7b,注册计时事件,0.879
8320,Without,zh,Chinese,qwen2.5-coder:7b,没有,0.492
8321,Lava-Island,zh,Chinese,qwen2.5-coder:7b,熔岩岛,0.82
8322,KTTSD Phonon audio plugin,zh,Chinese,qwen2.5-coder:7b,KTTSD 声波音频插件,1.581
8323,RoyalBlue1,zh,Chinese,qwen2.5-coder:7b,皇家蓝1,0.801
8324,Sudden Winds,zh,Chinese,qwen2.5-coder:7b,突风,0.65
8325,Credit:,zh,Chinese,qwen2.5-coder:7b,信用：,0.584
8326,Bookmark Properties,zh,Chinese,qwen2.5-coder:7b,书签属性,0.699
8327,List Box,zh,Chinese,qwen2.5-coder:7b,列表框,0.626
8328,Grid color:,zh,Chinese,qwen2.5-coder:7b,网格颜色：,0.74
8329,WX rotation speed,zh,Chinese,qwen2.5-coder:7b,微信旋转速度,0.76
8330,Main text,zh,Chinese,qwen2.5-coder:7b,主要文本,0.63
8331,Summary Selection,zh,Chinese,qwen2.5-coder:7b,总结选择,0.65
8332,Media size:,zh,Chinese,qwen2.5-coder:7b,媒体大小：,0.711
8333,Batch Queue Manager,zh,Chinese,qwen2.5-coder:7b,批处理队列管理器,1.096
8334,localPosition1Variance,zh,Chinese,qwen2.5-coder:7b,本地位置1方差,1.094
8335,Refine Path,zh,Chinese,qwen2.5-coder:7b,优化路径,0.674
8336,Hor. Alignment,zh,Chinese,qwen2.5-coder:7b,水平对齐,0.806
8337,Indentation amount:,zh,Chinese,qwen2.5-coder:7b,缩进量：,0.937
8338,Account type,zh,Chinese,qwen2.5-coder:7b,账户类型,0.649
8339,Project major version,zh,Chinese,qwen2.5-coder:7b,项目主版本,0.773
8340,& Image size type:,zh,Chinese,qwen2.5-coder:7b,& 图像大小类型:,1.13
8341,Secure:,zh,Chinese,qwen2.5-coder:7b,安全:,0.654
8342,kind,zh,Chinese,qwen2.5-coder:7b,好,0.485
8343,Variance (Dur),zh,Chinese,qwen2.5-coder:7b,方差 (持续时间),1.059
8344,NetBIOS name:,zh,Chinese,qwen2.5-coder:7b,NetBIOS 名称:,1.102
8345,disks,zh,Chinese,qwen2.5-coder:7b,磁盘,0.641
8346,Folder selection,zh,Chinese,qwen2.5-coder:7b,文件夹选择,0.747
8347,Could not open %1,zh,Chinese,qwen2.5-coder:7b,无法打开 %1,0.943
8348,Active Downloads,zh,Chinese,qwen2.5-coder:7b,活跃下载,0.631
8349,LDAP User filter,zh,Chinese,qwen2.5-coder:7b,LDAP 用户过滤器,0.839
8350,Phone,zh,Chinese,qwen2.5-coder:7b,手机,0.498
8351,Start & time:,zh,Chinese,qwen2.5-coder:7b,开始 & 时间:,0.929
8352,Gadu-Gadu contacts list,zh,Chinese,qwen2.5-coder:7b,Gadu-Gadu 联系人列表,1.867
8353,Never,zh,Chinese,qwen2.5-coder:7b,从不,0.61
8354,layout,zh,Chinese,qwen2.5-coder:7b,布局,0.492
8355,Time Zone,zh,Chinese,qwen2.5-coder:7b,时区,0.611
8356,File Manager,zh,Chinese,qwen2.5-coder:7b,文件管理器,0.71
8357,Resolution Enhancement,zh,Chinese,qwen2.5-coder:7b,分辨率增强,0.611
8358,Anti-alias lines,zh,Chinese,qwen2.5-coder:7b,抗锯齿线,0.895
8359,Constant of Gravitation,zh,Chinese,qwen2.5-coder:7b,引力常数,0.811
8360,Curves Adjust...,zh,Chinese,qwen2.5-coder:7b,曲线调整...,0.774
8361,Position Slider,zh,Chinese,qwen2.5-coder:7b,位置滑块,0.699
8362,Playlist Information,zh,Chinese,qwen2.5-coder:7b,播放列表信息,0.714
8363,Velocity,zh,Chinese,qwen2.5-coder:7b,速度,0.477
8364,Attach Label,zh,Chinese,qwen2.5-coder:7b,附加标签,0.616
8365,Slider Control Settings,zh,Chinese,qwen2.5-coder:7b,滑块控件设置,0.966
8366,Traffic,zh,Chinese,qwen2.5-coder:7b,交通,0.508
8367,Password file,zh,Chinese,qwen2.5-coder:7b,密码文件,0.608
8368,SteelBlue1,zh,Chinese,qwen2.5-coder:7b,SteelBlue1,0.759
8369,Cancel,zh,Chinese,qwen2.5-coder:7b,取消,0.476
8370,Slide Show,zh,Chinese,qwen2.5-coder:7b,幻灯片放映,0.803
8371,End Date,zh,Chinese,qwen2.5-coder:7b,结束日期,0.632
8372,Pre-amp,zh,Chinese,qwen2.5-coder:7b,前置放大器,0.768
8373,JPEG 2000 quality:,zh,Chinese,qwen2.5-coder:7b,JPEG 2000 质量:,1.719
8374,LightSkyBlue2,zh,Chinese,qwen2.5-coder:7b,浅蓝色2,0.812
8375,Channel: %1_,zh,Chinese,qwen2.5-coder:7b,频道: %1_,1.044
8376,Panel Background,zh,Chinese,qwen2.5-coder:7b,面板背景,0.631
8377,network,zh,Chinese,qwen2.5-coder:7b,网络,0.503
8378,Sudoku Game,zh,Chinese,qwen2.5-coder:7b,数独游戏,0.78
8379,application,zh,Chinese,qwen2.5-coder:7b,应用程序,0.505
8380,by Date/ Time,zh,Chinese,qwen2.5-coder:7b,按日期/时间排序,1.07
8381,X funky,zh,Chinese,qwen2.5-coder:7b,X 涂鸦,0.966
8382,Fax System Selection,zh,Chinese,qwen2.5-coder:7b,传真系统选择,0.803
8383,Replacement,zh,Chinese,qwen2.5-coder:7b,替换,0.497
8384,Using & kmail;,zh,Chinese,qwen2.5-coder:7b,使用 & kmail;,0.973
8385,Job Tracker,zh,Chinese,qwen2.5-coder:7b,任务跟踪器,0.72
8386,Rating Filter,zh,Chinese,qwen2.5-coder:7b,评分筛选,0.62
8387,Preserve hard links,zh,Chinese,qwen2.5-coder:7b,保留硬链接,0.825
8388,By Date/ Time,zh,Chinese,qwen2.5-coder:7b,按日期/时间,0.947
8389,Hendrik vom Lehn (hennevl at hennevl de): Developer,zh,Chinese,qwen2.5-coder:7b,亨里克·冯·伦恩（hennevl at hennevl de）：开发者,2.838
8390,Away message:,zh,Chinese,qwen2.5-coder:7b,离线消息：,0.887
8391,File Size Viewer,zh,Chinese,qwen2.5-coder:7b,文件大小查看器,0.878
8392,Reviewer,zh,Chinese,qwen2.5-coder:7b,评论家,0.585
8393,Trackers,zh,Chinese,qwen2.5-coder:7b,追踪器,0.613
8394,Integration Settings,zh,Chinese,qwen2.5-coder:7b,集成设置,0.649
8395,localPosition2,zh,Chinese,qwen2.5-coder:7b,本地位置2,0.784
8396,& Music,zh,Chinese,qwen2.5-coder:7b,&音乐,0.649
8397,MediumSlateBlue,zh,Chinese,qwen2.5-coder:7b,中等深蓝,0.96
8398,%1 user,zh,Chinese,qwen2.5-coder:7b,%1 用户,0.764
8399,"The ""%1"" script output:",zh,Chinese,qwen2.5-coder:7b,"%1"" 脚本输出：",1.496
8400,Tabular Environments,zh,Chinese,qwen2.5-coder:7b,表格环境,0.711
8401,KDM configuration,zh,Chinese,qwen2.5-coder:7b,KDM 配置,0.982
8402,Fold,zh,Chinese,qwen2.5-coder:7b,折叠,0.513
8403,Line Feed Adjustment,zh,Chinese,qwen2.5-coder:7b,行间距调整,0.748
8404,& Playground,zh,Chinese,qwen2.5-coder:7b,&游乐场,0.709
8405,Assignments,zh,Chinese,qwen2.5-coder:7b,任务,0.548
8406,Backup Profiles,zh,Chinese,qwen2.5-coder:7b,备份配置文件,0.746
8407,Density File,zh,Chinese,qwen2.5-coder:7b,密度文件,0.653
8408,Icon List,zh,Chinese,qwen2.5-coder:7b,图标列表,0.633
8409,& System connection,zh,Chinese,qwen2.5-coder:7b,&系统连接,0.751
8410,Function & 9:,zh,Chinese,qwen2.5-coder:7b,功能 & 9:,1.058
8411,backward X,zh,Chinese,qwen2.5-coder:7b,向后移动 X,0.895
8412,Disk Copy,zh,Chinese,qwen2.5-coder:7b,磁盘复制,0.754
8413,Color wheel,zh,Chinese,qwen2.5-coder:7b,颜色轮,0.646
8414,Black Printing Mode,zh,Chinese,qwen2.5-coder:7b,黑色打印模式,0.773
8415,Plugin Manager,zh,Chinese,qwen2.5-coder:7b,插件管理器,0.859
8416,Properties,zh,Chinese,qwen2.5-coder:7b,属性,0.506
8417,OpenGL Image Viewer...,zh,Chinese,qwen2.5-coder:7b,OpenGL 图像查看器...,1.108
8418,is / is not,zh,Chinese,qwen2.5-coder:7b,是 / 不是,0.972
8419,Navigation Settings.,zh,Chinese,qwen2.5-coder:7b,导航设置。,0.737
8420,Input File:,zh,Chinese,qwen2.5-coder:7b,输入文件：,0.738
8421,& kexi; Developers:,zh,Chinese,qwen2.5-coder:7b,& 开发者:,1.085
8422,Profile description,zh,Chinese,qwen2.5-coder:7b,个人资料描述,0.806
8423,Assembly Instructions,zh,Chinese,qwen2.5-coder:7b,装配说明,0.649
8424,Red Wine,zh,Chinese,qwen2.5-coder:7b,红酒,0.598
8425,Pyruvic Acid,zh,Chinese,qwen2.5-coder:7b,丙酮酸,0.83
8426,Trail length,zh,Chinese,qwen2.5-coder:7b,路径长度,0.823
8427,anonymous,zh,Chinese,qwen2.5-coder:7b,匿名,0.485
8428,Starting the & kcontrol;,zh,Chinese,qwen2.5-coder:7b,启动 & kcontrol;,0.997
8429,Random Data,zh,Chinese,qwen2.5-coder:7b,随机数据,0.604
8430,Calculated,zh,Chinese,qwen2.5-coder:7b,计算结果,0.644
8431,& Search for:,zh,Chinese,qwen2.5-coder:7b,&搜索:,0.832
8432,Default Applications,zh,Chinese,qwen2.5-coder:7b,默认应用程序,0.698
8433,XSync Based (recommended),zh,Chinese,qwen2.5-coder:7b,基于XSync（推荐）,1.137
8434,Textquote:,zh,Chinese,qwen2.5-coder:7b,文本引用：,0.737
8435,Precision:,zh,Chinese,qwen2.5-coder:7b,精度:,0.587
8436,Pilot & user:,zh,Chinese,qwen2.5-coder:7b,飞行员 & 用户：,0.906
8437,System group:,zh,Chinese,qwen2.5-coder:7b,系统组：,0.722
8438,Animate icons,zh,Chinese,qwen2.5-coder:7b,动画图标,0.652
8439,Adaptive Random,zh,Chinese,qwen2.5-coder:7b,自适应随机,0.751
8440,Image Management,zh,Chinese,qwen2.5-coder:7b,图像管理,0.609
8441,Hong Kong Dollar,zh,Chinese,qwen2.5-coder:7b,港币,0.651
8442,Elevation (meters):,zh,Chinese,qwen2.5-coder:7b,海拔（米）：,1.04
8443,no medium,zh,Chinese,qwen2.5-coder:7b,没有介质,0.679
8444,Duplicate,zh,Chinese,qwen2.5-coder:7b,复制,0.549
8445,Account Delete Account,zh,Chinese,qwen2.5-coder:7b,删除账户,0.643
8446,Remove record,zh,Chinese,qwen2.5-coder:7b,删除记录,0.616
8447,All Dates,zh,Chinese,qwen2.5-coder:7b,所有日期,0.619
8448,state diagram,zh,Chinese,qwen2.5-coder:7b,状态图,0.627
8449,Appendable %1 medium,zh,Chinese,qwen2.5-coder:7b,可追加的 %1 中间件,1.441
8450,Ctrl; F Find...,zh,Chinese,qwen2.5-coder:7b,Ctrl; F 查找...,1.122
8451,& Round Corners...,zh,Chinese,qwen2.5-coder:7b,&圆角...,0.915
8452,Relations,zh,Chinese,qwen2.5-coder:7b,关系,0.535
8453,False,zh,Chinese,qwen2.5-coder:7b,假的,0.613
8454,Custom Type 3,zh,Chinese,qwen2.5-coder:7b,自定义类型 3,1.034
8455,Pipes - another (GL),zh,Chinese,qwen2.5-coder:7b,管道 - 另一个 (GL),1.412
8456,News Article,zh,Chinese,qwen2.5-coder:7b,新闻文章,0.664
8457,Host name,zh,Chinese,qwen2.5-coder:7b,主机名,0.699
8458,Choose Object,zh,Chinese,qwen2.5-coder:7b,选择对象,0.665
8459,CRET Color,zh,Chinese,qwen2.5-coder:7b,CRET 颜色,1.054
8460,One,zh,Chinese,qwen2.5-coder:7b,一个,0.503
8461,Placeholder shape,zh,Chinese,qwen2.5-coder:7b,占位符形状,0.802
8462,Start Date,zh,Chinese,qwen2.5-coder:7b,开始日期,0.637
8463,for White,zh,Chinese,qwen2.5-coder:7b,为白色,0.683
8464,Menu Activation,zh,Chinese,qwen2.5-coder:7b,菜单激活,0.655
8465,Translation Memory,zh,Chinese,qwen2.5-coder:7b,翻译记忆,0.616
8466,Thread leader:,zh,Chinese,qwen2.5-coder:7b,线程负责人：,0.831
8467,Address Book Associations,zh,Chinese,qwen2.5-coder:7b,地址簿关联,0.769
8468,Shortcut name: q,zh,Chinese,qwen2.5-coder:7b,快捷方式名称: q,0.974
8469,XSkat French,zh,Chinese,qwen2.5-coder:7b,XSkat 法国,1.063
8470,Screen,zh,Chinese,qwen2.5-coder:7b,屏幕,0.526
8471,Pencil size:,zh,Chinese,qwen2.5-coder:7b,铅笔大小：,0.856
8472,speed1 gamma,zh,Chinese,qwen2.5-coder:7b,速度1伽玛,0.832
8473,is before,zh,Chinese,qwen2.5-coder:7b,在...之前,0.713
8474,CImg Image restoration filter,zh,Chinese,qwen2.5-coder:7b,CImg 图像修复滤镜,1.225
8475,& Points,zh,Chinese,qwen2.5-coder:7b,&积分,0.621
8476,Column positions,zh,Chinese,qwen2.5-coder:7b,列位置,0.659
8477,Ships: %1,zh,Chinese,qwen2.5-coder:7b,船只: %1,0.948
8478,ends with '#V1S# ',zh,Chinese,qwen2.5-coder:7b,以 '#V1S# ' 结尾,1.522
8479,Draw horizon?,zh,Chinese,qwen2.5-coder:7b,绘制地平线？,0.937
8480,Grade Boxes,zh,Chinese,qwen2.5-coder:7b,成绩框,0.627
8481,TIFF Image (. tiff),zh,Chinese,qwen2.5-coder:7b,TIFF 图像 (. tiff),1.341
8482,Composing,zh,Chinese,qwen2.5-coder:7b,作曲,0.634
8483,Mask Name:,zh,Chinese,qwen2.5-coder:7b,遮罩名称:,0.845
8484,& Tree View,zh,Chinese,qwen2.5-coder:7b,&树形视图,1.019
8485,Selected stations:,zh,Chinese,qwen2.5-coder:7b,已选站点：,0.915
8486,Video bit rate,zh,Chinese,qwen2.5-coder:7b,视频比特率,0.785
8487,(no trace parts),zh,Chinese,qwen2.5-coder:7b,无痕迹部分,0.87
8488,Set a protocol:,zh,Chinese,qwen2.5-coder:7b,设置协议：,0.871
8489,read-only,zh,Chinese,qwen2.5-coder:7b,只读,0.621
8490,Main frame,zh,Chinese,qwen2.5-coder:7b,主框架,0.641
8491,Input device controller,zh,Chinese,qwen2.5-coder:7b,输入设备控制器,0.745
8492,torrent files,zh,Chinese,qwen2.5-coder:7b,种子文件,0.618
8493,Definition expression:,zh,Chinese,qwen2.5-coder:7b,定义表达式：,0.841
8494,Picture Altitude:,zh,Chinese,qwen2.5-coder:7b,图片海拔：,0.753
8495,First Run,zh,Chinese,qwen2.5-coder:7b,第一次运行,0.629
8496,Right-Microphone,zh,Chinese,qwen2.5-coder:7b,右麦克风,0.81
8497,Default profile,zh,Chinese,qwen2.5-coder:7b,默认配置文件,0.759
8498,Mount Tape,zh,Chinese,qwen2.5-coder:7b,挂载磁带,0.823
8499,System Info,zh,Chinese,qwen2.5-coder:7b,系统信息,0.616
8500,Code Viewer -,zh,Chinese,qwen2.5-coder:7b,代码查看器 -,0.882
8501,This year:,zh,Chinese,qwen2.5-coder:7b,今年：,0.61
8502,thistle3,zh,Chinese,qwen2.5-coder:7b,刺球3,0.792
8503,Personal suffixes:,zh,Chinese,qwen2.5-coder:7b,个人后缀：,0.871
8504,Quote characters,zh,Chinese,qwen2.5-coder:7b,引用字符,0.635
8505,Signing key:,zh,Chinese,qwen2.5-coder:7b,签名密钥：,0.788
8506,Priority:,zh,Chinese,qwen2.5-coder:7b,优先级:,0.663
8507,vocabulary,zh,Chinese,qwen2.5-coder:7b,词汇表,0.623
8508,Toggle Auto,zh,Chinese,qwen2.5-coder:7b,切换自动模式,0.708
8509,Weather Station Configuration,zh,Chinese,qwen2.5-coder:7b,天气站配置,0.788
8510,Female Child,zh,Chinese,qwen2.5-coder:7b,女孩,0.557
8511,Sky culture,zh,Chinese,qwen2.5-coder:7b,天空文化,0.637
8512,Turkish Lira A/ 05,zh,Chinese,qwen2.5-coder:7b,土耳其里拉 A/ 05,1.466
8513,First sector:,zh,Chinese,qwen2.5-coder:7b,第一个扇区：,0.829
8514,Pakistan Rupee,zh,Chinese,qwen2.5-coder:7b,巴基斯坦卢比,0.789
8515,Included through,zh,Chinese,qwen2.5-coder:7b,包含,0.559
8516,Partition information,zh,Chinese,qwen2.5-coder:7b,分区信息,0.697
8517,Max size,zh,Chinese,qwen2.5-coder:7b,最大尺寸,0.655
8518,Bill,zh,Chinese,qwen2.5-coder:7b,账单,0.586
8519,Busy response:,zh,Chinese,qwen2.5-coder:7b,忙碌的响应：,0.81
8520,Media Player,zh,Chinese,qwen2.5-coder:7b,媒体播放器,0.705
8521,Idle time:,zh,Chinese,qwen2.5-coder:7b,空闲时间：,0.815
8522,Feature Check,zh,Chinese,qwen2.5-coder:7b,功能检查,0.61
8523,Audio Output,zh,Chinese,qwen2.5-coder:7b,音频输出,0.65
8524,Very high (4x sampling),zh,Chinese,qwen2.5-coder:7b,非常高（4倍采样）,1.351
8525,Lithuanian Litas,zh,Chinese,qwen2.5-coder:7b,立陶宛立特加斯,1.323
8526,Part Function,zh,Chinese,qwen2.5-coder:7b,部件功能,0.635
8527,Bin 1 (Side),zh,Chinese,qwen2.5-coder:7b,Bin 1 (侧面),1.232
8528,& Output folder:,zh,Chinese,qwen2.5-coder:7b,& 输出文件夹:,0.936
8529,Customizing & cervisia;,zh,Chinese,qwen2.5-coder:7b,自定义 & cervisia;,1.172
8530,Scoring,zh,Chinese,qwen2.5-coder:7b,评分,0.527
8531,Envelope Feeder,zh,Chinese,qwen2.5-coder:7b,信封进纸器,0.968
8532,At date/ time:,zh,Chinese,qwen2.5-coder:7b,日期/时间：,0.887
8533,KDE User Manager,zh,Chinese,qwen2.5-coder:7b,KDE 用户管理器,0.976
8534,Calculate,zh,Chinese,qwen2.5-coder:7b,计算,0.504
8535,Previous Function,zh,Chinese,qwen2.5-coder:7b,上一个功能,0.707
8536,Ground,zh,Chinese,qwen2.5-coder:7b,地面,0.509
8537,Content Items,zh,Chinese,qwen2.5-coder:7b,内容项,0.655
8538,End of line,zh,Chinese,qwen2.5-coder:7b,行尾,0.672
8539,New TCP/ IP,zh,Chinese,qwen2.5-coder:7b,新的TCP/IP,0.809
8540,Most Recent,zh,Chinese,qwen2.5-coder:7b,最新,0.528
8541,Gold Bars,zh,Chinese,qwen2.5-coder:7b,金条,0.656
8542,Today:,zh,Chinese,qwen2.5-coder:7b,今天：,0.614
8543,Exception,zh,Chinese,qwen2.5-coder:7b,异常,0.498
8544,Magazine,zh,Chinese,qwen2.5-coder:7b,杂志,0.523
8545,Custom Document,zh,Chinese,qwen2.5-coder:7b,自定义文档,0.712
8546,First step,zh,Chinese,qwen2.5-coder:7b,第一步,0.526
8547,DeepSkyBlue4,zh,Chinese,qwen2.5-coder:7b,深空蓝4,0.902
8548,overall,zh,Chinese,qwen2.5-coder:7b,总体,0.497
8549,Search Configuration,zh,Chinese,qwen2.5-coder:7b,搜索配置,0.626
8550,Top right:,zh,Chinese,qwen2.5-coder:7b,右上角：,0.833
8551,Activated,zh,Chinese,qwen2.5-coder:7b,激活,0.482
8552,Task Name:,zh,Chinese,qwen2.5-coder:7b,任务名称：,0.713
8553,Grid resolution,zh,Chinese,qwen2.5-coder:7b,网格分辨率,0.624
8554,Standard Package,zh,Chinese,qwen2.5-coder:7b,标准包,0.617
8555,Color Configuration.,zh,Chinese,qwen2.5-coder:7b,颜色配置。,0.746
8556,Player 1:,zh,Chinese,qwen2.5-coder:7b,玩家1：,0.792
8557,Red: Oldest item.,zh,Chinese,qwen2.5-coder:7b,红色：最旧的物品。,1.277
8558,View Zoom,zh,Chinese,qwen2.5-coder:7b,查看缩放,0.751
8559,Jamaican Dollar,zh,Chinese,qwen2.5-coder:7b,牙买加元,0.905
8560,& 2D Graph,zh,Chinese,qwen2.5-coder:7b,& 二维图,1.083
8561,Colour correction,zh,Chinese,qwen2.5-coder:7b,颜色校正,0.781
8562,User Toolbar,zh,Chinese,qwen2.5-coder:7b,用户工具栏,0.724
8563,Comparison,zh,Chinese,qwen2.5-coder:7b,比较,0.483
8564,SmartMedia Card Reader,zh,Chinese,qwen2.5-coder:7b,智能媒体卡读卡器,1.119
8565,Permissions,zh,Chinese,qwen2.5-coder:7b,权限,0.507
8566,Copyright (c) 2009 The Granatier Team!,zh,Chinese,qwen2.5-coder:7b,版权所有 (c) 2009 Granatier 团队!,2.533
8567,Created on,zh,Chinese,qwen2.5-coder:7b,创建于,0.654
8568,Called: %1,zh,Chinese,qwen2.5-coder:7b,呼叫: %1,1.106
8569,Welcome screen,zh,Chinese,qwen2.5-coder:7b,欢迎界面,0.626
8570,Toolviews,zh,Chinese,qwen2.5-coder:7b,工具视图,0.742
8571,PGP Warning,zh,Chinese,qwen2.5-coder:7b,PGP 警告,1.054
8572,Hungary,zh,Chinese,qwen2.5-coder:7b,匈牙利,0.718
8573,Styles,zh,Chinese,qwen2.5-coder:7b,样式,0.482
8574,How to obtain & kpager;,zh,Chinese,qwen2.5-coder:7b,如何获取 & kpager;,1.148
8575,Zoom to & 100%,zh,Chinese,qwen2.5-coder:7b,缩放到 & 100%,1.505
8576,Perl Location:,zh,Chinese,qwen2.5-coder:7b,Perl 位置:,0.849
8577,cvs edit file names,zh,Chinese,qwen2.5-coder:7b,cvs 编辑文件名,1.335
8578,underline,zh,Chinese,qwen2.5-coder:7b,下划线,0.684
8579,Use of Icon,zh,Chinese,qwen2.5-coder:7b,图标使用,0.66
8580,Party,zh,Chinese,qwen2.5-coder:7b,聚会,0.528
8581,Effect Toolbar,zh,Chinese,qwen2.5-coder:7b,效果工具栏,0.746
8582,Constellation Lines,zh,Chinese,qwen2.5-coder:7b,星座线,0.652
8583,Directions,zh,Chinese,qwen2.5-coder:7b,方向,0.481
8584,Grading Service,zh,Chinese,qwen2.5-coder:7b,评分服务,0.692
8585,Time Downloaded,zh,Chinese,qwen2.5-coder:7b,下载时间,0.672
8586,& Profile handler,zh,Chinese,qwen2.5-coder:7b,&用户配置文件处理程序,1.063
8587,Current Directory (Short),zh,Chinese,qwen2.5-coder:7b,当前目录（简）,1.025
8588,Filename.,zh,Chinese,qwen2.5-coder:7b,文件名。,0.754
8589,Compiling,zh,Chinese,qwen2.5-coder:7b,编译中,0.76
8590,English,zh,Chinese,qwen2.5-coder:7b,英语,0.49
8591,Unknown Cartridge,zh,Chinese,qwen2.5-coder:7b,未知卡带,0.761
8592,Draw Mars?,zh,Chinese,qwen2.5-coder:7b,绘制火星？,0.752
8593,of Tevet,zh,Chinese,qwen2.5-coder:7b,犹太历12月,1.262
8594,& Kick reason:,zh,Chinese,qwen2.5-coder:7b,& 踢出原因:,1.165
8595,outbox:,zh,Chinese,qwen2.5-coder:7b,出站:,0.902
8596,Color space:,zh,Chinese,qwen2.5-coder:7b,颜色空间：,0.738
8597,Audio bit rate,zh,Chinese,qwen2.5-coder:7b,音频比特率,0.783
8598,Share Ratio,zh,Chinese,qwen2.5-coder:7b,分享比例,0.65
8599,Read Speed,zh,Chinese,qwen2.5-coder:7b,阅读速度,0.639
8600,Champion Speed,zh,Chinese,qwen2.5-coder:7b,冠军速度,0.758
8601,Greeting:,zh,Chinese,qwen2.5-coder:7b,问候：,0.65
8602,Project Admin,zh,Chinese,qwen2.5-coder:7b,项目管理员,0.631
8603,Playing & kgoldrunner;,zh,Chinese,qwen2.5-coder:7b,正在玩 & kgoldrunner;,1.273
8604,Unknown status,zh,Chinese,qwen2.5-coder:7b,未知状态,0.644
8605,copying,zh,Chinese,qwen2.5-coder:7b,复制,0.535
8606,Scotland,zh,Chinese,qwen2.5-coder:7b,苏格兰,0.739
8607,& Start month:,zh,Chinese,qwen2.5-coder:7b,& 开始月份:,1.007
8608,Closed (%1),zh,Chinese,qwen2.5-coder:7b,关闭 (%1),0.9
8609,Top right,zh,Chinese,qwen2.5-coder:7b,右上角,0.735
8610,Industrial,zh,Chinese,qwen2.5-coder:7b,工业,0.506
8611,of Adar,zh,Chinese,qwen2.5-coder:7b,阿达的,0.767
8612,No Photo,zh,Chinese,qwen2.5-coder:7b,没有照片,0.63
8613,libbz2 plugin for Kerfuffle,zh,Chinese,qwen2.5-coder:7b,Kerfuffle 的 libbz2 插件,1.814
8614,Group Settings,zh,Chinese,qwen2.5-coder:7b,群组设置,0.735
8615,Drag and Drop Functionality,zh,Chinese,qwen2.5-coder:7b,拖放功能,0.835
8616,Starting %1 process.,zh,Chinese,qwen2.5-coder:7b,启动 %1 进程。,1.19
8617,KreML version %1,zh,Chinese,qwen2.5-coder:7b,KreML 版本 %1,1.374
8618,Unknown Genre,zh,Chinese,qwen2.5-coder:7b,未知类型,0.663
8619,Motion:,zh,Chinese,qwen2.5-coder:7b,运动：,0.621
8620,Line numbers:,zh,Chinese,qwen2.5-coder:7b,行号：,0.751
8621,How to obtain & kstars;,zh,Chinese,qwen2.5-coder:7b,如何获取 & kstars;,1.183
8622,Internet Search...,zh,Chinese,qwen2.5-coder:7b,网络搜索...,0.732
8623,TEX Files,zh,Chinese,qwen2.5-coder:7b,TEX 文件,0.642
8624,Text-to-Speech Configuration,zh,Chinese,qwen2.5-coder:7b,文本转语音配置,0.955
8625,Unit Conversion,zh,Chinese,qwen2.5-coder:7b,单位转换,0.624
8626,Flickr Configuration,zh,Chinese,qwen2.5-coder:7b,Flickr 配置,0.975
8627,Talkers,zh,Chinese,qwen2.5-coder:7b,说话者,0.654
8628,KDE Bounce Ball Game,zh,Chinese,qwen2.5-coder:7b,KDE 弹跳球游戏,1.329
8629,KDE 1 decoration,zh,Chinese,qwen2.5-coder:7b,KDE 1 装饰,1.311
8630,Copy Current & Line,zh,Chinese,qwen2.5-coder:7b,复制当前行,0.803
8631,%1 Encrypted Container,zh,Chinese,qwen2.5-coder:7b,%1 加密容器,1.01
8632,Arrow shape,zh,Chinese,qwen2.5-coder:7b,箭头形状,0.756
8633,ChargedParticle,zh,Chinese,qwen2.5-coder:7b,带电粒子,0.746
8634,Orientation,zh,Chinese,qwen2.5-coder:7b,方向,0.479
8635,Answer,zh,Chinese,qwen2.5-coder:7b,回答,0.487
8636,Encoding:,zh,Chinese,qwen2.5-coder:7b,编码:,0.612
8637,Find in & Project...,zh,Chinese,qwen2.5-coder:7b,在 &项目...,0.894
8638,Garden,zh,Chinese,qwen2.5-coder:7b,花园,0.552
8639,Color Selector,zh,Chinese,qwen2.5-coder:7b,颜色选择器,0.742
8640,Move hero,zh,Chinese,qwen2.5-coder:7b,移动英雄,0.626
8641,Crimean Tatar,zh,Chinese,qwen2.5-coder:7b,克里米亚鞑靼人,1.196
8642,Copy Page,zh,Chinese,qwen2.5-coder:7b,复制页面,0.632
8643,Configuration files,zh,Chinese,qwen2.5-coder:7b,配置文件,0.64
8644,Root folder:,zh,Chinese,qwen2.5-coder:7b,根文件夹：,0.874
8645,File Extension,zh,Chinese,qwen2.5-coder:7b,文件扩展名,0.792
8646,"PublicID ""%1"" maps to: ""%2""",zh,Chinese,qwen2.5-coder:7b,"公共ID ""%1"" 映射到: ""%2",2.158
8647,eBay Monitor,zh,Chinese,qwen2.5-coder:7b,eBay 监控,0.956
8648,Passive Torrents,zh,Chinese,qwen2.5-coder:7b,被动下载,0.73
8649,exp,zh,Chinese,qwen2.5-coder:7b,经验,0.684
8650,Texture Preview,zh,Chinese,qwen2.5-coder:7b,纹理预览,0.724
8651,DVD language pattern,zh,Chinese,qwen2.5-coder:7b,DVD语言模式,0.796
8652,mount point,zh,Chinese,qwen2.5-coder:7b,挂载点,0.742
8653,Exploding,zh,Chinese,qwen2.5-coder:7b,爆炸,0.527
8654,Pillars,zh,Chinese,qwen2.5-coder:7b,支柱,0.557
8655,Justified,zh,Chinese,qwen2.5-coder:7b,对齐,0.613
8656,Network name (Service Set IDentifier),zh,Chinese,qwen2.5-coder:7b,网络名称（服务集标识符）,1.439
8657,My Cards,zh,Chinese,qwen2.5-coder:7b,我的卡片,0.66
8658,& Decrypt,zh,Chinese,qwen2.5-coder:7b,& 解密,0.759
8659,Per resource,zh,Chinese,qwen2.5-coder:7b,每个资源,0.659
8660,Property name:,zh,Chinese,qwen2.5-coder:7b,属性名称：,0.714
8661,Turn off,zh,Chinese,qwen2.5-coder:7b,关闭,0.514
8662,Output:,zh,Chinese,qwen2.5-coder:7b,输出：,0.571
8663,Shot speed:,zh,Chinese,qwen2.5-coder:7b,拍摄速度：,0.717
8664,Current status,zh,Chinese,qwen2.5-coder:7b,当前状态,0.616
8665,& Enter,zh,Chinese,qwen2.5-coder:7b,& 输入,0.602
8666,Up #2,zh,Chinese,qwen2.5-coder:7b,上 #2,0.973
8667,a single%,zh,Chinese,qwen2.5-coder:7b,一个百分比,0.721
8668,Free:,zh,Chinese,qwen2.5-coder:7b,免费：,0.642
8669,Taskbar Thumbnails,zh,Chinese,qwen2.5-coder:7b,任务栏缩略图,0.983
8670,Columns view mode,zh,Chinese,qwen2.5-coder:7b,列视图模式,0.873
8671,kdegames,zh,Chinese,qwen2.5-coder:7b,kdegames,0.783
8672,Tracker Grouping,zh,Chinese,qwen2.5-coder:7b,跟踪分组,0.776
8673,Process Error,zh,Chinese,qwen2.5-coder:7b,进程错误,0.629
8674,%u: user name,zh,Chinese,qwen2.5-coder:7b,%u: 用户名,1.113
8675,Principal,zh,Chinese,qwen2.5-coder:7b,校长,0.582
8676,Drive tray open,zh,Chinese,qwen2.5-coder:7b,驱动器托盘打开,1.024
8677,pigment list,zh,Chinese,qwen2.5-coder:7b,颜料列表,0.784
8678,Channel Admins (+p),zh,Chinese,qwen2.5-coder:7b,频道管理员 (+p),1.025
8679,Preferred Account,zh,Chinese,qwen2.5-coder:7b,首选账户,0.615
8680,Local keyring file:,zh,Chinese,qwen2.5-coder:7b,本地密钥环文件：,1.068
8681,Author:,zh,Chinese,qwen2.5-coder:7b,作者:,0.648
8682,Shutter speed:,zh,Chinese,qwen2.5-coder:7b,快门速度：,0.843
8683,Ms.,zh,Chinese,qwen2.5-coder:7b,女士,0.504
8684,Php Language Support,zh,Chinese,qwen2.5-coder:7b,PHP语言支持,0.812
8685,& Order by:,zh,Chinese,qwen2.5-coder:7b,&按排序:,0.912
8686,Show all lines,zh,Chinese,qwen2.5-coder:7b,显示所有行,0.793
8687,Charge,zh,Chinese,qwen2.5-coder:7b,充电,0.479
8688,Irish Pound,zh,Chinese,qwen2.5-coder:7b,爱尔兰镑,0.704
8689,Fortnightly,zh,Chinese,qwen2.5-coder:7b,每两周一次,0.816
8690,speed1 filter,zh,Chinese,qwen2.5-coder:7b,速度1过滤器,0.882
8691,Parent task,zh,Chinese,qwen2.5-coder:7b,父任务,0.639
8692,Phone number,zh,Chinese,qwen2.5-coder:7b,电话号码,0.62
8693,Image Object,zh,Chinese,qwen2.5-coder:7b,图像对象,0.602
8694,Firewire Soundcard,zh,Chinese,qwen2.5-coder:7b,火线声卡,0.948
8695,& Easy,zh,Chinese,qwen2.5-coder:7b,& 简单,0.949
8696,east,zh,Chinese,qwen2.5-coder:7b,东,0.539
8697,Outstanding Bugs,zh,Chinese,qwen2.5-coder:7b,优秀错误,0.681
8698,Overview of Senses,zh,Chinese,qwen2.5-coder:7b,感官概述,0.672
8699,Transmitter,zh,Chinese,qwen2.5-coder:7b,发射器,0.626
8700,%1 is away: %2,zh,Chinese,qwen2.5-coder:7b,%1 离线: %2,1.665
8701,SDL - Function Header,zh,Chinese,qwen2.5-coder:7b,SDL - 函数头,1.055
8702,The & kde; Team,zh,Chinese,qwen2.5-coder:7b,& KDE 团队,1.087
8703,& Card color:,zh,Chinese,qwen2.5-coder:7b,&卡颜色:,0.91
8704,Run Slower,zh,Chinese,qwen2.5-coder:7b,运行更慢,0.81
8705,Download size: %1,zh,Chinese,qwen2.5-coder:7b,下载大小: %1,1.053
8706,Password Policy,zh,Chinese,qwen2.5-coder:7b,密码策略,0.671
8707,Mono-Microphone,zh,Chinese,qwen2.5-coder:7b,单麦克风,0.839
8708,(Selection),zh,Chinese,qwen2.5-coder:7b,(选择),0.731
8709,Expand,zh,Chinese,qwen2.5-coder:7b,展开,0.559
8710,Capability,zh,Chinese,qwen2.5-coder:7b,能力,0.486
8711,System shutdown.,zh,Chinese,qwen2.5-coder:7b,系统关机。,0.794
8712,Appearance,zh,Chinese,qwen2.5-coder:7b,外观,0.491
8713,Head,zh,Chinese,qwen2.5-coder:7b,头部,0.508
8714,Osmanya,zh,Chinese,qwen2.5-coder:7b,奥斯曼,0.66
8715,Query CDDB,zh,Chinese,qwen2.5-coder:7b,查询CDDB,0.78
8716,& Maintenance,zh,Chinese,qwen2.5-coder:7b,&维护,0.681
8717,& kde; on & Solaris;,zh,Chinese,qwen2.5-coder:7b,& kde; 在 & Solaris; 上；,1.84
8718,Volume Up,zh,Chinese,qwen2.5-coder:7b,音量增加,0.77
8719,Audio,zh,Chinese,qwen2.5-coder:7b,音频,0.524
8720,Calibrating cycle,zh,Chinese,qwen2.5-coder:7b,校准周期,0.795
8721,& HTTP Requests,zh,Chinese,qwen2.5-coder:7b,& HTTP 请求,0.789
8722,Christian Rap,zh,Chinese,qwen2.5-coder:7b,基督教说唱,0.797
8723,Delete...,zh,Chinese,qwen2.5-coder:7b,删除...,0.601
8724,signal,zh,Chinese,qwen2.5-coder:7b,信号,0.492
8725,Recipients,zh,Chinese,qwen2.5-coder:7b,收件人,0.71
8726,Game ID,zh,Chinese,qwen2.5-coder:7b,游戏ID,0.611
8727,spinBox,zh,Chinese,qwen2.5-coder:7b,旋转框,0.622
8728,File Systems,zh,Chinese,qwen2.5-coder:7b,文件系统,0.661
8729,north,zh,Chinese,qwen2.5-coder:7b,北,0.503
8730,DOM Tree Viewer,zh,Chinese,qwen2.5-coder:7b,DOM 树查看器,0.98
8731,Brightness:,zh,Chinese,qwen2.5-coder:7b,亮度:,0.623
8732,Action category:,zh,Chinese,qwen2.5-coder:7b,操作类别：,0.714
8733,of Safar,zh,Chinese,qwen2.5-coder:7b,Safari,0.649
8734,Host name:,zh,Chinese,qwen2.5-coder:7b,主机名:,0.729
8735,Corrections,zh,Chinese,qwen2.5-coder:7b,校对,0.624
8736,Next Function,zh,Chinese,qwen2.5-coder:7b,下一个功能,0.647
8737,Application window,zh,Chinese,qwen2.5-coder:7b,应用程序窗口,0.622
8738,& Network Configuration...,zh,Chinese,qwen2.5-coder:7b,&网络配置...,0.852
8739,Acceleration profile,zh,Chinese,qwen2.5-coder:7b,加速度配置文件,0.831
8740,"6 Staples, parallel",zh,Chinese,qwen2.5-coder:7b,6 铁钉，平行,1.241
8741,Profile name:,zh,Chinese,qwen2.5-coder:7b,个人资料名称：,0.854
8742,Quality/ Bitrate,zh,Chinese,qwen2.5-coder:7b,质量/码率,0.876
8743,candle light,zh,Chinese,qwen2.5-coder:7b,蜡烛光,0.751
8744,Argentine Peso,zh,Chinese,qwen2.5-coder:7b,阿根廷比索,0.815
8745,Texture,zh,Chinese,qwen2.5-coder:7b,纹理,0.52
8746,Insertion speed,zh,Chinese,qwen2.5-coder:7b,插入速度,0.72
8747,& List,zh,Chinese,qwen2.5-coder:7b,&列表,0.647
8748,Mozambican Metical,zh,Chinese,qwen2.5-coder:7b,莫桑比克梅蒂卡拉,1.462
8749,Organization:,zh,Chinese,qwen2.5-coder:7b,组织:,0.614
8750,CTL Color Spaces,zh,Chinese,qwen2.5-coder:7b,颜色空间,0.654
8751,French Polynesia,zh,Chinese,qwen2.5-coder:7b,法国波利尼西亚,0.968
8752,Shortcut name: up,zh,Chinese,qwen2.5-coder:7b,快捷方式名称: 上,0.975
8753,Templates Projects,zh,Chinese,qwen2.5-coder:7b,模板项目,0.625
8754,North,zh,Chinese,qwen2.5-coder:7b,北,0.52
8755,Tape block size,zh,Chinese,qwen2.5-coder:7b,磁带块大小,0.95
8756,Conversion schedule,zh,Chinese,qwen2.5-coder:7b,转换计划,0.646
8757,Network:,zh,Chinese,qwen2.5-coder:7b,网络:,0.615
8758,Sample Rate,zh,Chinese,qwen2.5-coder:7b,采样率,0.712
8759,Keyboard Shortcut,zh,Chinese,qwen2.5-coder:7b,键盘快捷键,0.702
8760,Star map:,zh,Chinese,qwen2.5-coder:7b,星图：,0.717
8761,Yugoslav Dinar,zh,Chinese,qwen2.5-coder:7b,塞尔维亚第纳尔,1.208
8762,Run Script,zh,Chinese,qwen2.5-coder:7b,运行脚本,0.735
8763,The amount of indentation,zh,Chinese,qwen2.5-coder:7b,缩进量,0.8
8764,Rational,zh,Chinese,qwen2.5-coder:7b,理性,0.538
8765,D-Bus/ Application Action Options,zh,Chinese,qwen2.5-coder:7b,D-Bus/ 应用程序操作选项,1.564
8766,Opacity:,zh,Chinese,qwen2.5-coder:7b,不透明度：,0.788
8767,Top to Down,zh,Chinese,qwen2.5-coder:7b,从上到下,0.852
8768,Slower,zh,Chinese,qwen2.5-coder:7b,较慢,0.632
8769,new_class,zh,Chinese,qwen2.5-coder:7b,新类,0.68
8770,Active filter:,zh,Chinese,qwen2.5-coder:7b,活动过滤器：,0.846
8771,Uppercase,zh,Chinese,qwen2.5-coder:7b,大写,0.679
8772,Development Team,zh,Chinese,qwen2.5-coder:7b,开发团队,0.615
8773,SSL Signers,zh,Chinese,qwen2.5-coder:7b,SSL 证书,0.782
8774,file manager,zh,Chinese,qwen2.5-coder:7b,文件管理器,0.739
8775,Transform Tool,zh,Chinese,qwen2.5-coder:7b,转换工具,0.635
8776,Playlist pattern:,zh,Chinese,qwen2.5-coder:7b,播放列表模式：,0.827
8777,Billing Information,zh,Chinese,qwen2.5-coder:7b,账单信息,0.75
8778,Hint for level:,zh,Chinese,qwen2.5-coder:7b,关卡提示：,0.869
8779,Music Player,zh,Chinese,qwen2.5-coder:7b,音乐播放器,0.747
8780,Related Uid,zh,Chinese,qwen2.5-coder:7b,相关用户ID,0.791
8781,Character Ranges,zh,Chinese,qwen2.5-coder:7b,字符范围,0.689
8782,Months:,zh,Chinese,qwen2.5-coder:7b,月份：,0.619
8783,Saturation Control Settings,zh,Chinese,qwen2.5-coder:7b,饱和度控制设置,0.905
8784,Turbulence,zh,Chinese,qwen2.5-coder:7b,湍流,0.685
8785,Rename Torrent,zh,Chinese,qwen2.5-coder:7b,重命名种子文件,0.826
8786,Tracker,zh,Chinese,qwen2.5-coder:7b,追踪器,0.588
8787,& Copy to clipboard,zh,Chinese,qwen2.5-coder:7b,& 复制到剪贴板,1.422
8788,Note Properties,zh,Chinese,qwen2.5-coder:7b,注释属性,0.804
8789,Description: %1,zh,Chinese,qwen2.5-coder:7b,描述: %1,0.913
8790,Delete Server,zh,Chinese,qwen2.5-coder:7b,删除服务器,0.646
8791,Tab Position,zh,Chinese,qwen2.5-coder:7b,标签位置,0.643
8792,Active Uploads,zh,Chinese,qwen2.5-coder:7b,活跃上传,0.65
8793,Output device,zh,Chinese,qwen2.5-coder:7b,输出设备,0.617
8794,Go to,zh,Chinese,qwen2.5-coder:7b,前往,0.524
8795,Logon script:,zh,Chinese,qwen2.5-coder:7b,登录脚本：,0.92
8796,JPEG Image (. jpg),zh,Chinese,qwen2.5-coder:7b,JPEG 图像 (.jpg),1.16
8797,Zoom speed,zh,Chinese,qwen2.5-coder:7b,缩放速度,0.764
8798,Label density:,zh,Chinese,qwen2.5-coder:7b,标签密度：,0.792
8799,Reload time:,zh,Chinese,qwen2.5-coder:7b,重新加载时间：,0.865
8800,IPv4 network address,zh,Chinese,qwen2.5-coder:7b,IPv4网络地址,0.889
8801,Information Panel,zh,Chinese,qwen2.5-coder:7b,信息面板,0.619
8802,Track Mouse,zh,Chinese,qwen2.5-coder:7b,跟踪鼠标,0.625
8803,Gold Sandwich,zh,Chinese,qwen2.5-coder:7b,黄金三明治,0.891
8804,by Name:,zh,Chinese,qwen2.5-coder:7b,按名称：,0.74
8805,Folder Format,zh,Chinese,qwen2.5-coder:7b,文件夹格式,0.743
8806,Users Access Settings,zh,Chinese,qwen2.5-coder:7b,用户访问设置,0.773
8807,Card Game,zh,Chinese,qwen2.5-coder:7b,卡片游戏,0.646
8808,Heightfield:,zh,Chinese,qwen2.5-coder:7b,高度场：,0.749
8809,Earth-like,zh,Chinese,qwen2.5-coder:7b,类地的,0.749
8810,Image Map,zh,Chinese,qwen2.5-coder:7b,图像地图,0.627
8811,Pound Sterling (GBP),zh,Chinese,qwen2.5-coder:7b,英镑 (GBP),0.91
8812,Out of Gamut,zh,Chinese,qwen2.5-coder:7b,色域外,0.784
8813,Previous row,zh,Chinese,qwen2.5-coder:7b,上一行,0.639
8814,Agent Identity,zh,Chinese,qwen2.5-coder:7b,代理身份,0.605
8815,New Directory...,zh,Chinese,qwen2.5-coder:7b,新建文件夹...,0.8
8816,Has duration,zh,Chinese,qwen2.5-coder:7b,有持续时间,0.707
8817,List management,zh,Chinese,qwen2.5-coder:7b,列表管理,0.638
8818,Autobookmarker,zh,Chinese,qwen2.5-coder:7b,自动书签,0.786
8819,Area light,zh,Chinese,qwen2.5-coder:7b,区域光源,0.671
8820,Thumbnail size:,zh,Chinese,qwen2.5-coder:7b,缩略图大小：,0.944
8821,Invitation,zh,Chinese,qwen2.5-coder:7b,邀请,0.515
8822,Issuer:,zh,Chinese,qwen2.5-coder:7b,发卡行:,0.765
8823,% kate myfile. txt,zh,Chinese,qwen2.5-coder:7b,% kate myfile. txt,1.264
8824,Search on Wikipedia,zh,Chinese,qwen2.5-coder:7b,在维基百科上搜索,1.146
8825,Column positions:,zh,Chinese,qwen2.5-coder:7b,列位置：,0.711
8826,& Marker Line,zh,Chinese,qwen2.5-coder:7b,标记线,0.67
8827,overview,zh,Chinese,qwen2.5-coder:7b,概览,0.616
8828,Override,zh,Chinese,qwen2.5-coder:7b,覆盖,0.49
8829,Standard,zh,Chinese,qwen2.5-coder:7b,标准,0.477
8830,View with & Netscape,zh,Chinese,qwen2.5-coder:7b,使用 & Netscape 查看,1.154
8831,Key text:,zh,Chinese,qwen2.5-coder:7b,密钥文本：,0.878
8832,Network games:,zh,Chinese,qwen2.5-coder:7b,网络游戏：,0.748
8833,Security Class,zh,Chinese,qwen2.5-coder:7b,安全等级,0.626
8834,Total of %1,zh,Chinese,qwen2.5-coder:7b,总数为 %1,0.901
8835,Plugged in,zh,Chinese,qwen2.5-coder:7b,已插入,0.677
8836,True:,zh,Chinese,qwen2.5-coder:7b,真:,0.632
8837,Expand out,zh,Chinese,qwen2.5-coder:7b,展开,0.585
8838,GDB Output,zh,Chinese,qwen2.5-coder:7b,GDB 输出,0.811
8839,Opening Date,zh,Chinese,qwen2.5-coder:7b,开播日期,0.731
8840,Exchange mode:,zh,Chinese,qwen2.5-coder:7b,交易模式：,0.705
8841,Cross,zh,Chinese,qwen2.5-coder:7b,交叉,0.484
8842,Snow,zh,Chinese,qwen2.5-coder:7b,雪,0.491
8843,answer,zh,Chinese,qwen2.5-coder:7b,答案,0.514
8844,XPlanet by Hari Nair,zh,Chinese,qwen2.5-coder:7b,XPlanet by Hari Nair,1.149
8845,Gravity:,zh,Chinese,qwen2.5-coder:7b,重力：,0.746
8846,Preview Text,zh,Chinese,qwen2.5-coder:7b,预览文本,0.741
8847,Tura Caves,zh,Chinese,qwen2.5-coder:7b,图拉洞穴,0.908
8848,Verify Chunks,zh,Chinese,qwen2.5-coder:7b,验证块,0.682
8849,Degrees of freedom 2,zh,Chinese,qwen2.5-coder:7b,自由度 2,1.012
8850,Drivers,zh,Chinese,qwen2.5-coder:7b,驱动程序,0.659
8851,Paragraph Style:,zh,Chinese,qwen2.5-coder:7b,段落样式：,0.833
8852,Time and Date,zh,Chinese,qwen2.5-coder:7b,时间与日期,0.756
8853,[%1] is disabled,zh,Chinese,qwen2.5-coder:7b,[%1] 被禁用,1.371
8854,Directory Name,zh,Chinese,qwen2.5-coder:7b,目录名称,0.671
8855,Icon size:,zh,Chinese,qwen2.5-coder:7b,图标大小：,0.753
8856,color saturation,zh,Chinese,qwen2.5-coder:7b,颜色饱和度,0.734
8857,language 1,zh,Chinese,qwen2.5-coder:7b,语言 1,0.816
8858,28th Last,zh,Chinese,qwen2.5-coder:7b,倒数第28个,1.186
8859,Output Device,zh,Chinese,qwen2.5-coder:7b,输出设备,0.626
8860,D-Bus Communication Error,zh,Chinese,qwen2.5-coder:7b,D-Bus通信错误,1.0
8861,Send & Later Via,zh,Chinese,qwen2.5-coder:7b,发送 & 后续通过,1.072
8862,& Quality level:,zh,Chinese,qwen2.5-coder:7b,&质量级别:,0.906
8863,"Artwork: Nuno Pinheiro, Torsten Rahn",zh,Chinese,qwen2.5-coder:7b,艺术作品：努诺·平内罗，托森·拉恩,2.484
8864,Surname,zh,Chinese,qwen2.5-coder:7b,姓氏,0.624
8865,Password prompt,zh,Chinese,qwen2.5-coder:7b,密码提示,0.649
8866,Printer Name:,zh,Chinese,qwen2.5-coder:7b,打印机名称：,0.746
8867,Checkerboard,zh,Chinese,qwen2.5-coder:7b,棋盘,0.632
8868,Barn Door,zh,Chinese,qwen2.5-coder:7b,barn door,0.716
8869,Character 8-bit,zh,Chinese,qwen2.5-coder:7b,字符 8 位,0.995
8870,Started:,zh,Chinese,qwen2.5-coder:7b,开始:,0.59
8871,Strigi Index Exclude Filters,zh,Chinese,qwen2.5-coder:7b,Strigi 索引排除过滤器,1.582
8872,Copying Failed,zh,Chinese,qwen2.5-coder:7b,复制失败,0.638
8873,Localization,zh,Chinese,qwen2.5-coder:7b,本地化,0.604
8874,Shopping List,zh,Chinese,qwen2.5-coder:7b,购物清单,0.67
8875,New Printer,zh,Chinese,qwen2.5-coder:7b,新打印机,0.666
8876,& Session name:,zh,Chinese,qwen2.5-coder:7b,会话名称:,0.855
8877,Do Nothing,zh,Chinese,qwen2.5-coder:7b,什么都不做,0.649
8878,& Delete...,zh,Chinese,qwen2.5-coder:7b,&删除...,0.759
8879,Portrait mode,zh,Chinese,qwen2.5-coder:7b,肖像模式,0.817
8880,unknown%1,zh,Chinese,qwen2.5-coder:7b,未知%1,0.793
8881,Activity...,zh,Chinese,qwen2.5-coder:7b,活动...,0.602
8882,Title:,zh,Chinese,qwen2.5-coder:7b,标题:,0.6
8883,password,zh,Chinese,qwen2.5-coder:7b,密码,0.51
8884,Default gateway,zh,Chinese,qwen2.5-coder:7b,默认网关,0.761
8885,Moodbar File:,zh,Chinese,qwen2.5-coder:7b,情绪条文件：,0.93
8886,Non-word character,zh,Chinese,qwen2.5-coder:7b,非单词字符,0.775
8887,Country/ Region & Language,zh,Chinese,qwen2.5-coder:7b,国家/地区 & 语言,1.114
8888,Usenet Component,zh,Chinese,qwen2.5-coder:7b,Usenet 组件,0.869
8889,& Keyboard Filters,zh,Chinese,qwen2.5-coder:7b,&键盘过滤器,0.879
8890,Equity,zh,Chinese,qwen2.5-coder:7b,股票,0.57
8891,Usability:,zh,Chinese,qwen2.5-coder:7b,可用性：,0.754
8892,Type:,zh,Chinese,qwen2.5-coder:7b,类型:,0.588
8893,Restriction category (0..3):,zh,Chinese,qwen2.5-coder:7b,限制类别（0..3）：,1.499
8894,Delete feeds:,zh,Chinese,qwen2.5-coder:7b,删除源：,0.758
8895,Go to %1,zh,Chinese,qwen2.5-coder:7b,前往 %1,0.786
8896,Other (%1),zh,Chinese,qwen2.5-coder:7b,其他 (%1),0.842
8897,goy Y,zh,Chinese,qwen2.5-coder:7b,“你好”,0.756
8898,Exiting...,zh,Chinese,qwen2.5-coder:7b,退出中...,0.719
8899,D Major,zh,Chinese,qwen2.5-coder:7b,D 大调,0.878
8900,%1 selected,zh,Chinese,qwen2.5-coder:7b,%1 选中,0.984
8901,KTouch keyboard editor error,zh,Chinese,qwen2.5-coder:7b,KTouch键盘编辑器错误,1.186
8902,Vertical:,zh,Chinese,qwen2.5-coder:7b,垂直：,0.627
8903,Filesize:,zh,Chinese,qwen2.5-coder:7b,文件大小：,0.761
8904,Deleting %1...,zh,Chinese,qwen2.5-coder:7b,正在删除 %1...,1.013
8905,unformatted,zh,Chinese,qwen2.5-coder:7b,未格式化,0.749
8906,Class CvsIgnoreList from Cervisia,zh,Chinese,qwen2.5-coder:7b,Cervisia 中的 Class CvsIgnoreList,1.702
8907,Playground Aquarium,zh,Chinese,qwen2.5-coder:7b,游乐场水族箱,1.027
8908,& Data Format,zh,Chinese,qwen2.5-coder:7b,& 数据格式,0.773
8909,Create Frame,zh,Chinese,qwen2.5-coder:7b,创建框架,0.659
8910,Pointing Hand,zh,Chinese,qwen2.5-coder:7b,指向手指,0.669
8911,Predefined:,zh,Chinese,qwen2.5-coder:7b,预设：,0.743
8912,English (Trinidad),zh,Chinese,qwen2.5-coder:7b,英语 (特立尼达),1.263
8913,& Haavard. Froeiland. mail;,zh,Chinese,qwen2.5-coder:7b,&哈vard.弗雷尔兰德。邮件;,2.008
8914,Formic Acid,zh,Chinese,qwen2.5-coder:7b,蚁酸,0.707
8915,Female 3,zh,Chinese,qwen2.5-coder:7b,女性 3,0.745
8916,Removable,zh,Chinese,qwen2.5-coder:7b,可移除的,0.811
8917,& Description,zh,Chinese,qwen2.5-coder:7b,&描述,0.641
8918,Zoom to 150%,zh,Chinese,qwen2.5-coder:7b,缩放到150%,1.174
8919,Do not save,zh,Chinese,qwen2.5-coder:7b,“不要保存”,0.847
8920,& Ending banner:,zh,Chinese,qwen2.5-coder:7b,& 结束横幅:,1.072
8921,two,zh,Chinese,qwen2.5-coder:7b,两,0.534
8922,Octal 8-bit,zh,Chinese,qwen2.5-coder:7b,八进制 8 位,1.253
8923,Sign mode,zh,Chinese,qwen2.5-coder:7b,签名模式,0.659
8924,Log File,zh,Chinese,qwen2.5-coder:7b,日志文件,0.763
8925,Maximum value:,zh,Chinese,qwen2.5-coder:7b,最大值：,0.705
8926,Paragraph Format,zh,Chinese,qwen2.5-coder:7b,段落格式,0.723
8927,8th Last,zh,Chinese,qwen2.5-coder:7b,倒数第八个,0.87
8928,Telephone,zh,Chinese,qwen2.5-coder:7b,电话,0.488
8929,Show statistics,zh,Chinese,qwen2.5-coder:7b,显示统计信息,0.708
8930,Validity...,zh,Chinese,qwen2.5-coder:7b,有效期...,0.612
8931,Current Script,zh,Chinese,qwen2.5-coder:7b,当前脚本,0.733
8932,Guitar Harmonics,zh,Chinese,qwen2.5-coder:7b,吉他谐波,0.833
8933,Layout direction:,zh,Chinese,qwen2.5-coder:7b,布局方向：,0.734
8934,Roughness:,zh,Chinese,qwen2.5-coder:7b,粗糙度：,0.758
8935,Mark & Thread,zh,Chinese,qwen2.5-coder:7b,标记 & 线程,1.035
8936,Asia,zh,Chinese,qwen2.5-coder:7b,亚洲,0.519
8937,& Central Buffer,zh,Chinese,qwen2.5-coder:7b,& 中央缓冲区,1.023
8938,News Reader,zh,Chinese,qwen2.5-coder:7b,新闻阅读器,0.762
8939,Stack Selection,zh,Chinese,qwen2.5-coder:7b,堆栈选择,0.733
8940,Detail preservation:,zh,Chinese,qwen2.5-coder:7b,详细保存：,0.73
8941,Outline,zh,Chinese,qwen2.5-coder:7b,大纲,0.497
8942,Level:,zh,Chinese,qwen2.5-coder:7b,级别:,0.593
8943,Property name,zh,Chinese,qwen2.5-coder:7b,属性名称,0.612
8944,Grid brush,zh,Chinese,qwen2.5-coder:7b,网格画笔,0.708
8945,Clipboard History Manager,zh,Chinese,qwen2.5-coder:7b,剪贴板历史记录管理器,1.158
8946,Calculation mode,zh,Chinese,qwen2.5-coder:7b,计算模式,0.698
8947,soundcard,zh,Chinese,qwen2.5-coder:7b,声卡,0.625
8948,Exposure bias:,zh,Chinese,qwen2.5-coder:7b,曝光偏差：,0.746
8949,& Night Vision,zh,Chinese,qwen2.5-coder:7b,&夜间模式,0.809
8950,Help ImagePlugins' Handbooks,zh,Chinese,qwen2.5-coder:7b,帮助 ImagePlugins 手册,1.43
8951,Paper size:,zh,Chinese,qwen2.5-coder:7b,纸张大小：,0.828
8952,Footer Properties,zh,Chinese,qwen2.5-coder:7b,页脚属性,0.775
8953,Format Conversion,zh,Chinese,qwen2.5-coder:7b,格式转换,0.639
8954,Slovenian,zh,Chinese,qwen2.5-coder:7b,斯洛文尼亚语,1.056
8955,With value:,zh,Chinese,qwen2.5-coder:7b,带有值：,0.731
8956,"Python, Ruby and JavaScript Plugins",zh,Chinese,qwen2.5-coder:7b,Python、Ruby 和 JavaScript 插件,1.358
8957,Written,zh,Chinese,qwen2.5-coder:7b,已写入,0.69
8958,Custom zoom,zh,Chinese,qwen2.5-coder:7b,自定义缩放,0.87
8959,Group Password:,zh,Chinese,qwen2.5-coder:7b,群组密码：,0.81
8960,& New document,zh,Chinese,qwen2.5-coder:7b,& 新文档,0.743
8961,Rewrite,zh,Chinese,qwen2.5-coder:7b,重写,0.646
8962,Driver:,zh,Chinese,qwen2.5-coder:7b,驱动程序:,0.67
8963,KOrganizer Print Plugin Interface,zh,Chinese,qwen2.5-coder:7b,KOrganizer 打印插件接口,1.407
8964,Mine fuel,zh,Chinese,qwen2.5-coder:7b,矿用燃料,0.952
8965,Duotone Colormode Block,zh,Chinese,qwen2.5-coder:7b,双色调颜色模式块,1.099
8966,and folders:,zh,Chinese,qwen2.5-coder:7b,和文件夹：,0.809
8967,"See ""%1"" above.",zh,Chinese,qwen2.5-coder:7b,"请参阅 ""%1"" 上面。",1.46
8968,Default Identification,zh,Chinese,qwen2.5-coder:7b,默认标识,0.633
8969,of Adar I,zh,Chinese,qwen2.5-coder:7b,阿达尔一月,1.022
8970,Remove Applet,zh,Chinese,qwen2.5-coder:7b,移除小部件,0.844
8971,Write Accesses,zh,Chinese,qwen2.5-coder:7b,写入权限,0.764
8972,Dodecahedron,zh,Chinese,qwen2.5-coder:7b,十二面体,0.827
8973,Simple,zh,Chinese,qwen2.5-coder:7b,简单,0.489
8974,Create items...,zh,Chinese,qwen2.5-coder:7b,创建项目...,0.712
8975,Contact Group %1,zh,Chinese,qwen2.5-coder:7b,联系组 %1,0.892
8976,Sending,zh,Chinese,qwen2.5-coder:7b,发送中...,0.689
8977,Remove Filter,zh,Chinese,qwen2.5-coder:7b,移除筛选器,0.837
8978,KResources Manager,zh,Chinese,qwen2.5-coder:7b,资源管理器,0.793
8979,Export Style,zh,Chinese,qwen2.5-coder:7b,导出样式,0.717
8980,X Values:,zh,Chinese,qwen2.5-coder:7b,X 值：,0.906
8981,Do Not Start,zh,Chinese,qwen2.5-coder:7b,“请勿启动”,0.963
8982,Invisible,zh,Chinese,qwen2.5-coder:7b,不可见的,0.707
8983,Forecasts,zh,Chinese,qwen2.5-coder:7b,天气预报,0.615
8984,Visibility level:,zh,Chinese,qwen2.5-coder:7b,可见性级别：,0.81
8985,in; to; as,zh,Chinese,qwen2.5-coder:7b,在; 到; 作为,1.2
8986,Invitations,zh,Chinese,qwen2.5-coder:7b,邀请函,0.662
8987,Picture Page,zh,Chinese,qwen2.5-coder:7b,图片页面,0.656
8988,Draw Grids,zh,Chinese,qwen2.5-coder:7b,绘制网格,0.684
8989,Arc Length,zh,Chinese,qwen2.5-coder:7b,弧长,0.626
8990,Security Alert,zh,Chinese,qwen2.5-coder:7b,安全警报,0.726
8991,User & Password,zh,Chinese,qwen2.5-coder:7b,用户名 & 密码,0.997
8992,File %1 had no contents.,zh,Chinese,qwen2.5-coder:7b,文件 %1 没有内容。,1.502
8993,Plain,zh,Chinese,qwen2.5-coder:7b,普通,0.512
8994,IP Filter,zh,Chinese,qwen2.5-coder:7b,IP 过滤器,1.008
8995,isiZulu Zulu (South Africa),zh,Chinese,qwen2.5-coder:7b,祖鲁语（南非）,1.243
8996,Goldrunner Prophecy,zh,Chinese,qwen2.5-coder:7b,黄金预言家,0.81
8997,Group Policy,zh,Chinese,qwen2.5-coder:7b,组策略,0.626
8998,Structure keywords:,zh,Chinese,qwen2.5-coder:7b,结构关键词：,0.811
8999,print,zh,Chinese,qwen2.5-coder:7b,打印,0.492
9000,Center & Y:,zh,Chinese,qwen2.5-coder:7b,中心 & Y:,0.841
9001,Certificate & password:,zh,Chinese,qwen2.5-coder:7b,证书 & 密码:,1.1
9002,Card Readers,zh,Chinese,qwen2.5-coder:7b,读卡器,0.762
9003,& Code Generation Wizard...,zh,Chinese,qwen2.5-coder:7b,&代码生成向导...,1.065
9004,Bhutanese Ngultrum,zh,Chinese,qwen2.5-coder:7b,不丹卢布,1.122
9005,Lower limit:,zh,Chinese,qwen2.5-coder:7b,最低限制：,0.749
9006,Equals,zh,Chinese,qwen2.5-coder:7b,等于,0.529
9007,Calendar data engine,zh,Chinese,qwen2.5-coder:7b,日历数据引擎,0.912
9008,Square Dithering,zh,Chinese,qwen2.5-coder:7b,方块抖动,0.895
9009,KOffice image manipulation application,zh,Chinese,qwen2.5-coder:7b,KOffice 图像处理应用程序,1.089
9010,Quality,zh,Chinese,qwen2.5-coder:7b,质量,0.536
9011,Program version:,zh,Chinese,qwen2.5-coder:7b,程序版本：,0.805
9012,StpGamma,zh,Chinese,qwen2.5-coder:7b,伽马步,0.808
9013,Due Date,zh,Chinese,qwen2.5-coder:7b,截止日期,0.652
9014,Friction:,zh,Chinese,qwen2.5-coder:7b,摩擦力：,0.747
9015,Really Rename %1?,zh,Chinese,qwen2.5-coder:7b,“真的要重命名 %1？”,1.337
9016,Image Viewer,zh,Chinese,qwen2.5-coder:7b,图片查看器,0.753
9017,Cut-off angle:,zh,Chinese,qwen2.5-coder:7b,截止角度：,0.825
9018,Color selectors,zh,Chinese,qwen2.5-coder:7b,颜色选择器,0.729
9019,DarkOliveGreen1,zh,Chinese,qwen2.5-coder:7b,深橄榄绿色1,0.924
9020,Diamonds,zh,Chinese,qwen2.5-coder:7b,钻石,0.521
9021,& Background Color:,zh,Chinese,qwen2.5-coder:7b,&背景颜色:,0.913
9022,Hellenic,zh,Chinese,qwen2.5-coder:7b,希腊,0.609
9023,Vocabulary list,zh,Chinese,qwen2.5-coder:7b,词汇表,0.663
9024,& Facility:,zh,Chinese,qwen2.5-coder:7b,&设施:,0.745
9025,Periodicity:,zh,Chinese,qwen2.5-coder:7b,周期性：,0.753
9026,Class Members,zh,Chinese,qwen2.5-coder:7b,班级成员,0.614
9027,Java support,zh,Chinese,qwen2.5-coder:7b,Java支持,0.685
9028,Always On,zh,Chinese,qwen2.5-coder:7b,始终开启,0.68
9029,IP protocol,zh,Chinese,qwen2.5-coder:7b,IP 协议,0.822
9030,media declaration,zh,Chinese,qwen2.5-coder:7b,媒体声明,0.624
9031,Using & kmag;,zh,Chinese,qwen2.5-coder:7b,使用 & kmag;,1.002
9032,Select Image Background...,zh,Chinese,qwen2.5-coder:7b,选择图片背景...,0.893
9033,Not scheduled,zh,Chinese,qwen2.5-coder:7b,未安排,0.618
9034,Data Read Access,zh,Chinese,qwen2.5-coder:7b,数据读取访问,0.882
9035,Border Color,zh,Chinese,qwen2.5-coder:7b,边框颜色,0.748
9036,Spacer Configuration,zh,Chinese,qwen2.5-coder:7b,间距配置,0.646
9037,KFileReplace Main Toolbar,zh,Chinese,qwen2.5-coder:7b,KFileReplace 主工具栏,1.118
9038,Mount point,zh,Chinese,qwen2.5-coder:7b,挂载点,0.729
9039,Player 2,zh,Chinese,qwen2.5-coder:7b,玩家2,0.678
9040,SSH Authorization,zh,Chinese,qwen2.5-coder:7b,SSH授权,0.652
9041,Moscow,zh,Chinese,qwen2.5-coder:7b,莫斯科,0.511
9042,& Close Element,zh,Chinese,qwen2.5-coder:7b,关闭元素,0.65
9043,& Robert. Gogolok; (robertgogolock at gmx de): Developer,zh,Chinese,qwen2.5-coder:7b,&罗伯特·戈戈洛克; (robertgogolock at gmx de): 开发者,3.358
9044,< group >,zh,Chinese,qwen2.5-coder:7b,< 组 >,0.822
9045,Altitude vs. Time...,zh,Chinese,qwen2.5-coder:7b,高度 vs. 时间...,1.148
9046,Leitner Box,zh,Chinese,qwen2.5-coder:7b,梯形箱,0.787
9047,Enum Literal...,zh,Chinese,qwen2.5-coder:7b,枚举字面量...,1.004
9048,Grand Total,zh,Chinese,qwen2.5-coder:7b,总金额,0.644
9049,OpenPGP Key Selection,zh,Chinese,qwen2.5-coder:7b,OpenPGP 密钥选择,1.199
9050,Classes,zh,Chinese,qwen2.5-coder:7b,班级,0.494
9051,FileTransfer,zh,Chinese,qwen2.5-coder:7b,文件传输,0.614
9052,IP/ hostname:,zh,Chinese,qwen2.5-coder:7b,IP/ 主机名:,1.045
9053,Single Line,zh,Chinese,qwen2.5-coder:7b,单行,0.621
9054,Republic of Korea,zh,Chinese,qwen2.5-coder:7b,韩国共和国,0.68
9055,User Password:,zh,Chinese,qwen2.5-coder:7b,用户密码：,0.758
9056,Key Material,zh,Chinese,qwen2.5-coder:7b,关键材料,0.67
9057,showLines,zh,Chinese,qwen2.5-coder:7b,显示行数,0.74
9058,On the,zh,Chinese,qwen2.5-coder:7b,在,0.526
9059,Color depth,zh,Chinese,qwen2.5-coder:7b,颜色深度,0.629
9060,accounts,zh,Chinese,qwen2.5-coder:7b,账户,0.48
9061,Rename Album (%1),zh,Chinese,qwen2.5-coder:7b,重命名专辑 (%1),1.077
9062,Runge-Kutta edited,zh,Chinese,qwen2.5-coder:7b,Runge-Kutta 编辑,1.42
9063,Shares,zh,Chinese,qwen2.5-coder:7b,股份,0.498
9064,Sequence number:,zh,Chinese,qwen2.5-coder:7b,序列号：,0.738
9065,Data Section,zh,Chinese,qwen2.5-coder:7b,数据部分,0.639
9066,Cooling factor,zh,Chinese,qwen2.5-coder:7b,冷却因子,0.681
9067,Body of Message,zh,Chinese,qwen2.5-coder:7b,消息正文,0.664
9068,Microphone,zh,Chinese,qwen2.5-coder:7b,麦克风,0.635
9069,Chart Settings,zh,Chinese,qwen2.5-coder:7b,图表设置,0.64
9070,String Macros,zh,Chinese,qwen2.5-coder:7b,字符串宏,0.649
9071,Give Feedback...,zh,Chinese,qwen2.5-coder:7b,提供反馈...,0.857
9072,Copy Content,zh,Chinese,qwen2.5-coder:7b,复制内容,0.631
9073,ImagePlugin_Solarize,zh,Chinese,qwen2.5-coder:7b,图像插件_灰度化,1.201
9074,& Place names:,zh,Chinese,qwen2.5-coder:7b,& 地点名称:,1.116
9075,Playlist Tool,zh,Chinese,qwen2.5-coder:7b,播放列表工具,0.758
9076,New type: openvpn,zh,Chinese,qwen2.5-coder:7b,新类型：OpenVPN,1.036
9077,& South,zh,Chinese,qwen2.5-coder:7b,& 南,0.716
9078,"In file %1 StripsPerImage tag 273=%2, tag279=%3",zh,Chinese,qwen2.5-coder:7b,在文件 %1 中，StripsPerImage 标签 273=%2，标签279=%3,3.904
9079,Auto quality,zh,Chinese,qwen2.5-coder:7b,自动质量,0.664
9080,& Group Settings,zh,Chinese,qwen2.5-coder:7b,&组设置,0.777
9081,Compatibility Version,zh,Chinese,qwen2.5-coder:7b,兼容版本,0.66
9082,Do permission checks,zh,Chinese,qwen2.5-coder:7b,执行权限检查,0.796
9083,modified,zh,Chinese,qwen2.5-coder:7b,修改,0.502
9084,Machine Identification Number,zh,Chinese,qwen2.5-coder:7b,机器识别号,0.77
9085,Incomplete data,zh,Chinese,qwen2.5-coder:7b,不完整数据,0.732
9086,Background:,zh,Chinese,qwen2.5-coder:7b,背景：,0.585
9087,Class name:,zh,Chinese,qwen2.5-coder:7b,类名：,0.73
9088,Simple Test,zh,Chinese,qwen2.5-coder:7b,简单测试,0.638
9089,Filesystem Configuration,zh,Chinese,qwen2.5-coder:7b,文件系统配置,0.774
9090,Chalk brush,zh,Chinese,qwen2.5-coder:7b,粉笔刷,0.767
9091,plain,zh,Chinese,qwen2.5-coder:7b,普通,0.513
9092,Cash Flow,zh,Chinese,qwen2.5-coder:7b,现金流,0.514
9093,Where to get the & PPD; s for & PostScript; Printers,zh,Chinese,qwen2.5-coder:7b,获取 & PPD; 文件以供 & PostScript; 打印机使用,2.621
9094,Drawing Options,zh,Chinese,qwen2.5-coder:7b,绘图选项,0.76
9095,Release Year:,zh,Chinese,qwen2.5-coder:7b,发布年份：,0.844
9096,Weak,zh,Chinese,qwen2.5-coder:7b,弱,0.496
9097,Username map:,zh,Chinese,qwen2.5-coder:7b,用户名映射：,0.845
9098,Delete account,zh,Chinese,qwen2.5-coder:7b,删除账户,0.632
9099,Epos TTS speech synthesizer,zh,Chinese,qwen2.5-coder:7b,Epos TTS语音合成器,1.273
9100,Removing...,zh,Chinese,qwen2.5-coder:7b,正在移除...,0.819
9101,Field of View:,zh,Chinese,qwen2.5-coder:7b,视野：,0.683
9102,Customizing & kde;,zh,Chinese,qwen2.5-coder:7b,自定义 & kde;,1.079
9103,Red player:,zh,Chinese,qwen2.5-coder:7b,红色玩家：,0.704
9104,Items Shown,zh,Chinese,qwen2.5-coder:7b,显示的项目,0.792
9105,On Branch,zh,Chinese,qwen2.5-coder:7b,在分支上,0.742
9106,Using & kgamma;,zh,Chinese,qwen2.5-coder:7b,使用 & kgamma;,1.029
9107,HellaNZB Status Information,zh,Chinese,qwen2.5-coder:7b,NZBGet 状态信息,1.393
9108,1st Level,zh,Chinese,qwen2.5-coder:7b,1级,0.669
9109,The factorial of x.,zh,Chinese,qwen2.5-coder:7b,x 的阶乘。,0.992
9110,Interrupt information,zh,Chinese,qwen2.5-coder:7b,中断信息,0.611
9111,Find by & name,zh,Chinese,qwen2.5-coder:7b,按 & 名称查找,1.048
9112,statement expected,zh,Chinese,qwen2.5-coder:7b,预期语句,0.763
9113,Halftone Graphics,zh,Chinese,qwen2.5-coder:7b,半色调图形,0.826
9114,colors,zh,Chinese,qwen2.5-coder:7b,颜色,0.502
9115,Hierarchy:,zh,Chinese,qwen2.5-coder:7b,层次结构：,0.693
9116,Preferred Accounts,zh,Chinese,qwen2.5-coder:7b,首选账户,0.622
9117,Front,zh,Chinese,qwen2.5-coder:7b,前端,0.49
9118,Default Paint Operations,zh,Chinese,qwen2.5-coder:7b,默认绘图操作,0.906
9119,List Style:,zh,Chinese,qwen2.5-coder:7b,列表样式：,0.774
9120,Music editing tool,zh,Chinese,qwen2.5-coder:7b,音乐编辑工具,0.776
9121,Absolute Cell References,zh,Chinese,qwen2.5-coder:7b,绝对单元格引用,0.923
9122,(Empty),zh,Chinese,qwen2.5-coder:7b,(空),0.753
9123,Image Displayer,zh,Chinese,qwen2.5-coder:7b,图片显示器,0.794
9124,Log Out,zh,Chinese,qwen2.5-coder:7b,退出登录,0.608
9125,Editing tips.,zh,Chinese,qwen2.5-coder:7b,编辑提示。,0.721
9126,& New Task...,zh,Chinese,qwen2.5-coder:7b,& 新任务...,0.925
9127,Verified,zh,Chinese,qwen2.5-coder:7b,已验证,0.619
9128,Writer Drives,zh,Chinese,qwen2.5-coder:7b,作家驱动,0.646
9129,Bricks 2,zh,Chinese,qwen2.5-coder:7b,砖块2,0.771
9130,Valid from:,zh,Chinese,qwen2.5-coder:7b,有效期从：,0.741
9131,Asia/ Tel_Aviv,zh,Chinese,qwen2.5-coder:7b,亚洲/特拉维夫,1.22
9132,Your turn.,zh,Chinese,qwen2.5-coder:7b,你的回合。,0.802
9133,Fingerprint Manager,zh,Chinese,qwen2.5-coder:7b,指纹管理器,0.77
9134,Spanish (El Salvador),zh,Chinese,qwen2.5-coder:7b,西班牙语（萨尔瓦多）,1.321
9135,First,zh,Chinese,qwen2.5-coder:7b,首先,0.716
9136,GnuPG Administrative Console,zh,Chinese,qwen2.5-coder:7b,GNUPG 管理控制台,1.358
9137,Edit Hosts,zh,Chinese,qwen2.5-coder:7b,编辑主机,0.725
9138,State Diagram...,zh,Chinese,qwen2.5-coder:7b,状态图...,0.784
9139,Database Design,zh,Chinese,qwen2.5-coder:7b,数据库设计,0.638
9140,& Print Log...,zh,Chinese,qwen2.5-coder:7b,打印日志...,0.865
9141,Source File,zh,Chinese,qwen2.5-coder:7b,源文件,0.648
9142,With,zh,Chinese,qwen2.5-coder:7b,与,0.677
9143,Color Management,zh,Chinese,qwen2.5-coder:7b,颜色管理,0.617
9144,Length:,zh,Chinese,qwen2.5-coder:7b,长度:,0.588
9145,Last & Week,zh,Chinese,qwen2.5-coder:7b,上周,0.583
9146,Red multiplier,zh,Chinese,qwen2.5-coder:7b,红色倍数,0.722
9147,Gooood luck! Mwarrhh hwwarrrr haarrrr!,zh,Chinese,qwen2.5-coder:7b,祝你好运！哇哈哈哈哈哈！,1.776
9148,Delete track,zh,Chinese,qwen2.5-coder:7b,删除轨道,0.563
9149,Channel 2,zh,Chinese,qwen2.5-coder:7b,频道2,0.595
9150,& Write list:,zh,Chinese,qwen2.5-coder:7b,& 写列表：,0.91
9151,& Ctrl; Arrow keys,zh,Chinese,qwen2.5-coder:7b,& Ctrl; 方向键,1.172
9152,southwest,zh,Chinese,qwen2.5-coder:7b,西南,0.547
9153,Bookmark,zh,Chinese,qwen2.5-coder:7b,书签,0.584
9154,Color Mode,zh,Chinese,qwen2.5-coder:7b,颜色模式,0.707
9155,Chart Data,zh,Chinese,qwen2.5-coder:7b,图表数据,0.658
9156,Rarely,zh,Chinese,qwen2.5-coder:7b,罕见的,0.66
9157,Tracing,zh,Chinese,qwen2.5-coder:7b,追踪,0.525
9158,Tracking,zh,Chinese,qwen2.5-coder:7b,跟踪,0.48
9159,Elevation,zh,Chinese,qwen2.5-coder:7b,海拔,0.523
9160,Network Game,zh,Chinese,qwen2.5-coder:7b,网络游戏,0.661
9161,Find Routers,zh,Chinese,qwen2.5-coder:7b,查找路由器,0.664
9162,Line Ending Type,zh,Chinese,qwen2.5-coder:7b,行尾类型,0.783
9163,feet³,zh,Chinese,qwen2.5-coder:7b,立方英尺,0.82
9164,Colors: XX,zh,Chinese,qwen2.5-coder:7b,颜色：XX,0.759
9165,Lid Button,zh,Chinese,qwen2.5-coder:7b,盖板按钮,0.775
9166,L1 Data Read Miss,zh,Chinese,qwen2.5-coder:7b,L1 数据读取未命中,1.212
9167,German,zh,Chinese,qwen2.5-coder:7b,德语,0.608
9168,Access Level,zh,Chinese,qwen2.5-coder:7b,访问级别,0.671
9169,No description available,zh,Chinese,qwen2.5-coder:7b,无描述可用,0.798
9170,Temperature,zh,Chinese,qwen2.5-coder:7b,温度,0.488
9171,Not by:,zh,Chinese,qwen2.5-coder:7b,不是由:,0.803
9172,random,zh,Chinese,qwen2.5-coder:7b,随机,0.496
9173,& Part,zh,Chinese,qwen2.5-coder:7b,& 部分,0.916
9174,Wake up,zh,Chinese,qwen2.5-coder:7b,唤醒,0.561
9175,(active),zh,Chinese,qwen2.5-coder:7b,(活跃),0.779
9176,Free%,zh,Chinese,qwen2.5-coder:7b,免费%,0.649
9177,Command history,zh,Chinese,qwen2.5-coder:7b,命令历史记录,0.741
9178,Command,zh,Chinese,qwen2.5-coder:7b,命令,0.515
9179,Please enter & name:,zh,Chinese,qwen2.5-coder:7b,请输入 &姓名:,0.844
9180,Remove Item,zh,Chinese,qwen2.5-coder:7b,移除项目,0.693
9181,LightSkyBlue4,zh,Chinese,qwen2.5-coder:7b,浅蓝色4,0.804
9182,inertiaVariance,zh,Chinese,qwen2.5-coder:7b,惯性方差,0.924
9183,Layer Properties,zh,Chinese,qwen2.5-coder:7b,图层属性,0.75
9184,Clipboard actions,zh,Chinese,qwen2.5-coder:7b,剪贴板操作,0.818
9185,& Resolution:,zh,Chinese,qwen2.5-coder:7b,&分辨率:,0.708
9186,FindBuffer contents,zh,Chinese,qwen2.5-coder:7b,查找缓冲区内容,0.936
9187,Figure 2,zh,Chinese,qwen2.5-coder:7b,图2,0.708
9188,Image Effects,zh,Chinese,qwen2.5-coder:7b,图像效果,0.64
9189,Unzip txt2pho to / usr/ local/ txt2pho.,zh,Chinese,qwen2.5-coder:7b,将txt2pho解压到 /usr/local/txt2pho。,2.571
9190,Bug Description,zh,Chinese,qwen2.5-coder:7b,错误描述,0.639
9191,& Horizontal:,zh,Chinese,qwen2.5-coder:7b,& 水平:,1.021
9192,version control,zh,Chinese,qwen2.5-coder:7b,版本控制,0.649
9193,Arrow Style,zh,Chinese,qwen2.5-coder:7b,箭头样式,0.719
9194,Ctrl; W Close,zh,Chinese,qwen2.5-coder:7b,Ctrl; W 关闭,1.016
9195,IP Setup,zh,Chinese,qwen2.5-coder:7b,IP 设置,0.66
9196,Then By,zh,Chinese,qwen2.5-coder:7b,然后,0.54
9197,Easy,zh,Chinese,qwen2.5-coder:7b,简单,0.498
9198,Search plugins,zh,Chinese,qwen2.5-coder:7b,搜索插件,0.714
9199,GetUpdates,zh,Chinese,qwen2.5-coder:7b,获取更新,0.635
9200,Delete Diagram,zh,Chinese,qwen2.5-coder:7b,删除图表,0.618
9201,Ink depletion,zh,Chinese,qwen2.5-coder:7b,墨水耗尽,0.878
9202,Connection Selection,zh,Chinese,qwen2.5-coder:7b,连接选择,0.672
9203,Auto Bullets,zh,Chinese,qwen2.5-coder:7b,自动子弹,0.684
9204,& Hue:,zh,Chinese,qwen2.5-coder:7b,& 色相:,1.016
9205,Mean Score,zh,Chinese,qwen2.5-coder:7b,平均分,0.681
9206,Thunder Storm,zh,Chinese,qwen2.5-coder:7b,雷暴,0.66
9207,List Archives,zh,Chinese,qwen2.5-coder:7b,列出存档,0.731
9208,Preconditions,zh,Chinese,qwen2.5-coder:7b,前置条件,0.649
9209,Network interface:,zh,Chinese,qwen2.5-coder:7b,网络接口：,0.743
9210,Composite Mode,zh,Chinese,qwen2.5-coder:7b,复合模式,0.639
9211,Max number,zh,Chinese,qwen2.5-coder:7b,最大数量,0.615
9212,LightGrey,zh,Chinese,qwen2.5-coder:7b,浅灰色,0.623
9213,Preview image,zh,Chinese,qwen2.5-coder:7b,预览图片,0.74
9214,Unsorted,zh,Chinese,qwen2.5-coder:7b,未排序,0.659
9215,Is Not,zh,Chinese,qwen2.5-coder:7b,不是,0.538
9216,networktransparent,zh,Chinese,qwen2.5-coder:7b,网络透明,0.628
9217,Speed limit in KiB/ s,zh,Chinese,qwen2.5-coder:7b,速度限制（KiB/秒）,1.382
9218,forceVariance,zh,Chinese,qwen2.5-coder:7b,强制方差,0.756
9219,Title alignment:,zh,Chinese,qwen2.5-coder:7b,标题对齐方式：,0.918
9220,Day View,zh,Chinese,qwen2.5-coder:7b,日视图,0.734
9221,Start Time,zh,Chinese,qwen2.5-coder:7b,开始时间,0.616
9222,Relevance: %1,zh,Chinese,qwen2.5-coder:7b,相关性: %1,1.001
9223,Date,zh,Chinese,qwen2.5-coder:7b,日期,0.486
9224,Relationship,zh,Chinese,qwen2.5-coder:7b,关系,0.489
9225,Post Processing,zh,Chinese,qwen2.5-coder:7b,后处理,0.647
9226,Driver Handle,zh,Chinese,qwen2.5-coder:7b,驱动程序句柄,0.871
9227,Quality based,zh,Chinese,qwen2.5-coder:7b,基于质量,0.637
9228,Adept Manager,zh,Chinese,qwen2.5-coder:7b,熟练经理,0.672
9229,To unit,zh,Chinese,qwen2.5-coder:7b,要合并,0.83
9230,Unchanged:,zh,Chinese,qwen2.5-coder:7b,未更改：,0.757
9231,SteelBlue3,zh,Chinese,qwen2.5-coder:7b,SteelBlue3,0.8
9232,Glossary,zh,Chinese,qwen2.5-coder:7b,词汇表,0.69
9233,Requirements,zh,Chinese,qwen2.5-coder:7b,需求,0.495
9234,No Log,zh,Chinese,qwen2.5-coder:7b,无日志,0.736
9235,Equal To,zh,Chinese,qwen2.5-coder:7b,等于,0.529
9236,Design,zh,Chinese,qwen2.5-coder:7b,设计,0.495
9237,Add track,zh,Chinese,qwen2.5-coder:7b,添加轨道,0.608
9238,Vocabulary documents,zh,Chinese,qwen2.5-coder:7b,词汇文档,0.651
9239,& Closeable,zh,Chinese,qwen2.5-coder:7b,可关闭的 &,0.838
9240,Customization,zh,Chinese,qwen2.5-coder:7b,自定义,0.686
9241,Unknown tag,zh,Chinese,qwen2.5-coder:7b,未知标签,0.629
9242,ferry,zh,Chinese,qwen2.5-coder:7b,渡轮,0.605
9243,IRC Operator Password,zh,Chinese,qwen2.5-coder:7b,IRC 操作员密码,0.925
9244,twins,zh,Chinese,qwen2.5-coder:7b,双胞胎,0.702
9245,& Category:,zh,Chinese,qwen2.5-coder:7b,&类别:,0.701
9246,speed2 filter,zh,Chinese,qwen2.5-coder:7b,速度2滤镜,0.902
9247,File name:,zh,Chinese,qwen2.5-coder:7b,文件名：,0.741
9248,Current Item,zh,Chinese,qwen2.5-coder:7b,当前项目,0.622
9249,Name of game:,zh,Chinese,qwen2.5-coder:7b,游戏名称：,0.741
9250,Password echo type,zh,Chinese,qwen2.5-coder:7b,密码回显类型,0.845
9251,Data Type,zh,Chinese,qwen2.5-coder:7b,数据类型,0.633
9252,Ownership,zh,Chinese,qwen2.5-coder:7b,所有权,0.488
9253,& Remove,zh,Chinese,qwen2.5-coder:7b,& 移除,0.849
9254,Overall,zh,Chinese,qwen2.5-coder:7b,总体,0.532
9255,Input Actions Daemon,zh,Chinese,qwen2.5-coder:7b,输入操作守护进程,0.821
9256,Comment/ Tags:,zh,Chinese,qwen2.5-coder:7b,评论/标签：,0.837
9257,Filter Log,zh,Chinese,qwen2.5-coder:7b,过滤日志,0.71
9258,Deletion,zh,Chinese,qwen2.5-coder:7b,删除,0.531
9259,Fade,zh,Chinese,qwen2.5-coder:7b,淡入淡出,0.809
9260,Business Fax,zh,Chinese,qwen2.5-coder:7b,商业传真,0.621
9261,AntiqueWhite,zh,Chinese,qwen2.5-coder:7b,古董白,0.801
9262,PPTP Settings,zh,Chinese,qwen2.5-coder:7b,PPTP 设置,0.939
9263,Germany,zh,Chinese,qwen2.5-coder:7b,德国,0.498
9264,Quiz for %1,zh,Chinese,qwen2.5-coder:7b,测验 %1,1.071
9265,Character Tool,zh,Chinese,qwen2.5-coder:7b,角色工具,0.65
9266,Shift,zh,Chinese,qwen2.5-coder:7b,Shift,0.49
9267,Strings,zh,Chinese,qwen2.5-coder:7b,字符串,0.488
9268,New To-do...,zh,Chinese,qwen2.5-coder:7b,新任务...,0.798
9269,Image,zh,Chinese,qwen2.5-coder:7b,图片,0.499
9270,Below 1M,zh,Chinese,qwen2.5-coder:7b,低于1M,0.771
9271,Upload profiles,zh,Chinese,qwen2.5-coder:7b,上传配置文件,0.721
9272,Right,zh,Chinese,qwen2.5-coder:7b,右,0.487
9273,Kontact Planner Summary,zh,Chinese,qwen2.5-coder:7b,Kontact 日程摘要,1.351
9274,Got details,zh,Chinese,qwen2.5-coder:7b,获取详细信息,0.748
9275,Cell Wood,zh,Chinese,qwen2.5-coder:7b,单元木,0.661
9276,Image Enhancement,zh,Chinese,qwen2.5-coder:7b,图像增强,0.643
9277,Digital In,zh,Chinese,qwen2.5-coder:7b,数字入,0.641
9278,Bigger,zh,Chinese,qwen2.5-coder:7b,更大的,0.527
9279,Mathematics,zh,Chinese,qwen2.5-coder:7b,数学,0.521
9280,Top Priority:,zh,Chinese,qwen2.5-coder:7b,最高优先级：,0.801
9281,Walls,zh,Chinese,qwen2.5-coder:7b,墙壁,0.528
9282,Microsoft Media Format,zh,Chinese,qwen2.5-coder:7b,微软媒体格式,0.726
9283,Smoothing,zh,Chinese,qwen2.5-coder:7b,平滑,0.61
9284,Synchronization information,zh,Chinese,qwen2.5-coder:7b,同步信息,0.667
9285,Accessibility warning,zh,Chinese,qwen2.5-coder:7b,无障碍警告,0.627
9286,Korean,zh,Chinese,qwen2.5-coder:7b,韩国语,0.639
9287,& Key size:,zh,Chinese,qwen2.5-coder:7b,&密钥大小:,0.96
9288,Ctrl; S Save,zh,Chinese,qwen2.5-coder:7b,Ctrl; S 保存,1.007
9289,Usability improvements,zh,Chinese,qwen2.5-coder:7b,可用性改进,0.778
9290,Networking,zh,Chinese,qwen2.5-coder:7b,网络,0.507
9291,Railway station,zh,Chinese,qwen2.5-coder:7b,火车站,0.57
9292,new_actor,zh,Chinese,qwen2.5-coder:7b,新演员,0.675
9293,Simple Simon,zh,Chinese,qwen2.5-coder:7b,简单的 Simon,0.637
9294,Pick Start Date,zh,Chinese,qwen2.5-coder:7b,选择开始日期,0.808
9295,Change Alias...,zh,Chinese,qwen2.5-coder:7b,更改别名...,0.852
9296,Image file format:,zh,Chinese,qwen2.5-coder:7b,图像文件格式：,0.832
9297,GPX file:,zh,Chinese,qwen2.5-coder:7b,GPX文件：,0.856
9298,Video support,zh,Chinese,qwen2.5-coder:7b,视频支持,0.649
9299,Language:,zh,Chinese,qwen2.5-coder:7b,语言:,0.622
9300,Wander speed,zh,Chinese,qwen2.5-coder:7b,漫步速度,0.674
9301,EXR Version,zh,Chinese,qwen2.5-coder:7b,EXR 版本,0.975
9302,Group rid:,zh,Chinese,qwen2.5-coder:7b,分组名称:,0.961
9303,"Earlier on %B, %Y",zh,Chinese,qwen2.5-coder:7b,"在 %B, %Y",1.215
9304,PS Files,zh,Chinese,qwen2.5-coder:7b,PS 文件,0.615
9305,desktop manager,zh,Chinese,qwen2.5-coder:7b,桌面管理器,0.704
9306,Not Chile,zh,Chinese,qwen2.5-coder:7b,不是智利,0.711
9307,Create object,zh,Chinese,qwen2.5-coder:7b,创建对象,0.612
9308,Diff: A< - > C,zh,Chinese,qwen2.5-coder:7b,差异: A< - > C,1.545
9309,Default List,zh,Chinese,qwen2.5-coder:7b,默认列表,0.64
9310,Central Time - central Nunavut,zh,Chinese,qwen2.5-coder:7b,中央时间 - 中央努纳武特,1.663
9311,Terminal execution,zh,Chinese,qwen2.5-coder:7b,终端执行,0.636
9312,Server certificate,zh,Chinese,qwen2.5-coder:7b,服务器证书,0.627
9313,Rotation speed,zh,Chinese,qwen2.5-coder:7b,旋转速度,0.616
9314,Transference,zh,Chinese,qwen2.5-coder:7b,转移,0.528
9315,& Profiles:,zh,Chinese,qwen2.5-coder:7b,&配置文件:,0.805
9316,Open Collection File,zh,Chinese,qwen2.5-coder:7b,打开集合文件,0.834
9317,Friend,zh,Chinese,qwen2.5-coder:7b,朋友,0.527
9318,& Remove Form,zh,Chinese,qwen2.5-coder:7b,& 移除表单,1.049
9319,File Inclusion,zh,Chinese,qwen2.5-coder:7b,文件包含,0.674
9320,Street address,zh,Chinese,qwen2.5-coder:7b,街道地址,0.628
9321,character %1,zh,Chinese,qwen2.5-coder:7b,角色 %1,0.804
9322,Ordered dithering,zh,Chinese,qwen2.5-coder:7b,有序抖动,0.839
9323,RIP: From & PostScript; to Raster,zh,Chinese,qwen2.5-coder:7b,RIP: 从 &PostScript; 到栅格,2.273
9324,Roads,zh,Chinese,qwen2.5-coder:7b,道路,0.543
9325,& Advanced...,zh,Chinese,qwen2.5-coder:7b,&高级...,0.707
9326,flat,zh,Chinese,qwen2.5-coder:7b,平坦的,0.617
9327,Task completion,zh,Chinese,qwen2.5-coder:7b,任务完成,0.612
9328,Akonadi available,zh,Chinese,qwen2.5-coder:7b,Akonadi 可用,1.123
9329,Toner Density,zh,Chinese,qwen2.5-coder:7b,墨粉密度,0.761
9330,Resource Selection,zh,Chinese,qwen2.5-coder:7b,资源选择,0.619
9331,Duplicates,zh,Chinese,qwen2.5-coder:7b,重复项,0.587
9332,& Match:,zh,Chinese,qwen2.5-coder:7b,&匹配:,0.709
9333,Remove component,zh,Chinese,qwen2.5-coder:7b,移除组件,0.783
9334,Add widgets,zh,Chinese,qwen2.5-coder:7b,添加小部件,0.758
9335,L1 Instr. Fetch Miss,zh,Chinese,qwen2.5-coder:7b,L1 指令获取未命中,1.549
9336,Fine Paper,zh,Chinese,qwen2.5-coder:7b,优质纸张,0.738
9337,Could not open document '%1 '.,zh,Chinese,qwen2.5-coder:7b,无法打开文档“%1”。,1.271
9338,MediumSpringGreen,zh,Chinese,qwen2.5-coder:7b,中等春绿色,0.897
9339,"Asia, South",zh,Chinese,qwen2.5-coder:7b,亚洲，南部,0.786
9340,Image Mime Type,zh,Chinese,qwen2.5-coder:7b,图像 MIME 类型,0.902
9341,Spanish (Colombia),zh,Chinese,qwen2.5-coder:7b,西班牙语（哥伦比亚）,1.125
9342,& Location:,zh,Chinese,qwen2.5-coder:7b,&位置:,0.729
9343,Belgian Dutch (nl-be),zh,Chinese,qwen2.5-coder:7b,比利时荷兰语 (nl-be),1.37
9344,KGeo figure,zh,Chinese,qwen2.5-coder:7b,几何图形,0.691
9345,Light Table Settings,zh,Chinese,qwen2.5-coder:7b,光标表设置,0.88
9346,IPTC: created,zh,Chinese,qwen2.5-coder:7b,IPTC: 创建,1.082
9347,& Public Only,zh,Chinese,qwen2.5-coder:7b,&公共,0.692
9348,Backup Success,zh,Chinese,qwen2.5-coder:7b,备份成功,0.716
9349,Height,zh,Chinese,qwen2.5-coder:7b,高度,0.526
9350,Tropic of Capricorn,zh,Chinese,qwen2.5-coder:7b,南回归线,0.895
9351,(recovered),zh,Chinese,qwen2.5-coder:7b,恢复的,0.655
9352,performance monitor,zh,Chinese,qwen2.5-coder:7b,性能监控器,0.762
9353,inertia variance,zh,Chinese,qwen2.5-coder:7b,惯性方差,0.882
9354,¥(#165;) Yen sign,zh,Chinese,qwen2.5-coder:7b,¥(#165;) 日元符号,1.602
9355,Writing Mode,zh,Chinese,qwen2.5-coder:7b,书写模式,0.629
9356,Average Score:,zh,Chinese,qwen2.5-coder:7b,平均分：,0.723
9357,Printing Options,zh,Chinese,qwen2.5-coder:7b,打印选项,0.619
9358,Connection specific:: SSH,zh,Chinese,qwen2.5-coder:7b,特定连接:: SSH,0.896
9359,Type (optional),zh,Chinese,qwen2.5-coder:7b,类型（可选）,0.98
9360,Version Number,zh,Chinese,qwen2.5-coder:7b,版本号,0.636
9361,%1: does n't exist,zh,Chinese,qwen2.5-coder:7b,%1 不存在,1.114
9362,Edit Document,zh,Chinese,qwen2.5-coder:7b,编辑文档,0.671
9363,ATMOSphere Control Center Module,zh,Chinese,qwen2.5-coder:7b,ATMOSphere 控制中心模块,1.637
9364,Moving speed,zh,Chinese,qwen2.5-coder:7b,移动速度,0.658
9365,Vfs objects:,zh,Chinese,qwen2.5-coder:7b,Vfs 对象：,1.007
9366,Attribute Settings,zh,Chinese,qwen2.5-coder:7b,属性设置,0.65
9367,Page Selection,zh,Chinese,qwen2.5-coder:7b,页面选择,0.629
9368,coral,zh,Chinese,qwen2.5-coder:7b,珊瑚,0.537
9369,Lead developer,zh,Chinese,qwen2.5-coder:7b,主要开发者,0.62
9370,disc,zh,Chinese,qwen2.5-coder:7b,磁盘,0.582
9371,Territory Capture Game,zh,Chinese,qwen2.5-coder:7b,领土争夺游戏,0.826
9372,Replacement:,zh,Chinese,qwen2.5-coder:7b,替换:,0.599
9373,Outside (O/ o),zh,Chinese,qwen2.5-coder:7b,外部 (外/ 内),1.261
9374,Control key,zh,Chinese,qwen2.5-coder:7b,控制键,0.621
9375,ask X,zh,Chinese,qwen2.5-coder:7b,询问X,0.632
9376,Top Secret,zh,Chinese,qwen2.5-coder:7b,机密,0.639
9377,By Path,zh,Chinese,qwen2.5-coder:7b,通过路径,0.612
9378,Code contributions,zh,Chinese,qwen2.5-coder:7b,代码贡献,0.662
9379,Network privacy level:,zh,Chinese,qwen2.5-coder:7b,网络隐私级别：,0.849
9380,& Check board,zh,Chinese,qwen2.5-coder:7b,& 检查棋盘,1.147
9381,Brightness,zh,Chinese,qwen2.5-coder:7b,亮度,0.513
9382,To Right,zh,Chinese,qwen2.5-coder:7b,向右,0.61
9383,US Legal (Small),zh,Chinese,qwen2.5-coder:7b,美国法律（小型）,0.955
9384,MegaGradient highcolor style,zh,Chinese,qwen2.5-coder:7b,高色MegaGradient样式,1.359
9385,FIFO Overruns Rate,zh,Chinese,qwen2.5-coder:7b,FIFO溢出率,1.102
9386,Financial,zh,Chinese,qwen2.5-coder:7b,金融,0.512
9387,CTags database file:,zh,Chinese,qwen2.5-coder:7b,CTags 数据库文件：,1.106
9388,Recursive:,zh,Chinese,qwen2.5-coder:7b,递归：,0.674
9389,Archiving Tool,zh,Chinese,qwen2.5-coder:7b,归档工具,0.748
9390,Encrypted,zh,Chinese,qwen2.5-coder:7b,加密的,0.649
9391,& Profile,zh,Chinese,qwen2.5-coder:7b,&个人资料,0.713
9392,Your Username.,zh,Chinese,qwen2.5-coder:7b,您的用户名。,0.799
9393,Progress Dialog,zh,Chinese,qwen2.5-coder:7b,进度对话框,0.757
9394,Southern,zh,Chinese,qwen2.5-coder:7b,南方,0.499
9395,Writing app:,zh,Chinese,qwen2.5-coder:7b,写作应用：,0.703
9396,Colorize & frames,zh,Chinese,qwen2.5-coder:7b,给框架着色,0.876
9397,Scrolling speed,zh,Chinese,qwen2.5-coder:7b,滚动速度,0.688
9398,(rows: more than %1),zh,Chinese,qwen2.5-coder:7b,(行数: 多于 %1),1.639
9399,Rate,zh,Chinese,qwen2.5-coder:7b,评分,0.524
9400,ImagePlugin_WhiteBalance,zh,Chinese,qwen2.5-coder:7b,图像插件_白平衡,1.159
9401,Sound File,zh,Chinese,qwen2.5-coder:7b,声音文件,0.639
9402,Reserved,zh,Chinese,qwen2.5-coder:7b,保留,0.513
9403,Atomic Number,zh,Chinese,qwen2.5-coder:7b,原子序数,0.758
9404,User Manager,zh,Chinese,qwen2.5-coder:7b,用户管理器,0.75
9405,New Tape,zh,Chinese,qwen2.5-coder:7b,新磁带,0.771
9406,Initial value:,zh,Chinese,qwen2.5-coder:7b,初始值：,0.73
9407,Rename Items,zh,Chinese,qwen2.5-coder:7b,重命名项目,0.717
9408,File Manager,zh,Chinese,qwen2.5-coder:7b,文件管理器,0.71
9409,(C) 2006-2009 Peter Penz,zh,Chinese,qwen2.5-coder:7b,(C) 2006-2009 彼得·彭兹,2.598
9410,Peter Penz,zh,Chinese,qwen2.5-coder:7b,彼得·彭兹,0.951
9411,Maintainer and developer,zh,Chinese,qwen2.5-coder:7b,维护者和开发者,0.915
9412,David Faure,zh,Chinese,qwen2.5-coder:7b,大卫·法乌尔,0.964
9413,Developer,zh,Chinese,qwen2.5-coder:7b,开发者,0.486
9414,Aaron J. Seigo,zh,Chinese,qwen2.5-coder:7b,亚伦·J·西格,1.223
9415,Rafael Fernández López,zh,Chinese,qwen2.5-coder:7b,拉斐尔·埃尔南德斯·洛佩斯,1.741
9416,Kevin Ottens,zh,Chinese,qwen2.5-coder:7b,凯文·奥滕斯,1.06
9417,Holger Freyther,zh,Chinese,qwen2.5-coder:7b,霍尔格·弗雷瑟,1.214
9418,Max Blazejak,zh,Chinese,qwen2.5-coder:7b,Max Blazejak,0.761
9419,Michael Austin,zh,Chinese,qwen2.5-coder:7b,迈克尔·奥斯汀,1.059
9420,Documentation,zh,Chinese,qwen2.5-coder:7b,文档,0.501
9421,Document to open,zh,Chinese,qwen2.5-coder:7b,要打开的文档,0.899
9422,Empty Trash,zh,Chinese,qwen2.5-coder:7b,清空回收站,0.874
9423,Add to Places,zh,Chinese,qwen2.5-coder:7b,添加到位置,0.776
9424,Do you really want to empty the Trash? All items will be deleted.,zh,Chinese,qwen2.5-coder:7b,你真的要清空回收站吗？所有项目将被删除。,2.374
9425,Trash,zh,Chinese,qwen2.5-coder:7b,回收站,0.615
9426,Restore,zh,Chinese,qwen2.5-coder:7b,恢复,0.508
9427,Create New,zh,Chinese,qwen2.5-coder:7b,创建新文件,0.79
9428,View Mode,zh,Chinese,qwen2.5-coder:7b,查看模式,0.667
9429,Properties,zh,Chinese,qwen2.5-coder:7b,属性,0.519
9430,Paste Into Folder,zh,Chinese,qwen2.5-coder:7b,粘贴到文件夹,0.972
9431,Others,zh,Chinese,qwen2.5-coder:7b,其他,0.505
9432,Normal,zh,Chinese,qwen2.5-coder:7b,正常,0.485
9433,Update required,zh,Chinese,qwen2.5-coder:7b,更新需要,0.623
9434,Locally modified,zh,Chinese,qwen2.5-coder:7b,本地修改,0.639
9435,Added,zh,Chinese,qwen2.5-coder:7b,已添加,0.613
9436,Removed,zh,Chinese,qwen2.5-coder:7b,已移除,0.704
9437,Conflicting,zh,Chinese,qwen2.5-coder:7b,冲突,0.531
9438,Unversioned,zh,Chinese,qwen2.5-coder:7b,未版本化,0.755
9439,Version,zh,Chinese,qwen2.5-coder:7b,版本,0.515
9440,Folders,zh,Chinese,qwen2.5-coder:7b,文件夹,0.573
9441,Small,zh,Chinese,qwen2.5-coder:7b,小,0.491
9442,Medium,zh,Chinese,qwen2.5-coder:7b,中等,0.611
9443,Big,zh,Chinese,qwen2.5-coder:7b,大,0.494
9444,Today,zh,Chinese,qwen2.5-coder:7b,今天,0.504
9445,Yesterday,zh,Chinese,qwen2.5-coder:7b,昨天,0.492
9446,%A,zh,Chinese,qwen2.5-coder:7b,%A,0.517
9447,Last Week,zh,Chinese,qwen2.5-coder:7b,上周,0.56
9448,Two Weeks Ago,zh,Chinese,qwen2.5-coder:7b,两周前,0.674
9449,Three Weeks Ago,zh,Chinese,qwen2.5-coder:7b,三周前,0.734
9450,Earlier this Month,zh,Chinese,qwen2.5-coder:7b,这个月早些时候,0.967
9451,"Yesterday (%B, %Y)",zh,Chinese,qwen2.5-coder:7b,"昨天 (%B, %Y)",1.293
9452,"%A (%B, %Y)",zh,Chinese,qwen2.5-coder:7b,"%A (%B, %Y)",1.287
9453,"Last Week (%B, %Y)",zh,Chinese,qwen2.5-coder:7b,"上周 (%B, %Y)",1.362
9454,"Two Weeks Ago (%B, %Y)",zh,Chinese,qwen2.5-coder:7b,"两周前 (%B, %Y)",1.439
9455,"Three Weeks Ago (%B, %Y)",zh,Chinese,qwen2.5-coder:7b,"三周前 (%B, %Y)",1.526
9456,"Earlier on %B, %Y",zh,Chinese,qwen2.5-coder:7b,"在 %B, %Y",1.233
9457,"%B, %Y",zh,Chinese,qwen2.5-coder:7b,"%B, %Y",1.143
9458,"Read,",zh,Chinese,qwen2.5-coder:7b,阅读，,0.621
9459,"Write,",zh,Chinese,qwen2.5-coder:7b,写，,0.588
9460,"Execute,",zh,Chinese,qwen2.5-coder:7b,"执行,",0.622
9461,Forbidden,zh,Chinese,qwen2.5-coder:7b,禁止,0.56
9462,(User: %1) (Group: %2) (Others: %3),zh,Chinese,qwen2.5-coder:7b,(用户: %1) (群组: %2) (其他人: %3),2.84
9463,Unknown error.,zh,Chinese,qwen2.5-coder:7b,未知错误。,0.8
9464,Add Comment...,zh,Chinese,qwen2.5-coder:7b,添加评论...,0.762
9465,Change...,zh,Chinese,qwen2.5-coder:7b,更改...,0.606
9466,Change Comment,zh,Chinese,qwen2.5-coder:7b,更改评论,0.611
9467,Add Comment,zh,Chinese,qwen2.5-coder:7b,添加评论,0.624
9468,Changing annotations,zh,Chinese,qwen2.5-coder:7b,更改注释,0.714
9469,Configure Shown Data,zh,Chinese,qwen2.5-coder:7b,配置显示数据,0.789
9470,Configure which data should be shown,zh,Chinese,qwen2.5-coder:7b,配置要显示的数据,0.909
9471,Type,zh,Chinese,qwen2.5-coder:7b,输入,0.498
9472,Size,zh,Chinese,qwen2.5-coder:7b,大小,0.49
9473,Modified,zh,Chinese,qwen2.5-coder:7b,已修改,0.587
9474,Owner,zh,Chinese,qwen2.5-coder:7b,所有者,0.588
9475,Permissions,zh,Chinese,qwen2.5-coder:7b,权限,0.516
9476,Rating,zh,Chinese,qwen2.5-coder:7b,评分,0.481
9477,Tags,zh,Chinese,qwen2.5-coder:7b,标签,0.51
9478,Comment,zh,Chinese,qwen2.5-coder:7b,评论,0.494
9479,Change Tags,zh,Chinese,qwen2.5-coder:7b,更改标签,0.618
9480,Add Tags,zh,Chinese,qwen2.5-coder:7b,添加标签,0.621
9481,Configure which tags should be applied.,zh,Chinese,qwen2.5-coder:7b,配置应应用哪些标签。,1.151
9482,Create new tag:,zh,Chinese,qwen2.5-coder:7b,创建新标签：,0.915
9483,Delete tag,zh,Chinese,qwen2.5-coder:7b,删除标签,0.639
9484,Should the tag %1 really be deleted for all files?,zh,Chinese,qwen2.5-coder:7b,“是否真的要删除所有文件中的标签 %1？”,1.99
9485,Delete,zh,Chinese,qwen2.5-coder:7b,删除,0.503
9486,Cancel,zh,Chinese,qwen2.5-coder:7b,取消,0.523
9487,Add Tags...,zh,Chinese,qwen2.5-coder:7b,添加标签...,0.743
9488,Width x Height:,zh,Chinese,qwen2.5-coder:7b,宽度 x 高度:,1.064
9489,Size:,zh,Chinese,qwen2.5-coder:7b,大小:,0.569
9490,Folder,zh,Chinese,qwen2.5-coder:7b,文件夹,0.589
9491,Total Size:,zh,Chinese,qwen2.5-coder:7b,总大小：,0.749
9492,Type:,zh,Chinese,qwen2.5-coder:7b,类型:,0.6
9493,Modified:,zh,Chinese,qwen2.5-coder:7b,修改：,0.598
9494,Owner:,zh,Chinese,qwen2.5-coder:7b,所有者：,0.691
9495,Permissions:,zh,Chinese,qwen2.5-coder:7b,权限：,0.655
9496,Rating:,zh,Chinese,qwen2.5-coder:7b,评分：,0.589
9497,Tags:,zh,Chinese,qwen2.5-coder:7b,标签：,0.589
9498,Comment:,zh,Chinese,qwen2.5-coder:7b,评论：,0.592
9499,Preview,zh,Chinese,qwen2.5-coder:7b,预览,0.568
9500,Configure...,zh,Chinese,qwen2.5-coder:7b,配置...,0.599
9501,Configure which data should be shown in the Information Panel.,zh,Chinese,qwen2.5-coder:7b,配置信息面板中应显示哪些数据。,1.574
9502,play,zh,Chinese,qwen2.5-coder:7b,播放,0.575
9503,stop,zh,Chinese,qwen2.5-coder:7b,停止,0.497
9504,Cut,zh,Chinese,qwen2.5-coder:7b,剪切,0.568
9505,Copy,zh,Chinese,qwen2.5-coder:7b,复制,0.489
9506,Paste,zh,Chinese,qwen2.5-coder:7b,粘贴,0.585
9507,Rename...,zh,Chinese,qwen2.5-coder:7b,重命名...,0.689
9508,Move to Trash,zh,Chinese,qwen2.5-coder:7b,移到回收站,0.777
9509,Show Hidden Files,zh,Chinese,qwen2.5-coder:7b,显示隐藏文件,0.767
9510,& Edit File Type...,zh,Chinese,qwen2.5-coder:7b,&编辑文件类型...,0.97
9511,Select Items Matching...,zh,Chinese,qwen2.5-coder:7b,选择匹配的项...,0.992
9512,Unselect Items Matching...,zh,Chinese,qwen2.5-coder:7b,取消选择匹配的项...,1.107
9513,Unselect All,zh,Chinese,qwen2.5-coder:7b,取消全选,0.711
9514,Invert Selection,zh,Chinese,qwen2.5-coder:7b,反转选择,0.66
9515,Applications,zh,Chinese,qwen2.5-coder:7b,应用程序,0.474
9516,& Network Folders,zh,Chinese,qwen2.5-coder:7b,&网络文件夹,0.902
9517,Settings,zh,Chinese,qwen2.5-coder:7b,设置,0.535
9518,Autostart,zh,Chinese,qwen2.5-coder:7b,自动启动,0.677
9519,Open & Terminal,zh,Chinese,qwen2.5-coder:7b,打开 & 终端,0.943
9520,Dolphin Part,zh,Chinese,qwen2.5-coder:7b,海豚部分,0.785
9521,Select,zh,Chinese,qwen2.5-coder:7b,选择,0.478
9522,Select all items matching this pattern:,zh,Chinese,qwen2.5-coder:7b,选择所有匹配此模式的项目：,1.317
9523,Unselect,zh,Chinese,qwen2.5-coder:7b,取消选择,0.655
9524,Unselect all items matching this pattern:,zh,Chinese,qwen2.5-coder:7b,取消选择所有匹配此模式的项目：,1.535
9525,& Edit,zh,Chinese,qwen2.5-coder:7b,&编辑,0.637
9526,Selection,zh,Chinese,qwen2.5-coder:7b,选择,0.531
9527,& View,zh,Chinese,qwen2.5-coder:7b,& 查看,0.843
9528,Sort By,zh,Chinese,qwen2.5-coder:7b,按排序,0.688
9529,Additional Information,zh,Chinese,qwen2.5-coder:7b,额外信息,0.697
9530,& Go,zh,Chinese,qwen2.5-coder:7b,& 前往,0.971
9531,Tools,zh,Chinese,qwen2.5-coder:7b,工具,0.542
9532,Dolphin Toolbar,zh,Chinese,qwen2.5-coder:7b,海豚工具栏,0.912
9533,Panels,zh,Chinese,qwen2.5-coder:7b,面板,0.53
9534,Location Bar,zh,Chinese,qwen2.5-coder:7b,位置栏,0.638
9535,Main Toolbar,zh,Chinese,qwen2.5-coder:7b,主工具栏,0.734
9536,Search Toolbar,zh,Chinese,qwen2.5-coder:7b,搜索工具栏,0.731
9537,Your names,zh,Chinese,qwen2.5-coder:7b,你的名字,0.63
9538,Your emails,zh,Chinese,qwen2.5-coder:7b,您的邮件,0.594
9539,Show preview,zh,Chinese,qwen2.5-coder:7b,显示预览,0.701
9540,Show hidden files,zh,Chinese,qwen2.5-coder:7b,显示隐藏文件,0.732
9541,Location,zh,Chinese,qwen2.5-coder:7b,位置,0.481
9542,What,zh,Chinese,qwen2.5-coder:7b,什么,0.485
9543,Criteria,zh,Chinese,qwen2.5-coder:7b,标准,0.503
9544,"When this option is enabled hidden files, such as those starting with a '.', will be shown in the file view.",zh,Chinese,qwen2.5-coder:7b,启用此选项时，隐藏文件（如以'.'开头的文件）将在文件视图中显示。,3.114
9545,"This option controls the style of the view. Currently supported values include icons (0), details (1) and column (2) views.",zh,Chinese,qwen2.5-coder:7b,此选项控制视图的样式。目前支持的值包括图标（0）、详细信息（1）和列（2）视图。,2.571
9546,"When this option is enabled, a preview of the file content is shown as an icon.",zh,Chinese,qwen2.5-coder:7b,当启用此选项时，文件内容的预览将以图标形式显示。,2.426
9547,Categorized Sorting,zh,Chinese,qwen2.5-coder:7b,分类排序,0.651
9548,"When this option is enabled, the sorted items are summarized by their category.",zh,Chinese,qwen2.5-coder:7b,当启用此选项时，按类别汇总排序的项目。,2.232
9549,Sort files by,zh,Chinese,qwen2.5-coder:7b,按文件排序,0.785
9550,"This option defines which attribute (name, size, date, etc.) sorting is performed on.",zh,Chinese,qwen2.5-coder:7b,此选项定义了对哪个属性（名称、大小、日期等）进行排序。,2.869
9551,Order in which to sort files,zh,Chinese,qwen2.5-coder:7b,文件排序顺序,0.875
9552,Show folders first when sorting files and folders,zh,Chinese,qwen2.5-coder:7b,在排序文件和文件夹时首先显示文件夹,1.814
9553,Additional information,zh,Chinese,qwen2.5-coder:7b,额外信息,0.636
9554,Properties last changed,zh,Chinese,qwen2.5-coder:7b,属性最后更改,0.777
9555,The last time these properties were changed by the user.,zh,Chinese,qwen2.5-coder:7b,上次这些属性被用户更改。,1.404
9556,Font family,zh,Chinese,qwen2.5-coder:7b,字体系列,0.657
9557,Use system font,zh,Chinese,qwen2.5-coder:7b,使用系统字体,0.745
9558,Font size,zh,Chinese,qwen2.5-coder:7b,字体大小,0.64
9559,Italic,zh,Chinese,qwen2.5-coder:7b,斜体,0.59
9560,Font weight,zh,Chinese,qwen2.5-coder:7b,字体粗细,0.752
9561,Icon size,zh,Chinese,qwen2.5-coder:7b,图标大小,0.67
9562,Preview size,zh,Chinese,qwen2.5-coder:7b,预览大小,0.742
9563,Expandable folders,zh,Chinese,qwen2.5-coder:7b,可展开的文件夹,0.986
9564,Position of columns,zh,Chinese,qwen2.5-coder:7b,列的位置,0.682
9565,Disabled plugins,zh,Chinese,qwen2.5-coder:7b,禁用的插件,0.911
9566,Arrangement,zh,Chinese,qwen2.5-coder:7b,排列,0.527
9567,Item height,zh,Chinese,qwen2.5-coder:7b,项目高度,0.603
9568,Item width,zh,Chinese,qwen2.5-coder:7b,项目宽度,0.588
9569,Grid spacing,zh,Chinese,qwen2.5-coder:7b,网格间距,0.619
9570,Number of textlines,zh,Chinese,qwen2.5-coder:7b,文本行数,0.799
9571,Column width,zh,Chinese,qwen2.5-coder:7b,列宽,0.634
9572,Should the URL be editable for the user,zh,Chinese,qwen2.5-coder:7b,用户是否应能编辑URL,1.235
9573,Text completion mode of the URL Navigator,zh,Chinese,qwen2.5-coder:7b,URL 导航器的文本完成模式,1.586
9574,Should the full path be shown inside the location bar,zh,Chinese,qwen2.5-coder:7b,是否在地址栏中显示完整路径,1.506
9575,Is the application started the first time,zh,Chinese,qwen2.5-coder:7b,应用程序是否第一次启动,0.984
9576,Home URL,zh,Chinese,qwen2.5-coder:7b,主页 URL,0.648
9577,Split the view into two panes,zh,Chinese,qwen2.5-coder:7b,将视图分为两个窗格,1.322
9578,Should the filter bar be shown,zh,Chinese,qwen2.5-coder:7b,过滤栏是否显示,0.992
9579,Should the view properties be used for all directories,zh,Chinese,qwen2.5-coder:7b,“是否应为所有目录使用视图属性”,1.725
9580,Browse through archives,zh,Chinese,qwen2.5-coder:7b,浏览存档,0.812
9581,Ask for confirmation when closing windows with multiple tabs.,zh,Chinese,qwen2.5-coder:7b,关闭包含多个标签页的窗口时询问确认。,1.881
9582,Rename inline,zh,Chinese,qwen2.5-coder:7b,重命名内联,0.836
9583,Show selection toggle,zh,Chinese,qwen2.5-coder:7b,显示选择切换,0.783
9584,Show tooltips,zh,Chinese,qwen2.5-coder:7b,显示工具提示,0.705
9585,Show'Copy To 'and'Move To' commands in context menu,zh,Chinese,qwen2.5-coder:7b,在上下文菜单中显示“复制到”和“移动到”命令,2.536
9586,Timestamp since when the view properties are valid,zh,Chinese,qwen2.5-coder:7b,视图属性自何时起有效,1.368
9587,Use auto-expanding folders for all view types,zh,Chinese,qwen2.5-coder:7b,使用自动扩展文件夹显示所有视图类型,1.724
9588,Show zoom slider in the statusbar,zh,Chinese,qwen2.5-coder:7b,在状态栏中显示缩放滑块,1.574
9589,Show the space information in the statusbar,zh,Chinese,qwen2.5-coder:7b,在状态栏中显示空间信息,1.351
9590,Successfully copied.,zh,Chinese,qwen2.5-coder:7b,成功复制。,0.742
9591,Successfully moved.,zh,Chinese,qwen2.5-coder:7b,成功移动。,0.715
9592,Successfully linked.,zh,Chinese,qwen2.5-coder:7b,成功连接。,0.685
9593,Successfully moved to trash.,zh,Chinese,qwen2.5-coder:7b,已成功移动到回收站。,1.174
9594,Successfully renamed.,zh,Chinese,qwen2.5-coder:7b,重命名成功。,0.915
9595,Created folder.,zh,Chinese,qwen2.5-coder:7b,创建文件夹。,0.85
9596,Go back,zh,Chinese,qwen2.5-coder:7b,返回,0.542
9597,Go forward,zh,Chinese,qwen2.5-coder:7b,前进,0.496
9598,Confirmation,zh,Chinese,qwen2.5-coder:7b,确认,0.489
9599,Close Current Tab,zh,Chinese,qwen2.5-coder:7b,关闭当前标签页,0.867
9600,"You have multiple tabs open in this window, are you sure you want to quit?",zh,Chinese,qwen2.5-coder:7b,你在这个窗口中打开了多个标签页，确定要退出吗？,2.405
9601,Do not ask again,zh,Chinese,qwen2.5-coder:7b,“不再询问”,0.91
9602,New Tab,zh,Chinese,qwen2.5-coder:7b,新建标签页,0.767
9603,Close Other Tabs,zh,Chinese,qwen2.5-coder:7b,关闭其他标签页,0.894
9604,Close Tab,zh,Chinese,qwen2.5-coder:7b,关闭标签页,0.716
9605,New & Window,zh,Chinese,qwen2.5-coder:7b,新建 & 窗口,1.081
9606,Select All,zh,Chinese,qwen2.5-coder:7b,全选,0.709
9607,Stop,zh,Chinese,qwen2.5-coder:7b,停止,0.503
9608,Stop loading,zh,Chinese,qwen2.5-coder:7b,停止加载,0.596
9609,Editable Location,zh,Chinese,qwen2.5-coder:7b,可编辑位置,0.737
9610,Replace Location,zh,Chinese,qwen2.5-coder:7b,替换位置,0.657
9611,Recently Closed Tabs,zh,Chinese,qwen2.5-coder:7b,最近关闭的标签页,0.976
9612,Show Search Bar,zh,Chinese,qwen2.5-coder:7b,显示搜索栏,0.735
9613,Show Filter Bar,zh,Chinese,qwen2.5-coder:7b,显示过滤栏,0.731
9614,Compare Files,zh,Chinese,qwen2.5-coder:7b,比较文件,0.642
9615,Open Terminal,zh,Chinese,qwen2.5-coder:7b,打开终端,0.645
9616,Activate Next Tab,zh,Chinese,qwen2.5-coder:7b,激活下一个标签页,0.837
9617,Activate Previous Tab,zh,Chinese,qwen2.5-coder:7b,激活上一个标签页,0.954
9618,Open in New Tab,zh,Chinese,qwen2.5-coder:7b,在新标签页中打开,1.143
9619,Open in New Window,zh,Chinese,qwen2.5-coder:7b,在新窗口中打开,0.899
9620,Search Bar,zh,Chinese,qwen2.5-coder:7b,搜索栏,0.63
9621,Information,zh,Chinese,qwen2.5-coder:7b,信息,0.488
9622,Terminal,zh,Chinese,qwen2.5-coder:7b,终端,0.531
9623,Places,zh,Chinese,qwen2.5-coder:7b,地点,0.525
9624,Close,zh,Chinese,qwen2.5-coder:7b,关闭,0.509
9625,Close right view,zh,Chinese,qwen2.5-coder:7b,关闭右侧视图,0.855
9626,Close left view,zh,Chinese,qwen2.5-coder:7b,关闭左侧视图,0.847
9627,Split,zh,Chinese,qwen2.5-coder:7b,分割,0.516
9628,Split view,zh,Chinese,qwen2.5-coder:7b,分屏视图,0.801
9629,Tag,zh,Chinese,qwen2.5-coder:7b,标签,0.486
9630,Search...,zh,Chinese,qwen2.5-coder:7b,搜索...,0.584
9631,Everywhere,zh,Chinese,qwen2.5-coder:7b,everywhere,0.523
9632,From Here,zh,Chinese,qwen2.5-coder:7b,从这里,0.647
9633,All,zh,Chinese,qwen2.5-coder:7b,所有,0.514
9634,Images,zh,Chinese,qwen2.5-coder:7b,图片,0.525
9635,Text,zh,Chinese,qwen2.5-coder:7b,文本,0.491
9636,Filenames,zh,Chinese,qwen2.5-coder:7b,文件名,0.61
9637,Search:,zh,Chinese,qwen2.5-coder:7b,搜索:,0.593
9638,What:,zh,Chinese,qwen2.5-coder:7b,“什么:”,0.786
9639,Add search option,zh,Chinese,qwen2.5-coder:7b,添加搜索选项,0.764
9640,Search,zh,Chinese,qwen2.5-coder:7b,搜索,0.503
9641,Start searching,zh,Chinese,qwen2.5-coder:7b,开始搜索,0.634
9642,Save,zh,Chinese,qwen2.5-coder:7b,保存,0.52
9643,Save search options,zh,Chinese,qwen2.5-coder:7b,保存搜索选项,0.738
9644,Close search options,zh,Chinese,qwen2.5-coder:7b,关闭搜索选项,0.782
9645,Name:,zh,Chinese,qwen2.5-coder:7b,姓名：,0.615
9646,Save Search Options,zh,Chinese,qwen2.5-coder:7b,保存搜索选项,0.785
9647,Remove search option,zh,Chinese,qwen2.5-coder:7b,移除搜索选项,0.858
9648,Greater Than,zh,Chinese,qwen2.5-coder:7b,大于,0.521
9649,Greater Than or Equal to,zh,Chinese,qwen2.5-coder:7b,大于或等于,0.738
9650,Less Than,zh,Chinese,qwen2.5-coder:7b,小于,0.512
9651,Less Than or Equal to,zh,Chinese,qwen2.5-coder:7b,小于或等于,0.743
9652,Anytime,zh,Chinese,qwen2.5-coder:7b,任何时候,0.582
9653,This Week,zh,Chinese,qwen2.5-coder:7b,本周,0.514
9654,This Month,zh,Chinese,qwen2.5-coder:7b,本月,0.489
9655,This Year,zh,Chinese,qwen2.5-coder:7b,今年,0.486
9656,Date:,zh,Chinese,qwen2.5-coder:7b,日期：,0.611
9657,Any,zh,Chinese,qwen2.5-coder:7b,任何,0.495
9658,Equal to,zh,Chinese,qwen2.5-coder:7b,等于,0.513
9659,Not Equal to,zh,Chinese,qwen2.5-coder:7b,不等于,0.657
9660,Tag:,zh,Chinese,qwen2.5-coder:7b,标签：,0.581
9661,No Tags Available,zh,Chinese,qwen2.5-coder:7b,没有可用的标签,0.895
9662,Byte,zh,Chinese,qwen2.5-coder:7b,字节,0.645
9663,KByte,zh,Chinese,qwen2.5-coder:7b,字节,0.612
9664,MByte,zh,Chinese,qwen2.5-coder:7b,MB字节,0.7
9665,GByte,zh,Chinese,qwen2.5-coder:7b,GB字节,0.713
9666,Deselect Item,zh,Chinese,qwen2.5-coder:7b,取消选择项,0.738
9667,Select Item,zh,Chinese,qwen2.5-coder:7b,选择项目,0.636
9668,Icon Size,zh,Chinese,qwen2.5-coder:7b,图标大小,0.64
9669,Default:,zh,Chinese,qwen2.5-coder:7b,默认:,0.589
9670,Preview:,zh,Chinese,qwen2.5-coder:7b,预览：,0.721
9671,Show zoom slider,zh,Chinese,qwen2.5-coder:7b,显示缩放滑块,0.982
9672,Show space information,zh,Chinese,qwen2.5-coder:7b,显示空间信息,0.74
9673,System Font,zh,Chinese,qwen2.5-coder:7b,系统字体,0.604
9674,Custom Font,zh,Chinese,qwen2.5-coder:7b,自定义字体,0.709
9675,Choose...,zh,Chinese,qwen2.5-coder:7b,选择...,0.601
9676,Configure which services should be shown in the context menu.,zh,Chinese,qwen2.5-coder:7b,配置上下文菜单中应显示哪些服务。,1.694
9677,Download New Services...,zh,Chinese,qwen2.5-coder:7b,下载新服务...,0.862
9678,Status Bar,zh,Chinese,qwen2.5-coder:7b,状态栏,0.617
9679,Show previews for:,zh,Chinese,qwen2.5-coder:7b,显示预览：,0.867
9680,Maximum file size:,zh,Chinese,qwen2.5-coder:7b,最大文件大小：,0.841
9681,Use thumbnails embedded in files,zh,Chinese,qwen2.5-coder:7b,在文件中嵌入缩略图,1.381
9682,Applying View Properties,zh,Chinese,qwen2.5-coder:7b,应用视图属性,0.928
9683,Counting folders: %1,zh,Chinese,qwen2.5-coder:7b,正在计数文件夹: %1,1.357
9684,Folders: %1,zh,Chinese,qwen2.5-coder:7b,文件夹: %1,0.968
9685,Font:,zh,Chinese,qwen2.5-coder:7b,字体:,0.624
9686,Text width:,zh,Chinese,qwen2.5-coder:7b,文本宽度：,0.744
9687,Large,zh,Chinese,qwen2.5-coder:7b,大,0.487
9688,Huge,zh,Chinese,qwen2.5-coder:7b,巨大,0.552
9689,Number of lines:,zh,Chinese,qwen2.5-coder:7b,行数：,0.748
9690,Grid,zh,Chinese,qwen2.5-coder:7b,网格,0.485
9691,Arrangement:,zh,Chinese,qwen2.5-coder:7b,排列:,0.622
9692,Rows,zh,Chinese,qwen2.5-coder:7b,行数,0.585
9693,Grid spacing:,zh,Chinese,qwen2.5-coder:7b,网格间距：,0.725
9694,Dolphin Preferences,zh,Chinese,qwen2.5-coder:7b,海豚偏好设置,0.854
9695,Startup,zh,Chinese,qwen2.5-coder:7b,启动,0.483
9696,View Modes,zh,Chinese,qwen2.5-coder:7b,查看模式,0.64
9697,Navigation,zh,Chinese,qwen2.5-coder:7b,导航,0.489
9698,Services,zh,Chinese,qwen2.5-coder:7b,服务,0.508
9699,General,zh,Chinese,qwen2.5-coder:7b,通用,0.498
9700,Mouse,zh,Chinese,qwen2.5-coder:7b,鼠标,0.517
9701,Single-click to open files and folders,zh,Chinese,qwen2.5-coder:7b,单击打开文件和文件夹,1.274
9702,Double-click to open files and folders,zh,Chinese,qwen2.5-coder:7b,双击打开文件和文件夹,1.27
9703,Open archives as folder,zh,Chinese,qwen2.5-coder:7b,以文件夹形式打开存档,1.201
9704,Open folders during drag operations,zh,Chinese,qwen2.5-coder:7b,拖放操作时打开文件夹,1.193
9705,Home Folder,zh,Chinese,qwen2.5-coder:7b,主文件夹,0.702
9706,Location:,zh,Chinese,qwen2.5-coder:7b,位置：,0.612
9707,Use Current Location,zh,Chinese,qwen2.5-coder:7b,使用当前位置,0.638
9708,Use Default Location,zh,Chinese,qwen2.5-coder:7b,使用默认位置,0.704
9709,Split view mode,zh,Chinese,qwen2.5-coder:7b,分屏模式,0.82
9710,Editable location bar,zh,Chinese,qwen2.5-coder:7b,可编辑的位置栏,0.891
9711,Show full path inside location bar,zh,Chinese,qwen2.5-coder:7b,在位置栏中显示完整路径,1.263
9712,Show filter bar,zh,Chinese,qwen2.5-coder:7b,显示过滤栏,0.72
9713,"The location for the home folder is invalid or does not exist, it will not be applied.",zh,Chinese,qwen2.5-coder:7b,家目录的位置无效或不存在，将不会应用。,2.193
9714,Show'Delete 'command,zh,Chinese,qwen2.5-coder:7b,显示'删除'命令,1.071
9715,Show'Copy To 'and'Move To' commands,zh,Chinese,qwen2.5-coder:7b,显示'复制到'和'移动到'命令,1.917
9716,View Properties,zh,Chinese,qwen2.5-coder:7b,查看属性,0.594
9717,Remember view properties for each folder,zh,Chinese,qwen2.5-coder:7b,记住每个文件夹的视图属性,1.367
9718,Use common view properties for all folders,zh,Chinese,qwen2.5-coder:7b,为所有文件夹使用通用视图属性,1.472
9719,Ask For Confirmation When,zh,Chinese,qwen2.5-coder:7b,在以下情况下询问确认：,1.047
9720,Moving files or folders to trash,zh,Chinese,qwen2.5-coder:7b,将文件或文件夹移到回收站,1.312
9721,Deleting files or folders,zh,Chinese,qwen2.5-coder:7b,删除文件或文件夹,1.013
9722,Closing windows with multiple tabs,zh,Chinese,qwen2.5-coder:7b,关闭包含多个标签页的窗口,1.303
9723,Show selection marker,zh,Chinese,qwen2.5-coder:7b,显示选择标记,0.807
9724,Natural sorting of items,zh,Chinese,qwen2.5-coder:7b,项目自然排序,0.811
9725,Configure which data should be shown in the tooltip.,zh,Chinese,qwen2.5-coder:7b,配置要在工具提示中显示哪些数据。,1.598
9726,View mode:,zh,Chinese,qwen2.5-coder:7b,查看模式：,0.755
9727,Sorting:,zh,Chinese,qwen2.5-coder:7b,排序:,0.637
9728,Ascending,zh,Chinese,qwen2.5-coder:7b,升序,0.59
9729,Descending,zh,Chinese,qwen2.5-coder:7b,降序,0.579
9730,By Name,zh,Chinese,qwen2.5-coder:7b,按名称,0.631
9731,By Size,zh,Chinese,qwen2.5-coder:7b,按大小排序,0.678
9732,By Date,zh,Chinese,qwen2.5-coder:7b,按日期排序,0.702
9733,By Permissions,zh,Chinese,qwen2.5-coder:7b,权限,0.498
9734,By Owner,zh,Chinese,qwen2.5-coder:7b,由所有者,0.899
9735,By Group,zh,Chinese,qwen2.5-coder:7b,按组,0.594
9736,By Type,zh,Chinese,qwen2.5-coder:7b,按类型,0.617
9737,Show folders first,zh,Chinese,qwen2.5-coder:7b,首先显示文件夹,0.829
9738,Show in groups,zh,Chinese,qwen2.5-coder:7b,按组显示,0.728
9739,Apply View Properties To,zh,Chinese,qwen2.5-coder:7b,将视图属性应用到,1.127
9740,Current folder,zh,Chinese,qwen2.5-coder:7b,当前文件夹,0.75
9741,Current folder including all sub folders,zh,Chinese,qwen2.5-coder:7b,当前文件夹及其所有子文件夹,1.334
9742,All folders,zh,Chinese,qwen2.5-coder:7b,所有文件夹,0.727
9743,Use as default for new folders,zh,Chinese,qwen2.5-coder:7b,作为新文件夹的默认设置,1.469
9744,The view properties of all sub folders will be changed. Do you want to continue?,zh,Chinese,qwen2.5-coder:7b,所有子文件夹的视图属性将被更改。您确定要继续吗？,2.812
9745,The view properties of all folders will be changed. Do you want to continue?,zh,Chinese,qwen2.5-coder:7b,所有文件夹的视图属性将被更改。您确定要继续吗？,2.542
9746,Date,zh,Chinese,qwen2.5-coder:7b,日期,0.501
9747,Group,zh,Chinese,qwen2.5-coder:7b,组,0.517
9748,Unknown size,zh,Chinese,qwen2.5-coder:7b,未知大小,0.634
9749,%1 free,zh,Chinese,qwen2.5-coder:7b,%1 免费,0.994
9750,Create Folder...,zh,Chinese,qwen2.5-coder:7b,创建文件夹...,0.85
9751,Delete (using shortcut for Trash),zh,Chinese,qwen2.5-coder:7b,删除（使用回收站快捷键）,1.354
9752,Show preview of files and folders,zh,Chinese,qwen2.5-coder:7b,显示文件和文件夹的预览,1.353
9753,Folders First,zh,Chinese,qwen2.5-coder:7b,文件夹优先,0.724
9754,Show in Groups,zh,Chinese,qwen2.5-coder:7b,按组显示,0.811
9755,Adjust View Properties...,zh,Chinese,qwen2.5-coder:7b,调整视图属性...,0.936
9756,Find File...,zh,Chinese,qwen2.5-coder:7b,查找文件...,0.71
9757,Name,zh,Chinese,qwen2.5-coder:7b,名称,0.505
9758,Icons view mode,zh,Chinese,qwen2.5-coder:7b,图标视图模式,0.928
9759,Details view mode,zh,Chinese,qwen2.5-coder:7b,详细视图模式,0.938
9760,Columns view mode,zh,Chinese,qwen2.5-coder:7b,列视图模式,0.889
9761,Navigation Bar,zh,Chinese,qwen2.5-coder:7b,导航栏,0.623
9762,Date Modified,zh,Chinese,qwen2.5-coder:7b,修改日期,0.63
9763,File Size,zh,Chinese,qwen2.5-coder:7b,文件大小,0.645
9764,Copy operation completed.,zh,Chinese,qwen2.5-coder:7b,复制操作已完成。,0.869
9765,Move operation completed.,zh,Chinese,qwen2.5-coder:7b,移动操作已完成。,0.849
9766,Link operation completed.,zh,Chinese,qwen2.5-coder:7b,链接操作已完成。,0.849
9767,Move to trash operation completed.,zh,Chinese,qwen2.5-coder:7b,移动到回收站操作已完成。,1.298
9768,Renaming operation completed.,zh,Chinese,qwen2.5-coder:7b,重命名操作已完成。,1.048
9769,Texts,zh,Chinese,qwen2.5-coder:7b,文本,0.551
9770,Show comment,zh,Chinese,qwen2.5-coder:7b,显示评论,0.667
9771,Show tags,zh,Chinese,qwen2.5-coder:7b,显示标签,0.628
9772,with optional icon and description,zh,Chinese,qwen2.5-coder:7b,带有可选图标和描述,1.12
9773,No Tags,zh,Chinese,qwen2.5-coder:7b,没有标签,0.626
9774,Detailed description (optional):,zh,Chinese,qwen2.5-coder:7b,详细描述（可选）：,1.219
9775,Editing,zh,Chinese,qwen2.5-coder:7b,编辑,0.484
9776,Not yet tagged,zh,Chinese,qwen2.5-coder:7b,未标记,0.654
9777,Move To Trash,zh,Chinese,qwen2.5-coder:7b,移到回收站,0.781
9778,& Rename...,zh,Chinese,qwen2.5-coder:7b,&重命名...,0.859
9779,& Delete,zh,Chinese,qwen2.5-coder:7b,&删除,0.59
9780,& Properties,zh,Chinese,qwen2.5-coder:7b,&属性,0.584
9781,Preview,zh,Chinese,qwen2.5-coder:7b,预览,0.655
9782,Descending,zh,Chinese,qwen2.5-coder:7b,降序,0.6
9783,Show & Hidden Files,zh,Chinese,qwen2.5-coder:7b,显示隐藏文件,0.81
9784,& Size,zh,Chinese,qwen2.5-coder:7b,&大小,0.634
9785,Date,zh,Chinese,qwen2.5-coder:7b,日期,0.533
9786,Permissions,zh,Chinese,qwen2.5-coder:7b,权限,0.496
9787,& Owner,zh,Chinese,qwen2.5-coder:7b,&所有者,0.773
9788,Group,zh,Chinese,qwen2.5-coder:7b,组,0.523
9789,& Type,zh,Chinese,qwen2.5-coder:7b,& 输入,0.617
9790,& Date,zh,Chinese,qwen2.5-coder:7b,&日期,0.638
9791,& Group,zh,Chinese,qwen2.5-coder:7b,&组,0.608
9792,& Icons,zh,Chinese,qwen2.5-coder:7b,&图标,0.614
9793,Details,zh,Chinese,qwen2.5-coder:7b,详细信息,0.634
9794,Columns,zh,Chinese,qwen2.5-coder:7b,列,0.513
9795,Information Panel,zh,Chinese,qwen2.5-coder:7b,信息面板,0.622
9796,Quick View,zh,Chinese,qwen2.5-coder:7b,快速预览,0.727
9797,Paste One Folder,zh,Chinese,qwen2.5-coder:7b,粘贴一个文件夹,0.986
9798,Paste One File,zh,Chinese,qwen2.5-coder:7b,粘贴一个文件,0.79
9799,Album:,zh,Chinese,qwen2.5-coder:7b,相册:,0.686
9800,Artist:,zh,Chinese,qwen2.5-coder:7b,艺术家:,0.611
9801,Genre:,zh,Chinese,qwen2.5-coder:7b,类型:,0.573
9802,Lines:,zh,Chinese,qwen2.5-coder:7b,行数：,0.701
9803,Title:,zh,Chinese,qwen2.5-coder:7b,标题:,0.598
9804,Track:,zh,Chinese,qwen2.5-coder:7b,轨道:,0.679
9805,Width:,zh,Chinese,qwen2.5-coder:7b,宽度:,0.572
9806,All settings will be reset to default values. Do you want to continue?,zh,Chinese,qwen2.5-coder:7b,所有设置将被重置为默认值。您确定要继续吗？,2.44
9807,modified,zh,Chinese,qwen2.5-coder:7b,修改,0.545
9808,Web style plugin,zh,Chinese,qwen2.5-coder:7b,网页风格插件,0.922
9809,Use wider lines,zh,Chinese,qwen2.5-coder:7b,使用更宽的线条,1.011
9810,Dialog,zh,Chinese,qwen2.5-coder:7b,对话框,0.604
9811,General,zh,Chinese,qwen2.5-coder:7b,通用,0.496
9812,Draw toolbar item separators,zh,Chinese,qwen2.5-coder:7b,绘制工具栏项分隔符,1.159
9813,Enable animations,zh,Chinese,qwen2.5-coder:7b,启用动画,0.689
9814,Use'X 'in checkboxes instead of check,zh,Chinese,qwen2.5-coder:7b,在复选框中使用'X'代替复选,1.896
9815,Animate tab transitions,zh,Chinese,qwen2.5-coder:7b,动画选项卡过渡,1.064
9816,Views,zh,Chinese,qwen2.5-coder:7b,视图,0.623
9817,Use triangle tree expander instead of +/ -,zh,Chinese,qwen2.5-coder:7b,使用三角树展开器代替 +/-,1.385
9818,Draw tree branch lines,zh,Chinese,qwen2.5-coder:7b,绘制树干线条,0.909
9819,Draw focus indicator,zh,Chinese,qwen2.5-coder:7b,绘制焦点指示器,0.833
9820,Tabs,zh,Chinese,qwen2.5-coder:7b,选项卡,0.624
9821,Tab style:,zh,Chinese,qwen2.5-coder:7b,标签样式：,0.74
9822,Single,zh,Chinese,qwen2.5-coder:7b,单个,0.589
9823,Plain,zh,Chinese,qwen2.5-coder:7b,普通,0.491
9824,Scrollbars,zh,Chinese,qwen2.5-coder:7b,滚动条,0.614
9825,Width:,zh,Chinese,qwen2.5-coder:7b,宽度:,0.606
9826,Draw scrollbar bevel,zh,Chinese,qwen2.5-coder:7b,绘制滚动条凹槽,0.977
9827,Colorful hovered scrollbars,zh,Chinese,qwen2.5-coder:7b,彩色悬停滚动条,1.036
9828,Menu Highlight,zh,Chinese,qwen2.5-coder:7b,菜单高亮显示,0.83
9829,Dark,zh,Chinese,qwen2.5-coder:7b,黑暗,0.494
9830,Use selection color,zh,Chinese,qwen2.5-coder:7b,使用选择颜色,0.741
9831,Subtle,zh,Chinese,qwen2.5-coder:7b,微妙的,0.663
9832,Animate progress bars,zh,Chinese,qwen2.5-coder:7b,动画进度条,0.789
9833,Draw toolbar separator,zh,Chinese,qwen2.5-coder:7b,绘制工具栏分隔符,1.032
9834,Highlight focused text input fields,zh,Chinese,qwen2.5-coder:7b,突出显示聚焦的文本输入字段,1.188
9835,Custom text input highlight color:,zh,Chinese,qwen2.5-coder:7b,自定义文本输入高亮颜色：,1.306
9836,Custom mouseover highlight color:,zh,Chinese,qwen2.5-coder:7b,自定义鼠标悬停高亮颜色：,1.424
9837,Custom checkmark color:,zh,Chinese,qwen2.5-coder:7b,自定义勾选框颜色：,1.228
9838,The global shortcut for %1 was issued.,zh,Chinese,qwen2.5-coder:7b,“全球快捷键 %1 已分配。”,1.714
9839,The application %1 has registered a new global shortcut,zh,Chinese,qwen2.5-coder:7b,应用程序 %1 已注册一个新的全局快捷键,1.716
9840,Open Global Shortcuts Editor,zh,Chinese,qwen2.5-coder:7b,打开全局快捷键编辑器,1.18
9841,KDE Global Shortcuts Service,zh,Chinese,qwen2.5-coder:7b,KDE 全局快捷键服务,1.39
9842,"(C) 2007-2009 Andreas Hartmetz, Michael Jansen",zh,Chinese,qwen2.5-coder:7b,"© 2007-2009 Andreas Hartmetz, Michael Jansen",3.063
9843,Andreas Hartmetz,zh,Chinese,qwen2.5-coder:7b,Andreas Hartmetz,1.081
9844,Maintainer,zh,Chinese,qwen2.5-coder:7b,维护者,0.627
9845,Michael Jansen,zh,Chinese,qwen2.5-coder:7b,迈克尔·詹森,1.117
9846,Your names,zh,Chinese,qwen2.5-coder:7b,你的名字,0.636
9847,Your emails,zh,Chinese,qwen2.5-coder:7b,您的邮件,0.577
9848,Launch Feedback You can configure the application-launch feedback here.,zh,Chinese,qwen2.5-coder:7b,启动反馈 你可以在本处配置应用程序启动反馈。,2.088
9849,Busy Cursor,zh,Chinese,qwen2.5-coder:7b,忙碌的光标,0.85
9850,"Busy Cursor KDE offers a busy cursor for application startup notification. To enable the busy cursor, select one kind of visual feedback from the combobox. It may occur, that some applications are not aware of this startup notification. In this case, the cursor stops blinking after the time given in the section'Startup indication timeout '",zh,Chinese,qwen2.5-coder:7b,KDE 忙碌光标在应用程序启动通知时提供一个忙碌光标。要启用忙碌光标，请从下拉框中选择一种视觉反馈。可能会出现某些应用程序不知道这种启动通知的情况。在这种情况下，光标在“启动指示超时”部分指定的时间后停止闪烁。,5.456
9851,No Busy Cursor,zh,Chinese,qwen2.5-coder:7b,无忙光标,0.852
9852,Passive Busy Cursor,zh,Chinese,qwen2.5-coder:7b,被动忙光标,0.901
9853,Blinking Cursor,zh,Chinese,qwen2.5-coder:7b,闪烁光标,0.844
9854,Bouncing Cursor,zh,Chinese,qwen2.5-coder:7b,弹跳光标,0.875
9855,& Startup indication timeout:,zh,Chinese,qwen2.5-coder:7b,& 启动指示超时:,1.332
9856,sec,zh,Chinese,qwen2.5-coder:7b,秒,0.559
9857,Taskbar & Notification,zh,Chinese,qwen2.5-coder:7b,任务栏 & 通知,1.045
9858,"Taskbar Notification You can enable a second method of startup notification which is used by the taskbar where a button with a rotating hourglass appears, symbolizing that your started application is loading. It may occur, that some applications are not aware of this startup notification. In this case, the button disappears after the time given in the section'Startup indication timeout '",zh,Chinese,qwen2.5-coder:7b,任务栏通知 你可以启用一种启动通知的第二种方法，该方法由任务栏使用，其中会出现一个带有旋转沙漏的按钮，象征着你的启动应用程序正在加载。可能会出现一些应用程序不知道这种启动通知的情况。在这种情况下，按钮在“启动指示超时”部分指定的时间后消失。,5.751
9859,Enable & taskbar notification,zh,Chinese,qwen2.5-coder:7b,启用任务栏通知,0.935
9860,Startup indication timeout:,zh,Chinese,qwen2.5-coder:7b,启动指示超时：,0.992
9861,kcm_partition,zh,Chinese,qwen2.5-coder:7b,磁盘分区,0.775
9862,KDE Partitions Information Control Module,zh,Chinese,qwen2.5-coder:7b,KDE 分区信息控制模块,1.338
9863,(c) 2008 Nicolas Ternisien,zh,Chinese,qwen2.5-coder:7b,© 2008 尼古拉·特内西埃,2.403
9864,Nicolas Ternisien,zh,Chinese,qwen2.5-coder:7b,尼古拉·特内西埃,1.422
9865,This list displays partitions of your system.,zh,Chinese,qwen2.5-coder:7b,此列表显示您的系统分区。,1.301
9866,Mount Point,zh,Chinese,qwen2.5-coder:7b,挂载点,0.732
9867,Label,zh,Chinese,qwen2.5-coder:7b,标签,0.508
9868,Type,zh,Chinese,qwen2.5-coder:7b,输入,0.491
9869,Total Size,zh,Chinese,qwen2.5-coder:7b,总大小,0.615
9870,Free Size,zh,Chinese,qwen2.5-coder:7b,免费尺寸,0.662
9871,Used Size,zh,Chinese,qwen2.5-coder:7b,已用空间,0.774
9872,%1 (%2),zh,Chinese,qwen2.5-coder:7b,%1 (%2),0.969
9873,none,zh,Chinese,qwen2.5-coder:7b,无,0.552
9874,IDE,zh,Chinese,qwen2.5-coder:7b,IDE,0.493
9875,USB,zh,Chinese,qwen2.5-coder:7b,USB,0.516
9876,IEEE 1394,zh,Chinese,qwen2.5-coder:7b,IEEE 1394,1.233
9877,SCSI,zh,Chinese,qwen2.5-coder:7b,SCSI,0.669
9878,S-ATA,zh,Chinese,qwen2.5-coder:7b,S-ATA,0.779
9879,Platform,zh,Chinese,qwen2.5-coder:7b,平台,0.496
9880,Unknown Bus,zh,Chinese,qwen2.5-coder:7b,未知总线,0.749
9881,Hard Disk,zh,Chinese,qwen2.5-coder:7b,硬盘,0.56
9882,CD/ DVD Drive,zh,Chinese,qwen2.5-coder:7b,CD/ DVD 驱动器,1.389
9883,Floppy Drive,zh,Chinese,qwen2.5-coder:7b,软盘驱动器,0.892
9884,Tape,zh,Chinese,qwen2.5-coder:7b,磁带,0.647
9885,Compact Flash,zh,Chinese,qwen2.5-coder:7b,Compact Flash,0.651
9886,Memory Stick,zh,Chinese,qwen2.5-coder:7b,记忆棒,0.659
9887,Smart Media,zh,Chinese,qwen2.5-coder:7b,智能媒体,0.647
9888,SD/ MMC,zh,Chinese,qwen2.5-coder:7b,SD/ MMC,0.791
9889,Xd,zh,Chinese,qwen2.5-coder:7b,Xd,0.536
9890,Unknown Type,zh,Chinese,qwen2.5-coder:7b,未知类型,0.663
9891,This display shows information about partitions and hard disks of your system.,zh,Chinese,qwen2.5-coder:7b,此显示显示有关您系统分区和硬盘的信息。,1.83
9892,Your names,zh,Chinese,qwen2.5-coder:7b,你的名字,0.644
9893,Your emails,zh,Chinese,qwen2.5-coder:7b,您的邮件,0.635
9894,unknown,zh,Chinese,qwen2.5-coder:7b,未知,0.53
9895,KDE Control Module,zh,Chinese,qwen2.5-coder:7b,KDE 控制模块,0.982
9896,A tool to start single KDE control modules,zh,Chinese,qwen2.5-coder:7b,一个启动单个 KDE 控制模块的工具,1.634
9897,"(c) 1999-2004, The KDE Developers",zh,Chinese,qwen2.5-coder:7b,"© 1999-2004, KDE 开发者",2.626
9898,Frans Englich,zh,Chinese,qwen2.5-coder:7b,法语英语,0.876
9899,Maintainer,zh,Chinese,qwen2.5-coder:7b,维护者,0.637
9900,Daniel Molkentin,zh,Chinese,qwen2.5-coder:7b,丹尼尔·莫尔克滕,1.327
9901,Matthias Hoelzer-Kluepfel,zh,Chinese,qwen2.5-coder:7b,马蒂亚斯·霍尔泽-克吕夫尔,2.163
9902,Matthias Elter,zh,Chinese,qwen2.5-coder:7b,马蒂亚斯·埃尔特,1.115
9903,Matthias Ettrich,zh,Chinese,qwen2.5-coder:7b,马蒂亚斯·伊特里奇,1.351
9904,Waldo Bastian,zh,Chinese,qwen2.5-coder:7b,沃尔多·巴斯坦,1.018
9905,List all possible modules,zh,Chinese,qwen2.5-coder:7b,列出所有可能的模块,1.029
9906,Configuration module to open,zh,Chinese,qwen2.5-coder:7b,配置模块打开,0.823
9907,Specify a particular language,zh,Chinese,qwen2.5-coder:7b,指定特定语言,0.781
9908,Do not display main window,zh,Chinese,qwen2.5-coder:7b,不要显示主窗口,0.897
9909,The following modules are available:,zh,Chinese,qwen2.5-coder:7b,以下模块可用：,0.926
9910,No description available,zh,Chinese,qwen2.5-coder:7b,无描述可用,0.786
9911,Your names,zh,Chinese,qwen2.5-coder:7b,你的名字,0.627
9912,Your emails,zh,Chinese,qwen2.5-coder:7b,您的邮件,0.614
9913,Embeds the module with buttons in window with id,zh,Chinese,qwen2.5-coder:7b,将模块与带有ID的窗口中的按钮嵌入,1.92
9914,Embeds the module without buttons in window with id,zh,Chinese,qwen2.5-coder:7b,将模块嵌入到ID为的窗口中，不带按钮,1.921
9915,Configure - %1,zh,Chinese,qwen2.5-coder:7b,配置 - %1,0.919
9916,Plasma Engine Explorer,zh,Chinese,qwen2.5-coder:7b,等离子引擎探索器,1.049
9917,Search,zh,Chinese,qwen2.5-coder:7b,搜索,0.493
9918,Collapse All,zh,Chinese,qwen2.5-coder:7b,全部折叠,0.668
9919,Expand All,zh,Chinese,qwen2.5-coder:7b,展开所有,0.655
9920,DataSource,zh,Chinese,qwen2.5-coder:7b,数据源,0.593
9921,Key,zh,Chinese,qwen2.5-coder:7b,密钥,0.589
9922,Value,zh,Chinese,qwen2.5-coder:7b,值,0.486
9923,Type,zh,Chinese,qwen2.5-coder:7b,输入,0.483
9924,Get associated service,zh,Chinese,qwen2.5-coder:7b,获取相关服务,0.821
9925,Update source now,zh,Chinese,qwen2.5-coder:7b,现在更新源代码,0.858
9926,Remove source,zh,Chinese,qwen2.5-coder:7b,移除源文件,0.82
9927,< empty >,zh,Chinese,qwen2.5-coder:7b,空,0.553
9928,Plasma DataEngine Explorer,zh,Chinese,qwen2.5-coder:7b,Plasma 数据引擎探索器,1.398
9929,Search Columns,zh,Chinese,qwen2.5-coder:7b,搜索列,0.623
9930,All Visible Columns,zh,Chinese,qwen2.5-coder:7b,所有可见列,0.787
9931,Search:,zh,Chinese,qwen2.5-coder:7b,搜索:,0.587
9932,Explore the data published by Plasma DataEngines,zh,Chinese,qwen2.5-coder:7b,探索由Plasma DataEngines发布的数据,1.526
9933,No description available,zh,Chinese,qwen2.5-coder:7b,无描述可用,0.768
9934,"(c) 2006, The KDE Team",zh,Chinese,qwen2.5-coder:7b,"© 2006, KDE 团队",1.926
9935,Aaron J. Seigo,zh,Chinese,qwen2.5-coder:7b,亚伦·J·西格,1.276
9936,Author and maintainer,zh,Chinese,qwen2.5-coder:7b,作者和维护者,0.891
9937,Displays a list of known engines and their descriptions,zh,Chinese,qwen2.5-coder:7b,显示已知引擎及其描述的列表,1.435
9938,The desired height in pixels,zh,Chinese,qwen2.5-coder:7b,所需的像素高度,0.801
9939,The desired width in pixels,zh,Chinese,qwen2.5-coder:7b,所需的像素宽度,0.765
9940,The desired x position in pixels,zh,Chinese,qwen2.5-coder:7b,所需 x 坐标（像素）,1.688
9941,The desired y position in pixels,zh,Chinese,qwen2.5-coder:7b,所需像素位置的y坐标,1.286
9942,The data engine to use,zh,Chinese,qwen2.5-coder:7b,要使用的数据引擎,0.887
9943,The source to request,zh,Chinese,qwen2.5-coder:7b,请求源,0.681
9944,Update interval in milliseconds,zh,Chinese,qwen2.5-coder:7b,毫秒更新间隔,0.966
9945,Only show engines associated with the parent application; maps to the X-KDE-ParentApp entry in the DataEngine's. desktop file.,zh,Chinese,qwen2.5-coder:7b,仅显示与父应用程序关联的引擎；对应于DataEngine的.desktop文件中的X-KDE-ParentApp条目。,2.282
9946,Source name,zh,Chinese,qwen2.5-coder:7b,源文件名,0.633
9947,Update on demand,zh,Chinese,qwen2.5-coder:7b,按需更新,0.691
9948,ms,zh,Chinese,qwen2.5-coder:7b,ms,0.654
9949,Update every,zh,Chinese,qwen2.5-coder:7b,每更新一次,0.93
9950,Request,zh,Chinese,qwen2.5-coder:7b,请求,0.501
9951,& Operation:,zh,Chinese,qwen2.5-coder:7b,&操作:,0.749
9952,Operation count,zh,Chinese,qwen2.5-coder:7b,操作次数,0.709
9953,Your names,zh,Chinese,qwen2.5-coder:7b,你的名字,0.671
9954,Your emails,zh,Chinese,qwen2.5-coder:7b,您的邮件,0.625
9955,Start Operation,zh,Chinese,qwen2.5-coder:7b,开始操作,0.634
9956,Unknown,zh,Chinese,qwen2.5-coder:7b,未知,0.488
9957,%1 Service Explorer,zh,Chinese,qwen2.5-coder:7b,%1 服务资源管理器,1.259
9958,DataEngine: %1; Source: %2; Service %3,zh,Chinese,qwen2.5-coder:7b,数据引擎: %1; 源: %2; 服务 %3,2.684
9959,%1 operation with destination %2 failed. The error was: %3,zh,Chinese,qwen2.5-coder:7b,%1 操作到目标 %2 失败。错误是：%3,2.716
9960,Operation Result,zh,Chinese,qwen2.5-coder:7b,操作结果,0.7
9961,No response from job.,zh,Chinese,qwen2.5-coder:7b,没有作业响应。,0.901
9962,%1 operation with destination %2 returned successfully. The result was: %3,zh,Chinese,qwen2.5-coder:7b,%1 操作到目标 %2 成功。结果为：%3,2.542
9963,Data Engines,zh,Chinese,qwen2.5-coder:7b,数据引擎,0.688
9964,%1 service for %2 DataEngine source %3,zh,Chinese,qwen2.5-coder:7b,%1 服务用于 %2 DataEngine 源 %3,2.079
9965,"KIO Exec - Opens remote files, watches modifications, asks for upload",zh,Chinese,qwen2.5-coder:7b,KIO 执行 - 打开远程文件，监视修改，询问上传,2.443
9966,command 'expected.,zh,Chinese,qwen2.5-coder:7b,命令“预期。”,0.87
9967,The URL %1 is malformed,zh,Chinese,qwen2.5-coder:7b,URL %1 格式不正确,1.339
9968,Remote URL %1 not allowed with --tempfiles switch,zh,Chinese,qwen2.5-coder:7b,远程URL %1 不能与 --tempfiles 开关一起使用,2.22
9969,The supposedly temporary file %1 has been modified. Do you still want to delete it?,zh,Chinese,qwen2.5-coder:7b,据说临时文件 %1 已被修改。你仍然要删除它吗？,2.779
9970,File Changed,zh,Chinese,qwen2.5-coder:7b,文件已更改,0.738
9971,Do Not Delete,zh,Chinese,qwen2.5-coder:7b,“不要删除”,0.859
9972,The file %1 has been modified. Do you want to upload the changes?,zh,Chinese,qwen2.5-coder:7b,文件 %1 已被修改。您是否要上传更改？,2.409
9973,Upload,zh,Chinese,qwen2.5-coder:7b,上传,0.521
9974,Do Not Upload,zh,Chinese,qwen2.5-coder:7b,不要上传,0.653
9975,KIOExec,zh,Chinese,qwen2.5-coder:7b,KIOExec,0.75
9976,"(c) 1998-2000,2003 The KFM/ Konqueror Developers",zh,Chinese,qwen2.5-coder:7b,"© 1998-2000,2003 KFM/ Konqueror 开发者",2.211
9977,David Faure,zh,Chinese,qwen2.5-coder:7b,大卫·法乌尔,0.911
9978,Stephan Kulow,zh,Chinese,qwen2.5-coder:7b,Stephan Kulow,0.862
9979,Bernhard Rosenkraenzer,zh,Chinese,qwen2.5-coder:7b,伯恩哈德·罗森克兰茨,1.548
9980,Waldo Bastian,zh,Chinese,qwen2.5-coder:7b,沃尔多·巴斯坦,1.026
9981,Oswald Buddenhagen,zh,Chinese,qwen2.5-coder:7b,奥尔夫·布登哈根,1.398
9982,Treat URLs as local files and delete them afterwards,zh,Chinese,qwen2.5-coder:7b,将URL视为本地文件并删除它们,1.513
9983,Suggested file name for the downloaded file,zh,Chinese,qwen2.5-coder:7b,下载文件的建议文件名,1.227
9984,Command to execute,zh,Chinese,qwen2.5-coder:7b,执行命令,0.668
9985,URL(s) or local file(s) used for'command ',zh,Chinese,qwen2.5-coder:7b,用于'command'的URL(s)或本地文件(s),2.248
9986,Your names,zh,Chinese,qwen2.5-coder:7b,你的名字,0.648
9987,Your emails,zh,Chinese,qwen2.5-coder:7b,您的邮件,0.584
9988,Click to safely remove this device from the computer.,zh,Chinese,qwen2.5-coder:7b,点击以安全地将此设备从计算机中移除。,1.954
9989,Device is plugged in and can be accessed by applications.,zh,Chinese,qwen2.5-coder:7b,设备已连接，可以被应用程序访问。,1.66
9990,Click to access this device from other applications.,zh,Chinese,qwen2.5-coder:7b,点击从其他应用程序访问此设备。,1.54
9991,"Device is plugged in, but not mounted for access yet.",zh,Chinese,qwen2.5-coder:7b,设备已插入，但尚未挂载以供访问。,1.983
9992,%1 free,zh,Chinese,qwen2.5-coder:7b,%1 免费,0.97
9993,No devices plugged in,zh,Chinese,qwen2.5-coder:7b,没有设备连接,0.875
9994,Last plugged in device: %1,zh,Chinese,qwen2.5-coder:7b,上次连接的设备: %1,1.299
9995,General,zh,Chinese,qwen2.5-coder:7b,通用,0.487
9996,Show hidden devices,zh,Chinese,qwen2.5-coder:7b,显示隐藏设备,0.742
9997,Could not unmount the device. One or more files on this device are open within an application.,zh,Chinese,qwen2.5-coder:7b,无法卸载设备。此设备上的一个或多个文件在应用程序中打开。,2.862
9998,Cannot eject the disc. One or more files on this disc are open within an application.,zh,Chinese,qwen2.5-coder:7b,无法弹出光盘。此光盘上的一个或多个文件在应用程序中打开。,3.008
9999,Cannot mount the disc.,zh,Chinese,qwen2.5-coder:7b,无法挂载光盘。,1.131
10000,Hide %1,zh,Chinese,qwen2.5-coder:7b,隐藏 %1,0.788
10001,No devices plugged in.,zh,Chinese,qwen2.5-coder:7b,没有设备连接。,0.888
10002,Devices recently plugged in:,zh,Chinese,qwen2.5-coder:7b,最近插入的设备:,1.064
10003,Display:,zh,Chinese,qwen2.5-coder:7b,显示:,0.598
10004,Removable devices only,zh,Chinese,qwen2.5-coder:7b,可移动设备仅限,1.038
10005,Non-removable devices only,zh,Chinese,qwen2.5-coder:7b,不可移除设备,0.991
10006,All devices,zh,Chinese,qwen2.5-coder:7b,所有设备,0.652
10007,KDE su daemon,zh,Chinese,qwen2.5-coder:7b,KDE 的守护进程,1.059
10008,Daemon used by kdesu,zh,Chinese,qwen2.5-coder:7b,kdesu使用的守护进程,1.178
10009,"Copyright (c) 1999,2000 Geert Jansen",zh,Chinese,qwen2.5-coder:7b,"版权所有 (c) 1999,2000 Geert Jansen",2.799
10010,Geert Jansen,zh,Chinese,qwen2.5-coder:7b,杰尔特·詹森,1.188
10011,Author,zh,Chinese,qwen2.5-coder:7b,作者,0.529
10012,Your names,zh,Chinese,qwen2.5-coder:7b,你的名字,0.638
10013,Your emails,zh,Chinese,qwen2.5-coder:7b,您的邮件,0.601
10014,Color,zh,Chinese,qwen2.5-coder:7b,颜色,0.495
10015,Solid,zh,Chinese,qwen2.5-coder:7b,坚固的,0.617
10016,Horizontal,zh,Chinese,qwen2.5-coder:7b,水平,0.516
10017,Vertical,zh,Chinese,qwen2.5-coder:7b,垂直,0.522
10018,Rectangular,zh,Chinese,qwen2.5-coder:7b,矩形,0.646
10019,Radial,zh,Chinese,qwen2.5-coder:7b,径向,0.624
10020,Top Left Diagonal,zh,Chinese,qwen2.5-coder:7b,左上对角线,0.986
10021,Top Right Diagonal,zh,Chinese,qwen2.5-coder:7b,右上对角线,0.932
10022,& First Color:,zh,Chinese,qwen2.5-coder:7b,& 首选颜色:,1.121
10023,& Second Color:,zh,Chinese,qwen2.5-coder:7b,& 第二种颜色:,0.997
10024,& Background Mode,zh,Chinese,qwen2.5-coder:7b,&后台模式,0.789
10025,Lock Panel,zh,Chinese,qwen2.5-coder:7b,锁定面板,0.673
10026,Unlock Panel,zh,Chinese,qwen2.5-coder:7b,解锁面板,0.632
10027,The player '%1 'cannot be found.,zh,Chinese,qwen2.5-coder:7b,找不到玩家 '%1'。,1.5
10028,The player '%1 'cannot perform the action'play'.,zh,Chinese,qwen2.5-coder:7b,玩家 '%1' 无法执行 '播放' 动作。,1.946
10029,The player '%1 'cannot perform the action'pause'.,zh,Chinese,qwen2.5-coder:7b,玩家 '%1' 无法执行 '暂停' 操作。,1.665
10030,The player '%1 'cannot perform the action'stop'.,zh,Chinese,qwen2.5-coder:7b,玩家 '%1' 无法执行 '停止' 动作。,1.889
10031,The player '%1 'cannot perform the action'previous'.,zh,Chinese,qwen2.5-coder:7b,玩家 '%1' 无法执行 '上一步' 操作。,1.838
10032,The player '%1 'cannot perform the action'next'.,zh,Chinese,qwen2.5-coder:7b,玩家 '%1' 无法执行 'next' 操作。,1.669
10033,The'level 'argument to the'volume' command must be between 0 and 1.,zh,Chinese,qwen2.5-coder:7b,音量命令的'level'参数必须在0到1之间。,2.369
10034,The'volume 'command requires a'level' argument.,zh,Chinese,qwen2.5-coder:7b,volume 命令需要一个 level 参数。,1.987
10035,The player '%1 'cannot perform the action'volume'.,zh,Chinese,qwen2.5-coder:7b,玩家 '%1' 无法执行 '音量' 操作。,2.208
10036,The'seconds' argument to the'seek 'command must be between 0 and the length of the track.,zh,Chinese,qwen2.5-coder:7b,seek命令的第二个参数必须在0和轨道长度之间。,2.783
10037,The'seek 'command requires a'seconds' argument.,zh,Chinese,qwen2.5-coder:7b,这个命令需要一个秒数参数。,1.536
10038,The player '%1 'cannot perform the action'seek'.,zh,Chinese,qwen2.5-coder:7b,玩家 '%1' 无法执行 'seek' 操作。,2.103
10039,KNotify,zh,Chinese,qwen2.5-coder:7b,KNotify,0.725
10040,KDE Notification Daemon,zh,Chinese,qwen2.5-coder:7b,KDE 通知守护进程,1.124
10041,"(C) 1997-2008, KDE Developers",zh,Chinese,qwen2.5-coder:7b,"© 1997-2008, KDE 开发者",2.413
10042,Olivier Goffart,zh,Chinese,qwen2.5-coder:7b,奥利维尔·戈法尔特,1.419
10043,Current Maintainer,zh,Chinese,qwen2.5-coder:7b,当前维护者,0.79
10044,Carsten Pfeiffer,zh,Chinese,qwen2.5-coder:7b,卡尔森·佩弗,0.995
10045,Previous Maintainer,zh,Chinese,qwen2.5-coder:7b,前维护者,0.76
10046,Christian Esken,zh,Chinese,qwen2.5-coder:7b,克里斯蒂安·埃森,1.028
10047,Stefan Westerfeld,zh,Chinese,qwen2.5-coder:7b,斯蒂芬·韦斯特法尔德,1.5
10048,Sound support,zh,Chinese,qwen2.5-coder:7b,音频支持,0.644
10049,Charles Samuels,zh,Chinese,qwen2.5-coder:7b,查尔斯·萨姆uels,1.132
10050,Allan Sandfeld Jensen,zh,Chinese,qwen2.5-coder:7b,安兰·桑德费尔德·詹森,1.728
10051,Porting to KDE 4,zh,Chinese,qwen2.5-coder:7b,迁移到 KDE 4,1.085
10052,Starting KTTSD Failed,zh,Chinese,qwen2.5-coder:7b,启动 KTTSD 失败,1.283
10053,Your names,zh,Chinese,qwen2.5-coder:7b,你的名字,0.638
10054,Your emails,zh,Chinese,qwen2.5-coder:7b,您的邮件,0.606
10055,KNotifyTest,zh,Chinese,qwen2.5-coder:7b,KNotifyTest,0.798
10056,A test program for KDE Notifications,zh,Chinese,qwen2.5-coder:7b,KDE 通知测试程序,1.187
10057,Configure Notifications,zh,Chinese,qwen2.5-coder:7b,配置通知,0.646
10058,"During the previous startup, KNotify crashed while creating Arts: :Dispatcher. Do you want to try again or disable aRts sound output? If you choose to disable aRts output now, you can re-enable it later or select an alternate sound player in the System Notifications control panel.",zh,Chinese,qwen2.5-coder:7b,上一次启动时，KNotify 在创建 Arts: :Dispatcher 时崩溃了。您想再试一次还是禁用 aRts 音频输出？如果您现在选择禁用 aRts 输出，稍后可以重新启用它，或者在系统通知控制面板中选择一个替代的音频播放器。,5.708
10059,KNotify Problem,zh,Chinese,qwen2.5-coder:7b,KNotify 问题,0.887
10060,& Try Again,zh,Chinese,qwen2.5-coder:7b,&重试,0.741
10061,Disable aRts Output,zh,Chinese,qwen2.5-coder:7b,禁用aRts输出,1.134
10062,"During the previous startup, KNotify crashed while instantiating KNotify. Do you want to try again or disable aRts sound output? If you choose to disable aRts output now, you can re-enable it later or select an alternate sound player in the System Notifications control panel.",zh,Chinese,qwen2.5-coder:7b,上一次启动时，KNotify 在实例化 KNotify 时崩溃了。您想再试一次还是禁用 aRts 音频输出？如果您现在选择禁用 aRts 输出，稍后可以重新启用它，或者在系统通知控制面板中选择一个替代的音频播放器。,5.649
10063,Catastrophe!,zh,Chinese,qwen2.5-coder:7b,灾难！,0.696
10064,Do nothing,zh,Chinese,qwen2.5-coder:7b,什么都不做,0.634
10065,Unknown,zh,Chinese,qwen2.5-coder:7b,未知,0.522
10066,A new device has been detected. What do you want to do?,zh,Chinese,qwen2.5-coder:7b,检测到新设备。您要做什么？,1.911
10067,...,zh,Chinese,qwen2.5-coder:7b,...,0.541
10068,%1 'needs a password to be accessed. Please enter a password.,zh,Chinese,qwen2.5-coder:7b,%1 需要密码才能访问。请输入密码。,2.062
10069,Enter the user you want to run the application as here.,zh,Chinese,qwen2.5-coder:7b,请输入您希望以该用户身份运行应用程序。,1.806
10070,Username:,zh,Chinese,qwen2.5-coder:7b,用户名：,0.65
10071,Enter the password here for the user you specified above.,zh,Chinese,qwen2.5-coder:7b,请输入您指定用户的密码。,1.383
10072,Password:,zh,Chinese,qwen2.5-coder:7b,密码:,0.602
10073,Check this option if the application you want to run is a text mode application. The application will then be run in a terminal emulator window.,zh,Chinese,qwen2.5-coder:7b,如果要运行的应用程序是文本模式应用程序，请选中此选项。应用程序将在终端仿真窗口中运行。,2.045
10074,Run in & terminal window,zh,Chinese,qwen2.5-coder:7b,在 & 终端窗口中运行,1.197
10075,Check this option if you want to run the application with a different user id. Every process has a user id associated with it. This id code determines file access and other permissions. The password of the user is required to do this.,zh,Chinese,qwen2.5-coder:7b,如果要以不同的用户ID运行应用程序，请勾选此选项。每个进程都有一个与之关联的用户ID。此ID代码决定了文件访问和其他权限。需要该用户的密码才能进行此操作。,3.664
10076,Run as a different & user,zh,Chinese,qwen2.5-coder:7b,以不同的用户身份运行,1.026
10077,"Finds commands that match: q:, using common shell syntax",zh,Chinese,qwen2.5-coder:7b,查找匹配的命令：q:，使用常见的 shell 语法,2.125
10078,Run %1,zh,Chinese,qwen2.5-coder:7b,运行 %1,0.792
10079,"Select whether realtime scheduling should be enabled for the application. The scheduler governs which process will run and which will have to wait. Two schedulers are available: Normal: This is the standard, timesharing scheduler. It will divide fairly the available processing time between all processes. Realtime: This scheduler will run your application uninterrupted until it gives up the processor. This can be dangerous. An application that does not give up the processor might hang the system. You need root's password to use the scheduler.",zh,Chinese,qwen2.5-coder:7b,选择是否为应用程序启用实时调度。调度器决定哪个进程运行，哪个进程需要等待。有两种调度器可用：普通：这是标准的、时间共享调度器。它会公平地将可用的处理时间分配给所有进程。实时：此调度器将不断运行您的应用程序，直到它放弃处理器。这可能会有危险。如果应用程序不放弃处理器，可能会导致系统挂起。您需要 root 密码才能使用调度器。,8.692
10080,Run with realtime & scheduling,zh,Chinese,qwen2.5-coder:7b,实时运行与调度,0.959
10081,"The priority that the command will be run with can be set here. From left to right, it goes from low to high. The center position is the default value. For priorities higher than the default, you will need to provide the root password.",zh,Chinese,qwen2.5-coder:7b,命令将以这里设置的优先级运行。从左到右，优先级从低到高。中心位置是默认值。对于优先级高于默认值的情况，您需要提供root密码。,3.597
10082,& Priority:,zh,Chinese,qwen2.5-coder:7b,&优先级:,0.786
10083,Check this option if you want to run the application with a different priority. A higher priority tells the operating system to give more processing time to your application.,zh,Chinese,qwen2.5-coder:7b,如果要以不同的优先级运行应用程序，请勾选此选项。较高的优先级会告诉操作系统为您的应用程序分配更多的处理时间。,2.497
10084,Run with a & different priority,zh,Chinese,qwen2.5-coder:7b,以不同的优先级运行,0.99
10085,Low,zh,Chinese,qwen2.5-coder:7b,低,0.483
10086,High,zh,Chinese,qwen2.5-coder:7b,高,0.492
10087,System Settings,zh,Chinese,qwen2.5-coder:7b,系统设置,0.632
10088,Central configuration center for KDE.,zh,Chinese,qwen2.5-coder:7b,KDE 中央配置中心,1.199
10089,"(c) 2009, Ben Cooksley",zh,Chinese,qwen2.5-coder:7b,"© 2009, Ben Cooksley",1.923
10090,Ben Cooksley,zh,Chinese,qwen2.5-coder:7b,本·库克,0.935
10091,Maintainer,zh,Chinese,qwen2.5-coder:7b,维护者,0.628
10092,Mathias Soeken,zh,Chinese,qwen2.5-coder:7b,Mathias Soeken,0.89
10093,Developer,zh,Chinese,qwen2.5-coder:7b,开发者,0.518
10094,Will Stephenson,zh,Chinese,qwen2.5-coder:7b,史蒂芬森,0.93
10095,"Internal module representation, internal module model",zh,Chinese,qwen2.5-coder:7b,内部模块表示，内部模块模型,1.435
10096,Search,zh,Chinese,qwen2.5-coder:7b,搜索,0.507
10097,Configure,zh,Chinese,qwen2.5-coder:7b,配置,0.495
10098,Help,zh,Chinese,qwen2.5-coder:7b,帮助,0.487
10099,About Active Module,zh,Chinese,qwen2.5-coder:7b,关于活动模块,0.751
10100,General,zh,Chinese,qwen2.5-coder:7b,通用,0.485
10101,"System Settings was unable to find any views, and hence nothing is available to configure.",zh,Chinese,qwen2.5-coder:7b,系统设置未能找到任何视图，因此无法进行任何配置。,2.43
10102,No views found,zh,Chinese,qwen2.5-coder:7b,未找到视图,0.882
10103,"System Settings was unable to find any views, and hence has nothing to display.",zh,Chinese,qwen2.5-coder:7b,系统设置未能找到任何视图，因此无法显示任何内容。,2.381
10104,About Active View,zh,Chinese,qwen2.5-coder:7b,关于活动视图,0.943
10105,About %1,zh,Chinese,qwen2.5-coder:7b,关于 %1,0.822
10106,%1 is an external application and has been automatically launched,zh,Chinese,qwen2.5-coder:7b,%1 是一个外部应用程序，并已自动启动,1.861
10107,Relaunch %1,zh,Chinese,qwen2.5-coder:7b,重新启动 %1,0.961
10108,Reset all current changes to previous values,zh,Chinese,qwen2.5-coder:7b,将所有当前更改重置为先前的值,1.581
10109,The settings of the current module have changed. Do you want to apply the changes or discard them?,zh,Chinese,qwen2.5-coder:7b,当前模块的设置已更改。您要应用更改还是丢弃它们？,2.781
10110,Apply Settings,zh,Chinese,qwen2.5-coder:7b,应用设置,0.635
10111,Icon View,zh,Chinese,qwen2.5-coder:7b,图标视图,0.761
10112,Provides a categorized icons view of control modules.,zh,Chinese,qwen2.5-coder:7b,提供一个按类别组织的控制模块图标视图。,1.894
10113,Author,zh,Chinese,qwen2.5-coder:7b,作者,0.524
10114,Overview,zh,Chinese,qwen2.5-coder:7b,概览,0.63
10115,Keyboard Shortcut: %1,zh,Chinese,qwen2.5-coder:7b,键盘快捷键：%1,1.033
10116,Your names,zh,Chinese,qwen2.5-coder:7b,你的名字,0.622
10117,Your emails,zh,Chinese,qwen2.5-coder:7b,您的邮件,0.597
10118,View Style,zh,Chinese,qwen2.5-coder:7b,查看样式,0.672
10119,Show detailed tooltips,zh,Chinese,qwen2.5-coder:7b,显示详细提示,0.836
10120,Determines whether detailed tooltips should be used,zh,Chinese,qwen2.5-coder:7b,是否使用详细工具提示,1.157
10121,Internal name for the view used,zh,Chinese,qwen2.5-coder:7b,视图使用的内部名称,1.08
10122,About System Settings,zh,Chinese,qwen2.5-coder:7b,系统设置,0.689
10123,Dialog,zh,Chinese,qwen2.5-coder:7b,对话框,0.645
10124,Expand the first level automatically,zh,Chinese,qwen2.5-coder:7b,自动展开第一级,0.955
10125,Tree View,zh,Chinese,qwen2.5-coder:7b,树形视图,0.852
10126,Provides a classic tree-based view of control modules.,zh,Chinese,qwen2.5-coder:7b,提供一个经典的树形视图来显示控制模块。,1.842
10127,Configure your system,zh,Chinese,qwen2.5-coder:7b,配置您的系统,0.784
10128,"Welcome to ""System Settings"", a central place to configure your computer system.",zh,Chinese,qwen2.5-coder:7b,欢迎使用“系统设置”，一个集中配置计算机系统的中心位置。,2.371
10129,"(c) 2005, Benjamin C. Meyer; (c) 2007, Canonical Ltd",zh,Chinese,qwen2.5-coder:7b,"© 2005, Benjamin C. Meyer; © 2007, Canonical Ltd",1.948
10130,Benjamin C. Meyer,zh,Chinese,qwen2.5-coder:7b,本杰明·C·迈耶,1.26
10131,Jonathan Riddell,zh,Chinese,qwen2.5-coder:7b,约翰·里德,0.916
10132,Contributor,zh,Chinese,qwen2.5-coder:7b,贡献者,0.649
10133,Michael D. Stemle,zh,Chinese,qwen2.5-coder:7b,迈克尔·D·斯特梅勒,1.403
10134,Simon Edwards,zh,Chinese,qwen2.5-coder:7b,西蒙·爱德华兹,1.146
10135,Ellen Reitmayr,zh,Chinese,qwen2.5-coder:7b,"Reitmayr, Ellen",1.17
10136,Usability,zh,Chinese,qwen2.5-coder:7b,易用性,0.779
10137,Search Bar Enter a search term.,zh,Chinese,qwen2.5-coder:7b,搜索栏 输入搜索词。,1.202
10138,Unsaved Changes,zh,Chinese,qwen2.5-coder:7b,未保存的更改,0.866
10139,Unable to locate file %1 which is necessary to run this service. Please check your software installation.,zh,Chinese,qwen2.5-coder:7b,无法找到运行此服务所必需的文件 %1。请检查您的软件安装。,2.645
10140,Configure Anti-Alias Settings,zh,Chinese,qwen2.5-coder:7b,配置抗锯齿设置,1.061
10141,Exclude range:,zh,Chinese,qwen2.5-coder:7b,排除范围：,0.716
10142,pt,zh,Chinese,qwen2.5-coder:7b,pt,0.683
10143,to,zh,Chinese,qwen2.5-coder:7b,到,0.499
10144,"If you have a TFT or LCD screen you can further improve the quality of displayed fonts by selecting this option. Sub-pixel rendering is also known as ClearType(tm). In order for sub-pixel rendering to work correctly you need to know how the sub-pixels of your display are aligned. On TFT or LCD displays a single pixel is actually composed of three sub-pixels, red, green and blue. Most displays have a linear ordering of RGB sub-pixel, some have BGR. This feature does not work with CRT monitors.",zh,Chinese,qwen2.5-coder:7b,如果你有TFT或LCD屏幕，可以通过选择此选项进一步提高显示字体的质量。子像素渲染也称为ClearType(tm)。为了使子像素渲染正常工作，你需要知道显示器的子像素是如何对齐的。在TFT或LCD显示器上，一个像素实际上由三个子像素组成：红色、绿色和蓝色。大多数显示器的RGB子像素是线性排列的，有些是BGR。此功能不适用于CRT显示器。,8.692
10145,& Use sub-pixel rendering:,zh,Chinese,qwen2.5-coder:7b,& 使用子像素渲染：,1.235
10146,Hinting style:,zh,Chinese,qwen2.5-coder:7b,提示风格：,0.84
10147,Hinting is a process used to enhance the quality of fonts at small sizes.,zh,Chinese,qwen2.5-coder:7b,提示是一种用于在小尺寸下增强字体质量的过程。,2.118
10148,General,zh,Chinese,qwen2.5-coder:7b,通用,0.502
10149,Fixed width,zh,Chinese,qwen2.5-coder:7b,固定宽度,0.674
10150,Small,zh,Chinese,qwen2.5-coder:7b,小,0.513
10151,Toolbar,zh,Chinese,qwen2.5-coder:7b,工具栏,0.646
10152,Menu,zh,Chinese,qwen2.5-coder:7b,菜单,0.509
10153,Window title,zh,Chinese,qwen2.5-coder:7b,窗口标题,0.622
10154,Taskbar,zh,Chinese,qwen2.5-coder:7b,任务栏,0.618
10155,Desktop,zh,Chinese,qwen2.5-coder:7b,桌面,0.488
10156,"Used for normal text (e. g. button labels, list items).",zh,Chinese,qwen2.5-coder:7b,用于普通文本（例如按钮标签、列表项）。,1.953
10157,A non-proportional font (i. e. typewriter font).,zh,Chinese,qwen2.5-coder:7b,非比例字体（即打字机字体）。,1.709
10158,Smallest font that is still readable well.,zh,Chinese,qwen2.5-coder:7b,最小的字体，仍然可以很好地阅读。,1.499
10159,Used to display text beside toolbar icons.,zh,Chinese,qwen2.5-coder:7b,用于在工具栏图标旁边显示文本。,1.527
10160,Used by menu bars and popup menus.,zh,Chinese,qwen2.5-coder:7b,用于菜单栏和弹出菜单。,1.639
10161,Used by the window titlebar.,zh,Chinese,qwen2.5-coder:7b,用于窗口标题栏。,1.23
10162,Used by the taskbar.,zh,Chinese,qwen2.5-coder:7b,由任务栏使用。,0.979
10163,Used for desktop icons.,zh,Chinese,qwen2.5-coder:7b,用于桌面图标。,0.905
10164,%1:,zh,Chinese,qwen2.5-coder:7b,%1:,0.741
10165,Adjust All Fonts...,zh,Chinese,qwen2.5-coder:7b,调整所有字体...,0.916
10166,Click to change all fonts,zh,Chinese,qwen2.5-coder:7b,点击更改所有字体,0.966
10167,Use anti-aliasing:,zh,Chinese,qwen2.5-coder:7b,使用抗锯齿：,1.036
10168,Enabled,zh,Chinese,qwen2.5-coder:7b,启用,0.5
10169,System Settings,zh,Chinese,qwen2.5-coder:7b,系统设置,0.65
10170,Disabled,zh,Chinese,qwen2.5-coder:7b,禁用,0.577
10171,"If this option is selected, KDE will smooth the edges of curves in fonts.",zh,Chinese,qwen2.5-coder:7b,如果选中此选项，KDE 将平滑字体中的曲线边缘。,2.611
10172,Configure...,zh,Chinese,qwen2.5-coder:7b,配置...,0.604
10173,Force fonts DPI:,zh,Chinese,qwen2.5-coder:7b,强制字体 DPI:,0.882
10174,96 DPI,zh,Chinese,qwen2.5-coder:7b,96 DPI,0.757
10175,120 DPI,zh,Chinese,qwen2.5-coder:7b,120 DPI,0.911
10176,This option forces a specific DPI value for fonts. It may be useful when the real DPI of the hardware is not detected properly and it is also often misused when poor quality fonts are used that do not look well with DPI values other than 96 or 120 DPI. The use of this option is generally discouraged. For selecting proper DPI value a better option is explicitly configuring it for the whole X server if possible (e. g. DisplaySize in xorg. conf or adding -dpi value to ServerLocalArgs= in $KDEDIR/ share/ config/ kdm/ kdmrc). When fonts do not render properly with real DPI value better fonts should be used or configuration of font hinting should be checked.,zh,Chinese,qwen2.5-coder:7b,此选项强制使用特定的 DPI 值。当硬件的实际 DPI 没有正确检测到时，这可能很有用。当使用质量差的字体时，也经常错误地使用此选项，因为这些字体在 DPI 值不是 96 或 120 DPI 时看起来不好。通常不建议使用此选项。为了选择合适的 DPI 值，如果可能的话，最好为整个 X 服务器显式配置它（例如，在,9.355
10177,Some changes such as anti-aliasing will only affect newly started applications.,zh,Chinese,qwen2.5-coder:7b,一些更改，如抗锯齿，只会影响新启动的应用程序。,2.456
10178,Font Settings Changed,zh,Chinese,qwen2.5-coder:7b,字体设置已更改,0.924
10179,Some changes such as DPI will only affect newly started applications.,zh,Chinese,qwen2.5-coder:7b,一些更改，如DPI，仅会影响新启动的应用程序。,2.07
10180,RGB,zh,Chinese,qwen2.5-coder:7b,RGB,0.512
10181,BGR,zh,Chinese,qwen2.5-coder:7b,BGR,0.644
10182,Vertical RGB,zh,Chinese,qwen2.5-coder:7b,垂直RGB,0.653
10183,Vertical BGR,zh,Chinese,qwen2.5-coder:7b,垂直BGR,0.771
10184,Medium,zh,Chinese,qwen2.5-coder:7b,中等,0.625
10185,Slight,zh,Chinese,qwen2.5-coder:7b,微弱的,0.721
10186,Full,zh,Chinese,qwen2.5-coder:7b,完整,0.497
10187,If you have a TFT or LCD screen you can further improve the quality of displayed fonts by selecting this option. Sub-pixel hinting is also known as ClearType(tm). This will not work with CRT monitors.,zh,Chinese,qwen2.5-coder:7b,如果你有TFT或LCD屏幕，可以通过选择此选项进一步提高显示字体的质量。子像素提示也称为ClearType(tm)。这不会在CRT显示器上工作。,3.144
10188,Grayscale,zh,Chinese,qwen2.5-coder:7b,灰度模式,0.659
10189,KTraderClient,zh,Chinese,qwen2.5-coder:7b,KTraderClient,0.736
10190,A command-line tool for querying the KDE trader system,zh,Chinese,qwen2.5-coder:7b,一个用于查询 KDE 商家系统的命令行工具,1.635
10191,A mimetype,zh,Chinese,qwen2.5-coder:7b,一个MIME类型,0.794
10192,"A servicetype, like KParts/ ReadOnlyPart or KMyApp/ Plugin",zh,Chinese,qwen2.5-coder:7b,一个服务类型，例如 KParts/ ReadOnlyPart 或 KMyApp/ Plugin,2.639
10193,A constraint expressed in the trader query language,zh,Chinese,qwen2.5-coder:7b,在交易查询语言中表达的约束,1.692
10194,kfile,zh,Chinese,qwen2.5-coder:7b,kfile,0.661
10195,A command-line tool to read and modify metadata of files.,zh,Chinese,qwen2.5-coder:7b,一个用于读取和修改文件元数据的命令行工具。,2.288
10196,"(c) 2002, Carsten Pfeiffer",zh,Chinese,qwen2.5-coder:7b,"© 2002, 卡尔森·佩弗里",2.412
10197,Carsten Pfeiffer,zh,Chinese,qwen2.5-coder:7b,卡尔森·佩弗,1.124
10198,Do not print the mimetype of the given file(s),zh,Chinese,qwen2.5-coder:7b,不要打印给定文件的MIME类型,1.649
10199,List all supported metadata keys.,zh,Chinese,qwen2.5-coder:7b,列出所有支持的元数据键。,1.36
10200,List all metadata keys which have a value in the given file(s).,zh,Chinese,qwen2.5-coder:7b,列出所有在给定文件中具有值的元数据键。,2.196
10201,Do not print a warning when more than one file was given and they do not all have the same mimetype.,zh,Chinese,qwen2.5-coder:7b,当提供了多个文件且它们的MIME类型不同时，不要打印警告。,2.873
10202,"Prints all metadata values, available in the given file(s).",zh,Chinese,qwen2.5-coder:7b,打印所有在给定文件中可用的元数据值。,2.172
10203,Opens a KDE properties dialog to allow viewing and modifying of metadata of the given file(s),zh,Chinese,qwen2.5-coder:7b,打开 KDE 属性对话框以查看和修改给定文件的元数据,2.642
10204,Prints the value for'key 'of the given file(s). 'key' may also be a comma-separated list of keys,zh,Chinese,qwen2.5-coder:7b,打印给定文件（或文件）中'key'的值。'key'也可以是用逗号分隔的键列表。,2.58
10205,Attempts to set the value'value 'for the metadata key'key' for the given file(s),zh,Chinese,qwen2.5-coder:7b,尝试为给定文件的元数据键'key'设置值'value,2.563
10206,The file (or a number of files) to operate on.,zh,Chinese,qwen2.5-coder:7b,要操作的文件（或多个文件）。,1.88
10207,No files specified,zh,Chinese,qwen2.5-coder:7b,未指定文件,0.882
10208,Cannot determine metadata,zh,Chinese,qwen2.5-coder:7b,无法确定元数据,0.878
10209,Your names,zh,Chinese,qwen2.5-coder:7b,你的名字,0.642
10210,Your emails,zh,Chinese,qwen2.5-coder:7b,您的邮件,0.615
10211,Draw window frames using & titlebar colors,zh,Chinese,qwen2.5-coder:7b,使用标题栏颜色绘制窗口框架,1.359
10212,"When selected, the window borders are drawn using the titlebar colors; otherwise, they are drawn using normal border colors.",zh,Chinese,qwen2.5-coder:7b,当选中时，窗口边框使用标题栏颜色绘制；否则，使用正常边框颜色绘制。,3.48
10213,Draw & resize handle,zh,Chinese,qwen2.5-coder:7b,绘制 & 调整大小手柄,1.462
10214,"When selected, decorations are drawn with a ""grab handle"" in the bottom right corner of the windows; otherwise, no grab handle is drawn.",zh,Chinese,qwen2.5-coder:7b,当选中时，装饰会在窗口右下角绘制一个“抓手”；否则，不绘制抓手。,2.199
10215,Auto-move titlebar,zh,Chinese,qwen2.5-coder:7b,自动移动标题栏,0.836
10216,"When selected, titlebars are automatically relocated to visible positions; otherwise, they are only moved manually using shift+drag.",zh,Chinese,qwen2.5-coder:7b,当选中时，标题栏会自动移动到可见位置；否则，只能通过按住 Shift 并拖动来手动移动。,3.775
10217,Actions Settings,zh,Chinese,qwen2.5-coder:7b,操作设置,0.627
10218,Double click on menu button:,zh,Chinese,qwen2.5-coder:7b,双击菜单按钮：,1.035
10219,Do Nothing,zh,Chinese,qwen2.5-coder:7b,什么都不做,0.624
10220,Minimize Window,zh,Chinese,qwen2.5-coder:7b,最小化窗口,0.735
10221,Shade Window,zh,Chinese,qwen2.5-coder:7b,遮蔽窗户,0.745
10222,Close Window,zh,Chinese,qwen2.5-coder:7b,关闭窗口,0.641
10223,An action can be associated to a double click of the menu button. Leave it to none if in doubt.,zh,Chinese,qwen2.5-coder:7b,一个操作可以与菜单按钮的双击关联。如果不确定，可以留空。,2.88
10224,Not on all desktops,zh,Chinese,qwen2.5-coder:7b,不适用于所有桌面,1.083
