string_id,source_en,lang_code,target_language,model,translation,latency_sec
0,Recursion limit:,bn,Bengali,qwen2.5-coder:7b,রিকোয়াশন সীমা:,2.5
1,Satellite voice communication controller,bn,Bengali,qwen2.5-coder:7b,স্টেটিলাইট ভাষণ নিয়ন্ত্রণকারী,12.335
2,globalization,bn,Bengali,qwen2.5-coder:7b,গ্লোবালাইজেশন,1.566
3,Gray Heading,bn,Bengali,qwen2.5-coder:7b,গ্রাই শিরোনাম,1.728
4,Codec from,bn,Bengali,qwen2.5-coder:7b,কোডেক থেকে,1.584
5,IO-port information,bn,Bengali,qwen2.5-coder:7b,ই/O পোর্ট তথ্য,2.188
6,& QIT; Explained,bn,Bengali,qwen2.5-coder:7b,& QIT; ব্যাখ্যা দেওয়া,2.908
7,Input Text (wml),bn,Bengali,qwen2.5-coder:7b,ইনপুট টেক্সট (wml),2.385
8,Attendee list,bn,Bengali,qwen2.5-coder:7b,অংশীদার তালিকা,2.182
9,Default Gateway:,bn,Bengali,qwen2.5-coder:7b,ডিফল্ট গেটওয়েট:,2.223
10,Gather some meaningful statistics,bn,Bengali,qwen2.5-coder:7b,মূল্যবান স্ট্যাটিস্টিক্স সংগ্রহ করুন,4.7
11,Useful tips,bn,Bengali,qwen2.5-coder:7b,ই용한 টিপস,1.248
12,Properties management,bn,Bengali,qwen2.5-coder:7b,ম্যানেজমেন্ট অব ব্যবস্থা,2.857
13,position,bn,Bengali,qwen2.5-coder:7b,অবস্থা,0.973
14,Post Reply,bn,Bengali,qwen2.5-coder:7b,প্রতিক্রিয়া পублиক করুন,2.719
15,Signature Algorithm:,bn,Bengali,qwen2.5-coder:7b,সIGNATURE অ্যালগরিদম:,2.007
16,Text file,bn,Bengali,qwen2.5-coder:7b,টেক্সট ফাইল,1.578
17,Done!,bn,Bengali,qwen2.5-coder:7b,করেছেন!,1.09
18,A star,bn,Bengali,qwen2.5-coder:7b,একটি বোনাস,1.458
19,You have %1,bn,Bengali,qwen2.5-coder:7b,আপনি আছেন %1,1.543
20,Image Smoothing,bn,Bengali,qwen2.5-coder:7b,ইমেজ সমুষ্টি,1.723
21,starts with '#V1S# ',bn,Bengali,qwen2.5-coder:7b,শুরু হয় '#V1S#' ,2.467
22,Suspend to Disk,bn,Bengali,qwen2.5-coder:7b,ডিস্কে সামাপ্তি,2.217
23,of the & year,bn,Bengali,qwen2.5-coder:7b,& বছরের,1.226
24,Capitals:,bn,Bengali,qwen2.5-coder:7b,শহরগুলি:,1.316
25,Uncategorized Album,bn,Bengali,qwen2.5-coder:7b,অনুশ্রুতি অনুমোদন,2.44
26,Column width,bn,Bengali,qwen2.5-coder:7b,কলোমের প্রস্থ,1.75
27,Recipient,bn,Bengali,qwen2.5-coder:7b,প্রাপক,0.988
28,& Pixel Dimensions,bn,Bengali,qwen2.5-coder:7b,& পিক্সেল আকার,1.812
29,Rights Management,bn,Bengali,qwen2.5-coder:7b,সম্পদ নিয়ন্ত্রণ,2.052
30,Formula String,bn,Bengali,qwen2.5-coder:7b,ফরমুলা স্ট্রিং,1.828
31,Group base:,bn,Bengali,qwen2.5-coder:7b,গুপ্ত বেস:,1.545
32,Edit Patch,bn,Bengali,qwen2.5-coder:7b,পッチ সম্পাদনা,1.472
33,Role Name,bn,Bengali,qwen2.5-coder:7b,রূল নাম,1.214
34,Calendar Format,bn,Bengali,qwen2.5-coder:7b,ক্যালেন্ডার ফরম্যাট,2.348
35,20 Cards,bn,Bengali,qwen2.5-coder:7b,২০ কার্ড,1.488
36,Bibtex quotation style:,bn,Bengali,qwen2.5-coder:7b,বিবিটেক্স অনুচ্ছেদ প্রকার:,3.243
37,New type: vtun,bn,Bengali,qwen2.5-coder:7b,নতুন ধরণ: vtun,1.728
38,Using & ktts;,bn,Bengali,qwen2.5-coder:7b,ব্যবহার করুন & ktts;,2.281
39,Data CD,bn,Bengali,qwen2.5-coder:7b,ডেটা ডিএস,1.342
40,Male 3,bn,Bengali,qwen2.5-coder:7b,মহিলা ৩,1.235
41,Dolphin General,bn,Bengali,qwen2.5-coder:7b,মাথা সাম্প্রতি,1.958
42,Pointer,bn,Bengali,qwen2.5-coder:7b,কার্পুট,1.22
43,Output directory:,bn,Bengali,qwen2.5-coder:7b,আউটপুট দিরেকটরি:,2.179
44,From now on:,bn,Bengali,qwen2.5-coder:7b,এখন থেকে:,1.376
45,battle,bn,Bengali,qwen2.5-coder:7b,মিশরণ,0.91
46,Go back,bn,Bengali,qwen2.5-coder:7b,ফিরে যাও,1.332
47,Sunday,bn,Bengali,qwen2.5-coder:7b,শনিবার,1.018
48,Layer Settings,bn,Bengali,qwen2.5-coder:7b,স্টেটমেন্ট সেটিংস,2.097
49,texture list,bn,Bengali,qwen2.5-coder:7b,তেক্সচার তালিকা,1.969
50,angularVelocity variance,bn,Bengali,qwen2.5-coder:7b,অ্যাংগুলার বেলিটি ভ্যারিয়েন্স,3.652
51,Ritzaus Bureau NITF version (RBNITF DTD),bn,Bengali,qwen2.5-coder:7b,রিটজাউস বুরোস নিটিএফ প্রস্তুতি (র্বনিটিফ ডি টিডি),5.145
52,Exceptions,bn,Bengali,qwen2.5-coder:7b,আপেক্ষিকויות,1.263
53,Sample,bn,Bengali,qwen2.5-coder:7b,নমোনা,1.028
54,Find City,bn,Bengali,qwen2.5-coder:7b,শহর খুঁজুন,1.777
55,Unknown Bus,bn,Bengali,qwen2.5-coder:7b,অজানা বাস,1.372
56,General Plugins,bn,Bengali,qwen2.5-coder:7b,সাধারণ প্লাগইনসমূহ,2.364
57,Open,bn,Bengali,qwen2.5-coder:7b,আপনি খোলতে চান,1.959
58,Post removed,bn,Bengali,qwen2.5-coder:7b,পোস্ট সরানা হয়েছে,2.502
59,RTF In Sync,bn,Bengali,qwen2.5-coder:7b,RTF সঙ্গত,1.305
60,Positioning:,bn,Bengali,qwen2.5-coder:7b,স্থাপনা:,1.209
61,& Gray level,bn,Bengali,qwen2.5-coder:7b,& সামান্য মান,1.804
62,Time (hh: mm),bn,Bengali,qwen2.5-coder:7b,সময় (hh: mm),1.615
63,Group number:,bn,Bengali,qwen2.5-coder:7b,গুপ্পি সংখ্যা:,2.089
64,"Asia, East",bn,Bengali,qwen2.5-coder:7b,"আমেরিকা, উত্তর",1.882
65,Kig figure,bn,Bengali,qwen2.5-coder:7b,কিউ ফিগার,1.404
66,New protocol,bn,Bengali,qwen2.5-coder:7b,নতুন প্রোটোকল,2.077
67,As Attachment,bn,Bengali,qwen2.5-coder:7b,আপনার সাথে অংশ হিসেবে,2.714
68,Firing,bn,Bengali,qwen2.5-coder:7b,ফেরি,0.873
69,Border:,bn,Bengali,qwen2.5-coder:7b,বাড়ির:,1.224
70,Three Staples,bn,Bengali,qwen2.5-coder:7b,তিনটি স্ট্যাপের,1.962
71,Upload Info,bn,Bengali,qwen2.5-coder:7b,আপলোড তথ্য,1.604
72,Maximum download rate:,bn,Bengali,qwen2.5-coder:7b,মаксিমাল ডাউনলোড দর:,2.312
73,expired,bn,Bengali,qwen2.5-coder:7b,মেয়াদ শেষ,1.476
74,SpeedoMeter,bn,Bengali,qwen2.5-coder:7b,স্পিডমেটার,1.437
75,60 Points,bn,Bengali,qwen2.5-coder:7b,৬০ বিন্দু,1.684
76,Cordless TrackMan FX,bn,Bengali,qwen2.5-coder:7b,ফ্ল্যাক্স অনলাইন ট্র্যাকম্যান,3.595
77,LawnGreen,bn,Bengali,qwen2.5-coder:7b,ল্যান্ডগ্রেন,1.775
78,measureRectCenter,bn,Bengali,qwen2.5-coder:7b,মাপ বাটনের সেন্টার,2.323
79,Go forward,bn,Bengali,qwen2.5-coder:7b,পরে যাও,1.175
80,Contacts,bn,Bengali,qwen2.5-coder:7b,যোগাযোগবিধি,1.732
81,Combination method,bn,Bengali,qwen2.5-coder:7b,কম্বিনেশন পদ্ধতি,2.106
82,starts with,bn,Bengali,qwen2.5-coder:7b,শুরু হয়,1.528
83,Security Configuration,bn,Bengali,qwen2.5-coder:7b,সীমান্ত সমন্বয়,2.135
84,Tab Bar position:,bn,Bengali,qwen2.5-coder:7b,ট্যাব বারের স্থান:,2.432
85,city,bn,Bengali,qwen2.5-coder:7b,শহর,0.745
86,Date Display,bn,Bengali,qwen2.5-coder:7b,তারিখ দেখাও,1.556
87,Verb Deinflection,bn,Bengali,qwen2.5-coder:7b,ক্রিয়া উদ্ভাবন,2.36
88,Sector size:,bn,Bengali,qwen2.5-coder:7b,সেক্টর আকার:,1.796
89,Spanish (Nicaragua),bn,Bengali,qwen2.5-coder:7b,স্পেনী (নিকারাগুआ),2.519
90,Do Not Save,bn,Bengali,qwen2.5-coder:7b,না সেভ করুন,1.756
91,Edit,bn,Bengali,qwen2.5-coder:7b,সম্পাদনা,1.189
92,Status Change,bn,Bengali,qwen2.5-coder:7b,স্থিতি পরিবর্তন,1.862
93,Grant,bn,Bengali,qwen2.5-coder:7b,অনুমোদন,1.328
94,timeouts,bn,Bengali,qwen2.5-coder:7b,সময় অপসারণ,1.713
95,& Folder contents:,bn,Bengali,qwen2.5-coder:7b,&ফোল্ডারের অংশগুলি:,2.687
96,& male,bn,Bengali,qwen2.5-coder:7b,& মহিলা,1.107
97,No dial tone response:,bn,Bengali,qwen2.5-coder:7b,কোনো ডাইল টোন উত্তর নেই:,3.325
98,Address Book,bn,Bengali,qwen2.5-coder:7b,ঠিকাচার,1.282
99,Find buffer,bn,Bengali,qwen2.5-coder:7b,বাটারি খুঁজুন,2.29
100,& Close Project,bn,Bengali,qwen2.5-coder:7b,&প্রকল্প বন্ধ করুন,2.455
101,Increment (to %1),bn,Bengali,qwen2.5-coder:7b,বাড়িয়ে দিন (এর পর্যন্ত %1),3.617
102,& New Folder,bn,Bengali,qwen2.5-coder:7b,&নতুন ফোল্ডার,2.062
103,View Formatting,bn,Bengali,qwen2.5-coder:7b,ফরম্যাট দেখাও,1.858
104,Meta character set:,bn,Bengali,qwen2.5-coder:7b,মেটা চ্যারেক্টার সেট:,2.656
105,Nickname:,bn,Bengali,qwen2.5-coder:7b,নামকের নাম:,1.59
106,ImagePlugin_SuperImpose,bn,Bengali,qwen2.5-coder:7b,ইমেজ প্লাগইন সুপার ইমপোসে,3.542
107,Uncategorized,bn,Bengali,qwen2.5-coder:7b,অনুশ্রুতি নেই,1.99
108,& Attachments,bn,Bengali,qwen2.5-coder:7b,& অংশগঠন,1.539
109,Users,bn,Bengali,qwen2.5-coder:7b,ব্যবহারকারীরা,1.87
110,Goal,bn,Bengali,qwen2.5-coder:7b,অ্যাগোল,1.199
111,Draw Frames,bn,Bengali,qwen2.5-coder:7b,চাপ করুন,1.315
112,Network device,bn,Bengali,qwen2.5-coder:7b,নেটওয়ার্ক উপকরণ,2.22
113,Quanta Project Importer,bn,Bengali,qwen2.5-coder:7b,কুন্টা প্রকল্প ইমপোর্টার,3.256
114,Text Area,bn,Bengali,qwen2.5-coder:7b,লেখা জায়গা,1.687
115,Budget year,bn,Bengali,qwen2.5-coder:7b,বাজেট বছর,1.381
116,50 bumps,bn,Bengali,qwen2.5-coder:7b,50 বিপরোধ,1.557
117,Edje File:,bn,Bengali,qwen2.5-coder:7b,এডজে ফাইল:,1.542
118,Position x:,bn,Bengali,qwen2.5-coder:7b,পজিশন x:,1.228
119,interior declaration,bn,Bengali,qwen2.5-coder:7b,অন্তর্ভুক্তি প্রাধান্য,2.849
120,Data select,bn,Bengali,qwen2.5-coder:7b,ডেটা সিলেক্ট,1.724
121,TV for KDE,bn,Bengali,qwen2.5-coder:7b,কেইডি জন্য টিভি,2.252
122,Unknown server,bn,Bengali,qwen2.5-coder:7b,অজানা সার্ভার,1.831
123,Dolphin Toolbar,bn,Bengali,qwen2.5-coder:7b,ডল্পিন টুলবার,1.885
124,End Color:,bn,Bengali,qwen2.5-coder:7b,শেষ রং:,1.223
125,Could not find conduit %1.,bn,Bengali,qwen2.5-coder:7b,কোনো সংযুক্তি %1 খুঁজে পাওয়া যায়নি।,4.97
126,Black and White,bn,Bengali,qwen2.5-coder:7b,কালো এবং সাঁলাম,2.284
127,KDevStructureTree,bn,Bengali,qwen2.5-coder:7b,কেভেলা স্ট্রাচচার টুই,2.937
128,Write-only,bn,Bengali,qwen2.5-coder:7b,কেবল লিখা সম্ভব,2.04
129,Library,bn,Bengali,qwen2.5-coder:7b,লাবরেরি,1.134
130,Border size:,bn,Bengali,qwen2.5-coder:7b,বাড়ির আকার:,1.717
131,Allow,bn,Bengali,qwen2.5-coder:7b,অনুমোদ দিন,1.617
132,Audio output device,bn,Bengali,qwen2.5-coder:7b,অডিউ আউটপুট উপকরণ,2.314
133,Password changer,bn,Bengali,qwen2.5-coder:7b,পাসওয়ার্ড পরিবর্তনকারী,3.154
134,Akonadi Knut Data File,bn,Bengali,qwen2.5-coder:7b,আকোনাদি কনুট ডেটা ফাইল,3.058
135,Skipping %1...,bn,Bengali,qwen2.5-coder:7b,পাঠিয়ে দিতেছি %1...,2.48
136,Scheduler priority: %1,bn,Bengali,qwen2.5-coder:7b,সময়সূচক অপরিমাণ: %1,2.799
137,Audio mixer utility,bn,Bengali,qwen2.5-coder:7b,অডিও মিশ্রণ উপকরণ,2.196
138,Graph Files,bn,Bengali,qwen2.5-coder:7b,চিত্র ফাইলসমূহ,2.008
139,& Beep,bn,Bengali,qwen2.5-coder:7b,& বিপি,1.13
140,LDAP Operation,bn,Bengali,qwen2.5-coder:7b,LDAP অপেレーション,1.076
141,Palette name:,bn,Bengali,qwen2.5-coder:7b,প্যালেটের নাম:,1.859
142,Tunnels (1) - The Monster,bn,Bengali,qwen2.5-coder:7b,টুনেলস (১) - অপর্যাপ্ত বিশ্বাস,3.909
143,Spanish (Costa Rica),bn,Bengali,qwen2.5-coder:7b,স্পেনী (কোস্টা রিকা),2.731
144,& List Environment,bn,Bengali,qwen2.5-coder:7b,& সম্পর্ক পরিবর্তন,2.423
145,Union,bn,Bengali,qwen2.5-coder:7b,উপজেলা,1.113
146,Help Contents,bn,Bengali,qwen2.5-coder:7b,সাহায্য অংশগুলি,2.252
147,Key bindings,bn,Bengali,qwen2.5-coder:7b,কীভাবে বাধ্যকরণ,2.143
148,Copyright (c) 2007-2008 The KapTeam,bn,Bengali,qwen2.5-coder:7b,সূচনা (c) ২০০৭-২০০৮ ক্যাপটিম এক্সপ্লোরিং লিমিটেড,7.032
149,ComboBox dialog,bn,Bengali,qwen2.5-coder:7b,কম্বোবক্স ডিলগ করুন,2.635
150,Sent date:,bn,Bengali,qwen2.5-coder:7b,প্রেরণার তারিখ:,2.127
151,Write error,bn,Bengali,qwen2.5-coder:7b,আইনি লিখা ভুলি,2.045
152,Educational applications,bn,Bengali,qwen2.5-coder:7b,শিক্ষাগত এপ্লিকেশনসমূহ,2.842
153,Select wind format:,bn,Bengali,qwen2.5-coder:7b,বেড়াইন ফরম্যাট নির্বাচন করুন:,3.993
154,Western Europe,bn,Bengali,qwen2.5-coder:7b,পশ্চিম যুরোপ,1.953
155,Channel Mode,bn,Bengali,qwen2.5-coder:7b,চ্যানেল মোড,1.717
156,%1 (Brokerage),bn,Bengali,qwen2.5-coder:7b,%1 (ব্রকেজ),1.616
157,Image:,bn,Bengali,qwen2.5-coder:7b,ছবি:,0.911
158,of Heshvan,bn,Bengali,qwen2.5-coder:7b,হেশবনের,1.311
159,Could not read script '%1 '. Error %2,bn,Bengali,qwen2.5-coder:7b,স্ক্রিপ্ট '%1' পড়াতে সমস্যা। ত্রুটি %2,4.958
160,Logging in...,bn,Bengali,qwen2.5-coder:7b,লগইন হচ্ছে...,1.587
161,Print Frame...,bn,Bengali,qwen2.5-coder:7b,প্রিন্ট ফ্রেম...,1.804
162,Yellow-Green Filter,bn,Bengali,qwen2.5-coder:7b,কমলা-সবুজ ফিল্টার,2.436
163,Computer/ AI Player,bn,Bengali,qwen2.5-coder:7b,কম্পিউটার/ আইএস প্লেয়ার,3.211
164,Landing Site,bn,Bengali,qwen2.5-coder:7b,ল্যান্ডিং সাইট,1.964
165,Default Language:,bn,Bengali,qwen2.5-coder:7b,মানিচিত্র ভাষা:,2.016
166,Channel %1,bn,Bengali,qwen2.5-coder:7b,চ্যানেল %1,1.456
167,cubic miles,bn,Bengali,qwen2.5-coder:7b,কুবিক মাইল,1.659
168,S/ MIME Validation,bn,Bengali,qwen2.5-coder:7b,S/ MIME সীমানা পроверা,2.138
169,New Field,bn,Bengali,qwen2.5-coder:7b,নতুন জেলা,1.517
170,"American Male, MBROLA",bn,Bengali,qwen2.5-coder:7b,"আমেরিকান মহিলা, MBROLA",2.477
171,UserId,bn,Bengali,qwen2.5-coder:7b,ইউজার আইডি,1.496
172,Segmented,bn,Bengali,qwen2.5-coder:7b,সংখ্যিত,1.263
173,Video Device,bn,Bengali,qwen2.5-coder:7b,ভিডিও উপকরণ,1.536
174,License,bn,Bengali,qwen2.5-coder:7b,লাইসেন্স,1.271
175,Graph style,bn,Bengali,qwen2.5-coder:7b,চার্ট প্রতিযোগিতা,2.333
176,Device Error,bn,Bengali,qwen2.5-coder:7b,ডিভাইস ভুলি,1.654
177,Scan Results,bn,Bengali,qwen2.5-coder:7b,স্ক্যান ফলাফল,1.738
178,Remove image,bn,Bengali,qwen2.5-coder:7b,ছবি অপরিদর্শন করুন,2.354
179,New Tab Behavior,bn,Bengali,qwen2.5-coder:7b,নতুন টাবের পরিবর্তন,2.613
180,RSQ(known Y; known X),bn,Bengali,qwen2.5-coder:7b,RSQ(জানা Y; জানা X),2.404
181,Commands,bn,Bengali,qwen2.5-coder:7b,কমান্ডস,1.199
182,pendown,bn,Bengali,qwen2.5-coder:7b,নিচ্ছিলেন,1.36
183,Transfer type:,bn,Bengali,qwen2.5-coder:7b,Transfer type:,0.846
184,Output Channels,bn,Bengali,qwen2.5-coder:7b,আউটপুট চ্যানেলস,2.043
185,Ballot X Bullet,bn,Bengali,qwen2.5-coder:7b,বলট এক বিন্দু,1.989
186,Hosts allow:,bn,Bengali,qwen2.5-coder:7b,হোস্টস অনুমোদন করে:,2.776
187,What,bn,Bengali,qwen2.5-coder:7b,কীভাবে,1.185
188,Card Number,bn,Bengali,qwen2.5-coder:7b,কার্ড নম্বর,1.54
189,Modification,bn,Bengali,qwen2.5-coder:7b,মুদ্রা,1.118
190,Ports,bn,Bengali,qwen2.5-coder:7b,পোর্টস,1.13
191,ATI Query,bn,Bengali,qwen2.5-coder:7b,এই প্রশ্নটি অনুমোদিত নয়।,3.279
192,Open a torrent,bn,Bengali,qwen2.5-coder:7b,টর্নট খোলুন,1.889
193,of Hijjah,bn,Bengali,qwen2.5-coder:7b,হজ্জের অংশে,1.69
194,Wire mesh,bn,Bengali,qwen2.5-coder:7b,ইলাকা মাধ্যম,1.647
195,Painterly Overlay,bn,Bengali,qwen2.5-coder:7b,প্রকাশনীয় অভিযান্ত,2.732
196,Output Order,bn,Bengali,qwen2.5-coder:7b,আউটপুট অর্ডার,1.934
197,"Copyright (c) 1999-2006, Developers",bn,Bengali,qwen2.5-coder:7b,"সূচনা (c) 1999-2006, ডেভেলপারস",4.39
198,Backend Selection,bn,Bengali,qwen2.5-coder:7b,Backend সিলেকশন,1.622
199,A2 Invitation,bn,Bengali,qwen2.5-coder:7b,A2 অনুমোদন,1.836
200,Username: %1,bn,Bengali,qwen2.5-coder:7b,ব্যবহারকর্তা নাম: %1,2.503
201,Vocabulary exam,bn,Bengali,qwen2.5-coder:7b,ভাষা পরীক্ষা,1.85
202,Output Type,bn,Bengali,qwen2.5-coder:7b,আউটপুট প্রকার,1.884
203,Format Percent,bn,Bengali,qwen2.5-coder:7b,পরিশেষ অংশ,1.609
204,Phone Number:,bn,Bengali,qwen2.5-coder:7b,ফোন নম্বর:,1.58
205,Banners,bn,Bengali,qwen2.5-coder:7b,ব্যানারসমূহ,1.726
206,Ammann lines,bn,Bengali,qwen2.5-coder:7b,আমন্ন লাইনস,1.728
207,Screen shot,bn,Bengali,qwen2.5-coder:7b,স্ক্রিনশট,1.428
208,Delete Filter?,bn,Bengali,qwen2.5-coder:7b,ফিল্টার ডিলিট করতে চান?,2.877
209,& Insecure,bn,Bengali,qwen2.5-coder:7b,& অনুযায়ী,1.869
210,KStars Tools,bn,Bengali,qwen2.5-coder:7b,কেস্টারস টুলস,1.933
211,KDE CD player,bn,Bengali,qwen2.5-coder:7b,KDE ক্যাডিয়াল প্লেয়ার,3.007
212,Please select a game:,bn,Bengali,qwen2.5-coder:7b,দয়া করে একটি খেলা নির্বাচন করুন:,4.314
213,Anchor,bn,Bengali,qwen2.5-coder:7b,আন্চর,0.948
214,KResources Framework Plugin,bn,Bengali,qwen2.5-coder:7b,করেসর্স ফ্রেমওয়ার্ক প্লাগইন,3.468
215,Got old transactions,bn,Bengali,qwen2.5-coder:7b,পুরোকোটির ট্রান্সফার পেয়েছি,3.883
216,State:,bn,Bengali,qwen2.5-coder:7b,রাজ্য:,1.086
217,Throughput Graph,bn,Bengali,qwen2.5-coder:7b,প্রতিবেগ গ্রাফ,1.907
218,Parent ID,bn,Bengali,qwen2.5-coder:7b,মানুষের আইডি,1.829
219,Filename Patterns,bn,Bengali,qwen2.5-coder:7b,নাম পatters,1.107
220,Search Engine,bn,Bengali,qwen2.5-coder:7b,সার্চ ইঞ্জিন,1.728
221,Getting & kde;,bn,Bengali,qwen2.5-coder:7b,Getting & kde;,1.122
222,Image Resolution,bn,Bengali,qwen2.5-coder:7b,ইমেজ সমাধান,1.518
223,Observing List...,bn,Bengali,qwen2.5-coder:7b,পর্যায় তালিকা...,2.201
224,New Tab Page,bn,Bengali,qwen2.5-coder:7b,নতুন টেবিলেট পেজ,2.237
225,Copying Succeeded,bn,Bengali,qwen2.5-coder:7b,সফলভাবে কপি করা হয়েছে,2.931
226,Selected text,bn,Bengali,qwen2.5-coder:7b,নির্বাচিত লেখা,1.914
227,CadetBlue4,bn,Bengali,qwen2.5-coder:7b,কেডেট ব্লু ৪,2.024
228,Track Color:,bn,Bengali,qwen2.5-coder:7b,রেকর্ড রং:,1.595
229,Network Problems,bn,Bengali,qwen2.5-coder:7b,নেটওয়ার্ক সমস্যা,2.329
230,Text-to-Speech,bn,Bengali,qwen2.5-coder:7b,টেক্সট-টো-স্পিচ,2.431
231,Host/ User,bn,Bengali,qwen2.5-coder:7b,হোস্ট/ ইউজার,1.903
232,Horizontally,bn,Bengali,qwen2.5-coder:7b,হারায়ে,1.302
233,Grouping Stencils,bn,Bengali,qwen2.5-coder:7b,গুলি স্টেন্সিল,2.119
234,Template & name:,bn,Bengali,qwen2.5-coder:7b,টেমপ্লেট &নাম:,1.98
235,Wind speed: %1,bn,Bengali,qwen2.5-coder:7b,বেড়াইটির গতি: %1,2.346
236,SpringGreen,bn,Bengali,qwen2.5-coder:7b,স্পৃংগ গ্রেন,1.966
237,Acceleration & profile:,bn,Bengali,qwen2.5-coder:7b,বেগ এবং প্রোফাইল:,2.5
238,& Size:,bn,Bengali,qwen2.5-coder:7b,& আকার:,1.165
239,Max age,bn,Bengali,qwen2.5-coder:7b,মаксিমাল আعمار,1.368
240,incomplete,bn,Bengali,qwen2.5-coder:7b,অসম্পূর্ণ,1.45
241,Add Repository,bn,Bengali,qwen2.5-coder:7b,রিপোজিটরি যোগ করুন,2.664
242,Informative,bn,Bengali,qwen2.5-coder:7b,ইনফরমেটিভ,1.438
243,& rsibreak; statistics,bn,Bengali,qwen2.5-coder:7b,& rsibreak; স্ট্যাটিস্টিকস,2.602
244,Multiplication,bn,Bengali,qwen2.5-coder:7b,মূল্যাংশ,1.447
245,pptpclient is missing,bn,Bengali,qwen2.5-coder:7b,pptpclient অস্থায়ী,2.254
246,Skipped.,bn,Bengali,qwen2.5-coder:7b,পাঠিয়ে দিয়েছে।,2.439
247,& Superlative,bn,Bengali,qwen2.5-coder:7b,& সুন্দরতা,1.68
248,Design View,bn,Bengali,qwen2.5-coder:7b,ডিজাইন দৃষ্টি,1.94
249,DarkGreen,bn,Bengali,qwen2.5-coder:7b,কালো,1.081
250,Accesspoint,bn,Bengali,qwen2.5-coder:7b,অ্যাক্সেসপয়েন্ট,2.3
251,Contents Behavior,bn,Bengali,qwen2.5-coder:7b,মحتুনের পরিবর্তন,2.151
252,Not Ready,bn,Bengali,qwen2.5-coder:7b,নেই প্রস্তুত,1.81
253,Setting Category:,bn,Bengali,qwen2.5-coder:7b,সেটিং বিভাগ:,1.719
254,Elevation:,bn,Bengali,qwen2.5-coder:7b,উচ্চতা:,1.165
255,Unable to start %1.,bn,Bengali,qwen2.5-coder:7b,%1 শুরু করা যায়নি।,2.862
256,Sample rate,bn,Bengali,qwen2.5-coder:7b,নমুনা হাতির দিন,2.145
257,Shut Up,bn,Bengali,qwen2.5-coder:7b,শুনো না,1.469
258,Page size:,bn,Bengali,qwen2.5-coder:7b,পেজ আকার:,1.363
259,Display Prefix:,bn,Bengali,qwen2.5-coder:7b,প্রিফিক্স দেখাও:,2.062
260,Storm,bn,Bengali,qwen2.5-coder:7b,বাজার,0.943
261,Best effort,bn,Bengali,qwen2.5-coder:7b,সর্বোচ্চ পরিমাণ,2.062
262,Years,bn,Bengali,qwen2.5-coder:7b,বছর,0.743
263,XML Validation,bn,Bengali,qwen2.5-coder:7b,XML সীমানা পроверণ,1.717
264,black (bold),bn,Bengali,qwen2.5-coder:7b,কালো (পাইকা),1.787
265,Formula Selection,bn,Bengali,qwen2.5-coder:7b,ফর্মুলা সিলেকশন,2.107
266,Secure,bn,Bengali,qwen2.5-coder:7b,সুরক্ষিত,1.393
267,Coral,bn,Bengali,qwen2.5-coder:7b,করোলা,1.088
268,Work path:,bn,Bengali,qwen2.5-coder:7b,কাজ পথ:,1.183
269,First-run Wizard,bn,Bengali,qwen2.5-coder:7b,প্রথম চালানো জিনিস,2.516
270,OK dialog,bn,Bengali,qwen2.5-coder:7b,আক্রমণ পরিবর্তন,2.046
271,Last & Friday,bn,Bengali,qwen2.5-coder:7b,শুক্রবার আগে,1.942
272,File Path,bn,Bengali,qwen2.5-coder:7b,ফাইল পথ,1.198
273,Groups,bn,Bengali,qwen2.5-coder:7b,গুপ্তা,1.109
274,Pixmap:,bn,Bengali,qwen2.5-coder:7b,প্যাম্পিক:,1.508
275,Austrian Schilling,bn,Bengali,qwen2.5-coder:7b,অস্ট্রিয়ান সিলিং,2.434
276,Phoenix Islands,bn,Bengali,qwen2.5-coder:7b,ফ্যাশন ইলাম্স,1.733
277,42 Points,bn,Bengali,qwen2.5-coder:7b,৪২ বিন্দু,1.676
278,French,bn,Bengali,qwen2.5-coder:7b,ফ্রান্সি,1.211
279,Rectangular,bn,Bengali,qwen2.5-coder:7b,আয়োজিত,1.316
280,Foreground color,bn,Bengali,qwen2.5-coder:7b,পৌরো বাজারের রং,2.211
281,Place cursor,bn,Bengali,qwen2.5-coder:7b,কursor স্থাপন করুন,1.992
282,Shortcut name: s,bn,Bengali,qwen2.5-coder:7b,কেরোটির নাম: s,2.249
283,Output To,bn,Bengali,qwen2.5-coder:7b,আউটপুট করুন,1.844
284,(none),bn,Bengali,qwen2.5-coder:7b,(কোনোটা),1.496
285,_Password:,bn,Bengali,qwen2.5-coder:7b,পাসওয়ার্ড:,1.734
286,Verification:,bn,Bengali,qwen2.5-coder:7b,অনুমোদন:,1.506
287,Log Directory:,bn,Bengali,qwen2.5-coder:7b,লগ দিরেক্টরি:,1.732
288,Flower box,bn,Bengali,qwen2.5-coder:7b,ফুলবক,1.1
289,LightCoral,bn,Bengali,qwen2.5-coder:7b,লাইটকরল,1.233
290,& Next Track,bn,Bengali,qwen2.5-coder:7b,& অনোনেম ট্র্যাক,2.278
291,Save to,bn,Bengali,qwen2.5-coder:7b,সেভ করুন,1.394
292,Monthly,bn,Bengali,qwen2.5-coder:7b,মাসিক,0.913
293,Dark green,bn,Bengali,qwen2.5-coder:7b,কালো,1.135
294,Focal Length:,bn,Bengali,qwen2.5-coder:7b,ফোকাল দৈর্ঘ্য:,2.222
295,Next in XMMS,bn,Bengali,qwen2.5-coder:7b,পরের অংশ অন্তর্ভুক্তি,3.182
296,Default view layout:,bn,Bengali,qwen2.5-coder:7b,ডিফল্ট দৃষ্টিকোণ আকার:,3.149
297,weightConst,bn,Bengali,qwen2.5-coder:7b,ওজন স্থিতিস্থান,2.036
298,Written Data,bn,Bengali,qwen2.5-coder:7b,সম্পাদিত ডেটা,1.758
299,Y rotation,bn,Bengali,qwen2.5-coder:7b,ই-রূপনিয়ম,1.657
300,& find,bn,Bengali,qwen2.5-coder:7b,& খুঁজুন,1.598
301,Nationalities,bn,Bengali,qwen2.5-coder:7b,জাতি,0.92
302,Open a script...,bn,Bengali,qwen2.5-coder:7b,স্ক্রিপ্ট খোলো...,2.328
303,Frost Glass,bn,Bengali,qwen2.5-coder:7b,আরোহিত গ্ল্যাস,2.08
304,WEEKSINYEAR(year),bn,Bengali,qwen2.5-coder:7b,এক বছরের সপ্তাহগুলি (year),3.084
305,SingleSided,bn,Bengali,qwen2.5-coder:7b,একদিক পাতা,1.572
306,vCard Address Book File,bn,Bengali,qwen2.5-coder:7b,ভ্যার্ড ঠিকানা কниগ্রূহ ফাইল,3.508
307,Search What,bn,Bengali,qwen2.5-coder:7b,খুঁজুন কীভাবে,2.467
308,Vector Equality Test,bn,Bengali,qwen2.5-coder:7b,ভেক্টর সমানতা পরীক্ষা,2.682
309,Light Gray,bn,Bengali,qwen2.5-coder:7b,সুন্দর সাদা,1.736
310,Game New Sandbox Game,bn,Bengali,qwen2.5-coder:7b,নতুন স্বপ্ন গেম,2.186
311,Mobile Phone Information,bn,Bengali,qwen2.5-coder:7b,মোবাইল ফোন তথ্য,2.297
312,Paper Size:,bn,Bengali,qwen2.5-coder:7b,পেপার আকার:,1.668
313,Network Construction Game,bn,Bengali,qwen2.5-coder:7b,নেটওয়ার্ক নির্মাণ খেলা,2.889
314,COLUMNS(reference),bn,Bengali,qwen2.5-coder:7b,কলোমগুলি (সম্পর্ক),2.577
315,Generalization,bn,Bengali,qwen2.5-coder:7b,সাধারণায়োগ,1.837
316,Issued,bn,Bengali,qwen2.5-coder:7b,ইস্যু করা,1.496
317,Answer string:,bn,Bengali,qwen2.5-coder:7b,উত্তর স্ট্রিং:,1.852
318,Middle,bn,Bengali,qwen2.5-coder:7b,মধ্য,0.803
319,Vert. Size Type,bn,Bengali,qwen2.5-coder:7b,উল্লেখিত সূচকে অনুসারে উল্লেখিত সূচকে অনুসারে উল্লেখিত সূচকে অনুসারে উল্লেখিত সূচকে অনুসারে,10.717
320,12 MB or more,bn,Bengali,qwen2.5-coder:7b,১২ এমিবি বা বেশি,2.463
321,PCSCLite Configuration,bn,Bengali,qwen2.5-coder:7b,PCSCLite সমন্বয়,1.853
322,1024 mm or more,bn,Bengali,qwen2.5-coder:7b,১০২৪ মিমি বা বেশি,2.814
323,KDE Certificate Request,bn,Bengali,qwen2.5-coder:7b,KDE সাক্ষরতা অনুরোধ,2.523
324,NMM Configuration,bn,Bengali,qwen2.5-coder:7b,NMM সমন্বয়,1.642
325,CGConstraintSolver,bn,Bengali,qwen2.5-coder:7b,CGConstraintSolver,0.81
326,Overwrite mode:,bn,Bengali,qwen2.5-coder:7b,অনুৰোধ বার্তা:,2.408
327,Adding Applets,bn,Bengali,qwen2.5-coder:7b,অ্যাপ্লিট যোগ করা,2.408
328,Starting in cell,bn,Bengali,qwen2.5-coder:7b,শূন্যে শুরু হচ্ছে,2.586
329,List Wizard,bn,Bengali,qwen2.5-coder:7b,লিস্ট জিজ্ঞাসা,1.919
330,Player Names,bn,Bengali,qwen2.5-coder:7b,বিছিন্ন নাম,1.58
331,Music Tool,bn,Bengali,qwen2.5-coder:7b,মuzিক টুল,1.35
332,Control Center Modules,bn,Bengali,qwen2.5-coder:7b,কন্ট্রোল সেন্টার মডিউলস,2.838
333,%1 unsaved document (%2),bn,Bengali,qwen2.5-coder:7b,%1 অসংরক্ষিত দক্ষিণা (%2),3.136
334,Instructions:,bn,Bengali,qwen2.5-coder:7b,নির্দেশনা:,1.643
335,Resolve,bn,Bengali,qwen2.5-coder:7b,সমাধান,1.09
336,Progressive,bn,Bengali,qwen2.5-coder:7b,প্রগতি,1.114
337,Descriptions,bn,Bengali,qwen2.5-coder:7b,বিবরণ,0.952
338,Filter Log Viewer,bn,Bengali,qwen2.5-coder:7b,লগ দেখার ফিল্টার,2.175
339,Pre-text:,bn,Bengali,qwen2.5-coder:7b,পূর্ব-লেখ:,1.655
340,Transparent,bn,Bengali,qwen2.5-coder:7b,প্রাবেশী,1.387
341,Multiline response color:,bn,Bengali,qwen2.5-coder:7b,মульটি-লাইন উত্তরের রং:,2.886
342,File Quality,bn,Bengali,qwen2.5-coder:7b,ফাইল গুলির গুলির গুলির গুলির গুলির গুলির গুলির গুলির গুলির গুলির গুলির গুলির গুলির গুল,10.805
343,Connect,bn,Bengali,qwen2.5-coder:7b,ঘরোয়া করুন,1.885
344,Finished,bn,Bengali,qwen2.5-coder:7b,সম্পন্ন,1.163
345,& Gamma (Color correction):,bn,Bengali,qwen2.5-coder:7b,& গ্যামা (কালো সংশোধন):,3.131
346,Home user,bn,Bengali,qwen2.5-coder:7b,হোম ইউজার,1.568
347,Desktop Sessions,bn,Bengali,qwen2.5-coder:7b,Desktop Sessions,0.682
348,System Tray Applet,bn,Bengali,qwen2.5-coder:7b,সистем ট্রে অ্যাপলেট,2.113
349,USB Device,bn,Bengali,qwen2.5-coder:7b,USB ডিভাইস,1.332
350,Stretch,bn,Bengali,qwen2.5-coder:7b,স্ট্রেচ,1.156
351,Kugar report template,bn,Bengali,qwen2.5-coder:7b,কুগার রিপোর্ট টেমপ্লেট,2.998
352,New board,bn,Bengali,qwen2.5-coder:7b,নতুন বোর্ড,1.757
353,Australia/ Broken_Hill,bn,Bengali,qwen2.5-coder:7b,অস্ট্রেলিয়া/ব্রকেন হাইল,3.285
354,Torture Krita with filters,bn,Bengali,qwen2.5-coder:7b,কৃতা ফিল্টারের সাথে বিনীত,3.515
355,User Properties Dialog,bn,Bengali,qwen2.5-coder:7b,ব্যবহারকারী বৈশিষ্ট্য ডিলগ বক্তি বৈশিষ্ট্য ডিলগ বক্তি বৈশিষ্ট্য ডিলগ বক্তি বৈশিষ্ট্য ডিলগ বক্তি,10.897
356,(no trace),bn,Bengali,qwen2.5-coder:7b,(কোনো স্পর্শ নেই),2.366
357,Image Plugins,bn,Bengali,qwen2.5-coder:7b,ইমেজ প্লাগইনস,1.856
358,*. ui_BAR_Designer Files,bn,Bengali,qwen2.5-coder:7b,*. ui_BAR_Designer ফাইলসমূহ,2.214
359,KDevHTMLPreview,bn,Bengali,qwen2.5-coder:7b,কেভেল এমএইচএল প্রিভিয়াইন,3.263
360,S/ MIME Key Selection,bn,Bengali,qwen2.5-coder:7b,S/ MIME কী সিলেকশন,2.081
361,Math Mode,bn,Bengali,qwen2.5-coder:7b,ম্যাথ মোড,1.512
362,Data entry,bn,Bengali,qwen2.5-coder:7b,ডেটা ইনপুট,1.595
363,Recommended: UTF-8,bn,Bengali,qwen2.5-coder:7b,সমন্বয়: UTF-8,1.756
364,Popup Top-Right,bn,Bengali,qwen2.5-coder:7b,পপোআউট উপর-ডান,2.057
365,Transition duration,bn,Bengali,qwen2.5-coder:7b,স্থানানীয়তা সময়,2.561
366,Transfers,bn,Bengali,qwen2.5-coder:7b,স্বাস্থ্য ব্যাংক,2.141
367,Asia/ Kuching,bn,Bengali,qwen2.5-coder:7b,আসিয়া/কুচিং,2.096
368,Cups PDF Log Files,bn,Bengali,qwen2.5-coder:7b,কাপি পিডিএফ লগ ফাইলসমূহ,2.911
369,Clock Frequency,bn,Bengali,qwen2.5-coder:7b,সময়কালীন হার,1.946
370,Triple,bn,Bengali,qwen2.5-coder:7b,ত্রিপিটি,1.244
371,*** Finished ***,bn,Bengali,qwen2.5-coder:7b,*** শেষ হয়েছে ***,1.92
372,Searching: search,bn,Bengali,qwen2.5-coder:7b,অনুসন্ধান করা: অনুসন্ধান,3.083
373,Success.,bn,Bengali,qwen2.5-coder:7b,সফল।,0.837
374,Portable Pixmap Image (. ppm),bn,Bengali,qwen2.5-coder:7b,মুক্তি প্যাম্প্লেট ছবি (. ppm),3.142
375,SSL Ciphers,bn,Bengali,qwen2.5-coder:7b,SSL সিফারস্ট্রিট,1.913
376,Required by:,bn,Bengali,qwen2.5-coder:7b,নীচে প্রয়োজনীয়:,2.799
377,Empty the cache,bn,Bengali,qwen2.5-coder:7b,ক্যাশ খালি করুন,2.188
378,Database Creator,bn,Bengali,qwen2.5-coder:7b,ডেটাবেজ তৈরিককার,2.222
379,Read only,bn,Bengali,qwen2.5-coder:7b,অক্রমণীয়,1.669
380,Term,bn,Bengali,qwen2.5-coder:7b,সময়,0.943
381,JS Sample Engine,bn,Bengali,qwen2.5-coder:7b,JavaScript সম플 ইঞ্জিন,1.843
382,isiXhosa Xhosa (South Africa),bn,Bengali,qwen2.5-coder:7b,ইসিখোসা খোসা (সুইজারল্যান্ড),3.916
383,Video Player,bn,Bengali,qwen2.5-coder:7b,ভিডিও প্লেয়ার,2.09
384,Math Environments,bn,Bengali,qwen2.5-coder:7b,ম্যাথ অন্যতম সম্পর্কে,2.585
385,angularVelocity,bn,Bengali,qwen2.5-coder:7b,অ্যাংগুলার বেলিটি,2.258
386,"Letter, Modifier",bn,Bengali,qwen2.5-coder:7b,"লেটার, মোডিফিকেটর",2.408
387,User2,bn,Bengali,qwen2.5-coder:7b,ইউজার ২,1.326
388,Wildcard,bn,Bengali,qwen2.5-coder:7b,কার্ডলাইন,1.366
389,Check List dialog,bn,Bengali,qwen2.5-coder:7b,চেক লিস্ট ডিলগ বক্স,2.367
390,& PFS Group,bn,Bengali,qwen2.5-coder:7b,& পিএফএস গ্রুপ,2.011
391,too old,bn,Bengali,qwen2.5-coder:7b,খুব বড়,1.455
392,%1 Transfers.,bn,Bengali,qwen2.5-coder:7b,%1 ট্রাফর্স।,1.837
393,LDAP idmap suffix:,bn,Bengali,qwen2.5-coder:7b,LDAP ইডম্প সিফিকেট:,2.282
394,Interpolate:,bn,Bengali,qwen2.5-coder:7b,অন্তর্ভুক্ত করুন:,2.66
395,Explosions,bn,Bengali,qwen2.5-coder:7b,বিস্ফোরণ,1.409
396,Aligned,bn,Bengali,qwen2.5-coder:7b,সামান্য,1.13
397,& Talker:,bn,Bengali,qwen2.5-coder:7b,& বক্তৃ:,1.455
398,unlimited,bn,Bengali,qwen2.5-coder:7b,অসীম,1.024
399,Image source:,bn,Bengali,qwen2.5-coder:7b,ছবির উৎসাহ:,1.528
400,Web Forms Daemon,bn,Bengali,qwen2.5-coder:7b,ওয়েব ফর্ম ডেমন,2.081
401,& kxsldbg; can now,bn,Bengali,qwen2.5-coder:7b,& kxsldbg; এখন পারে,2.303
402,Refine Shopping List,bn,Bengali,qwen2.5-coder:7b,শপিং লিস্টটি সুন্দর করুন,3.296
403,Destination,bn,Bengali,qwen2.5-coder:7b,স্থান,0.958
404,Statistics,bn,Bengali,qwen2.5-coder:7b,স্ট্যাটিস্টিকস,1.803
405,Shortcut name: show,bn,Bengali,qwen2.5-coder:7b,কেরোটির নাম: দেখাও,2.566
406,Radial,bn,Bengali,qwen2.5-coder:7b,রেডিয়াল,1.412
407,Initial level:,bn,Bengali,qwen2.5-coder:7b,আদিশীম স্তর:,1.747
408,Electronegativity (Pauling),bn,Bengali,qwen2.5-coder:7b,ইলেকট্রনেগেটিবিটি (পাউলিং),3.325
409,Package name:,bn,Bengali,qwen2.5-coder:7b,প্যাকেজের নাম:,1.956
410,Chad,bn,Bengali,qwen2.5-coder:7b,চাদ,0.775
411,KWD Files,bn,Bengali,qwen2.5-coder:7b,কোয়াড ফাইলস,1.846
412,Tile border:,bn,Bengali,qwen2.5-coder:7b,তালিকা বাড়িরেখা:,2.259
413,Available,bn,Bengali,qwen2.5-coder:7b,পাওয়া যায়,1.79
414,Coupons per year,bn,Bengali,qwen2.5-coder:7b,প্রতি বছরের কোপন,2.331
415,close,bn,Bengali,qwen2.5-coder:7b,বন্ধ করুন,1.445
416,power profile %1,bn,Bengali,qwen2.5-coder:7b,পাওয়ার প্রোফাইল %1,2.563
417,Action messages:,bn,Bengali,qwen2.5-coder:7b,একশন বায়োডের বার্তা:,2.833
418,Ukraine,bn,Bengali,qwen2.5-coder:7b,ইউক্রেন,1.218
419,Port,bn,Bengali,qwen2.5-coder:7b,পোর্ট,1.061
420,image save OK,bn,Bengali,qwen2.5-coder:7b,ইমেজ সেভ ওকে,1.709
421,Item height,bn,Bengali,qwen2.5-coder:7b,আইটেম আকার,1.477
422,& Query Modem...,bn,Bengali,qwen2.5-coder:7b,& মোডেম অনুসন্ধান...,2.624
423,Constraints,bn,Bengali,qwen2.5-coder:7b,সূচনা,1.112
424,Scanning for %1...,bn,Bengali,qwen2.5-coder:7b,স্ক্যান করা আছে %1...,2.483
425,F Major,bn,Bengali,qwen2.5-coder:7b,F মাইরো,1.316
426,Soundcard Information,bn,Bengali,qwen2.5-coder:7b,অডিও কার্ড তথ্য,2.055
427,& Background color:,bn,Bengali,qwen2.5-coder:7b,& ব্যাকগ্রাউন্ড রং:,2.588
428,Dithering PPI,bn,Bengali,qwen2.5-coder:7b,ডিথারিং প্পি,1.896
429,Other command line options,bn,Bengali,qwen2.5-coder:7b,অন্যান্য কম্পাউন্ড লাইন অপশনসমূহ,3.957
430,Part Instruction Call,bn,Bengali,qwen2.5-coder:7b,অংশ ইনструк্শন কল,1.861
431,Identity:,bn,Bengali,qwen2.5-coder:7b,আইডিটি:,1.128
432,Shuffle,bn,Bengali,qwen2.5-coder:7b,ক্ষেন করুন,1.525
433,Expense,bn,Bengali,qwen2.5-coder:7b,খরচ,0.749
434,LightBlue4,bn,Bengali,qwen2.5-coder:7b,লাইট ব্লু ৪,1.867
435,Last. fm Profile,bn,Bengali,qwen2.5-coder:7b,লাস্ট. ফিম প্রোফাইল,2.498
436,& Grayscale,bn,Bengali,qwen2.5-coder:7b,& সামান্য রঙ,1.76
437,Autoconfiguration,bn,Bengali,qwen2.5-coder:7b,অটো সমন্বয়,1.82
438,Subject distance type:,bn,Bengali,qwen2.5-coder:7b,সূচক দূরত্বের ধরনি:,2.678
439,File Size:,bn,Bengali,qwen2.5-coder:7b,ফাইল আকার:,1.521
440,Comments: %1,bn,Bengali,qwen2.5-coder:7b,মন্তব্য: %1,1.566
441,Example: mount %d,bn,Bengali,qwen2.5-coder:7b,মثال: মাউন্ট %d,1.835
442,Append Signature,bn,Bengali,qwen2.5-coder:7b,সIGNATURE যোগ করুন,1.937
443,No CMY,bn,Bengali,qwen2.5-coder:7b,নেই কেমি,1.305
444,Buy,bn,Bengali,qwen2.5-coder:7b,কিনুন,1.01
445,Statistics Plugin,bn,Bengali,qwen2.5-coder:7b,স্টে,0.841
446,CARY(Radius; Angle),bn,Bengali,qwen2.5-coder:7b,ক্যারি(রেডিয়াস; কোণ),3.107
447,Translate Points,bn,Bengali,qwen2.5-coder:7b,মূল্য অনুবাদ করুন,2.469
448,High Scores,bn,Bengali,qwen2.5-coder:7b,আরও উচ্চ স্কোরস,2.184
449,Strokes:,bn,Bengali,qwen2.5-coder:7b,চিহ্নগুলি:,1.635
450,Recipient (%1),bn,Bengali,qwen2.5-coder:7b,প্রাপক (%1),1.45
451,&File,bn,Bengali,qwen2.5-coder:7b,&ফাইল,1.004
452,& Dutch,bn,Bengali,qwen2.5-coder:7b,& ড্যান্ড,1.297
453,Decrement (to %1),bn,Bengali,qwen2.5-coder:7b,মান ঘুমাইয়ে দিন (এখন %1),3.4
454,The Spiral,bn,Bengali,qwen2.5-coder:7b,স্পাইল,1.151
455,Script Termination,bn,Bengali,qwen2.5-coder:7b,স্ক্রিপ্ট শেষ,2.048
456,Interrupted,bn,Bengali,qwen2.5-coder:7b,আন্তর্ভুক্ত,1.722
457,IP Addresses,bn,Bengali,qwen2.5-coder:7b,ইপ ঠিকানা,1.363
458,User ID:,bn,Bengali,qwen2.5-coder:7b,ইউজার আইডি:,1.539
459,Swampy coloration,bn,Bengali,qwen2.5-coder:7b,স্বাম্পী রঙ্গ,1.964
460,Direct deposit,bn,Bengali,qwen2.5-coder:7b,ডাক দিন,1.2
461,Carbonic acid,bn,Bengali,qwen2.5-coder:7b,কার্বনিক অ্যাসিড,2.189
462,Documentation Tree,bn,Bengali,qwen2.5-coder:7b,নথিপোষ্ট শৈলী,2.345
463,Lightness Curve,bn,Bengali,qwen2.5-coder:7b,লেখন কর্লু সূচক,2.313
464,turtle,bn,Bengali,qwen2.5-coder:7b,টার্ল,0.977
465,Perspective 4D,bn,Bengali,qwen2.5-coder:7b,প্রস্থান ৪ডি,1.877
466,Pot Hole,bn,Bengali,qwen2.5-coder:7b,পট হোল,1.151
467,View with Moamp; zilla,bn,Bengali,qwen2.5-coder:7b,মোং এবং জিলা দেখুন,2.872
468,& Account,bn,Bengali,qwen2.5-coder:7b,একাউন্ট &,1.287
469,SlateBlue3,bn,Bengali,qwen2.5-coder:7b,স্লেট ব্লু ৩,1.942
470,Subject Distance:,bn,Bengali,qwen2.5-coder:7b,সম্পূর্ণ দূরত্ব:,2.342
471,Contact Group Serializer,bn,Bengali,qwen2.5-coder:7b,গ্রুপ সমারোধকারী,2.56
472,Pass:,bn,Bengali,qwen2.5-coder:7b,পাস:,0.911
473,Red: nbsp; Nation,bn,Bengali,qwen2.5-coder:7b,রোজ: ন্যাশন,1.803
474,screen grab,bn,Bengali,qwen2.5-coder:7b,স্ক্রিন গ্রাব,1.792
475,& D-Bus registration:,bn,Bengali,qwen2.5-coder:7b,& D-Bus রেজিস্ট্রেশন:,2.376
476,South Kalimantan,bn,Bengali,qwen2.5-coder:7b,সুমার কালিমান্ত দক্ষিণ,3.019
477,Parent,bn,Bengali,qwen2.5-coder:7b,মাতা/পিতা,1.308
478,Luganda sounds,bn,Bengali,qwen2.5-coder:7b,লুগাংডা শব্দসমূহ,2.319
479,Final value:,bn,Bengali,qwen2.5-coder:7b,ফাইনাল মান:,1.618
480,& French To,bn,Bengali,qwen2.5-coder:7b,& ফ্রেন্চ থেকে,1.945
481,Months,bn,Bengali,qwen2.5-coder:7b,মাস,0.809
482,New Tag...,bn,Bengali,qwen2.5-coder:7b,নতুন ট্যাগ...,1.68
483,Comparison forms,bn,Bengali,qwen2.5-coder:7b,মূল্যায়োগ ফর্মস,2.475
484,Selection Tool,bn,Bengali,qwen2.5-coder:7b,নির্বাচন টুল,1.843
485,Previous Track,bn,Bengali,qwen2.5-coder:7b,পূর্বের ট্র্যাক,2.091
486,RoyalBlue3,bn,Bengali,qwen2.5-coder:7b,রাজালাবু সি,1.729
487,Year of computation,bn,Bengali,qwen2.5-coder:7b,অনুমোদনের বছর,2.06
488,Maximum share ratio:,bn,Bengali,qwen2.5-coder:7b,মаксিমাল শেয়ার অনুপাত:,2.746
489,Attachment name,bn,Bengali,qwen2.5-coder:7b,অপসারণের নাম,1.72
490,Network interface %1 disconnected,bn,Bengali,qwen2.5-coder:7b,নেটওয়ার্ক ইন্টারফেস %1 বিভাজিত,3.821
491,%1 selected (%2),bn,Bengali,qwen2.5-coder:7b,%1 সিলেক্ট করা হয়েছে (%2),3.082
492,Agenda View,bn,Bengali,qwen2.5-coder:7b,আগামী দিনের পরিবর্তন,2.734
493,Street:,bn,Bengali,qwen2.5-coder:7b,গাড়ি:,1.161
494,Identities...,bn,Bengali,qwen2.5-coder:7b,আইডিটিটি...,1.439
495,action,bn,Bengali,qwen2.5-coder:7b,অ্যাকশন,1.15
496,LARGE: even larger.,bn,Bengali,qwen2.5-coder:7b,বড়ো: বড়োর বড়ো।,3.008
497,Card Appearance,bn,Bengali,qwen2.5-coder:7b,কার্ড দেখার প্রকৃতি,2.571
498,Neighbors:,bn,Bengali,qwen2.5-coder:7b,নিজের বাস্তবায়ের:,2.322
499,Action-Button Bindings,bn,Bengali,qwen2.5-coder:7b,একশন-বুটন বান্ধবতা,2.564
500,DodgerBlue4,bn,Bengali,qwen2.5-coder:7b,ডোজার ব্লূ ৪,2.044
501,KMobileTools EngineXP,bn,Bengali,qwen2.5-coder:7b,কম্বোমোটোলস ইঞ্জিন এক্সপ্রেস,3.973
502,& Previous Day,bn,Bengali,qwen2.5-coder:7b,&পূর্ব দিন,1.613
503,Stock,bn,Bengali,qwen2.5-coder:7b,স্টক,0.851
504,"Core Developer: Marble Runners, World-Clock Plasmoid",bn,Bengali,qwen2.5-coder:7b,"কেরো ডেভেলপার: মার্বেল রানারা, বিশ্ব ঘড়ি প্লাস্মোид",6.545
505,Cross-stitch,bn,Bengali,qwen2.5-coder:7b,ক্রস-স্টিচ,1.492
506,Jpeg-Image,bn,Bengali,qwen2.5-coder:7b,জিপেজ-ইমেজ,1.537
507,Color correction,bn,Bengali,qwen2.5-coder:7b,কালো সংশোধন,1.85
508,(Customized),bn,Bengali,qwen2.5-coder:7b,(স্বাধীন),1.548
509,Archive & file:,bn,Bengali,qwen2.5-coder:7b,আর্কাইভ এবং ফাইল:,2.394
510,Passwords,bn,Bengali,qwen2.5-coder:7b,পাসওয়ার্ডস,1.662
511,New document,bn,Bengali,qwen2.5-coder:7b,নতুন দক্ষিণ,1.707
512,Iptc,bn,Bengali,qwen2.5-coder:7b,ইপ্টিসি,1.221
513,Copy %1 to:,bn,Bengali,qwen2.5-coder:7b,কপি %1 যোগাযোগ করুন:,2.812
514,Airport,bn,Bengali,qwen2.5-coder:7b,আয়ারপোর্ট,1.648
515,& Column,bn,Bengali,qwen2.5-coder:7b,& সтолার সংখ্যা,1.895
516,Wire,bn,Bengali,qwen2.5-coder:7b,কার্বাই,1.229
517,Easy Start,bn,Bengali,qwen2.5-coder:7b,সহজ শুরু,1.477
518,GIF Images,bn,Bengali,qwen2.5-coder:7b,GIF ছবি,1.115
519,Rectangle,bn,Bengali,qwen2.5-coder:7b,আয়োজন,1.294
520,Correct perspective,bn,Bengali,qwen2.5-coder:7b,সঠিক দিক্ষণ,1.728
521,Effect Properties,bn,Bengali,qwen2.5-coder:7b,এক্সেকেট বৈশিষ্ট্যসমূহ,2.854
522,May,bn,Bengali,qwen2.5-coder:7b,মার্চ,0.966
523,IMPOWER(string),bn,Bengali,qwen2.5-coder:7b,IMPOWER(%s),1.128
524,Double-clicking,bn,Bengali,qwen2.5-coder:7b,ডুব্বল ক্লিক,1.805
525,Shape Properties,bn,Bengali,qwen2.5-coder:7b,ক্ষেত্রের বৈশিষ্ট্য,2.518
526,Warnings.,bn,Bengali,qwen2.5-coder:7b,সতরক্তা।,1.309
527,Horizon (line),bn,Bengali,qwen2.5-coder:7b,হরিসন (লাইন),1.709
528,Year:,bn,Bengali,qwen2.5-coder:7b,বছর:,0.853
529,Colors Configuration,bn,Bengali,qwen2.5-coder:7b,কোলর সমন্বয়,1.958
530,Comic:,bn,Bengali,qwen2.5-coder:7b,কমিক:,0.957
531,Random Mix,bn,Bengali,qwen2.5-coder:7b,রандম মিশ্রণ,1.517
532,Albums By,bn,Bengali,qwen2.5-coder:7b,একাউম্বস দ্বারা,2.103
533,Verify,bn,Bengali,qwen2.5-coder:7b,মেনে নিন,1.266
534,Remove From Disk,bn,Bengali,qwen2.5-coder:7b,ডিস্ক থেকে অপরিদ্য করুন,2.889
535,OpenSSL finished.,bn,Bengali,qwen2.5-coder:7b,OpenSSL শেষ হয়েছে।,2.321
536,Protocol Versions,bn,Bengali,qwen2.5-coder:7b,প্রোটোকল যোগ্যতা,2.33
537,Script-based,bn,Bengali,qwen2.5-coder:7b,স্ক্রিপ্ট-ভিত্তিক,2.223
538,Zoom Blur,bn,Bengali,qwen2.5-coder:7b,ব্লার বোজ্ম,1.768
539,Scan Workgroup,bn,Bengali,qwen2.5-coder:7b,কাজ সমূহ স্ক্যান,2.281
540,Remove Skin,bn,Bengali,qwen2.5-coder:7b,স্কিন অপরাধ করুন,2.156
541,Simple 1,bn,Bengali,qwen2.5-coder:7b,সহজ ১,1.126
542,Move Down,bn,Bengali,qwen2.5-coder:7b,নিচে নিম্ন,1.438
543,& Step up,bn,Bengali,qwen2.5-coder:7b,& উপরে যাও,1.555
544,New tab opens:,bn,Bengali,qwen2.5-coder:7b,নতুন টাব খোলেছে:,2.409
545,Root Album Folders,bn,Bengali,qwen2.5-coder:7b,রূট একাউন্ট ফোল্ডারস,2.818
546,Expiration date,bn,Bengali,qwen2.5-coder:7b,সময়সূচক,1.52
547,Appointment Time,bn,Bengali,qwen2.5-coder:7b,সময় সম্পর্কে,1.86
548,SkyBlue2,bn,Bengali,qwen2.5-coder:7b,নебলার সবুজ 2,1.888
549,Keys,bn,Bengali,qwen2.5-coder:7b,কোড,0.854
550,Section Level 2,bn,Bengali,qwen2.5-coder:7b,শেখা স্তর ২,1.854
551,PopSquares,bn,Bengali,qwen2.5-coder:7b,পপ স্ক্যারস,1.638
552,Group name:,bn,Bengali,qwen2.5-coder:7b,গুপ্তা নাম:,1.746
553,Calling,bn,Bengali,qwen2.5-coder:7b,কল করা,1.056
554,Radius,bn,Bengali,qwen2.5-coder:7b,রেডিয়াস,1.408
555,Ending Balance,bn,Bengali,qwen2.5-coder:7b,শেষ ব্যালেন্স,1.792
556,Log Files,bn,Bengali,qwen2.5-coder:7b,লগ ফাইলসমূহ,1.747
557,Download List,bn,Bengali,qwen2.5-coder:7b,ডাউনলোড তালিকা,2.01
558,& German To,bn,Bengali,qwen2.5-coder:7b,& জার্মানি থেকে,2.088
559,Folder List,bn,Bengali,qwen2.5-coder:7b,ফোল্ডার তালিকা,2.085
560,Frame Error Rate,bn,Bengali,qwen2.5-coder:7b,ফ্রেম ভুলের হার,2.192
561,Sri Lankan rupee,bn,Bengali,qwen2.5-coder:7b,স্রীলঙ্কানীয় রূপা,2.737
562,Video Quality,bn,Bengali,qwen2.5-coder:7b,ভিডিও গুল্পিতি,1.941
563,Quick Upload,bn,Bengali,qwen2.5-coder:7b,কেজী অপলোড,1.725
564,Key connectors,bn,Bengali,qwen2.5-coder:7b,কেি সংযুক্তকরকারী,2.557
565,Light red,bn,Bengali,qwen2.5-coder:7b,লাল,0.813
566,KDE Notification Daemon,bn,Bengali,qwen2.5-coder:7b,KDE নোটিফিকেশন ডেমন,2.511
567,Tool information,bn,Bengali,qwen2.5-coder:7b,_Tool information_,0.784
568,Closed Tabs,bn,Bengali,qwen2.5-coder:7b,বন্ধ করা টেবিলেট,2.083
569,ImagePlugin_Border,bn,Bengali,qwen2.5-coder:7b,ইমেজ বাড়ার,1.824
570,"Yes, red-eye",bn,Bengali,qwen2.5-coder:7b,"হ্যাঁ, রেড-ইয়াই",2.296
571,Presentation Variables,bn,Bengali,qwen2.5-coder:7b,প্রেজেন্টেশন চার্চিবাস্তর,3.036
572,Tag Properties:,bn,Bengali,qwen2.5-coder:7b,ট্যাগ বৈশিষ্ট্যগুলি:,2.68
573,Selecting objects,bn,Bengali,qwen2.5-coder:7b,বস্তু নির্বাচন,2.09
574,SlateBlue,bn,Bengali,qwen2.5-coder:7b,স্লেট ব্লু,1.591
575,Ctrl; C Copy,bn,Bengali,qwen2.5-coder:7b,কনترল; এসি কপি,1.829
576,Commands for navigation,bn,Bengali,qwen2.5-coder:7b,নавিগেশনের কমান্ড,2.201
577,Extensions,bn,Bengali,qwen2.5-coder:7b,অনুসরণ সূচক,1.747
578,Altitude Correction,bn,Bengali,qwen2.5-coder:7b,উচ্চতা পরিবর্তন,1.939
579,Quarters 1/ 4,bn,Bengali,qwen2.5-coder:7b,কোটি ১/৪,1.825
580,Bookshelf,bn,Bengali,qwen2.5-coder:7b,বইশ্বাস,1.231
581,Low,bn,Bengali,qwen2.5-coder:7b,লোক্স,1.085
582,Data types,bn,Bengali,qwen2.5-coder:7b,ডেটা টাইপস,1.519
583,East Azarbaijan,bn,Bengali,qwen2.5-coder:7b,আমার দেশ,1.413
584,Trimmed,bn,Bengali,qwen2.5-coder:7b,কাটা,0.873
585,Add Host,bn,Bengali,qwen2.5-coder:7b,হোস্ট যোগ করুন,2.132
586,New backend,bn,Bengali,qwen2.5-coder:7b,নতুন ব্যাকএন্ড,1.955
587,Window Decoration,bn,Bengali,qwen2.5-coder:7b,জেনারেট জেনারেট জেনারেট জেনারেট জেনারেট জেনারেট জেনারেট জেনারেট জেনারেট জেনারেট জেনারেট জেনারেট জেন,10.884
588,Incomes,bn,Bengali,qwen2.5-coder:7b,আয়োজন,1.345
589,Backup canceled.,bn,Bengali,qwen2.5-coder:7b,ব্যাকআপ বাতিল করা হয়েছে।,3.07
590,Final activity,bn,Bengali,qwen2.5-coder:7b,সর্বশেষ অ্যাক্টিভিটি,2.588
591,Pad 7 - Halo,bn,Bengali,qwen2.5-coder:7b,পদ ৭ - হ্যালো,2.037
592,Budgeted,bn,Bengali,qwen2.5-coder:7b,ব্যাজেট,1.218
593,Slow,bn,Bengali,qwen2.5-coder:7b,স্লোক,1.097
594,Search Settings,bn,Bengali,qwen2.5-coder:7b,সেটিংস অনুসন্ধান,2.183
595,cutOffFraction,bn,Bengali,qwen2.5-coder:7b,কাটিবেন অংশ,1.795
596,Copy Messages,bn,Bengali,qwen2.5-coder:7b,মেসেজ কপি করুন,2.125
597,& Organization:,bn,Bengali,qwen2.5-coder:7b,& আইনষ্ট্যকেন্দ্র:,2.379
598,Audio Properties,bn,Bengali,qwen2.5-coder:7b,অডিউ বৈশিষ্ট্যসমূহ,2.609
599,Shortcut name: watch,bn,Bengali,qwen2.5-coder:7b,ক্ষেত্রের নাম: চ্যানেল,2.765
600,Square,bn,Bengali,qwen2.5-coder:7b,বর্গ,0.849
601,Highest,bn,Bengali,qwen2.5-coder:7b,সর্বোচ্চ,1.392
602,Strikeout,bn,Bengali,qwen2.5-coder:7b,ক্রমশূন্ত,1.546
603,Project Tree,bn,Bengali,qwen2.5-coder:7b,প্রকল্প তালিকা,1.926
604,XML; Transformer,bn,Bengali,qwen2.5-coder:7b,XML; ট্রাফর্মার,1.773
605,New Budget,bn,Bengali,qwen2.5-coder:7b,নতুন ব্যাজেট,1.754
606,& Template:,bn,Bengali,qwen2.5-coder:7b,& টেমপ্লেট:,1.634
607,Torrent Files,bn,Bengali,qwen2.5-coder:7b,টর্নট ফাইলস,1.579
608,Graph,bn,Bengali,qwen2.5-coder:7b,চার্ট,0.929
609,English (Canada),bn,Bengali,qwen2.5-coder:7b,ইংরেজি (ক্যানাডা),2.309
610,Contained Items,bn,Bengali,qwen2.5-coder:7b,আঁকা আইটেমস,1.645
611,QMake Manager,bn,Bengali,qwen2.5-coder:7b,QMake ম্যানেজার,1.724
612,Shooting date,bn,Bengali,qwen2.5-coder:7b,শটিং তারিখ,1.565
613,*. cws_BAR_Cantor Worksheet,bn,Bengali,qwen2.5-coder:7b,*. cws_BAR_Cantor কার্টন কাজী কর্পোরেট,3.67
614,& Relationships...,bn,Bengali,qwen2.5-coder:7b,& সম্পর্কসমূহ...,1.998
615,user: %1,bn,Bengali,qwen2.5-coder:7b,ব্যবহারকারী: %1,2.181
616,Tree View mode,bn,Bengali,qwen2.5-coder:7b,নৌকা দৃশ্য বিশ্লেষণ,2.547
617,Basic applications,bn,Bengali,qwen2.5-coder:7b,মূল অ্যাপ্লিকেশনসমূহ,2.991
618,(%1 filtered),bn,Bengali,qwen2.5-coder:7b,(%1 সাপ্তাহের পরিবর্তন),2.733
619,Occidental Australia,bn,Bengali,qwen2.5-coder:7b,আপোলিটিকাল অক্ষরা,2.438
620,Security update,bn,Bengali,qwen2.5-coder:7b,সীমান্ত আপডেট,1.929
621,Northern Sami,bn,Bengali,qwen2.5-coder:7b,উত্তর সমীক,1.655
622,Squaric acid,bn,Bengali,qwen2.5-coder:7b,ক্যার্বিক অ্যাসিড,2.259
623,Database Location,bn,Bengali,qwen2.5-coder:7b,ডেটাবেজ স্থান,1.834
624,Equations:,bn,Bengali,qwen2.5-coder:7b,সমীকরণগুলি:,1.735
625,Changing theme...,bn,Bengali,qwen2.5-coder:7b,থিম পরিবর্তন করা হচ্ছে...,2.896
626,Independence,bn,Bengali,qwen2.5-coder:7b,আস্তিত্ব,1.361
627,File extension,bn,Bengali,qwen2.5-coder:7b,ফাইল এক্সটেনশন,1.825
628,Current Track Settings,bn,Bengali,qwen2.5-coder:7b,বর্তমান ট্র্যাক সেটিংস,2.709
629,Warning - Step,bn,Bengali,qwen2.5-coder:7b,সতর্কতা - পরিবর্তন,2.464
630,Mrs.,bn,Bengali,qwen2.5-coder:7b,মহিলা,0.967
631,Add entry,bn,Bengali,qwen2.5-coder:7b,এন্ট্রি যোগ করুন,2.347
632,14th Last,bn,Bengali,qwen2.5-coder:7b,১৪তম উল্টো,1.835
633,Cancelled,bn,Bengali,qwen2.5-coder:7b,বাতিল,0.931
634,Current mixer:,bn,Bengali,qwen2.5-coder:7b,বর্তমান মিশ্রক:,2.042
635,Head area,bn,Bengali,qwen2.5-coder:7b,শিরোনামা,1.446
636,dual channel,bn,Bengali,qwen2.5-coder:7b,ডুই চ্যানেল,1.724
637,Text Selection Mode,bn,Bengali,qwen2.5-coder:7b,নির্বাচন অর্থ বার্তা,2.607
638,Failed to load %1: %2,bn,Bengali,qwen2.5-coder:7b,%1 লোড করতে ব্যর্থ হয়েছিল: %2,3.972
639,Suspend & duration:,bn,Bengali,qwen2.5-coder:7b,সময় সমূহ:,1.874
640,Using Bibitems,bn,Bengali,qwen2.5-coder:7b,বিবিটম ব্যবহার করা,2.273
641,Computer Administration,bn,Bengali,qwen2.5-coder:7b,কম্পিউটার অ্যাডমিনিস্ট্রেশন,3.248
642,Active console:,bn,Bengali,qwen2.5-coder:7b,সক্রিয়া কনসোল:,2.257
643,& Archive File:,bn,Bengali,qwen2.5-coder:7b,& অর্জন ফাইল:,1.809
644,honeydew3,bn,Bengali,qwen2.5-coder:7b,honeydew3,1.17
645,EXIF: created,bn,Bengali,qwen2.5-coder:7b,EXIF: তৈরি,1.458
646,US English,bn,Bengali,qwen2.5-coder:7b,আমريكী অসমীয়া,1.924
647,of Sivan,bn,Bengali,qwen2.5-coder:7b,শুভেচ্ছা,1.462
648,Max velocity,bn,Bengali,qwen2.5-coder:7b,মаксিমাল গতি,1.466
649,Mime Type,bn,Bengali,qwen2.5-coder:7b,মিউম টাইপ,1.413
650,Step Width:,bn,Bengali,qwen2.5-coder:7b,পথ প্রস্থ:,1.533
651,character special,bn,Bengali,qwen2.5-coder:7b,ক্যারেক্টার স্পেশাল,2.349
652,Second:,bn,Bengali,qwen2.5-coder:7b,দ্বিতীয়:,1.617
653,Intr. requests %1,bn,Bengali,qwen2.5-coder:7b,আপনি অনুরোধ করেছেন %1,3.112
654,Diff change:,bn,Bengali,qwen2.5-coder:7b,বিপরীত পরিবর্তন:,2.364
655,& Theme Installer,bn,Bengali,qwen2.5-coder:7b,& থিম ইনস্টলার,2.037
656,Payment Accounts,bn,Bengali,qwen2.5-coder:7b,পেমেন্ট অ্যাকাউন্টস,2.501
657,Reference image:,bn,Bengali,qwen2.5-coder:7b,রেফারেন্স ছবি:,1.847
658,Thumbnail & Rows:,bn,Bengali,qwen2.5-coder:7b,থুম্বানে এবং রোয়াল্স:,3.21
659,Box Drawing,bn,Bengali,qwen2.5-coder:7b,বক্স ড্রাউজিং,1.818
660,Request folder:,bn,Bengali,qwen2.5-coder:7b,ফোল্ডার অনুরোধ:,2.419
661,Cell size,bn,Bengali,qwen2.5-coder:7b,কлетকে আকার,1.424
662,Focal length (35mm equivalent):,bn,Bengali,qwen2.5-coder:7b,ফোকাল দৈর্ঘ্য (৩৫মিমি সমান্তর):,3.899
663,Test Date Book,bn,Bengali,qwen2.5-coder:7b,নোট দিন বই,1.667
664,& Flashcard,bn,Bengali,qwen2.5-coder:7b,& ফ্ল্যাশকার্ড,1.979
665,Increase Volume,bn,Bengali,qwen2.5-coder:7b,শব্দ বৃদ্ধি,1.793
666,Valid From,bn,Bengali,qwen2.5-coder:7b,সুযোগ থেকে,1.714
667,Arcade Bombing Game,bn,Bengali,qwen2.5-coder:7b,অ্যার্কেড বমিং গেম,2.445
668,Sidereal time:,bn,Bengali,qwen2.5-coder:7b,স্যাদারাল সময়:,2.183
669,Search:,bn,Bengali,qwen2.5-coder:7b,অনুসন্ধান:,1.553
670,Set Overwrite Mode,bn,Bengali,qwen2.5-coder:7b,অগ্রসর বাদ সেট করুন,2.778
671,angularMomentumVariance,bn,Bengali,qwen2.5-coder:7b,অ্যাংগুলার মূল্যায়ন,2.99
672,Milestone Progress,bn,Bengali,qwen2.5-coder:7b,মাস্টাইলনে প্রগতি,2.211
673,Source revision,bn,Bengali,qwen2.5-coder:7b,সূত্রের প্রকাশ,2.046
674,Mouse Wheel,bn,Bengali,qwen2.5-coder:7b,মাউস মুড়ি,1.642
675,Creating accounts,bn,Bengali,qwen2.5-coder:7b,অ্যাকাউন্ট তৈরি করা,2.45
676,Nothing,bn,Bengali,qwen2.5-coder:7b,কিছুইনি,1.26
677,development,bn,Bengali,qwen2.5-coder:7b,উন্নয়ন,1.26
678,Cell style,bn,Bengali,qwen2.5-coder:7b,কлетক স্টাইল,1.527
679,GLU version,bn,Bengali,qwen2.5-coder:7b,GLU সংস্করণ,1.59
680,Black cartridge,bn,Bengali,qwen2.5-coder:7b,কালো কার্টিজ,1.742
681,Selection management,bn,Bengali,qwen2.5-coder:7b,নির্বাচন সম্পর্কিত,2.333
682,& Location of %1,bn,Bengali,qwen2.5-coder:7b,& অবস্থান অংশ %1,2.398
683,Keyboard input:,bn,Bengali,qwen2.5-coder:7b,কীবোর্ড ইনপুট:,2.272
684,& konqueror; manual,bn,Bengali,qwen2.5-coder:7b,&কনকরন; মূল্যাংশ,2.413
685,Warning:,bn,Bengali,qwen2.5-coder:7b,সতর্ক্ষা:,1.401
686,Shading depth:,bn,Bengali,qwen2.5-coder:7b,শেডিং দূরত্ব:,1.97
687,Status,bn,Bengali,qwen2.5-coder:7b,স্থিতি,1.083
688,Amazon (US),bn,Bengali,qwen2.5-coder:7b,Amazon (US),0.898
689,Quanta Properties,bn,Bengali,qwen2.5-coder:7b,কোন্টা ব্যবস্থা,2.073
690,Creation,bn,Bengali,qwen2.5-coder:7b,নির্মাণ,1.206
691,Picture editing tool,bn,Bengali,qwen2.5-coder:7b,ছবি সম্পাদন টুল,2.077
692,Bold Italic,bn,Bengali,qwen2.5-coder:7b,বাধ্য ইটালিক,1.775
693,advancedDialog,bn,Bengali,qwen2.5-coder:7b,অগ্রসর ডিলগেট,1.738
694,Do & Not Close,bn,Bengali,qwen2.5-coder:7b,না বন্ধ করো,1.883
695,Address Books,bn,Bengali,qwen2.5-coder:7b,ঠিকাচার বই,1.541
696,Authenticated,bn,Bengali,qwen2.5-coder:7b,অনুমোদিত,1.5
697,%1 Album Properties,bn,Bengali,qwen2.5-coder:7b,%1 অ্যালবামের বৈশিষ্ট্য,3.166
698,Filter Layer Properties,bn,Bengali,qwen2.5-coder:7b,ফিল্টার ব্যাস্ট্রী সূচক,3.209
699,Simulation Toolbar,bn,Bengali,qwen2.5-coder:7b,সিমুলেশন টুলবার,2.213
700,Loaned,bn,Bengali,qwen2.5-coder:7b,মুনাবিক,1.316
701,New Layer,bn,Bengali,qwen2.5-coder:7b,নতুন ক্ষেত্র,1.749
702,Base computation:,bn,Bengali,qwen2.5-coder:7b,ভাবিষ্য গণনা:,1.866
703,LDAP version:,bn,Bengali,qwen2.5-coder:7b,LDAP সংস্করণ:,1.595
704,What country,bn,Bengali,qwen2.5-coder:7b,কোনো দেশ,1.445
705,Feather,bn,Bengali,qwen2.5-coder:7b,ফেয়ার,1.142
706,& Amount:,bn,Bengali,qwen2.5-coder:7b,& পরিমাণ:,1.434
707,Pipes,bn,Bengali,qwen2.5-coder:7b,পাইপস,1.035
708,& Edit Host...,bn,Bengali,qwen2.5-coder:7b,&হোস্ট সম্পাদনা...,2.335
709,Province filter:,bn,Bengali,qwen2.5-coder:7b,প্রজাতন্ত্র ফিল্টার:,2.695
710,unchanged,bn,Bengali,qwen2.5-coder:7b,আমদের সাহায্য করুন,2.487
711,Quite a lot,bn,Bengali,qwen2.5-coder:7b,অনেক বেশি,1.463
712,CImg Image Restoration Filter,bn,Bengali,qwen2.5-coder:7b,CImg ছবি সুন্দরতা পূরণ ফিল্টার,3.527
713,new_package,bn,Bengali,qwen2.5-coder:7b,নতুন প্যাকেজ,1.749
714,Screen Ruler,bn,Bengali,qwen2.5-coder:7b,মো니ক,0.989
715,Channel.,bn,Bengali,qwen2.5-coder:7b,চ্যানেল।,1.221
716,Password Management,bn,Bengali,qwen2.5-coder:7b,পাসওয়ার্ড ম্যানেজমেন্ট,2.999
717,Triangles,bn,Bengali,qwen2.5-coder:7b,ত্রিভুজ,1.293
718,Last. fm credentials,bn,Bengali,qwen2.5-coder:7b,লাস্ট. ফিম কredেন্সিয়াস,3.078
719,(usually Y),bn,Bengali,qwen2.5-coder:7b,(সাধারণত Y),1.525
720,Shortcut name: r,bn,Bengali,qwen2.5-coder:7b,ক্ষেত্রপথের নাম: r,2.419
721,Error: Unable to open terminal %1.,bn,Bengali,qwen2.5-coder:7b,কোনো সমস্যা: টার্মিনাল %1 খোলা যায়নি।,5.187
722,tea,bn,Bengali,qwen2.5-coder:7b,চা,0.648
723,Show & name,bn,Bengali,qwen2.5-coder:7b,নাম দেখাও &name,1.678
724,angleVariance,bn,Bengali,qwen2.5-coder:7b,অক্ষ সম্পর্কিত সমৃদ্ধি,2.903
725,MyPaint brush,bn,Bengali,qwen2.5-coder:7b,মাইপেইント ব্রুশ,1.986
726,KDE Accessibility Tool,bn,Bengali,qwen2.5-coder:7b,কেই অ্যাক্সিবিলিটি টুল,2.871
727,Grow by,bn,Bengali,qwen2.5-coder:7b,গROWS BY,0.791
728,Player 3:,bn,Bengali,qwen2.5-coder:7b,প্লেয়ার ৩:,1.767
729,Telescope Control,bn,Bengali,qwen2.5-coder:7b,আকাশাকাশ নিয়ন্ত্রণ,2.495
730,Select Event,bn,Bengali,qwen2.5-coder:7b,ই벤্ট নির্বাচন করুন,2.673
731,Content Fetcher,bn,Bengali,qwen2.5-coder:7b,কাউন্টেন্ট ফেচার,2.193
732,Click to test notification,bn,Bengali,qwen2.5-coder:7b,নোটিফিকেশন টে스트 করতে ক্লিক করুন,3.755
733,Find:,bn,Bengali,qwen2.5-coder:7b,খুঁজুন:,1.555
734,Bricks,bn,Bengali,qwen2.5-coder:7b,বর্গ,0.881
735,Orange Filter,bn,Bengali,qwen2.5-coder:7b,অমল ফিল্টার,1.526
736,Scan Preview,bn,Bengali,qwen2.5-coder:7b,স্ক্যান প্রিভিয়ার,2.434
737,Key signature,bn,Bengali,qwen2.5-coder:7b,কীভাবে স্বরস্থান,2.256
738,Sun Arrow shape,bn,Bengali,qwen2.5-coder:7b,সূর্য অরোহ আকৃতি,2.489
739,Invite,bn,Bengali,qwen2.5-coder:7b,অনুমোদন করুন,1.972
740,OpenPGP-Sign...,bn,Bengali,qwen2.5-coder:7b,OpenPGP-সIGN...,1.347
741,Network,bn,Bengali,qwen2.5-coder:7b,নেটওয়ার্ক,1.565
742,Conditions,bn,Bengali,qwen2.5-coder:7b,শর্তাবলী,1.355
743,Positive Float,bn,Bengali,qwen2.5-coder:7b,মানুষের স্বাস্থ্য সম্পর্কে আমরা বলতে পারি যে এটি একটি সুন্দর সমস্যা।,7.791
744,Input file:,bn,Bengali,qwen2.5-coder:7b,ফাইল ইনপুট:,1.705
745,Char,bn,Bengali,qwen2.5-coder:7b,চার,0.756
746,Southern Leyte,bn,Bengali,qwen2.5-coder:7b,সুন্দর লেটি,1.746
747,KOffice Spreadsheet Application,bn,Bengali,qwen2.5-coder:7b,কোফিস স্পর্শশূন্য অ্যাপ্লিকেশন,3.905
748,Samba Shares,bn,Bengali,qwen2.5-coder:7b,সম্বান্ড শেয়ারস,2.226
749,Perspective transform Tool,bn,Bengali,qwen2.5-coder:7b,প্রেসেপ্টিভ ট্রাফর্ম টুল,3.157
750,Minimum speed,bn,Bengali,qwen2.5-coder:7b,মিনিমাম গতি,1.597
751,User-Agent,bn,Bengali,qwen2.5-coder:7b,ইউজার-এজেন্ট,1.692
752,Flatness:,bn,Bengali,qwen2.5-coder:7b,ফ্ল্যাটনেস:,1.643
753,Profile Version,bn,Bengali,qwen2.5-coder:7b,প্রোফাইল সংস্কৃতি,2.554
754,Printer Added,bn,Bengali,qwen2.5-coder:7b,প্রিন্টার যোগ করা হয়েছে,3.212
755,for:,bn,Bengali,qwen2.5-coder:7b,প্রতি:,1.168
756,patches,bn,Bengali,qwen2.5-coder:7b,পাটি,0.829
757,New database,bn,Bengali,qwen2.5-coder:7b,নতুন ডেটাবেস,1.738
758,Read Usage,bn,Bengali,qwen2.5-coder:7b,ব্যবহার জানুন,1.885
759,Group member,bn,Bengali,qwen2.5-coder:7b,গ্রুপ সদস্য,1.702
760,Character,bn,Bengali,qwen2.5-coder:7b,ক্যারেক্টার,1.56
761,Received: %1,bn,Bengali,qwen2.5-coder:7b,প্রাপ্ত: %1,1.616
762,Current year,bn,Bengali,qwen2.5-coder:7b,বর্তমান বছর,1.548
763,Graph position,bn,Bengali,qwen2.5-coder:7b,চার্ট স্থান,1.558
764,Shortcut name: n,bn,Bengali,qwen2.5-coder:7b,ক্ষেত্রপথের নাম: n,2.441
765,Domain-Specific,bn,Bengali,qwen2.5-coder:7b,মূল্যায়ন সпеশিল,2.471
766,& Column Settings...,bn,Bengali,qwen2.5-coder:7b,& কলোম সেটিংস...,2.107
767,& Security,bn,Bengali,qwen2.5-coder:7b,& সীমানা,1.381
768,& Landscape,bn,Bengali,qwen2.5-coder:7b,& স্থানান,1.365
769,Stylesheet location:,bn,Bengali,qwen2.5-coder:7b,"স্টাইলশী트 স্থান:""
(Translation: ""স্টাইলশীট স্থান:"" - Stylesheet location:)",5.082
770,Rewritable,bn,Bengali,qwen2.5-coder:7b,মুছে যাবে,1.516
771,& Scheme,bn,Bengali,qwen2.5-coder:7b,& স্কেম,1.226
772,System Group:,bn,Bengali,qwen2.5-coder:7b,সистем গ্রুপ:,1.549
773,Word Processing,bn,Bengali,qwen2.5-coder:7b,শব্দ সম্পাদনা,1.859
774,Draw Venus?,bn,Bengali,qwen2.5-coder:7b,ভেনাস ঘুমাও?,1.859
775,Perspective grid,bn,Bengali,qwen2.5-coder:7b,প্রেসেপ্টিভ গ্রাইড,2.292
776,Carsten Burghardt (burghardt at kde org): Core developer,bn,Bengali,qwen2.5-coder:7b,কারস্টেন বুর্গহার্ট (burghardt at kde org): মূল ডেভেলপার,5.578
777,without name,bn,Bengali,qwen2.5-coder:7b,নাম নেই,1.175
778,Book Title,bn,Bengali,qwen2.5-coder:7b,বইয়ের শিরোনাম,2.049
779,& Source name:,bn,Bengali,qwen2.5-coder:7b,& সূর্যনাম:,1.797
780,Current Track,bn,Bengali,qwen2.5-coder:7b,বর্তমান ট্র্যাক,2.058
781,& No sources:,bn,Bengali,qwen2.5-coder:7b,& সূত্র নেই:,1.864
782,Quitting & knotes;,bn,Bengali,qwen2.5-coder:7b,বন্ধ করা & কনটিস্ট;,2.505
783,Article Source,bn,Bengali,qwen2.5-coder:7b,বিস্তারিত সূত্র,2.403
784,ODP Files,bn,Bengali,qwen2.5-coder:7b,ODP ফাইলসমূহ,1.773
785,Parallel Vertical,bn,Bengali,qwen2.5-coder:7b,প্রাপ্তি স্থানান্ত্রিক,2.76
786,Driver info:,bn,Bengali,qwen2.5-coder:7b,ড্রাইভার তথ্য:,1.921
787,Maximum Size,bn,Bengali,qwen2.5-coder:7b,সর্বোচ্চ আকার,1.87
788,Online Services support,bn,Bengali,qwen2.5-coder:7b,অনলাইন সেবার সমর্থন,2.455
789,Group Chats in & kopete;,bn,Bengali,qwen2.5-coder:7b,গুপ্তা চ্যাটস অন & kopete;,3.011
790,Free/ Busy,bn,Bengali,qwen2.5-coder:7b,ফ্রি/ব্যবস্থিত,1.993
791,Location Toolbar,bn,Bengali,qwen2.5-coder:7b,অবস্থা টুলবার,1.948
792,& File content:,bn,Bengali,qwen2.5-coder:7b,& ফাইলের অন্তর্ভুক্তি:,2.916
793,rectMeanKineticEnergyVariance,bn,Bengali,qwen2.5-coder:7b,রেক্ট মিনেন কিনেটিক ইন্টেন্সিয়ার ভ্যারিয়েন্স,5.508
794,South-East,bn,Bengali,qwen2.5-coder:7b,পশ্চিম-পশ্চিম,1.831
795,RadicalSelector,bn,Bengali,qwen2.5-coder:7b,রেডিকাল সিলেক্টর,2.156
796,The Board,bn,Bengali,qwen2.5-coder:7b,মোঃ,1.018
797,Include *-version:,bn,Bengali,qwen2.5-coder:7b,আমাদের সংস্কৃতি: বাংলা,3.093
798,Enter Usemap,bn,Bengali,qwen2.5-coder:7b,আপনার উসম্পূর্ণ নাম লিখুন,3.306
799,Equality threshold:,bn,Bengali,qwen2.5-coder:7b,সমান্তরতা সূচক:,2.186
800,Joliet Settings,bn,Bengali,qwen2.5-coder:7b,জলিয়েট সেটিংস,2.013
801,Simulations,bn,Bengali,qwen2.5-coder:7b,সিমুলেশনসমূহ,1.96
802,Harpsichord,bn,Bengali,qwen2.5-coder:7b,হার্পিশর্ড,1.578
803,Linediff: A< - > B,bn,Bengali,qwen2.5-coder:7b,লাইন ডিফ: A< - > B,2.213
804,Word types,bn,Bengali,qwen2.5-coder:7b,শব্দের ধর্মসমূহ,2.157
805,Unknown host.,bn,Bengali,qwen2.5-coder:7b,অজানা হোস্ট।,1.864
806,Main,bn,Bengali,qwen2.5-coder:7b,মূল,0.859
807,%1: does n't exists,bn,Bengali,qwen2.5-coder:7b,%1: অস্থায়ী,2.216
808,& Maximized,bn,Bengali,qwen2.5-coder:7b,& বৃদ্ধি,1.444
809,Sunrise,bn,Bengali,qwen2.5-coder:7b,সূর্যঘাত,1.536
810,Read-only,bn,Bengali,qwen2.5-coder:7b,অক্রমণীয়,1.616
811,Fulltext Extractor,bn,Bengali,qwen2.5-coder:7b,পূর্ণ লেখা এক্সট্রক্টর,2.968
812,Right To Left Language,bn,Bengali,qwen2.5-coder:7b,বাম থেকে দাঁড়াই ভাষা,2.891
813,User & limit:,bn,Bengali,qwen2.5-coder:7b,ব্যবহারকারী & সীমা:,2.62
814,Adjustments,bn,Bengali,qwen2.5-coder:7b,সংশোধন,1.316
815,Find in Project,bn,Bengali,qwen2.5-coder:7b,প্রকল্পে খুঁজুন,2.335
816,Arrival Turn,bn,Bengali,qwen2.5-coder:7b,আসনো পরিবর্তন,1.97
817,Rating =,bn,Bengali,qwen2.5-coder:7b,রিটেইন্গ =,1.436
818,Inactive console,bn,Bengali,qwen2.5-coder:7b,নিষ্ক্রিয়ামিত কনসোল,2.809
819,Active,bn,Bengali,qwen2.5-coder:7b,সক্রিয়া,1.416
820,In use,bn,Bengali,qwen2.5-coder:7b,ইন ব্যবহার করা,1.91
821,& File Output,bn,Bengali,qwen2.5-coder:7b,& ফাইল আউটপুট,2.017
822,UADescription (Googlebot/ 2.1),bn,Bengali,qwen2.5-coder:7b,UADescription (Googlebot/ 2.1),2.246
823,Performance counters,bn,Bengali,qwen2.5-coder:7b,কার্যক্ষমতা গণনা,2.171
824,Aggregation,bn,Bengali,qwen2.5-coder:7b,অনুযায়ী,1.657
825,& Delete item,bn,Bengali,qwen2.5-coder:7b,&আইটেম ডিলিট করুন,2.385
826,Predefined process shape,bn,Bengali,qwen2.5-coder:7b,প্রাকৃতিক প্রক্রিয়া আকৃতি,3.643
827,Collection Folders,bn,Bengali,qwen2.5-coder:7b,ফোল্ডারগুলি,1.909
828,& Many sources:,bn,Bengali,qwen2.5-coder:7b,& বিভিন্ন উৎসগুলি:,2.505
829,Action Date,bn,Bengali,qwen2.5-coder:7b,অ্যাকশন তারিখ,1.94
830,Samba config file:,bn,Bengali,qwen2.5-coder:7b,সম্বা কonfig ফাইল:,2.106
831,Grid height,bn,Bengali,qwen2.5-coder:7b,গ্রিড আচ্ছে,1.626
832,Angular step:,bn,Bengali,qwen2.5-coder:7b,অ্যাঙ্গুলার পরম্পরা:,2.613
833,Instruction Sets,bn,Bengali,qwen2.5-coder:7b,নির্দেশ সেটস,1.762
834,2D Texture,bn,Bengali,qwen2.5-coder:7b,২ ডি টেক্সচার,1.979
835,Storage Devices,bn,Bengali,qwen2.5-coder:7b,স্টোরেজ ডিভাইসস,2.114
836,& Brightness,bn,Bengali,qwen2.5-coder:7b,& স্বরোধ্যতা,1.882
837,Folder & Properties,bn,Bengali,qwen2.5-coder:7b,ফোল্ডার এবং বৈশিষ্ট্য,3.054
838,CMake & Binary:,bn,Bengali,qwen2.5-coder:7b,CMake & বাইনারি:,1.769
839,DarkSeaGreen1,bn,Bengali,qwen2.5-coder:7b,কালো সীমে সবুজ 1,2.388
840,KDE 1 preview,bn,Bengali,qwen2.5-coder:7b,KDE 1 প্রোভাইডার,2.157
841,Track Information,bn,Bengali,qwen2.5-coder:7b,তদন্তি সম্পর্ক,1.949
842,Where,bn,Bengali,qwen2.5-coder:7b,কहারা,0.963
843,& Expiration Settings,bn,Bengali,qwen2.5-coder:7b,& অপরিশেষ সেটিংস,2.234
844,Ada support,bn,Bengali,qwen2.5-coder:7b,আপোনার সমর্থন,1.867
845,Network printer (%1),bn,Bengali,qwen2.5-coder:7b,নেটওয়ার্ক প্রিন্টার (%1),3.066
846,& North,bn,Bengali,qwen2.5-coder:7b,& উত্তর,1.235
847,Documentation copyright 2003:,bn,Bengali,qwen2.5-coder:7b,ডকুমেন্টেশন অনুমোদন ২০০৩:,3.917
848,Initial State,bn,Bengali,qwen2.5-coder:7b,আদিবিশ্ব,1.301
849,People you know,bn,Bengali,qwen2.5-coder:7b,আপনি জানতে পারেন লोকবাস,2.919
850,searchpath,bn,Bengali,qwen2.5-coder:7b,অনুসন্ধান পথ,1.868
851,15th Last,bn,Bengali,qwen2.5-coder:7b,১৫তম উল্টো,1.891
852,South-Korea,bn,Bengali,qwen2.5-coder:7b,সুরক্ষা,1.326
853,Telephone number,bn,Bengali,qwen2.5-coder:7b,ফোন নম্বর,1.488
854,User information,bn,Bengali,qwen2.5-coder:7b,ব্যবহারকারী তথ্য,2.18
855,"1 Staple, parallel",bn,Bengali,qwen2.5-coder:7b,"1 স্ট্যাপল, সমান্তরাল",2.674
856,traditional,bn,Bengali,qwen2.5-coder:7b,সাধারণ,1.1
857,Save as %1,bn,Bengali,qwen2.5-coder:7b,সেভ করুন প্রথম %1,2.556
858,View with & Opera,bn,Bengali,qwen2.5-coder:7b,Opera দিয়ে দেখুন,2.3
859,& Print Canvas...,bn,Bengali,qwen2.5-coder:7b,& প্রিন্ট ক্যানভাস...,2.457
860,Book name:,bn,Bengali,qwen2.5-coder:7b,বইয়ের নাম:,1.749
861,Unmounting,bn,Bengali,qwen2.5-coder:7b,আন্যায়িত করা,1.94
862,Minimum rate of death,bn,Bengali,qwen2.5-coder:7b,মৃত্যুর নিম্ন দর,2.412
863,Profile Pictures,bn,Bengali,qwen2.5-coder:7b,প্রোফাইল ছবি,1.817
864,CC Field Name,bn,Bengali,qwen2.5-coder:7b,CC ফিল্ড নাম,1.648
865,Alternative,bn,Bengali,qwen2.5-coder:7b,অন্যায়ী,1.459
866,Quadrilateral,bn,Bengali,qwen2.5-coder:7b,চতুর্ভূজ,1.536
867,Overdue,bn,Bengali,qwen2.5-coder:7b,অপরিবেশিত,1.388
868,Layer 2,bn,Bengali,qwen2.5-coder:7b,লেয়ার ২,1.517
869,Start position:,bn,Bengali,qwen2.5-coder:7b,শুরু অবস্থা:,1.893
870,KDE Printing Management,bn,Bengali,qwen2.5-coder:7b,KDE প্রিন্টিং ম্যানেজমেন্ট,3.175
871,User%,bn,Bengali,qwen2.5-coder:7b,ব্যবহারকর্তা%,1.787
872,Perspective 3D,bn,Bengali,qwen2.5-coder:7b,প্রেসেপ্টিভ ৩ডি,2.191
873,Add Podcast...,bn,Bengali,qwen2.5-coder:7b,অডিও পডকেস যোগ করুন...,2.806
874,TIFF Properties,bn,Bengali,qwen2.5-coder:7b,TIFF বৈশিষ্ট্য,1.877
875,Triadic,bn,Bengali,qwen2.5-coder:7b,ত্রিদিক্ষা,1.46
876,Show Frame,bn,Bengali,qwen2.5-coder:7b,ফ্রেম দেখাও,1.532
877,channel admin,bn,Bengali,qwen2.5-coder:7b,চ্যানেল অ্যাডমিন,2.036
878,Device Description,bn,Bengali,qwen2.5-coder:7b,বিন্যাস বিবরণ,1.798
879,Draw labels,bn,Bengali,qwen2.5-coder:7b,লেবেল আঁকুন,1.864
880,Brush size:,bn,Bengali,qwen2.5-coder:7b,মুখ্য আকার:,1.718
881,Spanish (Guatemala),bn,Bengali,qwen2.5-coder:7b,স্পেনীয়া (গুত্রাম),2.717
882,Tab Properties,bn,Bengali,qwen2.5-coder:7b,টেবিল বৈশিষ্ট্য,2.15
883,Check Query,bn,Bengali,qwen2.5-coder:7b,চেক কোরো,1.489
884,new_component,bn,Bengali,qwen2.5-coder:7b,নতুন অংশ,1.46
885,Move Variable Up,bn,Bengali,qwen2.5-coder:7b,মুভ চাইনি উপর,1.931
886,OpenGL mode:,bn,Bengali,qwen2.5-coder:7b,OpenGL মোড়:,1.398
887,Time To,bn,Bengali,qwen2.5-coder:7b,সময় পরে,1.387
888,Follow,bn,Bengali,qwen2.5-coder:7b,ফলো করুন,1.493
889,Environment Variables,bn,Bengali,qwen2.5-coder:7b,আবের চার্যকরী মানবাবস্থা,3.038
890,Phone costs:,bn,Bengali,qwen2.5-coder:7b,ফোনের মূল্য:,1.917
891,OpenGL information,bn,Bengali,qwen2.5-coder:7b,OpenGL তথ্য,1.031
892,Help & with %1,bn,Bengali,qwen2.5-coder:7b,সাহায্য & %1,1.719
893,No other,bn,Bengali,qwen2.5-coder:7b,কোনো অন্য,1.587
894,Oxygen,bn,Bengali,qwen2.5-coder:7b,অক্সিজেন,1.288
895,Filename Layout Chooser,bn,Bengali,qwen2.5-coder:7b,ফাইলের নাম আকার নির্বাচক,2.988
896,Label Size,bn,Bengali,qwen2.5-coder:7b,সাইজ লেবেল,1.525
897,Username & level:,bn,Bengali,qwen2.5-coder:7b,ব্যবহারকর্তা নাম & স্তর:,2.719
898,Dialing speed (sec/ 100):,bn,Bengali,qwen2.5-coder:7b,ডাইলিং স্পিড (সেকেন্ড/ 100):,3.754
899,Project Sources,bn,Bengali,qwen2.5-coder:7b,প্রকল্পের উৎস,1.802
900,playing,bn,Bengali,qwen2.5-coder:7b,চলছে,0.853
901,Songwriter:,bn,Bengali,qwen2.5-coder:7b,শিল্পী:,1.245
902,Group Box,bn,Bengali,qwen2.5-coder:7b,গুপ্তা kuti,1.407
903,Domain Guests,bn,Bengali,qwen2.5-coder:7b,ডোমেন গ্রাউপস,1.907
904,Closed Items,bn,Bengali,qwen2.5-coder:7b,বন্ধ করা আইটেমস,2.001
905,Preparation Method:,bn,Bengali,qwen2.5-coder:7b,প্রস্তুতির পদ্ধতি:,2.437
906,Paid from,bn,Bengali,qwen2.5-coder:7b,প্রতিশোধ করা থেকে,2.32
907,Element symbols,bn,Bengali,qwen2.5-coder:7b,মূল্যাংশ সিদ্ধান্ত,2.402
908,sent-mail,bn,Bengali,qwen2.5-coder:7b,আপনার প্রেরিত ইমেইল,2.414
909,Source file access,bn,Bengali,qwen2.5-coder:7b,সূত্র অ্যাক্সেস,2.189
910,New%1,bn,Bengali,qwen2.5-coder:7b,নতুন%1,1.22
911,Filename: %1,bn,Bengali,qwen2.5-coder:7b,ফাইলের নাম: %1,1.845
912,Playback Settings,bn,Bengali,qwen2.5-coder:7b,প্লেব্যাক সেটিংস,2.088
913,24 Cards,bn,Bengali,qwen2.5-coder:7b,২৪ কার্ডস,1.594
914,DVD device:,bn,Bengali,qwen2.5-coder:7b,DVD উপকরণ:,1.221
915,½ (#189;) Fraction one-half,bn,Bengali,qwen2.5-coder:7b,আমাদের সাহায্য করতে পারেন না?,3.548
916,Mouse Navigation,bn,Bengali,qwen2.5-coder:7b,মাউস নভিগেশণ,1.697
917,By & Date,bn,Bengali,qwen2.5-coder:7b,& তারিখ,1.201
918,Percent Format,bn,Bengali,qwen2.5-coder:7b,প্রতিশ্রুতি ফরম্যাট,2.503
919,pppd version:,bn,Bengali,qwen2.5-coder:7b,প্প্প্প সংস্করণ:,2.341
920,Translucency,bn,Bengali,qwen2.5-coder:7b,অনুশীলন,1.426
921,Output Settings,bn,Bengali,qwen2.5-coder:7b,আউটপুট সেটিংস,1.837
922,Mouseposition: X: Y,bn,Bengali,qwen2.5-coder:7b,মাউস স্থান: X: Y,2.082
923,Master Document,bn,Bengali,qwen2.5-coder:7b,মূল দокумент,1.176
924,Acl compatibility:,bn,Bengali,qwen2.5-coder:7b,"অ্যাক্ল সম্পর্ক:""
(ACL compatibility:)",2.532
925,KTouch Keyboard Editor - %1 %2,bn,Bengali,qwen2.5-coder:7b,ক্যাউন্টার ক্যাউন্টার - %1 %2,3.434
926,Gather*,bn,Bengali,qwen2.5-coder:7b,গুলো সংগ্রহ করুন,2.548
927,Compression:,bn,Bengali,qwen2.5-coder:7b,কম্প্রেশন:,1.484
928,total,bn,Bengali,qwen2.5-coder:7b,মোট,0.845
929,Systemsettings,bn,Bengali,qwen2.5-coder:7b,সистем সেটিংস,1.375
930,Steering,bn,Bengali,qwen2.5-coder:7b,চালানী,1.18
931,& Keep menu open,bn,Bengali,qwen2.5-coder:7b,& মেনু খোলা রাখো,2.5
932,Default language:,bn,Bengali,qwen2.5-coder:7b,মানিচিত্র ভাষা:,2.032
933,Group Sections,bn,Bengali,qwen2.5-coder:7b,গুপ্ত অংশগুলি,2.013
934,Wind direction,bn,Bengali,qwen2.5-coder:7b,বায়ুর দিক,1.61
935,Australia/ Queensland,bn,Bengali,qwen2.5-coder:7b,অস্ট্রেলিয়া/কুয়েন্ডল্যান্ড,3.55
936,Colour Depth,bn,Bengali,qwen2.5-coder:7b,কোলর দৈর্ঘ্য,1.888
937,Prepunched,bn,Bengali,qwen2.5-coder:7b,প্রেপাঁচেড,1.537
938,Password Checking,bn,Bengali,qwen2.5-coder:7b,পাসওয়ার্ড পроверক,1.895
939,Exposure mode:,bn,Bengali,qwen2.5-coder:7b,আপেক্ষিতিকতা বিভাজন:,2.572
940,Function Profile,bn,Bengali,qwen2.5-coder:7b,ফাংশন প্রোফাইল,2.04
941,APS Driver (%1),bn,Bengali,qwen2.5-coder:7b,APS ড্রাইভার (%1),1.899
942,Gold,bn,Bengali,qwen2.5-coder:7b,রূপাঞ্চ,1.187
943,& Remote:,bn,Bengali,qwen2.5-coder:7b,& দুর্দান্ত:,1.717
944,31st Last,bn,Bengali,qwen2.5-coder:7b,৩১তম অনুশীলন,2.251
945,Timelines Configuration,bn,Bengali,qwen2.5-coder:7b,তাইমলাইন সমন্বয়,2.127
946,& female,bn,Bengali,qwen2.5-coder:7b,& স্বাগত,1.273
947,Banner Selection,bn,Bengali,qwen2.5-coder:7b,ব্যানার সিলেকশন,1.989
948,Project Name,bn,Bengali,qwen2.5-coder:7b,প্রকল্পের নাম,1.771
949,User/ Pass:,bn,Bengali,qwen2.5-coder:7b,ব্যবহারকারী/পাসওয়ার্ড:,2.948
950,& Mail action:,bn,Bengali,qwen2.5-coder:7b,& ইমেল পরিবর্তন:,2.146
951,Keyboard Mode,bn,Bengali,qwen2.5-coder:7b,কীবোর্ড মোড,1.925
952,Cisco - Workgroup director,bn,Bengali,qwen2.5-coder:7b,কিসকোসি - কার্যকর্মী দার্শক,3.411
953,Processor Information,bn,Bengali,qwen2.5-coder:7b,প্রক্রিয়াকর জানাই,2.325
954,User Info,bn,Bengali,qwen2.5-coder:7b,ব্যবহারকারী তথ্য,2.192
955,with %2,bn,Bengali,qwen2.5-coder:7b,with %2,1.029
956,Center,bn,Bengali,qwen2.5-coder:7b,মধ্য,0.826
957,Yesterday,bn,Bengali,qwen2.5-coder:7b,গতকাল,0.943
958,Immediate,bn,Bengali,qwen2.5-coder:7b,ইমিডিট,1.028
959,Newsticker Configuration Dialog,bn,Bengali,qwen2.5-coder:7b,নতুন নিউজটিকার সমন্বয় ডিলগেট,3.789
960,Service currently unavailable,bn,Bengali,qwen2.5-coder:7b,সেবা এখন উপলক্ষ্যে নেই,2.673
961,Qt-SQL Source (single table),bn,Bengali,qwen2.5-coder:7b,Qt-SQL সূত্র (একটি টেবিল),2.762
962,Date Range,bn,Bengali,qwen2.5-coder:7b,তারিখের সৃষ্টি,1.968
963,Uncategorized Albums,bn,Bengali,qwen2.5-coder:7b,অনুশ্রুতি অনুমোদন,2.626
964,Form design,bn,Bengali,qwen2.5-coder:7b,ফরম ডিজাইন,1.482
965,Common,bn,Bengali,qwen2.5-coder:7b,সাধারণ,1.004
966,Cabri figure,bn,Bengali,qwen2.5-coder:7b,কাব্রি আকৃতি,1.721
967,Pacific/ Fakaofo,bn,Bengali,qwen2.5-coder:7b,প্রিয়াটিকে/ফকাওফো,2.693
968,PERT duration variance: %1,bn,Bengali,qwen2.5-coder:7b,PERT সময় অন্তর্ভুক্তি: %1,3.066
969,Printing...,bn,Bengali,qwen2.5-coder:7b,প্রিন্টিং...,1.476
970,Headphone,bn,Bengali,qwen2.5-coder:7b,হোডোনে,1.261
971,Base font size:,bn,Bengali,qwen2.5-coder:7b,মূল প্রথমাকার আকার:,2.595
972,Power Management,bn,Bengali,qwen2.5-coder:7b,পাওয়ার ম্যানেজমেন্ট,2.634
973,Shear X,bn,Bengali,qwen2.5-coder:7b,কাটিয়ে দিন X,1.84
974,Under-water,bn,Bengali,qwen2.5-coder:7b,নৌকায়,1.269
975,Assorted,bn,Bengali,qwen2.5-coder:7b,মিশ্রিত,1.149
976,Output Destination,bn,Bengali,qwen2.5-coder:7b,আউটপুট স্থান,1.724
977,Restitution:,bn,Bengali,qwen2.5-coder:7b,রিস্টুবেশন:,1.676
978,"2 Staples, parallel",bn,Bengali,qwen2.5-coder:7b,"২ স্টেপ্লেস, সমান্তর",2.67
979,Remove project,bn,Bengali,qwen2.5-coder:7b,প্রকল্প সরাও,1.715
980,Breath Noise,bn,Bengali,qwen2.5-coder:7b,শ্রোত শব্দ,1.551
981,Short Moves,bn,Bengali,qwen2.5-coder:7b,কমল আকর্ষণ,1.427
982,pattern,bn,Bengali,qwen2.5-coder:7b,পাটান,0.949
983,RightImg,bn,Bengali,qwen2.5-coder:7b,সправান্ত ছবি,1.515
984,Icon Change,bn,Bengali,qwen2.5-coder:7b,আইকন পরিবর্তন,1.713
985,Delete Script,bn,Bengali,qwen2.5-coder:7b,স্ক্রিপ্ট মুছে দিন,2.541
986,nothing,bn,Bengali,qwen2.5-coder:7b,কিনা,0.842
987,AVI Video Player,bn,Bengali,qwen2.5-coder:7b,AVI ভিডিও প্লেয়ার,2.284
988,Elliptical Selection,bn,Bengali,qwen2.5-coder:7b,椭圆选择,0.85
989,& Host Game...,bn,Bengali,qwen2.5-coder:7b,& গেম হোস্ট করুন...,2.457
990,Pop Up Completion List,bn,Bengali,qwen2.5-coder:7b,উল্লেখনীয় তালিকা,2.392
991,Password Protection,bn,Bengali,qwen2.5-coder:7b,পাসওয়ার্ড সুরক্ষা,2.503
992,Start pattern,bn,Bengali,qwen2.5-coder:7b,শীর্ষক শুরু,1.912
993,Area:,bn,Bengali,qwen2.5-coder:7b,এলাকা:,1.034
994,Layout direction,bn,Bengali,qwen2.5-coder:7b,আকারের দিক,1.426
995,Is new:,bn,Bengali,qwen2.5-coder:7b,ইস নতুন:,1.306
996,Volume Values:,bn,Bengali,qwen2.5-coder:7b,শব্দ মানসমূহ:,1.818
997,Rectangular Selection,bn,Bengali,qwen2.5-coder:7b,আয়োজিত সিলেকশন,2.249
998,Limitations,bn,Bengali,qwen2.5-coder:7b,সীমানা,1.168
999,Shift width:,bn,Bengali,qwen2.5-coder:7b,স্থানান্ত্রিতির প্রস্থান:,2.899
1000,& Reply...,bn,Bengali,qwen2.5-coder:7b,& উত্তর দিন...,1.702
1001,Key characters,bn,Bengali,qwen2.5-coder:7b,কেি অক্ষর,1.368
1002,mean,bn,Bengali,qwen2.5-coder:7b,মান,0.691
1003,Mesh density,bn,Bengali,qwen2.5-coder:7b,মাধ্যমিক বিশ্লেষণ,2.182
1004,& Authentication Method,bn,Bengali,qwen2.5-coder:7b,& অনুমোদন পদ্ধতি,2.365
1005,Panning slider,bn,Bengali,qwen2.5-coder:7b,স্লাইডার স্প্রেড,2.203
1006,Animation Speed,bn,Bengali,qwen2.5-coder:7b,অ্যানিমেশন স্পিড,2.026
1007,Attendees:,bn,Bengali,qwen2.5-coder:7b,অংশীদার:,1.433
1008,Brokerage,bn,Bengali,qwen2.5-coder:7b,ব্রকাজ,1.058
1009,"The path to the program ""grep""",bn,Bengali,qwen2.5-coder:7b,প্রোগ্রাম 'grep' পরের যায়ার পথ,3.858
1010,kdetv Panel Extension,bn,Bengali,qwen2.5-coder:7b,কেটেব প্যানেল অন্তর্ভুক্তি,3.33
1011,Volume off/ low/ high:,bn,Bengali,qwen2.5-coder:7b,শব্দ অন / নিম্ন / উচ্চ:,2.807
1012,22.345 Inv IntDiv 8 = also gives 2,bn,Bengali,qwen2.5-coder:7b,২২.৩৪৫ ইন্ট ইন্ট ডিভ ৮ = তারপরও ২ দেয়,5.667
1013,Mount point (/ mnt/ floppy):,bn,Bengali,qwen2.5-coder:7b,মাউন্ট বিন্দু (/mnt/floppy):,2.625
1014,No Side Border,bn,Bengali,qwen2.5-coder:7b,কোনো পাশের বাড়ি,2.447
1015,Operation Settings,bn,Bengali,qwen2.5-coder:7b,অপেレーション সেটিংস,1.518
1016,Engaging DAO,bn,Bengali,qwen2.5-coder:7b,ইংরেজি DAO,1.433
1017,A4 (Small),bn,Bengali,qwen2.5-coder:7b,এই পৃষ্ঠার আকার: A4 (ছোট),3.055
1018,choice-add,bn,Bengali,qwen2.5-coder:7b,অনুযায়ী যোগ করুন,2.725
1019,Unnamed plugin,bn,Bengali,qwen2.5-coder:7b,অননামিত প্লাগইন,1.916
1020,System Error,bn,Bengali,qwen2.5-coder:7b,সистем ত্রুটি,1.474
1021,Encrypt,bn,Bengali,qwen2.5-coder:7b,এক্সেন্ট,1.225
1022,Subdivisions:,bn,Bengali,qwen2.5-coder:7b,সাব অংশগুলি:,2.037
1023,Server Root Location: /,bn,Bengali,qwen2.5-coder:7b,সার্ভার রূট স্থান: /,2.601
1024,Time & Date,bn,Bengali,qwen2.5-coder:7b,সময় এবং তারিখ,2.138
1025,& Graph,bn,Bengali,qwen2.5-coder:7b,& গ্রাফ,1.159
1026,End record:,bn,Bengali,qwen2.5-coder:7b,মনিখনা শেষ:,1.519
1027,KDE User Editor,bn,Bengali,qwen2.5-coder:7b,KDE ব্যবহারকারী সম্পাদক,2.887
1028,& Document Properties,bn,Bengali,qwen2.5-coder:7b,& দокумент বৈশিষ্ট্য,1.952
1029,Where & lt; OPTION_NAMEgt; can be either,bn,Bengali,qwen2.5-coder:7b,&lt;OPTION_NAME&gt; যেখানে যেকোনোটি হতে পারে,4.459
1030,IPP Printer Information,bn,Bengali,qwen2.5-coder:7b,ইপিপ্রিন্টার তথ্য,2.178
1031,& Force Dump,bn,Bengali,qwen2.5-coder:7b,& ফর্স্ট ডাউম,1.755
1032,Document Class Selection - \\documentclass{},bn,Bengali,qwen2.5-coder:7b,কার্যক্ষেত্র নির্বাচন - \\documentclass{},3.583
1033,Boot Manager (LILO),bn,Bengali,qwen2.5-coder:7b,বুট ম্যানেজার (LILO),2.293
1034,SearchFile,bn,Bengali,qwen2.5-coder:7b,ফাইল খুঁজুন,1.777
1035,Image Information,bn,Bengali,qwen2.5-coder:7b,ছবির তথ্য,1.291
1036,Copy Item To...,bn,Bengali,qwen2.5-coder:7b,আইটেম কপি করুন...,2.232
1037,Frame Stack,bn,Bengali,qwen2.5-coder:7b,ফ্রেম স্ট্যাক,1.841
1038,Vocabulary,bn,Bengali,qwen2.5-coder:7b,ভাষা সংক্ষেপ,1.785
1039,& File name:,bn,Bengali,qwen2.5-coder:7b,& ফাইলের নাম:,1.81
1040,Image file names,bn,Bengali,qwen2.5-coder:7b,ছবির ফাইলের নাম,2.116
1041,Gravity (GL),bn,Bengali,qwen2.5-coder:7b,গ্রিভিয়াটি (GL),2.04
1042,Rewind,bn,Bengali,qwen2.5-coder:7b,পৌঁছুন,1.375
1043,Max depth,bn,Bengali,qwen2.5-coder:7b,মаксিমাল দৈর্ঘ্য,1.975
1044,Previous Slide,bn,Bengali,qwen2.5-coder:7b,পূর্ব স্লাইড,1.799
1045,& Length,bn,Bengali,qwen2.5-coder:7b,& দৈর্ঘ্য,1.474
1046,New Country,bn,Bengali,qwen2.5-coder:7b,নতুন দেশ,1.371
1047,Avoidance,bn,Bengali,qwen2.5-coder:7b,অনুমোদন,1.325
1048,Display field code,bn,Bengali,qwen2.5-coder:7b,ফিল্ড কোড দেখাও,2.144
1049,Category Hard,bn,Bengali,qwen2.5-coder:7b,বিভাগ সлож,1.251
1050,& Print poster,bn,Bengali,qwen2.5-coder:7b,& প্রিন্ট পোস্টার,2.267
1051,of J. Awal,bn,Bengali,qwen2.5-coder:7b,জ. আওয়ালের,1.847
1052,Configuration options for & ktouch;,bn,Bengali,qwen2.5-coder:7b,ktouch; এর সমন্বয় অপশনসমূহ,3.372
1053,Excluded,bn,Bengali,qwen2.5-coder:7b,আঁকা হয়নি,1.683
1054,a chart,bn,Bengali,qwen2.5-coder:7b,চার্ট,0.957
1055,New profile wizard OpenVPN,bn,Bengali,qwen2.5-coder:7b,নতুন প্রোফাইল জিনিস অপেনVPN,3.248
1056,View Profiles,bn,Bengali,qwen2.5-coder:7b,প্রোফাইল দেখুন,2.122
1057,Track Width:,bn,Bengali,qwen2.5-coder:7b,পথ প্রস্থ:,1.481
1058,Total time of activity,bn,Bengali,qwen2.5-coder:7b,সক্ষমতার সমস্যা,2.057
1059,Issuer,bn,Bengali,qwen2.5-coder:7b,ইস্যুয়ার,1.547
1060,immediate mode,bn,Bengali,qwen2.5-coder:7b,ইমিডিট মোড,1.61
1061,Safety level,bn,Bengali,qwen2.5-coder:7b,সুরক্ষা তালিকা,1.992
1062,Bit rate,bn,Bengali,qwen2.5-coder:7b,বিট বেলায়াটি,1.883
1063,Available Plugins,bn,Bengali,qwen2.5-coder:7b,পাওয়া যাবেন প্লাগইনসমূহ,3.131
1064,Chinese VCD3.0 track interpretation,bn,Bengali,qwen2.5-coder:7b,চীনা VCD3.0 ট্র্যাক অন্তর্ভুক্তি,4.004
1065,Extinction:,bn,Bengali,qwen2.5-coder:7b,আক্রমণ:,1.19
1066,rectParticleCount,bn,Bengali,qwen2.5-coder:7b,রেক্ট পার্টিকেল সংখ্যা,2.847
1067,Boolean or,bn,Bengali,qwen2.5-coder:7b,বুলিয়ান বা,1.85
1068,Relationships,bn,Bengali,qwen2.5-coder:7b,সম্পর্কসম্পর্ক,1.888
1069,Spreadsheets,bn,Bengali,qwen2.5-coder:7b,শুরুমতি দিন,1.855
1070,Cisco VPN profile,bn,Bengali,qwen2.5-coder:7b,কিসকো এন্টি প্রোফাইল,2.754
1071,Blue Heading,bn,Bengali,qwen2.5-coder:7b,নীল শিরোনাম,1.779
1072,Color filters,bn,Bengali,qwen2.5-coder:7b,কালো ফিল্টার,1.78
1073,Copy Folder To...,bn,Bengali,qwen2.5-coder:7b,ফোল্ডার কপি করুন...,2.444
1074,Refresh Rate,bn,Bengali,qwen2.5-coder:7b,ফ্রেম রেট,1.383
1075,Application Options,bn,Bengali,qwen2.5-coder:7b,অ্যাপ্লিকেশন অপশনস,2.286
1076,Data,bn,Bengali,qwen2.5-coder:7b,ডেটা,0.843
1077,Close...,bn,Bengali,qwen2.5-coder:7b,বন্ধ করুন...,1.515
1078,Home Address Street,bn,Bengali,qwen2.5-coder:7b,হোম ঠিকানা স্টোরিট,2.463
1079,A window! What now?,bn,Bengali,qwen2.5-coder:7b,একটি জanela! এখন কীভাবে?,2.71
1080,Tokens,bn,Bengali,qwen2.5-coder:7b,টকনোসম্পাদনা,1.779
1081,Members,bn,Bengali,qwen2.5-coder:7b,মিডিয়াসম্পর্ক,1.839
1082,Using & ktouch;,bn,Bengali,qwen2.5-coder:7b,ব্যবহার করুন & ktouch;,2.299
1083,Seed radius,bn,Bengali,qwen2.5-coder:7b,সিড ব্যাস,1.309
1084,Security Level,bn,Bengali,qwen2.5-coder:7b,সীমানা মাত্রা,1.809
1085,Tantalum,bn,Bengali,qwen2.5-coder:7b,তানালূম,1.313
1086,west & central Borneo,bn,Bengali,qwen2.5-coder:7b,পশ্চিম এবং বেনে ওয়ারো বর্ণো,3.737
1087,& Properties,bn,Bengali,qwen2.5-coder:7b,& বৈশিষ্ট্যসমূহ,2.125
1088,Black & & White,bn,Bengali,qwen2.5-coder:7b,কালো এবং সবুজ,2.094
1089,10th Last,bn,Bengali,qwen2.5-coder:7b,শেষ দশম,1.236
1090,Custom Brush,bn,Bengali,qwen2.5-coder:7b,স্বতন্ত্র ব্রাউচ,2.093
1091,SMB shared printer (Windows),bn,Bengali,qwen2.5-coder:7b,SMB শেয়ারড প্রিন্টার (Windows),3.044
1092,Flute,bn,Bengali,qwen2.5-coder:7b,ফুলেট,1.052
1093,C Major,bn,Bengali,qwen2.5-coder:7b,C মাইরো,1.212
1094,Shortcut name: down,bn,Bengali,qwen2.5-coder:7b,ক্ষেত্রের নাম: নিচে,2.379
1095,PPT Files,bn,Bengali,qwen2.5-coder:7b,পিএইচটি ফাইলসমূহ,2.241
1096,Sold,bn,Bengali,qwen2.5-coder:7b,বিক্রি করা,1.471
1097,Added,bn,Bengali,qwen2.5-coder:7b,আয়োজন করা,1.629
1098,torqueVariance,bn,Bengali,qwen2.5-coder:7b,মোতু বিচ্ছিন্নতা,2.324
1099,Change logo...,bn,Bengali,qwen2.5-coder:7b,লোগো পরিবর্তন করুন...,2.715
1100,ColorSmart Graphics,bn,Bengali,qwen2.5-coder:7b,কালোস্ম্য গ্রাফিকস,2.429
1101,Unknown host,bn,Bengali,qwen2.5-coder:7b,অজানা হোস্ট,1.698
1102,OpenGL Imageviewer,bn,Bengali,qwen2.5-coder:7b,"অ্যাপ্লিকেশন নাম: ""অ্যাপ্লিকেশন নাম: অ্যাপ্লিকেশন নাম: অ্যাপ্লিকেশন নাম: অ্যাপ্লিকেশন নাম: অ্যাপ্লিকে",10.498
1103,& Log message:,bn,Bengali,qwen2.5-coder:7b,& লগ বায়োর্ড:,2.151
1104,Window height,bn,Bengali,qwen2.5-coder:7b,জanela আচ্ছে,1.53
1105,Show the file system,bn,Bengali,qwen2.5-coder:7b,ফাইল সিস্টেম দেখাও,2.401
1106,90 degree rotation speed,bn,Bengali,qwen2.5-coder:7b,৯০ ডিগ্রি ঘূর্ণন হার,2.929
1107,print() takes one argument,bn,Bengali,qwen2.5-coder:7b,print() একটি প্যারামিটার নেয়,3.259
1108,Domain component,bn,Bengali,qwen2.5-coder:7b,ডোমেন অংশ,1.809
1109,& Size limit (KB):,bn,Bengali,qwen2.5-coder:7b,& আকার সীমা (KB):,2.126
1110,Transactions,bn,Bengali,qwen2.5-coder:7b,ট্রান্সকশনস,1.584
1111,Considerations When Building,bn,Bengali,qwen2.5-coder:7b,নুির্বাচন করা যখন একটি বিনামূল্য বানানো যায়,5.718
1112,Plugin for KSpread,bn,Bengali,qwen2.5-coder:7b,KSpread এর একটি প্লাগইন,2.388
1113,Explosion decay,bn,Bengali,qwen2.5-coder:7b,বিস্ফোরণ সমরোধ,2.262
1114,Crisp,bn,Bengali,qwen2.5-coder:7b,কাপোরো,1.346
1115,management,bn,Bengali,qwen2.5-coder:7b,ম্যানেজমেন্ট,1.648
1116,pppd kernel log level:,bn,Bengali,qwen2.5-coder:7b,pppd কোর্নেল লগ মান:,2.649
1117,CD Device,bn,Bengali,qwen2.5-coder:7b,CD ডিভাইস,1.279
1118,Finish-Finish,bn,Bengali,qwen2.5-coder:7b,শেষ-শেষ,1.168
1119,Input Levels,bn,Bengali,qwen2.5-coder:7b,আপনার মানসমূহ,1.815
1120,Using & kbattleship;,bn,Bengali,qwen2.5-coder:7b,ব্যবহার করুন & kbattleship;,2.528
1121,EndTime,bn,Bengali,qwen2.5-coder:7b,শেষ সময়,1.366
1122,Driver,bn,Bengali,qwen2.5-coder:7b,ড্রাইভার,1.2
1123,Brazil/ Acre,bn,Bengali,qwen2.5-coder:7b,ব্রাজিল/আকর,1.601
1124,String List,bn,Bengali,qwen2.5-coder:7b,স্ট্রিং তালিকা,1.992
1125,Cote D'Ivoire,bn,Bengali,qwen2.5-coder:7b,কোটি দি ইভোরি,2.038
1126,The Window Menu,bn,Bengali,qwen2.5-coder:7b,জেনারেট মেনু,1.991
1127,Australia/ Brisbane,bn,Bengali,qwen2.5-coder:7b,অস্ট্রেলিয়া/ব্রিজন্স,2.798
1128,Current Mixer,bn,Bengali,qwen2.5-coder:7b,বর্তমান মিশ্রক,1.892
1129,Phosgene,bn,Bengali,qwen2.5-coder:7b,ফোসগেন,1.172
1130,Wind speed,bn,Bengali,qwen2.5-coder:7b,বায়ুর গতি,1.604
1131,Could not read %1.,bn,Bengali,qwen2.5-coder:7b,কোনো একটি ফাইল না পারলাম পড়া।,4.134
1132,Plot Area,bn,Bengali,qwen2.5-coder:7b,লোট এরিয়া,1.671
1133,Areas,bn,Bengali,qwen2.5-coder:7b,এলাকা,0.946
1134,Not used.,bn,Bengali,qwen2.5-coder:7b,নেই।,0.9
1135,Main Application Interface,bn,Bengali,qwen2.5-coder:7b,মূল প্রয়োগিতা স,2.43
1136,Drag location,bn,Bengali,qwen2.5-coder:7b,স্থান সংলাই,1.788
1137,Draw Jupiter?,bn,Bengali,qwen2.5-coder:7b,জুপিটার ঘরা?,1.875
1138,Access Permissions:,bn,Bengali,qwen2.5-coder:7b,অ্যাক্সেস অনুমতিসমূহ:,2.807
1139,Correct answer,bn,Bengali,qwen2.5-coder:7b,সঠিক উত্তর,1.582
1140,Browse order,bn,Bengali,qwen2.5-coder:7b,অর্ডার ব্রাউজ করুন,2.448
1141,By Date,bn,Bengali,qwen2.5-coder:7b,তারিখে দ্বারা,1.776
1142,Older,bn,Bengali,qwen2.5-coder:7b,পুরোনো,1.358
1143,& Advanced,bn,Bengali,qwen2.5-coder:7b,এডভান্সড,1.287
1144,Position: %1,bn,Bengali,qwen2.5-coder:7b,অবস্থা: %1,1.472
1145,Interrupt,bn,Bengali,qwen2.5-coder:7b,বিচাল,0.892
1146,Attendee,bn,Bengali,qwen2.5-coder:7b,সদস্য,0.918
1147,Hangul Compatibility Jamo,bn,Bengali,qwen2.5-coder:7b,হ্যান্গুল সংশ্লোকন জমো,3.193
1148,Asia/ Pyongyang,bn,Bengali,qwen2.5-coder:7b,আসিয়া/প্যারিং,2.019
1149,Keyboard Layout:,bn,Bengali,qwen2.5-coder:7b,কীবোর্ড আকার:,1.977
1150,Billing information:,bn,Bengali,qwen2.5-coder:7b,বিলিং তথ্য:,1.546
1151,Game Solve,bn,Bengali,qwen2.5-coder:7b,গেম সলভ,1.146
1152,"GUI design, channel plugins",bn,Bengali,qwen2.5-coder:7b,"GUI ডিজাইন, চ্যানেল প্লাগইন",3.026
1153,Search line,bn,Bengali,qwen2.5-coder:7b,অনুসন্ধান লাইন,1.919
1154,Visibility Level,bn,Bengali,qwen2.5-coder:7b,শীঘ্রতা মাপ,1.849
1155,To & Today,bn,Bengali,qwen2.5-coder:7b,আজ পর্যন্ত,1.441
1156,All dates,bn,Bengali,qwen2.5-coder:7b,সব তারিখ,1.203
1157,Testbed,bn,Bengali,qwen2.5-coder:7b,টেস্টবেড,1.2
1158,& Ctrl; Shift; Arrow keys,bn,Bengali,qwen2.5-coder:7b,& Ctrl; Shift; অর্থ কোনো কিমুক্তি,3.215
1159,Asia/ Ashkhabad,bn,Bengali,qwen2.5-coder:7b,আশিয়া/আশ্কহাবাদ,2.245
1160,Comic Strip,bn,Bengali,qwen2.5-coder:7b,কমিক স্ট্রিপ,1.651
1161,Sell,bn,Bengali,qwen2.5-coder:7b,বিক্রি,1.034
1162,System Tray,bn,Bengali,qwen2.5-coder:7b,সистем ট্রেй,1.261
1163,Activity Diagram Shapes,bn,Bengali,qwen2.5-coder:7b,অ্যাডভেক্সি ডাইগ্রাম আকর্ষণ,3.416
1164,forward (fw),bn,Bengali,qwen2.5-coder:7b,ফরওয়ার্ড (fw),1.881
1165,Plural,bn,Bengali,qwen2.5-coder:7b,প্লারুয়াল,1.698
1166,Remove IPTC...,bn,Bengali,qwen2.5-coder:7b,আম্বার সম্পর্কে সম্পর্কে অপসারণ করুন...,4.546
1167,of October,bn,Bengali,qwen2.5-coder:7b,অক্টোবরের,1.439
1168,Calibration,bn,Bengali,qwen2.5-coder:7b,ক্যালিব্রেশন,1.588
1169,Explain modes,bn,Bengali,qwen2.5-coder:7b,মোডগুলো ব্যাখ্যা দিন,2.733
1170,Coin Collection,bn,Bengali,qwen2.5-coder:7b,মুল্যপূর্ণ সংগ্রহ,2.524
1171,Undefined Recipient Type,bn,Bengali,qwen2.5-coder:7b,অজানা প্রতিবেশের ধরনি,2.674
1172,Canceled,bn,Bengali,qwen2.5-coder:7b,বাতিল,0.957
1173,& Use SSL,bn,Bengali,qwen2.5-coder:7b,& SSL ব্যবহার করুন,2.182
1174,Open the New Tab Page,bn,Bengali,qwen2.5-coder:7b,নতুন টাব পেজ খোলো,2.681
1175,How to obtain & kget;,bn,Bengali,qwen2.5-coder:7b,একক প্রকারে এবং kget; প্রাপ্ত করা যেভাবে?,4.684
1176,arc seconds,bn,Bengali,qwen2.5-coder:7b,আর্ক সেকেন্ড,1.695
1177,Double Line,bn,Bengali,qwen2.5-coder:7b,ডুব্লু লাইন,1.768
1178,Subject line,bn,Bengali,qwen2.5-coder:7b,বিষয়,1.076
1179,Middle:,bn,Bengali,qwen2.5-coder:7b,মধ্যে:,1.028
1180,Repeatable.,bn,Bengali,qwen2.5-coder:7b,পুনরাবৃত্তি সম্ভব।,2.413
1181,Show & year,bn,Bengali,qwen2.5-coder:7b,বছর দেখাও,1.628
1182,(no function),bn,Bengali,qwen2.5-coder:7b,(ফাংশন নেই),1.625
1183,Delete Item,bn,Bengali,qwen2.5-coder:7b,আইটেম ডিলিট করুন,2.274
1184,Samba domain name,bn,Bengali,qwen2.5-coder:7b,সম্বান্ড নাম,1.772
1185,Icons view mode,bn,Bengali,qwen2.5-coder:7b,আইকন দৃষ্টিমূল্যাংশ,2.509
1186,Add as & Attachment,bn,Bengali,qwen2.5-coder:7b,আপনার ফাইল যোগ করুন একটি &অ্যাচ্যান্ট,4.656
1187,Air for netbooks,bn,Bengali,qwen2.5-coder:7b,নেটবুকের জিনিস,1.952
1188,Print Density,bn,Bengali,qwen2.5-coder:7b,প্রিন্ট আংশিকতা,2.067
1189,Forecast,bn,Bengali,qwen2.5-coder:7b,পৌরোনো প্রог্রাম,2.252
1190,& Titlebar Actions,bn,Bengali,qwen2.5-coder:7b,& শিরোনাম অপশনসমূহ,2.553
1191,TimeTunnel,bn,Bengali,qwen2.5-coder:7b,সময় টুনেল,1.789
1192,Kile Project Files,bn,Bengali,qwen2.5-coder:7b,কাজ প্রকল্প ফাইলসমূহ,2.621
1193,Delete Tracks,bn,Bengali,qwen2.5-coder:7b,ट्रैक्स ডিলিট করুন,2.508
1194,Subject Field,bn,Bengali,qwen2.5-coder:7b,বিষয় ঘর,1.366
1195,Add Tracker,bn,Bengali,qwen2.5-coder:7b,ট্র্যাকার যোগ করুন,2.482
1196,Text Selection,bn,Bengali,qwen2.5-coder:7b,নির্বাচিত টেক্সট,2.1
1197,Minimum movement:,bn,Bengali,qwen2.5-coder:7b,মিনিমাম আকর্ষণ:,1.989
1198,Battery:,bn,Bengali,qwen2.5-coder:7b,ব্যাটারি:,1.279
1199,KDE Poker Game,bn,Bengali,qwen2.5-coder:7b,KDE পোকের খেল,1.74
1200,Network failure.,bn,Bengali,qwen2.5-coder:7b,নেটওয়ার্ক সমস্যা।,2.368
1201,Key Pressed Interaction,bn,Bengali,qwen2.5-coder:7b,কীভাবে দেওয়া হয়,2.645
1202,Process Query,bn,Bengali,qwen2.5-coder:7b,প্রocেস কোয়ারি,2.109
1203,Municipalities,bn,Bengali,qwen2.5-coder:7b,মহানগর,1.163
1204,Accepted EULA,bn,Bengali,qwen2.5-coder:7b,অনুমোদিত EULA,1.624
1205,Node Color:,bn,Bengali,qwen2.5-coder:7b,নূড়ার রং:,1.684
1206,Mounting,bn,Bengali,qwen2.5-coder:7b,মাউন্টিং,1.261
1207,The file $HOME /. cvsignore.,bn,Bengali,qwen2.5-coder:7b,$HOME/.cvsignore ফাইল।,1.999
1208,16 bits color depth,bn,Bengali,qwen2.5-coder:7b,১৬ বিট রঙ দৈর্ঘ্য,2.529
1209,Segment,bn,Bengali,qwen2.5-coder:7b,সেগমেন্ট,1.219
1210,GPG User ID (deprecated),bn,Bengali,qwen2.5-coder:7b,GPG ব্যবহারকারী আইডি (ব্যাপ্তি),3.459
1211,Gradient:,bn,Bengali,qwen2.5-coder:7b,গ্রেডিয়েন্ট:,1.881
1212,Mount Command,bn,Bengali,qwen2.5-coder:7b,মাউন্ট কম্যান্ড,1.958
1213,Transfer List,bn,Bengali,qwen2.5-coder:7b,নিয়ন্ত্রণ তালিকা,2.174
1214,Version Error,bn,Bengali,qwen2.5-coder:7b,ভেসন ভুলি,1.459
1215,Text-to-Speech Manager,bn,Bengali,qwen2.5-coder:7b,টেক্সট-টো-স্পিচ ম্যানেজার,3.442
1216,Network settings,bn,Bengali,qwen2.5-coder:7b,নেটওয়ার্ক সেটিংস,2.277
1217,Suspended,bn,Bengali,qwen2.5-coder:7b,সমস্ত,0.984
1218,Previous Unread & Message,bn,Bengali,qwen2.5-coder:7b,আগের অনুৰোধ এবং বার্তা,3.208
1219,Watched,bn,Bengali,qwen2.5-coder:7b,পরিদর্শিত,1.42
1220,"(c) 1997-2009, KDE PIM Developers",bn,Bengali,qwen2.5-coder:7b,"(১৯৯৭-২০০৯, KDE PIM ডেভেলপারস)",4.465
1221,Max size:,bn,Bengali,qwen2.5-coder:7b,মаксিমাল আকার:,1.691
1222,Resolution:,bn,Bengali,qwen2.5-coder:7b,রেজোলিশন:,1.43
1223,Grade:,bn,Bengali,qwen2.5-coder:7b,শ্রেণি:,1.165
1224,& Query message:,bn,Bengali,qwen2.5-coder:7b,& অনুশূলন বার্তা:,2.373
1225,EXIF Actions,bn,Bengali,qwen2.5-coder:7b,EXIF অ্যাকশনসমূহ,1.998
1226,Schedule,bn,Bengali,qwen2.5-coder:7b,সময়সূচি,1.442
1227,& Duration,bn,Bengali,qwen2.5-coder:7b,& সময়,1.17
1228,Subtitle PID:,bn,Bengali,qwen2.5-coder:7b,সাবটিল পিডি: ,1.936
1229,Computer Player,bn,Bengali,qwen2.5-coder:7b,কম্পিউটার প্লেয়ার,2.436
1230,"Path to ""setkey"":",bn,Bengali,qwen2.5-coder:7b,সেটকির পথ:,1.767
1231,Accuracy,bn,Bengali,qwen2.5-coder:7b,সঠিকতা,1.116
1232,Counterclockwise,bn,Bengali,qwen2.5-coder:7b,বিপরীত ঘরাও,1.744
1233,Identity Settings,bn,Bengali,qwen2.5-coder:7b,আইডেন্টিটি সেটিংস,2.213
1234,Does NOT Contain,bn,Bengali,qwen2.5-coder:7b,নেই,1.012
1235,Choose Pixmap,bn,Bengali,qwen2.5-coder:7b,ছবি নির্বাচন,1.61
1236,Expression base:,bn,Bengali,qwen2.5-coder:7b,উপস্থাপনা বেস:,1.895
1237,Animation speed:,bn,Bengali,qwen2.5-coder:7b,অ্যানিমেশন স্পিড:,2.175
1238,SAM System-Administration,bn,Bengali,qwen2.5-coder:7b,সিএমএম সিস্টেম-অ্যাডমিনিস্ট্রেশন,3.896
1239,& Delete Tag...,bn,Bengali,qwen2.5-coder:7b,&ট্যাগ ডিলিট করুন...,2.332
1240,rowLayout,bn,Bengali,qwen2.5-coder:7b,রো আলাদা,1.401
1241,Instance,bn,Bengali,qwen2.5-coder:7b,উদাহরণ,1.045
1242,Associations,bn,Bengali,qwen2.5-coder:7b,সংশ্লোকন,1.462
1243,Landscape,bn,Bengali,qwen2.5-coder:7b,স্থানীয়ার্থ,1.807
1244,Wins,bn,Bengali,qwen2.5-coder:7b,বিজ্ঞাপিত,1.303
1245,Recipe Name,bn,Bengali,qwen2.5-coder:7b,রেসিপি নাম,1.468
1246,Tremolo Strings,bn,Bengali,qwen2.5-coder:7b,ত্রেমোলো স্ট্রিংস,2.428
1247,Abbreviations:,bn,Bengali,qwen2.5-coder:7b,আক্ষরিক অক্ষরগুলি:,2.473
1248,Membership options,bn,Bengali,qwen2.5-coder:7b,সদস্যতা অপশনস,1.8
1249,Application & working folder,bn,Bengali,qwen2.5-coder:7b,অ্যাপ্লিকেশন এবং কাজ ফোল্ডার,3.598
1250,& Serial Cable,bn,Bengali,qwen2.5-coder:7b,& সিরিয়াল কেবল,2.16
1251,Audio disc,bn,Bengali,qwen2.5-coder:7b,অডিউ ডিসক,1.39
1252,& Monthly,bn,Bengali,qwen2.5-coder:7b,& মাসের,1.167
1253,Start Page,bn,Bengali,qwen2.5-coder:7b,শুরুপৃষ্ঠোৰ,2.162
1254,Interface & name:,bn,Bengali,qwen2.5-coder:7b,ইন্টারফেস & নাম:,1.934
1255,No media,bn,Bengali,qwen2.5-coder:7b,কোনো মিডিয়া নেই,2.35
1256,True,bn,Bengali,qwen2.5-coder:7b,সত্য,0.822
1257,Document Properties dialog,bn,Bengali,qwen2.5-coder:7b,ডকুমেন্ট বৈশিষ্ট্য ডিলোগ,3.466
1258,2D Graphs,bn,Bengali,qwen2.5-coder:7b,২ ডি গ্রাফস,1.672
1259,Enable emoticons,bn,Bengali,qwen2.5-coder:7b,এমটিকন সক্ষম করুন,2.211
1260,Keyboard Filters,bn,Bengali,qwen2.5-coder:7b,কীবোর্ড ফিল্টার,2.218
1261,Structure View,bn,Bengali,qwen2.5-coder:7b,স্ট্রাকচার দৃষ্টি,2.286
1262,& Server name:,bn,Bengali,qwen2.5-coder:7b,& সার্ভারের নাম:,2.058
1263,Table Data (wml),bn,Bengali,qwen2.5-coder:7b,তেবিন ডেটা (wml),2.04
1264,Change Admin,bn,Bengali,qwen2.5-coder:7b,অ্যাডমিন পরিবর্তন,2.196
1265,feet²,bn,Bengali,qwen2.5-coder:7b,ফুট²,1.003
1266,of Mehr,bn,Bengali,qwen2.5-coder:7b,মের,0.751
1267,Next: Tips,bn,Bengali,qwen2.5-coder:7b,পরে: টিপস,1.394
1268,Audio bit rate (kbit):,bn,Bengali,qwen2.5-coder:7b,আডিও বিট রেট (কিবি টেক):,2.788
1269,Plasma ContainmentActions,bn,Bengali,qwen2.5-coder:7b,প্লাস্মা সংরক্ষণ পরিবর্তন,3.412
1270,Default group:,bn,Bengali,qwen2.5-coder:7b,ডিফল্ট গ্রুপ:,2.034
1271,Nick Name,bn,Bengali,qwen2.5-coder:7b,নাইকেনেম,1.245
1272,reconciled,bn,Bengali,qwen2.5-coder:7b,সম্মানিত,1.286
1273,Range error,bn,Bengali,qwen2.5-coder:7b,Range error,0.651
1274,Cylindrical,bn,Bengali,qwen2.5-coder:7b,সিলিন্ডারিক,1.609
1275,Lens Distortion,bn,Bengali,qwen2.5-coder:7b,কেন্দ্র বিস্ক্রিয়া,2.555
1276,Encoder Configuration,bn,Bengali,qwen2.5-coder:7b,এক্সেনকার সমন্বয়,2.193
1277,20th Last,bn,Bengali,qwen2.5-coder:7b,শেষ ২০টি,1.541
1278,Expense details,bn,Bengali,qwen2.5-coder:7b,ব্যয়ের বিস্তার,2.096
1279,Database driver:,bn,Bengali,qwen2.5-coder:7b,ডেটাবেস ড্রাইভার:,2.263
1280,Flood color,bn,Bengali,qwen2.5-coder:7b,ফ্লোড রঙ,1.437
1281,Focal point:,bn,Bengali,qwen2.5-coder:7b,প্রধান বিন্দু:,1.967
1282,Max. Aspect,bn,Bengali,qwen2.5-coder:7b,মакс. অনুপাত,1.639
1283,Insertion,bn,Bengali,qwen2.5-coder:7b,আবস্থা,1.06
1284,CVS Watch Remove,bn,Bengali,qwen2.5-coder:7b,CVS ব্যাচ্যু সুরক্ষা সরানো,3.431
1285,& Enable alarm,bn,Bengali,qwen2.5-coder:7b,& অ্যালার্ম সক্ষম করুন,2.831
1286,SMB shared printer (Windows;),bn,Bengali,qwen2.5-coder:7b,SMB শেয়ারড প্রিন্টার (Windows;),3.295
1287,Group file:,bn,Bengali,qwen2.5-coder:7b,ফাইল গ্রুপ:,1.631
1288,Find Minimum Point,bn,Bengali,qwen2.5-coder:7b,মিনিমাম বিন্দু খুঁজুন,2.979
1289,GLX extensions,bn,Bengali,qwen2.5-coder:7b,GLX একширশনসমূহ,1.854
1290,Image List,bn,Bengali,qwen2.5-coder:7b,ইমেজ তালিকা,1.59
1291,angularAccelerationVariance,bn,Bengali,qwen2.5-coder:7b,অ্যাংগুলার বিস্থাপন সমৃদ্ধি,3.518
1292,Transport stream ID:,bn,Bengali,qwen2.5-coder:7b,পরিবর্তন স্টুম্ব আইডি:,2.799
1293,Transferring time:,bn,Bengali,qwen2.5-coder:7b,সময় ব্যাসার্ধ করা:,2.589
1294,Writeable,bn,Bengali,qwen2.5-coder:7b,সম্পাদনা সম্ভব,1.885
1295,Europe,bn,Bengali,qwen2.5-coder:7b,ইউরোপ,1.043
1296,Source files:,bn,Bengali,qwen2.5-coder:7b,সূত্র ফাইলগুলি:,2.159
1297,Active:,bn,Bengali,qwen2.5-coder:7b,সক্রিয়া:,1.481
1298,Sentences,bn,Bengali,qwen2.5-coder:7b,শব্দ স্থানান্ত্রিক সূত্র,2.908
1299,Outline:,bn,Bengali,qwen2.5-coder:7b,আঁকন:,1.003
1300,Reference,bn,Bengali,qwen2.5-coder:7b,রেফারেন্স,1.255
1301,System Cleaner,bn,Bengali,qwen2.5-coder:7b,সিস্টেম সাফল্য করুন,2.444
1302,& Output,bn,Bengali,qwen2.5-coder:7b,& আউটপুট,1.396
1303,Keyboard & model:,bn,Bengali,qwen2.5-coder:7b,কীবোর্ড এবং মডেল:,2.459
1304,Formatting Options,bn,Bengali,qwen2.5-coder:7b,প্রকারণ অপশনসমূহ,2.096
1305,Young's modulus:,bn,Bengali,qwen2.5-coder:7b,ইউন্ডস মোডিয়াস:,2.328
1306,Signal processing controller,bn,Bengali,qwen2.5-coder:7b,সিগ্নাল প্রক্রিয়া নিয়ন্ত্রক,3.661
1307,Group List,bn,Bengali,qwen2.5-coder:7b,গ্রুপ তালিকা,1.799
1308,Show cover,bn,Bengali,qwen2.5-coder:7b,কভি দেখাও,1.362
1309,deactivated,bn,Bengali,qwen2.5-coder:7b,নিষ্ক্রিয়ামিত,1.967
1310,& Underline links,bn,Bengali,qwen2.5-coder:7b,& লিংকগুলো অন্তর্ভুক্ত করুন,3.735
1311,Skipped:,bn,Bengali,qwen2.5-coder:7b,পাঠিয়ে দেওয়া হয়েছে:,3.13
1312,light group,bn,Bengali,qwen2.5-coder:7b,লেট গ্রুপ,1.475
1313,Sublocation:,bn,Bengali,qwen2.5-coder:7b,সাব অবস্থা:,1.497
1314,gold,bn,Bengali,qwen2.5-coder:7b,রূপাঙ্গ,1.179
1315,& Keyboard Layouts,bn,Bengali,qwen2.5-coder:7b,& কীবোর্ড আয়োজনগুলি,3.074
1316,Line Extensions,bn,Bengali,qwen2.5-coder:7b,লাইন অস্তিত্ব,1.804
1317,How to obtain and install & ktouch;,bn,Bengali,qwen2.5-coder:7b,কিভাবে প্রাপ্ত করতে এবং ইন্সটল করতে &ktouch;,4.587
1318,Key management,bn,Bengali,qwen2.5-coder:7b,কীভাবে সম্পর্কিত,2.205
1319,Preselection:,bn,Bengali,qwen2.5-coder:7b,প্রাকৃতিক অনুযায়ি:,2.714
1320,Pattern Size,bn,Bengali,qwen2.5-coder:7b,প্যাট্রন আকার,1.779
1321,%1 does not exist,bn,Bengali,qwen2.5-coder:7b,%1 অসуществিত,1.464
1322,channel,bn,Bengali,qwen2.5-coder:7b,চ্যানেল,1.184
1323,Every time,bn,Bengali,qwen2.5-coder:7b,প্রতিটি বার,1.557
1324,Gop size:,bn,Bengali,qwen2.5-coder:7b,গোপ আকার:,1.509
1325,Privacy Settings,bn,Bengali,qwen2.5-coder:7b,গুলিয়ের সেটিংস,2.209
1326,Interval check time:,bn,Bengali,qwen2.5-coder:7b,মিনিট অন্তর পроверক সময়:,2.852
1327,m{w} Alignment,bn,Bengali,qwen2.5-coder:7b,মূল্যাংশ সার্বনিশ্চয়,2.95
1328,Entities,bn,Bengali,qwen2.5-coder:7b,ইতিহাস,1.056
1329,Operations,bn,Bengali,qwen2.5-coder:7b,অপেক্ষা,1.083
1330,Border Bottom,bn,Bengali,qwen2.5-coder:7b,নижের সীমা,1.399
1331,File Previews,bn,Bengali,qwen2.5-coder:7b,ফাইল প্রিভিয়ারস,2.232
1332,QMake Builder,bn,Bengali,qwen2.5-coder:7b,QMake বিনায়ক,1.555
1333,Locate in KMail,bn,Bengali,qwen2.5-coder:7b,KMail এ খুজুন,1.88
1334,Playlist Name,bn,Bengali,qwen2.5-coder:7b,প্লেলিস্টের নাম,1.903
1335,0 unsent,bn,Bengali,qwen2.5-coder:7b,0 অনুৰোধ অনুৰোধ করা হয়নি,3.788
1336,Squares,bn,Bengali,qwen2.5-coder:7b,বর্গ,0.909
1337,Debugger Frontend,bn,Bengali,qwen2.5-coder:7b,ডেবাগার ফ্রন্টএন্ড,2.37
1338,Cookies Disabled,bn,Bengali,qwen2.5-coder:7b,কুকি অক্ষম,1.544
1339,& Network name:,bn,Bengali,qwen2.5-coder:7b,&নেটওয়ার্ক নাম:,2.151
1340,Left Arrow,bn,Bengali,qwen2.5-coder:7b,বাম অরোহ,1.42
1341,Close Document,bn,Bengali,qwen2.5-coder:7b,কাগজ বন্ধ করুন,1.989
1342,Query name,bn,Bengali,qwen2.5-coder:7b,অনুসন্ধানের নাম,2.091
1343,Remove Document,bn,Bengali,qwen2.5-coder:7b,ডকুমেন্ট অপরিদ্যোগ করুন,3.165
1344,new_operation,bn,Bengali,qwen2.5-coder:7b,নতুন অপেরেশন,1.78
1345,Rotate Layer,bn,Bengali,qwen2.5-coder:7b,লেয়ার ঘর্মানো,2.298
1346,Project manager,bn,Bengali,qwen2.5-coder:7b,প্রকল্প ম্যানেজার,2.208
1347,Coloring Tint:,bn,Bengali,qwen2.5-coder:7b,কলর টাইন্ট:,1.67
1348,Optional:,bn,Bengali,qwen2.5-coder:7b,অপশনাল:,1.139
1349,Writing mode,bn,Bengali,qwen2.5-coder:7b,আইনির প্রকার,1.686
1350,Copy offset:,bn,Bengali,qwen2.5-coder:7b,অফсет কপি করুন:,1.903
1351,Thumbnail,bn,Bengali,qwen2.5-coder:7b,থুম্বানি,1.288
1352,TIFF Files,bn,Bengali,qwen2.5-coder:7b,TIFF ফাইলসমূহ,1.648
1353,Dispersion:,bn,Bengali,qwen2.5-coder:7b,বিস্তার:,1.333
1354,Current Year,bn,Bengali,qwen2.5-coder:7b,বর্তমান বছর,1.532
1355,Player 2 name,bn,Bengali,qwen2.5-coder:7b,প্লেয়ার ২ নাম,2.199
1356,Border Color:,bn,Bengali,qwen2.5-coder:7b,নীচের রং:,1.583
1357,Icon chooser dialog,bn,Bengali,qwen2.5-coder:7b,আইকন পছন্দ করা ডিলগ করুন,3.09
1358,Start Color:,bn,Bengali,qwen2.5-coder:7b,শুরু করুন রং:,2.182
1359,KStep preview,bn,Bengali,qwen2.5-coder:7b,কেস্টেপ প্রিভিউ,2.055
1360,To Tallest,bn,Bengali,qwen2.5-coder:7b,সবচেয়ে উচ্চ,1.934
1361,Equation Solver,bn,Bengali,qwen2.5-coder:7b,সমাধান করুন,1.734
1362,Keyboard LEDs,bn,Bengali,qwen2.5-coder:7b,কীবোর্ড লিডস,1.901
1363,Operating System,bn,Bengali,qwen2.5-coder:7b,অপেরেটিং সিস্টেম,2.02
1364,Database driver,bn,Bengali,qwen2.5-coder:7b,ডেটাবেস ড্রাইভার,2.004
1365,Feed added,bn,Bengali,qwen2.5-coder:7b,ফিড যোগ করা হয়েছে,2.451
1366,Installed size: %1,bn,Bengali,qwen2.5-coder:7b,ইন্সটল আকার: %1,2.022
1367,File List,bn,Bengali,qwen2.5-coder:7b,ফাইল তালিকা,1.568
1368,& View Logs,bn,Bengali,qwen2.5-coder:7b,& লগ দেখুন,1.617
1369,environment ',bn,Bengali,qwen2.5-coder:7b,অবস্থা ,1.199
1370,User Time,bn,Bengali,qwen2.5-coder:7b,ব্যবহারকারীর সময়,2.388
1371,Frame & Width:,bn,Bengali,qwen2.5-coder:7b,ফ্রেম এবং প্রস্থ:,2.458
1372,Cover Manager,bn,Bengali,qwen2.5-coder:7b,কভি ম্যানেজার,1.796
1373,Search Files With Kat,bn,Bengali,qwen2.5-coder:7b,ফাইলগুলো খুঁজুন কেটে,2.979
1374,Song Properties,bn,Bengali,qwen2.5-coder:7b,সুন্দরী গানোর বৈশিষ্ট্য,3.222
1375,Delete tag,bn,Bengali,qwen2.5-coder:7b,ট্যাগ মুছে দিন,1.989
1376,Six,bn,Bengali,qwen2.5-coder:7b,৬,0.631
1377,MediumAquamarine,bn,Bengali,qwen2.5-coder:7b,মধ্যম অকুমারাইন,2.062
1378,Atomic Radius,bn,Bengali,qwen2.5-coder:7b,আтомের ব্যাস,1.413
1379,Verify failure,bn,Bengali,qwen2.5-coder:7b,ভেরিফিকেশন ব্যর্থ,2.06
1380,Quick Post,bn,Bengali,qwen2.5-coder:7b,কৃত্রিম পублиকেশন,2.059
1381,End Activity,bn,Bengali,qwen2.5-coder:7b,শেষ করুন,1.392
1382,Mount command,bn,Bengali,qwen2.5-coder:7b,মাউন্ট কমান্ড,1.769
1383,Location filter:,bn,Bengali,qwen2.5-coder:7b,অবস্থা ফিল্টার:,1.971
1384,New profile wizard racoon,bn,Bengali,qwen2.5-coder:7b,নতুন প্রোফাইল জিনিস রাকোন,3.447
1385,& Group Password:,bn,Bengali,qwen2.5-coder:7b,& গ্রুপ পাসওয়ার্ড:,2.641
1386,Page one,bn,Bengali,qwen2.5-coder:7b,পৃষ্ঠা এক,1.467
1387,IP Settings,bn,Bengali,qwen2.5-coder:7b,ইপ সেটিংস,1.286
1388,Spanish (Panama),bn,Bengali,qwen2.5-coder:7b,স্পেনী (পানামা),1.932
1389,New & To-do...,bn,Bengali,qwen2.5-coder:7b,নতুন & কর্মসূচক...,2.248
1390,Label,bn,Bengali,qwen2.5-coder:7b,লেভেল,0.931
1391,Major radius (z),bn,Bengali,qwen2.5-coder:7b,মূল তলা (z),1.621
1392,LDAP suffix:,bn,Bengali,qwen2.5-coder:7b,LDAP সাউফিক্স:,1.567
1393,IMREAL(string),bn,Bengali,qwen2.5-coder:7b,IMREAL(%s),1.006
1394,Merged,bn,Bengali,qwen2.5-coder:7b,মিশ্রিত,1.107
1395,libxz plugin for Kerfuffle,bn,Bengali,qwen2.5-coder:7b,libxz প্লাগইন জন্য Kerfuffle,2.573
1396,Board Game Collection,bn,Bengali,qwen2.5-coder:7b,মুদ্রা খেলা সংগ্রহ,2.541
1397,Move Right,bn,Bengali,qwen2.5-coder:7b,ডানে যাও,1.304
1398,Authentication method,bn,Bengali,qwen2.5-coder:7b,অনুমোদন পদ্ধতি,2.037
1399,Telephonebook Search Provider,bn,Bengali,qwen2.5-coder:7b,ফোনবুক অনুসন্ধান প্রদানকারী,3.742
1400,Host authentication:,bn,Bengali,qwen2.5-coder:7b,হোস্ট প্রমাণন:,1.988
1401,Trust,bn,Bengali,qwen2.5-coder:7b,স্বাস্থ্য,1.331
1402,lightyears,bn,Bengali,qwen2.5-coder:7b,ল্যাটিনি,1.276
1403,disabled,bn,Bengali,qwen2.5-coder:7b,নিশ্চিত,1.191
1404,Marker Lines,bn,Bengali,qwen2.5-coder:7b,মার্কার লাইনস,1.833
1405,Searching for %1...,bn,Bengali,qwen2.5-coder:7b,অনুসন্ধান করা আছে %1...,2.896
1406,Keyboard Colors,bn,Bengali,qwen2.5-coder:7b,কীবোর্ড রংগসমূহ,2.496
1407,"Operating system related: chdir, shell, tty",bn,Bengali,qwen2.5-coder:7b,"অপেরেটিং সিস্টেম সвяз্য়াক্ষরিত: chdir, shell, tty",4.654
1408,(8) Sys. Administration,bn,Bengali,qwen2.5-coder:7b,(৮) সিস্টেম অ্যাডমিনিস্ট্রেশন,3.672
1409,Sound file,bn,Bengali,qwen2.5-coder:7b,শব্দ ফাইল,1.439
1410,Attachment Title,bn,Bengali,qwen2.5-coder:7b,অ্যাচ্যামেন্ট শিরোনাম,2.716
1411,Min distance,bn,Bengali,qwen2.5-coder:7b,মিন দূরত্ব,1.588
1412,Equipment:,bn,Bengali,qwen2.5-coder:7b,সেইবাস্তব:,1.463
1413,Line Chart,bn,Bengali,qwen2.5-coder:7b,লাইন চার্ট,1.485
1414,Town:,bn,Bengali,qwen2.5-coder:7b,গ্রাম:,1.025
1415,& Previous Week,bn,Bengali,qwen2.5-coder:7b,& আগের সপ্তাহ,1.783
1416,Network Printer (socket),bn,Bengali,qwen2.5-coder:7b,নেটওয়ার্ক প্রিন্টার (সোকেট),3.571
1417,Preview opacity:,bn,Bengali,qwen2.5-coder:7b,প্রোভাইভ অপারিটি:,2.255
1418,Close Project,bn,Bengali,qwen2.5-coder:7b,প্রকল্প বন্ধ করুন,2.349
1419,log files,bn,Bengali,qwen2.5-coder:7b,লগ ফাইলসমূহ,1.612
1420,Client NTLMv2 authentication,bn,Bengali,qwen2.5-coder:7b,কার্যকরী NTLMv2 প্রমাণিত করণি,3.218
1421,Ink Depletion Curve,bn,Bengali,qwen2.5-coder:7b,ইন্ক সমস্তনীয় বক্ররেখা,3.158
1422,ICal Calendar File,bn,Bengali,qwen2.5-coder:7b,ইক্যালেনার ক্যালেন্ডার ফাইল,3.283
1423,body part,bn,Bengali,qwen2.5-coder:7b,শরীরের অংশ,1.682
1424,Cover Image,bn,Bengali,qwen2.5-coder:7b,ভ্যাটার ছবি,1.562
1425,Image Settings,bn,Bengali,qwen2.5-coder:7b,ছবির সেটিংস,1.604
1426,Halftone,bn,Bengali,qwen2.5-coder:7b,হ্যালফটন,1.284
1427,View with & Firefox,bn,Bengali,qwen2.5-coder:7b,ফাফোরে দেখুন & Firefox,2.298
1428,Disc Type,bn,Bengali,qwen2.5-coder:7b,ডিসক টাইপ,1.368
1429,Radar Chart,bn,Bengali,qwen2.5-coder:7b,রেডার চার্ট,1.627
1430,Shaded,bn,Bengali,qwen2.5-coder:7b,স্বরূপ,1.148
1431,Dessert,bn,Bengali,qwen2.5-coder:7b,ডিসের,0.982
1432,Player%1,bn,Bengali,qwen2.5-coder:7b,বিছিন্ন প্লেয়ার%1,2.518
1433,Personal:,bn,Bengali,qwen2.5-coder:7b,ব্যক্তিগত:,1.481
1434,PictureGrade,bn,Bengali,qwen2.5-coder:7b,ছবির গ্রেড,1.456
1435,Search playlists,bn,Bengali,qwen2.5-coder:7b,প্লেলিস্ট খুঁজুন,2.386
1436,& Examples,bn,Bengali,qwen2.5-coder:7b,& উদাহরণসমূহ,1.774
1437,Group file,bn,Bengali,qwen2.5-coder:7b,ফাইল গ্রুপ,1.583
1438,& Low,bn,Bengali,qwen2.5-coder:7b,& নিম্ন,1.185
1439,Dominican Peso,bn,Bengali,qwen2.5-coder:7b,ডোমিনিক পেসো,1.985
1440,Add peer:,bn,Bengali,qwen2.5-coder:7b,প্রতিবন্ধ যোগ করুন:,2.727
1441,Lookup vector,bn,Bengali,qwen2.5-coder:7b,ভেক্টর খুঁজুন,2.103
1442,of Bahman,bn,Bengali,qwen2.5-coder:7b,বাহমানের,1.293
1443,Locked,bn,Bengali,qwen2.5-coder:7b,ক্লোকেড,1.228
1444,& Office:,bn,Bengali,qwen2.5-coder:7b,&অফিস:,1.031
1445,Standard Preview,bn,Bengali,qwen2.5-coder:7b,স্টান্ডার্ড প্রিভিয়ার,2.722
1446,KDE port,bn,Bengali,qwen2.5-coder:7b,KDE প্যার্টি,1.545
1447,Foreground:,bn,Bengali,qwen2.5-coder:7b,পৌরো স্থান:,1.687
1448,Plot Appearance,bn,Bengali,qwen2.5-coder:7b,মৌলিক দেখা,1.5
1449,& Enabled,bn,Bengali,qwen2.5-coder:7b,& সক্ষম,1.131
1450,high,bn,Bengali,qwen2.5-coder:7b,উচ্চ,0.857
1451,Maze,bn,Bengali,qwen2.5-coder:7b,মাজি,0.846
1452,Access,bn,Bengali,qwen2.5-coder:7b,অ্যাক্সেস,1.311
1453,Top-Right,bn,Bengali,qwen2.5-coder:7b,উপর-ขวา,1.016
1454,Hotkey,bn,Bengali,qwen2.5-coder:7b,হটকি,0.842
1455,Top,bn,Bengali,qwen2.5-coder:7b,প্রথম,0.915
1456,Publisher:,bn,Bengali,qwen2.5-coder:7b,প্রকাশক:,1.191
1457,Watch TV!,bn,Bengali,qwen2.5-coder:7b,টিভি দেখো!,1.474
1458,Medium Outline,bn,Bengali,qwen2.5-coder:7b,মাঝার অংশ,1.424
1459,Trust:,bn,Bengali,qwen2.5-coder:7b,Trust:,0.619
1460,Snow Grains,bn,Bengali,qwen2.5-coder:7b,শীত গুলি,1.467
1461,Others,bn,Bengali,qwen2.5-coder:7b,অন্যায়ী,1.369
1462,DodgerBlue2,bn,Bengali,qwen2.5-coder:7b,ডোজার ব্লূ ২,1.968
1463,Serial Port #2 (Linux),bn,Bengali,qwen2.5-coder:7b,সিরিয়াল পোর্ট #2 (লিনাক্স),3.383
1464,Save As,bn,Bengali,qwen2.5-coder:7b,সেভ করুন,1.38
1465,Debugging Output,bn,Bengali,qwen2.5-coder:7b,ডিবাগিং আউটপুট,2.048
1466,Font Files,bn,Bengali,qwen2.5-coder:7b,ফন্ট ফাইলস,1.466
1467,Bitrate,bn,Bengali,qwen2.5-coder:7b,বিট বেলায়াটি,1.898
1468,View Background,bn,Bengali,qwen2.5-coder:7b,পেট্রি দেখুন,1.791
1469,Palette Name:,bn,Bengali,qwen2.5-coder:7b,প্যালেটের নাম:,1.902
1470,Appearance Page,bn,Bengali,qwen2.5-coder:7b,আপেরেন্স পেজ,1.702
1471,Dump Certificate Error,bn,Bengali,qwen2.5-coder:7b,ক্যার্টিফিকেট ডাউম্প ভুল,2.921
1472,Particle size:,bn,Bengali,qwen2.5-coder:7b,মুখ্য আংশিক আকার:,2.391
1473,& Word,bn,Bengali,qwen2.5-coder:7b,& শব্দ,1.073
1474,Reconciled,bn,Bengali,qwen2.5-coder:7b,সম্মানিত,1.282
1475,to:,bn,Bengali,qwen2.5-coder:7b,পর্যন্ত:,1.273
1476,Top:,bn,Bengali,qwen2.5-coder:7b,প্রথম:,1.018
1477,OCR Image,bn,Bengali,qwen2.5-coder:7b,OCR ছবি,0.964
1478,Kexi Open Database Connectivity Driver,bn,Bengali,qwen2.5-coder:7b,কেকি অপেন ডেটাবেস কনেক্টিভিটি ড্রাইভার,4.517
1479,Next,bn,Bengali,qwen2.5-coder:7b,পরে,0.737
1480,Other Transfers,bn,Bengali,qwen2.5-coder:7b,অন্যায়ী অনুসরণ,2.225
1481,Image Captions,bn,Bengali,qwen2.5-coder:7b,ছবির বর্ণনা,1.554
1482,Maldivian Rufiyaa,bn,Bengali,qwen2.5-coder:7b,মাল্দিবীয়ারুফিয়া,2.76
1483,wait,bn,Bengali,qwen2.5-coder:7b,প্রতিটি,1.16
1484,Delete object,bn,Bengali,qwen2.5-coder:7b,বস্তু মুছে দিন,2.108
1485,Enter a phone number:,bn,Bengali,qwen2.5-coder:7b,ফোন নম্বর লিখুন:,2.405
1486,Dolphin Preferences,bn,Bengali,qwen2.5-coder:7b,ডল্পিন সেটিংস,1.759
1487,Last. Fm Events,bn,Bengali,qwen2.5-coder:7b,সর্বশেষ. Fm ঘটনা,1.985
1488,Blue multiplier,bn,Bengali,qwen2.5-coder:7b,বাজার গুনিতক,1.764
1489,Beveled,bn,Bengali,qwen2.5-coder:7b,বেলভেজ,1.069
1490,Distortion...,bn,Bengali,qwen2.5-coder:7b,বিস্ক্রিয়া...,1.91
1491,Mean:,bn,Bengali,qwen2.5-coder:7b,মান:,0.796
1492,Table Data,bn,Bengali,qwen2.5-coder:7b,তাবলী ডেটা,1.491
1493,%1 added,bn,Bengali,qwen2.5-coder:7b,%1 যোগ করা হয়েছে,2.428
1494,Duplicate open,bn,Bengali,qwen2.5-coder:7b,নিরপদ খোলা,1.554
1495,Kings,bn,Bengali,qwen2.5-coder:7b,রাজা,0.837
1496,PCI card,bn,Bengali,qwen2.5-coder:7b,PCI কার্ড,1.15
1497,City:,bn,Bengali,qwen2.5-coder:7b,শহর:,0.805
1498,Outlook2VCal main window,bn,Bengali,qwen2.5-coder:7b,আউটলকূডি এক্সটেনশন মূল জanelা,3.509
1499,Attendees,bn,Bengali,qwen2.5-coder:7b,অংশীদার,1.404
1500,The board,bn,Bengali,qwen2.5-coder:7b,মোবাইল বোর্ড,1.892
1501,File System Support,bn,Bengali,qwen2.5-coder:7b,ফাইল সিস্টেম সমর্থন,2.414
1502,single DMA,bn,Bengali,qwen2.5-coder:7b,একটি DMA,0.984
1503,from %1,bn,Bengali,qwen2.5-coder:7b,থেকে %1,1.085
1504,Blur,bn,Bengali,qwen2.5-coder:7b,ব্লুর,0.992
1505,Samba domain SID,bn,Bengali,qwen2.5-coder:7b,সম্বান্ড ডোমেন এন্ডিটি,2.715
1506,Position Y:,bn,Bengali,qwen2.5-coder:7b,পজিশন Y:,1.164
1507,Image Operations,bn,Bengali,qwen2.5-coder:7b,চিত্র অপেরেশনস,1.939
1508,& Ascending,bn,Bengali,qwen2.5-coder:7b,& উপর থেকে নীচে,2.117
1509,Website Validators,bn,Bengali,qwen2.5-coder:7b,ওয়েবসাইট ভীরুত্বপূর্ণ করুন,3.728
1510,Entity & name:,bn,Bengali,qwen2.5-coder:7b,এন্টিটি & নাম:,1.855
1511,Payout,bn,Bengali,qwen2.5-coder:7b,প্যাউট,1.058
1512,& Environment,bn,Bengali,qwen2.5-coder:7b,& সম্পদ,1.166
1513,untitled. step,bn,Bengali,qwen2.5-coder:7b,অননাম. পরবর্তী,2.253
1514,Street,bn,Bengali,qwen2.5-coder:7b,স্টুর্ট,1.19
1515,& Preview cmd:,bn,Bengali,qwen2.5-coder:7b,& প্রোভাইড কম্ড:,2.133
1516,Visit homepage...,bn,Bengali,qwen2.5-coder:7b,হোমপেজ দেখুন...,1.94
1517,Woman Shape,bn,Bengali,qwen2.5-coder:7b,মহিলা আকৃতি,1.642
1518,Pop-up Notes,bn,Bengali,qwen2.5-coder:7b,উইন্ডো নোটস,1.731
1519,developer (JavaScript),bn,Bengali,qwen2.5-coder:7b,ডেভেলপার (JavaScript),1.584
1520,Charcoal Drawing...,bn,Bengali,qwen2.5-coder:7b,চারকোলা চিত্র...,2.05
1521,Trash Settings.,bn,Bengali,qwen2.5-coder:7b,স্টার্জাস্টিং সেটিংস।,2.806
1522,Is End,bn,Bengali,qwen2.5-coder:7b,এই শেষ,1.062
1523,DCC Receive,bn,Bengali,qwen2.5-coder:7b,ডিএসসি রিসিভ,1.915
1524,Hor. Policy,bn,Bengali,qwen2.5-coder:7b,হর. নিয়ম,1.524
1525,Ingredient,bn,Bengali,qwen2.5-coder:7b,ইন্দিগেন,1.18
1526,Crosshair,bn,Bengali,qwen2.5-coder:7b,ক্রসহাইর,1.203
1527,Deletions,bn,Bengali,qwen2.5-coder:7b,মুছে দেওয়া,1.722
1528,The Thesaurus Tab,bn,Bengali,qwen2.5-coder:7b,থেসারাস ট্যাব,1.886
1529,Toggle equalizer.,bn,Bengali,qwen2.5-coder:7b,ইক্সেলাইজার টুল্ব বন্ধ করুন।,3.597
1530,Gold Mesh,bn,Bengali,qwen2.5-coder:7b,রূপনীড়া মাধ্যম,2.248
1531,Current Frame,bn,Bengali,qwen2.5-coder:7b,বর্তমান ফ্রেম,1.754
1532,Pan Flute,bn,Bengali,qwen2.5-coder:7b,পান ফ্লাট,1.419
1533,Filter out accounts,bn,Bengali,qwen2.5-coder:7b,অ্যাকাউন্ট ফিল্টার করুন,3.149
1534,Painterly Color Mixer,bn,Bengali,qwen2.5-coder:7b,প্রকাশী রং সম্পাদক,2.769
1535,Master volume,bn,Bengali,qwen2.5-coder:7b,মূল্য সম্পর্কিত,1.992
1536,"& kicker;, the & kde; Panel",bn,Bengali,qwen2.5-coder:7b,"&কেকারি;, এবং &কেডিএ; প্যানেল",3.603
1537,DCOP Call,bn,Bengali,qwen2.5-coder:7b,DCOP কল,1.056
1538,NT SMB support,bn,Bengali,qwen2.5-coder:7b,NT SMB সমর্থন,1.413
1539,Bottom Center,bn,Bengali,qwen2.5-coder:7b,নижের সম্পদ,1.486
1540,Memory Configuration,bn,Bengali,qwen2.5-coder:7b,মেমরি সমন্বয়,1.901
1541,female,bn,Bengali,qwen2.5-coder:7b,মহিলা,0.959
1542,& Shift; Right Arrow,bn,Bengali,qwen2.5-coder:7b,& অপরিবর্তন; দাএর পেছনে ফেরাও,3.616
1543,Opening,bn,Bengali,qwen2.5-coder:7b,আপনি খোলতে চান,2.03
1544,sky sphere declaration,bn,Bengali,qwen2.5-coder:7b,আকাশ গুলি স্বাস্থ্য এবং সুন্দরতা,4.348
1545,units,bn,Bengali,qwen2.5-coder:7b,একক,0.728
1546,High Gloss Film,bn,Bengali,qwen2.5-coder:7b,উচ্চ গ্লোস্ট ফিল্ম,2.302
1547,Inserting Widget,bn,Bengali,qwen2.5-coder:7b,ウィジェットの挿入,1.414
1548,Main & Demo,bn,Bengali,qwen2.5-coder:7b,মূল & ডেমো,1.652
1549,Job Billing,bn,Bengali,qwen2.5-coder:7b,চালিয়ে বের করুন,2.354
1550,ImagePlugin_LocalContrast,bn,Bengali,qwen2.5-coder:7b,ছবি স্বরূপ স্বরূপ স্বরূপ স্বরূপ স্বরূপ স্বরূপ স্বরূপ স্বরূপ স্বরূপ স্বরূপ স্বরূপ স্বরূপ,10.819
1551,Bracketing to HDR,bn,Bengali,qwen2.5-coder:7b,HDR ব্যবস্থা,1.554
1552,No tasks,bn,Bengali,qwen2.5-coder:7b,কোনো কাজ নেই,1.882
1553,Use large file support,bn,Bengali,qwen2.5-coder:7b,বড় ফাইল পরিমাণ পরিবর্তন,3.186
1554,System peripheral,bn,Bengali,qwen2.5-coder:7b,সিস্টেম পরিবর্তনশীল,2.534
1555,Colony shape,bn,Bengali,qwen2.5-coder:7b,কলন আকৃতি,1.504
1556,Memory Speed,bn,Bengali,qwen2.5-coder:7b,মেমরি স্পিড,1.537
1557,KMobileTools Device Manager,bn,Bengali,qwen2.5-coder:7b,কম্পোনেন্ট ম্যানেজার,2.7
1558,Usenet Newsgroups (NNTP),bn,Bengali,qwen2.5-coder:7b,ইউজেনেট নিউজগ্রুপস (NNTP),3.088
1559,& Description:,bn,Bengali,qwen2.5-coder:7b,& বর্ণনা:,1.422
1560,Black,bn,Bengali,qwen2.5-coder:7b,কালো,0.955
1561,Assigned Tags,bn,Bengali,qwen2.5-coder:7b,অনুমোদিত ট্যাগস,2.164
1562,New Zealand dollar,bn,Bengali,qwen2.5-coder:7b,নিউজিল্যান্ড ডলার,2.218
1563,Pencil color:,bn,Bengali,qwen2.5-coder:7b,চিপির রং:,1.535
1564,Activate time,bn,Bengali,qwen2.5-coder:7b,সময় সক্ষম করুন,2.077
1565,Photos Data Engine,bn,Bengali,qwen2.5-coder:7b,ফটো ডেটা ইঞ্জিন,2.238
1566,Good,bn,Bengali,qwen2.5-coder:7b,ভালো,0.941
1567,Image Effects...,bn,Bengali,qwen2.5-coder:7b,ছবি প্রভাবগুলি...,2.064
1568,KSpread Spreadsheet,bn,Bengali,qwen2.5-coder:7b,ক্রেস্পREAD স্পREADSHEET,1.961
1569,TeX Group,bn,Bengali,qwen2.5-coder:7b,TeX গ্রুপ,1.24
1570,From File...,bn,Bengali,qwen2.5-coder:7b,ফাইল থেকে...,1.467
1571,Line width:,bn,Bengali,qwen2.5-coder:7b,লাইন প্রস্থ:,1.597
1572,Package collections,bn,Bengali,qwen2.5-coder:7b,প্যাকেজ সংগ্রহ,1.864
1573,Transfer Details,bn,Bengali,qwen2.5-coder:7b,নিয়ন্ত্রণ বিস্তার,2.581
1574,Main Settings,bn,Bengali,qwen2.5-coder:7b,মূল সেটিংস,1.588
1575,Unknown Context,bn,Bengali,qwen2.5-coder:7b,অজানা সংকেত,1.66
1576,Icelandic,bn,Bengali,qwen2.5-coder:7b,আইসল্যান্ডীয়,2.06
1577,User-Defined Tags,bn,Bengali,qwen2.5-coder:7b,ব্যবহারকরী নির্ধারিত ট্যাগস,3.386
1578,Kate Session Launcher,bn,Bengali,qwen2.5-coder:7b,কেট সেশন লারচার,1.939
1579,Valid to:,bn,Bengali,qwen2.5-coder:7b,সুবিধা পর্যন্ত:,2.186
1580,Getting Started,bn,Bengali,qwen2.5-coder:7b,শুরু করুন,1.671
1581,European Foolscap,bn,Bengali,qwen2.5-coder:7b,ইউরোপীয় ফোল্ডক্যাপ,2.867
1582,Before,bn,Bengali,qwen2.5-coder:7b,পূর্বে,1.099
1583,Do Not Disturb,bn,Bengali,qwen2.5-coder:7b,অন্যায়িত রাখো,2.212
1584,Document View,bn,Bengali,qwen2.5-coder:7b,ডকুমেন্ট দৃষ্টি,2.378
1585,Disk Full,bn,Bengali,qwen2.5-coder:7b,ডিস্ক পূর্ণ,1.653
1586,Fire,bn,Bengali,qwen2.5-coder:7b,গুলি,0.935
1587,more,bn,Bengali,qwen2.5-coder:7b,আরো,0.836
1588,%1 points: Bonus,bn,Bengali,qwen2.5-coder:7b,%1 বিন্যাস: বুনাইস,2.493
1589,Player & 1,bn,Bengali,qwen2.5-coder:7b,বিছিত্র & ১,1.695
1590,DateTime Functions,bn,Bengali,qwen2.5-coder:7b,তারিখ এবং সময় ফাংশনসমূহ,3.208
1591,Display Properties,bn,Bengali,qwen2.5-coder:7b,প্রপার্টি দেখাও,2.006
1592,Signature file,bn,Bengali,qwen2.5-coder:7b,সIGNATURE ফাইল,1.263
1593,Game Rules,bn,Bengali,qwen2.5-coder:7b,গেম নিয়ম,1.503
1594,Drag time (1/ 10 sec):,bn,Bengali,qwen2.5-coder:7b,সময় ধরো (1/ 10 সেকেন্ড):,3.221
1595,Bitrate: %1 Mbit/ s,bn,Bengali,qwen2.5-coder:7b,বিট বেলায়: %1 Mbit/s,2.393
1596,Remote network,bn,Bengali,qwen2.5-coder:7b,রুমাইজ নেটওয়ার্ক,2.411
1597,& LDAP Requests,bn,Bengali,qwen2.5-coder:7b,& LDAP অনুরোধ,1.565
1598,Light Table,bn,Bengali,qwen2.5-coder:7b,লেটেবিল,1.159
1599,Set Point 2,bn,Bengali,qwen2.5-coder:7b,সেট বিন্দু ২,1.865
1600,Instructions,bn,Bengali,qwen2.5-coder:7b,নির্দেশিকা,1.446
1601,Pass through,bn,Bengali,qwen2.5-coder:7b,পাস থেকে যাও,1.741
1602,Cubic,bn,Bengali,qwen2.5-coder:7b,কুবিক,1.073
1603,Newsgroup,bn,Bengali,qwen2.5-coder:7b,নিউজগ্রুপ,1.53
1604,File Transfers,bn,Bengali,qwen2.5-coder:7b,ফাইল অনুমোদন,1.839
1605,Developer (2005-2006),bn,Bengali,qwen2.5-coder:7b,ডেভেলপার (২০০৫-২০০৬),3.608
1606,Port number:,bn,Bengali,qwen2.5-coder:7b,পোর্ট নম্বর:,1.838
1607,Start a shell,bn,Bengali,qwen2.5-coder:7b,শেল শুরু করুন,2.118
1608,Attraction,bn,Bengali,qwen2.5-coder:7b,আকর্ষণ,1.06
1609,Spiral Shape,bn,Bengali,qwen2.5-coder:7b,স্পীরল আকৃতি,1.928
1610,Remove feeds,bn,Bengali,qwen2.5-coder:7b,ফিড সরানো,1.464
1611,Cut Sheet Bin 2,bn,Bengali,qwen2.5-coder:7b,ছাইট বিন ২,1.654
1612,Template:,bn,Bengali,qwen2.5-coder:7b,টেমপ্লেট:,1.364
1613,Brazil/ West,bn,Bengali,qwen2.5-coder:7b,ব্রাজিল/পশ্চিম,1.951
1614,Default (XFree 4),bn,Bengali,qwen2.5-coder:7b,ডিফল্ট (এক্সফ্রি ৪),2.659
1615,Size,bn,Bengali,qwen2.5-coder:7b,আকার,0.84
1616,Order,bn,Bengali,qwen2.5-coder:7b,অর্ডার,1.04
1617,Expiration,bn,Bengali,qwen2.5-coder:7b,সময় শেষ,1.331
1618,Previous window,bn,Bengali,qwen2.5-coder:7b,পূর্বী জanela,1.59
1619,Information Functions,bn,Bengali,qwen2.5-coder:7b,ইনফরমেশন ফাংশনস,1.974
1620,Open File,bn,Bengali,qwen2.5-coder:7b,ফাইল খোলুন,1.684
1621,Label color:,bn,Bengali,qwen2.5-coder:7b,লেবেল রঙ:,1.371
1622,Updates,bn,Bengali,qwen2.5-coder:7b,আপডেটস,1.028
1623,Average bitrate,bn,Bengali,qwen2.5-coder:7b,মোটামোট বিট দর,2.057
1624,overline,bn,Bengali,qwen2.5-coder:7b,অন্তর্বর্ণ,1.423
1625,Property Editor,bn,Bengali,qwen2.5-coder:7b,মূল্য সম্পাদক,1.768
1626,Marking color,bn,Bengali,qwen2.5-coder:7b,মার্কিং রং,1.624
1627,KDE Theme Manager,bn,Bengali,qwen2.5-coder:7b,KDE থিম ম্যানেজার,2.164
1628,line,bn,Bengali,qwen2.5-coder:7b,লাইন,0.846
1629,& Operating Systems,bn,Bengali,qwen2.5-coder:7b,& অপেরেটিং সিস্টেমস,2.402
1630,Tile size:,bn,Bengali,qwen2.5-coder:7b,তাইল আকার:,1.519
1631,"Letter, Color",bn,Bengali,qwen2.5-coder:7b,"আইন, রং",1.255
1632,Deactivate Script,bn,Bengali,qwen2.5-coder:7b,স্ক্রিপ্ট অন্তর্ভুক্ত করুন,3.434
1633,"5 for & RedHat; 3. x and later, and for & Mandrake;",bn,Bengali,qwen2.5-coder:7b,"5 for &RedHat; 3. x এবং পরের, এবং &Mandrake;",4.38
1634,Flip,bn,Bengali,qwen2.5-coder:7b,ফ্লিপ,0.904
1635,Time:,bn,Bengali,qwen2.5-coder:7b,সময়:,0.984
1636,Activity Diagram,bn,Bengali,qwen2.5-coder:7b,অ্যাক্টিভিটি ডাইগ্রাম,2.646
1637,Winbind cache time:,bn,Bengali,qwen2.5-coder:7b,বিন্বিং ক্ষেত্রের সময়:,3.004
1638,chained DMA,bn,Bengali,qwen2.5-coder:7b,চ,0.6
1639,Local scope keywords:,bn,Bengali,qwen2.5-coder:7b,স্থানীয় সূচক শব্দ:,2.918
1640,graph,bn,Bengali,qwen2.5-coder:7b,চার্ট,0.951
1641,Day Duration,bn,Bengali,qwen2.5-coder:7b,দিনের সময়,1.552
1642,Waiting,bn,Bengali,qwen2.5-coder:7b,প্রতিবেশ,1.209
1643,tracklist,bn,Bengali,qwen2.5-coder:7b,প্রতিটি ট্র্যাকের তালিকা,2.729
1644,Alt vs. Time,bn,Bengali,qwen2.5-coder:7b,অ্যাল্ট বা সময়,2.253
1645,"\t""Output file """,bn,Bengali,qwen2.5-coder:7b,"\t""ফাইল আউটপুট ",2.207
1646,& Group,bn,Bengali,qwen2.5-coder:7b,& গুলি,1.22
1647,Colour Intensity,bn,Bengali,qwen2.5-coder:7b,কালো স্বরূপ,1.823
1648,One-sided,bn,Bengali,qwen2.5-coder:7b,একদিক,0.938
1649,Write,bn,Bengali,qwen2.5-coder:7b,আমার নাম,1.211
1650,/ join #channel,bn,Bengali,qwen2.5-coder:7b,/ যোগ করুন #চ্যানেল,2.607
1651,Log process & identifier,bn,Bengali,qwen2.5-coder:7b,লগ প্রক্রিয়া এবং চিন্তা করুন,3.869
1652,Young,bn,Bengali,qwen2.5-coder:7b,ছোট,0.845
1653,Logitech Support,bn,Bengali,qwen2.5-coder:7b,লগিটিচ সাপোর্ট,1.96
1654,Star Density:,bn,Bengali,qwen2.5-coder:7b,কোনোনো স্টারের আংশিকতা:,3.361
1655,Actions Options,bn,Bengali,qwen2.5-coder:7b,অ্যাকশন অপশনস,1.814
1656,Decrease Gamma,bn,Bengali,qwen2.5-coder:7b,গ্যামা ঘटিয়ে দিন,2.36
1657,Intercept,bn,Bengali,qwen2.5-coder:7b,আংশিক সংযোজন,1.971
1658,User Defined,bn,Bengali,qwen2.5-coder:7b,ব্যবহারকারী নির্ধারিত,2.663
1659,Landscape (90°),bn,Bengali,qwen2.5-coder:7b,স্থানীয়াত (90°),2.342
1660,& Incoming,bn,Bengali,qwen2.5-coder:7b,& আসছে,1.038
1661,Meta-Information,bn,Bengali,qwen2.5-coder:7b,মেটা-ইনফরমেশন,1.792
1662,Purchase Date,bn,Bengali,qwen2.5-coder:7b,ক্রয়ের তারিখ,1.901
1663,Skip 10 Forward,bn,Bengali,qwen2.5-coder:7b,পূর্বে ১০ পাস করুন,2.832
1664,-u user,bn,Bengali,qwen2.5-coder:7b,-৯৪ ব্যবহারকারী,2.353
1665,Output Format,bn,Bengali,qwen2.5-coder:7b,আউটপুট ফরম্যাট,1.921
1666,annotation,bn,Bengali,qwen2.5-coder:7b,অনোচ্চায়িক্ষণ,2.069
1667,NT domain name:,bn,Bengali,qwen2.5-coder:7b,NT ডোমেন নাম:,1.923
1668,large,bn,Bengali,qwen2.5-coder:7b,বড়,0.844
1669,NetBIOS scope:,bn,Bengali,qwen2.5-coder:7b,নেটবিউস স্কোপ:,1.956
1670,Python data engine,bn,Bengali,qwen2.5-coder:7b,Python ডেটা ইঞ্জিন,1.925
1671,EXIF Information,bn,Bengali,qwen2.5-coder:7b,EXIF তথ্য,1.207
1672,Round Corners Filter,bn,Bengali,qwen2.5-coder:7b,আবার কোণ ফিল্টার,2.259
1673,6 MB or more,bn,Bengali,qwen2.5-coder:7b,6 MB বা বেশি,1.574
1674,Rules,bn,Bengali,qwen2.5-coder:7b,রুলস,0.921
1675,1st Course,bn,Bengali,qwen2.5-coder:7b,১ম কোর্স,1.45
1676,Collections Manager,bn,Bengali,qwen2.5-coder:7b,কолেকশন ম্যানেজার,1.966
1677,NIS group,bn,Bengali,qwen2.5-coder:7b,নিস গ্রুপ,1.545
1678,Agent Identity:,bn,Bengali,qwen2.5-coder:7b,এজেন্ট আইডেন্টিটি:,2.286
1679,Completion,bn,Bengali,qwen2.5-coder:7b,সমাপ্তি,1.082
1680,Delete item,bn,Bengali,qwen2.5-coder:7b,আইটেম ডিলিট করুন,2.085
1681,Flake device definition,bn,Bengali,qwen2.5-coder:7b,ফ্লেক উстройство নির্ধারণ,2.291
1682,"Updating ""%1""",bn,Bengali,qwen2.5-coder:7b,"আপডেট করা হচ্ছে ""%1",2.454
1683,Document version,bn,Bengali,qwen2.5-coder:7b,ডকুমেন্ট প্রশ্নমন্দতা,2.885
1684,Maximum speed,bn,Bengali,qwen2.5-coder:7b,মаксিমাম গতি,1.48
1685,Triangle,bn,Bengali,qwen2.5-coder:7b,ত্রিভুজ,1.225
1686,File size is,bn,Bengali,qwen2.5-coder:7b,ফাইল আকার,1.338
1687,Copy Function,bn,Bengali,qwen2.5-coder:7b,কপি ফাংশন,1.329
1688,Windmills,bn,Bengali,qwen2.5-coder:7b,মানুষের জন্য বায়ু পানি দিয়ে ঘুমানা মানুষের জন্য বায়ু পানি দিয়ে ঘুমানা,8.86
1689,Playground Menu,bn,Bengali,qwen2.5-coder:7b,পরিবেশ মেনু,1.676
1690,File types:,bn,Bengali,qwen2.5-coder:7b,ফাইল টাইপসঃ,1.642
1691,FluidBalls,bn,Bengali,qwen2.5-coder:7b,ফ্লুড বল্লস,1.643
1692,new_literal,bn,Bengali,qwen2.5-coder:7b,নতুন লিটারাল,1.796
1693,%1 (Connected),bn,Bengali,qwen2.5-coder:7b,%1 (সংযুক্ত),1.825
1694,system monitor,bn,Bengali,qwen2.5-coder:7b,সিস্টেম মনোরূপ,2.11
1695,Copy Folder,bn,Bengali,qwen2.5-coder:7b,ফোল্ডার কপি করুন,2.172
1696,New type: racoon,bn,Bengali,qwen2.5-coder:7b,নতুন ধরণ: রাকোন,2.297
1697,height field type,bn,Bengali,qwen2.5-coder:7b,উচ্চতা ফ,1.461
1698,New & Subitem,bn,Bengali,qwen2.5-coder:7b,নতুন এবং উপমানি,2.323
1699,Exposure,bn,Bengali,qwen2.5-coder:7b,আকার,0.874
1700,Online Source,bn,Bengali,qwen2.5-coder:7b,অনলাইন উত্তরাধিকার,2.274
1701,Resource constraint.,bn,Bengali,qwen2.5-coder:7b,সমস্যা সূচক,1.617
1702,State,bn,Bengali,qwen2.5-coder:7b,রাজ্য,0.882
1703,Entry,bn,Bengali,qwen2.5-coder:7b,ইনপুট,0.975
1704,Issue date,bn,Bengali,qwen2.5-coder:7b,আইসুইস তারিখ,1.752
1705,Advanced Filter,bn,Bengali,qwen2.5-coder:7b,অগ্রসর ফিল্টার,1.848
1706,Table of & Contents,bn,Bengali,qwen2.5-coder:7b,সংস্কৃতি,1.533
1707,"Date, Time",bn,Bengali,qwen2.5-coder:7b,"তারিখ, সময়",1.622
1708,License Agreement,bn,Bengali,qwen2.5-coder:7b,লাইসেন্স অনুযায়ী,2.511
1709,Obtained,bn,Bengali,qwen2.5-coder:7b,অর্থাপনা করা হয়েছে,2.397
1710,out,bn,Bengali,qwen2.5-coder:7b,আউট,0.732
1711,Away Message:,bn,Bengali,qwen2.5-coder:7b,ক্ষুতি বার্তা:,2.087
1712,Show Advanced,bn,Bengali,qwen2.5-coder:7b,আর্টিডিবাইড দেখাও,2.123
1713,& Screen size,bn,Bengali,qwen2.5-coder:7b,& স্ক্রিন আকার,1.941
1714,XAUTH username: %1,bn,Bengali,qwen2.5-coder:7b,XAUTH উজ্জ্বলা নাম: %1,2.476
1715,Thumbnail View,bn,Bengali,qwen2.5-coder:7b,ছোট উপস্থাপনা,1.885
1716,Best wishes,bn,Bengali,qwen2.5-coder:7b,সুন্দর আশা,1.605
1717,JavaScript support,bn,Bengali,qwen2.5-coder:7b,JavaScript সমর্থন,1.286
1718,& occurrence(s),bn,Bengali,qwen2.5-coder:7b,& অনুসন্ধান(গুলি),2.439
1719,KLinkStatus - Link Checker,bn,Bengali,qwen2.5-coder:7b,ক্লাইন্ট স্টাটাস - লিংক চেকার,3.55
1720,Copy Here,bn,Bengali,qwen2.5-coder:7b,এখানে কপি করুন,2.018
1721,Left Edge:,bn,Bengali,qwen2.5-coder:7b,বাম বাংশি:,1.476
1722,Collator,bn,Bengali,qwen2.5-coder:7b,কলেটর,0.985
1723,Show Previous,bn,Bengali,qwen2.5-coder:7b,পূর্বের দিকে দেখাও,2.262
1724,Scope & Flags:,bn,Bengali,qwen2.5-coder:7b,স্কোপ এবং ফ্লেগস:,2.354
1725,Unknown (%1),bn,Bengali,qwen2.5-coder:7b,অজানা (%1),1.318
1726,tracking noise,bn,Bengali,qwen2.5-coder:7b,ত্রacking নোইজ,1.483
1727,IPTC character set:,bn,Bengali,qwen2.5-coder:7b,IPTC অক্ষর সেট:,2.038
1728,String Replacers.,bn,Bengali,qwen2.5-coder:7b,স্ট্রিং রিপ্লেসার।,2.376
1729,View Filter,bn,Bengali,qwen2.5-coder:7b,ফিল্টার দেখুন,1.897
1730,Edit protocol,bn,Bengali,qwen2.5-coder:7b,প্রোটোকল সম্পাদনা,2.417
1731,Display the table view,bn,Bengali,qwen2.5-coder:7b,তাবলিক দৃশ্য দেখাও,2.437
1732,Write Flags,bn,Bengali,qwen2.5-coder:7b,নির্দেশনা লিখুন,2.212
1733,Decryption,bn,Bengali,qwen2.5-coder:7b,ডিসক্রিপশন,1.411
1734,comment,bn,Bengali,qwen2.5-coder:7b,কমেন্ট,0.983
1735,Language English,bn,Bengali,qwen2.5-coder:7b,ভাষা ইংরেজি,1.59
1736,Sound effects,bn,Bengali,qwen2.5-coder:7b,শব্দ প্রভাব,1.493
1737,Multiple input method switcher,bn,Bengali,qwen2.5-coder:7b,মাত্রাবিন্যাস বন্ধুকারী,2.957
1738,Element Add Add 1x2 Matrix,bn,Bengali,qwen2.5-coder:7b,এলিমেন্ট যোগ যোগ ১x২ ম্যাট্রিক্স,4.403
1739,Referenced Entity,bn,Bengali,qwen2.5-coder:7b,সংশ্লিষ্ট অবস্থা,2.249
1740,Device driver,bn,Bengali,qwen2.5-coder:7b,ডিভাইস ড্রাইভার,2.028
1741,Negative offset:,bn,Bengali,qwen2.5-coder:7b,নেগেটিভ অফসেট:,1.892
1742,Browse,bn,Bengali,qwen2.5-coder:7b,ফিরি করুন,1.387
1743,AMS Arrows,bn,Bengali,qwen2.5-coder:7b,AMS অর্ধেকারা,1.74
1744,Remove Widgets...,bn,Bengali,qwen2.5-coder:7b,গুলি অপরিদ্যান করুন...,2.792
1745,Time Tracker,bn,Bengali,qwen2.5-coder:7b,সময় ট্র্যাকার,1.941
1746,Scientific,bn,Bengali,qwen2.5-coder:7b,বৈজ্ঞানিক,1.502
1747,Chamber Music,bn,Bengali,qwen2.5-coder:7b,চার্বার মাসিক,1.836
1748,Password dialog,bn,Bengali,qwen2.5-coder:7b,পাসওয়ার্ড ডিলগ করুন,2.706
1749,Surname:,bn,Bengali,qwen2.5-coder:7b,নামের পরিবারের নাম:,2.496
1750,"Europe, Southern",bn,Bengali,qwen2.5-coder:7b,"ইউরোপ, দক্ষিণ",1.891
1751,Play Media,bn,Bengali,qwen2.5-coder:7b,মিডিয়া প্লে করুন,2.41
1752,Path Selection,bn,Bengali,qwen2.5-coder:7b,পথ নির্বাচন,1.588
1753,Channel ownership mode patch,bn,Bengali,qwen2.5-coder:7b,চ্যানেল বাস্তবতা পদ্ধতি পッチ,3.019
1754,lion,bn,Bengali,qwen2.5-coder:7b,লিও,0.744
1755,Previous Book,bn,Bengali,qwen2.5-coder:7b,পূর্বী বই,1.595
1756,Greece,bn,Bengali,qwen2.5-coder:7b,গ্রিস,0.962
1757,Create soft body items,bn,Bengali,qwen2.5-coder:7b,সফট বডি আইটেম তৈরি করুন,3.088
1758,Wine Collection,bn,Bengali,qwen2.5-coder:7b,বিনেমান সংগ্রহ,1.921
1759,BlueViolet,bn,Bengali,qwen2.5-coder:7b,ব্লূভেলট,1.327
1760,Current node:,bn,Bengali,qwen2.5-coder:7b,এখনো নূতন নূড়া:,2.398
1761,Unknown,bn,Bengali,qwen2.5-coder:7b,অজানা,0.908
1762,Practice & Counts,bn,Bengali,qwen2.5-coder:7b,পрактиক এবং গণনা,1.73
1763,Destination Line,bn,Bengali,qwen2.5-coder:7b,লক্ষণ,1.17
1764,Balloons,bn,Bengali,qwen2.5-coder:7b,বলোন,1.009
1765,Block transfer,bn,Bengali,qwen2.5-coder:7b,ব্লক অন্তর্ভুক্তি,2.293
1766,& Country:,bn,Bengali,qwen2.5-coder:7b,& দেশ:,1.093
1767,thunderstorm,bn,Bengali,qwen2.5-coder:7b,বিদ্রোহ,1.317
1768,Extracting %1,bn,Bengali,qwen2.5-coder:7b,তোলা %1,1.381
1769,GravitationForce,bn,Bengali,qwen2.5-coder:7b,গ্রাভিটেশন বল,1.744
1770,Black point:,bn,Bengali,qwen2.5-coder:7b,কালো বিন্দু:,1.759
1771,Vector class,bn,Bengali,qwen2.5-coder:7b,ভেক্টর ব্যাস্ক্যাল,2.209
1772,Thread Starters,bn,Bengali,qwen2.5-coder:7b,থ্রেড শুরুৰূকারী,2.665
1773,DTD; Change the & DTD;...,bn,Bengali,qwen2.5-coder:7b,DTD; এই এক্সটেনশনটি পরিবর্তন করুন;,4.049
1774,File location:,bn,Bengali,qwen2.5-coder:7b,"ফাইল স্থান:""
(Translation of ""File location:"" to Bengali is ""ফাইল স্থান:"")",3.852
1775,Subproject Leader,bn,Bengali,qwen2.5-coder:7b,সাবপ্রকল্প প্রধান,2.27
1776,Konversation Channel List: %1 - %2,bn,Bengali,qwen2.5-coder:7b,কনভেশন চ্যানেল তালিকা: %1 - %2,3.49
1777,Search for:,bn,Bengali,qwen2.5-coder:7b,খুঁজুন:,1.523
1778,Payment,bn,Bengali,qwen2.5-coder:7b,পেমেন্ট,1.11
1779,(EmptyName),bn,Bengali,qwen2.5-coder:7b,(পустা নাম),1.439
1780,restLength,bn,Bengali,qwen2.5-coder:7b,রেস্ট লেন্থ,1.602
1781,Images,bn,Bengali,qwen2.5-coder:7b,ছবি,0.727
1782,L2 Data Write Miss,bn,Bengali,qwen2.5-coder:7b,L2 ডেটা লিখা মিস,2.253
1783,Optional,bn,Bengali,qwen2.5-coder:7b,অপশনাল,0.999
1784,Result,bn,Bengali,qwen2.5-coder:7b,ফলাফল,0.887
1785,Find In Files,bn,Bengali,qwen2.5-coder:7b,ফাইলে খুঁজুন,1.925
1786,Current: %1,bn,Bengali,qwen2.5-coder:7b,এখন: %1,1.14
1787,Delete emoticon,bn,Bengali,qwen2.5-coder:7b,মুছে দিন এমোজি,2.171
1788,Music,bn,Bengali,qwen2.5-coder:7b,মuzিক,0.849
1789,Build & Target,bn,Bengali,qwen2.5-coder:7b,বিনামূর্তি & লক্ষ্য,2.653
1790,Read Accesses,bn,Bengali,qwen2.5-coder:7b,পড়ার অনুমতি,1.974
1791,& Enterprise Headers,bn,Bengali,qwen2.5-coder:7b,& এন্টারপ্রাইজ হেডারস,2.625
1792,tools,bn,Bengali,qwen2.5-coder:7b,ইнструমেন্টস,1.272
1793,Ignored,bn,Bengali,qwen2.5-coder:7b,অন্তর্ভুক্ত,1.647
1794,Project Options,bn,Bengali,qwen2.5-coder:7b,প্রকল্প অপশনস,1.696
1795,Suspend Compositing,bn,Bengali,qwen2.5-coder:7b,কমpositing সমূহ সমূহ সমূহ সমূহ সমূহ সমূহ সমূহ সমূহ সমূহ সমূহ সমূহ সমূহ সমূহ সমূহ সমূহ সমূহ,10.788
1796,Glossary of Terms,bn,Bengali,qwen2.5-coder:7b,শব্দ সংক্ষেপ,1.948
1797,Searching,bn,Bengali,qwen2.5-coder:7b,অনুসন্ধান,1.46
1798,Color depth:,bn,Bengali,qwen2.5-coder:7b,সম্পূর্ণতা:,1.682
1799,Using & kfloppy;,bn,Bengali,qwen2.5-coder:7b,ব্যবহার করুন & kfloppy;,2.573
1800,Preliminary,bn,Bengali,qwen2.5-coder:7b,প্রাথমিক,1.307
1801,Fade effect,bn,Bengali,qwen2.5-coder:7b,ফ্যাড ইফেক্ট,1.657
1802,Daemons' Logs,bn,Bengali,qwen2.5-coder:7b,ডেমোনের লগসমূহ,2.142
1803,Migrate,bn,Bengali,qwen2.5-coder:7b,মুক্তি পান,1.584
1804,Create & QTest,bn,Bengali,qwen2.5-coder:7b,নির্মাণ & QTest,1.607
1805,Admin tools,bn,Bengali,qwen2.5-coder:7b,অ্যাডমিন টুলস,1.876
1806,Field Name,bn,Bengali,qwen2.5-coder:7b,নাম্বারি,1.272
1807,& Later,bn,Bengali,qwen2.5-coder:7b,& পরে,0.984
1808,Distribution Lists,bn,Bengali,qwen2.5-coder:7b,প্রাপ্তি তালিকা,1.998
1809,%1's birthday,bn,Bengali,qwen2.5-coder:7b,%1 এর জন্মদিন,1.899
1810,Median,bn,Bengali,qwen2.5-coder:7b,মধ্যম,0.96
1811,& Amount,bn,Bengali,qwen2.5-coder:7b,& পরিমাণ,1.256
1812,Placemarks Plugin,bn,Bengali,qwen2.5-coder:7b,মানচিত্র প্লাস্কেমস,2.485
1813,Add mirror,bn,Bengali,qwen2.5-coder:7b,মIRROR যোগ করুন,1.809
1814,Number Format,bn,Bengali,qwen2.5-coder:7b,নম্বর প্রকার,1.684
1815,Uzbek,bn,Bengali,qwen2.5-coder:7b,ইউзуব,0.854
1816,& Edit,bn,Bengali,qwen2.5-coder:7b,এডিট,0.837
1817,& Office #1:,bn,Bengali,qwen2.5-coder:7b,&অফিস #1:,1.24
1818,Uric Acid,bn,Bengali,qwen2.5-coder:7b,উরিক অ্যাসিড,1.773
1819,User Settings,bn,Bengali,qwen2.5-coder:7b,ব্যবহারকারী সেটিংস,2.398
1820,Version:,bn,Bengali,qwen2.5-coder:7b,ভাবনা:,0.998
1821,GIMP Native Image Format (. xcf),bn,Bengali,qwen2.5-coder:7b,GIMP ন্যাটিভ ছবি ফরম্যাট (. xcf),3.207
1822,Bandwidth Scheduler,bn,Bengali,qwen2.5-coder:7b,ব্যান্ডওয়াড সময়সূচক,2.978
1823,Search...,bn,Bengali,qwen2.5-coder:7b,অনুসন্ধান...,1.48
1824,X length,bn,Bengali,qwen2.5-coder:7b,X দৈর্ঘ্য,1.42
1825,Button Order,bn,Bengali,qwen2.5-coder:7b,বাটন অর্ডার,1.6
1826,Configure Image Save Assistant,bn,Bengali,qwen2.5-coder:7b,চিত্র সংরক্ষণ সহকারী নастার্ক করুন,3.94
1827,Edited as %1,bn,Bengali,qwen2.5-coder:7b,সম্পাদিত হয়েছে %1,2.588
1828,SDP UUid:,bn,Bengali,qwen2.5-coder:7b,SDP UUid:,1.063
1829,Netbios Log Files,bn,Bengali,qwen2.5-coder:7b,নেটবইজস লগ ফাইলস,2.06
1830,Zoom to 50%,bn,Bengali,qwen2.5-coder:7b,50% বেছি বড়াই,2.295
1831,& English To,bn,Bengali,qwen2.5-coder:7b,& অসমীয়া এন্ড,2.17
1832,GMX address book file (*. gmxa),bn,Bengali,qwen2.5-coder:7b,GMX ঠিকানা অর্থনীতি ফাইল (*. gmxa),3.73
1833,Protocols:,bn,Bengali,qwen2.5-coder:7b,প্রোটোকলসমূহ:,1.996
1834,Contents Head 1,bn,Bengali,qwen2.5-coder:7b,মحتুন শিরোমণ ১,2.165
1835,Options Bookmark,bn,Bengali,qwen2.5-coder:7b,অপশন বুকমার্ক,1.859
1836,Parallel Diagonal,bn,Bengali,qwen2.5-coder:7b,প্রাপ্তিকোণ,1.709
1837,Address Book Component,bn,Bengali,qwen2.5-coder:7b,ঠিকাচার সংক্ষিপ্ত অংশ,2.856
1838,Padding,bn,Bengali,qwen2.5-coder:7b,প্রতিবাহ,1.214
1839,Extended,bn,Bengali,qwen2.5-coder:7b,সম্পূর্ণ,1.275
1840,Panel layout,bn,Bengali,qwen2.5-coder:7b,প্লেন্ট আলাপ,1.619
1841,Page Output,bn,Bengali,qwen2.5-coder:7b,পৃষ্ঠা আউটপুট,2.021
1842,Output Mode,bn,Bengali,qwen2.5-coder:7b,আউটপুট মোড,1.671
1843,Stop the turtle,bn,Bengali,qwen2.5-coder:7b,তুলি স্থায়ী করুন,2.678
1844,Player 4:,bn,Bengali,qwen2.5-coder:7b,চেয়ার্ম্বাইর ৪:,2.376
1845,Romanized Hindi sounds,bn,Bengali,qwen2.5-coder:7b,রোমাইজেড হিন্দি শব্দ,2.711
1846,Developers,bn,Bengali,qwen2.5-coder:7b,ডেভেলপারস,1.353
1847,PCL3GUI Language Mode,bn,Bengali,qwen2.5-coder:7b,PCL3GUI ভাষা ব্যবস্থা,2.494
1848,Gutter size,bn,Bengali,qwen2.5-coder:7b,গুটির আকার,1.643
1849,List View Settings,bn,Bengali,qwen2.5-coder:7b,লিস্ট দেখায়াল সেটিংস,2.734
1850,Brush size,bn,Bengali,qwen2.5-coder:7b,মুখ্য আকার,1.64
1851,Effect name,bn,Bengali,qwen2.5-coder:7b,ইফেক্টের নাম,1.671
1852,Top Arrow,bn,Bengali,qwen2.5-coder:7b,উপরের অর্ধাঙ্গে,2.022
1853,Pictures Adjustments,bn,Bengali,qwen2.5-coder:7b,ছবি সম্পাদনা,1.651
1854,From & cursor,bn,Bengali,qwen2.5-coder:7b,এক & কোরসর,1.691
1855,Appearance Configuration,bn,Bengali,qwen2.5-coder:7b,আপেরেন্স সমন্বয়,2.194
1856,Lyrics,bn,Bengali,qwen2.5-coder:7b,লাইরিস,1.095
1857,Match case,bn,Bengali,qwen2.5-coder:7b,সম্পূর্ণ সংпадা,1.921
1858,& KDE help,bn,Bengali,qwen2.5-coder:7b,&কেইডি সাহায্য,1.874
1859,Gas particle,bn,Bengali,qwen2.5-coder:7b,গ্যাস পার্টিকেল,1.91
1860,Front Cover,bn,Bengali,qwen2.5-coder:7b,পৃষ্ঠপৃষ্ঠ,1.727
1861,often,bn,Bengali,qwen2.5-coder:7b,মানসিক,0.997
1862,BasePolygon,bn,Bengali,qwen2.5-coder:7b,ভ্যাস বহুভূজ,1.771
1863,Space (GL),bn,Bengali,qwen2.5-coder:7b,স্পেস (GL),1.253
1864,Maximized,bn,Bengali,qwen2.5-coder:7b,মаксিমাইজ করা,1.578
1865,Function:,bn,Bengali,qwen2.5-coder:7b,ফাংশন:,0.991
1866,Game Configuration,bn,Bengali,qwen2.5-coder:7b,গেম সমন্বয়,1.601
1867,S/ MIME-Sign...,bn,Bengali,qwen2.5-coder:7b,S/ MIME-Sign...,1.188
1868,File Indexing,bn,Bengali,qwen2.5-coder:7b,ফাইল ইন্ডেক্সিং,2.028
1869,Click Actions,bn,Bengali,qwen2.5-coder:7b,এক্সেশন ক্লিক করুন,2.404
1870,Color settings,bn,Bengali,qwen2.5-coder:7b,কোলর সেটিংস,1.691
1871,Added Tags:,bn,Bengali,qwen2.5-coder:7b,তুমি একটি নতুন ট্যাগ যোগ করেছো:,4.056
1872,Move Y:,bn,Bengali,qwen2.5-coder:7b,যাওয়া Y:,1.455
1873,Thumbnail Cache,bn,Bengali,qwen2.5-coder:7b,থুম্বানে ক্যাশ,1.915
1874,Capitalization:,bn,Bengali,qwen2.5-coder:7b,ক্যাপিটালাইজেশন:,1.987
1875,South Khorasan,bn,Bengali,qwen2.5-coder:7b,সুমার খোরাসান,2.071
1876,Desert Theme,bn,Bengali,qwen2.5-coder:7b,মানুষের স্বপ্ন সম্পর্কে বিশ্বাস করুন,4.37
1877,Standard Deviation,bn,Bengali,qwen2.5-coder:7b,স্টেডিয়ান্ড ডিভিয়েনশন,3.052
1878,Cisco - Router in building,bn,Bengali,qwen2.5-coder:7b,কিসকোসি - বাসার মধ্যে রোটার,3.404
1879,Extending & ktouch;,bn,Bengali,qwen2.5-coder:7b,এক্সটেন্ড & ক্যাটচ;,2.389
1880,Realization,bn,Bengali,qwen2.5-coder:7b,উপস্থাপনা,1.354
1881,(write protected),bn,Bengali,qwen2.5-coder:7b,(লিখা ব্যবস্থিত),2.102
1882,Price:,bn,Bengali,qwen2.5-coder:7b,মূল্য:,1.198
1883,Color contrast,bn,Bengali,qwen2.5-coder:7b,কালো সম্পর্ক,1.76
1884,stored:,bn,Bengali,qwen2.5-coder:7b,স্টোরড:,1.22
1885,ArtisticTextShape,bn,Bengali,qwen2.5-coder:7b,শৈলীয় টেক্সট শেইপ,2.761
1886,& Report Bug,bn,Bengali,qwen2.5-coder:7b,& বিলগ রিপোর্ট করুন,2.656
1887,Quotes:,bn,Bengali,qwen2.5-coder:7b,কোটিরা:,1.405
1888,Developer (HTML rendering engine),bn,Bengali,qwen2.5-coder:7b,ডেভেলপার (HTML রен্ডারিং ইঞ্জিন),3.405
1889,Short Name,bn,Bengali,qwen2.5-coder:7b,কوتানীক,1.198
1890,SquareDithering,bn,Bengali,qwen2.5-coder:7b,বর্গ ডিথারিং,1.674
1891,%1 after the end,bn,Bengali,qwen2.5-coder:7b,%1 শেষের পর,1.638
1892,1440 x 2880 DPI Emulated,bn,Bengali,qwen2.5-coder:7b,১৪৪০ x ২৮৮০ DPI অনুমোদিত,4.049
1893,Wake Island,bn,Bengali,qwen2.5-coder:7b,উইকে বন্ধ করুন,1.982
1894,Draw Uranus?,bn,Bengali,qwen2.5-coder:7b,Uranus আঁকতে?,1.758
1895,Integral step:,bn,Bengali,qwen2.5-coder:7b,ইন্টারগ্রাল পদক্ষেপ:,2.486
1896,Verifying: %1...,bn,Bengali,qwen2.5-coder:7b,মুনোয়ারি করা আছে: %1...,3.143
1897,Postprocessing,bn,Bengali,qwen2.5-coder:7b,পরবর্তী ক্রম,1.84
1898,Task Execution,bn,Bengali,qwen2.5-coder:7b,চালানো,1.155
1899,Configure Quiz,bn,Bengali,qwen2.5-coder:7b,কোনফিগুরেট কুইজ,2.314
1900,Country:,bn,Bengali,qwen2.5-coder:7b,আমি:,0.822
1901,Subject: %1,bn,Bengali,qwen2.5-coder:7b,বিষয়: %1,1.378
1902,x rotation:,bn,Bengali,qwen2.5-coder:7b,আর্থ ঘর্ম:,1.627
1903,Relations:,bn,Bengali,qwen2.5-coder:7b,সম্পর্কসমূহ:,1.761
1904,Go On,bn,Bengali,qwen2.5-coder:7b,চাইলে চাইলে,1.484
1905,Observing List,bn,Bengali,qwen2.5-coder:7b,আলোচনা তালিকা,1.866
1906,Master abort,bn,Bengali,qwen2.5-coder:7b,মাস্টার অবার্ট,1.834
1907,Error reading address book,bn,Bengali,qwen2.5-coder:7b,ঠিক নয় ঠিক নয়,2.347
1908,Support,bn,Bengali,qwen2.5-coder:7b,সহায়,1.048
1909,Max food,bn,Bengali,qwen2.5-coder:7b,মাথা সর্বোচ্চ,1.809
1910,File Settings,bn,Bengali,qwen2.5-coder:7b,ফাইল সেটিংস,1.49
1911,Running,bn,Bengali,qwen2.5-coder:7b,চলছে,0.789
1912,Step & down,bn,Bengali,qwen2.5-coder:7b,পরে যাও,1.426
1913,Username,bn,Bengali,qwen2.5-coder:7b,ব্যবহারকরীর নাম,2.061
1914,78 Points,bn,Bengali,qwen2.5-coder:7b,৭৮ বিন্দু,1.686
1915,Designer,bn,Bengali,qwen2.5-coder:7b,ডিজাইনার,1.194
1916,Page Look,bn,Bengali,qwen2.5-coder:7b,পেজের দেখা,1.442
1917,Computer Plays,bn,Bengali,qwen2.5-coder:7b,কম্পিউটার খেলে,1.945
1918,Top Developers,bn,Bengali,qwen2.5-coder:7b,প্রথম ডেভেলপারস,1.982
1919,Auto Detect,bn,Bengali,qwen2.5-coder:7b,অটো প্রক্রিয়া সন্ধান,2.814
1920,Merge data,bn,Bengali,qwen2.5-coder:7b,মিশ্রণ করুন,1.698
1921,Office Documents,bn,Bengali,qwen2.5-coder:7b,অফিস দক্ষিণ পত্রিকা,2.305
1922,Degrees of freedom 1,bn,Bengali,qwen2.5-coder:7b,সвобода অপরিবর্তন ১,2.172
1923,Using & kfilereplace;,bn,Bengali,qwen2.5-coder:7b,এবং kfilereplace ব্যবহার করুন;,2.959
1924,Segment Color,bn,Bengali,qwen2.5-coder:7b,সেগমেন্ট রং,1.604
1925,Editor Chooser,bn,Bengali,qwen2.5-coder:7b,ইডিটর পছন্দ করুন,2.193
1926,Design object,bn,Bengali,qwen2.5-coder:7b,একটি অবজেক্ট ডিজাইন করুন,2.852
1927,Roll Feed,bn,Bengali,qwen2.5-coder:7b,রোল ফিড,1.26
1928,Backup System,bn,Bengali,qwen2.5-coder:7b,ব্যাকআপ সিস্টেম,2.024
1929,DVD-RW Sequential,bn,Bengali,qwen2.5-coder:7b,DVD-RW সমালোচনীয়,2.134
1930,Popsquares,bn,Bengali,qwen2.5-coder:7b,পোপক্যার্স,1.613
1931,Three,bn,Bengali,qwen2.5-coder:7b,তিনি,0.849
1932,Signal Plotter,bn,Bengali,qwen2.5-coder:7b,সিগ্নাল প্লটার,1.833
1933,Initial Point,bn,Bengali,qwen2.5-coder:7b,আদিবিন্দ,1.204
1934,Frequency,bn,Bengali,qwen2.5-coder:7b,মূল্যাংশ,1.268
1935,Conjunctions,bn,Bengali,qwen2.5-coder:7b,সংযোজন,1.314
1936,First Name,bn,Bengali,qwen2.5-coder:7b,প্রথম নাম,1.326
1937,Blackbox Logic Game,bn,Bengali,qwen2.5-coder:7b,ব্ল্যকবক্স লজিক গেম,2.388
1938,& Tools,bn,Bengali,qwen2.5-coder:7b,& টুলস,1.179
1939,Open with:,bn,Bengali,qwen2.5-coder:7b,আপনি এই ফাইলটি কোনো একটি অ্যাপ্লিকেশনের সাহায্যে খোলতে চান:,7.007
1940,New profile wizard cisco,bn,Bengali,qwen2.5-coder:7b,নতুন প্রোফাইল জিনিস সিসকো,3.315
1941,Image files,bn,Bengali,qwen2.5-coder:7b,ছবি ফাইলসমূহ,1.699
1942,User ID,bn,Bengali,qwen2.5-coder:7b,ইউজার আইডি,1.422
1943,Acceleration & time:,bn,Bengali,qwen2.5-coder:7b,বেগ এবং সময়:,2.031
1944,Plasma Geolocation Provider,bn,Bengali,qwen2.5-coder:7b,প্লাসমা জোগানোন প্রদাতা,3.184
1945,Sound Mixer,bn,Bengali,qwen2.5-coder:7b,শব্দ সম্পাদক,1.709
1946,positionVariance,bn,Bengali,qwen2.5-coder:7b,স্থানীয় ভিন্নতা,2.309
1947,Column Properties,bn,Bengali,qwen2.5-coder:7b,কলোমের বৈশিষ্ট্য,2.259
1948,& Time:,bn,Bengali,qwen2.5-coder:7b,& সময়:,1.296
1949,Cemetery,bn,Bengali,qwen2.5-coder:7b,মুক্তি ঘর,1.496
1950,Stop Editor,bn,Bengali,qwen2.5-coder:7b,এডিটর স্টপ করুন,2.127
1951,port,bn,Bengali,qwen2.5-coder:7b,পোর্ট,1.027
1952,State of Matter,bn,Bengali,qwen2.5-coder:7b,রূপ অবস্থা,1.598
1953,joint stereo,bn,Bengali,qwen2.5-coder:7b,জয়েন্ট স্টেরিও,1.981
1954,Keyboard Edit Options,bn,Bengali,qwen2.5-coder:7b,কীবোর্ড সম্পাদন অপশনসমূহ,3.186
1955,K3b SoX Audio Encoder,bn,Bengali,qwen2.5-coder:7b,K3b সোক্স অডিও এনকোডার,3.102
1956,Friday,bn,Bengali,qwen2.5-coder:7b,শুক্রবার,1.372
1957,BMP Image (. bmp),bn,Bengali,qwen2.5-coder:7b,BMP ছবি (.bmp),1.469
1958,Theme Manager,bn,Bengali,qwen2.5-coder:7b,থিম ম্যানেজার,1.831
1959,Identities,bn,Bengali,qwen2.5-coder:7b,আইডিটিটি সমূহ,1.893
1960,Granatier is a Bomberman Clone!,bn,Bengali,qwen2.5-coder:7b,"গ্রানটিয়ার একটি বমব্রান ক্লন!""
(Granatier is a Bomberman Clone!)",4.923
1961,Fade power:,bn,Bengali,qwen2.5-coder:7b,ফ্যাড শক্তি:,1.682
1962,JPEG quality %1,bn,Bengali,qwen2.5-coder:7b,JPEG গুলির গুলির গুলির গুলির গুলির গুলির গুলির গুলির গুলির গুলির গুলির গুলির গুলির গুলির,10.702
1963,Target Image,bn,Bengali,qwen2.5-coder:7b,নির্বাচিত ছবি,1.779
1964,Biosphere,bn,Bengali,qwen2.5-coder:7b,বিজীবন স্থান,1.771
1965,Data Tools,bn,Bengali,qwen2.5-coder:7b,ডেটা টুলস,1.454
1966,Typing line,bn,Bengali,qwen2.5-coder:7b,লাইন টাইপ করা,1.767
1967,Tajik data files,bn,Bengali,qwen2.5-coder:7b,তাজিক ডেটা ফাইলসমূহ,2.581
1968,Reference Point Offset,bn,Bengali,qwen2.5-coder:7b,তথ্য বিন্যাস,1.74
1969,New Download,bn,Bengali,qwen2.5-coder:7b,নতুন ডাউনলোড,1.894
1970,Spiral,bn,Bengali,qwen2.5-coder:7b,স্পীরাল,1.292
1971,Black Level,bn,Bengali,qwen2.5-coder:7b,কালো তল,1.222
1972,QuickPreview,bn,Bengali,qwen2.5-coder:7b,কুইক্পিজিয়ার,1.983
1973,& Close Path,bn,Bengali,qwen2.5-coder:7b,&পথ বন্ধ করুন,1.961
1974,Not shared,bn,Bengali,qwen2.5-coder:7b,নেই শেয়ার করা,2.053
1975,file,bn,Bengali,qwen2.5-coder:7b,&ফাইল,0.959
1976,SortColumnInvisible,bn,Bengali,qwen2.5-coder:7b,অনুৰোধ করা বিভাগ দৃষ্টি নেই,3.9
1977,LaTeX Reference,bn,Bengali,qwen2.5-coder:7b,লেটেক্স অনুযায়ী,2.404
1978,Phone number:,bn,Bengali,qwen2.5-coder:7b,ফোন নম্বর:,1.59
1979,trash:,bn,Bengali,qwen2.5-coder:7b,চাপাও:,1.127
1980,Not Scheduled,bn,Bengali,qwen2.5-coder:7b,নির্ধারিত নয়,1.878
1981,Others:,bn,Bengali,qwen2.5-coder:7b,অন্যায়ী:,1.591
1982,New host,bn,Bengali,qwen2.5-coder:7b,নতুন হোস্ট,1.683
1983,The directory %1 does not exist,bn,Bengali,qwen2.5-coder:7b,ডিরেক্টরি %1 অস্থায়ী,2.916
1984,slope map,bn,Bengali,qwen2.5-coder:7b,স্লোপ ম্যাপ,1.676
1985,Mass Storage Device,bn,Bengali,qwen2.5-coder:7b,মাস স্টোরেজ ডিভাইস,2.424
1986,CornflowerBlue,bn,Bengali,qwen2.5-coder:7b,কাউন্ফ্লোর ব্লু,2.245
1987,Head motion,bn,Bengali,qwen2.5-coder:7b,শিরোনামা,1.388
1988,Template Scopes,bn,Bengali,qwen2.5-coder:7b,টেমপ্লেট স্কোপস,2.128
1989,RTF Files,bn,Bengali,qwen2.5-coder:7b,RTF ফাইলসমূহ,1.735
1990,& Tabular Environment,bn,Bengali,qwen2.5-coder:7b,& টেবিল সম্পর্কে,2.062
1991,Transparency:,bn,Bengali,qwen2.5-coder:7b,প্রেমান্ত্রণ:,1.842
1992,Help,bn,Bengali,qwen2.5-coder:7b,সাহায্য,1.103
1993,& DOC file:,bn,Bengali,qwen2.5-coder:7b,& ডকুমেন্ট ফাইল:,2.095
1994,Raise Mask,bn,Bengali,qwen2.5-coder:7b,মুখ উঠাও,1.498
1995,& Bookmark,bn,Bengali,qwen2.5-coder:7b,& বুকমার্ক,1.556
1996,Alternatives,bn,Bengali,qwen2.5-coder:7b,অন্যায়িতি,1.611
1997,Extract,bn,Bengali,qwen2.5-coder:7b,আকৃতি উপস্থাপনা,2.031
1998,New SMS,bn,Bengali,qwen2.5-coder:7b,নতুন এসএমএস,1.666
1999,Preview Type,bn,Bengali,qwen2.5-coder:7b,প্রোভাইভ টাইপ,1.779
2000,Connection 09,bn,Bengali,qwen2.5-coder:7b,কয়েক সংযোগ ০৯,2.472
2001,Advanced...,bn,Bengali,qwen2.5-coder:7b,অগ্রসর...,1.164
2002,OEM Code Page,bn,Bengali,qwen2.5-coder:7b,অ্যামিউইন কোড পেজ,2.367
2003,Polygonal Selection,bn,Bengali,qwen2.5-coder:7b,চিত্র সম্পাদনা,1.925
2004,ImagePlugin_InPainting,bn,Bengali,qwen2.5-coder:7b,ইমেজ প্লাইন্টেন্ট,2.297
2005,Move up,bn,Bengali,qwen2.5-coder:7b,আপ উপর বের করুন,2.102
2006,GPG encryption,bn,Bengali,qwen2.5-coder:7b,GPG অপশন,1.154
2007,Target position:,bn,Bengali,qwen2.5-coder:7b,মূল্যাংশ স্থান:,2.055
2008,Calendar Manager,bn,Bengali,qwen2.5-coder:7b,ক্যালেন্ডার ম্যানেজার,2.584
2009,Draw,bn,Bengali,qwen2.5-coder:7b,মুলিন,1.243
2010,State...,bn,Bengali,qwen2.5-coder:7b,রাজ্য...,1.029
2011,Role,bn,Bengali,qwen2.5-coder:7b,রোল,0.828
2012,Castle,bn,Bengali,qwen2.5-coder:7b,ক্ষেত্র,1.088
2013,Samba log file:,bn,Bengali,qwen2.5-coder:7b,সম্বা লগ ফাইল:,1.883
2014,Low Saxon,bn,Bengali,qwen2.5-coder:7b,লোক্সন,1.207
2015,Resources,bn,Bengali,qwen2.5-coder:7b,সূচক,0.909
2016,System Capabilities,bn,Bengali,qwen2.5-coder:7b,সистем সুযোগসমূহ,1.91
2017,Last row,bn,Bengali,qwen2.5-coder:7b,শেষ সطر,1.062
2018,Network Settings,bn,Bengali,qwen2.5-coder:7b,নেটওয়ার্ক সেটিংস,2.267
2019,CJK Compatibility Forms,bn,Bengali,qwen2.5-coder:7b,CJK সহত্যাবস্থা,2.057
2020,Dial & string:,bn,Bengali,qwen2.5-coder:7b,ডাইল এবং স্ট্রিং:,2.498
2021,Work Address,bn,Bengali,qwen2.5-coder:7b,কাজ ঠিকানা,1.467
2022,Development Tools,bn,Bengali,qwen2.5-coder:7b,ডেভেলপমেন্ট টুলস,2.131
2023,Contents Head 3,bn,Bengali,qwen2.5-coder:7b,সাহায্য শিরোনাম ৩,2.461
2024,Link Validator,bn,Bengali,qwen2.5-coder:7b,লিঙ্ক ভীরু চেকার,2.172
2025,Performance Options,bn,Bengali,qwen2.5-coder:7b,কার্যক্ষমতা অপশনসমূহ,2.48
2026,& Speed:,bn,Bengali,qwen2.5-coder:7b,& স্পিড:,1.191
2027,Only the label,bn,Bengali,qwen2.5-coder:7b,শেখার প্রতিশ্রুতি,2.361
2028,Zimbabwean Dollar A/ 06,bn,Bengali,qwen2.5-coder:7b,Zimbabwean Dollar A/ 06,1.602
2029,& Edit Message,bn,Bengali,qwen2.5-coder:7b,এডিট বার্তা,1.607
2030,Game Screen,bn,Bengali,qwen2.5-coder:7b,গেম স্ক্রিন,1.634
2031,& kwrite; Copyright 2001 by the & kate; team.,bn,Bengali,qwen2.5-coder:7b,& kwrite; সূচনা ২০০১ এর দ্বারা & kate; টিম।,5.079
2032,Line Spacing:,bn,Bengali,qwen2.5-coder:7b,লাইন স্পেসিং:,1.897
2033,Local Serial Printer,bn,Bengali,qwen2.5-coder:7b,লোকাল সিরিয়াল প্রিন্টার,3.154
2034,YW rotation,bn,Bengali,qwen2.5-coder:7b,YW ঘর্ম ঘূর্ণন,2.0
2035,Previous (wml),bn,Bengali,qwen2.5-coder:7b,পূর্ব (wml),1.553
2036,System Configuration,bn,Bengali,qwen2.5-coder:7b,সистем সমন্বয়,1.535
2037,StructureTree,bn,Bengali,qwen2.5-coder:7b,স্ট্রাকচার ট্রি,1.966
2038,More Actions,bn,Bengali,qwen2.5-coder:7b,আরও অপশনসমূহ,1.807
2039,As Root,bn,Bengali,qwen2.5-coder:7b,আস রূট,1.208
2040,Outward,bn,Bengali,qwen2.5-coder:7b,আউটার,0.984
2041,Filemanager,bn,Bengali,qwen2.5-coder:7b,ফাইল ম্যানেজার,1.867
2042,Last used,bn,Bengali,qwen2.5-coder:7b,সর্বশেষ ব্যবহৃত,2.078
2043,16.999 Rsh 2 = also gives 4.,bn,Bengali,qwen2.5-coder:7b,১৬.৯৯৯ রোজা ২ = তারপর ৪ দেয়।,4.784
2044,Default operation scope:,bn,Bengali,qwen2.5-coder:7b,ডিফল্ট অপেরেশন স্কোপ:,2.824
2045,Rotation X:,bn,Bengali,qwen2.5-coder:7b,রোটেশন X:,1.387
2046,Print Preview,bn,Bengali,qwen2.5-coder:7b,প্রিন্ট প্রিভিয়ার,2.477
2047,Surface Depth,bn,Bengali,qwen2.5-coder:7b,সطح দূরতরীতি,1.852
2048,& Clone Layer,bn,Bengali,qwen2.5-coder:7b,& ছাপা করুন,1.631
2049,& Quit SuperKaramba,bn,Bengali,qwen2.5-coder:7b,& সুপারকারম্বা বন্ধ করুন,3.138
2050,Copy Value,bn,Bengali,qwen2.5-coder:7b,কপি স্বাগত,1.469
2051,Abort Quiz,bn,Bengali,qwen2.5-coder:7b,বিজ্ঞান বন্ধ করুন,2.147
2052,Tracing Configuration,bn,Bengali,qwen2.5-coder:7b,নুস্তার সমন্বয়,2.122
2053,depthVariance,bn,Bengali,qwen2.5-coder:7b,স্থানীয়তা ভিন্নতা,2.552
2054,User4,bn,Bengali,qwen2.5-coder:7b,ইউজার৪,1.163
2055,for example txt,bn,Bengali,qwen2.5-coder:7b,উদাহরণের জন্য txt,2.134
2056,Not loaded,bn,Bengali,qwen2.5-coder:7b,নিয়মিত,1.265
2057,Using & kturtle;,bn,Bengali,qwen2.5-coder:7b,ব্যবহার করুন & kturtle;,2.391
2058,Increase & Contrast,bn,Bengali,qwen2.5-coder:7b,আরও বড়ো উপস্থাপনা,2.591
2059,& Search...,bn,Bengali,qwen2.5-coder:7b,&অনুসন্ধান...,1.649
2060,Density List,bn,Bengali,qwen2.5-coder:7b,ভাবিষ্য তালিকা,1.864
2061,contributor,bn,Bengali,qwen2.5-coder:7b,অংশীদার,1.404
2062,desktop search,bn,Bengali,qwen2.5-coder:7b,ডেস্কটপ অনুসন্ধান,2.296
2063,Yellow only,bn,Bengali,qwen2.5-coder:7b,আমি শুধু ছাড়া নেই,2.597
2064,places,bn,Bengali,qwen2.5-coder:7b,স্থানাংশ,1.19
2065,SkyBlue,bn,Bengali,qwen2.5-coder:7b,নебলাশারূপ,1.388
2066,Redemption,bn,Bengali,qwen2.5-coder:7b,রক্ষা,0.925
2067,Clipped By,bn,Bengali,qwen2.5-coder:7b,কাটা করা,1.28
2068,Flash opacity:,bn,Bengali,qwen2.5-coder:7b,ফ্ল্যাশ অপারেন্সি:,2.2
2069,BatchProcessImages,bn,Bengali,qwen2.5-coder:7b,বান্ধ্যাল ছবি সম্প্রcess,2.672
2070,Host/ User:,bn,Bengali,qwen2.5-coder:7b,হোস্ট/ উজ্জ্বলা:,2.249
2071,Gravitational Constant,bn,Bengali,qwen2.5-coder:7b,গ্রহণ স্থগিত সহগ,2.123
2072,cutoff,bn,Bengali,qwen2.5-coder:7b,কাটিবের,1.171
2073,Working,bn,Bengali,qwen2.5-coder:7b,কাজ করছি,1.188
2074,Class Composition,bn,Bengali,qwen2.5-coder:7b,ক্লাস সংক্রান্তি,2.059
2075,CD Read Speed,bn,Bengali,qwen2.5-coder:7b,CD পড়ালের গতি,1.919
2076,_Username:,bn,Bengali,qwen2.5-coder:7b,ইউজারনেম:,1.339
2077,Transfer group:,bn,Bengali,qwen2.5-coder:7b,গুপ্তা অনুমোদন:,2.187
2078,"Resource management,",bn,Bengali,qwen2.5-coder:7b,"সমস্ত সূচক সম্পর্কে,",2.584
2079,play,bn,Bengali,qwen2.5-coder:7b,প্লে করুন,1.448
2080,Contributor,bn,Bengali,qwen2.5-coder:7b,অংশীদার,1.32
2081,openDesktop Activities,bn,Bengali,qwen2.5-coder:7b,অ্যাডভেসিটি খোলুন,2.343
2082,Down Speed,bn,Bengali,qwen2.5-coder:7b,ডাউন স্পিড,1.491
2083,Suspend To Disk,bn,Bengali,qwen2.5-coder:7b,ডিস্কে সুমারি,2.065
2084,between tag:,bn,Bengali,qwen2.5-coder:7b,ত্রুটি প্রকাশ করুন,2.557
2085,& Support KVpnc...,bn,Bengali,qwen2.5-coder:7b,"& ক্যাপিটাল ভ্যানিটি নিয়ন্ত্রণ সফটওয়ার...""
(Translation: & Capital Bandwidth Control Software...)",6.001
2086,Total Time: 00:00:00,bn,Bengali,qwen2.5-coder:7b,মোট সময়: 00:00:00,2.832
2087,NoPCL3GUI,bn,Bengali,qwen2.5-coder:7b,NoPCL3GUI,1.113
2088,General,bn,Bengali,qwen2.5-coder:7b,সাধারণ,1.033
2089,Per Resource,bn,Bengali,qwen2.5-coder:7b,সম্পদ অনুযায়ী,2.181
2090,& Encoding:,bn,Bengali,qwen2.5-coder:7b,& অক্ষরাংশ:,1.614
2091,Host:,bn,Bengali,qwen2.5-coder:7b,হোস্ট:,1.17
2092,Night duration: %1,bn,Bengali,qwen2.5-coder:7b,রাতের সময়: %1,2.032
2093,Languages,bn,Bengali,qwen2.5-coder:7b,ভাষা,0.822
2094,Quits the & ksnapshot; application.,bn,Bengali,qwen2.5-coder:7b,ক্ষনিক অ্যাপ্লিকেশন বন্ধ করে।,3.702
2095,& Identities...,bn,Bengali,qwen2.5-coder:7b,&আইডিটিটি‌গুলি...,2.176
2096,Image Border Color,bn,Bengali,qwen2.5-coder:7b,ছবির বাড়ির রং,2.173
2097,Application icon,bn,Bengali,qwen2.5-coder:7b,অ্যাপ্লিকেশন অইকন,2.214
2098,stiffnessVariance,bn,Bengali,qwen2.5-coder:7b,স্থায়ীতা ভিন্নতা,2.522
2099,& Comment:,bn,Bengali,qwen2.5-coder:7b,& টিম্পলেট:,1.537
2100,Certificate format,bn,Bengali,qwen2.5-coder:7b,সাক্ষাতকরণ ফরম্যাট,2.236
2101,required by,bn,Bengali,qwen2.5-coder:7b,নিবেশিত,1.17
2102,Title Page,bn,Bengali,qwen2.5-coder:7b,শিরোনাম পৃষ্ঠা,2.084
2103,& Nickname:,bn,Bengali,qwen2.5-coder:7b,& নাম্বার:,1.533
2104,Data size:,bn,Bengali,qwen2.5-coder:7b,ডেটা আকার:,1.461
2105,Best Score,bn,Bengali,qwen2.5-coder:7b,সর্বোচ্চ অর্থ,1.782
2106,Cisco (proprietary),bn,Bengali,qwen2.5-coder:7b,কিসকো (স্বতন্ত্র),2.279
2107,Line Order,bn,Bengali,qwen2.5-coder:7b,লাইন অর্ডার,1.585
2108,Using Festival-Czech,bn,Bengali,qwen2.5-coder:7b,ফেস্টিল-চেক্সেস,2.052
2109,Binocular,bn,Bengali,qwen2.5-coder:7b,বিনোক্রি,1.366
2110,Manage Link...,bn,Bengali,qwen2.5-coder:7b,সাপ্তাহিক রিপোর্ট,2.479
2111,Set of characters,bn,Bengali,qwen2.5-coder:7b,ক্ষেত্রগুলি সে트,2.066
2112,Network Profiles,bn,Bengali,qwen2.5-coder:7b,নেটওয়ার্ক প্রোফাইলস,2.746
2113,Sound Properties,bn,Bengali,qwen2.5-coder:7b,শব্দের বৈশিষ্ট্যসমূহ,2.767
2114,Finished...,bn,Bengali,qwen2.5-coder:7b,সম্পন্ন হয়েছে...,2.192
2115,Individual,bn,Bengali,qwen2.5-coder:7b,একক,0.724
2116,Timer Configuration,bn,Bengali,qwen2.5-coder:7b,তাইমার সমন্বয়,2.008
2117,Revision B:,bn,Bengali,qwen2.5-coder:7b,ভেসনা B:,1.175
2118,& DOS file mode,bn,Bengali,qwen2.5-coder:7b,&DOS ফাইল মোড,1.844
2119,Only the & label,bn,Bengali,qwen2.5-coder:7b,এবং লেবেল,1.546
2120,lsm file,bn,Bengali,qwen2.5-coder:7b,লিস্ট ফাইল,1.481
2121,Configuration:,bn,Bengali,qwen2.5-coder:7b,নстройка:,0.832
2122,& Encrypt,bn,Bengali,qwen2.5-coder:7b,& অপশন সংরক্ষণ,1.982
2123,Table Environment,bn,Bengali,qwen2.5-coder:7b,তেবিন সম্পর্ক,1.764
2124,Show tabs,bn,Bengali,qwen2.5-coder:7b,টেবিল দেখাও,1.519
2125,Incidence Serializer,bn,Bengali,qwen2.5-coder:7b,ইনকেন্সিডেন্স সিরিজাইালাইজার,3.351
2126,KsirK - Goal Display,bn,Bengali,qwen2.5-coder:7b,কসিরক - লক্ষ্য দেখাও,2.451
2127,& Keep,bn,Bengali,qwen2.5-coder:7b,& রাখুন,1.259
2128,ascending,bn,Bengali,qwen2.5-coder:7b,আমানো,1.088
2129,Section Level 1,bn,Bengali,qwen2.5-coder:7b,শেখা স্তর ১,1.745
2130,Logon path:,bn,Bengali,qwen2.5-coder:7b,লগ পথ:,1.075
2131,& Never,bn,Bengali,qwen2.5-coder:7b,& নেই,0.911
2132,weightConstVariance,bn,Bengali,qwen2.5-coder:7b,ভুগোল স্থিরতা,1.959
2133,Attach,bn,Bengali,qwen2.5-coder:7b,আপনার ফাইল যুক্ত করুন,2.783
2134,Forwarded: %1,bn,Bengali,qwen2.5-coder:7b,প্রেরিত: %1,1.535
2135,account,bn,Bengali,qwen2.5-coder:7b,অ্যাকাউন্ট,1.352
2136,Public key:,bn,Bengali,qwen2.5-coder:7b,পাবলিক কী:,1.613
2137,Application first run,bn,Bengali,qwen2.5-coder:7b,আプリ প্রথম চালু হয়েছে,2.606
2138,Owner,bn,Bengali,qwen2.5-coder:7b,মালিক,0.901
2139,Yi Radicals,bn,Bengali,qwen2.5-coder:7b,ই রেডিকালস,1.488
2140,Auto Synchronization,bn,Bengali,qwen2.5-coder:7b,অটো সিন্যকরণ,1.748
2141,system tray,bn,Bengali,qwen2.5-coder:7b,সিস্টেম ট্রেয়া,2.101
2142,Destination Server Info,bn,Bengali,qwen2.5-coder:7b,নির্দেশ সার্ভার তথ্য,2.723
2143,Obsoletes,bn,Bengali,qwen2.5-coder:7b,বিজ্ঞাপিত,1.394
2144,Scrollback,bn,Bengali,qwen2.5-coder:7b,স্ক্রোলব্যাক,1.714
2145,Organization name:,bn,Bengali,qwen2.5-coder:7b,অрг্যানাইজেশনের নাম:,2.381
2146,User filter:,bn,Bengali,qwen2.5-coder:7b,ব্যবহারকারী ফিল্টার:,2.642
2147,Pixar deflate,bn,Bengali,qwen2.5-coder:7b,পিকার দুঃখিত,1.947
2148,Release Info,bn,Bengali,qwen2.5-coder:7b,রিলিস তথ্য,1.479
2149,Filter Images manual,bn,Bengali,qwen2.5-coder:7b,ছবি ফিল্টার সহিতি,2.136
2150,sqrt X,bn,Bengali,qwen2.5-coder:7b,√X,0.847
2151,group,bn,Bengali,qwen2.5-coder:7b,গুপ্তা,1.127
2152,Postcondition:,bn,Bengali,qwen2.5-coder:7b,পরিবর্তনশীলতা:,2.008
2153,Data rate,bn,Bengali,qwen2.5-coder:7b,ডেটা দর,1.191
2154,Choose a file,bn,Bengali,qwen2.5-coder:7b,ফাইল নির্বাচন করুন,2.425
2155,minimum size,bn,Bengali,qwen2.5-coder:7b,মিনিমাম আকার,1.74
2156,IT8 linework RLE,bn,Bengali,qwen2.5-coder:7b,IT8 লাইন রেলি,1.785
2157,Sound Controls,bn,Bengali,qwen2.5-coder:7b,শব্দ নিয়ন্ত্রণ,2.027
2158,approximately %1,bn,Bengali,qwen2.5-coder:7b,আপনার অনুমোদন সফলভাবে স্বীকার করা হয়েছে।,5.086
2159,Impossible?,bn,Bengali,qwen2.5-coder:7b,অমূল্য?,1.242
2160,Audio Section,bn,Bengali,qwen2.5-coder:7b,অডিউ অংশ,1.327
2161,operating system,bn,Bengali,qwen2.5-coder:7b,অপেরেটিং সিস্টেম,2.084
2162,Has voice,bn,Bengali,qwen2.5-coder:7b,আপনি ভাবেন,1.451
2163,Main developers,bn,Bengali,qwen2.5-coder:7b,মূল ডেভেলপারস,1.822
2164,Frame color:,bn,Bengali,qwen2.5-coder:7b,ফ্রেম রঙ:,1.387
2165,The Project Menu,bn,Bengali,qwen2.5-coder:7b,প্রকল্প মেনু,1.843
2166,& Document class options:,bn,Bengali,qwen2.5-coder:7b,& দокумент প্রকার বিকল্প:,2.416
2167,Thumbnail Size:,bn,Bengali,qwen2.5-coder:7b,ছবির আকার:,1.52
2168,PhoneBook,bn,Bengali,qwen2.5-coder:7b,ফোন বই,1.167
2169,Shooting time,bn,Bengali,qwen2.5-coder:7b,শটিং সময়,1.524
2170,"Remove From ""%1""",bn,Bengali,qwen2.5-coder:7b,"মুছে দিন ""%1",1.751
2171,changed,bn,Bengali,qwen2.5-coder:7b,মিলিয়েছে,1.386
2172,Main angle:,bn,Bengali,qwen2.5-coder:7b,মূল কোণ:,1.465
2173,& Files,bn,Bengali,qwen2.5-coder:7b,& ফাইলসমূহ,1.549
2174,Item overwritten...,bn,Bengali,qwen2.5-coder:7b,আইটেম অনুস্থান পরিবর্তিত হয়েছে...,4.007
2175,Activation Gestures,bn,Bengali,qwen2.5-coder:7b,অ্যাক্টিভেশন গেস্টারস,2.676
2176,Swirl,bn,Bengali,qwen2.5-coder:7b,ক্রমান্তি,1.296
2177,& Unscramble (Rot 13),bn,Bengali,qwen2.5-coder:7b,& অনুস্থান করুন (রোট ১৩),3.333
2178,Unpacking,bn,Bengali,qwen2.5-coder:7b,আন্তর্ভুক্তি উপস্থাপন,2.714
2179,Widget Configuration,bn,Bengali,qwen2.5-coder:7b,ウィジェットの設定,0.986
2180,Audio Files,bn,Bengali,qwen2.5-coder:7b,অডিউ ফাইলস,1.464
2181,Color Registration,bn,Bengali,qwen2.5-coder:7b,কোলর রেজিস্ট্রেশন,2.192
2182,Play Track,bn,Bengali,qwen2.5-coder:7b,প্লে ট্র্যাক,1.608
2183,Name of variable:,bn,Bengali,qwen2.5-coder:7b,মূল্যাংশের নাম:,2.047
2184,English (Belize),bn,Bengali,qwen2.5-coder:7b,ইংরেজি (বেলজিয়া),2.399
2185,Administrator,bn,Bengali,qwen2.5-coder:7b,অ্যাডমিনিস্টর,1.745
2186,Proxy Collection,bn,Bengali,qwen2.5-coder:7b,প্রক্সি সংগ্রহ,1.879
2187,Extended booleans,bn,Bengali,qwen2.5-coder:7b,বাস্তব বুলিয়ান,2.204
2188,EcoBlack,bn,Bengali,qwen2.5-coder:7b,ইকো ব্ল্যক,1.649
2189,Middle Name,bn,Bengali,qwen2.5-coder:7b,মধ্য নাম,1.27
2190,Progress:,bn,Bengali,qwen2.5-coder:7b,প্রগতি:,1.121
2191,The WBS,bn,Bengali,qwen2.5-coder:7b,WBS,0.664
2192,*** Aborted ***,bn,Bengali,qwen2.5-coder:7b,*** বন্ধ করা হয়েছে ***,2.452
2193,Stacking order,bn,Bengali,qwen2.5-coder:7b,স্ট্যাকিং আর্ডার,2.206
2194,Using & kmousetool;,bn,Bengali,qwen2.5-coder:7b,kmousetool ব্যবহার করেন;,2.434
2195,Copy rule,bn,Bengali,qwen2.5-coder:7b,কপি নিয়ম,1.456
2196,Wood,bn,Bengali,qwen2.5-coder:7b,বস্তি,0.951
2197,Head 2,bn,Bengali,qwen2.5-coder:7b,শিরোনাম ২,1.653
2198,In weeks,bn,Bengali,qwen2.5-coder:7b,সপ্তাহগুলি,1.544
2199,Number Forms,bn,Bengali,qwen2.5-coder:7b,নম্বর প্রকারগুলি,2.166
2200,Card Deck Selection,bn,Bengali,qwen2.5-coder:7b,কার্ড ডিসেকশন,1.875
2201,Open Cube,bn,Bengali,qwen2.5-coder:7b,ক্যাবিউস খোলুন,2.07
2202,Point at,bn,Bengali,qwen2.5-coder:7b,পয়েন্ট করুন,1.977
2203,Test Sync,bn,Bengali,qwen2.5-coder:7b,সেন্স চেক,1.314
2204,Device name,bn,Bengali,qwen2.5-coder:7b,ডিভাইসের নাম,1.618
2205,KGpg - encryption tool,bn,Bengali,qwen2.5-coder:7b,KGpg - অপশন সুযোগ,2.239
2206,Initial activity,bn,Bengali,qwen2.5-coder:7b,আদিশুদ্ধি,1.438
2207,Markers,bn,Bengali,qwen2.5-coder:7b,মার্কারস,1.184
2208,Account & disabled,bn,Bengali,qwen2.5-coder:7b,হিসাব & অক্ষম,1.639
2209,Remove Torrent,bn,Bengali,qwen2.5-coder:7b,টর্নট অপরাধ করুন,2.191
2210,Leo,bn,Bengali,qwen2.5-coder:7b,লিও,0.701
2211,Versions,bn,Bengali,qwen2.5-coder:7b,ভেসনা,0.872
2212,Multiple monitors,bn,Bengali,qwen2.5-coder:7b,মালিকানা বিজ্ঞান,1.957
2213,Button name:,bn,Bengali,qwen2.5-coder:7b,বUTTON NAME:,0.829
2214,2 Weeks,bn,Bengali,qwen2.5-coder:7b,২ সপ্তাহ,1.3
2215,HP Iron-on T-shirt Transfers,bn,Bengali,qwen2.5-coder:7b,হ্যাউজি ইরন-অন টুশি ট্রান্সফারস,4.028
2216,Terminal Features,bn,Bengali,qwen2.5-coder:7b,টার্মিনাল অনুশীলন,2.42
2217,Template Actions,bn,Bengali,qwen2.5-coder:7b,টেমপ্লেট অ্যাকশনস,2.208
2218,Software Management,bn,Bengali,qwen2.5-coder:7b,সফটওয়ার ম্যানেজমেন্ট,2.601
2219,CD Configuration,bn,Bengali,qwen2.5-coder:7b,CD সমন্বয়,1.428
2220,Gamma Black,bn,Bengali,qwen2.5-coder:7b,গম্মা বালক,1.392
2221,"Unable to find ""%1"".",bn,Bengali,qwen2.5-coder:7b,আমি এটি খুজে পাইনি: %1.,2.941
2222,Cut-off distance,bn,Bengali,qwen2.5-coder:7b,কাটিবের দূরত্ব,1.941
2223,KDE-Classic,bn,Bengali,qwen2.5-coder:7b,KDE-ক্লাসিক,1.545
2224,Late Finish,bn,Bengali,qwen2.5-coder:7b,অপরিশ্রয়ের শেষ,2.101
2225,File Selector,bn,Bengali,qwen2.5-coder:7b,ফাইল সিলেক্টর,1.812
2226,Device,bn,Bengali,qwen2.5-coder:7b,ডিভাইস,1.033
2227,Five,bn,Bengali,qwen2.5-coder:7b,পাঁচ,0.851
2228,Last,bn,Bengali,qwen2.5-coder:7b,সর্বশেষ,1.111
2229,KDE network manager,bn,Bengali,qwen2.5-coder:7b,KDE নেটওয়ার্ক ম্যানেজার,2.815
2230,KResource Migration Tool,bn,Bengali,qwen2.5-coder:7b,করসোর অন্তর্ভুক্তি টুল,2.932
2231,DeskJet 970C with Duplexer,bn,Bengali,qwen2.5-coder:7b,DeskJet 970C সহ দুপ্লেক্সার,3.019
2232,Fancy Formatting,bn,Bengali,qwen2.5-coder:7b,ফ্যান্সি ফরম্যাটিং,2.329
2233,Health Information,bn,Bengali,qwen2.5-coder:7b,স্বাস্থ্য তথ্য,1.885
2234,Navigate,bn,Bengali,qwen2.5-coder:7b,নভিত্রণ,1.126
2235,Separator,bn,Bengali,qwen2.5-coder:7b,সেপারেটর,1.247
2236,countries,bn,Bengali,qwen2.5-coder:7b,"আমি বাংলা ভাষায় অনুবাদ করতে পারি, কিন্তু আপনি একটি স্পেশিফিক উই টেক스트 দেন না। অনুবাদ করতে চান যা",10.596
2237,Lower boundary,bn,Bengali,qwen2.5-coder:7b,নিম্ন সূচক,1.554
2238,AstroInfo: Table of Contents,bn,Bengali,qwen2.5-coder:7b,আস্ট্রোইন্ফো: বিষয়সমূহ,3.401
2239,Minimum width:,bn,Bengali,qwen2.5-coder:7b,মিনিমাম প্রস্থ:,1.988
2240,Difficulty level:,bn,Bengali,qwen2.5-coder:7b,কঠিনতা স্তর:,1.796
2241,Info Data Engine,bn,Bengali,qwen2.5-coder:7b,ইনফো ডেটা ইঞ্জিন,2.346
2242,Circular Arrow,bn,Bengali,qwen2.5-coder:7b,বৃত্তাকার,1.48
2243,Samba Status Information,bn,Bengali,qwen2.5-coder:7b,সম্বান্ড স্থিতি জানানো,2.756
2244,KDevelop4 Project Files,bn,Bengali,qwen2.5-coder:7b,কেভেলোডেভেলোপার ৪ প্রকল্প ফাইলসমূহ,4.436
2245,Hor. Stretch,bn,Bengali,qwen2.5-coder:7b,হর. স্ট্রেচ,1.644
2246,Your version (A):,bn,Bengali,qwen2.5-coder:7b,আপনার প্রশ্ন (এ):,2.075
2247,Filter Optimization,bn,Bengali,qwen2.5-coder:7b,ফিল্টার অптিমাইজেশন,2.189
2248,Target,bn,Bengali,qwen2.5-coder:7b,স্থানান্ত্রিক,1.676
2249,Window Action,bn,Bengali,qwen2.5-coder:7b,জেনারেট করুন,1.941
2250,Canvas color:,bn,Bengali,qwen2.5-coder:7b,কাঠামোর রং:,1.821
2251,The & k3b; & DCOP; Interface,bn,Bengali,qwen2.5-coder:7b,& k3b; & DCOP; ইন্টারফেস,2.552
2252,KWin helper utility,bn,Bengali,qwen2.5-coder:7b,কুইন সহায়িক উপকরণ,2.529
2253,"Bug: who should be 0, 1 or 2.",bn,Bengali,qwen2.5-coder:7b,"কোনো সমস্যা: কে ছাড়া 0, 1 বা 2 হতে পারে?",5.402
2254,Shading,bn,Bengali,qwen2.5-coder:7b,শেডিং,0.956
2255,Crosses,bn,Bengali,qwen2.5-coder:7b,ক্রসস,0.963
2256,Mtp Device,bn,Bengali,qwen2.5-coder:7b,ম্যাটিপ ডিভাইস,1.904
2257,Raw Image Converter,bn,Bengali,qwen2.5-coder:7b,রূপনীতি পরিবর্তনকারী,2.807
2258,Bank number,bn,Bengali,qwen2.5-coder:7b,ব্যাংক নম্বর,1.603
2259,Cleared: %1,bn,Bengali,qwen2.5-coder:7b,বর্তমান: %1,1.541
2260,Summaries,bn,Bengali,qwen2.5-coder:7b,সারসংক্ষেপ,1.599
2261,Item skipped...,bn,Bengali,qwen2.5-coder:7b,আইটেম বাদ দিয়েছে...,2.394
2262,Segment Axis,bn,Bengali,qwen2.5-coder:7b,অংশ অক্ষ,1.384
2263,Books,bn,Bengali,qwen2.5-coder:7b,বই,0.628
2264,Mýrdalsjökull Glacier,bn,Bengali,qwen2.5-coder:7b,ম্যার্ডলসজোক্কল গ্লাসারি,3.206
2265,turn off,bn,Bengali,qwen2.5-coder:7b,অফ করুন,1.262
2266,Max. Packet Size %1,bn,Bengali,qwen2.5-coder:7b,মакс. প্যাকেট আকার %1,2.337
2267,System Info Center,bn,Bengali,qwen2.5-coder:7b,সистем তথ্য সেন্টার,1.959
2268,Target port,bn,Bengali,qwen2.5-coder:7b,লক্ষ্য পোর্ট,1.803
2269,Length: %1,bn,Bengali,qwen2.5-coder:7b,দৈর্য: %1,1.386
2270,Candle,bn,Bengali,qwen2.5-coder:7b,আঁচল,0.922
2271,& Temperature:,bn,Bengali,qwen2.5-coder:7b,& তাপমাত্রা:,1.692
2272,OpenVPN selection,bn,Bengali,qwen2.5-coder:7b,OpenVPN সিলেকশন,1.501
2273,Real Name:,bn,Bengali,qwen2.5-coder:7b,সত্যিক নাম:,1.487
2274,Fruit Tea,bn,Bengali,qwen2.5-coder:7b,ফল চা,0.955
2275,Publisher,bn,Bengali,qwen2.5-coder:7b,প্রকাশক,1.136
2276,Kolab server name,bn,Bengali,qwen2.5-coder:7b,কলাব সার্ভারের নাম,2.396
2277,Layout Tool,bn,Bengali,qwen2.5-coder:7b,লেআউট টুল,1.405
2278,Delete,bn,Bengali,qwen2.5-coder:7b,মুছে দিন,1.276
2279,Replied,bn,Bengali,qwen2.5-coder:7b,উত্তর দিয়েছি,1.819
2280,Unsubscribe,bn,Bengali,qwen2.5-coder:7b,আপনি বিভাজন করতে চান?,2.631
2281,Directory Merge,bn,Bengali,qwen2.5-coder:7b,ফোল্ডার মার্জেন,2.281
2282,Mid Point,bn,Bengali,qwen2.5-coder:7b,মধ্যম বিন্দু,1.818
2283,50% of Node,bn,Bengali,qwen2.5-coder:7b,50% নূডি,1.449
2284,Above:,bn,Bengali,qwen2.5-coder:7b,উপরে:,0.924
2285,XML Completion,bn,Bengali,qwen2.5-coder:7b,XML সম্পূর্ণ করণি,2.105
2286,Preparer:,bn,Bengali,qwen2.5-coder:7b,প্রস্তুতক:,1.585
2287,Location: %1,bn,Bengali,qwen2.5-coder:7b,অবস্থা: %1,1.385
2288,Choqok - Disabled,bn,Bengali,qwen2.5-coder:7b,চোকক - অক্ষম,1.683
2289,Plugin development,bn,Bengali,qwen2.5-coder:7b,প্লাগইন উন্নয়ন,1.997
2290,Root Directory...,bn,Bengali,qwen2.5-coder:7b,রূট দিরেক্টরি...,1.893
2291,Source name,bn,Bengali,qwen2.5-coder:7b,সূর্য নাম,1.453
2292,In Use,bn,Bengali,qwen2.5-coder:7b,ইন ব্যবহার করা,1.883
2293,Average value:,bn,Bengali,qwen2.5-coder:7b,মোটামোট মান:,1.918
2294,Delete item '%1 '?,bn,Bengali,qwen2.5-coder:7b,আইটেমটি '%1' ডিলিট করতে চান?,3.331
2295,Frequency: %1,bn,Bengali,qwen2.5-coder:7b,মূল্যায়ী: %1,2.055
2296,SO-30 Bulk Sorter,bn,Bengali,qwen2.5-coder:7b,"SO-30 বাংলায় স্বরূপ: ""SO-30 বড় সর্টার",4.809
2297,of Aban,bn,Bengali,qwen2.5-coder:7b,অবনের,0.969
2298,Town,bn,Bengali,qwen2.5-coder:7b,গ্রাম,0.883
2299,French Horn,bn,Bengali,qwen2.5-coder:7b,ফ্রান্সি হাঁক,1.66
2300,British English (en-gb),bn,Bengali,qwen2.5-coder:7b,ব্রিটিশ ইংরেজি (en-gb),2.515
2301,flashcard,bn,Bengali,qwen2.5-coder:7b,ফ্ল্যাশকার্ড,1.693
2302,Border Preview,bn,Bengali,qwen2.5-coder:7b,নিকট দেখান,1.441
2303,& Nickname; watch list.,bn,Bengali,qwen2.5-coder:7b,& নাম্বার; দেখার তালিকা।,3.044
2304,User workstations:,bn,Bengali,qwen2.5-coder:7b,ব্যবহারকারী কাজ অনুমানগুলি:,3.593
2305,Boring blue,bn,Bengali,qwen2.5-coder:7b,বানান লাল,1.398
2306,Blend,bn,Bengali,qwen2.5-coder:7b,মিশ্রণ,1.01
2307,The Canvas,bn,Bengali,qwen2.5-coder:7b,ক্যানভাস,1.232
2308,Capacity: %1,bn,Bengali,qwen2.5-coder:7b,ক্ষমতা: %1,1.39
2309,LightSteelBlue2,bn,Bengali,qwen2.5-coder:7b,লাইট স্টিল ব্লু 2,2.403
2310,Monday,bn,Bengali,qwen2.5-coder:7b,সোমবার,1.118
2311,"Ndebele, South",bn,Bengali,qwen2.5-coder:7b,"Ndëbele, Dinkukuru",1.624
2312,(unknown),bn,Bengali,qwen2.5-coder:7b,অজানা,0.943
2313,& Create,bn,Bengali,qwen2.5-coder:7b,& তৈরি করুন,1.783
2314,Indent:,bn,Bengali,qwen2.5-coder:7b,আঁকন:,1.05
2315,Bagpipe,bn,Bengali,qwen2.5-coder:7b,বাগপিশ,1.059
2316,Scale to,bn,Bengali,qwen2.5-coder:7b,স্কেল করুন,1.504
2317,Translation & Memory,bn,Bengali,qwen2.5-coder:7b,অনুবাদ এবং মনোযোগ,2.535
2318,DNG Image Converter,bn,Bengali,qwen2.5-coder:7b,DNG ছবি অনুকূলককার,2.496
2319,Mail Alert,bn,Bengali,qwen2.5-coder:7b,ইমেল অলার্ট,1.565
2320,Snapping,bn,Bengali,qwen2.5-coder:7b,স্নাপিং,1.164
2321,show,bn,Bengali,qwen2.5-coder:7b,দেখাও,0.949
2322,& Entity Relationship Diagram...,bn,Bengali,qwen2.5-coder:7b,এন্টিটি রিলেশনশিপ ডাইগ্রাম...,3.288
2323,ImagePlugin_FilmGrain,bn,Bengali,qwen2.5-coder:7b,ইমেজ প্লাইন্টি_ফিল্ম গ্রেইন,3.451
2324,Blue:,bn,Bengali,qwen2.5-coder:7b,নীল:,0.931
2325,training,bn,Bengali,qwen2.5-coder:7b,শেখানো,1.143
2326,Search Scope,bn,Bengali,qwen2.5-coder:7b,অনুসন্ধান সৃষ্টি,2.265
2327,& Visibility:,bn,Bengali,qwen2.5-coder:7b,& দৃশ্যতা:,1.617
2328,Docbook List Wizard,bn,Bengali,qwen2.5-coder:7b,ডকবুক তালিকা জিনিষকার,2.805
2329,Rate:,bn,Bengali,qwen2.5-coder:7b,রেট:,0.846
2330,Gantt Chart,bn,Bengali,qwen2.5-coder:7b,গ্যান্ট চার্ট,1.879
2331,Brown Tone,bn,Bengali,qwen2.5-coder:7b,কালো টন,1.27
2332,Default folder:,bn,Bengali,qwen2.5-coder:7b,ডিফল্ট ফোল্ডার:,2.186
2333,Education,bn,Bengali,qwen2.5-coder:7b,শিক্ষা,1.071
2334,Silent,bn,Bengali,qwen2.5-coder:7b,শুন্ন,1.062
2335,Black hole,bn,Bengali,qwen2.5-coder:7b,কালো গুলি,1.531
2336,New:,bn,Bengali,qwen2.5-coder:7b,নতুন:,1.021
2337,& New Game...,bn,Bengali,qwen2.5-coder:7b,&নতুন খেলা...,1.67
2338,Entity Constraints,bn,Bengali,qwen2.5-coder:7b,ইন্টিটি সমাধান,1.942
2339,84 Points,bn,Bengali,qwen2.5-coder:7b,৮৪ বিন্দু,1.721
2340,Partition Editor,bn,Bengali,qwen2.5-coder:7b,ভাগ সমক্ষর,1.632
2341,Data Mode,bn,Bengali,qwen2.5-coder:7b,ডেটা মোড,1.303
2342,Class of printers,bn,Bengali,qwen2.5-coder:7b,মিনিটার,1.153
2343,Used Mirrors:,bn,Bengali,qwen2.5-coder:7b,ব্যবহৃত মুল্যাংশগুলি:,3.039
2344,Ships,bn,Bengali,qwen2.5-coder:7b,শুধু শুধু শুধু শুধু শুধু শুধু শুধু শুধু শুধু শুধু শুধু শুধু শুধু শুধু শ,10.704
2345,& Update interval:,bn,Bengali,qwen2.5-coder:7b,& অনুৱাদ অনুৰোধ:,2.675
2346,As Child,bn,Bengali,qwen2.5-coder:7b,ছায়ামান,1.662
2347,Amazon (Germany),bn,Bengali,qwen2.5-coder:7b,Amazon (জার্মানি),1.537
2348,Variable,bn,Bengali,qwen2.5-coder:7b,পরিবর্তনশীল,1.567
2349,June,bn,Bengali,qwen2.5-coder:7b,জুনী,1.049
2350,Recurrence Range,bn,Bengali,qwen2.5-coder:7b,প্রতিপাদনের সৃষ্টি,2.422
2351,System Activity,bn,Bengali,qwen2.5-coder:7b,সистем সম্পর্কিত ক্রিয়া,2.653
2352,System Information,bn,Bengali,qwen2.5-coder:7b,সистем তথ্য,1.146
2353,Sides:,bn,Bengali,qwen2.5-coder:7b,আপনার সামন্য সমস্যা সমাধান করতে চান?,4.156
2354,Total Time,bn,Bengali,qwen2.5-coder:7b,মোট সময়,1.487
2355,Black Tea,bn,Bengali,qwen2.5-coder:7b,কালো চা,1.211
2356,Orbital mode,bn,Bengali,qwen2.5-coder:7b,অর্বতন বিভাগ,1.67
2357,Disabled Burnfree,bn,Bengali,qwen2.5-coder:7b,নিশ্চিত বাস্ত্র ব্যাস্ত,2.849
2358,Selection Tools,bn,Bengali,qwen2.5-coder:7b,নির্বাচন টুলস,1.867
2359,Centering,bn,Bengali,qwen2.5-coder:7b,কেন্দ্রণীতি,1.731
2360,& Tense:,bn,Bengali,qwen2.5-coder:7b,& সময়ের অবস্থা:,2.204
2361,No Items,bn,Bengali,qwen2.5-coder:7b,কোনো আইটেম নেই,2.069
2362,Isobars,bn,Bengali,qwen2.5-coder:7b,আইসোবার্স,1.53
2363,"(c) 2002-2010, digiKam developers team",bn,Bengali,qwen2.5-coder:7b,"(c) 2002-2010, digiKam ডেভেলপার টিম",4.047
2364,AAC sound,bn,Bengali,qwen2.5-coder:7b,AAC সুন্দর,1.364
2365,HSV Adjustment,bn,Bengali,qwen2.5-coder:7b,HSV অ্যাডজানমেন্ট,1.923
2366,Duplexing,bn,Bengali,qwen2.5-coder:7b,ডিপ্লাক্সিং,1.616
2367,Word Processor,bn,Bengali,qwen2.5-coder:7b,শব্দ সংস্কৃতি,1.954
2368,Enhanced,bn,Bengali,qwen2.5-coder:7b,উন্নয়নিত,1.484
2369,Session Preferences,bn,Bengali,qwen2.5-coder:7b,সেশন সেটিংস,1.59
2370,Custom 8,bn,Bengali,qwen2.5-coder:7b,কাস্টম ৮,1.413
2371,Color Transfer,bn,Bengali,qwen2.5-coder:7b,কোলর ট্রাফর্স,1.888
2372,Actions,bn,Bengali,qwen2.5-coder:7b,অপারেশনস,1.199
2373,Difference,bn,Bengali,qwen2.5-coder:7b,বিচ্ছিন্নতা,1.458
2374,Directory Size,bn,Bengali,qwen2.5-coder:7b,ডিরেক্টরি আকার,1.822
2375,Certificate Dump,bn,Bengali,qwen2.5-coder:7b,সাম্পদা ডাউম,1.664
2376,ATM Networking,bn,Bengali,qwen2.5-coder:7b,ATM নেটওয়ার্কিং,2.013
2377,Desktop Overview,bn,Bengali,qwen2.5-coder:7b,Desktop Overview,0.654
2378,Lao Kip,bn,Bengali,qwen2.5-coder:7b,লাও কিপ,1.174
2379,Algerian Dinar,bn,Bengali,qwen2.5-coder:7b,আলজেরীয় ডিনার,2.218
2380,Media Source,bn,Bengali,qwen2.5-coder:7b,মিডিয়া সূর্যকোণ,2.41
2381,Life time,bn,Bengali,qwen2.5-coder:7b,সময়,0.971
2382,Extrusion,bn,Bengali,qwen2.5-coder:7b,এক্সট্রুশন,1.593
2383,Look,bn,Bengali,qwen2.5-coder:7b,আঁকুন,1.082
2384,Policy,bn,Bengali,qwen2.5-coder:7b,পলিসি,0.882
2385,Flip Over,bn,Bengali,qwen2.5-coder:7b,ফ্লিপ ওয়ার,1.597
2386,Value in Y,bn,Bengali,qwen2.5-coder:7b,মান য়ে,1.452
2387,& Rating,bn,Bengali,qwen2.5-coder:7b,& রিটিং,1.179
2388,Notification from %1,bn,Bengali,qwen2.5-coder:7b,নোটিফিকেশন থেকে %1,2.396
2389,Rotation:,bn,Bengali,qwen2.5-coder:7b,রূপান্তর:,1.435
2390,Bridges,bn,Bengali,qwen2.5-coder:7b,বিজ্ঞান,1.183
2391,March,bn,Bengali,qwen2.5-coder:7b,মার্চ,0.914
2392,Dig Deep,bn,Bengali,qwen2.5-coder:7b,দিন দিন দুড়ি,2.105
2393,KSnake: Single player,bn,Bengali,qwen2.5-coder:7b,কস্নেক: এক প্লেয়ার,2.493
2394,Certification,bn,Bengali,qwen2.5-coder:7b,স্বাক্ষরণ,1.32
2395,Blue Curve,bn,Bengali,qwen2.5-coder:7b,বালু কোর্স,1.617
2396,& General MIDI,bn,Bengali,qwen2.5-coder:7b,& সাধারণ MIDI,1.42
2397,Finishings:,bn,Bengali,qwen2.5-coder:7b,শেষ করুন:,1.456
2398,Asia/ Manila,bn,Bengali,qwen2.5-coder:7b,আসিয়া/মানিলা,1.821
2399,Connected:,bn,Bengali,qwen2.5-coder:7b,সংযুক্তি:,1.469
2400,wait X,bn,Bengali,qwen2.5-coder:7b,প্রতিরোধ X,1.503
2401,Brackets,bn,Bengali,qwen2.5-coder:7b,কোণ্টি,1.183
2402,KHelpCenter Index Builder,bn,Bengali,qwen2.5-coder:7b,কেল্পেন্টার সূচনা তৈরিককার,3.388
2403,Case Insensitive,bn,Bengali,qwen2.5-coder:7b,কেস অন্তর্ভুক্তি নেই,2.567
2404,Keyboard,bn,Bengali,qwen2.5-coder:7b,কীবোর্ড,1.337
2405,& QuickBuild configuration:,bn,Bengali,qwen2.5-coder:7b,& স্পীক্ষা সমন্বয়:,2.683
2406,Spanish peseta,bn,Bengali,qwen2.5-coder:7b,স্পেনীয়ান পেসেটা,2.495
2407,libssh2 Developers,bn,Bengali,qwen2.5-coder:7b,libssh2 ডেভেলপারস,1.899
2408,currentValue,bn,Bengali,qwen2.5-coder:7b,সর্বশেষ মান,1.552
2409,History size:,bn,Bengali,qwen2.5-coder:7b,ইতিহাস আকার:,1.654
2410,& New,bn,Bengali,qwen2.5-coder:7b,&নতুন,1.069
2411,Cell Format,bn,Bengali,qwen2.5-coder:7b,কлетক ফরম্যাট,1.531
2412,Placement:,bn,Bengali,qwen2.5-coder:7b,স্থাপনা:,1.245
2413,quick start,bn,Bengali,qwen2.5-coder:7b,কুইক স্টার্ট,1.806
2414,Free/ busy,bn,Bengali,qwen2.5-coder:7b,ফ্রি/ব্যবস্থিত,1.932
2415,Bracket highlight:,bn,Bengali,qwen2.5-coder:7b,ব্যাসের উল্লেখন:,2.054
2416,& Remove Sensor,bn,Bengali,qwen2.5-coder:7b,& সেন্সর সরাও,1.838
2417,Symmetric Point,bn,Bengali,qwen2.5-coder:7b,সিম্মিক বিন্দু,2.099
2418,& User,bn,Bengali,qwen2.5-coder:7b,& উজ্জ্বলা,1.477
2419,Close Object,bn,Bengali,qwen2.5-coder:7b,বস্তু বন্ধ করুন,2.266
2420,Adblock disabled,bn,Bengali,qwen2.5-coder:7b,অ্যাডব্লক অক্ষম,2.061
2421,Nepomuk PIMO Resource Editor,bn,Bengali,qwen2.5-coder:7b,নেপোমুক পিমো সমস্ত সম্পদ সমক্ষ সম্পাদক,4.704
2422,& Selected Addresses,bn,Bengali,qwen2.5-coder:7b,& অনুমোদিত ঠিকানা,2.377
2423,Solution Moves,bn,Bengali,qwen2.5-coder:7b,সমাধান পরিবর্তন,2.058
2424,helpviewer,bn,Bengali,qwen2.5-coder:7b,সাহায্য দেখালো,1.981
2425,Caps Lock is enabled,bn,Bengali,qwen2.5-coder:7b,ক্যাপস লক্স অক্ষম,2.208
2426,Temperature Unit,bn,Bengali,qwen2.5-coder:7b,তাপমাত্রা একক,1.816
2427,Updated,bn,Bengali,qwen2.5-coder:7b,আপডেট হয়েছে,1.724
2428,Star Tool,bn,Bengali,qwen2.5-coder:7b,রক্ষা টুল,1.468
2429,of Muharram,bn,Bengali,qwen2.5-coder:7b,মুহরমের অংশে,2.034
2430,Ratings,bn,Bengali,qwen2.5-coder:7b,রিটিংস,1.066
2431,Activity Transition,bn,Bengali,qwen2.5-coder:7b,অ্যাক্টিভিটি স্থানান্ত্রিত হওয়া,3.782
2432,Report Design,bn,Bengali,qwen2.5-coder:7b,রিপোর্ট ডিজাইন,1.877
2433,"Artist ""%1"" from %2",bn,Bengali,qwen2.5-coder:7b,অর্থী %1 থেকে %2,2.36
2434,24-hour format,bn,Bengali,qwen2.5-coder:7b,24 ঘণ্টা ফরম্যাট,2.223
2435,KGame Pointer,bn,Bengali,qwen2.5-coder:7b,কেম্পোয়ান্টার,2.1
2436,Newspaper activity,bn,Bengali,qwen2.5-coder:7b,পত্রিকা সম্পর্কে,2.172
2437,Girl,bn,Bengali,qwen2.5-coder:7b,ছালী,0.921
2438,Resource:,bn,Bengali,qwen2.5-coder:7b,সূচনা:,1.156
2439,World Domination Strategy Game,bn,Bengali,qwen2.5-coder:7b,আর্থনৈতিক প্রতিবিম্বিত খেল,3.322
2440,Other,bn,Bengali,qwen2.5-coder:7b,অন্যান্য,1.277
2441,Recording folder:,bn,Bengali,qwen2.5-coder:7b,রেকর্ড ফোল্ডার:,2.085
2442,& Highlighting,bn,Bengali,qwen2.5-coder:7b,& উল্লেখ করা,1.709
2443,& Fine Tuning,bn,Bengali,qwen2.5-coder:7b,& সুন্দর সংশোধন,2.348
2444,Tea List,bn,Bengali,qwen2.5-coder:7b,চা তালিকা,1.46
2445,Unit management,bn,Bengali,qwen2.5-coder:7b,একক নিয়ন্ত্রণ,1.985
2446,Picture Properties,bn,Bengali,qwen2.5-coder:7b,ছবির বৈশিষ্ট্যসমূহ,2.547
2447,Save License,bn,Bengali,qwen2.5-coder:7b,লাইসেন্স সংরক্ষণ করুন,2.686
2448,HTMLPreview,bn,Bengali,qwen2.5-coder:7b,HTML প্রিভিয়ার,1.783
2449,Show a Contact,bn,Bengali,qwen2.5-coder:7b,কন্ট্রেক্ট দেখাও,2.109
2450,Date & & Time,bn,Bengali,qwen2.5-coder:7b,তারিখ & & সময়,1.902
2451,Cisco - Workgroup switch,bn,Bengali,qwen2.5-coder:7b,কিসকোসি - কাজ গ룹 স্লাউচ,2.781
2452,Pay to,bn,Bengali,qwen2.5-coder:7b,পেমেন্ট করুন,1.776
2453,< Generic >,bn,Bengali,qwen2.5-coder:7b,< সাধারণ >,1.39
2454,slider,bn,Bengali,qwen2.5-coder:7b,স্লাইডার,1.261
2455,"Yellow, Black",bn,Bengali,qwen2.5-coder:7b,আমি না জানি,1.594
2456,of Shvat,bn,Bengali,qwen2.5-coder:7b,শ্বতের অংশে,1.753
2457,Main directory,bn,Bengali,qwen2.5-coder:7b,মূল সম্পর্ক,1.677
2458,Interpolate,bn,Bengali,qwen2.5-coder:7b,অন্তর্ভুক্তি,1.804
2459,Update Source,bn,Bengali,qwen2.5-coder:7b,সূত্র আপডেট করুন,2.289
2460,0x00 (None),bn,Bengali,qwen2.5-coder:7b,0x00 (None),1.304
2461,Left of,bn,Bengali,qwen2.5-coder:7b,বামের পাশে,1.606
2462,SXM Files,bn,Bengali,qwen2.5-coder:7b,এমএসএক্সমি ফাইলসমূহ,2.469
2463,In-Painting,bn,Bengali,qwen2.5-coder:7b,ইন-পিন্ট,1.335
2464,of November,bn,Bengali,qwen2.5-coder:7b,নভেম্বরের,1.383
2465,Dependencies:,bn,Bengali,qwen2.5-coder:7b,প্রয়োজনশীলতা‌বিশেষগুলি:,3.417
2466,Quick search:,bn,Bengali,qwen2.5-coder:7b,হাতায়ে খুঁজুন:,2.495
2467,DVD-R Sequential,bn,Bengali,qwen2.5-coder:7b,DVD-R সূচক,1.336
2468,Single Player,bn,Bengali,qwen2.5-coder:7b,এক প্লেয়ার,1.614
2469,Forest,bn,Bengali,qwen2.5-coder:7b,বন,0.627
2470,Xsldbg Entities,bn,Bengali,qwen2.5-coder:7b,এক্সএসএলডিব্গ এন্টিটিজ,2.711
2471,Conclusion,bn,Bengali,qwen2.5-coder:7b,সম্পর্কিতি,1.487
2472,Purchase,bn,Bengali,qwen2.5-coder:7b,ক্রয়,1.003
2473,interface skin,bn,Bengali,qwen2.5-coder:7b,ইন্টারফেস স্কিন,1.874
2474,knots,bn,Bengali,qwen2.5-coder:7b,কান্ট,0.99
2475,XY grid resolution,bn,Bengali,qwen2.5-coder:7b,XY গ্রিড সমাধান,2.182
2476,Bond Length,bn,Bengali,qwen2.5-coder:7b,বন্ড দৈর্য্য,1.789
2477,Logic Game,bn,Bengali,qwen2.5-coder:7b,বুলি গেম,1.362
2478,Upload Lists,bn,Bengali,qwen2.5-coder:7b,লিস্ট অপলোড করুন,2.335
2479,Background object color:,bn,Bengali,qwen2.5-coder:7b,পেট্রি বস্তুর রং:,2.499
2480,Destination File,bn,Bengali,qwen2.5-coder:7b,স্থানানুসার ফাইল,2.225
2481,Dialogs,bn,Bengali,qwen2.5-coder:7b,মুদ্রা,1.421
2482,Current,bn,Bengali,qwen2.5-coder:7b,বর্তমান,1.134
2483,Keyboard controller,bn,Bengali,qwen2.5-coder:7b,কীবোর্ড নিয়ন্ত্রক,2.581
2484,Softest,bn,Bengali,qwen2.5-coder:7b,সুষ্ম,1.087
2485,New Item,bn,Bengali,qwen2.5-coder:7b,নতুন আইটেম,1.555
2486,is between '#V1S# 'and '#V2S#',bn,Bengali,qwen2.5-coder:7b,আমনের মধ্যে '#V1S#' এবং '#V2S#,3.836
2487,Collection,bn,Bengali,qwen2.5-coder:7b,গুলি,0.922
2488,Rolled back,bn,Bengali,qwen2.5-coder:7b,ফিরিয়ে যায়,2.095
2489,Structure beginning:,bn,Bengali,qwen2.5-coder:7b,"স্থানান্ত্রিক শুরুরূ:""
(Translation: ""Structure beginning:"")",3.666
2490,Group Section Editor,bn,Bengali,qwen2.5-coder:7b,গুপ্তা অংশ সম 탕ারী,2.74
2491,Does Not Contain,bn,Bengali,qwen2.5-coder:7b,নেই,1.071
2492,& Response,bn,Bengali,qwen2.5-coder:7b,& উত্তর,1.149
2493,Config file:,bn,Bengali,qwen2.5-coder:7b,কনфিগ ফাইল:,1.537
2494,Details for: %1,bn,Bengali,qwen2.5-coder:7b,বিস্তারিত: %1,1.879
2495,Aperture priority,bn,Bengali,qwen2.5-coder:7b,আপেটার প্রিয়োরিটি,2.557
2496,Signs,bn,Bengali,qwen2.5-coder:7b,সিঙ্গস,1.062
2497,Phonebook,bn,Bengali,qwen2.5-coder:7b,ফোনবুক,1.191
2498,User1,bn,Bengali,qwen2.5-coder:7b,ইউজার1,1.005
2499,Border size (pixels):,bn,Bengali,qwen2.5-coder:7b,বাড়ির আকার (পিক্সেল):,2.751
2500,& Copy Folders To,bn,Bengali,qwen2.5-coder:7b,& ফোল্ডারগুলি কপি করুন,3.148
2501,Multiple,bn,Bengali,qwen2.5-coder:7b,মাত্রাবিশিষ্ট্য,2.006
2502,Null passwords,bn,Bengali,qwen2.5-coder:7b,নিশ্চিত পাসওয়ার্ড,2.371
2503,Sampler Example:,bn,Bengali,qwen2.5-coder:7b,সেম্পালার উদাহরণ:,2.196
2504,LastFM Data Engine,bn,Bengali,qwen2.5-coder:7b,লাস্টFM ডেটা ইঞ্জিন,2.33
2505,developer (HTML rendering engine),bn,Bengali,qwen2.5-coder:7b,ডেভেলপার (HTML রেন্ডারিং ইঞ্জিন),3.534
2506,Trusted,bn,Bengali,qwen2.5-coder:7b,স্বাগত,1.034
2507,Developer (JavaScript),bn,Bengali,qwen2.5-coder:7b,ডেভেলপার (JavaScript),1.529
2508,Dither Algorithm,bn,Bengali,qwen2.5-coder:7b,ডিথার অ্যালগরিদম,2.041
2509,Rotation degree,bn,Bengali,qwen2.5-coder:7b,প্রতিবার ঘূর্ণন প্রতিমান,2.867
2510,Online Since:,bn,Bengali,qwen2.5-coder:7b,অনলাইন হয়েছেন:,2.071
2511,Finisher Installed,bn,Bengali,qwen2.5-coder:7b,ইন্সটল করা হয়েছে,2.262
2512,Service ID:,bn,Bengali,qwen2.5-coder:7b,সেবা আইডি:,1.422
2513,Maximum seeds:,bn,Bengali,qwen2.5-coder:7b,মаксিমাম সিডেস:,1.672
2514,DodgerBlue,bn,Bengali,qwen2.5-coder:7b,ডোজার ব্লু,1.646
2515,& Name:,bn,Bengali,qwen2.5-coder:7b,&নাম:,0.98
2516,Enrollment progress,bn,Bengali,qwen2.5-coder:7b,নিবন্ধন অগ্রগতি,1.966
2517,Current Document,bn,Bengali,qwen2.5-coder:7b,সম্পাদিত দক্ষিণ পত্র,2.492
2518,theta,bn,Bengali,qwen2.5-coder:7b,θeta,0.641
2519,Environment:,bn,Bengali,qwen2.5-coder:7b,অстановিত সময়:,1.469
2520,of Ramadan,bn,Bengali,qwen2.5-coder:7b,রমজানের অংশ,1.634
2521,< < Previous,bn,Bengali,qwen2.5-coder:7b,পূর্বের < <,1.468
2522,Phone numbers,bn,Bengali,qwen2.5-coder:7b,ফোন নম্বর,1.459
2523,Network Management Backend,bn,Bengali,qwen2.5-coder:7b,নেটওয়ার্ক ম্যানেজমেন্ট ব্যাকেন্ড,4.019
2524,PolicyKit Authorization,bn,Bengali,qwen2.5-coder:7b,পলিসি কিট অনুমোদন,2.458
2525,Filesystems,bn,Bengali,qwen2.5-coder:7b,ফাইলসিস্টেমস,1.692
2526,Line Color...,bn,Bengali,qwen2.5-coder:7b,রেখা রং...,1.375
2527,Playlist Layouts,bn,Bengali,qwen2.5-coder:7b,প্লেলিস্ট আকার,1.938
2528,& Edit Feed...,bn,Bengali,qwen2.5-coder:7b,এড ফিড...,1.183
2529,Decrypt,bn,Bengali,qwen2.5-coder:7b,ডিসক্রিপ্ট,1.434
2530,Overcrowding,bn,Bengali,qwen2.5-coder:7b,অভ্যাস,1.117
2531,& Search Directory Service,bn,Bengali,qwen2.5-coder:7b,& সমূহ সেবা অনুসন্ধান,2.781
2532,& Extended,bn,Bengali,qwen2.5-coder:7b,& বাড়িয়ে নেওয়া,2.476
2533,Skymap Options,bn,Bengali,qwen2.5-coder:7b,আকাশমাপ অপশনস,1.919
2534,Game Done!,bn,Bengali,qwen2.5-coder:7b,ইг্র সম্পন্ন হয়েছে!,2.586
2535,Unsticky,bn,Bengali,qwen2.5-coder:7b,অনুস্থান বন্ধ করুন,2.525
2536,%1 by Flag,bn,Bengali,qwen2.5-coder:7b,%1 দ্বারা অনুমোদিত,2.697
2537,Notes color:,bn,Bengali,qwen2.5-coder:7b,নোটস রং:,1.541
2538,Adept Updater,bn,Bengali,qwen2.5-coder:7b,অপ্ত অপডেটার,1.781
2539,Remove applet,bn,Bengali,qwen2.5-coder:7b,অ্যাপ্লিট অপরিদ্যোজন করুন,3.303
2540,site_,bn,Bengali,qwen2.5-coder:7b,সাইট_,0.976
2541,Apply filter,bn,Bengali,qwen2.5-coder:7b,ফিল্টার প্রয়োগ করুন,2.843
2542,Leader name,bn,Bengali,qwen2.5-coder:7b,মূল্যাংশ,1.398
2543,23rd Last,bn,Bengali,qwen2.5-coder:7b,২৩তম উল্টো,1.829
2544,Page: XX of XX,bn,Bengali,qwen2.5-coder:7b,পৃষ্ঠা: XX থেকে XX,2.1
2545,& Charge,bn,Bengali,qwen2.5-coder:7b,& চার্জ,1.159
2546,Here exact,bn,Bengali,qwen2.5-coder:7b,এখানে সমান,1.499
2547,Work Week View,bn,Bengali,qwen2.5-coder:7b,সপ্তাহের কাজ দিন দৃষ্টি,2.789
2548,Template Class,bn,Bengali,qwen2.5-coder:7b,টেমপ্লেট ক্লাস,1.867
2549,Power,bn,Bengali,qwen2.5-coder:7b,পাওয়ার,1.193
2550,segment,bn,Bengali,qwen2.5-coder:7b,সেগমেন্ট,1.174
2551,Review Copy,bn,Bengali,qwen2.5-coder:7b,মনোনোনো প্রতিলিপি,2.387
2552,Nepomuk Desktop Search Configuration,bn,Bengali,qwen2.5-coder:7b,নেপোমুক ডেস্কটপ সার্চ সমন্বয়,3.95
2553,System Tray Mode,bn,Bengali,qwen2.5-coder:7b,সистем ট্রে মোড,1.688
2554,Australia/ West,bn,Bengali,qwen2.5-coder:7b,অস্ট্রেলিয়া/পশ্চিম,2.523
2555,Run in terminal,bn,Bengali,qwen2.5-coder:7b,টার্মিনালে চালাও,2.079
2556,Unknown Applet,bn,Bengali,qwen2.5-coder:7b,অজানা অ্যাপ্লিট,2.028
2557,MaximumAttachmentSize,bn,Bengali,qwen2.5-coder:7b,মаксিমাল অ্যাচ্টেন্ট আকার,2.84
2558,Font Type Selection,bn,Bengali,qwen2.5-coder:7b,ফন্ট প্রকার নির্বাচন,2.576
2559,Finish,bn,Bengali,qwen2.5-coder:7b,শেষ করুন,1.36
2560,User Processes,bn,Bengali,qwen2.5-coder:7b,ব্যবহারকারী প্রক্রিয়া,2.929
2561,Faeroe Islands,bn,Bengali,qwen2.5-coder:7b,ফেরোয়ান্ড আর্থীকরণ,2.671
2562,Choose pixmap:,bn,Bengali,qwen2.5-coder:7b,পিকম্যাক নির্বাচন করুন:,3.017
2563,vertices,bn,Bengali,qwen2.5-coder:7b,ভেটরিস,1.074
2564,CA Expired,bn,Bengali,qwen2.5-coder:7b,CA অপরিবর্তিত,1.678
2565,XY rotation,bn,Bengali,qwen2.5-coder:7b,এক্সই রোটেশন,1.858
2566,Height 1:,bn,Bengali,qwen2.5-coder:7b,উচ্চতা 1:,1.388
2567,Contents,bn,Bengali,qwen2.5-coder:7b,সংস্কৃতি,1.451
2568,Anyone:,bn,Bengali,qwen2.5-coder:7b,কেউ:,0.836
2569,homeaddress,bn,Bengali,qwen2.5-coder:7b,হোম ঠিকানা,1.571
2570,DarkGrey,bn,Bengali,qwen2.5-coder:7b,কালো সাদা,1.496
2571,Board Size,bn,Bengali,qwen2.5-coder:7b,মূল্যাংশ আকার,1.848
2572,ProjectTree Description,bn,Bengali,qwen2.5-coder:7b,প্রকল্প তালিকা বর্ণনা,2.615
2573,Config Editor,bn,Bengali,qwen2.5-coder:7b,কনфিগ এডিটর,1.587
2574,User password,bn,Bengali,qwen2.5-coder:7b,ব্যবহারকারী পাসওয়ার্ড,2.894
2575,To Shortest,bn,Bengali,qwen2.5-coder:7b,সর্বকাছো,1.391
2576,LightSlateGrey,bn,Bengali,qwen2.5-coder:7b,লাইট স্লেট গ্রেয়,2.304
2577,3D look,bn,Bengali,qwen2.5-coder:7b,৩ডি দেখা,1.391
2578,Access key:,bn,Bengali,qwen2.5-coder:7b,অ্যাক্সেস কী:,1.926
2579,Tool:,bn,Bengali,qwen2.5-coder:7b,টুল:,0.914
2580,Selection mode:,bn,Bengali,qwen2.5-coder:7b,নির্বাচন অর্থ:,1.851
2581,Cooperation?,bn,Bengali,qwen2.5-coder:7b,সাহায্য?,1.253
2582,User Profiles,bn,Bengali,qwen2.5-coder:7b,ব্যবহারকারী প্রোফাইলসমূহ,3.013
2583,A screenshot of & kolorlines;,bn,Bengali,qwen2.5-coder:7b,একটি ছবি দেখুন & kolorlines;,2.616
2584,Speech,bn,Bengali,qwen2.5-coder:7b,শোক,0.823
2585,Transaction error,bn,Bengali,qwen2.5-coder:7b,ট্রান্সেকশন ভুল,2.263
2586,unitsY,bn,Bengali,qwen2.5-coder:7b,একক,0.779
2587,Collection Manager,bn,Bengali,qwen2.5-coder:7b,গুলি ম্যানেজার,1.977
2588,Direct Line,bn,Bengali,qwen2.5-coder:7b,সর্বদানি,1.308
2589,Outline Selection,bn,Bengali,qwen2.5-coder:7b,সিলেকশনটির সম্পর্কিত অংশ,3.041
2590,Painterly Mixer,bn,Bengali,qwen2.5-coder:7b,প্রেসেন্টের মিশ্রন,2.384
2591,Data Ranges...,bn,Bengali,qwen2.5-coder:7b,ডেটা সৃষ্টির সৃষ্টির সৃষ্টির সৃষ্টির সৃষ্টির সৃষ্টির সৃষ্টির সৃষ্টির সৃষ্টির সৃষ্টির সৃষ,10.708
2592,Base Tools,bn,Bengali,qwen2.5-coder:7b,ভ্যাস টুলস,1.78
2593,Unencoded,bn,Bengali,qwen2.5-coder:7b,অনকোডিত,1.279
2594,& kde; News Resource,bn,Bengali,qwen2.5-coder:7b,& kde; নিউজ সূচক,2.145
2595,& Line graph,bn,Bengali,qwen2.5-coder:7b,& লাইন গ্রাফ,1.632
2596,Key frame:,bn,Bengali,qwen2.5-coder:7b,কেি ফ্রেম:,1.491
2597,Twitter username:,bn,Bengali,qwen2.5-coder:7b,টুইটার উজ্জ্বলায়ন:,2.592
2598,Spread Sheet,bn,Bengali,qwen2.5-coder:7b,শীট সম্প্রসারণ,2.011
2599,Marked: 0,bn,Bengali,qwen2.5-coder:7b,মার্কেড: 0,1.617
2600,Printer identification,bn,Bengali,qwen2.5-coder:7b,প্রিন্টার চিন্তা,2.087
2601,File System Type,bn,Bengali,qwen2.5-coder:7b,ফাইল সিস্টেম ধরন,2.151
2602,Authentication CUPS; IPP SSL TLS,bn,Bengali,qwen2.5-coder:7b,অনুমোদন CUPS; IPP SSL TLS,2.195
2603,increasing Y,bn,Bengali,qwen2.5-coder:7b,Y বাড়ানো,1.722
2604,Time-stamping,bn,Bengali,qwen2.5-coder:7b,সময় অনুমোদন,1.97
2605,Disabled plugins,bn,Bengali,qwen2.5-coder:7b,নিষ্ক্রিয়ামিত প্লাগইনসমূহ,3.315
2606,To Bottom,bn,Bengali,qwen2.5-coder:7b,নূর্বরে যাও,1.791
2607,Print,bn,Bengali,qwen2.5-coder:7b,প্রিন্ট,1.097
2608,Close Nevertheless,bn,Bengali,qwen2.5-coder:7b,নিশ্চিতই বন্ধ করুন,2.39
2609,may,bn,Bengali,qwen2.5-coder:7b,মাই,0.752
2610,Eastern Europe,bn,Bengali,qwen2.5-coder:7b,পূর্ব যুরোপা,1.979
2611,Excluded:,bn,Bengali,qwen2.5-coder:7b,আপসমানিত নয়:,1.901
2612,Taskbar & Notification,bn,Bengali,qwen2.5-coder:7b,সাজেশন & বিজ্ঞান,1.982
2613,Layer,bn,Bengali,qwen2.5-coder:7b,শ্যাখা,0.996
2614,EXIF: digitized,bn,Bengali,qwen2.5-coder:7b,EXIF: দিজিটাল,1.588
2615,Accelerator:,bn,Bengali,qwen2.5-coder:7b,অ্যাক্সেলাটর:,1.763
2616,Communication,bn,Bengali,qwen2.5-coder:7b,কথা বলা,1.089
2617,Player 1 name,bn,Bengali,qwen2.5-coder:7b,প্লেয়ার ১ নাম,2.057
2618,Block Size,bn,Bengali,qwen2.5-coder:7b,ব্লক আকার,1.322
2619,Global Shortcut Registration,bn,Bengali,qwen2.5-coder:7b,গ্লোবাল শর্টকোড নিবন্ধন,2.934
2620,SUBTOTAL(9; A1: A5) returns 119,bn,Bengali,qwen2.5-coder:7b,সাব টোটাল(9; A1: A5) ১১৯ রিটার্ন করে,5.142
2621,tv device,bn,Bengali,qwen2.5-coder:7b,তেlevিশন উপকরণ,1.597
2622,& Run Speed,bn,Bengali,qwen2.5-coder:7b,& চালানোর গতি,1.851
2623,Maze of Ladders,bn,Bengali,qwen2.5-coder:7b,লেডারের মাজী,1.893
2624,Text-to-Speech Frontend,bn,Bengali,qwen2.5-coder:7b,টেক্সট-টো-স্পিচ ফ্রন্টএন্ড,3.604
2625,Bottom Margin,bn,Bengali,qwen2.5-coder:7b,নижের মানিষ্ট্য,1.921
2626,Activity name:,bn,Bengali,qwen2.5-coder:7b,সম্পর্কিত নিয়মনোন্ত্রণ নাম:,3.69
2627,No carrier response:,bn,Bengali,qwen2.5-coder:7b,কোনো সাইনেল উত্তর:,2.563
2628,Constraint Start,bn,Bengali,qwen2.5-coder:7b,সূচনা শুরু,1.823
2629,Unbeatable,bn,Bengali,qwen2.5-coder:7b,অপরাধিক,1.214
2630,Preferred account,bn,Bengali,qwen2.5-coder:7b,পছন্দিত অ্যাকাউন্ট,2.211
2631,Main Area,bn,Bengali,qwen2.5-coder:7b,মূল অংশ,1.354
2632,Mexican peso,bn,Bengali,qwen2.5-coder:7b,মেক্সিকো পেজো,1.921
2633,ImagePlugin_Core,bn,Bengali,qwen2.5-coder:7b,ইমেজ প্লাগইন কোর্স,2.564
2634,Screen Size,bn,Bengali,qwen2.5-coder:7b,মান্যতা,1.205
2635,Group,bn,Bengali,qwen2.5-coder:7b,গুপ্তা,1.101
2636,Gain,bn,Bengali,qwen2.5-coder:7b,ইন্নি পাওয়ার পানো,2.382
2637,& Quiz,bn,Bengali,qwen2.5-coder:7b,& টিউজি,1.216
2638,Colon,bn,Bengali,qwen2.5-coder:7b,পূর্ণাংশ,1.388
2639,KMail Question,bn,Bengali,qwen2.5-coder:7b,কমেইল প্রশ্ন,1.688
2640,Launch plugin-configuration dialog,bn,Bengali,qwen2.5-coder:7b,প্লাগইন-নстройক পরিবর্তন পরিবর্তন পরিবর্তন পরিবর্তন পরিবর্তন পরিবর্তন পরিবর্তন পরিবর্তন পরিবর্তন পরিবর্ত,10.702
2641,Music Box,bn,Bengali,qwen2.5-coder:7b,মুসিক ব kuti,1.469
2642,Master Slide...,bn,Bengali,qwen2.5-coder:7b,মাস্টার স্লাইড...,1.911
2643,Unknown Host,bn,Bengali,qwen2.5-coder:7b,অজানা হোস্ট,1.67
2644,Gallery:,bn,Bengali,qwen2.5-coder:7b,গ্যালারি:,1.342
2645,Grid size,bn,Bengali,qwen2.5-coder:7b,গ্রিড আকার,1.518
2646,Sky Walker,bn,Bengali,qwen2.5-coder:7b,স্কাই ওয়ালকার,2.012
2647,Custom Type 5,bn,Bengali,qwen2.5-coder:7b,কাস্টম টাইপ ৫,1.992
2648,Collections,bn,Bengali,qwen2.5-coder:7b,গুলি,0.925
2649,VmSize,bn,Bengali,qwen2.5-coder:7b,ভাইরাসাইজ,1.313
2650,Midpoint,bn,Bengali,qwen2.5-coder:7b,মধ্যম点,1.021
2651,Draw goal,bn,Bengali,qwen2.5-coder:7b,মূল্যায়ী বন্ধুকে আঁকুন,3.649
2652,Friction,bn,Bengali,qwen2.5-coder:7b,বিপরীত বাস্তবতা,2.034
2653,& Option:,bn,Bengali,qwen2.5-coder:7b,& অপশন:,1.134
2654,The Grid,bn,Bengali,qwen2.5-coder:7b,গ্রিড,0.957
2655,Opposites,bn,Bengali,qwen2.5-coder:7b,অপপোজিটস,1.332
2656,Signal:,bn,Bengali,qwen2.5-coder:7b,সিগনাল:,1.115
2657,Little Worm,bn,Bengali,qwen2.5-coder:7b,কৃত্রিম বৃক্ষ,1.894
2658,Running in Kile,bn,Bengali,qwen2.5-coder:7b,কিলে চলছে,1.678
2659,A. I. Configuration,bn,Bengali,qwen2.5-coder:7b,এ.ই. সমন্বয়,1.84
2660,chargeVariance,bn,Bengali,qwen2.5-coder:7b,ভার্যান্স,1.352
2661,South African Rand,bn,Bengali,qwen2.5-coder:7b,সুইজান্ডী রান্ড,2.133
2662,Drawings,bn,Bengali,qwen2.5-coder:7b,চিত্র,0.964
2663,Multicast Packet Rate,bn,Bengali,qwen2.5-coder:7b,মাল্টিকাস্ট প্যাকেট দর,2.763
2664,Spreadsheet,bn,Bengali,qwen2.5-coder:7b,সূচক,0.952
2665,Please change & name:,bn,Bengali,qwen2.5-coder:7b,নাম পরিবর্তন করুন:,2.326
2666,Pattern,bn,Bengali,qwen2.5-coder:7b,পাটান,0.905
2667,KoProperty Test,bn,Bengali,qwen2.5-coder:7b,কোপ্রোপ্রিটি টেস্ট,2.543
2668,Title Definition,bn,Bengali,qwen2.5-coder:7b,শিরোনাম অর্থ,1.812
2669,Thumbnail Handler,bn,Bengali,qwen2.5-coder:7b,থুম্বানেল হ্যান্ড্লার,2.715
2670,Icelandic (is),bn,Bengali,qwen2.5-coder:7b,আইসল্যান্ডিক (is),2.015
2671,Scaling mode,bn,Bengali,qwen2.5-coder:7b,স্কেলিং মোড,1.66
2672,Open with & Konqueror,bn,Bengali,qwen2.5-coder:7b,কনকুরের সাথে খোলো &Konqueror,3.215
2673,Belarusian,bn,Bengali,qwen2.5-coder:7b,ব্যালেরিয়ান,1.746
2674,Panel Tool Box,bn,Bengali,qwen2.5-coder:7b,প্যানেল টুল বক্স,2.187
2675,Speed down/ up,bn,Bengali,qwen2.5-coder:7b,গতি নিম্ন করুন/ বেড়াইন/,3.137
2676,G Major,bn,Bengali,qwen2.5-coder:7b,G মাইরো,1.275
2677,Icon Editor,bn,Bengali,qwen2.5-coder:7b,আইকন সম্পাদক,1.718
2678,Job Description,bn,Bengali,qwen2.5-coder:7b,চাকরির বিবরণ,1.653
2679,CUPS Server Configuration,bn,Bengali,qwen2.5-coder:7b,CUPS সার্ভার সমন্বয়,2.464
2680,Access Permissions,bn,Bengali,qwen2.5-coder:7b,অ্যাক্সেস অনুমতি,2.195
2681,Lesson descriptions,bn,Bengali,qwen2.5-coder:7b,অধ্যায়ের বিবরণ,2.123
2682,Folder Properties,bn,Bengali,qwen2.5-coder:7b,ফোল্ডার বৈশিষ্ট্য,2.393
2683,Root Folder,bn,Bengali,qwen2.5-coder:7b,রূপনি,1.089
2684,No Constraint,bn,Bengali,qwen2.5-coder:7b,কোনো সূচি,1.673
2685,Ink Drying Time (sec),bn,Bengali,qwen2.5-coder:7b,ইন্ক সমুদ্রণের সময় (সেকেন্ড),3.54
2686,Main author,bn,Bengali,qwen2.5-coder:7b,মূল লেখক,1.343
2687,Attachment List,bn,Bengali,qwen2.5-coder:7b,অপরাধি তালিকা,1.748
2688,Motion blur,bn,Bengali,qwen2.5-coder:7b,মুভমুভ,1.304
2689,sphere sweep,bn,Bengali,qwen2.5-coder:7b,স্ফীর স্কুপ,1.741
2690,Configuration Wizard,bn,Bengali,qwen2.5-coder:7b,নстройকরণ জিনিষ্ট,1.767
2691,Steps:,bn,Bengali,qwen2.5-coder:7b,"পরিবর্তন: ""পরিমাণ:""
```",2.279
2692,Unknown type,bn,Bengali,qwen2.5-coder:7b,অজানা ধর্ম,1.475
2693,Enter for example sys.,bn,Bengali,qwen2.5-coder:7b,"সেই উদাহরণের জন্য ইনপুট দিন, যেমন sys.",4.221
2694,Case sensitive,bn,Bengali,qwen2.5-coder:7b,কেস সাবজেক্টিভ,1.913
2695,Time Tunnel,bn,Bengali,qwen2.5-coder:7b,সময় টুলনা,1.632
2696,Installation directory:,bn,Bengali,qwen2.5-coder:7b,আইন্সটলেশন দিরেক্টরি:,2.445
2697,Specified:,bn,Bengali,qwen2.5-coder:7b,স্পষ্ট করা:,1.56
2698,XVideo port,bn,Bengali,qwen2.5-coder:7b,XVideo পোর্ট,1.431
2699,Bit Rate:,bn,Bengali,qwen2.5-coder:7b,বিট বেলায়:,1.694
2700,Structure Tree Plugin,bn,Bengali,qwen2.5-coder:7b,স্ট্রাকচার টীর প্লাগইন,2.966
2701,Connection specific:: OpenVPN,bn,Bengali,qwen2.5-coder:7b,সংযোগ সпециফিক:: OpenVPN,2.552
2702,Samoan,bn,Bengali,qwen2.5-coder:7b,সমোয়ান,1.467
2703,Very Large (1600x1200),bn,Bengali,qwen2.5-coder:7b,বড় বড় (1600x1200),2.891
2704,Building Shapes,bn,Bengali,qwen2.5-coder:7b,ক্ষেত্র তشكিল করা,2.097
2705,News,bn,Bengali,qwen2.5-coder:7b,নিউজ,0.871
2706,Presentation Quality,bn,Bengali,qwen2.5-coder:7b,প্রেজেন্টেশন গুল্পোশ্যান্তি,3.427
2707,"(#034;) Quotation mark
Access Control
High
Some
ROW(reference)
Grid Settings
Impose
Power Profile
Preview Image:
Size: %1
(C) 1997-2008, KDE Developers
Category Animals
Artifact & name:
Network Tool
Certificate authority
Magic output:
3D view type:
Complete Files
& Work path:
Scheduling constraint:
Indentation Amount
CSV Data
Access:
xsltproc & executable:
Environments
Volume set name:
printed: %1
Shred
Ball Game
Maintenance
Texture:
Developer
& No scaling
Domain name:
Keyring Settings
Custom 5
KGet Transfer List
Lightness Adjustments
ExtensionsManager
Screw
Temperature:
Holiday color
Settings Show Toolbar
Network Port
PolicyKit KDE Authorization
%1 are empty
Album Properties
Size of One Page
Samba Access Log Files
Share modes
Default DTD:
Text Settings
& Scale Bar
Regular expression\t(Alt+4)
File Info
Do It
Override Type
VideoCD on CD-i
Reflection print scanner
& Pen width:
Hebrew (he)
Save Location:
Access (wml)
Weather condition
Movie player
Playlist Options
Accounts
KEnvy24 Main Part
North-East
Non-ready
Chat text:
History...
Milestone Gantt View
Morning
Rechargeable
Rename Object
Online Reader Configuration
Image quality:
Media ID:
See-through bands
Document Settings
Unable to open '%1 '
Usenet News
Referenced
Browsing With & konqueror;
British Pound
Calendar & Support
MusicBrainz Query
PhoneIn
Every %1 minutes
Center Right
In progress
& Queued:
Using Stencils
Calculation
CadetBlue2
Page:
ImagePlugin_RainDrop
User Images
Alert
LightBlue1
& Templates folder:
Tenor Sax
deleted
Edit Item
Retry
language
Example sentence
KDE User's Manual
& Rename
Access Rights
Start Position: %1
Reverted %1.
Parser problem
Result Preview
24 fifteen
& Keyboard Layout
SO-6 Bulk Sorter
Gilbert Islands
& Typeface size:
built-in
Translucency:
Pentagon
Copy To...
Orbit Trails
Very Big (1280 pixels)
Version Control
Read-write
Project Overview
& Profile Properties
No Logging
Graph Style
Output was: %1
C++ Support
Clock Speeds
Below:
Per Amount
Aborted.
& Placement:
SVN Delete
point
Gradient: Melting point
Outgoing Transfers
& Settings
Selection Mode
How to obtain & kwordquiz;
Event history
Particle type
calculate
Thumbnail viewer
Remote Addr:
& Resources
Cascade
Interruption
blue2
The Horizon
New & Tab
Show Next
Group 8:
Main developer
Chrominance filtering
Appearance:
maximum size
System Configuration Problems
Handheld - > PC
Activity Bar
Generator Layer Properties
{expected
Report for %1
At %1, you wrote:
Color chooser
Corner point
Move down
Folder type:
Azerbaijani Manat
Zeroconf enhancements
ImagePlugin_ShearTool
Collisions
City
Pressure development: %1
Update Ban
Receipt:
New Game
Follow cursor
& New Item
& Change
Printer driver file:
Artwork directory
Venezuelian bolivar
rectMeanParticleMassVariance
west Uzbekistan
Customizing
Docbook Image Wizard
Level stats
Blur Effects
Start Time:
Dialog to print
lengthVariance
Shortcut name: w
Place names
Update?
Swiss French (fr-ch)
Sky culture:
memory allocation failure
Use PFS:
Paste As
Flood Fill
Ukrainian (Ukraine)
Tuning
Suspend KTorrent
Exit Options
Server binaries:
User5
Contains
& Connection name:
Group & Properties
Data Area
Window-Specific
Acceptance delay:
DodgerBlue3
& Quote indicator:
New Model
Subtraction:
English (Zimbabwe)
Practice
Completion code
Nepomuk resource inspector
Processing document...
Block size:
underscore
Window Identification
& Bookmarks
Game speed:
Chord
OpenPGP Signing Certificate:
Parsing
Appendable:
Top Right
Tiled
Show name
Distinguished Name
Floaters
Remote network:
CCSGraph
*. rc_BAR_DTEP Description
Search Scripts
Max size: %1
3 Weeks
Checkout From Repository...
Project Edit Accounts...
Particle density
Hardware information
Irish
& Opacity:
cD galaxies:
passwords
Resource Cache Settings
Ambient light:
Add Record
Template Manager
& Publisher:
Computer Name
Hydrophobicity
Iceland
Quality Type
Color Matching
Printcap name:
PowderBlue
awesome
Diff Ext for Windows
OpenVPN profile file
Points
Stretch Contrast
Unmount command:
F9 Rename
Encoder priority
Loved Tracks
Player name
The Buttons
& New Album
Power management
Management
Forecast:
Code Viewer
Player5
Active Torrents
Code Verbosity
KickBan
Mountain Time - south Idaho & east Oregon
Seeders:
(6) Games
Falkland Islands
Closed Captioning Plugin
Service Toolbar
LibParted Exception: %1
Flemish Brabant
Congratulations
UADescription (Wget 1.11.4)
Favorite
Scope & Flags
CJK Compatibility Ideographs
& Billing information:
Model Properties
sound
Cisco - Truck
3D View
File size:
Particle Fountain (GL)
French (fr)
PEAP & Version:
Address book:
Simple_action
Tandem Configuration
Task Leader
Corrupted torrent.
Target File
& Quality:
How to obtain & ark;
DarkSlateGrey
New & Task...
aquamarine1
points
Queue Length
Initial Activity
Folder View Properties
Calendar Plugin Interface
Autoinclude
Filename extension:
First GID
Interrupts for 16-bit cards
Paper source:
Command Toolbar
Generation Progress
KJots Books
Bills
Delete Diagram?
& History size:
Layer Profile:
Rounding
File Preview
Side-band addressing
Documentation Window
Exiting
Charcoal Drawing
Calculating...
Rename Item...
Contact Manager
Eighths 1/ 8
& smime; encryption certificate
Datatrack Mode
Finished stylesheet
CDMA network devices
Saved
Search text:
Append
Halftone Images
Konqueror Integration
%1 (Encrypted)
Diff Output
Convert:
Server response color:
Advanced Dump
lieutenant
Template Properties
& Device
Music/ Audio
Near
Player Name
Did it work?
Center Of Curvature
Sphere Sweep
Background theme
client GLX vendor
False Color
Line segments
Description:
Listen port
File system browser
Bookmark Sync
Phong size:
Skip 1000 Forward
Frame Rate
& Audio languages
Interior view
Favorites
Game Show Standings
%1 (AI player)
Contents:
Agressive
Quiz
Smoothness
DATE(year; month; date)
Size Settings
verticalBox
1440 x 1440 DPI Emulated
< Unchanged >
Large
Player
Bouncing Cursor
Control polygon
Billing Periods
complete
Last Year
Search on Wikitravel
Processing
Size:
Photobook
Administrator Authentication
Glare of Sun:
Character...
Dual
Alternate (H)
Dimensions:
KDE Wallet Management Tool
Text property.
Interrupt Request (IRQ) Lines
KDE 4 Porting
DeepSkyBlue1
Proof
Delete Frame
Equation:
Outset
Arc file:
CA file
Transfers:
Scribo annotation plugin
Subject Change
Regular
Min password length:
Rename
Breakpoint
Yield
Your names
Right Arrow
KWordQuiz vocabulary
command-output
Stop color:
Image View
developer (HTML rendering engine, JavaScript)
deprecated
Shutdown script:
Turkey
Draw skin
Lightness:
Drop Down Box
Image Position
Search Preferences
Move right
Solve Problem
Gunshot
3D - filled
SpeedMine
Waiting...
Glsl Image
Installation Error
Using & knetattach;
Step Down
File System
F5 File Status
angularVelocityVariance
Audio CD inserted
Keyboard Mouse Battery
Volume Name
Crop Settings
Move Repository
ICC profile
uidNumber
Action...
Magenta, Yellow, Black
Recursive
CJK Strokes
SECOND(time)
arcade
Libya
FreeTTS speech synthesizer
of Sha`ban
Requests
Maximizing
& between
& New Entry...
Subscription Date:
Environment variables
Screen Captures
thistle1
Concentration Calculator
Uses of
& Completion mode:
X magnification
& Theme name:
Max height
Database Selector
Correction Mask
for example > 1999-10-10
& East
48 Points
System Theme
Position
Australia/ NSW
Version Message:
Motion Blur
Edit Referrer
KOffice Word Processor
Acidic Behaviour
Czechia
Distortion Effects...
Plasma group
Settings Beginner Speed
Deny
& Breakpoints
Java Code Generation
Brilliance:
Cycleway
Refresh:
Quick Select:
Matabeleland south
Source File:
New camera
picture
(c) 1999-2002 KDE Developers
Unknown error occurred.
Permissions Check
Execution time: %1 ms
Hardback
, but got '
KWeather Interfaces
buttonGroup
Parity
6th Last
Do Not Fetch
Cambodia
Hotpluggable
Networktransparency via KIO
Mount Point:
family
Shadow password file
Weak (fastest)
Cisco selection
Action list:
16 Cards
Searchers
Flat (faster)
Log Printing
Wetness
& User name:
Threshold
& Observation
Get Cover From & Internet...
Debugger Breakpoints
Network Clients Configuration
System Time
Network Configuration
Difficulty level.
Supporting KDE
WAV Info
Collection Setup
Configuring & kalarm;
Gamma Yellow
Certificate Information
Profile Information
Calendar events
Busy
player
Blockable items:
Cayman Islands Dollar
Non-digit
£(#163;) Pound sign
Transfer Settings
Window List
Not Filled
Maximum blink dwell time
Shortcut name: h
Select
Track name:
Message List
Fading duration:
Import Statistics
12 Months
purple
& Previous
¢(#162;) Cent sign
Admin Authentication
Sound
Account
Contributions
Command Reference
DVB Unknown
Period Definition
Tel No.
User Tag Radio: %1""",bn,Bengali,qwen2.5-coder:7b,"(#034;) অনুচ্ছেদ বর্ণ
স্বীকৃতি নিয়ন্ত্রণ
উচ্চ
কিছু
ROW(সсылка)
গ্রিড সেটিংস
বিস্থাপন
পাওয়ার প্রোফ",14.321
2708,Colour mode,bn,Bengali,qwen2.5-coder:7b,কোলর মোড,1.581
2709,Server Log,bn,Bengali,qwen2.5-coder:7b,সার্ভার লগ,1.45
2710,Tropic of Cancer,bn,Bengali,qwen2.5-coder:7b,কান্সারের তরঙ্গ,2.055
2711,EXIF viewer,bn,Bengali,qwen2.5-coder:7b,EXIF দেখালো,1.578
2712,SSL(3) encryption,bn,Bengali,qwen2.5-coder:7b,SSL(3) অপশন,1.477
2713,Lens Correction,bn,Bengali,qwen2.5-coder:7b,কেন্দ্র সংশোধন,2.097
2714,First row,bn,Bengali,qwen2.5-coder:7b,প্রথম সطر,1.309
2715,Selected,bn,Bengali,qwen2.5-coder:7b,নির্বাচিত,1.347
2716,Stock%1,bn,Bengali,qwen2.5-coder:7b,শীঘ্রিত,1.425
2717,& Collections,bn,Bengali,qwen2.5-coder:7b,& সংগ্রহসমূহ,1.944
2718,Video device:,bn,Bengali,qwen2.5-coder:7b,ভিডিও উপকরণ:,1.718
2719,Join,bn,Bengali,qwen2.5-coder:7b,যোগ করুন,1.453
2720,Group filter:,bn,Bengali,qwen2.5-coder:7b,গুপ্পি ফিল্টার:,2.098
2721,& Add Watch...,bn,Bengali,qwen2.5-coder:7b,& অনুসন্ধান যোগ করুন...,2.943
2722,"Summit, peak",bn,Bengali,qwen2.5-coder:7b,"সাম্প্রতি, শীর্ষ",2.286
2723,Text direction:,bn,Bengali,qwen2.5-coder:7b,টেক্সট দিক্ষা:,1.954
2724,New,bn,Bengali,qwen2.5-coder:7b,নতুন,0.94
2725,Enrollment method,bn,Bengali,qwen2.5-coder:7b,নিবন্ধন পদ্ধতি,1.902
2726,prev,bn,Bengali,qwen2.5-coder:7b,পূর্ব,1.08
2727,Glow,bn,Bengali,qwen2.5-coder:7b,গ্লোয়ার্ড,1.678
2728,Main Webpage,bn,Bengali,qwen2.5-coder:7b,মূল পৃষ্ঠী,1.802
2729,Enabled,bn,Bengali,qwen2.5-coder:7b,সক্ষম,0.946
2730,creating,bn,Bengali,qwen2.5-coder:7b,করা হচ্ছে,1.563
2731,"Taiwan, Province Of China",bn,Bengali,qwen2.5-coder:7b,চীনের তাইওয়ান আয়ান্তি,3.16
2732,IPSec selection,bn,Bengali,qwen2.5-coder:7b,IPSec সিলেকশন,1.718
2733,"The database ""%1"" does not exist.",bn,Bengali,qwen2.5-coder:7b,ডেটাবেজ '%1' অস্থায়ি।,3.038
2734,Action Editor,bn,Bengali,qwen2.5-coder:7b,অ্যাকশন এডিটর,1.762
2735,HTTP Response:,bn,Bengali,qwen2.5-coder:7b,HTTP বায়োর্সি:,1.815
2736,Ring response:,bn,Bengali,qwen2.5-coder:7b,রোগ প্রতিক্রিয়া:,2.404
2737,three,bn,Bengali,qwen2.5-coder:7b,তিনি,0.84
2738,German Mark,bn,Bengali,qwen2.5-coder:7b,জার্মান মার্ক,1.811
2739,Selected Processor,bn,Bengali,qwen2.5-coder:7b,নির্বাচিত প্রক্রিয়াকর,2.721
2740,& Groups:,bn,Bengali,qwen2.5-coder:7b,& সমূহগুলি:,1.83
2741,Envelope Feed,bn,Bengali,qwen2.5-coder:7b,কাপি ফিড,1.263
2742,Usability,bn,Bengali,qwen2.5-coder:7b,উপযোগিতা,1.3
2743,& License:,bn,Bengali,qwen2.5-coder:7b,&লাইসেন্স:,1.422
2744,busy,bn,Bengali,qwen2.5-coder:7b,ব্যাপক,1.07
2745,& Jens. Hoefkens. mail;,bn,Bengali,qwen2.5-coder:7b,& Jens. Hoefkens. ইমেল;,2.107
2746,& Alignment,bn,Bengali,qwen2.5-coder:7b,&অনুসারণ,1.388
2747,Shadow Color:,bn,Bengali,qwen2.5-coder:7b,শেডো রং:,1.499
2748,KCachegrind Configuration,bn,Bengali,qwen2.5-coder:7b,ক্যাচেগ্রিন সমন্বয়,2.615
2749,Latest,bn,Bengali,qwen2.5-coder:7b,সর্বশেষ,1.143
2750,Saving to:,bn,Bengali,qwen2.5-coder:7b,সেভ করা হচ্ছে:,1.817
2751,Separator:,bn,Bengali,qwen2.5-coder:7b,সেপারেটর:,1.387
2752,Remove server,bn,Bengali,qwen2.5-coder:7b,সার্ভার সরান,1.806
2753,My Tags,bn,Bengali,qwen2.5-coder:7b,আমার ট্যাগস,1.535
2754,note,bn,Bengali,qwen2.5-coder:7b,নোট,0.806
2755,Character Selector,bn,Bengali,qwen2.5-coder:7b,ক্যারেক্টার সিলেক্টর,2.429
2756,Preparation Methods,bn,Bengali,qwen2.5-coder:7b,প্রস্তুতির পদক্ষেপ,2.488
2757,Sensitivity:,bn,Bengali,qwen2.5-coder:7b,স্বচ্ছতা:,1.389
2758,Event,bn,Bengali,qwen2.5-coder:7b,ই벤্ট,0.819
2759,Quitting & kalarm;,bn,Bengali,qwen2.5-coder:7b,বন্ধ করা &ক্যালার্ম;,2.481
2760,KDE file find utility,bn,Bengali,qwen2.5-coder:7b,KDE ফাইল খুঁজ উপকরণ,2.607
2761,Dark Yellow,bn,Bengali,qwen2.5-coder:7b,কালো আমেরিকান ছায়া,2.559
2762,more than one monitor.,bn,Bengali,qwen2.5-coder:7b,একাধিক মনোরূপ।,2.127
2763,Alignment,bn,Bengali,qwen2.5-coder:7b,অনুসারণ,1.267
2764,Game difficulty level.,bn,Bengali,qwen2.5-coder:7b,গেমের সমস্ত্রতা স্তর।,2.527
2765,Tools,bn,Bengali,qwen2.5-coder:7b,ইнструমেন্টস,1.267
2766,2 - 2 Output Expanders,bn,Bengali,qwen2.5-coder:7b,২ - ২ আউটপুট এক্সপ্লান্ডার,3.499
2767,A vs. B Overview,bn,Bengali,qwen2.5-coder:7b,A vs. B সম্পর্কে সমস্যা,2.621
2768,Ctrl; N New,bn,Bengali,qwen2.5-coder:7b,Ctrl; N নতুন,1.472
2769,Using & plasma;,bn,Bengali,qwen2.5-coder:7b,ব্যবহার করুন & প্লাস্মা;,2.927
2770,Kolor Management Settings,bn,Bengali,qwen2.5-coder:7b,কোলর ম্যানেজমেন্ট সেটিংস,3.098
2771,Image Name,bn,Bengali,qwen2.5-coder:7b,ছবির নাম,1.266
2772,Address book,bn,Bengali,qwen2.5-coder:7b,ঠিকাচার বই,1.505
2773,Print Width:,bn,Bengali,qwen2.5-coder:7b,প্রিন্ট প্রস্থ:,2.003
2774,& Language:,bn,Bengali,qwen2.5-coder:7b,& ভাষা:,1.168
2775,Responsible:,bn,Bengali,qwen2.5-coder:7b,প্রতিরোধী:,1.76
2776,Use rhosts,bn,Bengali,qwen2.5-coder:7b,rhosts ব্যবহার করুন,2.316
2777,Device:,bn,Bengali,qwen2.5-coder:7b,ডিভাইস:,1.123
2778,Ultimately,bn,Bengali,qwen2.5-coder:7b,সবসময়,1.101
2779,Seasons:,bn,Bengali,qwen2.5-coder:7b,সময়কাল:,1.433
2780,Fleet No.,bn,Bengali,qwen2.5-coder:7b,ফ্লিট নং.,1.537
2781,Certify...,bn,Bengali,qwen2.5-coder:7b,স্বাক্ষরণ করুন...,2.237
2782,Kaleidescope,bn,Bengali,qwen2.5-coder:7b,কেলিডিস্কوب,1.595
2783,Capture Date,bn,Bengali,qwen2.5-coder:7b,সংক্ষিপ্ত তারিখ,2.061
2784,char examples,bn,Bengali,qwen2.5-coder:7b,চ্যার উদাহরণসমূহ,2.414
2785,Layer Size,bn,Bengali,qwen2.5-coder:7b,শেরীকরণের আকার,2.043
2786,disable XIM,bn,Bengali,qwen2.5-coder:7b,XIM অনুমোদন বন্ধ করুন,2.9
2787,of Adar II,bn,Bengali,qwen2.5-coder:7b,আডার দ্বিতীয়,2.077
2788,& AMS Math Environments,bn,Bengali,qwen2.5-coder:7b,& অ্যামিস ম্যাথ এনভায়ারমেন্টস,3.757
2789,Scripting in & kile;,bn,Bengali,qwen2.5-coder:7b,Scripting in & kile;,1.478
2790,Unknown object %1,bn,Bengali,qwen2.5-coder:7b,অজানা বস্তু %1,1.944
2791,Friends,bn,Bengali,qwen2.5-coder:7b,আমার বন্ধুরা,1.76
2792,Album & name:,bn,Bengali,qwen2.5-coder:7b,একাউন্ট &নাম:,1.732
2793,Deutsche mark (DEM),bn,Bengali,qwen2.5-coder:7b,ইউরো (€),1.374
2794,Property 1,bn,Bengali,qwen2.5-coder:7b,প্রোপার্টি ১,1.961
2795,Players,bn,Bengali,qwen2.5-coder:7b,খেলোয়াড়ারা,1.96
2796,thistle4,bn,Bengali,qwen2.5-coder:7b,থিস্লেট ৪,1.472
2797,Scripts Tree,bn,Bengali,qwen2.5-coder:7b,স্ক্রিপ্ট তালিকা,1.992
2798,Add Feed,bn,Bengali,qwen2.5-coder:7b,ফিড যোগ করুন,1.838
2799,Domain master,bn,Bengali,qwen2.5-coder:7b,ডメイン মাস্টার,1.453
2800,How to obtain & klinkstatus;,bn,Bengali,qwen2.5-coder:7b,একক প্রকারে এবং ক্লিন্স্টাটাস্টিস প্রাপ্ত করুন;,5.697
2801,Frame rate,bn,Bengali,qwen2.5-coder:7b,ফ্রেম রেট,1.342
2802,CRL missing,bn,Bengali,qwen2.5-coder:7b,CRL অস্বীকার নেই,2.041
2803,& Size,bn,Bengali,qwen2.5-coder:7b,& আকার,1.065
2804,Student ID Card,bn,Bengali,qwen2.5-coder:7b,ছাত্র আইডি কার্ড,2.084
2805,Delay:,bn,Bengali,qwen2.5-coder:7b,ডেলেটি:,1.146
2806,Location Bar,bn,Bengali,qwen2.5-coder:7b,অবস্থা বাদুনী,1.955
2807,7th Last,bn,Bengali,qwen2.5-coder:7b,সপ্তম উল্টো,1.735
2808,MD5 shadow passwords,bn,Bengali,qwen2.5-coder:7b,MD5 শেডওয়ার পাসওয়ার্ডস,3.291
2809,DeepSkyBlue2,bn,Bengali,qwen2.5-coder:7b,ডিপস্কি ব্লু ২,2.212
2810,House,bn,Bengali,qwen2.5-coder:7b,বাড়ি,1.056
2811,Kompare icon artist,bn,Bengali,qwen2.5-coder:7b,কম্পের ইকন অ্যাস্ট্রিস্ট,2.868
2812,Profile Error,bn,Bengali,qwen2.5-coder:7b,প্রোফাইল ভুল,1.934
2813,Movement:,bn,Bengali,qwen2.5-coder:7b,ঘূর্ণন:,1.359
2814,Perspective Grid Tool,bn,Bengali,qwen2.5-coder:7b,প্রেসেপ্টিভ গ্রিড টুল,2.69
2815,Amount:,bn,Bengali,qwen2.5-coder:7b,মূল্য:,1.213
2816,Copying,bn,Bengali,qwen2.5-coder:7b,কপি করা,1.099
2817,Game is Running,bn,Bengali,qwen2.5-coder:7b,গেম চলছে,1.238
2818,Font Configuration,bn,Bengali,qwen2.5-coder:7b,ফন্ট সমন্বয়,1.788
2819,current & Layer,bn,Bengali,qwen2.5-coder:7b,বর্তমান ক্ষেত্র,1.959
2820,East Timor,bn,Bengali,qwen2.5-coder:7b,ইউতিমর,1.111
2821,& English,bn,Bengali,qwen2.5-coder:7b,& অসমীয়া,1.62
2822,Rename Item (%1),bn,Bengali,qwen2.5-coder:7b,আইটেম পরিবর্তন (%1),2.287
2823,FDDI network controller,bn,Bengali,qwen2.5-coder:7b,ফ্যাস্ট ডিডি আই নেটওয়ার্ক কন্ট্রোলার,4.636
2824,& Last,bn,Bengali,qwen2.5-coder:7b,& অনুশীলন,1.533
2825,Connection side image,bn,Bengali,qwen2.5-coder:7b,সংযোগ পাশের ছবি,2.166
2826,Option:,bn,Bengali,qwen2.5-coder:7b,অপশন:,0.948
2827,Lives:,bn,Bengali,qwen2.5-coder:7b,লাইভস:,1.041
2828,Painting assistants,bn,Bengali,qwen2.5-coder:7b,প্রতিবাদক,1.584
2829,Yearly,bn,Bengali,qwen2.5-coder:7b,অন্তর্ব্যাস,1.604
2830,& Download Checked,bn,Bengali,qwen2.5-coder:7b,এক্সেল ফাইল নিয়ে ডাউনলোড করুন,3.912
2831,& File location:,bn,Bengali,qwen2.5-coder:7b,& ফাইল স্থান:,1.742
2832,Performing,bn,Bengali,qwen2.5-coder:7b,চলছি,1.092
2833,Color tool:,bn,Bengali,qwen2.5-coder:7b,কলর টুল:,1.386
2834,Exercises,bn,Bengali,qwen2.5-coder:7b,অনুশীলন,1.315
2835,Panel Alignment,bn,Bengali,qwen2.5-coder:7b,প্লেন্ট সার্বনিশ্চয়,2.549
2836,Unknown directive,bn,Bengali,qwen2.5-coder:7b,অজানা দেরিকোণা,2.016
2837,Alphabetically,bn,Bengali,qwen2.5-coder:7b,অক্ষরগত,1.264
2838,Edit Printer,bn,Bengali,qwen2.5-coder:7b,মিনিটার,1.182
2839,Max file size:,bn,Bengali,qwen2.5-coder:7b,মакс ফাইল আকার:,1.799
2840,Preserve Carriage Return:,bn,Bengali,qwen2.5-coder:7b,কার্যক্রম পৌঁছেছানো থাকোন:,3.77
2841,1 running,bn,Bengali,qwen2.5-coder:7b,1 চলছে,1.082
2842,Action name:,bn,Bengali,qwen2.5-coder:7b,অ্যাকশনের নাম:,1.852
2843,Project name:,bn,Bengali,qwen2.5-coder:7b,প্রকল্পের নাম:,1.898
2844,Sound Policy Server,bn,Bengali,qwen2.5-coder:7b,শব্দ নৈতিক সERVER,1.843
2845,Server URL:,bn,Bengali,qwen2.5-coder:7b,সার্ভার আই.আই.এস:,2.054
2846,Trusted:,bn,Bengali,qwen2.5-coder:7b,স্বাগতম:,1.286
2847,Go Go Forward,bn,Bengali,qwen2.5-coder:7b,ফরওয়ার্ড যাও,1.909
2848,User canceled the installation,bn,Bengali,qwen2.5-coder:7b,ইউজার ইনсталেশন বাতিল করেছিল,3.117
2849,Fingerprint Verification,bn,Bengali,qwen2.5-coder:7b,মুখ্যান্ত প্রমাণ,2.13
2850,letter is expected,bn,Bengali,qwen2.5-coder:7b,প্রতিবেশ অপেক্ষা করা হয়,3.268
2851,Verifying:,bn,Bengali,qwen2.5-coder:7b,মানুষ করা আছে:,2.078
2852,Point size,bn,Bengali,qwen2.5-coder:7b,পয়েন্ট আকার,1.823
2853,& Reply-to address:,bn,Bengali,qwen2.5-coder:7b,& উত্তর দিন ঠিকানা:,2.471
2854,Bezier Painting Tool,bn,Bengali,qwen2.5-coder:7b,বেজির চিত্রনোট টুল,2.455
2855,& Search by Product...,bn,Bengali,qwen2.5-coder:7b,&পণ্য দ্বারা খুঁজুন...,2.865
2856,Please enter name:,bn,Bengali,qwen2.5-coder:7b,নাম দিন:,1.37
2857,Certifications,bn,Bengali,qwen2.5-coder:7b,স্বাক্ষরিত কর্মসূচনা,2.563
2858,Data Sources,bn,Bengali,qwen2.5-coder:7b,উত্তরাধিকার উৎস,1.905
2859,Percentage Format,bn,Bengali,qwen2.5-coder:7b,প্রতিশ্রুতি ফরম্যাট,2.49
2860,Software Updates,bn,Bengali,qwen2.5-coder:7b,সফটওয়ার অপডেটস,2.05
2861,Exclude,bn,Bengali,qwen2.5-coder:7b,আঁকা না,1.221
2862,Tag List,bn,Bengali,qwen2.5-coder:7b,ট্যাগ তালিকা,1.656
2863,File Naming,bn,Bengali,qwen2.5-coder:7b,ফাইল নামিন্তা,1.796
2864,Skip 100 Forward,bn,Bengali,qwen2.5-coder:7b,পৌঁছুন ১০০ আগে,2.628
2865,Project description,bn,Bengali,qwen2.5-coder:7b,প্রকল্পের বিবরণ,1.991
2866,Saturday,bn,Bengali,qwen2.5-coder:7b,শুক্রবার,1.357
2867,Recycle Bin,bn,Bengali,qwen2.5-coder:7b,রিসালে বাড়ি,1.836
2868,Square Bullet,bn,Bengali,qwen2.5-coder:7b,বর্গ বিন্দু,1.671
2869,Text Functions,bn,Bengali,qwen2.5-coder:7b,টেক্সট ফাংশনস,1.826
2870,Comic Book Collection,bn,Bengali,qwen2.5-coder:7b,কমিক বই সংগ্রহ,1.989
2871,Frame Width,bn,Bengali,qwen2.5-coder:7b,ফ্রেম ভিত্তি,1.703
2872,Cuneiform,bn,Bengali,qwen2.5-coder:7b,কুনীফ,1.168
2873,tiles,bn,Bengali,qwen2.5-coder:7b,তাইলস,0.887
2874,... newsgroups?,bn,Bengali,qwen2.5-coder:7b,নতুন নিবন্ধনগুলি?,2.479
2875,Could not get socket nonce: %1,bn,Bengali,qwen2.5-coder:7b,সোকেট নন্স পেতে পারি নি: %1,3.443
2876,vold is not running.,bn,Bengali,qwen2.5-coder:7b,ভোল্ড চলছেন না।,2.22
2877,Withdraw freqency,bn,Bengali,qwen2.5-coder:7b,তুলনা আস্তিত্ব,2.004
2878,Cups Access Log Files,bn,Bengali,qwen2.5-coder:7b,কাপি অ্যাক্সেস লগ ফাইলসমূহ,3.355
2879,Single color,bn,Bengali,qwen2.5-coder:7b,একটি রং,1.308
2880,Environment,bn,Bengali,qwen2.5-coder:7b,অনুষ্ঠান,1.299
2881,Close view,bn,Bengali,qwen2.5-coder:7b,ব্যাখ্যা বন্ধ,1.724
2882,Top Left Diagonal,bn,Bengali,qwen2.5-coder:7b,উপরের বাম দিক ধাপ,2.29
2883,& Remove Server,bn,Bengali,qwen2.5-coder:7b,& সার্ভার সরাও,1.838
2884,View back,bn,Bengali,qwen2.5-coder:7b,পিছনে দেখুন,1.728
2885,& Property Editor,bn,Bengali,qwen2.5-coder:7b,& ব্যবস্থা সম্পাদক,2.27
2886,Print Finish,bn,Bengali,qwen2.5-coder:7b,প্রিন্ট শেষ,1.64
2887,equal to,bn,Bengali,qwen2.5-coder:7b,সমান,0.86
2888,& Admin access,bn,Bengali,qwen2.5-coder:7b,& অ্যাডমিন অ্যাসেস,2.353
2889,DAAP Collection,bn,Bengali,qwen2.5-coder:7b,DAAP সংগ্রহ,1.787
2890,& Unlimited,bn,Bengali,qwen2.5-coder:7b,& অসীম,1.2
2891,Plasma Package Manager,bn,Bengali,qwen2.5-coder:7b,প্লাসমা প্যাকেজ ম্যানেজার,3.05
2892,At Most,bn,Bengali,qwen2.5-coder:7b,সর্বোচ্চ,1.367
2893,uninterrupted,bn,Bengali,qwen2.5-coder:7b,বিচ্ছিন্ন,1.432
2894,Profile Configuration,bn,Bengali,qwen2.5-coder:7b,প্রোফাইল সমন্বয়,2.326
2895,Compact,bn,Bengali,qwen2.5-coder:7b,কম্প্লেক্স,1.374
2896,Service/ File:,bn,Bengali,qwen2.5-coder:7b,সেবা/ফাইল:,1.446
2897,Scrollback Options,bn,Bengali,qwen2.5-coder:7b,ব্যাক্স অপশনস,1.828
2898,IP filter file:,bn,Bengali,qwen2.5-coder:7b,ইপ ফিল্টার ফাইল:,2.126
2899,Swiss German (de-ch),bn,Bengali,qwen2.5-coder:7b,সুইজারল্যান্ডী (de-ch),2.679
2900,Stamp Symbol,bn,Bengali,qwen2.5-coder:7b,স্টেম্প সিম্বল,1.953
2901,Encryption,bn,Bengali,qwen2.5-coder:7b,এক্সেপ্রিশন,1.486
2902,Start record:,bn,Bengali,qwen2.5-coder:7b,রেকর্ড শুরু করুন:,2.403
2903,Correlation:,bn,Bengali,qwen2.5-coder:7b,কনসেশন:,1.188
2904,List View,bn,Bengali,qwen2.5-coder:7b,লিস্ট দৃষ্টি,1.763
2905,& smime; Validation,bn,Bengali,qwen2.5-coder:7b,& smime; সীমানা পроверা,2.147
2906,Sample rate:,bn,Bengali,qwen2.5-coder:7b,নমুনা হাতির দিন:,2.245
2907,Creation error,bn,Bengali,qwen2.5-coder:7b,ক্রিয়া ভূমিকা,2.08
2908,DivineProportion tool,bn,Bengali,qwen2.5-coder:7b,গুণাংশ উপকরণ,2.075
2909,(unnamed),bn,Bengali,qwen2.5-coder:7b,(অননাম),1.215
2910,Function 10:,bn,Bengali,qwen2.5-coder:7b,ফাংশন ১০:,1.629
2911,High Gloss,bn,Bengali,qwen2.5-coder:7b,উচ্চ গ্লোস্ট,1.723
2912,Edit Server,bn,Bengali,qwen2.5-coder:7b,সার্ভার সম্পাদনা,2.093
2913,Flat,bn,Bengali,qwen2.5-coder:7b,ফ্ল্যাট,1.132
2914,Input Color Profile:,bn,Bengali,qwen2.5-coder:7b,আমেরিকান কলর প্রোফাইল:,2.839
2915,Pink,bn,Bengali,qwen2.5-coder:7b,লাল,0.747
2916,Capacity:,bn,Bengali,qwen2.5-coder:7b,ক্ষমতা:,1.09
2917,Head image,bn,Bengali,qwen2.5-coder:7b,শিরোনামা ছবি,1.696
2918,n of n,bn,Bengali,qwen2.5-coder:7b,n থেকে n,1.211
2919,Flake shapes %1,bn,Bengali,qwen2.5-coder:7b,flake shapes %1,0.952
2920,Erroneous,bn,Bengali,qwen2.5-coder:7b,ভুল,0.926
2921,Hofsjökull Glacier,bn,Bengali,qwen2.5-coder:7b,হোফস্জোকুল গ্লাসারি,2.831
2922,Security Information,bn,Bengali,qwen2.5-coder:7b,সীমান্ত জানিনা,1.956
2923,Revision:,bn,Bengali,qwen2.5-coder:7b,পরিবর্তন:,1.327
2924,Wire frame:,bn,Bengali,qwen2.5-coder:7b,চাইল্ড:,1.256
2925,Action program,bn,Bengali,qwen2.5-coder:7b,অ্যাকশন প্রোগ্রাম,2.305
2926,X innie,bn,Bengali,qwen2.5-coder:7b,আপনি আছেন,1.621
2927,& Lens Correction...,bn,Bengali,qwen2.5-coder:7b,& লেন্স কর্পোশন...,2.241
2928,Build Index,bn,Bengali,qwen2.5-coder:7b,ডায়াগ্রাম তৈরি করুন,3.101
2929,Profession,bn,Bengali,qwen2.5-coder:7b,পেশা,0.876
2930,Australia/ ACT,bn,Bengali,qwen2.5-coder:7b,অক্সিলিয়া/এক্সেস,2.243
2931,& Reply-To address:,bn,Bengali,qwen2.5-coder:7b,& উত্তর প্রেরণা ঠিকানা:,2.818
2932,Backgound color:,bn,Bengali,qwen2.5-coder:7b,পেছনের রং:,1.667
2933,never,bn,Bengali,qwen2.5-coder:7b,ব্যাপক,1.021
2934,(La)TeX development environment,bn,Bengali,qwen2.5-coder:7b,(লা)টেক উন্নয়ন সম্পদ,2.908
2935,Glossary:,bn,Bengali,qwen2.5-coder:7b,গুলশীঘ্র:,1.735
2936,New type: pptp,bn,Bengali,qwen2.5-coder:7b,নতুন ধরণ: pptp,1.704
2937,client GLX version,bn,Bengali,qwen2.5-coder:7b,কালাইন GLX ভাব্যতা,2.081
2938,Anchor Points,bn,Bengali,qwen2.5-coder:7b,অন্যান্য বিন্দু,2.083
2939,expenses,bn,Bengali,qwen2.5-coder:7b,খরচ,0.739
2940,New name,bn,Bengali,qwen2.5-coder:7b,নতুন নাম,1.389
2941,Multiple Monitors,bn,Bengali,qwen2.5-coder:7b,মালিকানা বিভিন্ন সম্পূর্ণ সমস্ত সম্পূর্ণ সমস্ত সম্পূর্ণ সমস্ত সমস্ত সমস্ত সমস্ত সমস্ত সমস্ত সমস্ত,10.695
2942,Grid Spacing,bn,Bengali,qwen2.5-coder:7b,গ্রিড স্পেসিং,1.785
2943,Input Area,bn,Bengali,qwen2.5-coder:7b,আপনার ইনপুট অংশ,2.136
2944,atmospheres,bn,Bengali,qwen2.5-coder:7b,আবহানগুলি,1.548
2945,conditional-head2,bn,Bengali,qwen2.5-coder:7b,умূল্যবিশেষ,1.609
2946,Data Write Access,bn,Bengali,qwen2.5-coder:7b,ডেটা লিখা অনুমতি,2.238
2947,Y offset:,bn,Bengali,qwen2.5-coder:7b,Y অক্ষ অপসেট:,1.888
2948,Green:,bn,Bengali,qwen2.5-coder:7b,কবেজ:,0.924
2949,Smartcards,bn,Bengali,qwen2.5-coder:7b,স্মার্টকার্ডস,1.699
2950,Breakpoints,bn,Bengali,qwen2.5-coder:7b,বিস্তারিত স্থান,1.969
2951,Twirl,bn,Bengali,qwen2.5-coder:7b,টুর্ল,1.019
2952,The question,bn,Bengali,qwen2.5-coder:7b,প্রশ্ন,1.011
2953,Album Cover Manager,bn,Bengali,qwen2.5-coder:7b,একটি ব্যালুম কভার ম্যানেজার,3.209
2954,Total,bn,Bengali,qwen2.5-coder:7b,মোট,0.806
2955,(No function selected),bn,Bengali,qwen2.5-coder:7b,(কোনো ফাংশন নির্বাচিত নয়),3.397
2956,Key Direction:,bn,Bengali,qwen2.5-coder:7b,কীভাবে যাওয়ার দিকের নির্দেশ:,3.704
2957,KDE Repository Accounts,bn,Bengali,qwen2.5-coder:7b,KDE রিপোজিটরি অ্যাকাউন্টস,3.01
2958,DCC Receive Question,bn,Bengali,qwen2.5-coder:7b,ডিএসসি প্রশ্ন রিসিভ করুন,3.391
2959,Custom Type 4,bn,Bengali,qwen2.5-coder:7b,কাস্টম টাইপ ৪,1.999
2960,KOrganizer event duration,bn,Bengali,qwen2.5-coder:7b,কোর্গানার ঘটনার সময়সূচক,3.316
2961,Log Viewer,bn,Bengali,qwen2.5-coder:7b,লগ দেখালো,1.474
2962,Auto Correction,bn,Bengali,qwen2.5-coder:7b,অটো করেন্নী,1.775
2963,Paint ladders,bn,Bengali,qwen2.5-coder:7b,পানি লেডার,1.514
2964,massVariance,bn,Bengali,qwen2.5-coder:7b,মাস সমান্তর ভিত্তি,2.297
2965,"Fatal error: Unable to load the pictures, aborting.",bn,Bengali,qwen2.5-coder:7b,"ফatal ভুল: ছবি লোড করা যায়নি, বন্ধ করা হচ্ছে।",5.544
2966,& Paper size:,bn,Bengali,qwen2.5-coder:7b,&পেপার আকার:,1.704
2967,Min. Call Cost,bn,Bengali,qwen2.5-coder:7b,মিন. কল খরচ,1.689
2968,X speed,bn,Bengali,qwen2.5-coder:7b,X স্পিড,1.202
2969,Score,bn,Bengali,qwen2.5-coder:7b,স্কোর,1.045
2970,pink (bold),bn,Bengali,qwen2.5-coder:7b,লাল (পাইক),1.39
2971,CCITT Modified Huffman RLE,bn,Bengali,qwen2.5-coder:7b,CCITT মোডিফিকেশন হুমফন RLE,2.918
2972,Australia/ Adelaide,bn,Bengali,qwen2.5-coder:7b,অস্ট্রেলিয়া/এডিলেট,2.554
2973,Comic,bn,Bengali,qwen2.5-coder:7b,কমিক,0.83
2974,Removing,bn,Bengali,qwen2.5-coder:7b,মুছে দেওয়া,1.649
2975,Fade Curve,bn,Bengali,qwen2.5-coder:7b,ফ্যাড কুর্঵,1.624
2976,Gravitation,bn,Bengali,qwen2.5-coder:7b,গ্রাভিটেশন,1.514
2977,Bit Rate,bn,Bengali,qwen2.5-coder:7b,বিট বেলায়াটি,1.84
2978,Rename Filter,bn,Bengali,qwen2.5-coder:7b,ফিল্টার পরিবর্তন করুন,2.724
2979,Again,bn,Bengali,qwen2.5-coder:7b,আবার,0.83
2980,dark yellow,bn,Bengali,qwen2.5-coder:7b,কালো আমেরা,1.544
2981,& Application:,bn,Bengali,qwen2.5-coder:7b,& অ্যাপ্লিকেশন:,1.897
2982,Group tracks,bn,Bengali,qwen2.5-coder:7b,গুপ্ত ট্র্যাকস,2.013
2983,& New Entry,bn,Bengali,qwen2.5-coder:7b,&নতুন অনুমোদন,2.154
2984,GDB integration,bn,Bengali,qwen2.5-coder:7b,GDB যুক্তি,1.525
2985,Background Color,bn,Bengali,qwen2.5-coder:7b,পেট্রি রং,1.426
2986,Profile name: %1,bn,Bengali,qwen2.5-coder:7b,প্রোফাইলের নাম: %1,2.346
2987,& Pointing,bn,Bengali,qwen2.5-coder:7b,& প্রতিশ্রুতি,1.883
2988,Abbreviation,bn,Bengali,qwen2.5-coder:7b,ক্ষেত্র,1.232
2989,Key shape,bn,Bengali,qwen2.5-coder:7b,কেি আকার,1.261
2990,Costa Rican Colon,bn,Bengali,qwen2.5-coder:7b,কোস্টা রিকান কোলোন,2.555
2991,Tightness:,bn,Bengali,qwen2.5-coder:7b,তুলনা:,1.192
2992,Page Preview,bn,Bengali,qwen2.5-coder:7b,পেজ প্রিভিয়ার,1.993
2993,Advance,bn,Bengali,qwen2.5-coder:7b,আগামী,1.045
2994,The & kate; team:,bn,Bengali,qwen2.5-coder:7b,কেট টিম:,1.507
2995,Printer %1 does not exist.,bn,Bengali,qwen2.5-coder:7b,মোটামোটি %1 অস্থায়ী।,3.026
2996,Accessories,bn,Bengali,qwen2.5-coder:7b,অনুযায়ী,1.589
2997,Media Player Menu,bn,Bengali,qwen2.5-coder:7b,মিডিয়া প্লেয়ার মেনু,2.939
2998,Natural,bn,Bengali,qwen2.5-coder:7b,নাতোরাল,1.247
2999,Selection Background,bn,Bengali,qwen2.5-coder:7b,নির্বাচনের ব্যাকগ্রাউন্ড,2.942
3000,Needs Patch,bn,Bengali,qwen2.5-coder:7b,নেকি পাচ্ছে,1.528
3001,& Continuous,bn,Bengali,qwen2.5-coder:7b,& সূচক,1.126
3002,Iridiscence wave length:,bn,Bengali,qwen2.5-coder:7b,"আর্দ্রতা লম্বাই:""
(Translation of ""Iridiscence wave length:"" to Bengali is ""আর্দ্রতা লম্বাই:"")",5.469
3003,States,bn,Bengali,qwen2.5-coder:7b,রাজ্যগুলি,1.46
3004,Delete Record,bn,Bengali,qwen2.5-coder:7b,মন্তব্য মুছে দিন,2.089
3005,Delimiter Line,bn,Bengali,qwen2.5-coder:7b,ক্ষেত্রের সূচক,2.157
3006,Decline,bn,Bengali,qwen2.5-coder:7b,ন্যায় দেয়া না,2.214
3007,Camera Configuration,bn,Bengali,qwen2.5-coder:7b,ক্যামেরা সমন্বয়,2.252
3008,Vertex-vertex behavior,bn,Bengali,qwen2.5-coder:7b,ভূমিকা-ভূমিকা ব্যাবহার,3.005
3009,Kenyan Shilling,bn,Bengali,qwen2.5-coder:7b,কেন্যার শিলিং,1.814
3010,The Moon,bn,Bengali,qwen2.5-coder:7b,মাস,0.74
3011,"\t""XML data """,bn,Bengali,qwen2.5-coder:7b,"\t""XML ডেটা",1.487
3012,S peed,bn,Bengali,qwen2.5-coder:7b,স্পীড,1.104
3013,LILO Configuration,bn,Bengali,qwen2.5-coder:7b,LILO সমন্বয়,1.549
3014,Vtun profile name,bn,Bengali,qwen2.5-coder:7b,ভাবনা নাম,1.523
3015,Rear,bn,Bengali,qwen2.5-coder:7b,পিছনে,0.973
3016,kmines; Preferences,bn,Bengali,qwen2.5-coder:7b,কমিনস; বিবেচনা,1.897
3017,Authentication,bn,Bengali,qwen2.5-coder:7b,অনুমোদন,1.285
3018,Close Script,bn,Bengali,qwen2.5-coder:7b,স্ক্রিপ্ট বন্ধ করুন,2.43
3019,Continue?,bn,Bengali,qwen2.5-coder:7b,আগামী করো?,1.654
3020,SDL - Function,bn,Bengali,qwen2.5-coder:7b,SDL - ফাংশন,1.29
3021,& GUI; description,bn,Bengali,qwen2.5-coder:7b,& GUI; বিবরণ,1.417
3022,& Bullets,bn,Bengali,qwen2.5-coder:7b,& বিন্দু,1.388
3023,entity relationship diagram,bn,Bengali,qwen2.5-coder:7b,ইন্টিটি সম্পর্ক চিত্র,2.637
3024,Security Warning,bn,Bengali,qwen2.5-coder:7b,সীমান্ত অনুৰোধ,2.33
3025,Line/ Curve,bn,Bengali,qwen2.5-coder:7b,রেখা/করে,1.295
3026,Solid Device,bn,Bengali,qwen2.5-coder:7b,সুষ্ট উপকরণ,1.668
3027,& Section:,bn,Bengali,qwen2.5-coder:7b,& অংশ:,1.217
3028,decreaseShortcut,bn,Bengali,qwen2.5-coder:7b,কমানো সাবেক,1.741
3029,Script action,bn,Bengali,qwen2.5-coder:7b,স্ক্রিপ্ট অ্যাকশন,2.255
3030,Underline (wml),bn,Bengali,qwen2.5-coder:7b,আঁকুন (wml),1.691
3031,Probed,bn,Bengali,qwen2.5-coder:7b,প্রোবেড,1.265
3032,Random (modified),bn,Bengali,qwen2.5-coder:7b,রূপান্তরিত সূচক,2.26
3033,User Commands,bn,Bengali,qwen2.5-coder:7b,ব্যবহারকরীর আইন্ডিকেশন,2.809
3034,Look Sea Theme,bn,Bengali,qwen2.5-coder:7b,বেকার সূচক,1.666
3035,UI Design,bn,Bengali,qwen2.5-coder:7b,ইউই ডিজাইন,1.465
3036,Group:,bn,Bengali,qwen2.5-coder:7b,গুপ্তা:,1.203
3037,Read,bn,Bengali,qwen2.5-coder:7b,আমাও পড়া,1.381
3038,Initial Conditions,bn,Bengali,qwen2.5-coder:7b,আদিবর্ষী শর্তা,1.871
3039,Performance indexes,bn,Bengali,qwen2.5-coder:7b,কার্যক্ষমতা স্বচ্ছাস্তি,2.761
3040,Run with realtime & scheduling,bn,Bengali,qwen2.5-coder:7b,সাম্প্রতিক এবং সময়সূচিত চালান,4.18
3041,Relative,bn,Bengali,qwen2.5-coder:7b,রিলেটিভ,1.103
3042,Scatter Chart,bn,Bengali,qwen2.5-coder:7b,স্কেটার চার্ট,1.727
3043,of Rabi ` al-Thaani,bn,Bengali,qwen2.5-coder:7b,রবি আল-থানীর অংশে,2.613
3044,Lines,bn,Bengali,qwen2.5-coder:7b,লাইনস,0.929
3045,Disable IPX protocol:,bn,Bengali,qwen2.5-coder:7b,IPX প্রোটোকল অক্ষারণ করুন:,3.466
3046,5th Last,bn,Bengali,qwen2.5-coder:7b,৫ম উল্টো,1.536
3047,Port Number,bn,Bengali,qwen2.5-coder:7b,পোর্ট নম্বর,1.614
3048,Positioning Indices,bn,Bengali,qwen2.5-coder:7b,আকার স্থানান্তর,1.947
3049,Write Capabilities:,bn,Bengali,qwen2.5-coder:7b,ক্রিয়ামূল্যতা:,2.125
3050,By class,bn,Bengali,qwen2.5-coder:7b,ক্লাসে দ্বারা,1.76
3051,Help Documents,bn,Bengali,qwen2.5-coder:7b,সাহায্য পত্রিকা,1.969
3052,Create site,bn,Bengali,qwen2.5-coder:7b,সাইট তৈরি করুন,2.097
3053,is between #V1# and #V2#,bn,Bengali,qwen2.5-coder:7b,#V1# এবং #V2# এর মধ্যে,3.042
3054,SeaGreen4,bn,Bengali,qwen2.5-coder:7b,সিনেগ্রেন ৪,1.73
3055,Italic (wml),bn,Bengali,qwen2.5-coder:7b,আন্তর্ব্যাল (wml),2.017
3056,& HMAC Authentication:,bn,Bengali,qwen2.5-coder:7b,& HMAC অনুমোদন:,1.777
3057,Quick search...,bn,Bengali,qwen2.5-coder:7b,হাতায়ে খুঁজুন...,2.438
3058,Podcast Configuration,bn,Bengali,qwen2.5-coder:7b,পডকেস সমন্বয়,1.857
3059,"Break point related: break, showbreak, delete, enable",bn,Bengali,qwen2.5-coder:7b,"বিন্দুসম্পর্কিত: বিন্দু, দেখাও বিন্দু, ডিলিট, অক্ষম করুন",6.949
3060,Preconfiguration file,bn,Bengali,qwen2.5-coder:7b,প্রিন্যাক্তি ফাইল,2.143
3061,Layer view,bn,Bengali,qwen2.5-coder:7b,শ্যাখি দৃশ্য,1.788
3062,Cover File,bn,Bengali,qwen2.5-coder:7b,ফাইল সূচক,1.476
3063,"Amundsen-Scott Station, South Pole",bn,Bengali,qwen2.5-coder:7b,"আমুন্ডেন-স্কট স্টেশন, দক্ষিণ পোল",4.226
3064,Quilt controls:,bn,Bengali,qwen2.5-coder:7b,কালোন নিয়ন্ত্রণ:,2.459
3065,Snippet Repository:,bn,Bengali,qwen2.5-coder:7b,কোড সংক্ষেপ সংক্ষারণ:,2.955
3066,Sequence Number (start),bn,Bengali,qwen2.5-coder:7b,সিরিজ সংখ্যা (শুরু),2.737
3067,Group Password,bn,Bengali,qwen2.5-coder:7b,গ্রুপ পাসওয়ার্ড,2.3
3068,Shutdown Toolbar,bn,Bengali,qwen2.5-coder:7b,শক্তি বন্ধ টুলবার,2.347
3069,Degrees of freedom,bn,Bengali,qwen2.5-coder:7b,স্থিরতা সংখ্যা,2.047
3070,Archiving,bn,Bengali,qwen2.5-coder:7b,আর্কাইভ,1.175
3071,landscape,bn,Bengali,qwen2.5-coder:7b,স্থানীয়,1.381
3072,GravitationForceErrors,bn,Bengali,qwen2.5-coder:7b,গ্রাভিটেশন ফর্স্ট ভুলো,2.98
3073,Mass Conversions,bn,Bengali,qwen2.5-coder:7b,মাসিক পরিবর্তন,1.949
3074,Choose Brush to Add,bn,Bengali,qwen2.5-coder:7b,মুল্যাংশ যোগ করতে ব্রাউচ নির্বাচন করুন,4.928
3075,SkyBlue1,bn,Bengali,qwen2.5-coder:7b,নебলার সাব্দানীয়া রঙ,2.801
3076,New program %1,bn,Bengali,qwen2.5-coder:7b,নতুন প্রোগ্রাম %1,2.385
3077,& Library,bn,Bengali,qwen2.5-coder:7b,& বাস্তব,1.298
3078,& Documentation path:,bn,Bengali,qwen2.5-coder:7b,& দокументেশন পথ:,1.514
3079,Session name:,bn,Bengali,qwen2.5-coder:7b,সেশনের নাম:,1.608
3080,Predefined Timers,bn,Bengali,qwen2.5-coder:7b,প্রাকৃতিক সময়সমূহ,2.775
3081,Writing speed: %1 KB/ s (%2x),bn,Bengali,qwen2.5-coder:7b,লিখনো হাতি: %1 KB/সেকেন্ড (%2x),3.689
3082,Music path:,bn,Bengali,qwen2.5-coder:7b,মuzিক পথ:,1.336
3083,Windows Shares,bn,Bengali,qwen2.5-coder:7b,Windows শেয়ারস,1.414
3084,Map & theme:,bn,Bengali,qwen2.5-coder:7b,ম্যাপ এবং থিম:,2.03
3085,Supporting & kde;,bn,Bengali,qwen2.5-coder:7b,KDE সাহায্য,1.791
3086,Away & message:,bn,Bengali,qwen2.5-coder:7b,আরও এবং বার্তা:,2.1
3087,Page border:,bn,Bengali,qwen2.5-coder:7b,পেজ বাড়ার:,1.667
3088,& Volume:,bn,Bengali,qwen2.5-coder:7b,& আমোলতা:,1.509
3089,LaTeX environments:,bn,Bengali,qwen2.5-coder:7b,LaTeX অবস্থা:,1.626
3090,Dimensions: %1x%2,bn,Bengali,qwen2.5-coder:7b,আকার: %1x%2,1.604
3091,Spanish (Puerto Rico),bn,Bengali,qwen2.5-coder:7b,স্পেনী (পুরো রিকো),2.685
3092,Remove filter,bn,Bengali,qwen2.5-coder:7b,ফিল্টার সরাও,1.688
3093,LDAP User container,bn,Bengali,qwen2.5-coder:7b,LDAP ব্যবহারকারী কন্টেইনার,2.915
3094,Cancer,bn,Bengali,qwen2.5-coder:7b,ক্যানাস,1.173
3095,Text editing tool,bn,Bengali,qwen2.5-coder:7b,টেক্সট সম্পাদনা টুল,2.489
3096,PIM Presence,bn,Bengali,qwen2.5-coder:7b,পিএমইউ অনুসারণ,2.047
3097,Statistics:,bn,Bengali,qwen2.5-coder:7b,স্ট্যাটিস্টিক্স:,2.027
3098,ends with,bn,Bengali,qwen2.5-coder:7b,শেষে,0.863
3099,Example output:,bn,Bengali,qwen2.5-coder:7b,উদাহরণ আউটপুট:,1.936
3100,Frame duration:,bn,Bengali,qwen2.5-coder:7b,ফ্রেম সময়কাল:,1.975
3101,South African rand,bn,Bengali,qwen2.5-coder:7b,সুইজারিয়ান রেন্ড,2.501
3102,previous,bn,Bengali,qwen2.5-coder:7b,পূর্ব,1.048
3103,Swedish (Finland),bn,Bengali,qwen2.5-coder:7b,সুইডেনী (ফিনল্যান্ড),2.707
3104,Selection: -,bn,Bengali,qwen2.5-coder:7b,নির্বাচন: -,1.477
3105,Comic Package Structure,bn,Bengali,qwen2.5-coder:7b,কমিক প্যাকেজ রাশিকলেখ,2.623
3106,& Chapters,bn,Bengali,qwen2.5-coder:7b,& অধ্যায়,1.482
3107,Output file name,bn,Bengali,qwen2.5-coder:7b,আউটপুট ফাইলের নাম,2.264
3108,Answer response:,bn,Bengali,qwen2.5-coder:7b,উত্তর দিন:,1.405
3109,Message Preview Pane,bn,Bengali,qwen2.5-coder:7b,মেসেজ প্রিভিউ প্যান,2.451
3110,Summary View,bn,Bengali,qwen2.5-coder:7b,সারসংক্ষেপ,1.601
3111,Pointer acceleration:,bn,Bengali,qwen2.5-coder:7b,কার্সোর স্পীড বৃদ্ধি:,3.064
3112,Protected,bn,Bengali,qwen2.5-coder:7b,প্রকৃতি,1.364
3113,%1 armies to place,bn,Bengali,qwen2.5-coder:7b,%1 সৈনিক স্থাপন করতে,3.21
3114,Draw cell,bn,Bengali,qwen2.5-coder:7b,কлетক আঁকুন,1.782
3115,Open a KMyMoney document,bn,Bengali,qwen2.5-coder:7b,কম্পাইন একটি KMyMoney দокумент খোলো,3.33
3116,Brightness correction:,bn,Bengali,qwen2.5-coder:7b,স্বরোধ সংশোধন:,2.173
3117,& XSL; source files,bn,Bengali,qwen2.5-coder:7b,& XSL; সূত্র ফাইলগুলি,2.811
3118,Contact Information,bn,Bengali,qwen2.5-coder:7b,যোগাযোগ তথ্য,2.113
3119,Bluish,bn,Bengali,qwen2.5-coder:7b,বাজার,0.97
3120,Occurrence,bn,Bengali,qwen2.5-coder:7b,অনুস্থান,1.376
3121,Password Hint:,bn,Bengali,qwen2.5-coder:7b,পাসওয়ার্ড হ্যাইট:,2.445
3122,Exercise:,bn,Bengali,qwen2.5-coder:7b,অনুশীলন:,1.51
3123,Ctrl; Shift; F9 View VPL; Editor,bn,Bengali,qwen2.5-coder:7b,Ctrl; Shift; F9 এইচএফএলো দেখুন; সম্পাদক,4.777
3124,ColorFX,bn,Bengali,qwen2.5-coder:7b,কোলর এফক্স,1.961
3125,Aerial view,bn,Bengali,qwen2.5-coder:7b,আয়ানের দৃশ্য,2.176
3126,Enable filters,bn,Bengali,qwen2.5-coder:7b,ফিল্টার সক্ষম করুন,2.579
3127,HAL-Power,bn,Bengali,qwen2.5-coder:7b,HAL-পাওয়ার,1.744
3128,JPEG quality:,bn,Bengali,qwen2.5-coder:7b,JPEG গুলির গুলির গুলির গুলির গুলির গুলির গুলির গুলির গুলির গুলির গুলির গুলির গুলির গুলির,11.905
3129,Canvas decorations,bn,Bengali,qwen2.5-coder:7b,কাঠামো অনুৰোধ,2.461
3130,performance,bn,Bengali,qwen2.5-coder:7b,কাজার সম্পর্কে,2.053
3131,Properties:,bn,Bengali,qwen2.5-coder:7b,প্রোপার্টিজ:,1.94
3132,Search Options,bn,Bengali,qwen2.5-coder:7b,অনুসন্ধান অপশনসমূহ,2.923
3133,Arena Name,bn,Bengali,qwen2.5-coder:7b,আয়ানের নাম,1.934
3134,Rating: %1,bn,Bengali,qwen2.5-coder:7b,রিটেইন্গ: %1,1.861
3135,Question - Cantor,bn,Bengali,qwen2.5-coder:7b,শুন্য প্রশ্ন - ক্যান্টর,3.435
3136,Media Management,bn,Bengali,qwen2.5-coder:7b,মিডিয়া ম্যানেজমেন্ট,2.966
3137,Packet size,bn,Bengali,qwen2.5-coder:7b,প্যাকেট আকার,1.958
3138,Fill color:,bn,Bengali,qwen2.5-coder:7b,ফেল রং:,1.477
3139,Bandwidth Monitor,bn,Bengali,qwen2.5-coder:7b,ব্যান্ডওয়ান মনোরোধকারী,3.736
3140,& Keyboard layout:,bn,Bengali,qwen2.5-coder:7b,& কীবোর্ড আলাদাপূর্ণন:,3.382
3141,Prev,bn,Bengali,qwen2.5-coder:7b,পূর্ব,1.293
3142,How to obtain & marble;,bn,Bengali,qwen2.5-coder:7b,একক বিন্দুতে পাওয়ার প্রাপ্তি;,4.339
3143,length,bn,Bengali,qwen2.5-coder:7b,দৈর্ঘ্য,1.316
3144,Cluster Groups,bn,Bengali,qwen2.5-coder:7b,ক্লাসার গ্রুপস,2.269
3145,Next Document,bn,Bengali,qwen2.5-coder:7b,পরবর্তী দক্ষিণ পত্র,2.948
3146,File Management,bn,Bengali,qwen2.5-coder:7b,ফাইল ম্যানেজমেন্ট,2.643
3147,Read Data,bn,Bengali,qwen2.5-coder:7b,ডেটা পড়ুন,1.948
3148,User Scripts,bn,Bengali,qwen2.5-coder:7b,ব্যবহারকারী স্ক্রিপ্টস,3.139
3149,Invoice,bn,Bengali,qwen2.5-coder:7b,চালিত প্রতিবেশ,2.212
3150,Playlist:,bn,Bengali,qwen2.5-coder:7b,প্লেলিস্ট:,1.802
3151,Uganda,bn,Bengali,qwen2.5-coder:7b,Uganda,0.722
3152,new time event,bn,Bengali,qwen2.5-coder:7b,নতুন সময় ঘটনা,2.548
3153,KPlato Resources,bn,Bengali,qwen2.5-coder:7b,কপল্যাটো সূত্রসংগ্রহ,3.223
3154,Table field,bn,Bengali,qwen2.5-coder:7b,তাবলি ফ,1.434
3155,Exercise Dialog,bn,Bengali,qwen2.5-coder:7b,অ্যাকশন ডিলগ করুন,2.585
3156,Encryption controller,bn,Bengali,qwen2.5-coder:7b,এক্সেপ্রিশন নিয়ন্ত্রক,2.99
3157,Can Read,bn,Bengali,qwen2.5-coder:7b,আমার পাঠক,1.488
3158,Head 1,bn,Bengali,qwen2.5-coder:7b,শিরোনাম ১,1.715
3159,"Unfortunately, & kde; can not:",bn,Bengali,qwen2.5-coder:7b,"আকৃতিগত, & kde; করতে পারেন না:",4.159
3160,Tea Properties,bn,Bengali,qwen2.5-coder:7b,চা বৈশিষ্ট্যগুলি,2.945
3161,Highscore List,bn,Bengali,qwen2.5-coder:7b,হাইস্কোর তালিকা,2.517
3162,Attack 1,bn,Bengali,qwen2.5-coder:7b,অ্যাট্যাক ১,2.039
3163,Black Cartridge,bn,Bengali,qwen2.5-coder:7b,কালো কার্টিজ,2.029
3164,Request,bn,Bengali,qwen2.5-coder:7b,অনুরোধ,1.508
3165,29th Last,bn,Bengali,qwen2.5-coder:7b,২৯তম উল্টো,2.1
3166,FITS Viewer,bn,Bengali,qwen2.5-coder:7b,FITS দেখালো,1.825
3167,"Color, fast, RGB",bn,Bengali,qwen2.5-coder:7b,"কালো, হাস্তার দিন, RGB",2.962
3168,Polling interval,bn,Bengali,qwen2.5-coder:7b,পাল্লিং অন্তর隔,2.128
3169,DoubleSided,bn,Bengali,qwen2.5-coder:7b,ডুব্লো সাইডে드,2.258
3170,Coffee sponsoring,bn,Bengali,qwen2.5-coder:7b,কোফিয়া স্পনসরিং,2.759
3171,& Text file:,bn,Bengali,qwen2.5-coder:7b,& টেক্সট ফাইল:,2.531
3172,at most,bn,Bengali,qwen2.5-coder:7b,সর্বোচ্চ,1.83
3173,4th Last,bn,Bengali,qwen2.5-coder:7b,৪তম উপরোক্ত,2.174
3174,medium size,bn,Bengali,qwen2.5-coder:7b,মাঝার আকার,1.887
3175,& Scan,bn,Bengali,qwen2.5-coder:7b,&স্ক্যান,1.675
3176,Network Manager,bn,Bengali,qwen2.5-coder:7b,নেটওয়ার্ক ম্যানেজার,3.147
3177,Command Name,bn,Bengali,qwen2.5-coder:7b,কমান্ডের নাম,2.074
3178,Execution,bn,Bengali,qwen2.5-coder:7b,অপারেশন,1.41
3179,Modify filter,bn,Bengali,qwen2.5-coder:7b,ফিল্টার পরিবর্তন করুন,3.197
3180,CPU usage,bn,Bengali,qwen2.5-coder:7b,CPU ব্যবহার,1.618
3181,Font Installer,bn,Bengali,qwen2.5-coder:7b,ফন্ট ইনস্টলার,2.064
3182,Track 1 of 1,bn,Bengali,qwen2.5-coder:7b,প্রতিটি 1 থেকে 1,2.711
3183,Iron Seal,bn,Bengali,qwen2.5-coder:7b,ইরন সিল ফিল্ম,2.047
3184,Tool Options,bn,Bengali,qwen2.5-coder:7b,_Tool Options_,0.803
3185,Line Break - \\linebreak,bn,Bengali,qwen2.5-coder:7b,লাইন ব্রেক - \\লাইন ব্রেক,3.001
3186,Package & name:,bn,Bengali,qwen2.5-coder:7b,প্যাকেজ এবং নাম:,2.357
3187,Projection system: %1,bn,Bengali,qwen2.5-coder:7b,প্রকল্পনা সিস্টেম: %1,2.966
3188,is empty,bn,Bengali,qwen2.5-coder:7b,খালি,0.959
3189,Sound & file:,bn,Bengali,qwen2.5-coder:7b,শব্দ এবং ফাইল:,2.168
3190,CardBus bridge,bn,Bengali,qwen2.5-coder:7b,কার্ডবাস ব্রিজ,2.042
3191,ColorSmartCRD Graphics,bn,Bengali,qwen2.5-coder:7b,কালোস্ম্যার্ট ক্রিয়াগ্রাফিক্স,4.071
3192,Show & Acid Behavior,bn,Bengali,qwen2.5-coder:7b,আস্তিত্ব প্রক্রিয়া দেখাও,3.556
3193,Yields,bn,Bengali,qwen2.5-coder:7b,উৎপাদন,1.16
3194,Byline:,bn,Bengali,qwen2.5-coder:7b,বিশেষ লাইন:,1.611
3195,Schedule Handler,bn,Bengali,qwen2.5-coder:7b,সময়সূচক,1.574
3196,Ring Chart,bn,Bengali,qwen2.5-coder:7b,রেঞ্জ চার্ট,1.765
3197,lines,bn,Bengali,qwen2.5-coder:7b,লাইনস,1.047
3198,Receiver,bn,Bengali,qwen2.5-coder:7b,গ্রাহক,1.222
3199,%1 start failed.,bn,Bengali,qwen2.5-coder:7b,%1 শুরু হয়নি।,2.539
3200,Feather Selection,bn,Bengali,qwen2.5-coder:7b,ফিয়ার সিলেকশন,2.18
3201,files,bn,Bengali,qwen2.5-coder:7b,ফাইলসমূহ,1.428
3202,goal type,bn,Bengali,qwen2.5-coder:7b,অ্যামেরিকান স্টাইল,2.287
3203,Queue:,bn,Bengali,qwen2.5-coder:7b,অপসারণ:,1.307
3204,& Weekly,bn,Bengali,qwen2.5-coder:7b,& এপ্রিল,1.285
3205,Screen resolution: %1 dpi,bn,Bengali,qwen2.5-coder:7b,মান্যতা: %1 dpi,1.922
3206,KAB CSV XXPort Plugin,bn,Bengali,qwen2.5-coder:7b,ক্যাব CSV XXPort প্লাগইন,2.44
3207,Screens hot,bn,Bengali,qwen2.5-coder:7b,স্ক্রিন খালি,1.784
3208,Warning,bn,Bengali,qwen2.5-coder:7b,সতর্ক,0.97
3209,good,bn,Bengali,qwen2.5-coder:7b,বেশি ভালো,1.463
3210,File Shell,bn,Bengali,qwen2.5-coder:7b,ফাইল শেল,1.351
3211,The Game,bn,Bengali,qwen2.5-coder:7b,গেম,0.814
3212,Advanced,bn,Bengali,qwen2.5-coder:7b,আগ্রসর,1.105
3213,Completion Files,bn,Bengali,qwen2.5-coder:7b,ফাইল সমাপ্তি,1.675
3214,Lyx Files,bn,Bengali,qwen2.5-coder:7b,লিয়াক্স ফাইলস,2.166
3215,Subject,bn,Bengali,qwen2.5-coder:7b,বিষয়,1.16
3216,Authentication algorithm,bn,Bengali,qwen2.5-coder:7b,অনুমোদন অ্যালগরিদম,2.762
3217,State Value,bn,Bengali,qwen2.5-coder:7b,রাজস্ব মান,1.669
3218,YZ rotation speed,bn,Bengali,qwen2.5-coder:7b,YZ অ্যাকসেলেশন গতি,2.599
3219,Zig Zag,bn,Bengali,qwen2.5-coder:7b,জিগ জাগ,1.44
3220,Clear,bn,Bengali,qwen2.5-coder:7b,ক্লার,1.09
3221,& Remove Item,bn,Bengali,qwen2.5-coder:7b,&আইটেম সরাও,2.071
3222,Distribution List,bn,Bengali,qwen2.5-coder:7b,প্রাপ্তি তালিকা,2.328
3223,Color rate:,bn,Bengali,qwen2.5-coder:7b,কালো স্কেল:,2.486
3224,Back Cover,bn,Bengali,qwen2.5-coder:7b,পিছনের পৃষ্ঠা,2.391
3225,Launch plugin configuration dialog,bn,Bengali,qwen2.5-coder:7b,প্লাগইন,1.754
3226,Animation speed,bn,Bengali,qwen2.5-coder:7b,অ্যানিমেশন স্পিড,2.904
3227,help,bn,Bengali,qwen2.5-coder:7b,সাহায্য,1.399
3228,Carpet size,bn,Bengali,qwen2.5-coder:7b,কাপড়ের আকার,1.944
3229,Download Selection,bn,Bengali,qwen2.5-coder:7b,নির্বাচিত বিভাগ ডাউনলোড করুন,3.992
3230,Spanish Peseta,bn,Bengali,qwen2.5-coder:7b,স্পেনীয়া পেসেটা,2.728
3231,& Multimedia keys,bn,Bengali,qwen2.5-coder:7b,& মিডিয়া কীসি,2.483
3232,Stiffness,bn,Bengali,qwen2.5-coder:7b,স্থায়ীতা,1.941
3233,"Regards,",bn,Bengali,qwen2.5-coder:7b,"আপনার মতামতে,",1.981
3234,"S & SE Brazil (GO, DF, MG, ES, RJ, SP, PR, SC, RS)",bn,Bengali,qwen2.5-coder:7b,"স & সিএ ব্রাজিল (গো, ডিএফ, ম্যাগ্নিটো, এসি, রজিয়ান, স্পোর্ট, প্রিয়ান্ট, সিএস, রিস্ট্রান্ড)",12.498
3235,SeaGreen1,bn,Bengali,qwen2.5-coder:7b,সিনেগ্রেন1,1.809
3236,(modified),bn,Bengali,qwen2.5-coder:7b,(সম্পাদিত),1.681
3237,Signatures,bn,Bengali,qwen2.5-coder:7b,সIGNATURES,1.05
3238,Backend name:,bn,Bengali,qwen2.5-coder:7b,Backend name:,0.989
3239,Mouse pressure,bn,Bengali,qwen2.5-coder:7b,মাউস দাবা,1.536
3240,Shortcut name: ent,bn,Bengali,qwen2.5-coder:7b,কেরোটির নাম: ent,2.351
3241,German (Liechtenstein),bn,Bengali,qwen2.5-coder:7b,জার্মান (লিখেনস্টাইন),2.741
3242,Utility Window,bn,Bengali,qwen2.5-coder:7b,ইউটিলিটি জanelা,1.734
3243,Fan Speed (%),bn,Bengali,qwen2.5-coder:7b,ফ্যান স্পিড (%),1.778
3244,Business,bn,Bengali,qwen2.5-coder:7b,বিজ্ঞান,1.324
3245,Audio Capture,bn,Bengali,qwen2.5-coder:7b,অডিউ সংগ্রহ,1.813
3246,Flatten,bn,Bengali,qwen2.5-coder:7b,ফ্লাটন,1.159
3247,Aspect & Ratio,bn,Bengali,qwen2.5-coder:7b,আসেপ্ট এবং অনুপাত,2.672
3248,Satire,bn,Bengali,qwen2.5-coder:7b,সাতি,1.028
3249,Update frequency:,bn,Bengali,qwen2.5-coder:7b,আপডেট হাফিজা:,2.036
3250,Read-Only,bn,Bengali,qwen2.5-coder:7b,অক্রমণীয়,1.811
3251,& Projection:,bn,Bengali,qwen2.5-coder:7b,& প্রকাশন:,1.707
3252,Error description:,bn,Bengali,qwen2.5-coder:7b,কোনো ভুলের বিবরণ:,2.916
3253,back,bn,Bengali,qwen2.5-coder:7b,ফিরে যাও,1.456
3254,Opening Order,bn,Bengali,qwen2.5-coder:7b,অর্ডার খোলা,1.853
3255,Keep Encryption,bn,Bengali,qwen2.5-coder:7b,কোড়ানোনীয়াত রাখুন,3.376
3256,Castilian Spanish Male,bn,Bengali,qwen2.5-coder:7b,কাস্টিয়ান স্পেনিশ মহিলা,3.361
3257,Conversation ID,bn,Bengali,qwen2.5-coder:7b,আলোচনা আইডি,1.903
3258,Synchronization Mode,bn,Bengali,qwen2.5-coder:7b,সিন্যারাইজেশন মোড,2.828
3259,Declination:,bn,Bengali,qwen2.5-coder:7b,প্রতিরোধ:,1.919
3260,The tag %1 already exists,bn,Bengali,qwen2.5-coder:7b,%1 তারিখ আছে,2.102
3261,(Custom),bn,Bengali,qwen2.5-coder:7b,(ব্যবহারকর্তা-স্থাপিত),2.963
3262,AntMaze,bn,Bengali,qwen2.5-coder:7b,AntMaze,1.121
3263,Interactive,bn,Bengali,qwen2.5-coder:7b,আসন্ন,1.05
3264,KDE Screen Ruler,bn,Bengali,qwen2.5-coder:7b,KDE স্ক্রিন রাল,2.165
3265,Transfer protocols,bn,Bengali,qwen2.5-coder:7b,নিয়ন্ত্রণ প্রোটোকলসমূহ,3.359
3266,Color Space,bn,Bengali,qwen2.5-coder:7b,কোলর স্পেস,1.763
3267,Baritone Sax,bn,Bengali,qwen2.5-coder:7b,বারিটন সেক্স,1.986
3268,& Window Decoration,bn,Bengali,qwen2.5-coder:7b,& জanela অন্ধকার,1.912
3269,Mail Summary Configuration Dialog,bn,Bengali,qwen2.5-coder:7b,ইমেল সার্টি কনফিগুরেশন ডিলোগ,3.964
3270,4. Playing Piles,bn,Bengali,qwen2.5-coder:7b,৪. পুল খেলা,2.097
3271,Group shapes,bn,Bengali,qwen2.5-coder:7b,শাখা স্থানান্ত্রিত করুন,3.31
3272,Last step,bn,Bengali,qwen2.5-coder:7b,শেষ ধাপ,1.363
3273,Artist Name:,bn,Bengali,qwen2.5-coder:7b,শিল্পীর নাম:,1.951
3274,Addressee Serializer,bn,Bengali,qwen2.5-coder:7b,স্বাগতিশীলকারী সিরিজার,3.651
3275,User-IDs,bn,Bengali,qwen2.5-coder:7b,ইউজার-আইডিস,1.885
3276,position1Variance,bn,Bengali,qwen2.5-coder:7b,পজিশন ১ ভিয়েন্স,2.967
3277,Ruler,bn,Bengali,qwen2.5-coder:7b,মাপক,1.052
3278,Netherlands,bn,Bengali,qwen2.5-coder:7b,নেদারল্যান্ড,1.938
3279,New type: freeswan,bn,Bengali,qwen2.5-coder:7b,নতুন ধর্ম: ফ্রিস্বান,2.873
3280,to space characters,bn,Bengali,qwen2.5-coder:7b,স্পেস অক্ষর,1.785
3281,KThesaurus - List synonyms,bn,Bengali,qwen2.5-coder:7b,কথাৰ সমূহ - সুন্দৰ শব্দৰ তুলনা,4.582
3282,Virgin Islands,bn,Bengali,qwen2.5-coder:7b,ভারতীয় আরবি,2.098
3283,Shortcut name: watches,bn,Bengali,qwen2.5-coder:7b,ক্ষেত্রের নাম: ঘড়ি দেখা,3.398
3284,Coloring,bn,Bengali,qwen2.5-coder:7b,কলমানো করা,1.7
3285,New Folder,bn,Bengali,qwen2.5-coder:7b,নতুন ফোল্ডার,2.139
3286,Table editing tool,bn,Bengali,qwen2.5-coder:7b,তেবিন সম্পাদন টুল,2.516
3287,Serbia and Montenegro,bn,Bengali,qwen2.5-coder:7b,সার্বিয়া এবং মন্টেনোগ্রে এর সম্পর্কে,5.085
3288,Delete A & & B,bn,Bengali,qwen2.5-coder:7b,A & & B দিয়েছো,2.445
3289,Owner: %1,bn,Bengali,qwen2.5-coder:7b,মালিক: %1,1.432
3290,DodgerBlue1,bn,Bengali,qwen2.5-coder:7b,DodgerBlue1,1.042
3291,Slider algorithm,bn,Bengali,qwen2.5-coder:7b,স্লাইডার অ্যালগরিদম,2.616
3292,A arrow,bn,Bengali,qwen2.5-coder:7b,একটি অর্ধারো পৌঁছা,2.868
3293,Write Error,bn,Bengali,qwen2.5-coder:7b,আইনি লিখা ভুল,2.111
3294,& Permissions,bn,Bengali,qwen2.5-coder:7b,& অনুমতি,1.453
3295,Subjects,bn,Bengali,qwen2.5-coder:7b,বিষয়,1.172
3296,Place:,bn,Bengali,qwen2.5-coder:7b,অবস্থান:,1.398
3297,Edit Account:,bn,Bengali,qwen2.5-coder:7b,একাউন্ট সম্পাদনা:,2.302
3298,ILM EXR Image (. exr),bn,Bengali,qwen2.5-coder:7b,ইমেজ ইএলএম এক্সএর (.exr),3.27
3299,Bookmark Editor,bn,Bengali,qwen2.5-coder:7b,মার্কডাউন সম্পাদক,2.594
3300,Head 3,bn,Bengali,qwen2.5-coder:7b,শিরোনাম ৩,1.806
3301,Label color,bn,Bengali,qwen2.5-coder:7b,লেভেল রঙ,1.407
3302,Network Status,bn,Bengali,qwen2.5-coder:7b,নেটওয়ার্ক স্ট্যাটাস,2.812
3303,User name:,bn,Bengali,qwen2.5-coder:7b,ব্যবহারকারীর নাম:,2.528
3304,KDE SSL Certificate Dialog,bn,Bengali,qwen2.5-coder:7b,KDE SSL সংযোগ ডিলোগ,2.7
3305,Down Arrow,bn,Bengali,qwen2.5-coder:7b,নৌকা অপারেশন,2.032
3306,Forbidden,bn,Bengali,qwen2.5-coder:7b,আমারা অনুমোদন নেই,2.592
3307,Graphical artwork,bn,Bengali,qwen2.5-coder:7b,চিত্রশৈলী,1.797
3308,Build up,bn,Bengali,qwen2.5-coder:7b,বানান,1.348
3309,Star speed,bn,Bengali,qwen2.5-coder:7b,রক্ষা গতি,1.523
3310,Project Manager,bn,Bengali,qwen2.5-coder:7b,প্রকল্প ম্যানেজার,2.58
3311,Profile Name,bn,Bengali,qwen2.5-coder:7b,প্রোফাইলের নাম,2.312
3312,Misc,bn,Bengali,qwen2.5-coder:7b,অন্যায়ী,1.673
3313,& NT Domain:,bn,Bengali,qwen2.5-coder:7b,& NT ডোমেন:,1.76
3314,Simplify,bn,Bengali,qwen2.5-coder:7b,সহজfy,1.017
3315,Adjustment Type,bn,Bengali,qwen2.5-coder:7b,অপসমাধানের ধরনি,2.193
3316,Strength,bn,Bengali,qwen2.5-coder:7b,ক্ষমতা,1.138
3317,Scaling Algorithm,bn,Bengali,qwen2.5-coder:7b,স্কেলিং অ্যালগরিদম,2.431
3318,Paper width (cm):,bn,Bengali,qwen2.5-coder:7b,পেপার প্রস্থ (সেমি):,2.598
3319,Rupiah,bn,Bengali,qwen2.5-coder:7b,রূপিয়া,1.575
3320,five,bn,Bengali,qwen2.5-coder:7b,পাঁচ,0.91
3321,Subject:,bn,Bengali,qwen2.5-coder:7b,বিষয়:,1.28
3322,Client signing:,bn,Bengali,qwen2.5-coder:7b,কার্যকরী স্বাক্ষরণ:,2.695
3323,Horizontally in & Splitter,bn,Bengali,qwen2.5-coder:7b,হারানোন্নে এবং স্পিটার,3.701
3324,Ready,bn,Bengali,qwen2.5-coder:7b,প্রস্তুত,1.526
3325,Remove Display,bn,Bengali,qwen2.5-coder:7b,মোৰ্ডিফিকেশন অপ্রোভাৰ কৰো,4.182
3326,My Downloads,bn,Bengali,qwen2.5-coder:7b,মায়েনের ডাউনলোডস,2.593
3327,Cups Page Log Files,bn,Bengali,qwen2.5-coder:7b,কাপ পেজ লগ ফাইলসমূহ,2.862
3328,& Previous Hole,bn,Bengali,qwen2.5-coder:7b,& আগের খালি,1.738
3329,Unknown host %1,bn,Bengali,qwen2.5-coder:7b,অজানা হোস্ট %1,2.112
3330,& Statistics...,bn,Bengali,qwen2.5-coder:7b,& স্ট্যাটিস্টিক্স...,2.552
3331,Monthly Log,bn,Bengali,qwen2.5-coder:7b,মাসিক লগ,1.438
3332,My Neighborhood,bn,Bengali,qwen2.5-coder:7b,আমার নেক্ষেত্র,2.13
3333,Network name,bn,Bengali,qwen2.5-coder:7b,নেটওয়ার্ক নাম,2.213
3334,Custom 3,bn,Bengali,qwen2.5-coder:7b,ব্যবহারকর্তা ৩,2.496
3335,Printing,bn,Bengali,qwen2.5-coder:7b,প্রিন্টিং,1.538
3336,Energy amount:,bn,Bengali,qwen2.5-coder:7b,ইনামূলতা পরিমাণ:,2.528
3337,Picture,bn,Bengali,qwen2.5-coder:7b,ছবি,0.824
3338,Marking improvements,bn,Bengali,qwen2.5-coder:7b,"আসামান্য বাংলা ভাষায় ""মূল্যাংশ বাস্তবায়ন"" বলা যায়।",6.74
3339,locale,bn,Bengali,qwen2.5-coder:7b,লোকেল,1.174
3340,Running Account,bn,Bengali,qwen2.5-coder:7b,চলমান ব্যাংক,1.884
3341,D2 support,bn,Bengali,qwen2.5-coder:7b,D2 সমর্থন,1.563
3342,Off,bn,Bengali,qwen2.5-coder:7b,অফ,0.691
3343,Device & name,bn,Bengali,qwen2.5-coder:7b,বিন্যাস & নাম,1.99
3344,User:,bn,Bengali,qwen2.5-coder:7b,ব্যবহারকারী:,1.952
3345,Iron,bn,Bengali,qwen2.5-coder:7b,ইরোন,1.015
3346,& Username:,bn,Bengali,qwen2.5-coder:7b,& উজ্জ্বলা:,1.776
3347,Row number,bn,Bengali,qwen2.5-coder:7b,রৌপ সংখ্যা,1.967
3348,ImagePlugin_AntiVignetting,bn,Bengali,qwen2.5-coder:7b,ইমেজপ্লিন্ট_অন্টিভিনেটিং,3.485
3349,Set Initial PIN (NKS),bn,Bengali,qwen2.5-coder:7b,নিশ্চিত পিন সেট করুন (NKS),3.577
3350,Channel Password,bn,Bengali,qwen2.5-coder:7b,চ্যানেল পাসওয়ার্ড,2.599
3351,Swiss Franc,bn,Bengali,qwen2.5-coder:7b,সুইজার ফ্রান্স,2.256
3352,Texture preview:,bn,Bengali,qwen2.5-coder:7b,মডেল প্রোফাইল:,2.259
3353,Defined macros,bn,Bengali,qwen2.5-coder:7b,নির্ধারিত মাক্রোস্ট্রিং,3.018
3354,& Pitch:,bn,Bengali,qwen2.5-coder:7b,& প্রেম:,1.394
3355,Attack 2,bn,Bengali,qwen2.5-coder:7b,আটক ২,1.223
3356,Price,bn,Bengali,qwen2.5-coder:7b,মূল্য,1.087
3357,Image size:,bn,Bengali,qwen2.5-coder:7b,ছবির আকার:,1.612
3358,Normalized,bn,Bengali,qwen2.5-coder:7b,ন্যায়কৃত,1.725
3359,Files,bn,Bengali,qwen2.5-coder:7b,ফাইলসমূহ,1.444
3360,& Subtitles,bn,Bengali,qwen2.5-coder:7b,& সাহিত্য,1.51
3361,X resolution,bn,Bengali,qwen2.5-coder:7b,X সমান্তরাল সমারোধ,2.734
3362,2: Real Part,bn,Bengali,qwen2.5-coder:7b,২: সত্যাবাদ ভাগ,2.577
3363,Non-Proportional,bn,Bengali,qwen2.5-coder:7b,অন্যায়ীকরণ নেই,2.709
3364,moving,bn,Bengali,qwen2.5-coder:7b,মুক্তি,1.26
3365,& Filename:,bn,Bengali,qwen2.5-coder:7b,& ফাইলের নাম:,1.933
3366,Wikipedia localization,bn,Bengali,qwen2.5-coder:7b,উইকিপিডিয়া অন্তর্ভুক্তি,3.423
3367,XML Bookmark file,bn,Bengali,qwen2.5-coder:7b,XML বুকমার্ক ফাইল,2.284
3368,& Grant,bn,Bengali,qwen2.5-coder:7b,& অনুমোদন দিন,2.283
3369,Course Information,bn,Bengali,qwen2.5-coder:7b,কোর্স তথ্য,1.781
3370,& Transfer Settings,bn,Bengali,qwen2.5-coder:7b,&সেটিংস ব্যাংক করুন,2.796
3371,Structure delimiting:,bn,Bengali,qwen2.5-coder:7b,স্থানীয়াকরণ সূচক:,3.138
3372,Pen Size,bn,Bengali,qwen2.5-coder:7b,মুখ্য আকার,1.754
3373,From Parent Role,bn,Bengali,qwen2.5-coder:7b,মানুষের ভূমিকা,2.346
3374,Derivatives,bn,Bengali,qwen2.5-coder:7b,ডারিভিটিস,1.506
3375,Track Encoded,bn,Bengali,qwen2.5-coder:7b,কোডিত ট্র্যাক,2.076
3376,& Ctrl; Space,bn,Bengali,qwen2.5-coder:7b,& Ctrl; স্পেস,1.652
3377,Verification Settings,bn,Bengali,qwen2.5-coder:7b,মুদ্রণ সেটিংস,2.058
3378,printing,bn,Bengali,qwen2.5-coder:7b,প্রিন্টিং,1.413
3379,Storage Drive,bn,Bengali,qwen2.5-coder:7b,স্টোরেজ ড্রাইভ,2.068
3380,Button Background,bn,Bengali,qwen2.5-coder:7b,বুটনের ব্যাকগ্রাউন্ড,2.794
3381,Guard time (sec/ 50):,bn,Bengali,qwen2.5-coder:7b,মন্দিরের সময় (সেকেন্ড/ 50):,4.287
3382,Gather,bn,Bengali,qwen2.5-coder:7b,গুলো সংগ্রহ করুন,3.034
3383,Contone (4096 colors),bn,Bengali,qwen2.5-coder:7b,কনটোন (৪০৯৬ রং),3.216
3384,Floating-point precision:,bn,Bengali,qwen2.5-coder:7b,পূর্ণসংখ্যা সহকারী স্পষ্টতা:,4.111
3385,Dump reason:,bn,Bengali,qwen2.5-coder:7b,ডাউম কারণ:,1.599
3386,Security,bn,Bengali,qwen2.5-coder:7b,সীমানা,1.139
3387,Groups:,bn,Bengali,qwen2.5-coder:7b,গুপ্পিরা:,1.493
3388,lightyear,bn,Bengali,qwen2.5-coder:7b,লাইঘার,1.238
3389,%1 (capture),bn,Bengali,qwen2.5-coder:7b,%1 (সংগ্রহ),1.708
3390,Stapler Option,bn,Bengali,qwen2.5-coder:7b,স্টেপার অপশন,1.9
3391,Looks,bn,Bengali,qwen2.5-coder:7b,আসে,0.812
3392,Area,bn,Bengali,qwen2.5-coder:7b,অংশ,0.941
3393,Default paint operations,bn,Bengali,qwen2.5-coder:7b,ডিফল্ট প্যান্ট অপারেশনস,3.187
3394,Battery Actions,bn,Bengali,qwen2.5-coder:7b,ব্যাটারি অ্যাকশনস,2.298
3395,& Next tab,bn,Bengali,qwen2.5-coder:7b,&পরের টেবিল,1.597
3396,Level number:,bn,Bengali,qwen2.5-coder:7b,স্তর সংখ্যা:,1.82
3397,Print Index - \\printindex,bn,Bengali,qwen2.5-coder:7b,প্রিন্ট সন্ধান - \\printindex,2.563
3398,DVD titles pattern,bn,Bengali,qwen2.5-coder:7b,DVD টাইটেল প্যাট্টার্ন,2.535
3399,Views,bn,Bengali,qwen2.5-coder:7b,প্রিয়া,1.312
3400,Network interface information,bn,Bengali,qwen2.5-coder:7b,নেটওয়ার্ক ইন্টারফেস তথ্য,3.267
3401,Air speed,bn,Bengali,qwen2.5-coder:7b,আের স্পিড,1.489
3402,Kate Styles,bn,Bengali,qwen2.5-coder:7b,কেট স্টাইলস,1.751
3403,Track Progression,bn,Bengali,qwen2.5-coder:7b,প্রogress ট্র্যাক করুন,2.508
3404,myTurn,bn,Bengali,qwen2.5-coder:7b,আমার টাউন,1.445
3405,Playing order:,bn,Bengali,qwen2.5-coder:7b,প্লে অর্ডার:,1.74
3406,Scripting.,bn,Bengali,qwen2.5-coder:7b,স্ক্রিপ্টিং।,1.835
3407,Network Proxy,bn,Bengali,qwen2.5-coder:7b,নেটওয়ার্ক প্রোজেক্ট,2.751
3408,of January,bn,Bengali,qwen2.5-coder:7b,জানুয়ারির অংশে,2.292
3409,KMail Migration Tool,bn,Bengali,qwen2.5-coder:7b,কমেইল অন্যায়ী উপকরণ,2.897
3410,Track announcement popups,bn,Bengali,qwen2.5-coder:7b,ট্র্যাক সমাচার পর্বটি,2.8
3411,Download speed:,bn,Bengali,qwen2.5-coder:7b,ডাউনলোড স্পিড:,2.197
3412,CD Encoded,bn,Bengali,qwen2.5-coder:7b,CD একোড করা,1.73
3413,German (de),bn,Bengali,qwen2.5-coder:7b,জার্মান (de),1.498
3414,Custom 2,bn,Bengali,qwen2.5-coder:7b,স্বতন্ত্র ২,1.718
3415,Your name:,bn,Bengali,qwen2.5-coder:7b,আপনার নাম:,1.473
3416,& Driver:,bn,Bengali,qwen2.5-coder:7b,& ড্রাইভার:,1.553
3417,_Release,bn,Bengali,qwen2.5-coder:7b,প্রকাশ,1.071
3418,Seeding,bn,Bengali,qwen2.5-coder:7b,শুরুণা করা,1.702
3419,Calendar system:,bn,Bengali,qwen2.5-coder:7b,ক্যালেন্ডার সিস্টেম:,2.449
3420,Upper Austria,bn,Bengali,qwen2.5-coder:7b,উপরো অস্ট্রিয়া,2.269
3421,This month,bn,Bengali,qwen2.5-coder:7b,এই মাস,1.118
3422,Project,bn,Bengali,qwen2.5-coder:7b,প্রকল্প,1.135
3423,Formatting Characters,bn,Bengali,qwen2.5-coder:7b,ফরম্যাটিং অক্ষর,1.948
3424,Plotting Range,bn,Bengali,qwen2.5-coder:7b,মৌলিক অংশ,1.656
3425,Identities Page,bn,Bengali,qwen2.5-coder:7b,আইডিটিটি পাতা,1.935
3426,Immediately,bn,Bengali,qwen2.5-coder:7b,ইমедিটিটি,1.351
3427,Use Sendmail,bn,Bengali,qwen2.5-coder:7b,সেন্ডমেইল ব্যবহার করুন,3.155
3428,Shortcut name: style,bn,Bengali,qwen2.5-coder:7b,ক্ষেত্রের নাম: স্টাইল,2.684
3429,Call Chain,bn,Bengali,qwen2.5-coder:7b,কল চেইন,1.239
3430,Sounds tuning,bn,Bengali,qwen2.5-coder:7b,শব্দ স্থায়ন,1.76
3431,Scrolling,bn,Bengali,qwen2.5-coder:7b,স্ক্রোলিং,1.492
3432,Value Options,bn,Bengali,qwen2.5-coder:7b,মূল্য অপশনস,1.755
3433,Optimized,bn,Bengali,qwen2.5-coder:7b,অপ্টিমাইজেড,1.534
3434,Placement,bn,Bengali,qwen2.5-coder:7b,স্থাপনা,1.152
3435,Always Best,bn,Bengali,qwen2.5-coder:7b,সবসময় সুন্দর,2.106
3436,Capture from %1,bn,Bengali,qwen2.5-coder:7b,সংগ্রহ করুন %1,2.374
3437,Deleted,bn,Bengali,qwen2.5-coder:7b,মুছে দিয়েছে,2.023
3438,Binary Tree,bn,Bengali,qwen2.5-coder:7b,বাইনারি টীর,1.886
3439,South Bohemia,bn,Bengali,qwen2.5-coder:7b,সুমারী ভারত,1.827
3440,Liberian Dollar,bn,Bengali,qwen2.5-coder:7b,লিবারিয়ান ডোলার,2.374
3441,Orca Speech,bn,Bengali,qwen2.5-coder:7b,অর্কা ভাষা,1.539
3442,Mexican Peso,bn,Bengali,qwen2.5-coder:7b,মেক্সিকো পেসো,2.072
3443,of September,bn,Bengali,qwen2.5-coder:7b,অক্টোবরের,1.556
3444,Peak Speed:,bn,Bengali,qwen2.5-coder:7b,সর্বোচ্চ গতি:,1.919
3445,A vs. C Overview,bn,Bengali,qwen2.5-coder:7b,A vs. C সম্পর্কে অনুসন্ধান,3.118
3446,Piece glued,bn,Bengali,qwen2.5-coder:7b,কাজ সংয়োজিত,2.04
3447,Variable name.,bn,Bengali,qwen2.5-coder:7b,মুক্তির নাম।,1.799
3448,single channel,bn,Bengali,qwen2.5-coder:7b,একটি চ্যানেল,1.664
3449,Note Actions,bn,Bengali,qwen2.5-coder:7b,নোট অ্যাকশনসমূহ,2.391
3450,icon design,bn,Bengali,qwen2.5-coder:7b,আইকন ডিজাইন,1.734
3451,Video Record,bn,Bengali,qwen2.5-coder:7b,ভিডিও রেকর্ড,1.83
3452,Strings:,bn,Bengali,qwen2.5-coder:7b,স্ট্রিংস:,1.408
3453,Midi effects,bn,Bengali,qwen2.5-coder:7b,মিডি ইফেক্টস,1.744
3454,Image Type,bn,Bengali,qwen2.5-coder:7b,ইমেজ টাইপ,1.415
3455,property,bn,Bengali,qwen2.5-coder:7b,মূল্য,1.029
3456,Symbol rate (kS/ s):,bn,Bengali,qwen2.5-coder:7b,সিম্বল দর (kS/s):,2.058
3457,Bolivian Mvdol,bn,Bengali,qwen2.5-coder:7b,বোলিভিয়ান মভোল,2.567
3458,& lt; size in bytesgt;,bn,Bengali,qwen2.5-coder:7b,&lt; বাইটের আকার &gt;,2.547
3459,Custom Type 1,bn,Bengali,qwen2.5-coder:7b,কাস্টম টাইপ ১,2.08
3460,Encrypting,bn,Bengali,qwen2.5-coder:7b,এক্সেন্ট করা,1.79
3461,Frequency:,bn,Bengali,qwen2.5-coder:7b,মূল্যায়ী:,1.905
3462,Or Between Tags,bn,Bengali,qwen2.5-coder:7b,অথবা ট্যাগ মধ্যে,2.3
3463,Christian Gangsta Rap,bn,Bengali,qwen2.5-coder:7b,ক্রীষ্টিক গান্স্টা রাপ,2.869
3464,Scripting interface,bn,Bengali,qwen2.5-coder:7b,স্ক্রিপ্টিং ইন্টারফেস,2.747
3465,Disk Buffers,bn,Bengali,qwen2.5-coder:7b,ডিস্ক বাউফারস,1.803
3466,Interface Overview,bn,Bengali,qwen2.5-coder:7b,আইন্টারফেস অভ্যাস,2.247
3467,Omani Rial,bn,Bengali,qwen2.5-coder:7b,অমানি রিয়াল,1.921
3468,& Norwegian,bn,Bengali,qwen2.5-coder:7b,& নরওয়া,1.433
3469,z rotation:,bn,Bengali,qwen2.5-coder:7b,বিয়েক্স ঘূর্ণন:,2.382
3470,Signing,bn,Bengali,qwen2.5-coder:7b,সাইনিং,1.093
3471,source,bn,Bengali,qwen2.5-coder:7b,সূর্য,1.073
3472,Look for:,bn,Bengali,qwen2.5-coder:7b,খুঁজুন:,1.676
3473,pigment declaration,bn,Bengali,qwen2.5-coder:7b,প্রতিবাস প্রাধান্য,2.547
3474,Project version,bn,Bengali,qwen2.5-coder:7b,প্রকল্পের প্রশ্ন,2.236
3475,new Signal,bn,Bengali,qwen2.5-coder:7b,নতুন সিগ্নাল,1.855
3476,Online Certificate Validation,bn,Bengali,qwen2.5-coder:7b,অনলাইন সাক্ষরতা সত্যাপন,2.915
3477,no file,bn,Bengali,qwen2.5-coder:7b,নেই ফাইল,1.295
3478,Templates Settings,bn,Bengali,qwen2.5-coder:7b,টেমপ্লেট সেটিংস,2.006
3479,1200 Image Quality,bn,Bengali,qwen2.5-coder:7b,১২০০ ছবি গুলির গুলির গুলির গুলির গুলির গুলির গুলির গুলির গুলির গুলির গুলির গুলির গু,11.145
3480,Icon size: %1 pixels,bn,Bengali,qwen2.5-coder:7b,আইকন আকার: %1 পিক্সেল,2.826
3481,Profile Management,bn,Bengali,qwen2.5-coder:7b,প্রোফাইল ম্যানেজমেন্ট,2.8
3482,& Statistics,bn,Bengali,qwen2.5-coder:7b,& স্ট্যাটিস্টিকস,2.159
3483,Definition List,bn,Bengali,qwen2.5-coder:7b,নির্দেশনা তালিকা,2.16
3484,Conflict Detected,bn,Bengali,qwen2.5-coder:7b,কনফ্লিক্ট প্রকাশিত,2.346
3485,Data Project,bn,Bengali,qwen2.5-coder:7b,ডেটা প্রকল্প,1.676
3486,& Crop,bn,Bengali,qwen2.5-coder:7b,&কর্পোরেশন,1.578
3487,Print Engine Select (Printer 1),bn,Bengali,qwen2.5-coder:7b,প্রিন্ট ইঞ্জিন সিলেক্ট (প্রিন্টার ১),4.615
3488,"Developer (HTML rendering engine, JavaScript)",bn,Bengali,qwen2.5-coder:7b,"ডেভেলপার (HTML রен্ডারিং ইঞ্জিন, জাভাস্ক্রিপ্ট)",5.268
3489,Turkish Lira,bn,Bengali,qwen2.5-coder:7b,তুর্কি লিরা,1.723
3490,& feminine,bn,Bengali,qwen2.5-coder:7b,& মহিলা,1.182
3491,Green Tone,bn,Bengali,qwen2.5-coder:7b,সবুজ টোন,1.561
3492,Outgoing,bn,Bengali,qwen2.5-coder:7b,আউটগুট,1.218
3493,Color Space Conversion,bn,Bengali,qwen2.5-coder:7b,কোলর স্পেস অন্বেষণ,2.513
3494,Sample Width,bn,Bengali,qwen2.5-coder:7b,নমোনা প্রস্থ,1.834
3495,corrupted chunks,bn,Bengali,qwen2.5-coder:7b,ক্ষতিগত অংশ,1.795
3496,Romanian Leu A/ 05,bn,Bengali,qwen2.5-coder:7b,রোমানীয় লিউ এ/ ০৫,3.192
3497,Applications,bn,Bengali,qwen2.5-coder:7b,আ플িকেশনসমূহ,1.672
3498,Deviation,bn,Bengali,qwen2.5-coder:7b,বিপর্যাস,1.281
3499,new_fkey_constraint,bn,Bengali,qwen2.5-coder:7b,নতুন ফিল্টার সম্পর্ক,2.868
3500,Track Length,bn,Bengali,qwen2.5-coder:7b,পথের দৈর্ঘ্য,1.974
3501,Example,bn,Bengali,qwen2.5-coder:7b,উদাহরণ,1.042
3502,"Paste ""%1"" to input",bn,Bengali,qwen2.5-coder:7b,ইনপুটে পেস্ট করুন %1,2.87
3503,Typewriter,bn,Bengali,qwen2.5-coder:7b,তাপী,0.998
3504,Next Track,bn,Bengali,qwen2.5-coder:7b,পরের ট্র্যাক,1.765
3505,My Bugs,bn,Bengali,qwen2.5-coder:7b,আমার বিগস,1.44
3506,X.509 Certificate,bn,Bengali,qwen2.5-coder:7b,এক্স.৫০৯ সার্টিফিকেট,3.003
3507,Selection Mode:,bn,Bengali,qwen2.5-coder:7b,নির্বাচন অর্থ:,1.976
3508,density map declaration,bn,Bengali,qwen2.5-coder:7b,মাত্রামান অনুমান,2.291
3509,Keyword,bn,Bengali,qwen2.5-coder:7b,কীওয়ার্ড,1.557
3510,Record,bn,Bengali,qwen2.5-coder:7b,রেকর্ড,1.048
3511,Delete all,bn,Bengali,qwen2.5-coder:7b,সব মুছে দিন,1.784
3512,Liability,bn,Bengali,qwen2.5-coder:7b,সম্বন্ধিত জরুরি কর্তৃক বাবে বাস্তব জরুরি কর্তৃক বাবে বাস্তব জরুরি কর্তৃক বাবে বাস্তব জরুরি কর,11.072
3513,Line Spacing,bn,Bengali,qwen2.5-coder:7b,লাইন স্পেসিং,1.802
3514,power governor %1,bn,Bengali,qwen2.5-coder:7b,পাওয়ার গভীর %1,2.128
3515,Extension Information,bn,Bengali,qwen2.5-coder:7b,অনুসারণের তথ্য,2.075
3516,Password Manager,bn,Bengali,qwen2.5-coder:7b,পাসওয়ার্ড ম্যানেজার,2.739
3517,Dialog Editor,bn,Bengali,qwen2.5-coder:7b,ডিলগ এডিটর,1.719
3518,Window title,bn,Bengali,qwen2.5-coder:7b,জanela শিরোমন,1.701
3519,Scheduled Time:,bn,Bengali,qwen2.5-coder:7b,সময় সম্পর্কে:,2.083
3520,Changed,bn,Bengali,qwen2.5-coder:7b,আপডেট করা হয়েছে,2.156
3521,Forty & Eight,bn,Bengali,qwen2.5-coder:7b,৪৪,0.94
3522,Bolivian Boliviano,bn,Bengali,qwen2.5-coder:7b,বোলিভিয়ান বোলিভিয়ান,3.183
3523,Volume,bn,Bengali,qwen2.5-coder:7b,শব্দ,0.863
3524,Chapters,bn,Bengali,qwen2.5-coder:7b,চাপ্পাই।,1.286
3525,Connection specific:: Racoon,bn,Bengali,qwen2.5-coder:7b,ঘূর্ণন বিশেষ:: রাকোন,2.902
3526,Opening date,bn,Bengali,qwen2.5-coder:7b,আপনি কখন খোলতে চান?,2.549
3527,Overlaying Stencils,bn,Bengali,qwen2.5-coder:7b,স্টেন্সিল অভ্যস্থান,2.611
3528,Start Parley first.,bn,Bengali,qwen2.5-coder:7b,প্রথমে পর্লি শুরু করুন।,3.145
3529,Personal,bn,Bengali,qwen2.5-coder:7b,ব্যক্তিগত,1.481
3530,Minimum size:,bn,Bengali,qwen2.5-coder:7b,মিনিমাম আকার:,1.967
3531,Romanian Leu,bn,Bengali,qwen2.5-coder:7b,রোমানীয় লিউ,2.198
3532,Edit Formula,bn,Bengali,qwen2.5-coder:7b,ফরমুলা সম্পাদনা,2.192
3533,of R. Awal,bn,Bengali,qwen2.5-coder:7b,র. আওয়ালের,1.821
3534,Escape response:,bn,Bengali,qwen2.5-coder:7b,বাবের উত্তর:,1.858
3535,Croatia,bn,Bengali,qwen2.5-coder:7b,ক্রোটিয়া,1.666
3536,Show as: Free,bn,Bengali,qwen2.5-coder:7b,ফ্রি হিসেবে দেখাও,2.537
3537,OpenPGP export file:,bn,Bengali,qwen2.5-coder:7b,OpenPGP ফাইল এক্সপোর্ট করুন:,3.311
3538,Ctrl; H Game,bn,Bengali,qwen2.5-coder:7b,Ctrl; H খেলা,1.624
3539,Selected 2,bn,Bengali,qwen2.5-coder:7b,2 সিলেক্ট করা,1.802
3540,Nuke,bn,Bengali,qwen2.5-coder:7b,নাকু,0.953
3541,Recommended,bn,Bengali,qwen2.5-coder:7b,সুপোস্ট আইটেম,2.076
3542,active,bn,Bengali,qwen2.5-coder:7b,সক্রিয়া,1.515
3543,Red Player,bn,Bengali,qwen2.5-coder:7b,রোজ প্লেয়ার,1.926
3544,Northern Europe,bn,Bengali,qwen2.5-coder:7b,উত্তর যুরোপা,1.921
3545,Host (server) name,bn,Bengali,qwen2.5-coder:7b,হোস্ট (সার্ভার) নাম,2.619
3546,Configuration Files,bn,Bengali,qwen2.5-coder:7b,নстройকরণ ফাইলসমূহ,1.934
3547,current,bn,Bengali,qwen2.5-coder:7b,বর্তমান,1.194
3548,& Bold,bn,Bengali,qwen2.5-coder:7b,&পাইচি,1.098
3549,interior,bn,Bengali,qwen2.5-coder:7b,অন্তর্ভুক্তি,1.897
3550,LDAP delete dn,bn,Bengali,qwen2.5-coder:7b,LDAP ডিলিট ডিএন,1.7
3551,Add Script,bn,Bengali,qwen2.5-coder:7b,স্ক্রিপ্ট যোগ করুন,2.745
3552,Image Restoration Tools,bn,Bengali,qwen2.5-coder:7b,ইমেজ রিস্টোর টুলস,2.508
3553,Ascorbic acid,bn,Bengali,qwen2.5-coder:7b,আসক্রিব অ্যাসিড,2.117
3554,Navigation Toolbar,bn,Bengali,qwen2.5-coder:7b,নভিগেশন টুলবার,2.22
3555,Alignment:,bn,Bengali,qwen2.5-coder:7b,অনুসারণ:,1.524
3556,Polygons,bn,Bengali,qwen2.5-coder:7b,পলিগনস,1.236
3557,green,bn,Bengali,qwen2.5-coder:7b,সবুজ,1.048
3558,Deep Blue,bn,Bengali,qwen2.5-coder:7b,কেন্দ্র নীল,1.841
3559,system performance,bn,Bengali,qwen2.5-coder:7b,সিস্টেম অ performans,1.646
3560,Interpolation:,bn,Bengali,qwen2.5-coder:7b,অন্তর্ভুক্তি:,1.861
3561,& Frame Color:,bn,Bengali,qwen2.5-coder:7b,& ফ্রেম রঙ:,1.701
3562,Power state,bn,Bengali,qwen2.5-coder:7b,পাওয়ার অবস্থা,2.0
3563,LEAP Username,bn,Bengali,qwen2.5-coder:7b,লিপ উজ্জ্বলা,1.734
3564,No Project,bn,Bengali,qwen2.5-coder:7b,কোনো প্রকল্প,1.959
3565,Astrocalculator,bn,Bengali,qwen2.5-coder:7b,আстроক্যালকুলেটর,2.026
3566,Unknown Type,bn,Bengali,qwen2.5-coder:7b,অজানা ধরনি,1.537
3567,(unknown call),bn,Bengali,qwen2.5-coder:7b,অজানা কল,1.432
3568,Destination Folder,bn,Bengali,qwen2.5-coder:7b,মূল্যাংশ ফোল্ডার,2.667
3569,digiKam Core Image Plugin,bn,Bengali,qwen2.5-coder:7b,ডিজিক্যাম কোর ইমেজ প্লাগইন,3.489
3570,Filter Applied,bn,Bengali,qwen2.5-coder:7b,ফিল্টার প্রয়োগ করা হয়েছে,3.542
3571,Print Engine Select (Printer 2),bn,Bengali,qwen2.5-coder:7b,প্রিন্ট ইঞ্জিন সিলেক্ট (প্রিন্টার ২),4.43
3572,(2) System Calls,bn,Bengali,qwen2.5-coder:7b,(2) সিস্টেম কলস,2.306
3573,Shutdown,bn,Bengali,qwen2.5-coder:7b,শক্তি বন্ধ করুন,2.176
3574,loop,bn,Bengali,qwen2.5-coder:7b,অপেক্ষা,1.175
3575,Next Conflict,bn,Bengali,qwen2.5-coder:7b,পরবর্তী সংঘটনা,2.267
3576,Serial,bn,Bengali,qwen2.5-coder:7b,সিরিয়াল,1.431
3577,KMyMoney files,bn,Bengali,qwen2.5-coder:7b,কম্পাইন ফাইলসমূহ,2.41
3578,Action:,bn,Bengali,qwen2.5-coder:7b,অ্যাকশন:,1.228
3579,Time coherent,bn,Bengali,qwen2.5-coder:7b,সময় সঙ্গত,1.574
3580,A hundred,bn,Bengali,qwen2.5-coder:7b,এক শত,0.984
3581,19th Last,bn,Bengali,qwen2.5-coder:7b,১৯তম উল্টো,1.896
3582,Monthly Budget,bn,Bengali,qwen2.5-coder:7b,মাসিক বাস্তব্য,1.966
3583,License:,bn,Bengali,qwen2.5-coder:7b,লাইসেন্স:,1.379
3584,Marble Map,bn,Bengali,qwen2.5-coder:7b,মার্বেল ম্যাপ,1.868
3585,Background image:,bn,Bengali,qwen2.5-coder:7b,পেট্রি ছবি:,1.611
3586,visited,bn,Bengali,qwen2.5-coder:7b,ভিজিট,1.013
3587,ImagePlugin_AdjustLevels,bn,Bengali,qwen2.5-coder:7b,ইমেজ প্লাগইন লেভেলস সম্পাদনা,3.551
3588,Delete A & B,bn,Bengali,qwen2.5-coder:7b,A & B সম্পর্কে অপসারণ,2.558
3589,Romanian,bn,Bengali,qwen2.5-coder:7b,রোমانীয়া,1.82
3590,& Copy Content,bn,Bengali,qwen2.5-coder:7b,&কাজ কপি করুন,2.08
3591,Fuzziness:,bn,Bengali,qwen2.5-coder:7b,ফুজিনেসি:,1.682
3592,Fan Control,bn,Bengali,qwen2.5-coder:7b,ফ্যান নিয়ন্ত্রণ,2.299
3593,Open Calais registration key,bn,Bengali,qwen2.5-coder:7b,কালাইস রেজিস্ট্রেশন কী খোলুন,3.868
3594,Attribute Properties,bn,Bengali,qwen2.5-coder:7b,অবস্থা বৈশিষ্ট্য,2.293
3595,Track,bn,Bengali,qwen2.5-coder:7b,পরিবর্তন,1.519
3596,Card Collection,bn,Bengali,qwen2.5-coder:7b,কার্ড সংগ্রহ,1.814
3597,In Progress,bn,Bengali,qwen2.5-coder:7b,চলমান,1.014
3598,Until,bn,Bengali,qwen2.5-coder:7b,আয়া,0.978
3599,& User:,bn,Bengali,qwen2.5-coder:7b,& উজ্জ্বলা:,1.636
3600,Passing Direction,bn,Bengali,qwen2.5-coder:7b,পথের দিক্ষা,1.751
3601,End Time:,bn,Bengali,qwen2.5-coder:7b,শেষ সময়:,1.689
3602,Tidy by Kommander,bn,Bengali,qwen2.5-coder:7b,কম্ব্যান্ডারের দ্বারা সুষ্টিকরণ,3.925
3603,Always Off,bn,Bengali,qwen2.5-coder:7b,সবসময় অফ,1.533
3604,Minimum length:,bn,Bengali,qwen2.5-coder:7b,মিনিমাম দৈর্ঘ্য:,2.246
3605,Timeline,bn,Bengali,qwen2.5-coder:7b,তাইমলাইন,1.283
3606,Option Group (wml),bn,Bengali,qwen2.5-coder:7b,অপশন গ্রুপ (wml),2.149
3607,USB device,bn,Bengali,qwen2.5-coder:7b,USB ডিভাইস,1.308
3608,Key type:,bn,Bengali,qwen2.5-coder:7b,কী ধরণ:,1.27
3609,& Text-to-Speech,bn,Bengali,qwen2.5-coder:7b,& টেক্সট-টো-স্পিচ,2.48
3610,not,bn,Bengali,qwen2.5-coder:7b,না,0.687
3611,File extensions:,bn,Bengali,qwen2.5-coder:7b,ফাইল অনুশূলনী:,2.315
3612,Current score:,bn,Bengali,qwen2.5-coder:7b,"বর্তমান অর্থ:""
(Translation: ""Current score:"")",2.743
3613,Read bmpx,bn,Bengali,qwen2.5-coder:7b,বিম্পি পড়ুন,2.357
3614,& Unmount,bn,Bengali,qwen2.5-coder:7b,& অপ্রতিবাদ করুন,2.294
3615,History-based,bn,Bengali,qwen2.5-coder:7b,ইতিহাস-ভিত্তিক,2.033
3616,Average:,bn,Bengali,qwen2.5-coder:7b,মোটামোট:,1.495
3617,Outgoing:,bn,Bengali,qwen2.5-coder:7b,আসলের:,1.056
3618,Enter Signal,bn,Bengali,qwen2.5-coder:7b,সিগ্নাল দিন,1.531
3619,Spikes:,bn,Bengali,qwen2.5-coder:7b,স্পিকস:,1.185
3620,Domain Name:,bn,Bengali,qwen2.5-coder:7b,ডメイン নাম:,1.266
3621,Change Board Layout,bn,Bengali,qwen2.5-coder:7b,মোবাইল বোর্ডের আকার পরিবর্তন করুন,4.177
3622,Time Calculators,bn,Bengali,qwen2.5-coder:7b,সময় গণনা করুন,2.229
3623,spacing:,bn,Bengali,qwen2.5-coder:7b,স্পেসিং:,1.391
3624,KHTML Userscript Installer,bn,Bengali,qwen2.5-coder:7b,KHTML উইস্ক্রিপ্ট ইনস্টলার,3.139
3625,Edit Host,bn,Bengali,qwen2.5-coder:7b,হোস্ট সম্পাদনা,2.121
3626,Title & Alignment,bn,Bengali,qwen2.5-coder:7b,শিরোনাম এবং সামগ্রী স্থানান্তর,3.886
3627,Circuit,bn,Bengali,qwen2.5-coder:7b,কার্যব্যবস্থা,1.887
3628,LightBlue3,bn,Bengali,qwen2.5-coder:7b,লাইট ব্লু ৩,1.846
3629,Access log file,bn,Bengali,qwen2.5-coder:7b,অ্যাক্সেস লগ ফাইল,2.188
3630,User Help,bn,Bengali,qwen2.5-coder:7b,ব্যবহারকরী সাহায্য,2.458
3631,User certificate:,bn,Bengali,qwen2.5-coder:7b,ব্যবহারকারী সাক্ষরতা:,2.633
3632,Line Break,bn,Bengali,qwen2.5-coder:7b,লাইন বিচ্ছেদ,1.758
3633,Trigonometry Functions,bn,Bengali,qwen2.5-coder:7b,ত্রিকোণমিতি ফাংশনসমূহ,3.014
3634,Keyboard & Layout:,bn,Bengali,qwen2.5-coder:7b,কোবাইট এবং আকার:,2.578
3635,Info window,bn,Bengali,qwen2.5-coder:7b,ইনফো জেনারেটর,2.047
3636,Aleutian Islands,bn,Bengali,qwen2.5-coder:7b,আলেউটিয়ান আরবি,2.214
3637,Symbol List,bn,Bengali,qwen2.5-coder:7b,সিম্বল তালিকা,1.879
3638,Content,bn,Bengali,qwen2.5-coder:7b,কাজামান্ড,1.4
3639,64th,bn,Bengali,qwen2.5-coder:7b,৬৪তম,1.208
3640,Traffic & Plotter,bn,Bengali,qwen2.5-coder:7b,গাড়ির পরিবর্তন এবং প্লটার,3.538
3641,Members:,bn,Bengali,qwen2.5-coder:7b,মেম্বারস:,1.392
3642,Account balance=%1,bn,Bengali,qwen2.5-coder:7b,অ্যাকাউন্ট ব্যালেন্স=%1,2.795
3643,Skipping %1,bn,Bengali,qwen2.5-coder:7b,পাঠিয়ে দিতেছি %1,2.398
3644,Adjust Volume,bn,Bengali,qwen2.5-coder:7b,ভূমিকা সম্পাদনা,2.203
3645,Ball Bouncing Game,bn,Bengali,qwen2.5-coder:7b,বল বাঁচানো খেল,2.286
3646,Already Running,bn,Bengali,qwen2.5-coder:7b,এখন চলছে,1.362
3647,Browseable,bn,Bengali,qwen2.5-coder:7b,নৌজন্যীকৃত,1.962
3648,Contact Actions,bn,Bengali,qwen2.5-coder:7b,যোগাযোগ অপশনস,1.975
3649,of Kislev,bn,Bengali,qwen2.5-coder:7b,কিসলেবের,1.341
3650,Subtitle,bn,Bengali,qwen2.5-coder:7b,সাব টাইটেল,1.453
3651,Certificate Password,bn,Bengali,qwen2.5-coder:7b,প্রতিশ্রুতি পাসওয়ার্ড,2.983
3652,Owning Group,bn,Bengali,qwen2.5-coder:7b,অধিকারী সম্পর্ক,2.275
3653,Style Script,bn,Bengali,qwen2.5-coder:7b,স্টাইল স্ক্রিপ্ট,2.105
3654,Print range,bn,Bengali,qwen2.5-coder:7b,প্রিন্ট বিস্তার,2.054
3655,Run Project via KXSLDbg,bn,Bengali,qwen2.5-coder:7b,প্রকল্পটি ক্সএকএসএলডিবগ দিয়ে চালান,4.506
3656,Colorize,bn,Bengali,qwen2.5-coder:7b,কোলরাইজ করুন,2.019
3657,PPTP settings,bn,Bengali,qwen2.5-coder:7b,PPTP সেটিংস,1.857
3658,Modify Host,bn,Bengali,qwen2.5-coder:7b,হোস্ট পরিবর্তন করুন,2.707
3659,Section Level 3,bn,Bengali,qwen2.5-coder:7b,শেখা ব্যাস ৩,1.853
3660,LocalDomainFilter,bn,Bengali,qwen2.5-coder:7b,লোকাল ডোমেন ফিল্টার,2.57
3661,RosyBrown2,bn,Bengali,qwen2.5-coder:7b,রোসি বাউন্ড ২,2.105
3662,Resize Row,bn,Bengali,qwen2.5-coder:7b,রো আকার পরিবর্তন,2.35
3663,Forward,bn,Bengali,qwen2.5-coder:7b,পৌছানো,1.242
3664,Screen Manager,bn,Bengali,qwen2.5-coder:7b,স্ক্রিন ম্যানেজার,2.211
3665,DVD Size,bn,Bengali,qwen2.5-coder:7b,DVD আকার,1.112
3666,LightSkyBlue3,bn,Bengali,qwen2.5-coder:7b,লাইট স্কি ব্লু ৩,2.409
3667,Multi-Channel,bn,Bengali,qwen2.5-coder:7b,মульটি-চ্যানেল,1.8
3668,& None,bn,Bengali,qwen2.5-coder:7b,& কোনোটি,1.453
3669,Fibers,bn,Bengali,qwen2.5-coder:7b,ফিবারস,1.186
3670,& Fleet Overview,bn,Bengali,qwen2.5-coder:7b,& ফ্লিট অ,1.535
3671,& Pitch,bn,Bengali,qwen2.5-coder:7b,& প্রেম,1.292
3672,DST rule:,bn,Bengali,qwen2.5-coder:7b,DST সমূহ:,1.482
3673,QMake Binary:,bn,Bengali,qwen2.5-coder:7b,QMake বাইনারি:,1.632
3674,Hip-Hop,bn,Bengali,qwen2.5-coder:7b,হিপ-হোপ,1.317
3675,27th Last,bn,Bengali,qwen2.5-coder:7b,২৭তম উল্টো,1.863
3676,Emphasize (wml),bn,Bengali,qwen2.5-coder:7b,সর্বোচ্চ প্রস্তুতি (wml),3.262
3677,Filename:,bn,Bengali,qwen2.5-coder:7b,ফাইলের নাম:,1.55
3678,& General,bn,Bengali,qwen2.5-coder:7b,& সাধারণ,1.247
3679,& Blue,bn,Bengali,qwen2.5-coder:7b,& লাল,0.917
3680,& Edit Sensor...,bn,Bengali,qwen2.5-coder:7b,&সেনсор সম্পাদনা...,1.929
3681,Navigation Panel,bn,Bengali,qwen2.5-coder:7b,নভিগেশন বোর্ড,1.973
3682,Bond length,bn,Bengali,qwen2.5-coder:7b,বন্ড দৈর্ঘ্য,1.824
3683,Instruction Jump,bn,Bengali,qwen2.5-coder:7b,নির্দেশ পার্শ্বের জামিনো,3.455
3684,Warnings,bn,Bengali,qwen2.5-coder:7b,সতরক্তা,1.188
3685,StorageInfo,bn,Bengali,qwen2.5-coder:7b,স্টোরেজ তথ্য,1.806
3686,Form Completion,bn,Bengali,qwen2.5-coder:7b,ফরম সম্পন্নি,1.637
3687,ConstraintSolver,bn,Bengali,qwen2.5-coder:7b,সমাধান সমাধান,1.733
3688,& Keyboard Layout:,bn,Bengali,qwen2.5-coder:7b,& কীবোর্ড আয়োজন:,2.58
3689,& Right Side,bn,Bengali,qwen2.5-coder:7b,& ডান দিকে,1.539
3690,logout,bn,Bengali,qwen2.5-coder:7b,লগ আউট,1.106
3691,Table Shape,bn,Bengali,qwen2.5-coder:7b,তাবলির আকার,1.542
3692,Income,bn,Bengali,qwen2.5-coder:7b,আয়োজন,1.26
3693,To amount,bn,Bengali,qwen2.5-coder:7b,মূল্য পরিবর্তন,2.282
3694,KColorScheme configuration file,bn,Bengali,qwen2.5-coder:7b,কালর স্কেম,1.703
3695,F5 Copy,bn,Bengali,qwen2.5-coder:7b,F5 কপি,1.213
3696,& Standard Headers,bn,Bengali,qwen2.5-coder:7b,& স্টান্ডার্ড হেডারস,2.749
3697,& Copy To,bn,Bengali,qwen2.5-coder:7b,&কপি করুন,1.592
3698,Reply-To address,bn,Bengali,qwen2.5-coder:7b,প্রতিবাবের ঠিকানা,2.527
3699,Extraction Dialog,bn,Bengali,qwen2.5-coder:7b,কোড এক্সট্রেকশন ডিলগ বক্স,3.247
3700,(Away),bn,Bengali,qwen2.5-coder:7b,(আরও নেই),1.419
3701,Overwrite Mode,bn,Bengali,qwen2.5-coder:7b,অনুৰোধ বিভিন্ন মোড,2.827
3702,Credits,bn,Bengali,qwen2.5-coder:7b,কৃতিবিবরণ,1.487
3703,fade curve,bn,Bengali,qwen2.5-coder:7b,ফ্যাড কুর্঵,1.752
3704,Afghanistan Afghani,bn,Bengali,qwen2.5-coder:7b,আফগেনিস্টান আফগেনী,2.488
3705,Mutt dotlock privileged,bn,Bengali,qwen2.5-coder:7b,মুট ডটলক অনুমতি,2.382
3706,New profile wizard PPTP,bn,Bengali,qwen2.5-coder:7b,নতুন প্রোফাইল জিনিস প্টপি টিপি,4.18
3707,Fraction,bn,Bengali,qwen2.5-coder:7b,মূল্যাংশ,1.461
3708,WiFi Geolocation,bn,Bengali,qwen2.5-coder:7b,WiFi গেলোকেশন,1.714
3709,Angle (degrees),bn,Bengali,qwen2.5-coder:7b,অক্ষ (একক),1.445
3710,Key Management,bn,Bengali,qwen2.5-coder:7b,কীভাবে সম্পর্কিত,2.225
3711,JourneysArr,bn,Bengali,qwen2.5-coder:7b,যাত্রা,1.179
3712,Maximum Request Size,bn,Bengali,qwen2.5-coder:7b,মаксিমাল অনুরোধ আকার,2.462
3713,"DCOPID=`dcop _BAR_ grep karm ` if [$DCOPID] then dcop $DCOPID KarmDCOPIface else echo ""karm; not running"" fi",bn,Bengali,qwen2.5-coder:7b,"DCOPID=`dcop _BAR_ grep karm ` if [$DCOPID] then dcop $DCOPID KarmDCOPIface else echo ""karm; not running"" fi",3.879
3714,Document Properties,bn,Bengali,qwen2.5-coder:7b,ডকুমেন্ট বৈশিষ্ট্য,2.642
3715,Kernel change notify,bn,Bengali,qwen2.5-coder:7b,কোর্নেল পরিবর্তন জাননা,2.99
3716,Management card,bn,Bengali,qwen2.5-coder:7b,ম্যানেজমেন্ট কার্ড,2.465
3717,Colour Correction,bn,Bengali,qwen2.5-coder:7b,কোলর কর্টেশন,1.85
3718,Style area,bn,Bengali,qwen2.5-coder:7b,স্টাইল অংশ,1.585
3719,Velocity X:,bn,Bengali,qwen2.5-coder:7b,ভিটালিটি X:,1.513
3720,Article List Colors,bn,Bengali,qwen2.5-coder:7b,বিবিধ অর্টিকেল রঙ্গগুলি,3.344
3721,Brazil/ DeNoronha,bn,Bengali,qwen2.5-coder:7b,ব্রাজিল/ডেনরন্হা,2.291
3722,Open Files,bn,Bengali,qwen2.5-coder:7b,ফাইল খোলুন,1.742
3723,Node Properties,bn,Bengali,qwen2.5-coder:7b,নূডের বৈশিষ্ট্য,2.149
3724,Terminal-based,bn,Bengali,qwen2.5-coder:7b,টার্মিনাল-ভিত্তিক,2.278
3725,Quits & kgeography;,bn,Bengali,qwen2.5-coder:7b,বায়ো & ক্যালিপটি;,2.694
3726,PHP Manual Integration,bn,Bengali,qwen2.5-coder:7b,PHP ম্যানুয়াল ইнтег্রেশন,3.018
3727,XSLT file:,bn,Bengali,qwen2.5-coder:7b,XSLT ফাইল:,1.44
3728,The URL %1 does not contain {searchTerms}.,bn,Bengali,qwen2.5-coder:7b,URL %1 এ {searchTerms} থাকেন না।,2.769
3729,Serial controller,bn,Bengali,qwen2.5-coder:7b,সিরিয়াল নিয়ন্ত্রক,2.675
3730,Card,bn,Bengali,qwen2.5-coder:7b,কার্ড,0.926
3731,Acetyle salicylic acid,bn,Bengali,qwen2.5-coder:7b,এক্সেটিল স্যালিসিক অ্যাসিড,3.261
3732,localPosition2Variance,bn,Bengali,qwen2.5-coder:7b,বাস্তব স্থান 2 সম্ভাবনা,3.236
3733,Show scrollbar,bn,Bengali,qwen2.5-coder:7b,স্ক্রোল দেখাও,1.97
3734,Filters (Advanced),bn,Bengali,qwen2.5-coder:7b,ফিল্টার (উচ্চারণ),2.176
3735,ImagePlugin_Texture,bn,Bengali,qwen2.5-coder:7b,ইমেজ প্লাইন্টেক্সচার,2.7
3736,Tunneled TLS,bn,Bengali,qwen2.5-coder:7b,টানেলড টিএসএल,2.063
3737,Textual,bn,Bengali,qwen2.5-coder:7b,লেখায়োগ,1.437
3738,Do not Know,bn,Bengali,qwen2.5-coder:7b,না জানি,1.175
3739,Final,bn,Bengali,qwen2.5-coder:7b,ফাইনাল,1.024
3740,Factory shape,bn,Bengali,qwen2.5-coder:7b,ফ্যাক্টরি আকোশ,1.952
3741,Nordic,bn,Bengali,qwen2.5-coder:7b,নর্দিক,1.141
3742,First element:,bn,Bengali,qwen2.5-coder:7b,প্রথম উপাদান:,1.805
3743,CA domain,bn,Bengali,qwen2.5-coder:7b,CA ডোমেন,1.312
3744,Outline Quality,bn,Bengali,qwen2.5-coder:7b,আংশিক গুণ্য,1.81
3745,X resolution:,bn,Bengali,qwen2.5-coder:7b,X সমান্তরাল সমাপ্তি:,2.555
3746,Rotate photo,bn,Bengali,qwen2.5-coder:7b,ছবি ঘরাও,1.28
3747,%1 does not exist.,bn,Bengali,qwen2.5-coder:7b,%1 অসуществিত।,1.635
3748,Serial Port #1 (NetBSD),bn,Bengali,qwen2.5-coder:7b,সিরিয়াল পোর্ট #1 (NetBSD),2.869
3749,Plugins,bn,Bengali,qwen2.5-coder:7b,প্লাগইনসমূহ,1.653
3750,Sound bell,bn,Bengali,qwen2.5-coder:7b,বল দেখাও,1.275
3751,Temperature (December),bn,Bengali,qwen2.5-coder:7b,মাধ্যমিক তাপমাত্রা (ডিসেম্বর),3.585
3752,Data Store shape,bn,Bengali,qwen2.5-coder:7b,ডেটা স্টোর আকোষ,2.165
3753,Conics,bn,Bengali,qwen2.5-coder:7b,কোনিক সমীকরণ,1.925
3754,***** output file:,bn,Bengali,qwen2.5-coder:7b,***** আউটপুট ফাইল:,2.037
3755,Log level:,bn,Bengali,qwen2.5-coder:7b,লগ মানস্তর:,1.59
3756,Residue Color Settings,bn,Bengali,qwen2.5-coder:7b,রেজিডিউস রং সেটিংস,2.457
3757,Background Color:,bn,Bengali,qwen2.5-coder:7b,পেট্রি রং:,1.619
3758,Paper size (cm):,bn,Bengali,qwen2.5-coder:7b,পেপার আকার (সেমি):,2.208
3759,Rectangle Shape,bn,Bengali,qwen2.5-coder:7b,আয়োজন আকৃতি,1.949
3760,My Games,bn,Bengali,qwen2.5-coder:7b,আমার খেলাদের সমূহ,2.351
3761,PPD Version,bn,Bengali,qwen2.5-coder:7b,PPD সংস্করণ,1.664
3762,Prussia,bn,Bengali,qwen2.5-coder:7b,প্রোসিসিয়া,1.81
3763,Print Geometry,bn,Bengali,qwen2.5-coder:7b,ঠিকা করুন,1.559
3764,Ctrl; Q Quit,bn,Bengali,qwen2.5-coder:7b,কন্ট্রল; কোয়াট বন্ধ করুন,3.26
3765,merge,bn,Bengali,qwen2.5-coder:7b,মার্জে,1.03
3766,Ssh User name,bn,Bengali,qwen2.5-coder:7b,ইউজার নাম,1.42
3767,Profile Assignment,bn,Bengali,qwen2.5-coder:7b,প্রোফাইল অন্যায়ী করা,2.994
3768,& Delete,bn,Bengali,qwen2.5-coder:7b,& ডিলিট,1.219
3769,Image Preview,bn,Bengali,qwen2.5-coder:7b,ছবি প্রোভাইর,1.86
3770,Album View,bn,Bengali,qwen2.5-coder:7b,একাউম্ব দৃশ্য,1.917
3771,LDAP Requests,bn,Bengali,qwen2.5-coder:7b,LDAP অনুরোধসমূহ,2.072
3772,Remove Script,bn,Bengali,qwen2.5-coder:7b,স্ক্রিপ্ট অপরিদ্যান,2.711
3773,Finish wizard,bn,Bengali,qwen2.5-coder:7b,মেন্ডেল শেষ করুন,2.27
3774,Valid Until,bn,Bengali,qwen2.5-coder:7b,সম্পূর্ণ পর্যন্ত,2.255
3775,Repeat Tool,bn,Bengali,qwen2.5-coder:7b,টুল পুনরায় চালানো,2.645
3776,internal part,bn,Bengali,qwen2.5-coder:7b,অন্তর্ভুক্তি,1.807
3777,Change Tracker,bn,Bengali,qwen2.5-coder:7b,চেঞ্জ ট্র্যাকার,2.106
3778,Control Center,bn,Bengali,qwen2.5-coder:7b,কন্ট্রোল সেন্টার,2.171
3779,Phishing Alert,bn,Bengali,qwen2.5-coder:7b,ফেইশিং অলার্ট,1.783
3780,Execute on all operations,bn,Bengali,qwen2.5-coder:7b,সব অপেরেশনের জন্য পরিচালনা করুন,3.659
3781,Vibraphone,bn,Bengali,qwen2.5-coder:7b,ভিব্রেফোন,1.558
3782,Clipboard history,bn,Bengali,qwen2.5-coder:7b,ক্লিপবোর্ড ইতিহাস,2.273
3783,Far Blur,bn,Bengali,qwen2.5-coder:7b,ফার ব্লুর,1.518
3784,& Additional Comments:,bn,Bengali,qwen2.5-coder:7b,এক্ষেত্রের অন্যায়ী মন্তব্য:,3.489
3785,South Korea,bn,Bengali,qwen2.5-coder:7b,সুরক্ষা,1.337
3786,Tape size:,bn,Bengali,qwen2.5-coder:7b,টেপ আকার:,1.439
3787,Contents Settings,bn,Bengali,qwen2.5-coder:7b,সাহায্য সেটিংস,1.871
3788,Profile path:,bn,Bengali,qwen2.5-coder:7b,প্রোফাইল পথ:,1.848
3789,Assembly file,bn,Bengali,qwen2.5-coder:7b,অ্যাসেম্বলি ফাইল,2.021
3790,Ignore unsafe symlinks,bn,Bengali,qwen2.5-coder:7b,বিনামূল্যে অনুযায়ী সিলেবসগুলি অন্তর্ভুক্ত নেকি?,6.417
3791,As & Web,bn,Bengali,qwen2.5-coder:7b,আস & ওয়েব,1.777
3792,Bulgarian Lev,bn,Bengali,qwen2.5-coder:7b,বাংলাদেশি লেভ,1.862
3793,Kexi Relation Design,bn,Bengali,qwen2.5-coder:7b,কেকি সম্পর্ক ডিজাইন,2.444
3794,%1: Operation Report,bn,Bengali,qwen2.5-coder:7b,%1: অপেরেশন রিপোর্ট,2.617
3795,& Delete Feed,bn,Bengali,qwen2.5-coder:7b,& ফিড ডিলিট,1.623
3796,F8 Delete,bn,Bengali,qwen2.5-coder:7b,F8 ডিলিট,1.297
3797,Count:,bn,Bengali,qwen2.5-coder:7b,কাউন্ট:,1.106
3798,Copy budget,bn,Bengali,qwen2.5-coder:7b,কাজ্জা কপি করুন,2.081
3799,Master Volume,bn,Bengali,qwen2.5-coder:7b,মাস্টার ভাবনা,1.835
3800,Rename object,bn,Bengali,qwen2.5-coder:7b,বস্তু পরিবর্তন করুন,2.639
3801,CadetBlue1,bn,Bengali,qwen2.5-coder:7b,কেডেট ব্লু ১,2.015
3802,Remove Mask,bn,Bengali,qwen2.5-coder:7b,মাস্ক অপরোধ করুন,2.368
3803,To Narrowest,bn,Bengali,qwen2.5-coder:7b,নিচেরো,1.445
3804,& View Source,bn,Bengali,qwen2.5-coder:7b,& সূর্যোদয় দেখুন,2.586
3805,NT domain name,bn,Bengali,qwen2.5-coder:7b,নিউটন ডোমেন নাম,2.251
3806,Albums by %1,bn,Bengali,qwen2.5-coder:7b,%1 এর অ্যালবামগুলি,2.681
3807,TCP Port,bn,Bengali,qwen2.5-coder:7b,TCP পোর্ট,1.345
3808,Under-Exposure Indicator,bn,Bengali,qwen2.5-coder:7b,অপরিস্থিতি প্রতিবেশ ইন্ডিকেটর,3.536
3809,Upload Profiles,bn,Bengali,qwen2.5-coder:7b,প্রোফাইল অপলোড করুন,2.643
3810,Directory %1 does not exist!,bn,Bengali,qwen2.5-coder:7b,"ডিরেক্টরি %1 অস্থায়ী!""
(Translation: ""Directory %1 does not exist!"")",4.128
3811,Text actions,bn,Bengali,qwen2.5-coder:7b,টেক্সট অ্যাকশনস,1.972
3812,Play & Recent,bn,Bengali,qwen2.5-coder:7b,চলুন & সাম্প্রতিক,2.377
3813,Quality:,bn,Bengali,qwen2.5-coder:7b,কৃত্রিমতা:,1.563
3814,Postponed:,bn,Bengali,qwen2.5-coder:7b,পরিশীলিত:,1.648
3815,notification dialogs,bn,Bengali,qwen2.5-coder:7b,নোটিফিকেশন ডিলগস,2.227
3816,& Turn off computer,bn,Bengali,qwen2.5-coder:7b,&কম্পিউটার বন্ধ করুন,2.785
3817,Database Permissions,bn,Bengali,qwen2.5-coder:7b,ডেটাবেস অনুমতি,1.997
3818,Time Seeded,bn,Bengali,qwen2.5-coder:7b,সময় স্বীকৃত,1.973
3819,position2Variance,bn,Bengali,qwen2.5-coder:7b,স্থানীয়ার পরিবর্তন,2.886
3820,& Minimum movement:,bn,Bengali,qwen2.5-coder:7b,& ন্যূমেরিক আকর্ষণ:,2.578
3821,City name,bn,Bengali,qwen2.5-coder:7b,শহরের নাম,1.441
3822,Feed Properties,bn,Bengali,qwen2.5-coder:7b,ফিড বৈশিষ্ট্য,1.896
3823,Question,bn,Bengali,qwen2.5-coder:7b,প্রশ্ন,1.073
3824,Widescreen,bn,Bengali,qwen2.5-coder:7b,প্রস্থান,1.359
3825,Deform brush,bn,Bengali,qwen2.5-coder:7b,ডিফরম ব্রাষ্ট,1.832
3826,Retry search,bn,Bengali,qwen2.5-coder:7b,অনুসন্ধান পুনরায় করুন,3.103
3827,& Quit reason:,bn,Bengali,qwen2.5-coder:7b,& বাতিল করার কারণ:,2.364
3828,Print Progress,bn,Bengali,qwen2.5-coder:7b,প্রিন্ট প্রগ্রাম,2.174
3829,& Subnetwork:,bn,Bengali,qwen2.5-coder:7b,& সাবনেট:,1.469
3830,Annotations:,bn,Bengali,qwen2.5-coder:7b,অনুৰোধা:,1.584
3831,Observing List Wizard,bn,Bengali,qwen2.5-coder:7b,অনুসন্ধান তালিকা জিনিষ্করণ,3.321
3832,Light yellow,bn,Bengali,qwen2.5-coder:7b,সুন্দর হলেন,1.738
3833,& Frequency,bn,Bengali,qwen2.5-coder:7b,& স্বচ্ছতা,1.439
3834,Image size: %1 x %2,bn,Bengali,qwen2.5-coder:7b,ছবির আকার: %1 x %2,2.214
3835,Pattern tool,bn,Bengali,qwen2.5-coder:7b,মানচিত্র টুল,1.77
3836,American Samoa,bn,Bengali,qwen2.5-coder:7b,আমেরিকা সামোआ,1.917
3837,Documentation,bn,Bengali,qwen2.5-coder:7b,নথিয়াইক,1.374
3838,Unknown processor,bn,Bengali,qwen2.5-coder:7b,অজানা প্রক্রিয়াকরণ,2.475
3839,Finished:,bn,Bengali,qwen2.5-coder:7b,সম্পন্ন:,1.252
3840,Quick Select,bn,Bengali,qwen2.5-coder:7b,কেজি সিলেক্ট,1.664
3841,& German,bn,Bengali,qwen2.5-coder:7b,& জার্মান,1.396
3842,Stop search,bn,Bengali,qwen2.5-coder:7b,সন্ধান বন্ধ করুন,2.156
3843,Descending,bn,Bengali,qwen2.5-coder:7b,প্রাথমিক,1.267
3844,Seldom,bn,Bengali,qwen2.5-coder:7b,অনির্বেদ্ধ,1.446
3845,window settings,bn,Bengali,qwen2.5-coder:7b,জেনারেল সেটিংস,2.04
3846,Ready.,bn,Bengali,qwen2.5-coder:7b,প্রস্তুতি।,1.578
3847,Drippiness,bn,Bengali,qwen2.5-coder:7b,ডীপনীতা,1.444
3848,Custom (%1),bn,Bengali,qwen2.5-coder:7b,ব্যবহারকর্তা (%1),2.165
3849,Function Plotter,bn,Bengali,qwen2.5-coder:7b,ফাংশন প্লটার,1.758
3850,white space,bn,Bengali,qwen2.5-coder:7b,সামান্য স্পেস,1.782
3851,Game Status,bn,Bengali,qwen2.5-coder:7b,গেম স্টাটাস,1.64
3852,Mount,bn,Bengali,qwen2.5-coder:7b,মাউন্ট,1.047
3853,Popup,bn,Bengali,qwen2.5-coder:7b,পোপআপ,1.083
3854,umbrello; 's User Interface,bn,Bengali,qwen2.5-coder:7b,ইউম্ব্রেলো; উদ্যোগ ইন্টারফেস,3.849
3855,image %1,bn,Bengali,qwen2.5-coder:7b,ছবি %1,1.058
3856,(Current field),bn,Bengali,qwen2.5-coder:7b,(প্রবেশক্ষা),1.698
3857,Subscript,bn,Bengali,qwen2.5-coder:7b,সাব-স্ক্রিপ্ট,1.812
3858,Table Row (wml),bn,Bengali,qwen2.5-coder:7b,তাবলি সطر (wml),1.973
3859,& Phone Contacts,bn,Bengali,qwen2.5-coder:7b,& ফোন যোগাযোগ,2.153
3860,Fear Circle,bn,Bengali,qwen2.5-coder:7b,বৃদ্ধি গুলি,1.916
3861,X Server Information,bn,Bengali,qwen2.5-coder:7b,এক্স সার্ভার তথ্য,2.209
3862,Grandfather,bn,Bengali,qwen2.5-coder:7b,পিতার পিতা,1.535
3863,Phone Call,bn,Bengali,qwen2.5-coder:7b,ফোন কল,1.178
3864,Panel Settings,bn,Bengali,qwen2.5-coder:7b,প্লেন্ট সেটিংস,1.898
3865,Moving Stencils,bn,Bengali,qwen2.5-coder:7b,মুক্তি স্টেন্সিল,2.373
3866,Next Target >,bn,Bengali,qwen2.5-coder:7b,পরবর্তী লক্ষ্য >,2.138
3867,Arcade Game,bn,Bengali,qwen2.5-coder:7b,অ্যার্কেড গেম,1.902
3868,Pictures directory:,bn,Bengali,qwen2.5-coder:7b,ছবির সমূহের সম্পর্কে:,2.631
3869,Manager,bn,Bengali,qwen2.5-coder:7b,ম্যানেজার,1.319
3870,Line Width,bn,Bengali,qwen2.5-coder:7b,লাইন প্রস্থ,1.524
3871,Y speed,bn,Bengali,qwen2.5-coder:7b,ই স্পিড,1.181
3872,lathe,bn,Bengali,qwen2.5-coder:7b,লাথি,0.866
3873,Property,bn,Bengali,qwen2.5-coder:7b,মূল্য,1.047
3874,Bounce,bn,Bengali,qwen2.5-coder:7b,বাঁচানো,1.263
3875,Open With,bn,Bengali,qwen2.5-coder:7b,একটি উপস্থাপনায় খোলুন,3.236
3876,Connection & name:,bn,Bengali,qwen2.5-coder:7b,সংযোগ এবং নাম:,2.326
3877,Table Body,bn,Bengali,qwen2.5-coder:7b,তাবলীর শর্তা,1.702
3878,& Volume name:,bn,Bengali,qwen2.5-coder:7b,& আমেরিকান নাম:,2.016
3879,Read Only,bn,Bengali,qwen2.5-coder:7b,অক্রমণীয়,1.603
3880,Bit Order,bn,Bengali,qwen2.5-coder:7b,বিট অর্ডার,1.457
3881,of Rajab,bn,Bengali,qwen2.5-coder:7b,রজাবের,1.119
3882,Network Type,bn,Bengali,qwen2.5-coder:7b,নেটওয়ার্ক টাইপ,2.098
3883,Grabber Widget Based,bn,Bengali,qwen2.5-coder:7b,গ্রাবার উইডিটি আधারিত,2.739
3884,No Date,bn,Bengali,qwen2.5-coder:7b,কোনো তারিখ,1.661
3885,lost+found,bn,Bengali,qwen2.5-coder:7b,ক্ষতিগ্রাম,1.488
3886,SeaGreen,bn,Bengali,qwen2.5-coder:7b,সিনেগ্রেন,1.409
3887,Cordless Optical TrackMan,bn,Bengali,qwen2.5-coder:7b,ডিজিটাল অ্যাসিস্টেন্ট,2.991
3888,String Matching,bn,Bengali,qwen2.5-coder:7b,স্ট্রিং ম্যাচিং,2.03
3889,& Numbers:,bn,Bengali,qwen2.5-coder:7b,& সংখ্যা:,1.463
3890,Interior,bn,Bengali,qwen2.5-coder:7b,অন্তর্ভুক্তি,1.73
3891,My Comic Books,bn,Bengali,qwen2.5-coder:7b,আমার কমিক বই,1.717
3892,& Center,bn,Bengali,qwen2.5-coder:7b,& সেন্টার,1.376
3893,Matching anything,bn,Bengali,qwen2.5-coder:7b,সমস্ত সমস্ত সমস্ত সমস্ত সমস্ত সমস্ত সমস্ত সমস্ত সমস্ত সমস্ত সমস্ত সমস্ত সমস্ত সমস্ত সমস্ত সমস্ত সমস,11.075
3894,Do n't rotate,bn,Bengali,qwen2.5-coder:7b,না প্রকার করুন,1.973
3895,Complete:,bn,Bengali,qwen2.5-coder:7b,সম্পন্ন:,1.366
3896,Light Blue,bn,Bengali,qwen2.5-coder:7b,লাইট বাজার,1.474
3897,& Validate,bn,Bengali,qwen2.5-coder:7b,& সত্যাপন করুন,1.942
3898,æ (#230;) Small ae ligature,bn,Bengali,qwen2.5-coder:7b,এ (২৩০) ছোট এ লিগুট,3.234
3899,Geolocation IP,bn,Bengali,qwen2.5-coder:7b,গেলোকেশন আইপি,1.879
3900,& Open Certificate Manager...,bn,Bengali,qwen2.5-coder:7b,& সাক্ষাত্কার ম্যানেজার খোলুন...,3.84
3901,Not started,bn,Bengali,qwen2.5-coder:7b,না শুরু হয়েছে,2.301
3902,Tabulature,bn,Bengali,qwen2.5-coder:7b,তাবুলেট,1.296
3903,%1: Connected,bn,Bengali,qwen2.5-coder:7b,%1: সংযুক্ত,1.836
3904,General Options,bn,Bengali,qwen2.5-coder:7b,সাধারণ অপশনসমূহ,2.169
3905,Peruvian Nuevo Sol,bn,Bengali,qwen2.5-coder:7b,পার্ভিনীয় নিউ সোল,2.644
3906,Zoom level:,bn,Bengali,qwen2.5-coder:7b,জোম স্তর:,1.614
3907,Output File:,bn,Bengali,qwen2.5-coder:7b,আউটপুট ফাইল:,1.766
3908,Please wait,bn,Bengali,qwen2.5-coder:7b,অনুগ্রহ করুন অপেক্ষা করুন,3.394
3909,Layer name:,bn,Bengali,qwen2.5-coder:7b,শ্যাখের নাম:,1.703
3910,Do not wait,bn,Bengali,qwen2.5-coder:7b,আপনি অপর অপেক্ষা করোন,3.079
3911,Ryan Cumming (ryan at kde org): Core developer,bn,Bengali,qwen2.5-coder:7b,রায়ন কুমিং (রায়ন @ kde ওর্গ): কোর ডেভেলপার,5.479
3912,Math mode,bn,Bengali,qwen2.5-coder:7b,ম্যাথ মোড,1.426
3913,Festival speech synthesizer,bn,Bengali,qwen2.5-coder:7b,ফেস্টিভাল বল সিংথাইজার,2.757
3914,WBS Definition,bn,Bengali,qwen2.5-coder:7b,WBS অংশগঠন,1.652
3915,MPlayerThumbs Configuration Utility,bn,Bengali,qwen2.5-coder:7b,ম্যাউসেলি সমন্বয় সহকারী,3.202
3916,finish,bn,Bengali,qwen2.5-coder:7b,ফাইনিশ,1.074
3917,"Could not open project ""%1"".",bn,Bengali,qwen2.5-coder:7b,প্রকল্পটি খোলা যায়নি: %1,3.589
3918,Color Similarity,bn,Bengali,qwen2.5-coder:7b,সম্পর্কিত রং,1.839
3919,PixiePlus Image Manager,bn,Bengali,qwen2.5-coder:7b,পিকিয়াপ্লัส ছবি ম্যানেজার,3.346
3920,This year,bn,Bengali,qwen2.5-coder:7b,এই বছর,1.108
3921,GroupingPanel,bn,Bengali,qwen2.5-coder:7b,গুপ্তা বর্গ,1.698
3922,Working with & knode;,bn,Bengali,qwen2.5-coder:7b,নোডের সাথে কাজ করা; & knode;,3.222
3923,Birds-eye View,bn,Bengali,qwen2.5-coder:7b,আকারের দিকের দৃশ্য,2.562
3924,Entertainment encryption device,bn,Bengali,qwen2.5-coder:7b,বিনোদন অপশন উপকরণ,2.321
3925,Class Associations,bn,Bengali,qwen2.5-coder:7b,ক্লাস সম্পর্কসম্পর্ক,2.559
3926,Content:,bn,Bengali,qwen2.5-coder:7b,কাজার অংশ:,1.508
3927,Audio Recorder,bn,Bengali,qwen2.5-coder:7b,অডিউ রেকর্ডার,1.757
3928,Storage Media Notifications,bn,Bengali,qwen2.5-coder:7b,স্টোরেজ মিডিয়া নোটিফিকেশনস,3.671
3929,feet,bn,Bengali,qwen2.5-coder:7b,ফুট,0.852
3930,Compositing is disabled,bn,Bengali,qwen2.5-coder:7b,কম্পোজিটিং অক্ষম,2.322
3931,Revert,bn,Bengali,qwen2.5-coder:7b,ফিরে যাও,1.311
3932,Asia/ Singapore,bn,Bengali,qwen2.5-coder:7b,আসিয়া/সিঙ্গাপূর্গ,2.568
3933,Master Page,bn,Bengali,qwen2.5-coder:7b,মূল পৃষ্ঠোত্তর,2.256
3934,KSysGuard Developers,bn,Bengali,qwen2.5-coder:7b,ক্সিসগ্রাউ드 ডেভেলপারস,2.697
3935,HalfTone,bn,Bengali,qwen2.5-coder:7b,হ্যাফটন,1.245
3936,Altar,bn,Bengali,qwen2.5-coder:7b,আল্টার,1.07
3937,24-bit Color,bn,Bengali,qwen2.5-coder:7b,২৪ বিট রং,1.762
3938,Passive Downloads,bn,Bengali,qwen2.5-coder:7b,পাসিভ ডাউনলোড,1.989
3939,Receive,bn,Bengali,qwen2.5-coder:7b,প্রাপ্তি করুন,1.884
3940,forty,bn,Bengali,qwen2.5-coder:7b,৪০,0.858
3941,& Random Hole,bn,Bengali,qwen2.5-coder:7b,& সлучায়ি খালি,1.894
3942,Raw Colors:,bn,Bengali,qwen2.5-coder:7b,রাউন্ড করা রংসংঘটনা:,2.803
3943,Unions,bn,Bengali,qwen2.5-coder:7b,ইউনিয়নস,1.399
3944,session,bn,Bengali,qwen2.5-coder:7b,সেশন,0.832
3945,Insert in Project,bn,Bengali,qwen2.5-coder:7b,প্রকল্পে যোগ করুন,2.348
3946,& New:,bn,Bengali,qwen2.5-coder:7b,&নতুন:,1.205
3947,KTouch keyboard editor,bn,Bengali,qwen2.5-coder:7b,ক্যাউন্ট,1.397
3948,Nepomuk store size:,bn,Bengali,qwen2.5-coder:7b,নেপোমুক স্টোর আকার:,2.986
3949,Unlisted Shell,bn,Bengali,qwen2.5-coder:7b,আলোচিত শেল,1.8
3950,Function Optimizer...,bn,Bengali,qwen2.5-coder:7b,ফাংশন অ্যামাইজার...,2.69
3951,Other folder:,bn,Bengali,qwen2.5-coder:7b,অন্য ফোল্ডার:,2.289
3952,Default maximum share ratio:,bn,Bengali,qwen2.5-coder:7b,ডিফল্ট মаксিমাল শেয়ার অনুপাত:,3.836
3953,Custom filter rules:,bn,Bengali,qwen2.5-coder:7b,"ব্যবহারকর্তা ফিল্টার নিয়ম:""
(Translation: ""Custom filter rules:"")",4.729
3954,Not managed,bn,Bengali,qwen2.5-coder:7b,নেই নিয়মিত,1.799
3955,Output Levels,bn,Bengali,qwen2.5-coder:7b,আউটপুট মানসমূহ,2.306
3956,Encrypt...,bn,Bengali,qwen2.5-coder:7b,এক্সেন্ট করুন...,2.035
3957,"MID(""KOffice ""; 2) returns"" Office """,bn,Bengali,qwen2.5-coder:7b,"মিড('কঅফিস', 2) রিটার্নস 'অফিস",4.035
3958,honeydew4,bn,Bengali,qwen2.5-coder:7b,honeydew4,1.208
3959,Organizational unit:,bn,Bengali,qwen2.5-coder:7b,অрг্যানাইজেশন ইউনিট:,2.467
3960,Quit & kspaceduel;,bn,Bengali,qwen2.5-coder:7b,বন্ধ করুন & kspaceduel;,2.405
3961,& Constellation lines,bn,Bengali,qwen2.5-coder:7b,& স্থানানীয় রেখা,2.591
3962,Copy of,bn,Bengali,qwen2.5-coder:7b,কপি অনুলিপি,1.84
3963,& Foreground color:,bn,Bengali,qwen2.5-coder:7b,& উপরের রং:,1.86
3964,Revision Date,bn,Bengali,qwen2.5-coder:7b,সংশ্লেষণ তারিখ,2.058
3965,Thanks to,bn,Bengali,qwen2.5-coder:7b,ধন্যবাদ,1.234
3966,Search for '%1 'with,bn,Bengali,qwen2.5-coder:7b,%1' সাথে অনুসন্ধান করুন,3.452
3967,polygon,bn,Bengali,qwen2.5-coder:7b,পলিগন,0.918
3968,Paused,bn,Bengali,qwen2.5-coder:7b,পauজেট,0.911
3969,Texture filter:,bn,Bengali,qwen2.5-coder:7b,টেক্সচার ফিল্টার:,2.334
3970,Configuration dialog,bn,Bengali,qwen2.5-coder:7b,নстройка ডিলগ বক্স,1.893
3971,Identifier expected,bn,Bengali,qwen2.5-coder:7b,আইডিটি অপরিবর্তিত,2.332
3972,Tolerance,bn,Bengali,qwen2.5-coder:7b,অনুমতি,1.347
3973,Sliding popups,bn,Bengali,qwen2.5-coder:7b,স্লাইডিং পপআপস,2.146
3974,Pad 6 - Metallic,bn,Bengali,qwen2.5-coder:7b,প্যাড ৬ - মেট্লিক,2.621
3975,Population size,bn,Bengali,qwen2.5-coder:7b,সংস্কৃতি,1.59
3976,"Failed to read ""%1"".",bn,Bengali,qwen2.5-coder:7b,ফাইলটি পড়াতে ব্যর্থ হয়েছিল: %1,4.487
3977,Glossary - \\makeglossary,bn,Bengali,qwen2.5-coder:7b,গ্লোসারি - \\makeglossary,2.266
3978,house_number,bn,Bengali,qwen2.5-coder:7b,বাস নম্বর,1.406
3979,WPA-PSK Encryption,bn,Bengali,qwen2.5-coder:7b,WPA-PSK অপশন,1.715
3980,time(s),bn,Bengali,qwen2.5-coder:7b,সময়(সময়গুলি),2.414
3981,Development,bn,Bengali,qwen2.5-coder:7b,উন্নয়ন,1.307
3982,& Speak,bn,Bengali,qwen2.5-coder:7b,& বলো,1.102
3983,Indentation width:,bn,Bengali,qwen2.5-coder:7b,আইন্ডেন্ট প্রস্থান:,2.391
3984,Accessors are inline,bn,Bengali,qwen2.5-coder:7b,অ্যাক্সেসরস ইনলাইন,2.392
3985,Color List,bn,Bengali,qwen2.5-coder:7b,কোলর তালিকা,1.792
3986,Reduced form:,bn,Bengali,qwen2.5-coder:7b,মূল্যাংশ:,1.567
3987,Signal,bn,Bengali,qwen2.5-coder:7b,সিগ্নাল,1.193
3988,Run make,bn,Bengali,qwen2.5-coder:7b,মেক চালাও,1.392
3989,By & Name,bn,Bengali,qwen2.5-coder:7b,&নাম,1.05
3990,& Mailing List Management...,bn,Bengali,qwen2.5-coder:7b,&মেইলিং লিস্ট ম্যানেজমেন্ট...,3.424
3991,& XSL; Processing,bn,Bengali,qwen2.5-coder:7b,& XSL; প্রক্রিয়া,2.14
3992,Tile Game,bn,Bengali,qwen2.5-coder:7b,শীর্ষ খেলা,1.634
3993,"Selection: - Cursor: x: 0, y: 0",bn,Bengali,qwen2.5-coder:7b,"নির্বাচন: - কোরসর: x: 0, y: 0",3.809
3994,Print Error,bn,Bengali,qwen2.5-coder:7b,প্রিন্ট ভুল,1.769
3995,Allocation,bn,Bengali,qwen2.5-coder:7b,অনুমোদন,1.349
3996,300 DPI Grayscale,bn,Bengali,qwen2.5-coder:7b,৩০০ ডি পি গ্রেসেইল,2.671
3997,& Fuzziness:,bn,Bengali,qwen2.5-coder:7b,& ফুজিনেসি:,1.704
3998,Lists,bn,Bengali,qwen2.5-coder:7b,লিস্টস,1.014
3999,Locale,bn,Bengali,qwen2.5-coder:7b,স্থান,0.891
4000,Service Discovery,bn,Bengali,qwen2.5-coder:7b,সেবা খুঁজে বের করুন,2.739
4001,Document Statistics,bn,Bengali,qwen2.5-coder:7b,ডকুমেন্ট স্ট্যাটিসটিক্স,3.262
4002,Gray,bn,Bengali,qwen2.5-coder:7b,গ্রাইয়া,1.353
4003,Field Properties,bn,Bengali,qwen2.5-coder:7b,ফিল্ড বৈশিষ্ট্য,2.163
4004,Source folder,bn,Bengali,qwen2.5-coder:7b,সূত্র ফোল্ডার,2.005
4005,Profile Part,bn,Bengali,qwen2.5-coder:7b,প্রোফাইল অংশ,1.942
4006,Main sequence,bn,Bengali,qwen2.5-coder:7b,মূল সিদ্ধান্ত,1.93
4007,Places,bn,Bengali,qwen2.5-coder:7b,স্থানাংশ,1.271
4008,Connection specific,bn,Bengali,qwen2.5-coder:7b,সংযোগ সпециফিক,1.873
4009,Production: %1,bn,Bengali,qwen2.5-coder:7b,প্রোডাকশন: %1,1.846
4010,No Borders,bn,Bengali,qwen2.5-coder:7b,নির্বাহী,1.422
4011,Focus Decoration,bn,Bengali,qwen2.5-coder:7b,ফোকাস অনুযায়ী অনুমান,3.185
4012,Arabia,bn,Bengali,qwen2.5-coder:7b,আরবিয়া,1.414
4013,No active document,bn,Bengali,qwen2.5-coder:7b,কোনো অক্রমিত দক্ষিণ পত্র,3.199
4014,Reference Unit:,bn,Bengali,qwen2.5-coder:7b,মূল একক:,1.707
4015,XSync Support,bn,Bengali,qwen2.5-coder:7b,এক্সসিংক সাপোর্ট,2.221
4016,Line & width:,bn,Bengali,qwen2.5-coder:7b,লাইন এবং প্রস্থ:,2.41
4017,Personal SSL,bn,Bengali,qwen2.5-coder:7b,ব্যক্তিগত SSL,1.512
4018,& Lines,bn,Bengali,qwen2.5-coder:7b,&লাইনস,1.096
4019,Previous year,bn,Bengali,qwen2.5-coder:7b,গত বছর,1.205
4020,US A2 Invitation,bn,Bengali,qwen2.5-coder:7b,US A2 অনুমোদন,2.12
4021,Latex style,bn,Bengali,qwen2.5-coder:7b,লেটেক্স স্টাইল,1.946
4022,Light green,bn,Bengali,qwen2.5-coder:7b,সুন্দর গুলি,1.843
4023,Reflect in Line,bn,Bengali,qwen2.5-coder:7b,লাইনে প্রকাশ দিন,2.14
4024,X Alignment,bn,Bengali,qwen2.5-coder:7b,X অক্ষ সাপেক্ষ,1.905
4025,Equal button (=),bn,Bengali,qwen2.5-coder:7b,সমান বাটন (=),1.621
4026,S/ MIME signing certificate:,bn,Bengali,qwen2.5-coder:7b,S/ MIME সIGN সাম্পদা:,2.141
4027,Minor,bn,Bengali,qwen2.5-coder:7b,মিনর,0.893
4028,Upper Bitrate,bn,Bengali,qwen2.5-coder:7b,উপরের বিট বেলায়াট,2.86
4029,Unknown album,bn,Bengali,qwen2.5-coder:7b,অজানা অ্যালবাম,2.136
4030,World Clock,bn,Bengali,qwen2.5-coder:7b,আলাদা ঘড়ি,1.697
4031,Figure 1,bn,Bengali,qwen2.5-coder:7b,চিত্র ১,1.35
4032,Visualization,bn,Bengali,qwen2.5-coder:7b,ভিজুয়ালাইজেশন,2.094
4033,Color-blindness simulation,bn,Bengali,qwen2.5-coder:7b,কালো বিন্দুত্ব সামনে রাখা,3.503
4034,Authentication Log File,bn,Bengali,qwen2.5-coder:7b,অনুমোদন লগ ফাইল,2.44
4035,Edit Tag,bn,Bengali,qwen2.5-coder:7b,ট্যাগ সম্পাদনা,2.076
4036,Cisco - Man/ Woman,bn,Bengali,qwen2.5-coder:7b,কিসকোস - মানুষ/মহিলা,2.927
4037,Work Area,bn,Bengali,qwen2.5-coder:7b,কাজ অংশ,1.325
4038,Certificate Manager,bn,Bengali,qwen2.5-coder:7b,সertifikat ম্যানেজার,1.989
4039,Saudi Arabia,bn,Bengali,qwen2.5-coder:7b,সুয়েডি অর্বত,2.085
4040,Color Balance,bn,Bengali,qwen2.5-coder:7b,কালো সমান্তরালি,2.105
4041,& Kernel filename:,bn,Bengali,qwen2.5-coder:7b,& কোর্নেল ফাইলের নাম:,2.767
4042,Align Center (Horizontal),bn,Bengali,qwen2.5-coder:7b,মধ্যে সাজানো (হারমোনিক),3.105
4043,Total:,bn,Bengali,qwen2.5-coder:7b,মোট:,0.926
4044,KGoldRunner Default,bn,Bengali,qwen2.5-coder:7b,ক্যাউন্ড রানার ডিফল্ট,2.713
4045,Set beginners' speed.,bn,Bengali,qwen2.5-coder:7b,নতুন শুরুৰোদের স্পীড সেট করুন।,4.399
4046,Difficulty:,bn,Bengali,qwen2.5-coder:7b,কঠিনতা:,1.229
4047,Remove Tabulator,bn,Bengali,qwen2.5-coder:7b,টেবিলোর অপরিদ্যান অপরিদ্যান করুন,4.034
4048,Expiring,bn,Bengali,qwen2.5-coder:7b,সমস্ত,1.044
4049,Adhesive Labels,bn,Bengali,qwen2.5-coder:7b,অনুযায়ীকরণ লেবেলসি,2.771
4050,File List Description,bn,Bengali,qwen2.5-coder:7b,ফাইল তালিকা বর্ণনা,2.394
4051,East Caribbean Dollar,bn,Bengali,qwen2.5-coder:7b,পূর্ব কার্বিবেন ডলার,2.691
4052,Goal following,bn,Bengali,qwen2.5-coder:7b,গুলো অনুসরণ,1.805
4053,Encoder Priority,bn,Bengali,qwen2.5-coder:7b,অডকনকে অপরিবর্তন করুন,2.578
4054,Group password:,bn,Bengali,qwen2.5-coder:7b,গুপ্ত পাসওয়ার্ড:,2.309
4055,Settings Full Screen Mode,bn,Bengali,qwen2.5-coder:7b,সেটিংস পূর্ণ স্ক্রিন মোড,3.065
4056,Features,bn,Bengali,qwen2.5-coder:7b,বৈশিষ্ট্যসমূহ,1.988
4057,& UML; Association,bn,Bengali,qwen2.5-coder:7b,& UML; সম্পর্ক,1.801
4058,Script actions,bn,Bengali,qwen2.5-coder:7b,স্ক্রিপ্ট অ্যাকশনসমূহ,3.012
4059,Desert,bn,Bengali,qwen2.5-coder:7b,মস্তিকা,1.228
4060,Quit & ktouch;,bn,Bengali,qwen2.5-coder:7b,বন্ধ করুন & ktouch;,1.948
4061,Prime:,bn,Bengali,qwen2.5-coder:7b,প্রাইম:,1.177
4062,Administer,bn,Bengali,qwen2.5-coder:7b,অ্যাডমিনিস্টার,1.915
4063,Society Islands,bn,Bengali,qwen2.5-coder:7b,সম্প্রদায় দ্বীপসমূহ,2.969
4064,User Name,bn,Bengali,qwen2.5-coder:7b,ব্যবহারকারীর নাম,2.36
4065,KXSLDbg Output,bn,Bengali,qwen2.5-coder:7b,ক্সএকএসএলডিব আউটপুট,2.723
4066,Size of the window:,bn,Bengali,qwen2.5-coder:7b,জেনারেট করুন,2.071
4067,LightSteelBlue4,bn,Bengali,qwen2.5-coder:7b,লাইট স্টিল ব্লু 4,2.447
4068,An Instant Messenger,bn,Bengali,qwen2.5-coder:7b,ইন্সট্যান্ট মেসেজার,2.56
4069,& Forward,bn,Bengali,qwen2.5-coder:7b,& অগুলো আগে,1.751
4070,Nickname List,bn,Bengali,qwen2.5-coder:7b,নামনীকের তালিকা,2.052
4071,Path editing tool,bn,Bengali,qwen2.5-coder:7b,পথ সম্পাদন টুল,2.098
4072,Quiz mode,bn,Bengali,qwen2.5-coder:7b,কুইজ মোড,1.54
4073,& Application,bn,Bengali,qwen2.5-coder:7b,& অ্যাপ্লিকেশন,1.939
4074,Default resolution:,bn,Bengali,qwen2.5-coder:7b,ডিফল্ট সমাধান:,2.087
4075,Validity,bn,Bengali,qwen2.5-coder:7b,সুযোগিতা,1.487
4076,Entity Relationship Diagram,bn,Bengali,qwen2.5-coder:7b,ইন্টিটি সম্পর্ক চিত্র,2.722
4077,Compound Tool,bn,Bengali,qwen2.5-coder:7b,কম্পাউন্ড টুল,1.969
4078,Discovered,bn,Bengali,qwen2.5-coder:7b,আবিষ্কার করা,1.736
4079,Course Name,bn,Bengali,qwen2.5-coder:7b,কোর্সের নাম,1.759
4080,& Master document:,bn,Bengali,qwen2.5-coder:7b,& মূল পত্রিকা:,2.054
4081,Online game,bn,Bengali,qwen2.5-coder:7b,অনলাইন খেলা,1.669
4082,Add only,bn,Bengali,qwen2.5-coder:7b,একই থেকে,1.328
4083,Document Relations,bn,Bengali,qwen2.5-coder:7b,কাগজার সম্পর্ক,2.118
4084,ImagePlugin_Charcoal,bn,Bengali,qwen2.5-coder:7b,চারকল,1.092
4085,Talker Configuration,bn,Bengali,qwen2.5-coder:7b,তক্ষিত সমন্বয়,2.09
4086,Output Darkness,bn,Bengali,qwen2.5-coder:7b,আউটপুট দৃষ্টিক্ষণ,2.405
4087,Fixed Point,bn,Bengali,qwen2.5-coder:7b,নির্ধারিত বিন্দু,2.164
4088,File logging settings,bn,Bengali,qwen2.5-coder:7b,ফাইল লগিং সেটিংস,2.099
4089,Not Running,bn,Bengali,qwen2.5-coder:7b,নেই চলছে,1.335
4090,running,bn,Bengali,qwen2.5-coder:7b,চলছে,0.851
4091,A count,bn,Bengali,qwen2.5-coder:7b,কম্পিউটার সম্পর্কে বিশেষ জানা যায় না।,4.574
4092,Thiophene,bn,Bengali,qwen2.5-coder:7b,থিউফেন,1.207
4093,Phone details,bn,Bengali,qwen2.5-coder:7b,ফোন বিবরণ,1.535
4094,Rendering...,bn,Bengali,qwen2.5-coder:7b,প্রতিবাস করা হচ্ছে...,2.519
4095,Revision (0 for HEAD):,bn,Bengali,qwen2.5-coder:7b,সংশ্লোন (0 জন্য HEAD):,2.545
4096,Traditional,bn,Bengali,qwen2.5-coder:7b,সাধারণ,1.041
4097,Australia/ Victoria,bn,Bengali,qwen2.5-coder:7b,অস্ট্রেলিয়া/ভিক্টরিয়া,3.038
4098,Auth Class:,bn,Bengali,qwen2.5-coder:7b,অ্যাউথ ক্লাস:,1.936
4099,mailreader,bn,Bengali,qwen2.5-coder:7b,ইমেল পাঠক,1.401
4100,Action name,bn,Bengali,qwen2.5-coder:7b,অ্যাকশনের নাম,1.811
4101,Device Manual,bn,Bengali,qwen2.5-coder:7b,ডিভাইস মানুষ্ট্রি,2.382
4102,Activity type:,bn,Bengali,qwen2.5-coder:7b,ক্রিয়ার ধরনি:,2.154
4103,Zambian Kwacha,bn,Bengali,qwen2.5-coder:7b,জাম্বীয়া কোঁচা,2.575
4104,Truevision Targa image,bn,Bengali,qwen2.5-coder:7b,ত্রিজিন্সন টারজা ছবি,2.718
4105,< Unknown >,bn,Bengali,qwen2.5-coder:7b,< অজানা >,1.312
4106,Message Copy To,bn,Bengali,qwen2.5-coder:7b,মেসেজ কপি করুন,2.04
4107,Customize...,bn,Bengali,qwen2.5-coder:7b,সম্পাদনা...,1.543
4108,Open System,bn,Bengali,qwen2.5-coder:7b,সистем খোলুন,1.5
4109,Black:,bn,Bengali,qwen2.5-coder:7b,কালো:,1.114
4110,Music Shape,bn,Bengali,qwen2.5-coder:7b,শব্দ আকৃতি,1.676
4111,Operation mode:,bn,Bengali,qwen2.5-coder:7b,অপেরেশন মোড়:,2.038
4112,Remove this display?,bn,Bengali,qwen2.5-coder:7b,এই দেখার থেকে বাদ দিন?,2.816
4113,schedule,bn,Bengali,qwen2.5-coder:7b,সময়সূচি,1.44
4114,comboBox,bn,Bengali,qwen2.5-coder:7b,কম্বোবক,1.203
4115,between,bn,Bengali,qwen2.5-coder:7b,নেইনা,1.193
4116,View Options,bn,Bengali,qwen2.5-coder:7b,প্রিয় অপশন দেখুন,2.475
4117,Title,bn,Bengali,qwen2.5-coder:7b,শিরোনাম,1.308
4118,DMA Channel Information,bn,Bengali,qwen2.5-coder:7b,DMA চ্যানেল তথ্য,1.99
4119,Show Name,bn,Bengali,qwen2.5-coder:7b,নাম দেখাও,1.43
4120,Idle Detection,bn,Bengali,qwen2.5-coder:7b,ইডল সন্দেশ,1.509
4121,Passive Uploads,bn,Bengali,qwen2.5-coder:7b,পাসিভ অপলোড,1.818
4122,Center Top,bn,Bengali,qwen2.5-coder:7b,মাদ্রাসা উপর,1.643
4123,SlateBlue4,bn,Bengali,qwen2.5-coder:7b,স্লেট ব্লু ৪,1.986
4124,Network printer (TCP),bn,Bengali,qwen2.5-coder:7b,নেটওয়ার্ক প্রিন্টার (TCP),3.126
4125,Active filters:,bn,Bengali,qwen2.5-coder:7b,এক্সাইট ফিল্টারসং:,2.365
4126,Button Size,bn,Bengali,qwen2.5-coder:7b,বুটন আকার,1.542
4127,Sri Lanka Rupee,bn,Bengali,qwen2.5-coder:7b,স্রীলঙ্কা রূপা,2.288
4128,S/ MIME encryption certificate:,bn,Bengali,qwen2.5-coder:7b,S/ MIME অপশন সন্ধি সপ্তরোগ:,3.102
4129,Edit Listbox,bn,Bengali,qwen2.5-coder:7b,এক্সাইট লিস্টবক্স,2.334
4130,Using & kxkb;,bn,Bengali,qwen2.5-coder:7b,ব্যবহার করুন & kxkb;,2.595
4131,Modified.,bn,Bengali,qwen2.5-coder:7b,মুদ্রিত।,1.423
4132,Prev Conflict,bn,Bengali,qwen2.5-coder:7b,পূর্ব সংঘটন,1.921
4133,Change Account,bn,Bengali,qwen2.5-coder:7b,হিসাব পরিবর্তন,1.842
4134,Fade Time,bn,Bengali,qwen2.5-coder:7b,ফ্যাড সময়,1.593
4135,Diff deletion:,bn,Bengali,qwen2.5-coder:7b,ডিফ ডিলেশন:,1.742
4136,Callback phone number,bn,Bengali,qwen2.5-coder:7b,কলব্যাক ফোন নম্বর,2.251
4137,KDE Dot News,bn,Bengali,qwen2.5-coder:7b,KDE ডট নিউজ,1.611
4138,Activate time:,bn,Bengali,qwen2.5-coder:7b,সময় সক্ষম করুন:,2.369
4139,Not available.,bn,Bengali,qwen2.5-coder:7b,নেই।,0.908
4140,ID found: %1,bn,Bengali,qwen2.5-coder:7b,আইডি খুজে পেয়েছি: %1,2.904
4141,Personal Details,bn,Bengali,qwen2.5-coder:7b,ব্যক্তিগত তথ্য,1.926
4142,Rate change,bn,Bengali,qwen2.5-coder:7b,মূল্য পরিবর্তন,2.01
4143,& Update,bn,Bengali,qwen2.5-coder:7b,& অনুবাদ করুন,1.968
4144,Ctrl; E Hole Edit,bn,Bengali,qwen2.5-coder:7b,Ctrl; E হলে সম্পাদনা,2.526
4145,& Calculate,bn,Bengali,qwen2.5-coder:7b,& গণনা,1.118
4146,Game Basics,bn,Bengali,qwen2.5-coder:7b,গেমের বেসিস,1.655
4147,Image Properties,bn,Bengali,qwen2.5-coder:7b,ছবির বৈশিষ্ট্য,2.011
4148,& Delete Account,bn,Bengali,qwen2.5-coder:7b,একাউন্ট ডিলিট করুন &,2.688
4149,New game,bn,Bengali,qwen2.5-coder:7b,নতুন খেলা,1.623
4150,England,bn,Bengali,qwen2.5-coder:7b,ইংল্যান্ড,1.432
4151,Symbol color:,bn,Bengali,qwen2.5-coder:7b,সিম্বল রঙ:,1.486
4152,Compute,bn,Bengali,qwen2.5-coder:7b,কম্পিউট,1.225
4153,Not Loaded,bn,Bengali,qwen2.5-coder:7b,নিয়মিত,1.337
4154,Fade distance:,bn,Bengali,qwen2.5-coder:7b,ফ্যাড দূরত্ব:,1.922
4155,accelerationVariance,bn,Bengali,qwen2.5-coder:7b,বেগ সমৃদ্ধি,1.858
4156,Removing extra route: %1 over %2 gw %3,bn,Bengali,qwen2.5-coder:7b,অতিরিক্ত রুট সরানো: %1 ও %2 gw %3,4.027
4157,Statistics...,bn,Bengali,qwen2.5-coder:7b,স্ট্যাটিস্টিক্স...,2.09
4158,& Create Filter,bn,Bengali,qwen2.5-coder:7b,& ফিল্টার তৈরি করুন,2.741
4159,& Operation sign:,bn,Bengali,qwen2.5-coder:7b,&অপেレーション সিঙ্গেট:,1.926
4160,Plot Area...,bn,Bengali,qwen2.5-coder:7b,চিত্র অংশ...,1.761
4161,Paper format:,bn,Bengali,qwen2.5-coder:7b,পেপার ফরম্যাট:,1.961
4162,Plugin Selection,bn,Bengali,qwen2.5-coder:7b,প্লাগইন সিলেকশন,2.096
4163,Tint Level:,bn,Bengali,qwen2.5-coder:7b,তাইন্ট তালিকা:,1.894
4164,Temperature alarm!,bn,Bengali,qwen2.5-coder:7b,তাপমান অনুমোদন!,2.097
4165,Phosphoric Acid,bn,Bengali,qwen2.5-coder:7b,ফосফরিক অ্যাসিক,1.95
4166,Stop color.,bn,Bengali,qwen2.5-coder:7b,কালো স্টপ করুন।,2.258
4167,Take Shot,bn,Bengali,qwen2.5-coder:7b,স্কট নেকোনো,1.836
4168,Shear Tool,bn,Bengali,qwen2.5-coder:7b,কাটা টুল,1.41
4169,& Text Events,bn,Bengali,qwen2.5-coder:7b,& টেক্সট ঘটনা,1.8
4170,X Session Log,bn,Bengali,qwen2.5-coder:7b,এক্স সেশন লগ,1.787
4171,Started late,bn,Bengali,qwen2.5-coder:7b,খুবই সাধারণ,1.839
4172,Working with & kivio;,bn,Bengali,qwen2.5-coder:7b,বিনামূল্যে & kivio;,2.437
4173,Connection established.,bn,Bengali,qwen2.5-coder:7b,সংযোগ স্থাপিত হয়েছে।,2.972
4174,MINUTE(time),bn,Bengali,qwen2.5-coder:7b,মিনিট (সময়),1.846
4175,Plotting Area,bn,Bengali,qwen2.5-coder:7b,লোটিং এলাকা,1.972
4176,Non-empty,bn,Bengali,qwen2.5-coder:7b,নয়েক আছে,1.511
4177,Sharp,bn,Bengali,qwen2.5-coder:7b,কাছাকাছি,1.245
4178,Clipboard Viewer,bn,Bengali,qwen2.5-coder:7b,ক্লিপবোর্ড দেখাল,2.195
4179,Big (wml),bn,Bengali,qwen2.5-coder:7b,বড় (wml),1.438
4180,Making directory: %1,bn,Bengali,qwen2.5-coder:7b,ডিরেক্টরি তৈরি করা: %1,2.89
4181,Server Authentication,bn,Bengali,qwen2.5-coder:7b,সার্ভার প্রমাণীকরণ,2.325
4182,Equator,bn,Bengali,qwen2.5-coder:7b,আকাশের সমান্তর,1.986
4183,Could not read %1,bn,Bengali,qwen2.5-coder:7b,কোনো পাঠিয়ে পারি নি %1,3.287
4184,image,bn,Bengali,qwen2.5-coder:7b,ছবি,0.737
4185,next,bn,Bengali,qwen2.5-coder:7b,পরের,0.828
4186,X offset:,bn,Bengali,qwen2.5-coder:7b,X অক্ষ অপসেট:,1.792
4187,& Shutdown Kleopatra,bn,Bengali,qwen2.5-coder:7b,&ক্লিউপাট্রা বন্ধ করুন,3.017
4188,Backlinks:,bn,Bengali,qwen2.5-coder:7b,ব্যাকলিংকসমূহ:,2.125
4189,Section Authors,bn,Bengali,qwen2.5-coder:7b,অধ্যায় লেখকরা,2.278
4190,Group identities,bn,Bengali,qwen2.5-coder:7b,গুপ্ত আইデン্টিটি সমূহ,2.533
4191,Printing Status - %1,bn,Bengali,qwen2.5-coder:7b,প্রিন্টিং স্ট্যাটাস - %1,2.939
4192,Launch frequency,bn,Bengali,qwen2.5-coder:7b,শুরু করা হাফিজা,2.489
4193,Length measurement,bn,Bengali,qwen2.5-coder:7b,মানচিত্র পরিমাপ,1.974
4194,& Neighbor groups:,bn,Bengali,qwen2.5-coder:7b,& নিজস্ব সম্পর্ক সমূহ:,2.895
4195,Border width:,bn,Bengali,qwen2.5-coder:7b,বাড়ির প্রস্থ:,2.104
4196,vertically,bn,Bengali,qwen2.5-coder:7b,উলের দিকে,1.432
4197,Conjugation,bn,Bengali,qwen2.5-coder:7b,কনজেকশন,1.207
4198,Player & 2,bn,Bengali,qwen2.5-coder:7b,বিছিন্ন খেলোয়াড় & 2,2.913
4199,Virtualization,bn,Bengali,qwen2.5-coder:7b,ভাষায়িক পরিবর্তন,2.402
4200,& Placemarks Plugin,bn,Bengali,qwen2.5-coder:7b,& স্থানানীয় প্লাগইন,3.024
4201,Data source scripts,bn,Bengali,qwen2.5-coder:7b,ডেটা সূর্যোত্তর স্ক্রিপ্টস,3.603
4202,Refresh time:,bn,Bengali,qwen2.5-coder:7b,রিফ্রেশ সময়:,1.882
4203,KDE Image libraries,bn,Bengali,qwen2.5-coder:7b,KDE ছবি লাইব্রেরি,2.246
4204,color map declaration,bn,Bengali,qwen2.5-coder:7b,কলর ম্যাপ স্বাগত,2.202
4205,Australia/ Melbourne,bn,Bengali,qwen2.5-coder:7b,অস্ট্রেলিয়া/মেলব্রুন,2.936
4206,System,bn,Bengali,qwen2.5-coder:7b,সিস্টেম,1.193
4207,ships,bn,Bengali,qwen2.5-coder:7b,শুধু শুধু শুধু শুধু শুধু শুধু শুধু শুধু শুধু শুধু শুধু শুধু শুধু শুধু শ,10.71
4208,By position,bn,Bengali,qwen2.5-coder:7b,পজিশন দ্বারা,1.721
4209,& 3D Graph,bn,Bengali,qwen2.5-coder:7b,& ৩D গ্রাফ,1.69
4210,Using & irkick;,bn,Bengali,qwen2.5-coder:7b,ইউজিং & irkick;,1.597
4211,%1 is still alive...,bn,Bengali,qwen2.5-coder:7b,%1 আরও জীবিত আছে...,2.51
4212,Printer Corrected,bn,Bengali,qwen2.5-coder:7b,মিনিটার সঠিক,1.888
4213,Dark Gray,bn,Bengali,qwen2.5-coder:7b,কালো সাদা,1.461
4214,Traffic Notifications,bn,Bengali,qwen2.5-coder:7b,গাড়ির বিজ্ঞান,1.958
4215,Dissolve,bn,Bengali,qwen2.5-coder:7b,লোক্ষন,1.425
4216,Device Manager,bn,Bengali,qwen2.5-coder:7b,ডিভাইস ম্যানেজার,2.157
4217,Line,bn,Bengali,qwen2.5-coder:7b,লাইন,0.829
4218,IO-Ports,bn,Bengali,qwen2.5-coder:7b,ই/আউট-পোর্টস,1.855
4219,Connection Time:,bn,Bengali,qwen2.5-coder:7b,সংযোগের সময়:,2.208
4220,& Justify,bn,Bengali,qwen2.5-coder:7b,& সমান্তরাল স্থাপন,2.373
4221,(Black %1),bn,Bengali,qwen2.5-coder:7b,(কালো %1),1.497
4222,"Ì (#204;) Capital I, grave accent",bn,Bengali,qwen2.5-coder:7b,"আইডি (#204;) বড় ই, গ্রেভ অক্ষর",3.753
4223,Vertical BGR,bn,Bengali,qwen2.5-coder:7b,ভর্তা বর্গ রঙ,1.845
4224,PNG compression:,bn,Bengali,qwen2.5-coder:7b,PNG সংক্ষারণ:,1.656
4225,Printer Default,bn,Bengali,qwen2.5-coder:7b,প্রিন্টার ডিফল্ট,2.124
4226,Player3,bn,Bengali,qwen2.5-coder:7b,প্লেয়ার৩,1.569
4227,Printout Quality,bn,Bengali,qwen2.5-coder:7b,প্রিন্ট গুল্পি,1.954
4228,Draft,bn,Bengali,qwen2.5-coder:7b,মسودা,0.736
4229,Presence,bn,Bengali,qwen2.5-coder:7b,উপস্থিতি,1.219
4230,Frozen,bn,Bengali,qwen2.5-coder:7b,আংশিক,1.013
4231,Data mode:,bn,Bengali,qwen2.5-coder:7b,ডেটা মোড়:,1.84
4232,Samples,bn,Bengali,qwen2.5-coder:7b,নমুনা,1.07
4233,Examples,bn,Bengali,qwen2.5-coder:7b,উদাহরণসমূহ,1.547
4234,active task,bn,Bengali,qwen2.5-coder:7b,সক্রিয়া কর্ম,1.879
4235,Talker Chooser,bn,Bengali,qwen2.5-coder:7b,কথা নিয়ন্ত্রক,2.14
4236,Remove Webseed,bn,Bengali,qwen2.5-coder:7b,মুক্তি দিন সাইট,2.295
4237,Encryption Tool,bn,Bengali,qwen2.5-coder:7b,এক্সেপ্রিশন টুল,2.149
4238,Permissions:,bn,Bengali,qwen2.5-coder:7b,অনুমতিঃ:,1.331
4239,Capability list,bn,Bengali,qwen2.5-coder:7b,ক্ষমতা তালিকা,1.752
4240,Synchronization 1,bn,Bengali,qwen2.5-coder:7b,সিন্যারাইজেশন ১,2.271
4241,Bump size:,bn,Bengali,qwen2.5-coder:7b,বাড়ির আকার:,1.875
4242,Decrypting: %1...,bn,Bengali,qwen2.5-coder:7b,ডিসক্রিপ্টিং: %1...,2.261
4243,errorsCalculation,bn,Bengali,qwen2.5-coder:7b,সমাধান অপশন,1.823
4244,LEAP Password,bn,Bengali,qwen2.5-coder:7b,লিপি,0.951
4245,Reshape Histogram,bn,Bengali,qwen2.5-coder:7b,হিস্টোগ্রাম পুনরারূপ করুন,3.394
4246,Polygon,bn,Bengali,qwen2.5-coder:7b,পলিগন,0.968
4247,IRC channels:,bn,Bengali,qwen2.5-coder:7b,IRC চ্যানেলসং:,1.837
4248,Power management applet,bn,Bengali,qwen2.5-coder:7b,পাওয়ার ম্যানেজমেন্ট অ্যাপ্লিট,3.814
4249,Playlist Files on Disk,bn,Bengali,qwen2.5-coder:7b,ডিস্কে প্লেলিস্ট ফাইলসমূহ,3.302
4250,Maximize Button,bn,Bengali,qwen2.5-coder:7b,মаксিমাইজ বাটন,1.788
4251,Faeroese (Faero Islands),bn,Bengali,qwen2.5-coder:7b,ফেরোজী (ফেরো দ্বীপগুলি),3.44
4252,Perspective Transformation,bn,Bengali,qwen2.5-coder:7b,প্রকোপ পরিবর্তন,2.203
4253,Scroll Bar,bn,Bengali,qwen2.5-coder:7b,স্ক্রোল বার,1.77
4254,general,bn,Bengali,qwen2.5-coder:7b,সাধারণ,1.055
4255,First Slide,bn,Bengali,qwen2.5-coder:7b,প্রথম স্লাইড,1.698
4256,Sun shading:,bn,Bengali,qwen2.5-coder:7b,সূর্য শক্তি ঘূরন্ত:,2.789
4257,Search in subdirectories,bn,Bengali,qwen2.5-coder:7b,সাব ডিরেক্টরি ভ্যার্সনে অনুসন্ধান করুন,5.023
4258,Default Transport,bn,Bengali,qwen2.5-coder:7b,ডিফল্ট ট্রান্সপোর্ট,2.565
4259,Information:,bn,Bengali,qwen2.5-coder:7b,ইনফরমেশন:,1.337
4260,Tools Toolbar,bn,Bengali,qwen2.5-coder:7b,أدوات شريط الأدوات,1.145
4261,Open with %1,bn,Bengali,qwen2.5-coder:7b,খোলো %1,1.511
4262,Moving average,bn,Bengali,qwen2.5-coder:7b,মোবাইনিং স্যার্জেন্স,2.674
4263,Reference pattern,bn,Bengali,qwen2.5-coder:7b,রেফারেন্স পাট্টন,2.178
4264,Size of project:,bn,Bengali,qwen2.5-coder:7b,প্রকল্পের আকার:,2.108
4265,of Esfand,bn,Bengali,qwen2.5-coder:7b,এফস্যাং드ের অংশে,2.222
4266,Case Sensitive:,bn,Bengali,qwen2.5-coder:7b,কেস সান্সেটিভ:,1.978
4267,Year,bn,Bengali,qwen2.5-coder:7b,বছর,0.728
4268,Trash folder:,bn,Bengali,qwen2.5-coder:7b,মুছে দেওয়া ফোল্ডার:,2.902
4269,LaTeX Environments,bn,Bengali,qwen2.5-coder:7b,লেটেক্স অন্যায়ীগুলি,3.0
4270,time,bn,Bengali,qwen2.5-coder:7b,সময়,0.996
4271,Source language,bn,Bengali,qwen2.5-coder:7b,সূত্র ভাষা,1.637
4272,Plasma Wallpaper Viewer,bn,Bengali,qwen2.5-coder:7b,প্লাসমা ব্যাগ্রাফ দেখালো,3.029
4273,Aborting...,bn,Bengali,qwen2.5-coder:7b,বন্ধ করা হচ্ছে...,2.197
4274,Bump size,bn,Bengali,qwen2.5-coder:7b,বাড়ির আকার,1.71
4275,& Color Adjustment curves...,bn,Bengali,qwen2.5-coder:7b,& রং সম্পাদন কোর্সী...,2.932
4276,Head Separation,bn,Bengali,qwen2.5-coder:7b,শীঘ্র অন্তর,1.925
4277,Files Tree,bn,Bengali,qwen2.5-coder:7b,ফাইল টীর,1.424
4278,"NE Brazil (MA, PI, CE, RN, PB)",bn,Bengali,qwen2.5-coder:7b,"নূরো ব্রাজিল (মাড়া, পিয়া, চে, রিন্ড, পিব)",5.68
4279,Market interest rate,bn,Bengali,qwen2.5-coder:7b,মার্কেট বিনিময় দর,2.508
4280,CPU Information,bn,Bengali,qwen2.5-coder:7b,CPU তথ্য,1.093
4281,Destination Image,bn,Bengali,qwen2.5-coder:7b,স্থানীয় ছবি,1.957
4282,Online comic strips,bn,Bengali,qwen2.5-coder:7b,অনলাইন কমিক স্ট্রিপস,2.597
4283,This month:,bn,Bengali,qwen2.5-coder:7b,এই মাসে:,1.33
4284,¶ (#182;) Paragraph sign,bn,Bengali,qwen2.5-coder:7b,প্রাথমিক অংক (১৮২),2.781
4285,Teaching Tools,bn,Bengali,qwen2.5-coder:7b,শিক্ষা উপকরণ,1.729
4286,Single sided,bn,Bengali,qwen2.5-coder:7b,একদিক,0.968
4287,Height (%),bn,Bengali,qwen2.5-coder:7b,উচ্চতা (%),1.217
4288,Center Bottom,bn,Bengali,qwen2.5-coder:7b,মাদ্রাসা নিচে,1.829
4289,miles,bn,Bengali,qwen2.5-coder:7b,মাইল,0.89
4290,Class operation:,bn,Bengali,qwen2.5-coder:7b,ক্লাস অপেরেশন:,1.925
4291,Moroccan Dirham,bn,Bengali,qwen2.5-coder:7b,মরক্কো দিরহাম,2.006
4292,Justify Center,bn,Bengali,qwen2.5-coder:7b,মধ্যে স্থাপন করুন,2.395
4293,Variable group,bn,Bengali,qwen2.5-coder:7b,পরিবর্তন সমূহ,1.984
4294,Music:,bn,Bengali,qwen2.5-coder:7b,শব্দ:,1.0
4295,Blue Filter,bn,Bengali,qwen2.5-coder:7b,বাজার ফিল্টার,1.879
4296,Selection Text,bn,Bengali,qwen2.5-coder:7b,নির্বাচনের লেখা,1.983
4297,Your emails,bn,Bengali,qwen2.5-coder:7b,আপনার ইমেইলসমূহ,2.102
4298,Standard Folder,bn,Bengali,qwen2.5-coder:7b,স্টান্ডার্ড ফোল্ডার,2.56
4299,& Player List,bn,Bengali,qwen2.5-coder:7b,& প্লেয়ার তালিকা,2.432
4300,Unknown client,bn,Bengali,qwen2.5-coder:7b,অজানা গ্রাহক,1.788
4301,Current Time,bn,Bengali,qwen2.5-coder:7b,সময় আপডেট,1.619
4302,View Histogram,bn,Bengali,qwen2.5-coder:7b,ইস্টুমাল করুন,2.058
4303,HTTP Request,bn,Bengali,qwen2.5-coder:7b,HTTP অনুরোধ,1.473
4304,Network communication error,bn,Bengali,qwen2.5-coder:7b,নেটওয়ার্ক সম্পর্ক ভূমিকা,3.297
4305,"February 1st, 2005 K Desktop Environment",bn,Bengali,qwen2.5-coder:7b,"১ ফেব্রুয়ারি, ২০০৫ K ডেস্কটপ ইন্ডেন্টর সম্পর্কে",6.439
4306,Gimmicks,bn,Bengali,qwen2.5-coder:7b,গিম্মিকস,1.398
4307,Opponent,bn,Bengali,qwen2.5-coder:7b,বিপরীত,1.167
4308,Data Source Properties,bn,Bengali,qwen2.5-coder:7b,ডেটা সূচকের বৈশিষ্ট্য,2.801
4309,Picture Tool,bn,Bengali,qwen2.5-coder:7b,ছবি টুল,1.295
4310,(current),bn,Bengali,qwen2.5-coder:7b,(সম্পূর্ণ),1.6
4311,Profile:,bn,Bengali,qwen2.5-coder:7b,প্রোফাইল:,1.533
4312,W Pointing West,bn,Bengali,qwen2.5-coder:7b,পূর্ব দিকে অর্থাৎ দক্ষিণ দিকে অর্থাৎ উত্তর দিকে অর্থাৎ পश্চিম দিকে,7.814
4313,Deactivated,bn,Bengali,qwen2.5-coder:7b,নিষ্ক্রিয়ামিত,2.106
4314,Remove Record,bn,Bengali,qwen2.5-coder:7b,মন্তব্য অপসারণ,1.966
4315,Maximum distance:,bn,Bengali,qwen2.5-coder:7b,মаксিমাম দূরত্ব:,2.075
4316,RosyBrown1,bn,Bengali,qwen2.5-coder:7b,রোসি বাউন্ড ১,2.143
4317,Ejected,bn,Bengali,qwen2.5-coder:7b,আঁকা হয়েছে,1.863
4318,Album Library,bn,Bengali,qwen2.5-coder:7b,একাউম্ব লাবরেরি,1.96
4319,KAlarm version,bn,Bengali,qwen2.5-coder:7b,ক্যালার্ম সংস্করণ,2.403
4320,Not ready,bn,Bengali,qwen2.5-coder:7b,নেই প্রস্তুত,1.761
4321,Job Billing:,bn,Bengali,qwen2.5-coder:7b,চালান বিবরণ:,1.729
4322,Moldova,bn,Bengali,qwen2.5-coder:7b,মলদোবা,1.283
4323,You have to choose a directory.,bn,Bengali,qwen2.5-coder:7b,আপনি একটি নির্দেশালয় নির্বাচন করতে হবে।,4.937
4324,Printing Manager,bn,Bengali,qwen2.5-coder:7b,প্রিন্টিং ম্যানেজার,2.495
4325,Library Paths,bn,Bengali,qwen2.5-coder:7b,লাবরের পথগুলি,1.852
4326,direction,bn,Bengali,qwen2.5-coder:7b,দিক্ষা,1.007
4327,K3b External Audio Encoder,bn,Bengali,qwen2.5-coder:7b,কৃত্রিম সীমান্ত অডিও অকোডার,3.585
4328,velocity variance,bn,Bengali,qwen2.5-coder:7b,বেলিটি ভ্যারিয়েন্স,2.573
4329,& Invite...,bn,Bengali,qwen2.5-coder:7b,& অгласুন...,1.321
4330,Keybinding Reference,bn,Bengali,qwen2.5-coder:7b,কীবোন্ড অনুযায়ী,2.726
4331,& Merge,bn,Bengali,qwen2.5-coder:7b,& মাস্কর করুন,1.94
4332,1200 Quality,bn,Bengali,qwen2.5-coder:7b,১২০০ গুলি গুলি,2.607
4333,Release:,bn,Bengali,qwen2.5-coder:7b,প্রকাশ দিন:,1.546
4334,Fuji digital camera RAW file format,bn,Bengali,qwen2.5-coder:7b,ফুজি দিজিটাল ক্যামেরা RAW ফাইল ফরম্যাট,4.235
4335,filename,bn,Bengali,qwen2.5-coder:7b,ফাইলের নাম,1.498
4336,screen capture,bn,Bengali,qwen2.5-coder:7b,স্ক্রিন ক্যাপচার,2.122
4337,Incidence details,bn,Bengali,qwen2.5-coder:7b,আবেগের বিস্তার,1.995
4338,Synchronization prefix:,bn,Bengali,qwen2.5-coder:7b,সিন্যারাইজেশন উপস্থাপনা:,3.016
4339,Motorway,bn,Bengali,qwen2.5-coder:7b,মৌসুম,1.245
4340,Critical path,bn,Bengali,qwen2.5-coder:7b,কার্যপথ,1.191
4341,Z Matrix Editor...,bn,Bengali,qwen2.5-coder:7b,ম্যাট্রিক্স এডিটর...,2.339
4342,game,bn,Bengali,qwen2.5-coder:7b,গেম,0.754
4343,catch expected,bn,Bengali,qwen2.5-coder:7b,প্রত্যেক অপরিবর্তন পেয়েছি,3.526
4344,Authentication selection,bn,Bengali,qwen2.5-coder:7b,অনুমোদন সমৃদ্ধি,2.331
4345,Dithering Algorithm,bn,Bengali,qwen2.5-coder:7b,ডিথারিং অ্যালগরিদম,2.434
4346,Control points,bn,Bengali,qwen2.5-coder:7b,কন্ট্রোল বিন্দু,2.248
4347,Sundanese,bn,Bengali,qwen2.5-coder:7b,সুন্দারী,1.568
4348,Equal,bn,Bengali,qwen2.5-coder:7b,সমান,0.889
4349,Plugged In,bn,Bengali,qwen2.5-coder:7b,ইন্টারস্ট করা,1.836
4350,Icon View,bn,Bengali,qwen2.5-coder:7b,আইকন দৃষ্টি,1.706
4351,Default transition:,bn,Bengali,qwen2.5-coder:7b,ডিফল্ট ট্রানজিশন:,2.32
4352,Difficulty,bn,Bengali,qwen2.5-coder:7b,কঠিনতা,1.183
4353,Transit time: %1,bn,Bengali,qwen2.5-coder:7b,ত্রাস্ট সময়: %1,2.494
4354,Video bit rate (kbit):,bn,Bengali,qwen2.5-coder:7b,ভিডিও বিট রেট (কিবি বিট):,3.077
4355,added,bn,Bengali,qwen2.5-coder:7b,এড করা,1.081
4356,Search for '%1 'with %2,bn,Bengali,qwen2.5-coder:7b,%1' সহ '%2' দিয়ে খুঁজুন,3.537
4357,(1) User Commands,bn,Bengali,qwen2.5-coder:7b,(1) ব্যবহারকরীর আইন্ডিকেশন,3.432
4358,Arrow Keys,bn,Bengali,qwen2.5-coder:7b,কোণ্ঠা কোড,1.799
4359,Add Printer Wizard,bn,Bengali,qwen2.5-coder:7b,মিনিটার যোগ করুন,2.334
4360,Vocabulary & list,bn,Bengali,qwen2.5-coder:7b,ভাষা এবং তালিকা,2.182
4361,compiling,bn,Bengali,qwen2.5-coder:7b,কম্পাইলিং,1.495
4362,Super User Mode,bn,Bengali,qwen2.5-coder:7b,সুপার ইউজার মোড,2.316
4363,slope map declaration,bn,Bengali,qwen2.5-coder:7b,স্লোপ ম্যাপ স্বাগতিকরণ,2.976
4364,Vector-based Drawing Program,bn,Bengali,qwen2.5-coder:7b,ভেক্টর-ভিত্তিতে চিত্র-drawing প্রোগ্রাম,4.12
4365,PrevWord,bn,Bengali,qwen2.5-coder:7b,পূর্ব শব্দ,1.57
4366,Now Playing,bn,Bengali,qwen2.5-coder:7b,এখন প্লে করছে,1.732
4367,Make backups,bn,Bengali,qwen2.5-coder:7b,ব্যাকআপ করুন,1.79
4368,System Users,bn,Bengali,qwen2.5-coder:7b,সистем ব্যবহারকর্তা,2.049
4369,XML Paper Specification Info,bn,Bengali,qwen2.5-coder:7b,XML পেপার সпеশিফিকেশন তথ্য,3.005
4370,KWSDL Compiler,bn,Bengali,qwen2.5-coder:7b,কোয়ার্স সম্পাদক,2.417
4371,Rename budget,bn,Bengali,qwen2.5-coder:7b,বাজেট পরিবর্তন করুন,2.822
4372,ssh is missing,bn,Bengali,qwen2.5-coder:7b,ssh অস্থায়ী,2.158
4373,gravitationConstVariance,bn,Bengali,qwen2.5-coder:7b,গ্রাভিটেশন স্থানান্ত্রিকতা,3.335
4374,WhiteSmoke,bn,Bengali,qwen2.5-coder:7b,সাঁলাস্কোম,1.663
4375,Info Center,bn,Bengali,qwen2.5-coder:7b,ইনফো সেন্টার,1.766
4376,Gravity points,bn,Bengali,qwen2.5-coder:7b,গ্রাভিটি বিন্দু,2.053
4377,Word Wrap,bn,Bengali,qwen2.5-coder:7b,শব্দ বন্ধুকরণ,1.979
4378,Teletext Plugin,bn,Bengali,qwen2.5-coder:7b,টেলিটেক্স প্লাগইন,2.334
4379,Job Control,bn,Bengali,qwen2.5-coder:7b,কাজ নিয়ন্ত্রণ,2.058
4380,Swap Space,bn,Bengali,qwen2.5-coder:7b,স্থানান্তর,1.49
4381,Anniversary,bn,Bengali,qwen2.5-coder:7b,অনুষ্ঠান,1.379
4382,History,bn,Bengali,qwen2.5-coder:7b,ইতিহাস,1.08
4383,Soft,bn,Bengali,qwen2.5-coder:7b,সফট,0.741
4384,Denmark,bn,Bengali,qwen2.5-coder:7b,دانMARK,0.67
4385,Move Items,bn,Bengali,qwen2.5-coder:7b,আইটেম বর্তন করুন,2.266
4386,GDB Support,bn,Bengali,qwen2.5-coder:7b,GDB সমর্থন,1.502
4387,Events,bn,Bengali,qwen2.5-coder:7b,ইভেন্টস,1.167
4388,Enumerations,bn,Bengali,qwen2.5-coder:7b,সমন্বয়,1.344
4389,Bulgarian,bn,Bengali,qwen2.5-coder:7b,বাংলায়,1.344
4390,Completed,bn,Bengali,qwen2.5-coder:7b,সম্পন্ন,1.291
4391,In progress...,bn,Bengali,qwen2.5-coder:7b,চলমান...,1.125
4392,Previews,bn,Bengali,qwen2.5-coder:7b,প্রিভিউস,1.329
4393,Without:,bn,Bengali,qwen2.5-coder:7b,না:,0.846
4394,Position pattern,bn,Bengali,qwen2.5-coder:7b,স্থান প্যাট্রন,1.958
4395,Example Sentences,bn,Bengali,qwen2.5-coder:7b,উদাহরণ বাক্যات,1.971
4396,Translation Tool,bn,Bengali,qwen2.5-coder:7b,অনুবাদ টুল,1.669
4397,Bad signature.,bn,Bengali,qwen2.5-coder:7b,আমার স্বাক্ষর ভুল।,2.415
4398,Soundcard,bn,Bengali,qwen2.5-coder:7b,অডিও কার্ড,1.564
4399,List of channels:,bn,Bengali,qwen2.5-coder:7b,চ্যানেল তালিকা:,2.085
4400,ImagePlugin_Perspective,bn,Bengali,qwen2.5-coder:7b,ইমেজ প্রেসেন্টেশন,2.332
4401,Edit Metadata,bn,Bengali,qwen2.5-coder:7b,মетাডেটা সম্পাদনা,2.172
4402,Resource Settings,bn,Bengali,qwen2.5-coder:7b,সমস্ত সূচক সেটিংস,2.377
4403,Incoming,bn,Bengali,qwen2.5-coder:7b,আসা আসে,1.244
4404,Unknown subtype,bn,Bengali,qwen2.5-coder:7b,অজানা উপস্বরূপ,2.121
4405,Includes,bn,Bengali,qwen2.5-coder:7b,আমাদের সাথে আসে,2.022
4406,Ctrl; Shift; Z Redo,bn,Bengali,qwen2.5-coder:7b,কনترল; শিফট; জি পুনরায়ন,3.372
4407,Prefix:,bn,Bengali,qwen2.5-coder:7b,প্রিফিক্স:,1.491
4408,Sessions,bn,Bengali,qwen2.5-coder:7b,সেশনস,0.961
4409,Black Levels,bn,Bengali,qwen2.5-coder:7b,কালো মানস্তর,1.858
4410,"Error: Could not find script ""%1"".",bn,Bengali,qwen2.5-coder:7b,কোনোটি: স্ক্রিপ্ট '%1' খুঁজে পালাইনি।,5.188
4411,United States Dollar (Same Day),bn,Bengali,qwen2.5-coder:7b,আমريكী ডোলার (সমান দিন),2.96
4412,Custom:,bn,Bengali,qwen2.5-coder:7b,ব্যবহারকর্তা স্থাপনা:,2.79
4413,Minimum Size,bn,Bengali,qwen2.5-coder:7b,মিনিমাম আকার,1.799
4414,Altitude vs. Time Tool,bn,Bengali,qwen2.5-coder:7b,উচ্চতা সময়ের সাথে সম্পর্কিত টুল,4.192
4415,Engineering Functions,bn,Bengali,qwen2.5-coder:7b,ইংরেজি ফাংশনসমূহ,2.365
4416,Moving,bn,Bengali,qwen2.5-coder:7b,মুক্তি,1.15
4417,Key Group,bn,Bengali,qwen2.5-coder:7b,কেি গ্রুপ,1.464
4418,S Orientation South,bn,Bengali,qwen2.5-coder:7b,স উপর্যন্ত দক্ষিণ,2.456
4419,few,bn,Bengali,qwen2.5-coder:7b,কয়েকটি,1.293
4420,Dialog & position:,bn,Bengali,qwen2.5-coder:7b,মুদ্রা এবং স্থান:,2.625
4421,Fifteen Puzzle,bn,Bengali,qwen2.5-coder:7b,১৫ পাজিল,1.731
4422,Crunchiness,bn,Bengali,qwen2.5-coder:7b,ক্রুঞ্জতা,1.729
4423,Default time for reminders,bn,Bengali,qwen2.5-coder:7b,নোটিফিকেশনের অনুযায়ী স্থানানীয় সময়,5.207
4424,Configuration Error,bn,Bengali,qwen2.5-coder:7b,কonfigুৰেশন ভুলো,2.258
4425,Association Error,bn,Bengali,qwen2.5-coder:7b,সম্পর্ক ভূমিকা,2.114
4426,Getting the token,bn,Bengali,qwen2.5-coder:7b,টোকেন পেতে,1.883
4427,Whale speed,bn,Bengali,qwen2.5-coder:7b,কৃষ্ণা গতি,1.654
4428,Initial Caps,bn,Bengali,qwen2.5-coder:7b,ইনিশিয়াল ক্যাপ,2.26
4429,Travel,bn,Bengali,qwen2.5-coder:7b,旅行,0.555
4430,Best,bn,Bengali,qwen2.5-coder:7b,সবচেয়ে ভালো,1.96
4431,Signature,bn,Bengali,qwen2.5-coder:7b,সIGNATURE,0.753
4432,Copy Mode,bn,Bengali,qwen2.5-coder:7b,কপি অর্থ,1.354
4433,%1 (current),bn,Bengali,qwen2.5-coder:7b,%1 (সম্পূর্ণ),1.964
4434,The Rose,bn,Bengali,qwen2.5-coder:7b,রোজে,1.02
4435,Open with & Mozilla,bn,Bengali,qwen2.5-coder:7b,মোজিলা দিয়ে খোলুন & Mozilla,3.22
4436,No Label,bn,Bengali,qwen2.5-coder:7b,কোনো লেভেল,1.707
4437,Percent Bar Chart,bn,Bengali,qwen2.5-coder:7b,পরিশেষ বাবু চার্ট,2.45
4438,Previous,bn,Bengali,qwen2.5-coder:7b,পূর্ব,1.103
4439,Assembly Code,bn,Bengali,qwen2.5-coder:7b,অ্যাসেম্বলি কোড,2.15
4440,(always),bn,Bengali,qwen2.5-coder:7b,সবসময়,1.27
4441,Password file:,bn,Bengali,qwen2.5-coder:7b,পাসওয়ার্ড ফাইল:,2.328
4442,Binding Edge:,bn,Bengali,qwen2.5-coder:7b,বান্ধব বাংলা:,1.855
4443,Select Filters,bn,Bengali,qwen2.5-coder:7b,ফিল্টার সিলেক্ট করুন,2.67
4444,Face editor,bn,Bengali,qwen2.5-coder:7b,একটি ফেস সমস্তকরণ,2.308
4445,How to Obtain & kgoldrunner;,bn,Bengali,qwen2.5-coder:7b,একক প্রকারে এবং kgoldrunner প্রাপ্ত করুন,4.169
4446,Contains Test,bn,Bengali,qwen2.5-coder:7b,নিয়মিত পরীক্ষা,2.538
4447,Response,bn,Bengali,qwen2.5-coder:7b,উত্তর,0.997
4448,Connection specific:: Cisco,bn,Bengali,qwen2.5-coder:7b,সংযোগ সпециফিক:: সিসকো,3.063
4449,Povray User Documentation,bn,Bengali,qwen2.5-coder:7b,প্রভাবিত ব্যবহারকারী দокументেশন,3.454
4450,random (rnd),bn,Bengali,qwen2.5-coder:7b,রূপনিষ্ঠ (rnd),1.778
4451,DTD - > DTEP Conversion,bn,Bengali,qwen2.5-coder:7b,DTD - > DTEP অনুযায়ী পরিবর্তন,3.709
4452,Closed,bn,Bengali,qwen2.5-coder:7b,বন্ধ,0.85
4453,Above,bn,Bengali,qwen2.5-coder:7b,উপরে,0.822
4454,Yellow Level,bn,Bengali,qwen2.5-coder:7b,আমি না জানি কেমন করতে হবে।,3.022
4455,CMYK Inks,bn,Bengali,qwen2.5-coder:7b,কম্যুনিটি ম্যানেজমেন্ট যোগ্য করুন,4.224
4456,undefined,bn,Bengali,qwen2.5-coder:7b,অনিরূপ,1.211
4457,Root Directory,bn,Bengali,qwen2.5-coder:7b,রূপনিষ্ঠ সম্পদ,2.113
4458,New name #,bn,Bengali,qwen2.5-coder:7b,নতুন নাম #,1.612
4459,Uncompressed,bn,Bengali,qwen2.5-coder:7b,আন্তর্ভুক্ত,1.735
4460,Size Canvas,bn,Bengali,qwen2.5-coder:7b,আকার বর্ধন,1.551
4461,Bulgarian lev,bn,Bengali,qwen2.5-coder:7b,বাংলাদেশি লেভ,1.947
4462,& Preview,bn,Bengali,qwen2.5-coder:7b,&প্রোভাইড,1.561
4463,Certificate & file:,bn,Bengali,qwen2.5-coder:7b,সাক্ষাত্কার এবং ফাইল:,2.858
4464,Game Keys,bn,Bengali,qwen2.5-coder:7b,গেম কীসি,1.431
4465,Appellation,bn,Bengali,qwen2.5-coder:7b,নাম,0.8
4466,Bookmark serializer,bn,Bengali,qwen2.5-coder:7b,মার্কডাউন সিরিলাইজার,2.456
4467,Austria,bn,Bengali,qwen2.5-coder:7b,অস্ট্রিয়া,1.67
4468,Appendix,bn,Bengali,qwen2.5-coder:7b,এপ্যানেডিস,1.547
4469,& Company:,bn,Bengali,qwen2.5-coder:7b,& কৃত্রিম:,1.637
4470,Marquee image,bn,Bengali,qwen2.5-coder:7b,মরিয়াড়াল ছবি,2.165
4471,& Remove Host,bn,Bengali,qwen2.5-coder:7b,&হোস্ট সরানো,2.042
4472,& kexi; Copyright 2002-2006 The & kexi; Team,bn,Bengali,qwen2.5-coder:7b,& kexi; সম্প্রতি ২০০২-২০০৬ এ & kexi; টিম,6.044
4473,Destination:,bn,Bengali,qwen2.5-coder:7b,স্থানান্ত্রিক স্থান:,2.685
4474,Authorization manager,bn,Bengali,qwen2.5-coder:7b,অনুমোদন ম্যানেজার,2.588
4475,Option 4:,bn,Bengali,qwen2.5-coder:7b,অপশন ৪:,1.426
4476,Color Model,bn,Bengali,qwen2.5-coder:7b,কলর মডেল,1.331
4477,Next week,bn,Bengali,qwen2.5-coder:7b,পরবৃহস্ত সপ্তাহ,2.124
4478,Paint with curves,bn,Bengali,qwen2.5-coder:7b,কোনো সূচকে চিত্র করুন,3.032
4479,Title & alignment,bn,Bengali,qwen2.5-coder:7b,শিরোনাম এবং সামগ্রী,2.874
4480,& to,bn,Bengali,qwen2.5-coder:7b,& থেকে,1.127
4481,Task type,bn,Bengali,qwen2.5-coder:7b,চালানীর ধরনি,1.882
4482,Copy of %1,bn,Bengali,qwen2.5-coder:7b,কপি অফ %1,1.62
4483,24th Last,bn,Bengali,qwen2.5-coder:7b,২৪তম উল্টো,1.838
4484,Stay Offline,bn,Bengali,qwen2.5-coder:7b,অফলাইন থাকো,1.701
4485,Exposure Program,bn,Bengali,qwen2.5-coder:7b,স্বরোধ প্রোগ্রাম,2.43
4486,Object classes,bn,Bengali,qwen2.5-coder:7b,বস্তু শ্রেণি,1.91
4487,Solid User Interface Server,bn,Bengali,qwen2.5-coder:7b,সুন্দর ইউজাইন সার্ভার,2.862
4488,CPU Frequency: %1,bn,Bengali,qwen2.5-coder:7b,CPU স্বচ্ছতা: %1,1.907
4489,ImagePlugin_NoiseReduction,bn,Bengali,qwen2.5-coder:7b,ছবি সমুদায়িক কর্ণ নিয়োগ,3.915
4490,Print warning,bn,Bengali,qwen2.5-coder:7b,প্রিন্ট ব্যার্নিং,2.313
4491,Fading,bn,Bengali,qwen2.5-coder:7b,সমুদ্র,1.162
4492,Server response:,bn,Bengali,qwen2.5-coder:7b,সার্ভার উত্তর:,1.862
4493,Preprocessed body:,bn,Bengali,qwen2.5-coder:7b,প্রে-প্রক্রিয়াকৃত শর্টটেক্স:,3.792
4494,of Shahrivar,bn,Bengali,qwen2.5-coder:7b,শ্রাহীবার,1.628
4495,Replace backwards.,bn,Bengali,qwen2.5-coder:7b,পিছনে বসাইয়ে দিন।,2.77
4496,Duplicate current Layer,bn,Bengali,qwen2.5-coder:7b,একই তালিকা দুটি কপি করুন,3.337
4497,Series,bn,Bengali,qwen2.5-coder:7b,সিরিজ,0.976
4498,Browse List,bn,Bengali,qwen2.5-coder:7b,তালিকায় চাঁদা,2.015
4499,acceleration,bn,Bengali,qwen2.5-coder:7b,স্পীক্ষা,1.392
4500,Per transfer:,bn,Bengali,qwen2.5-coder:7b,প্রতি অনুযায়ী:,2.242
4501,Delete Scripts,bn,Bengali,qwen2.5-coder:7b,স্ক্রিপ্ট মুছে দিন,2.46
4502,Poster size:,bn,Bengali,qwen2.5-coder:7b,পোস্টার আকার:,1.996
4503,moderated,bn,Bengali,qwen2.5-coder:7b,মোদারাত,1.354
4504,Microblog Serializer,bn,Bengali,qwen2.5-coder:7b,মিচ্রোব্লগ সিরিজার,2.484
4505,Icy Tree,bn,Bengali,qwen2.5-coder:7b,আরো বৃক্ষ,1.626
4506,& Player,bn,Bengali,qwen2.5-coder:7b,& প্লেয়ার,1.54
4507,complete medium,bn,Bengali,qwen2.5-coder:7b,মাঝারি সম্পূর্ণ,2.13
4508,Software sources,bn,Bengali,qwen2.5-coder:7b,সফটওয়ার উৎসগুলি,2.371
4509,Always,bn,Bengali,qwen2.5-coder:7b,সবসময়,1.144
4510,Auto Detection,bn,Bengali,qwen2.5-coder:7b,অটো সন্ধান,1.543
4511,Departmental,bn,Bengali,qwen2.5-coder:7b,বিভাগ,1.154
4512,No Artist,bn,Bengali,qwen2.5-coder:7b,কোনো অর্থী,1.855
4513,Added %1,bn,Bengali,qwen2.5-coder:7b,আপনি %1 যোগ করেছেন,2.531
4514,List,bn,Bengali,qwen2.5-coder:7b,লিস্ট,0.986
4515,redirection,bn,Bengali,qwen2.5-coder:7b,নির্দেশ,1.19
4516,Ease of Preparation,bn,Bengali,qwen2.5-coder:7b,প্রস্তুতির সহজতা,2.361
4517,Security Settings,bn,Bengali,qwen2.5-coder:7b,সীমানা সেটিংস,1.848
4518,& Line termination:,bn,Bengali,qwen2.5-coder:7b,& লাইন শেষ:,1.641
4519,Script Manager,bn,Bengali,qwen2.5-coder:7b,স্ক্রিপ্ট ম্যানেজার,2.513
4520,The options will be saved automatically.,bn,Bengali,qwen2.5-coder:7b,আপনির অপশনগুলি স্বয়ংই সংরক্ষিত হবে।,4.73
4521,Command Output,bn,Bengali,qwen2.5-coder:7b,কম্পাউন্ড আউটপুট,2.239
4522,exactly one,bn,Bengali,qwen2.5-coder:7b,একটি,0.94
4523,Example curves tool,bn,Bengali,qwen2.5-coder:7b,উদাহরণ করে লাইন টুল,2.469
4524,Main window,bn,Bengali,qwen2.5-coder:7b,মূল জanela,1.218
4525,Cover for HP DeskJet 3425,bn,Bengali,qwen2.5-coder:7b,HP DeskJet 3425 প্রতিরোধক,2.85
4526,momentum variance,bn,Bengali,qwen2.5-coder:7b,মূল্যায়ী সমান্তরালি পরিবর্তন,3.904
4527,Wikipedia Page,bn,Bengali,qwen2.5-coder:7b,উইকিপিডিয়া পাতা,2.32
4528,DarkOliveGreen2,bn,Bengali,qwen2.5-coder:7b,কালো বেগুন 2,2.065
4529,Banner Settings,bn,Bengali,qwen2.5-coder:7b,ব্যানার সেটিংস,1.869
4530,Paper Size,bn,Bengali,qwen2.5-coder:7b,পেপার সাইজ,1.521
4531,Line break,bn,Bengali,qwen2.5-coder:7b,লাইন ব্রেক,1.455
4532,KDE Text-to-Speech,bn,Bengali,qwen2.5-coder:7b,KDE টেক্সট-টো-স্পিচ,2.482
4533,Structure Definitions,bn,Bengali,qwen2.5-coder:7b,স্ট্যাকচার অпределণা,2.281
4534,Game over,bn,Bengali,qwen2.5-coder:7b,ইг্রাম শেষ,1.552
4535,The Plugins Menu,bn,Bengali,qwen2.5-coder:7b,প্লাগইন মেনু,1.885
4536,Stiffness variance,bn,Bengali,qwen2.5-coder:7b,স্থিতি ভিন্নতা,2.006
4537,Relief:,bn,Bengali,qwen2.5-coder:7b,সুন্দরি:,1.471
4538,Session Management,bn,Bengali,qwen2.5-coder:7b,সেশন ম্যানেজমেন্ট,2.198
4539,Game name:,bn,Bengali,qwen2.5-coder:7b,গেমের নাম:,1.494
4540,Previous Tab,bn,Bengali,qwen2.5-coder:7b,পূর্বী ট্যাব,1.894
4541,Copy,bn,Bengali,qwen2.5-coder:7b,কপি,0.779
4542,Via telephone,bn,Bengali,qwen2.5-coder:7b,ফোন দিয়ে,1.625
4543,Qt Designer Files,bn,Bengali,qwen2.5-coder:7b,Qt ডিজাইনার ফাইলসমূহ,2.64
4544,Sproingies,bn,Bengali,qwen2.5-coder:7b,স্পর্গিজ,1.441
4545,New Album From Selection,bn,Bengali,qwen2.5-coder:7b,নির্বাচন থেকে নতুন অ্যালবাম,3.48
4546,Announce version:,bn,Bengali,qwen2.5-coder:7b,নভাব প্রকাশ করুন:,2.437
4547,Nepomuk Task Manager,bn,Bengali,qwen2.5-coder:7b,নেপোমুক কাজ ম্যানেজার,3.002
4548,Polyline Tool,bn,Bengali,qwen2.5-coder:7b,পলি-লাইন টুল,1.934
4549,Akonadi is running,bn,Bengali,qwen2.5-coder:7b,আকোনাদি চলছে,1.996
4550,Error log:,bn,Bengali,qwen2.5-coder:7b,কাজ লগ:,1.341
4551,Lithuanian,bn,Bengali,qwen2.5-coder:7b,লিথুয়ানিয়া,2.061
4552,Italic,bn,Bengali,qwen2.5-coder:7b,আমেরিকানি,1.425
4553,Go to Line %1,bn,Bengali,qwen2.5-coder:7b,লাইন %1 যাও,1.652
4554,New Entry,bn,Bengali,qwen2.5-coder:7b,নতুন অনুমোদন,2.091
4555,Partition Usage,bn,Bengali,qwen2.5-coder:7b,ভাগ্য ব্যবহার,2.083
4556,Album cover manager,bn,Bengali,qwen2.5-coder:7b,একটি ব্যালুম কভার ম্যানেজার,3.545
4557,Column Type,bn,Bengali,qwen2.5-coder:7b,কলোমের ধরনি,1.673
4558,Choose a filename to save under,bn,Bengali,qwen2.5-coder:7b,সেই ফাইলের নাম নির্বাচন করুন যাতে সেখানে সংরক্ষণ করা যায়,7.027
4559,Neighborhood,bn,Bengali,qwen2.5-coder:7b,গ্রাম,1.016
4560,Move 10,bn,Bengali,qwen2.5-coder:7b,মুভ ১০,1.468
4561,Animation:,bn,Bengali,qwen2.5-coder:7b,অ্যানিমেশন:,1.608
4562,Placeholder,bn,Bengali,qwen2.5-coder:7b,প্লেস홀্ডার,1.491
4563,Spectators,bn,Bengali,qwen2.5-coder:7b,বিশ্বাসীরা,1.68
4564,Bitrate based,bn,Bengali,qwen2.5-coder:7b,বিট বেলাসমূহ,1.773
4565,Latin'calx 'for'lime',bn,Bengali,qwen2.5-coder:7b,লিমের ল্যাটিন ক্যালক্স,3.207
4566,reason:,bn,Bengali,qwen2.5-coder:7b,কারণ:,0.996
4567,& Last name:,bn,Bengali,qwen2.5-coder:7b,& অনুরোধ নাম:,1.983
4568,Fiji Islands,bn,Bengali,qwen2.5-coder:7b,ফিজি দেশগুলি,1.892
4569,OpenGL extensions,bn,Bengali,qwen2.5-coder:7b,OpenGL অন্তর্ভুক্তি,2.025
4570,Adjustment:,bn,Bengali,qwen2.5-coder:7b,অনুসারণ:,1.435
4571,Amortization,bn,Bengali,qwen2.5-coder:7b,আমরিশ,1.026
4572,New game.,bn,Bengali,qwen2.5-coder:7b,নতুন খেলা।,1.653
4573,Playlist,bn,Bengali,qwen2.5-coder:7b,প্লেলিস্ট,1.37
4574,& Text for:,bn,Bengali,qwen2.5-coder:7b,& টেক্সট জন্য:,1.908
4575,Field,bn,Bengali,qwen2.5-coder:7b,ফিল্ড,0.992
4576,Date Format,bn,Bengali,qwen2.5-coder:7b,তারিখ ফরম্যাট,1.851
4577,Profile:: PSK,bn,Bengali,qwen2.5-coder:7b,প্রোফাইল:: প্সক,2.033
4578,Edit Alias,bn,Bengali,qwen2.5-coder:7b,এক্সাইল সম্পাদনা,2.156
4579,Cpu Frequency Selector,bn,Bengali,qwen2.5-coder:7b,CPU ফ্রিকেন্সি সিলেক্টর,2.658
4580,one,bn,Bengali,qwen2.5-coder:7b,এক,0.645
4581,SandyBrown,bn,Bengali,qwen2.5-coder:7b,স্যান্ডি বাউন,2.001
4582,New Modem,bn,Bengali,qwen2.5-coder:7b,নতুন মোডেম,1.79
4583,Category Easy,bn,Bengali,qwen2.5-coder:7b,বিভাগ সহজ,1.416
4584,Enable OpenGL,bn,Bengali,qwen2.5-coder:7b,OpenGL সক্ষম করুন,1.831
4585,challenge password,bn,Bengali,qwen2.5-coder:7b,চ্যালেঞ্জ পাসওয়ার্ড,2.802
4586,Procmail lockfile:,bn,Bengali,qwen2.5-coder:7b,মূল্যাংশ ফাইল:,2.194
4587,Fireworkx,bn,Bengali,qwen2.5-coder:7b,ফাইরওক্স,1.39
4588,Filter Field,bn,Bengali,qwen2.5-coder:7b,ফিল্টার ফ,1.553
4589,rectConcentration,bn,Bengali,qwen2.5-coder:7b,রেক্ট সমান্তরালি সম্পূর্ণ,3.347
4590,Terminate (TERM),bn,Bengali,qwen2.5-coder:7b,বন্ধ করুন (TERM),2.028
4591,No Reason,bn,Bengali,qwen2.5-coder:7b,কোনো কারণ,1.662
4592,Inactive Text,bn,Bengali,qwen2.5-coder:7b,নিষ্ক্রিয়ামিত টেক্সট,2.819
4593,View Properties,bn,Bengali,qwen2.5-coder:7b,প্রপার্টি দেখুন,2.268
4594,Create image,bn,Bengali,qwen2.5-coder:7b,চিত্র তৈরি করুন,2.242
4595,Focal length,bn,Bengali,qwen2.5-coder:7b,ফোকাল দৈর্ঘ্য,2.156
4596,Admin,bn,Bengali,qwen2.5-coder:7b,অ্যাডমিন,1.262
4597,Sizes,bn,Bengali,qwen2.5-coder:7b,আকার,0.847
4598,not in,bn,Bengali,qwen2.5-coder:7b,নেই,1.037
4599,Item Actions,bn,Bengali,qwen2.5-coder:7b,আইটেম অ্যাকশনসমূহ,2.33
4600,File Masks,bn,Bengali,qwen2.5-coder:7b,ফাইল ম্যাস্কস,1.91
4601,Delete item(s),bn,Bengali,qwen2.5-coder:7b,মুছে দিন আইটেম(গুলো),2.993
4602,OpenPGP signing key:,bn,Bengali,qwen2.5-coder:7b,OpenPGP সIGN কী:,1.797
4603,Network Meeting,bn,Bengali,qwen2.5-coder:7b,নেটওয়ার্ক মিটিং,2.341
4604,Enclosure:,bn,Bengali,qwen2.5-coder:7b,সংযোজন:,1.498
4605,Between,bn,Bengali,qwen2.5-coder:7b,মধ্যে,1.162
4606,Glow preview,bn,Bengali,qwen2.5-coder:7b,গ্লো প্রিভিউ,1.92
4607,Input Password,bn,Bengali,qwen2.5-coder:7b,পাসওয়ার্ড ইনপুট করুন,3.067
4608,Line Art,bn,Bengali,qwen2.5-coder:7b,লাইন অর্ট,1.483
4609,Wavelet Noise Reducer,bn,Bengali,qwen2.5-coder:7b,Wavelet নোইজ রিডিউসার,2.524
4610,Fireworks,bn,Bengali,qwen2.5-coder:7b,ফেরোসি,1.249
4611,KDE LDAP Directory Manager,bn,Bengali,qwen2.5-coder:7b,KDE LDAP দিরেক্টরি ম্যানেজার,2.898
4612,Camera File Properties,bn,Bengali,qwen2.5-coder:7b,ক্যামেরা ফাইলের বৈশিষ্ট্য,3.321
4613,Move Tab Up,bn,Bengali,qwen2.5-coder:7b,টাব উপর বের করুন,2.56
4614,Slider,bn,Bengali,qwen2.5-coder:7b,স্লাইডার,1.313
4615,Perspective,bn,Bengali,qwen2.5-coder:7b,প্রেসেপ্টিভ,1.58
4616,DNS address & list:,bn,Bengali,qwen2.5-coder:7b,DNS ঠিকানা & তালিকা:,2.4
4617,& Abbreviation:,bn,Bengali,qwen2.5-coder:7b,& অক্ষরাব্বর্তন:,2.243
4618,KritaShape editing tool,bn,Bengali,qwen2.5-coder:7b,কৃতা শ্যাপ সমস্ত সমর্থন টুল,3.723
4619,Spin Box,bn,Bengali,qwen2.5-coder:7b,স্পিন বক্স,1.494
4620,Double,bn,Bengali,qwen2.5-coder:7b,ডুব্লু,1.219
4621,AliceBlue,bn,Bengali,qwen2.5-coder:7b,আলিস ব্লু,1.46
4622,Current Source:,bn,Bengali,qwen2.5-coder:7b,বর্তমান উত্তরাধিকার:,2.613
4623,SXW Files,bn,Bengali,qwen2.5-coder:7b,SXW ফাইলসমূহ,1.732
4624,Ruby Code Generation,bn,Bengali,qwen2.5-coder:7b,রবি কোড সৃষ্টি,2.224
4625,Cooking Book,bn,Bengali,qwen2.5-coder:7b,কোকিং বই,1.448
4626,Imageviewer,bn,Bengali,qwen2.5-coder:7b,ইমেজ দেখার সূচক,2.049
4627,Chess Game,bn,Bengali,qwen2.5-coder:7b,চাল খেলা,1.346
4628,& First name:,bn,Bengali,qwen2.5-coder:7b,& প্রথম নাম:,1.714
4629,Confirmation,bn,Bengali,qwen2.5-coder:7b,অনুমোদন,1.392
4630,"Unexpected tag ""%1""",bn,Bengali,qwen2.5-coder:7b,"অপরিকল্পিত ট্যাগ ""%1",2.57
4631,Self,bn,Bengali,qwen2.5-coder:7b,আপনি,0.888
4632,Use gateway,bn,Bengali,qwen2.5-coder:7b,ইউজ গেটওয়েট,1.799
4633,plane,bn,Bengali,qwen2.5-coder:7b,বিমান,0.966
4634,Camera response:,bn,Bengali,qwen2.5-coder:7b,কamera সম্পর্কে:,1.768
4635,Color Adjustment,bn,Bengali,qwen2.5-coder:7b,কালো সম্পাদনা,1.925
4636,Userdefined & MTU:,bn,Bengali,qwen2.5-coder:7b,ব্যবহারকৃত & MTU:,2.139
4637,& Channel List,bn,Bengali,qwen2.5-coder:7b,& চ্যানেল তালিকা,2.205
4638,Internet Key Exchange mode,bn,Bengali,qwen2.5-coder:7b,ইন্টারনেট কিএক্সচেঞ্জ মোড,3.458
4639,Color matrix,bn,Bengali,qwen2.5-coder:7b,কোলর ম্যাট্রিক্স,2.296
4640,Cipher Wizard,bn,Bengali,qwen2.5-coder:7b,কিপার জিনিস,1.634
4641,Time signature,bn,Bengali,qwen2.5-coder:7b,সময় সিগনাচার,1.871
4642,Personal Time Tracker,bn,Bengali,qwen2.5-coder:7b,ব্যক্তিগত সময় ট্র্যাকার,3.14
4643,Hue Shift,bn,Bengali,qwen2.5-coder:7b,হুই সিভিট,1.584
4644,Image Size:,bn,Bengali,qwen2.5-coder:7b,ছবির আকার:,1.474
4645,Mail Merge - Editor,bn,Bengali,qwen2.5-coder:7b,মেইল মার্জ - সম্পাদক,2.477
4646,Communication synchronizer,bn,Bengali,qwen2.5-coder:7b,কমুনিকেশন সিংকরান্ড,2.514
4647,Preparation,bn,Bengali,qwen2.5-coder:7b,প্রস্তুতি,1.533
4648,Remove items,bn,Bengali,qwen2.5-coder:7b,আইটেমগুলো অপসারণ করুন,2.866
4649,Acquiring & quantaplus;,bn,Bengali,qwen2.5-coder:7b,আমার অ্যাকাউন্ট অনুযায়ী প্রকৃতি সংখ্যা বের করা হচ্ছে।,7.133
4650,Vanishing Point Decoration,bn,Bengali,qwen2.5-coder:7b,ভাস্তবতা অনুযায়ী অনুরোধ,3.65
4651,Preview Program,bn,Bengali,qwen2.5-coder:7b,প্রোগ্রাম প্রোভাইভিং,2.804
4652,Substep Width:,bn,Bengali,qwen2.5-coder:7b,সাব স্টেপ প্রস্থ:,2.426
4653,Master Page...,bn,Bengali,qwen2.5-coder:7b,মূল পৃষ্ঠা...,1.896
4654,& neutral,bn,Bengali,qwen2.5-coder:7b,& নিয়ন্ত্রণ নেই,2.244
4655,Link device,bn,Bengali,qwen2.5-coder:7b,ডিভাইস যুক্ত করুন,2.543
4656,& Mount,bn,Bengali,qwen2.5-coder:7b,& মাউন্ট,1.282
4657,audio/ x-wav _BAR_Wave Sound Files,bn,Bengali,qwen2.5-coder:7b,অডিউ এক্স-ওয়াভ বুকে সোন ফাইলস,4.319
4658,Answer:,bn,Bengali,qwen2.5-coder:7b,উত্তর:,1.061
4659,F6 Move,bn,Bengali,qwen2.5-coder:7b,F6 মুভ,1.196
4660,Shift up,bn,Bengali,qwen2.5-coder:7b,উপরে বের করুন,1.967
4661,Input levels,bn,Bengali,qwen2.5-coder:7b,আপনার মানসমূহ,1.962
4662,Search Later,bn,Bengali,qwen2.5-coder:7b,অনুসন্ধান করুন পরে,2.524
4663,Deform Radius,bn,Bengali,qwen2.5-coder:7b,ডিফরম ব্যাস,1.62
4664,SeaGreen2,bn,Bengali,qwen2.5-coder:7b,সিনেগ্রেন2,1.49
4665,Menu Updating Tool,bn,Bengali,qwen2.5-coder:7b,মেনু আপডেট টুল,2.129
4666,Create New,bn,Bengali,qwen2.5-coder:7b,নতুন তৈরি করুন,2.282
4667,Toys,bn,Bengali,qwen2.5-coder:7b,খেলার বস্তু,1.747
4668,Disable KWallet?,bn,Bengali,qwen2.5-coder:7b,কেওয়ালেট অক্ষম করা?,2.732
4669,Code cleaning,bn,Bengali,qwen2.5-coder:7b,কোড সাফ করা,1.685
4670,Audio Preview,bn,Bengali,qwen2.5-coder:7b,অডিউ প্রিভিয়ার,2.128
4671,Bond order,bn,Bengali,qwen2.5-coder:7b,বন্ড আর্ডার,1.6
4672,Game artwork,bn,Bengali,qwen2.5-coder:7b,গেম অর্ট কার্টুন,2.127
4673,WZ rotation speed,bn,Bengali,qwen2.5-coder:7b,WZ ঘূর্ণন হাতিরা,2.255
4674,%1 removed,bn,Bengali,qwen2.5-coder:7b,%1 সরায়া হয়েছে,2.534
4675,Variance,bn,Bengali,qwen2.5-coder:7b,বিচ্ছিন্নতা,1.676
4676,Exchange mode (%1): %2,bn,Bengali,qwen2.5-coder:7b,মূল্যায়ন অর্থ বিভাজন বিভাজন (%1): %2,4.426
4677,Request Help,bn,Bengali,qwen2.5-coder:7b,সাহায্য অনুরোধ করুন,2.799
4678,Paths,bn,Bengali,qwen2.5-coder:7b,পথগুলি,1.126
4679,TIFF File Format,bn,Bengali,qwen2.5-coder:7b,TIFF ফাইল ফরম্যাট,2.049
4680,Alternate (V),bn,Bengali,qwen2.5-coder:7b,অন্য (V),1.26
4681,Fileselector component,bn,Bengali,qwen2.5-coder:7b,ফাইল সিলেক্টর অংশ,2.39
4682,Memory Information,bn,Bengali,qwen2.5-coder:7b,মেমরি তথ্য,1.528
4683,File Size,bn,Bengali,qwen2.5-coder:7b,ফাইল আকার,1.355
4684,Vocabulary collection:,bn,Bengali,qwen2.5-coder:7b,শব্দ সংগ্রহ:,1.879
4685,Step into,bn,Bengali,qwen2.5-coder:7b,পরে যাও,1.407
4686,File Renamer,bn,Bengali,qwen2.5-coder:7b,ফাইল পরিমানকার,1.977
4687,Wallpaper mode,bn,Bengali,qwen2.5-coder:7b,Wallpaper mode,0.851
4688,Maximum size,bn,Bengali,qwen2.5-coder:7b,মаксিমাম আকার,1.662
4689,RAM memory,bn,Bengali,qwen2.5-coder:7b,RAM মেমরি,1.188
4690,Wired,bn,Bengali,qwen2.5-coder:7b,ইন্টারনেট সংযুক্তি,2.525
4691,Open invitations: %1,bn,Bengali,qwen2.5-coder:7b,অনুমোদন খোলুন: %1,2.611
4692,"Jazz, mixed",bn,Bengali,qwen2.5-coder:7b,"জাজ, মিশ্রণ",1.66
4693,UNIX Passwords,bn,Bengali,qwen2.5-coder:7b,UNIX পাসওয়ার্ডস,1.881
4694,Dialup Networks,bn,Bengali,qwen2.5-coder:7b,ডিলাপ নেটওয়ার্কস,2.444
4695,Next & Week,bn,Bengali,qwen2.5-coder:7b,পরবর্তী সপ্তাহ,2.111
4696,Turn speed,bn,Bengali,qwen2.5-coder:7b,রুপান্ত পরিবর্তন,2.173
4697,Spring tension force,bn,Bengali,qwen2.5-coder:7b,বস্ত্র বাস্ত্র বাস্ত্র বাস্ত্র বাস্ত্র বাস্ত্র বাস্ত্র বাস্ত্র বাস্ত্র বাস্ত্র বাস্ত্র বাস্ত্র বাস্ত,11.065
4698,Czech (cs),bn,Bengali,qwen2.5-coder:7b,চেক (cs),1.186
4699,Not now,bn,Bengali,qwen2.5-coder:7b,এখন না,1.155
4700,DAYOFYEAR(year; month; date),bn,Bengali,qwen2.5-coder:7b,দিন বছরে (বছর; মাস; তারিখ),3.427
4701,Italian (it),bn,Bengali,qwen2.5-coder:7b,ইতালীয়া (it),1.934
4702,Date end,bn,Bengali,qwen2.5-coder:7b,তারিখ শেষ,1.44
4703,Axes labels:,bn,Bengali,qwen2.5-coder:7b,অক্ষের লেখা:,1.727
4704,Open ledger,bn,Bengali,qwen2.5-coder:7b,লেজার খোলুন,1.802
4705,& Functions:,bn,Bengali,qwen2.5-coder:7b,& ফাংশনঃ,1.372
4706,CMY Scale,bn,Bengali,qwen2.5-coder:7b,CMY স্কেল,1.329
4707,Networks,bn,Bengali,qwen2.5-coder:7b,নেটওয়ার্কস,1.655
4708,Desktop communication,bn,Bengali,qwen2.5-coder:7b,ডেস্কটপ সম্পর্ক,2.056
4709,Config file,bn,Bengali,qwen2.5-coder:7b,কনфিগ ফাইল,1.453
4710,High Color (16 Bit),bn,Bengali,qwen2.5-coder:7b,উচ্চ রঙ (16 বিট),2.085
4711,Some Fundamentals,bn,Bengali,qwen2.5-coder:7b,সমস্ত বেসিমিনারি,2.115
4712,& Starting banner:,bn,Bengali,qwen2.5-coder:7b,& শুরুৰ বানার:,2.289
4713,Pacific/ Tarawa,bn,Bengali,qwen2.5-coder:7b,প্রিয়াটিকে/টারাওয়া,2.917
4714,Kaleidoscope,bn,Bengali,qwen2.5-coder:7b,কেলিডোস্কোপ,1.924
4715,Continue & Later,bn,Bengali,qwen2.5-coder:7b,একাধিক & পরে,1.667
4716,Path:,bn,Bengali,qwen2.5-coder:7b,পথ:,0.754
4717,Phone Numbers,bn,Bengali,qwen2.5-coder:7b,ফোন নম্বরসমূহ,2.044
4718,Thumbnails,bn,Bengali,qwen2.5-coder:7b,ছবি সূচক,1.457
4719,Realtime priority,bn,Bengali,qwen2.5-coder:7b,সাম্প্রতিক উচ্চতা,2.187
4720,Kashubian,bn,Bengali,qwen2.5-coder:7b,কাশুবিয়া,1.686
4721,Sync progress:,bn,Bengali,qwen2.5-coder:7b,সিংক প্রগ্রাম:,1.956
4722,By Type,bn,Bengali,qwen2.5-coder:7b,ধর্মে göre,1.075
4723,Life time:,bn,Bengali,qwen2.5-coder:7b,সময়কাল:,1.35
4724,File Transfer,bn,Bengali,qwen2.5-coder:7b,ফাইল অনুমোদন,1.929
4725,Overbooking,bn,Bengali,qwen2.5-coder:7b,অভিনিশ্চিত অনুমোদন,2.594
4726,Class printers:,bn,Bengali,qwen2.5-coder:7b,ক্লাস প্রিন্টার:,2.117
4727,OpenLook preview,bn,Bengali,qwen2.5-coder:7b,অপেনলূক প্রিভিয়ার,2.682
4728,Effective,bn,Bengali,qwen2.5-coder:7b,কার্যকরী,1.413
4729,Staple 1,bn,Bengali,qwen2.5-coder:7b,পেটি 1,1.216
4730,Guide lines,bn,Bengali,qwen2.5-coder:7b,নির্দেশিকা,1.466
4731,Removing directory: %1,bn,Bengali,qwen2.5-coder:7b,ডিরেক্টরি সরানো: %1,2.626
4732,Power Manager,bn,Bengali,qwen2.5-coder:7b,পাওয়ার ম্যানেজার,2.368
4733,Input device,bn,Bengali,qwen2.5-coder:7b,ইনপুট উপকরণ,1.714
4734,& Monitor profile:,bn,Bengali,qwen2.5-coder:7b,& প্রোফাইল অনুমোদন:,2.839
4735,Block Selection Mode,bn,Bengali,qwen2.5-coder:7b,নির্বাচন ব্যক্তি বন্ধ বার্তা,3.54
4736,& Playlists,bn,Bengali,qwen2.5-coder:7b,& প্লেলিস্টস,1.728
4737,Azerbaijanian Manat,bn,Bengali,qwen2.5-coder:7b,অজাবিজানী মনাটি,2.356
4738,SQL statement:,bn,Bengali,qwen2.5-coder:7b,SQL স্টেমেন্ট:,1.703
4739,Fade Strength,bn,Bengali,qwen2.5-coder:7b,ফ্যাড স্ট্রোNgth,1.947
4740,Plugged,bn,Bengali,qwen2.5-coder:7b,চাপা দেওয়া,1.738
4741,burning,bn,Bengali,qwen2.5-coder:7b,বিস্ফোরণ,1.42
4742,Six Staples,bn,Bengali,qwen2.5-coder:7b,৬ স্ট্যাপস,1.613
4743,Northern,bn,Bengali,qwen2.5-coder:7b,উত্তর,0.971
4744,Domain Search List,bn,Bengali,qwen2.5-coder:7b,ডメイン অনুসন্ধান তালিকা,2.789
4745,4 Weeks,bn,Bengali,qwen2.5-coder:7b,৪ সপ্তাহ,1.432
4746,Output: #234;,bn,Bengali,qwen2.5-coder:7b,আউটপুট: #234;,1.958
4747,Cost Item Colors,bn,Bengali,qwen2.5-coder:7b,মূল্য আইটেম রংসা,2.448
4748,Work online.,bn,Bengali,qwen2.5-coder:7b,অনলাইন করুন।,1.859
4749,Course %1 does not exist.,bn,Bengali,qwen2.5-coder:7b,কোর্স %1 অস্থায়ী।,2.685
4750,Little Billy,bn,Bengali,qwen2.5-coder:7b,লেটল বিলি,1.474
4751,Slovak Koruna,bn,Bengali,qwen2.5-coder:7b,স্লোvak কোরুনা,2.095
4752,DVD Navigation...,bn,Bengali,qwen2.5-coder:7b,DVD নভিগেশন...,1.529
4753,Trail size,bn,Bengali,qwen2.5-coder:7b,পথ আকার,1.166
4754,KDE Development,bn,Bengali,qwen2.5-coder:7b,KDE ডেভেলপমেন্ট,1.876
4755,Auto-Correction...,bn,Bengali,qwen2.5-coder:7b,অটো-কর্যোনশন...,2.128
4756,--end-time nbsp; end-time,bn,Bengali,qwen2.5-coder:7b,--সময় শেষ nbsp; সময় শেষ,2.96
4757,Sign position:,bn,Bengali,qwen2.5-coder:7b,স্বাগত স্থান:,1.816
4758,Weather,bn,Bengali,qwen2.5-coder:7b,আবার,0.82
4759,Google Summer of Code 2008 Project: Vector Tiles for Marble,bn,Bengali,qwen2.5-coder:7b,গুগল সুমারি অফ কোড ২০০৮ প্রকল্প: মার্বেল জন্য ভেক্টর টাইলস,7.881
4760,Formatting,bn,Bengali,qwen2.5-coder:7b,ফরম্যাটিং,1.446
4761,Tree View,bn,Bengali,qwen2.5-coder:7b,নৌকা দেখার প্রিয়াশ্চিত্র,3.314
4762,K3b??? Encoder,bn,Bengali,qwen2.5-coder:7b,K3b??? এককোডার,1.953
4763,Button Action,bn,Bengali,qwen2.5-coder:7b,বুটন অ্যাকশন,1.878
4764,Deployment View,bn,Bengali,qwen2.5-coder:7b,ডিপ্লোয়মেন্ট দৃশ্য,2.9
4765,Grades from %1 to %2,bn,Bengali,qwen2.5-coder:7b,%1 থেকে %2 পর্যন্ত গ্রেডস,3.223
4766,RITOn,bn,Bengali,qwen2.5-coder:7b,RITOn,0.842
4767,January,bn,Bengali,qwen2.5-coder:7b,জানুয়ারী,1.706
4768,Book Collection,bn,Bengali,qwen2.5-coder:7b,বই সংগ্রহ,1.49
4769,& Directory for this profile:,bn,Bengali,qwen2.5-coder:7b,এই প্রোফাইলের জন্য সম্পর্কিত ফোল্ডার:,4.675
4770,& Delete Item,bn,Bengali,qwen2.5-coder:7b,&আইটেম ডিলিট করুন,2.383
4771,Use Case Description,bn,Bengali,qwen2.5-coder:7b,উদ্যানের বর্ণনা,2.072
4772,CMake Manager,bn,Bengali,qwen2.5-coder:7b,CMake ম্যানেজার,1.786
4773,Transformation Effects,bn,Bengali,qwen2.5-coder:7b,পরিবর্তন প্রভাবগুলি,2.433
4774,bookmarks,bn,Bengali,qwen2.5-coder:7b,মনোযোগ,1.335
4775,Welcome,bn,Bengali,qwen2.5-coder:7b,স্বাগত,1.089
4776,SDL - Decision,bn,Bengali,qwen2.5-coder:7b,SDL - সমাধান,1.459
4777,File Properties,bn,Bengali,qwen2.5-coder:7b,ফাইল বৈশিষ্ট্য,2.087
4778,& Prefix:,bn,Bengali,qwen2.5-coder:7b,& প্রিফিক্স:,1.77
4779,Data Overview,bn,Bengali,qwen2.5-coder:7b,ডেটা অভ্যাস,1.648
4780,Reading,bn,Bengali,qwen2.5-coder:7b,চলছি,0.87
4781,linespecific,bn,Bengali,qwen2.5-coder:7b,লাইন সпеসিফিক,1.762
4782,Red Leaf,bn,Bengali,qwen2.5-coder:7b,রোজা লীফ,1.508
4783,dark red,bn,Bengali,qwen2.5-coder:7b,কালো লাল,1.366
4784,Match:,bn,Bengali,qwen2.5-coder:7b,সংশ্লিষ্টি:,1.64
4785,Greek,bn,Bengali,qwen2.5-coder:7b,গ্রিক,0.936
4786,Responsible,bn,Bengali,qwen2.5-coder:7b,ভাবিত,0.986
4787,Delete %1,bn,Bengali,qwen2.5-coder:7b,মুছে দিন %1,1.774
4788,Bulgarian Lev A/ 99,bn,Bengali,qwen2.5-coder:7b,বাংলাদেশি লেভ এ/ ৯৯,2.862
4789,Adding,bn,Bengali,qwen2.5-coder:7b,এডিং,0.859
4790,through,bn,Bengali,qwen2.5-coder:7b,অপরাধি,1.029
4791,System Load Viewer,bn,Bengali,qwen2.5-coder:7b,সিস্টেম লোড দেখাল,2.322
4792,Command-Line Options,bn,Bengali,qwen2.5-coder:7b,কম্পাউন্ড-লাইন অপশনস,2.617
4793,warning,bn,Bengali,qwen2.5-coder:7b,সতর্ক,0.936
4794,Used:,bn,Bengali,qwen2.5-coder:7b,ব্যবহৃত:,1.396
4795,Clef,bn,Bengali,qwen2.5-coder:7b,ক্লেফ,0.984
4796,Logon,bn,Bengali,qwen2.5-coder:7b,লগ ইন,0.981
4797,Work Offline,bn,Bengali,qwen2.5-coder:7b,অফলাইন করুন,1.746
4798,Disc #,bn,Bengali,qwen2.5-coder:7b,ডিসক #,1.01
4799,(no caller),bn,Bengali,qwen2.5-coder:7b,(কোনো কলার),1.889
4800,Hover And Press Effect,bn,Bengali,qwen2.5-coder:7b,হোভ এবং প্রেস ইভেক্সেকশন,3.361
4801,Ab Major,bn,Bengali,qwen2.5-coder:7b,আব মার্জিয়ার,1.897
4802,Content type:,bn,Bengali,qwen2.5-coder:7b,কাউন্টেন্ট টাইপ:,2.174
4803,Average Bitrate,bn,Bengali,qwen2.5-coder:7b,মোট বিট বেলায়ে,2.306
4804,IP Filter List,bn,Bengali,qwen2.5-coder:7b,ইপ ফিল্টার তালিকা,2.245
4805,Dithering,bn,Bengali,qwen2.5-coder:7b,ডিথারিং,1.267
4806,Project Templates,bn,Bengali,qwen2.5-coder:7b,প্রকল্প টেমপ্লেটস,2.251
4807,Track front margin (0..150):,bn,Bengali,qwen2.5-coder:7b,পৃষ্ঠের উপরের মর্গ (0..150):,3.802
4808,XML Tools,bn,Bengali,qwen2.5-coder:7b,XML টুলস,1.212
4809,Gray threshold:,bn,Bengali,qwen2.5-coder:7b,গ্রেয়া থেক্সট:,2.166
4810,Docbook Generation Complete...,bn,Bengali,qwen2.5-coder:7b,ডকবুক সৃষ্টি সম্পন্না হয়েছে...,3.987
4811,Repeat interval,bn,Bengali,qwen2.5-coder:7b,পুনরায় শুরু হওয়ার সময়间隔,3.794
4812,system,bn,Bengali,qwen2.5-coder:7b,সিস্টেম,1.178
4813,knot,bn,Bengali,qwen2.5-coder:7b,কান্ট,0.98
4814,No editor,bn,Bengali,qwen2.5-coder:7b,কোনো সম্পাদক,1.926
4815,KNewStuff contributions,bn,Bengali,qwen2.5-coder:7b,নতুন সূচনা যোগ করুন,2.964
4816,horizontally,bn,Bengali,qwen2.5-coder:7b,হারায়ে,1.288
4817,Lithuanian (lt),bn,Bengali,qwen2.5-coder:7b,লিথুয়ানিয়া (lt),2.38
4818,Generate Stub Class,bn,Bengali,qwen2.5-coder:7b,ক্লাস স্টুব তৈরি করুন,3.053
4819,Player size,bn,Bengali,qwen2.5-coder:7b,বিছানা আকার,1.653
4820,Read Only account,bn,Bengali,qwen2.5-coder:7b,অক্ষরণ করা যায় না,2.419
4821,Table id:,bn,Bengali,qwen2.5-coder:7b,টেবিল আইডি:,1.57
4822,Kangxi Radicals,bn,Bengali,qwen2.5-coder:7b,কাঙ্খি রেডিকাল,2.016
4823,Vendor's Name,bn,Bengali,qwen2.5-coder:7b,বিক্রেতার নাম,1.895
4824,ColorSmartCRD Images,bn,Bengali,qwen2.5-coder:7b,কালোস্ম্যার্ট ক্রিয়া ছবি,3.277
4825,Looking for %1...,bn,Bengali,qwen2.5-coder:7b,আপনি %1 কে খুঁজছেন...,2.759
4826,Page Edge:,bn,Bengali,qwen2.5-coder:7b,পেজ বাংলা:,1.544
4827,Dictionary:,bn,Bengali,qwen2.5-coder:7b,অভিধান:,1.275
4828,Nature,bn,Bengali,qwen2.5-coder:7b,নাতুর,1.075
4829,Search Results,bn,Bengali,qwen2.5-coder:7b,সার্চ ফলাফল,1.644
4830,Office:,bn,Bengali,qwen2.5-coder:7b,অফিস:,0.95
4831,CSV Files,bn,Bengali,qwen2.5-coder:7b,CSV ফাইলসমূহ,1.662
4832,Comment: %1,bn,Bengali,qwen2.5-coder:7b,মন্তব্য: %1,1.522
4833,AMiddleLengthText...,bn,Bengali,qwen2.5-coder:7b,মধ্যম দৈর্ঘ্যের টেক্সট...,3.004
4834,25th Last,bn,Bengali,qwen2.5-coder:7b,২৫তম শেষ,1.626
4835,Set champions' speed.,bn,Bengali,qwen2.5-coder:7b,চ্যাম্পিয়নদের স্পিড সেট করুন।,3.832
4836,Till Adam (till at adam-lilienthal de): Core developer,bn,Bengali,qwen2.5-coder:7b,আমি একটি সফটওয়ার অনুবাদ ইঞ্জিন। আপনি কীভাবে ব্যবহার করতে চান?,8.119
4837,United Kingdom,bn,Bengali,qwen2.5-coder:7b,ইংলিশ গণপ্রজাতি,2.148
4838,ImagePlugin_Restoration,bn,Bengali,qwen2.5-coder:7b,ইমেজ প্লাগইন রিস্টোরেশন,3.09
4839,Script for @%1 is empty.,bn,Bengali,qwen2.5-coder:7b,@%1 এর স্ক্রিপ্ট খালি।,2.962
4840,ImagePlugin_HotPixels,bn,Bengali,qwen2.5-coder:7b,ইমেজ প্লাগইন হট পিক্সেল,3.016
4841,Quick Help,bn,Bengali,qwen2.5-coder:7b,কেন্দ্রিত সাহায্য,2.27
4842,X spin,bn,Bengali,qwen2.5-coder:7b,X স্পিন,1.235
4843,Serial number:,bn,Bengali,qwen2.5-coder:7b,সিরিয়াল নম্বর:,2.065
4844,Battery Usage,bn,Bengali,qwen2.5-coder:7b,ব্যাটারি ব্যবহার,2.169
4845,Alphabetical,bn,Bengali,qwen2.5-coder:7b,অক্ষরগত,1.255
4846,Quit?,bn,Bengali,qwen2.5-coder:7b,বন্ধ করতে চান?,1.899
4847,Over-Exposure Indicator,bn,Bengali,qwen2.5-coder:7b,অপ্রতিবাস উদ্ধৃতি,2.464
4848,Format Row,bn,Bengali,qwen2.5-coder:7b,রৌপিক সাংখ্যা,1.977
4849,& Cancel,bn,Bengali,qwen2.5-coder:7b,& বাতিল,1.21
4850,Languages:,bn,Bengali,qwen2.5-coder:7b,ভাষা:,1.003
4851,& lt; recipientsgt;,bn,Bengali,qwen2.5-coder:7b,&lt; স্বাগতমান্ত্রণাবাস্তবতা &gt;,3.633
4852,& Profile:,bn,Bengali,qwen2.5-coder:7b,& প্রোফাইল:,1.716
4853,Text Length,bn,Bengali,qwen2.5-coder:7b,টেক্সট দৈর্ঘ্য,2.071
4854,& Ambient light:,bn,Bengali,qwen2.5-coder:7b,& সমগ্র বিন্দুত্ব:,2.538
4855,Gathered - \\begin{gathered},bn,Bengali,qwen2.5-coder:7b,গুলি সংগ্রহ করা - \\begin{gathered},3.331
4856,Color Scheme,bn,Bengali,qwen2.5-coder:7b,কোলর স্কিম,1.585
4857,Enable OpenGL shaders,bn,Bengali,qwen2.5-coder:7b,OpenGL শেডার সক্ষম করুন,2.373
4858,HTTP proxy settings,bn,Bengali,qwen2.5-coder:7b,HTTP প্রোজেক্ট সেটিংস,2.408
4859,Strip,bn,Bengali,qwen2.5-coder:7b,শুধু,1.105
4860,Power Control,bn,Bengali,qwen2.5-coder:7b,পাওয়ার নিয়ন্ত্রণ,2.581
4861,Expenditure:,bn,Bengali,qwen2.5-coder:7b,খরচ:,0.932
4862,Sleepy,bn,Bengali,qwen2.5-coder:7b,কুটুটি,1.246
4863,anything,bn,Bengali,qwen2.5-coder:7b,কোনো কিছু,1.595
4864,conditional,bn,Bengali,qwen2.5-coder:7b,নির্দেশিক,1.319
4865,Delete?,bn,Bengali,qwen2.5-coder:7b,মুছে দিন?,1.477
4866,Script Properties,bn,Bengali,qwen2.5-coder:7b,স্ক্রিপ্ট বৈশিষ্ট্য,2.522
4867,& Join,bn,Bengali,qwen2.5-coder:7b,& যোগ করুন,1.73
4868,Planner Summary,bn,Bengali,qwen2.5-coder:7b,পরিবেশ সম্পর্কিত সম্পর্কিত সম্পর্কিত সম্পর্কিত সম্পর্কিত সম্পর্কিত সম্পর্কিত সম্পর্কিত সম্পর্কিত সম,11.215
4869,Playlist name:,bn,Bengali,qwen2.5-coder:7b,প্লেলিস্টের নাম:,2.209
4870,exit,bn,Bengali,qwen2.5-coder:7b,বাদ দিন,1.19
4871,Help Center,bn,Bengali,qwen2.5-coder:7b,সাহায্য কেন্দ্র,2.11
4872,Deactivate & WINS,bn,Bengali,qwen2.5-coder:7b,নিষ্ক্রিয়াম করুন & WINS,3.104
4873,Desktop functions:,bn,Bengali,qwen2.5-coder:7b,Desktop functions:,0.809
4874,& Ctrl; Down Arrow,bn,Bengali,qwen2.5-coder:7b,& Ctrl; নৌরাজে কমান্ড,2.524
4875,Blue arrow,bn,Bengali,qwen2.5-coder:7b,নীলা অরোহণ,1.804
4876,Copy...,bn,Bengali,qwen2.5-coder:7b,কপি...,0.881
4877,Music Location,bn,Bengali,qwen2.5-coder:7b,মuzিক স্থান,1.462
4878,Shadow group file:,bn,Bengali,qwen2.5-coder:7b,শেডওয়ার গ্রুপ ফাইল:,2.798
4879,Profile Part %1,bn,Bengali,qwen2.5-coder:7b,প্রোফাইল অংশ %1,2.261
4880,At home,bn,Bengali,qwen2.5-coder:7b,হোমে,1.009
4881,--- separator ---,bn,Bengali,qwen2.5-coder:7b,--- অনুযায়ীকরণ ---,2.188
4882,Belarus,bn,Bengali,qwen2.5-coder:7b,বেলারোস,1.349
4883,Developer (2004),bn,Bengali,qwen2.5-coder:7b,ডেভেলপার (২০০৪),2.443
4884,Sells,bn,Bengali,qwen2.5-coder:7b,বিক্রি,1.117
4885,Shortcut name: pub,bn,Bengali,qwen2.5-coder:7b,কুরুশট: পাব,2.107
4886,Main Toolbar,bn,Bengali,qwen2.5-coder:7b,মূল্যাংশ টুলবার,2.208
4887,Print Frame,bn,Bengali,qwen2.5-coder:7b,প্রিন্ট ফ্রেম,1.775
4888,Output intensity.,bn,Bengali,qwen2.5-coder:7b,আউটপুট স্বরূপ।,2.104
4889,Output device profile:,bn,Bengali,qwen2.5-coder:7b,আউটপুট উপকরণ প্রোফাইল:,3.008
4890,Key properties,bn,Bengali,qwen2.5-coder:7b,কлюч বৈশিষ্ট্য,1.841
4891,Swedish (sv),bn,Bengali,qwen2.5-coder:7b,সুইডেনী (স্যুভেডেনী),2.796
4892,Cube Map Texture,bn,Bengali,qwen2.5-coder:7b,ক্যাবিউল ম্যাপ টেক্সচার,2.86
4893,Custom Type 2,bn,Bengali,qwen2.5-coder:7b,কাস্টম টাইপ ২,2.011
4894,"print ""x""",bn,Bengali,qwen2.5-coder:7b,প্রিন্ট 'x,1.655
4895,"Letter, Colour",bn,Bengali,qwen2.5-coder:7b,"পত্র, রং",1.465
4896,& Initial value:,bn,Bengali,qwen2.5-coder:7b,& শুরুর মান:,1.922
4897,This Week,bn,Bengali,qwen2.5-coder:7b,এই সপ্তাহ,1.432
4898,Main Window,bn,Bengali,qwen2.5-coder:7b,মূল জanela,1.221
4899,Format,bn,Bengali,qwen2.5-coder:7b,ফরম্যাট,1.202
4900,Condition,bn,Bengali,qwen2.5-coder:7b,শর্ত,0.858
4901,"Space """"",bn,Bengali,qwen2.5-coder:7b,স্পেস,0.934
4902,Review,bn,Bengali,qwen2.5-coder:7b,মন্তব্য,1.264
4903,Expression:,bn,Bengali,qwen2.5-coder:7b,উপস্থাপনা:,1.487
4904,purple3,bn,Bengali,qwen2.5-coder:7b,পুরপুরি3,1.463
4905,Hide drop target,bn,Bengali,qwen2.5-coder:7b,ড롭 ট্রগ্যাফিক বিড়াইন,2.801
4906,New target/ name:,bn,Bengali,qwen2.5-coder:7b,নতুন লক্ষ্য/নাম:,2.41
4907,Line spread,bn,Bengali,qwen2.5-coder:7b,রেখা স্পর্ধা,1.705
4908,& License Agreement,bn,Bengali,qwen2.5-coder:7b,& লাইসেন্স অনুযায়ী,2.815
4909,Binding edge:,bn,Bengali,qwen2.5-coder:7b,"বান্ধব বাংলা: ""বান্ধব বাংলা:",3.362
4910,Yellows,bn,Bengali,qwen2.5-coder:7b,কমলা,0.961
4911,Remove Printer,bn,Bengali,qwen2.5-coder:7b,মোকাবলা বাদ্ধা করুন,2.751
4912,Template Title:,bn,Bengali,qwen2.5-coder:7b,টেমপ্লেট শিরোনাম:,2.482
4913,Grayscale,bn,Bengali,qwen2.5-coder:7b,স্বরূপ,1.294
4914,& Real name:,bn,Bengali,qwen2.5-coder:7b,& সত্যাচরিত্র:,1.887
4915,Search & for:,bn,Bengali,qwen2.5-coder:7b,খুঁজুন & জন্য:,2.308
4916,Christmas Theme by Kenichiro Takahashi,bn,Bengali,qwen2.5-coder:7b,কেনিচিরো তাকাহাশির ক্রিসমাস থিম,3.906
4917,N/ A,bn,Bengali,qwen2.5-coder:7b,নেই,0.824
4918,Indentation Properties,bn,Bengali,qwen2.5-coder:7b,আইন্ডেন্ট বৈশিষ্ট্য,2.613
4919,Dimethyl ether,bn,Bengali,qwen2.5-coder:7b,মিডিটেমিল ইথার,1.893
4920,Keyboard Status Applet,bn,Bengali,qwen2.5-coder:7b,কীবোর্ড স্টাটাস অ্যাপেলট,3.341
4921,KNemo wireless icon theme,bn,Bengali,qwen2.5-coder:7b,ক্নেমো বিশেষ সূচক অনুমেদা,3.486
4922,Archives:,bn,Bengali,qwen2.5-coder:7b,আর্কাইভ:,1.299
4923,Index log:,bn,Bengali,qwen2.5-coder:7b,লগ পরিবর্তন:,1.765
4924,Photos of & Me,bn,Bengali,qwen2.5-coder:7b,আমার ফটোসমূহ,1.891
4925,Mount CD,bn,Bengali,qwen2.5-coder:7b,CD বুকা,1.14
4926,Link quality: %1,bn,Bengali,qwen2.5-coder:7b,লিঙ্ক গুল্পিতি: %1,2.517
4927,Copy From,bn,Bengali,qwen2.5-coder:7b,কপি থেকে,1.3
4928,Delayed,bn,Bengali,qwen2.5-coder:7b,মেয়াদিত,1.523
4929,View Gantt,bn,Bengali,qwen2.5-coder:7b,গ্যান্ট দেখুন,1.935
4930,Illumination:,bn,Bengali,qwen2.5-coder:7b,স্বর্গ:,1.396
4931,height,bn,Bengali,qwen2.5-coder:7b,উচ্চতা,1.077
4932,& Brightness:,bn,Bengali,qwen2.5-coder:7b,& স্বর্গ্য:,1.677
4933,Pencil tool,bn,Bengali,qwen2.5-coder:7b,চিপ টুল,1.376
4934,Rename...,bn,Bengali,qwen2.5-coder:7b,নাম পরিবর্তন...,1.736
4935,& Open Photo,bn,Bengali,qwen2.5-coder:7b,& ফটো খোলুন,1.873
4936,OpenGL version,bn,Bengali,qwen2.5-coder:7b,OpenGL সংস্করণ,1.552
4937,Keyboard Repeat,bn,Bengali,qwen2.5-coder:7b,কীবোর্ড পূর্বাপ্রতিরোধ,3.071
4938,Memory Enhancement Game,bn,Bengali,qwen2.5-coder:7b,মেমরি বৃদ্ধি খেলো,2.514
4939,Recalculation,bn,Bengali,qwen2.5-coder:7b,রিক্যালকুলেশন,1.93
4940,KDevelop Project Interface,bn,Bengali,qwen2.5-coder:7b,কেভেল প্রকল্প ইন্টারফেস,2.842
4941,Template Preview,bn,Bengali,qwen2.5-coder:7b,টেমপ্লেট প্রিভিয়ার,2.552
4942,& Identity:,bn,Bengali,qwen2.5-coder:7b,& আইডিটি:,1.447
4943,negative,bn,Bengali,qwen2.5-coder:7b,নেগেটিভ,1.173
4944,Server passwords,bn,Bengali,qwen2.5-coder:7b,সার্ভার পাসওয়ার্ডস,2.505
4945,Remove & All,bn,Bengali,qwen2.5-coder:7b,মুছে দিন &সব,1.996
4946,Playlist name,bn,Bengali,qwen2.5-coder:7b,প্লেলিস্টের নাম,2.047
4947,Target:,bn,Bengali,qwen2.5-coder:7b,মূল্যাংশ:,1.579
4948,core developer,bn,Bengali,qwen2.5-coder:7b,কেরো ডেভেলপার,1.957
4949,& Copy,bn,Bengali,qwen2.5-coder:7b,&কপি,0.871
4950,North Korean Won,bn,Bengali,qwen2.5-coder:7b,নর্থ কোরিয়ান ওন,2.361
4951,Untranslated,bn,Bengali,qwen2.5-coder:7b,অনুবাদ অসম্পন্ন,2.17
4952,Piecewise,bn,Bengali,qwen2.5-coder:7b,পরিবর্তনশীল,1.738
4953,Province:,bn,Bengali,qwen2.5-coder:7b,প্রজাতন্ত্র:,1.629
4954,With Custom Template,bn,Bengali,qwen2.5-coder:7b,সাধারণ টেমপ্লেট সাথে,2.96
4955,Saving,bn,Bengali,qwen2.5-coder:7b,সেভ করা,1.152
4956,Print Plot,bn,Bengali,qwen2.5-coder:7b,ছবি প্রিন্ট করুন,2.186
4957,# of Items,bn,Bengali,qwen2.5-coder:7b,আইটেমের সংখ্যা,1.949
4958,Czech Koruna,bn,Bengali,qwen2.5-coder:7b,কেচি কোরুনা,1.946
4959,From Medium...,bn,Bengali,qwen2.5-coder:7b,মিডিয়াম থেকে...,2.027
4960,0 levels,bn,Bengali,qwen2.5-coder:7b,০ তiers,0.996
4961,Ruins,bn,Bengali,qwen2.5-coder:7b,রুইনস,1.164
4962,Signing Key,bn,Bengali,qwen2.5-coder:7b,সাইনিং কী,1.554
4963,Tibetan (Bhutan),bn,Bengali,qwen2.5-coder:7b,তিবেত (ভূটন),1.935
4964,Output: #x1234;,bn,Bengali,qwen2.5-coder:7b,আউটপুট: #x1234;,2.164
4965,LDAP Password,bn,Bengali,qwen2.5-coder:7b,LDAP পাসওয়ার্ড,1.834
4966,%1 inh.,bn,Bengali,qwen2.5-coder:7b,%1 ইঞ্চি,1.476
4967,Not word boundary,bn,Bengali,qwen2.5-coder:7b,কোনও শব্দের সূচক নয়,3.133
4968,& Attendees,bn,Bengali,qwen2.5-coder:7b,& অংশীদারী,1.82
4969,"Server said: ""%1""",bn,Bengali,qwen2.5-coder:7b,"সার্ভার বললো: ""%1",2.382
4970,Bottom Left,bn,Bengali,qwen2.5-coder:7b,নижে বাম,1.136
4971,Middle East,bn,Bengali,qwen2.5-coder:7b,মধ্য আমেরিকা,1.6
4972,Multiplayer,bn,Bengali,qwen2.5-coder:7b,মульটিপ্লায়ার,1.822
4973,Channel & password:,bn,Bengali,qwen2.5-coder:7b,চ্যানেল এবং পাসওয়ার্ড:,2.988
4974,Surface Chart,bn,Bengali,qwen2.5-coder:7b,সطح চার্ট,1.423
4975,Server HTTP Configuration,bn,Bengali,qwen2.5-coder:7b,সার্ভার HTTP সমন্বয়,2.492
4976,Toggle Full Screen,bn,Bengali,qwen2.5-coder:7b,সম্পূর্ণ স্ক্রিন টুল্ব চাইনা,3.792
4977,Turbulence:,bn,Bengali,qwen2.5-coder:7b,বিশ্বাসনাশ:,1.844
4978,Channelsuite management,bn,Bengali,qwen2.5-coder:7b,চ্যানেল সিটিউ ম্যানেজমেন্ট,3.036
4979,Scan results,bn,Bengali,qwen2.5-coder:7b,স্ক্যান ফলাফল,1.794
4980,Parsing...,bn,Bengali,qwen2.5-coder:7b,অনুসন্ধান চলছে...,2.272
4981,Soften,bn,Bengali,qwen2.5-coder:7b,সুন্দর করুন,1.911
4982,Scan Interval...,bn,Bengali,qwen2.5-coder:7b,স্ক্যান অন্তর隔...,2.033
4983,Public,bn,Bengali,qwen2.5-coder:7b,পাবлик,0.848
4984,ParleyPractice is practiced.,bn,Bengali,qwen2.5-coder:7b,পর্যায় পрактиক করা হয়।,2.879
4985,Template directory,bn,Bengali,qwen2.5-coder:7b,টেমপ্লেট দিরেক্টরি,2.365
4986,Cisco - PC Router Card,bn,Bengali,qwen2.5-coder:7b,কিসকোসি - কম্পিউটার রাউটার কার্ড,3.836
4987,The Canvas Menu,bn,Bengali,qwen2.5-coder:7b,ক্যাব্যাস মেনু,2.013
4988,Enable Arena,bn,Bengali,qwen2.5-coder:7b,আয়ানা সক্ষম করুন,2.436
4989,Strikeout:,bn,Bengali,qwen2.5-coder:7b,ক্রমশূন্য:,1.66
4990,Subscribe,bn,Bengali,qwen2.5-coder:7b,সাবস্ক্রাইব,1.476
4991,& kde; web and & FTP; mirror sites,bn,Bengali,qwen2.5-coder:7b,& kde; ওয়েব এবং & FTP; মৌলিক সাইটস,4.14
4992,Eccentricity:,bn,Bengali,qwen2.5-coder:7b,eccentricity:,1.002
4993,Chief Investigator,bn,Bengali,qwen2.5-coder:7b,প্রধান অনুসন্ধানী,2.443
4994,Tile size,bn,Bengali,qwen2.5-coder:7b,তালিকা আকার,1.734
4995,& Series...,bn,Bengali,qwen2.5-coder:7b,& সিরিজ...,1.36
4996,File view,bn,Bengali,qwen2.5-coder:7b,ফাইল দেখা,1.595
4997,NavyBlue,bn,Bengali,qwen2.5-coder:7b,নেভাইব্লূ,1.631
4998,Filter Effects,bn,Bengali,qwen2.5-coder:7b,ফিল্টার প্রভাব,2.19
4999,timer,bn,Bengali,qwen2.5-coder:7b,তাইমার,1.075
5000,Event Viewer,bn,Bengali,qwen2.5-coder:7b,ই벤্ট দেখাল,1.519
5001,TV Viewer,bn,Bengali,qwen2.5-coder:7b,তেlevিশন দেখার সূচক,2.36
5002,Wildcarded String,bn,Bengali,qwen2.5-coder:7b,কার্ড্সাল স্ট্রিং,2.473
5003,Attached:,bn,Bengali,qwen2.5-coder:7b,সংযোজিত:,1.503
5004,< Custom >,bn,Bengali,qwen2.5-coder:7b,< স্বাধ্যায়িক >,2.195
5005,Managing Tags,bn,Bengali,qwen2.5-coder:7b,ট্যাগ ম্যানেজ করা,2.363
5006,Slide Layouts,bn,Bengali,qwen2.5-coder:7b,স্লাইড আকার,1.731
5007,Figure Environment,bn,Bengali,qwen2.5-coder:7b,অংশ বর্গ,1.466
5008,UML Collections,bn,Bengali,qwen2.5-coder:7b,UML সংগ্রহসমূহ,2.282
5009,Input/ Output Port Information,bn,Bengali,qwen2.5-coder:7b,ইনপুট/আউটপুট পোর্ট জানোর তথ্য,4.403
5010,disable,bn,Bengali,qwen2.5-coder:7b,নিষ্ক্রিয়াম করুন,2.51
5011,Alarm color:,bn,Bengali,qwen2.5-coder:7b,বর্ণনা রং:,1.78
5012,"(c) 2000, KDE developers",bn,Bengali,qwen2.5-coder:7b,"(c) 2000, KDE ডেভেলপারস",3.112
5013,Latin,bn,Bengali,qwen2.5-coder:7b,লিটিন,1.12
5014,Translation memory,bn,Bengali,qwen2.5-coder:7b,অনুবাদ মেমরি,1.902
5015,Strength:,bn,Bengali,qwen2.5-coder:7b,কংক্ষা:,1.407
5016,Starts With,bn,Bengali,qwen2.5-coder:7b,শুরু হয়,1.816
5017,Autocorrection plugin,bn,Bengali,qwen2.5-coder:7b,অটোকরেকশন প্লাগইন,2.806
5018,& Appearance,bn,Bengali,qwen2.5-coder:7b,& দেখা,1.223
5019,Connection Time,bn,Bengali,qwen2.5-coder:7b,সংযোগের সময়,2.084
5020,Upgrade Database,bn,Bengali,qwen2.5-coder:7b,ডেটাবেজ অন্বেষণ করুন,3.049
5021,Print Manager,bn,Bengali,qwen2.5-coder:7b,প্রিন্ট ম্যানেজার,2.299
5022,Encryption key:,bn,Bengali,qwen2.5-coder:7b,এক্সেপ্রিশন কী:,2.281
5023,Kolab user password,bn,Bengali,qwen2.5-coder:7b,কলাব ব্যবহারকারী পাসওয়ার্ড,3.638
5024,Texture List,bn,Bengali,qwen2.5-coder:7b,তেক্সচার তালিকা,2.064
5025,& Greeting:,bn,Bengali,qwen2.5-coder:7b,& সুন্দর স্বাগত:,2.439
5026,User Accounts,bn,Bengali,qwen2.5-coder:7b,ব্যবহারকারী অ্যাকাউন্টস,3.092
5027,Printing the crontab.,bn,Bengali,qwen2.5-coder:7b,কrontab প্রিন্ট করা আছে।,2.68
5028,ivory2,bn,Bengali,qwen2.5-coder:7b,ivory2,0.831
5029,& Spanish,bn,Bengali,qwen2.5-coder:7b,& স্পেনীッシュ,1.548
5030,& Done,bn,Bengali,qwen2.5-coder:7b,& সম্পন্ন,1.312
5031,Miles,bn,Bengali,qwen2.5-coder:7b,মাইল,0.869
5032,Marc Mutz (mutz at kde org): Core developer,bn,Bengali,qwen2.5-coder:7b,মার্চ মুত্ত (মুত্ত @ kde org): কোর ডেভেলপার,4.557
5033,Composers,bn,Bengali,qwen2.5-coder:7b,কালোনীকরুন,1.861
5034,New row,bn,Bengali,qwen2.5-coder:7b,নতুন সطر,1.301
5035,Sprites,bn,Bengali,qwen2.5-coder:7b,স্প্রিটস,1.258
5036,& Create Project,bn,Bengali,qwen2.5-coder:7b,& প্রকল্প তৈরি করুন,2.708
5037,Restricted,bn,Bengali,qwen2.5-coder:7b,সীমিত,1.094
5038,MetaBall Movement,bn,Bengali,qwen2.5-coder:7b,মেটা বল আরোহণ,2.08
5039,Workgroup,bn,Bengali,qwen2.5-coder:7b,কার্য সম্পর্ক,1.852
5040,transactions,bn,Bengali,qwen2.5-coder:7b,ট্রান্সফারস,1.816
5041,& Finished,bn,Bengali,qwen2.5-coder:7b,& শেষ,0.975
5042,Linediff: B < - > C,bn,Bengali,qwen2.5-coder:7b,লাইন ডিফ: ব < - > স,2.508
5043,Serbia,bn,Bengali,qwen2.5-coder:7b,সারবার,1.158
5044,Amount to pay (USD):,bn,Bengali,qwen2.5-coder:7b,পরিশোধ পরিমাণ (USD):,2.283
5045,Fair,bn,Bengali,qwen2.5-coder:7b,সমান,0.857
5046,Current DTD:,bn,Bengali,qwen2.5-coder:7b,এই সময়ের DTD:,1.794
5047,File:,bn,Bengali,qwen2.5-coder:7b,ফাইল:,0.927
5048,non-vj,bn,Bengali,qwen2.5-coder:7b,নন-ভিজ,1.097
5049,Comment:,bn,Bengali,qwen2.5-coder:7b,কমেন্ট:,1.122
5050,Philippines,bn,Bengali,qwen2.5-coder:7b,ফিলিপিন,1.131
5051,Feature,bn,Bengali,qwen2.5-coder:7b,বৈশিষ্ট্য,1.501
5052,View,bn,Bengali,qwen2.5-coder:7b,দেখুন,1.053
5053,Print Plugins,bn,Bengali,qwen2.5-coder:7b,প্লাগইন প্রিন্ট,2.0
5054,Translation Status,bn,Bengali,qwen2.5-coder:7b,অনুবাদ স্থিতি,1.965
5055,& Extensions,bn,Bengali,qwen2.5-coder:7b,& অনুসরণ,1.361
5056,Data Sets,bn,Bengali,qwen2.5-coder:7b,ডেটা সেটস,1.418
5057,From Bottom,bn,Bengali,qwen2.5-coder:7b,নূরান্ত,1.307
5058,& XSLT file:,bn,Bengali,qwen2.5-coder:7b,& XSLT ফাইল:,1.659
5059,Medium Image,bn,Bengali,qwen2.5-coder:7b,মাঝের ছবি,1.571
5060,Category:,bn,Bengali,qwen2.5-coder:7b,বিভাগ:,1.079
5061,Akonadi Resources Configuration,bn,Bengali,qwen2.5-coder:7b,আকোনাদি সূচক সমন্বয়,2.894
5062,blue3,bn,Bengali,qwen2.5-coder:7b,বালুকেট ৩,1.655
5063,"Equal. eq(a, b) = a=b",bn,Bengali,qwen2.5-coder:7b,"সমান। eq(a, b) = a=b",2.201
5064,suspended,bn,Bengali,qwen2.5-coder:7b,সমস্ত,0.958
5065,Gears,bn,Bengali,qwen2.5-coder:7b,গিয়ারস,1.24
5066,Print Warning,bn,Bengali,qwen2.5-coder:7b,প্রিন্ট অপরিবর্তন,2.149
5067,My Printer,bn,Bengali,qwen2.5-coder:7b,মায়েন্ট প্রিন্টার,2.358
5068,CDDA Extractor for KDE,bn,Bengali,qwen2.5-coder:7b,KDE জন্য CDDA এক্সট্রেক্টর,3.284
5069,By Name,bn,Bengali,qwen2.5-coder:7b,নামে,0.864
5070,of Shawwal,bn,Bengali,qwen2.5-coder:7b,শাহোল্লামের অংশে,2.36
5071,Paper height (cm):,bn,Bengali,qwen2.5-coder:7b,পেপার আকার (সেমি):,2.194
5072,event,bn,Bengali,qwen2.5-coder:7b,ই벤트,0.766
5073,Membership type:,bn,Bengali,qwen2.5-coder:7b,সদস্যতার ধরণ:,1.878
5074,CJK Compatibility,bn,Bengali,qwen2.5-coder:7b,CJK সম্পর্কিত,1.853
5075,Scalable Graphics,bn,Bengali,qwen2.5-coder:7b,স্কেলেবল গ্রাফিকস,2.367
5076,How to obtain & kdiff3;,bn,Bengali,qwen2.5-coder:7b,একক প্রকারে & kdiff3; পেতে কিভাবে;,3.724
5077,Drawn,bn,Bengali,qwen2.5-coder:7b,ঠিক করা,1.544
5078,Refresh rate:,bn,Bengali,qwen2.5-coder:7b,ফ্রেম রেট:,1.52
5079,Table View,bn,Bengali,qwen2.5-coder:7b,তাবলি দৃষ্টি,1.821
5080,Accessed,bn,Bengali,qwen2.5-coder:7b,অ্যাক্সেস করা,1.774
5081,Runtime: %1ms,bn,Bengali,qwen2.5-coder:7b,রানিং সময়: %1মসেকেন্ড,2.917
5082,Company Proprietary,bn,Bengali,qwen2.5-coder:7b,কৃত্রিম সংস্থা,2.24
5083,Lower,bn,Bengali,qwen2.5-coder:7b,লোকাল,1.081
5084,Upper Case,bn,Bengali,qwen2.5-coder:7b,উপরোক্তি,1.357
5085,(No Stack),bn,Bengali,qwen2.5-coder:7b,(কোনো স্ট্যাক),2.054
5086,Call(s) to %1,bn,Bengali,qwen2.5-coder:7b,কলা(গুলো) যোগাযোগ করুন %1,4.299
5087,Spectator,bn,Bengali,qwen2.5-coder:7b,স্বরূপ,1.434
5088,& Ctrl; Right Arrow,bn,Bengali,qwen2.5-coder:7b,& Ctrl; দাএর প্রেস করুন,2.845
5089,Fear of Heights,bn,Bengali,qwen2.5-coder:7b,উচ্চতা দ্বারা দুঃখ,2.8
5090,No recipients,bn,Bengali,qwen2.5-coder:7b,কোনো প্রাপক,1.995
5091,Folder Selection,bn,Bengali,qwen2.5-coder:7b,ফোল্ডার নির্বাচন,2.444
5092,Previous Sentence,bn,Bengali,qwen2.5-coder:7b,পূর্বের বাক্য,2.125
5093,Builtin,bn,Bengali,qwen2.5-coder:7b,বিন্যাসি,1.41
5094,Batch Processing,bn,Bengali,qwen2.5-coder:7b,বান্ধ্যাপ্রক্রিয়া,2.601
5095,Game Save,bn,Bengali,qwen2.5-coder:7b,গেম সেভ,1.302
5096,Documentation & copy; 2004 Keith Isdale,bn,Bengali,qwen2.5-coder:7b,ডকুমেন্টেশন & কপিরাইট; ২০০৪ কিথী ইস্ডেল,6.052
5097,Mobile,bn,Bengali,qwen2.5-coder:7b,মোবাইল,1.186
5098,& Cleanup,bn,Bengali,qwen2.5-coder:7b,& সাফ করুন,1.732
5099,increase,bn,Bengali,qwen2.5-coder:7b,আকসাঁগুলো বৃদ্ধি পাবে,3.302
5100,2nd pile,bn,Bengali,qwen2.5-coder:7b,২য় পৌঁছা,2.203
5101,Profile Dumps,bn,Bengali,qwen2.5-coder:7b,প্রোফাইল ডাউম্পস,2.303
5102,LightSeaGreen,bn,Bengali,qwen2.5-coder:7b,লাইট সিনেগ্রেন,1.982
5103,Organization,bn,Bengali,qwen2.5-coder:7b,অনুষ্ঠান,1.454
5104,Default Policy,bn,Bengali,qwen2.5-coder:7b,ডিফল্ট পলিসি,1.69
5105,Synchronization,bn,Bengali,qwen2.5-coder:7b,সিন্যারাইজেশন,1.805
5106,Ipod Collection,bn,Bengali,qwen2.5-coder:7b,আইপড সংগ্রহ,1.793
5107,brown,bn,Bengali,qwen2.5-coder:7b,বাজার,0.978
5108,Scaling capability,bn,Bengali,qwen2.5-coder:7b,স্কেলিং সম্পদা,2.105
5109,First-Last Sector,bn,Bengali,qwen2.5-coder:7b,প্রথম-শেষ সেক্টর,2.552
5110,Help document version,bn,Bengali,qwen2.5-coder:7b,সাহায্য পত্রিকা সংস্করণ,3.212
5111,& First language:,bn,Bengali,qwen2.5-coder:7b,& প্রথম ভাষা:,1.888
5112,Transparency,bn,Bengali,qwen2.5-coder:7b,সুন্দরতা,1.479
5113,Enable antialiasing,bn,Bengali,qwen2.5-coder:7b,আন্টিঅলিয়াসিং সক্ষম করুন,3.198
5114,None.,bn,Bengali,qwen2.5-coder:7b,নেই।,0.865
5115,3rd pile,bn,Bengali,qwen2.5-coder:7b,৩য় পৌঁছা,2.055
5116,Pad 1 - New Age,bn,Bengali,qwen2.5-coder:7b,পদ ১ - নতুন শক্তি,2.768
5117,Archived,bn,Bengali,qwen2.5-coder:7b,আর্কাইভ করা,1.918
5118,Transfer error,bn,Bengali,qwen2.5-coder:7b,অনুমোদন ভুলি,2.424
5119,DarkOliveGreen,bn,Bengali,qwen2.5-coder:7b,কালো অলিবেগ্রেন,2.624
5120,Pin Wheel,bn,Bengali,qwen2.5-coder:7b,পিন চালু,1.468
5121,& Visibility,bn,Bengali,qwen2.5-coder:7b,& দৃশ্যতা,1.514
5122,Conversion,bn,Bengali,qwen2.5-coder:7b,অনুযায়ীতি,1.773
5123,Course name: %1,bn,Bengali,qwen2.5-coder:7b,কোর্সের নাম: %1,2.349
5124,@ (#064;) Commercial at sign,bn,Bengali,qwen2.5-coder:7b,@ (#064;) বাস্তব অক্ষ (@),3.112
5125,& Until,bn,Bengali,qwen2.5-coder:7b,& পর্যন্ত,1.476
5126,battleship,bn,Bengali,qwen2.5-coder:7b,বাটলশিপ,1.26
5127,SVG Images,bn,Bengali,qwen2.5-coder:7b,SVG ছবি,0.93
5128,Does nothing,bn,Bengali,qwen2.5-coder:7b,কিনা কিছু করে,1.903
5129,Clanbomber Big Standard,bn,Bengali,qwen2.5-coder:7b,ক্লান্বোম্বার বড় স্টান্ডার্ড,3.872
5130,Wish List,bn,Bengali,qwen2.5-coder:7b,আশ্রয় তালিকা,1.998
5131,Blue Curl,bn,Bengali,qwen2.5-coder:7b,বালু কালো,1.614
5132,KDE Address Book,bn,Bengali,qwen2.5-coder:7b,কেন্ডি ঠিকানা লিস্ট,2.385
5133,KHotkeys file id.,bn,Bengali,qwen2.5-coder:7b,কহটকেই ফাইল আইডি।,2.222
5134,Using & kmenuedit;,bn,Bengali,qwen2.5-coder:7b,এবং kmenuedit ব্যবহার করুন;,2.977
5135,System colors:,bn,Bengali,qwen2.5-coder:7b,সистем রংসং:,1.565
5136,Demo Liquid,bn,Bengali,qwen2.5-coder:7b,ডেমো লিকী,1.617
5137,Handedness,bn,Bengali,qwen2.5-coder:7b,হাতের প্রতিরোধ,2.071
5138,Afghan Afghani,bn,Bengali,qwen2.5-coder:7b,আফগেনী আফগেনী,2.104
5139,Size Canvas...,bn,Bengali,qwen2.5-coder:7b,আকার বর্ধন...,1.63
5140,SSH protocol version,bn,Bengali,qwen2.5-coder:7b,SSH প্রোটোকল সংস্করণ,3.066
5141,A themable analog clock,bn,Bengali,qwen2.5-coder:7b,একটি সমস্ত সৃষ্টি করা অন্যান্য ঘড়ি,4.726
5142,Delete widget,bn,Bengali,qwen2.5-coder:7b,উইডিট ডিলিট করুন,3.061
5143,Channel:,bn,Bengali,qwen2.5-coder:7b,চ্যানেল:,1.546
5144,& Event List,bn,Bengali,qwen2.5-coder:7b,& ঘটনায়োগ্রাহ্যসমূহ,3.677
5145,Play List,bn,Bengali,qwen2.5-coder:7b,প্লে লিস্ট,1.564
5146,The Box,bn,Bengali,qwen2.5-coder:7b,বক্স,0.845
5147,Article Training,bn,Bengali,qwen2.5-coder:7b,বিবিধ সম্পাদনা চাকরি,2.359
5148,Weather for %1,bn,Bengali,qwen2.5-coder:7b,আবার প্রেরণা,1.977
5149,Gaussian:,bn,Bengali,qwen2.5-coder:7b,গাজিয়াসিয়ান:,2.083
5150,Speed:,bn,Bengali,qwen2.5-coder:7b,গতি:,0.895
5151,Dvorak Spanish,bn,Bengali,qwen2.5-coder:7b,ডভরক স্পেনিশ,1.887
5152,Mathgroup:,bn,Bengali,qwen2.5-coder:7b,ম্যাথগ্রূপ:,1.976
5153,Statistics in & ktouch;,bn,Bengali,qwen2.5-coder:7b,স্ট্যাটিস্টিক্স অন & ktouch;,3.187
5154,Hot Pixels Correction,bn,Bengali,qwen2.5-coder:7b,হট পিক্সেল সংশোধন,2.538
5155,Jordanian Dinar,bn,Bengali,qwen2.5-coder:7b,জর্দানী ডিনার,2.262
5156,& Game,bn,Bengali,qwen2.5-coder:7b,& খেলা,1.216
5157,& Channel file,bn,Bengali,qwen2.5-coder:7b,& চ্যানেল ফাইল,2.155
5158,Source Folder,bn,Bengali,qwen2.5-coder:7b,সূত্র ফোল্ডার,2.309
5159,%1 (Current),bn,Bengali,qwen2.5-coder:7b,%1 (সম্পূর্ণ),1.995
5160,American foolscap,bn,Bengali,qwen2.5-coder:7b,আমেরিকান ফোল্সক্যাপ,3.027
5161,No captions,bn,Bengali,qwen2.5-coder:7b,কোনো টেক্সট নেই,2.601
5162,channel owner,bn,Bengali,qwen2.5-coder:7b,চ্যানেল প্রকাশক,2.396
5163,Currencies,bn,Bengali,qwen2.5-coder:7b,মূল্যাংশ,1.528
5164,Download added,bn,Bengali,qwen2.5-coder:7b,ডাউনলোড যোগ করা হয়েছে,3.338
5165,Cloudy weather,bn,Bengali,qwen2.5-coder:7b,আবেগ বেশি,1.5
5166,Angular distance:,bn,Bengali,qwen2.5-coder:7b,অ্যাঙ্গুলার দূরত্ব:,3.279
5167,Vector Difference,bn,Bengali,qwen2.5-coder:7b,ভেক্টর বিপরীতি,2.316
5168,Stop Layouting,bn,Bengali,qwen2.5-coder:7b,স্টোপ লেআউট করুন,2.498
5169,& Network,bn,Bengali,qwen2.5-coder:7b,& নেটওয়ার্ক,1.954
5170,Move Up,bn,Bengali,qwen2.5-coder:7b,আপ উপর বের করুন,2.224
5171,internationalization,bn,Bengali,qwen2.5-coder:7b,আন্তর্জাতিক সংস্কৃতি,2.801
5172,KDE Input Method Panel,bn,Bengali,qwen2.5-coder:7b,কেইডি ইনপুট মেথড প্যানেল,3.146
5173,300 DPI Color,bn,Bengali,qwen2.5-coder:7b,৩০০ ডি পি কোলর,2.504
5174,Spanish (Honduras),bn,Bengali,qwen2.5-coder:7b,স্পেনীয়া (হোন্ডুরাস),3.136
5175,Gamma Correction,bn,Bengali,qwen2.5-coder:7b,গম্মা কর্টেকশন,1.966
5176,Ghostscript Resolution,bn,Bengali,qwen2.5-coder:7b,গ্যাস্ক্রিপ্ট সমাধান,2.616
5177,Add hydrogens,bn,Bengali,qwen2.5-coder:7b,হাইড্রোজেন যোগ করুন,2.798
5178,Float 64-bit,bn,Bengali,qwen2.5-coder:7b,64-বিট ফ্লোট,1.964
5179,& Add Podcast,bn,Bengali,qwen2.5-coder:7b,& পডকেস যোগ করুন,2.407
5180,Lookahead,bn,Bengali,qwen2.5-coder:7b,লক্ষ্য,1.182
5181,Copying theme,bn,Bengali,qwen2.5-coder:7b,থিম কপি করা,1.619
5182,Game difficulty.,bn,Bengali,qwen2.5-coder:7b,গেম সম্পর্কে।,1.848
5183,Save As (%1),bn,Bengali,qwen2.5-coder:7b,সেভ করুন (%1),1.889
5184,Duration: %1,bn,Bengali,qwen2.5-coder:7b,সময়: %1,1.403
5185,The Zenith,bn,Bengali,qwen2.5-coder:7b,সর্বোচ্চ অংশ,2.183
5186,geography,bn,Bengali,qwen2.5-coder:7b,গеৰোৰী,1.495
5187,Structure,bn,Bengali,qwen2.5-coder:7b,স্ট্রাকচার,1.464
5188,last week,bn,Bengali,qwen2.5-coder:7b,গত সপ্তাহ,1.449
5189,Tape block size:,bn,Bengali,qwen2.5-coder:7b,টেপ ব্লক আকার:,2.025
5190,New Signal Handler,bn,Bengali,qwen2.5-coder:7b,নতুন সিগ্নাল হ্যান্ডলার,3.048
5191,Registration Data,bn,Bengali,qwen2.5-coder:7b,নিবন্ধন তথ্য,1.76
5192,DarkRed,bn,Bengali,qwen2.5-coder:7b,কালো লাল,1.431
5193,VGA forwarding,bn,Bengali,qwen2.5-coder:7b,ভিজিএগে ফরওয়ার্ডিং,2.613
5194,& Rotation:,bn,Bengali,qwen2.5-coder:7b,& ঘর্ম:,1.214
5195,Crop,bn,Bengali,qwen2.5-coder:7b,ক্রোপ,1.109
5196,Alaska Time,bn,Bengali,qwen2.5-coder:7b,আলাস্কা সময়,1.881
5197,angle variance,bn,Bengali,qwen2.5-coder:7b,অক্ষ সমান্তরালি,2.022
5198,Currency Calculator,bn,Bengali,qwen2.5-coder:7b,মূল্য গণনা,1.651
5199,Color deformation,bn,Bengali,qwen2.5-coder:7b,কালো প্রতিবাধ,2.041
5200,Training,bn,Bengali,qwen2.5-coder:7b,শেখানো,1.292
5201,Contribute...,bn,Bengali,qwen2.5-coder:7b,অনুযায়ী করুন...,2.355
5202,Font Color:,bn,Bengali,qwen2.5-coder:7b,ফন্ট রঙ:,1.385
5203,Klipper version,bn,Bengali,qwen2.5-coder:7b,ক্লিপার সংস্করণ,2.176
5204,Kalzium concentration Calculator,bn,Bengali,qwen2.5-coder:7b,কালজিয়াম সমান্তর গণনা করুন,3.636
5205,Tab position:,bn,Bengali,qwen2.5-coder:7b,টেবিল স্থান:,1.86
5206,Spiral number:,bn,Bengali,qwen2.5-coder:7b,সুরক্ষা সংখ্যা:,2.299
5207,The Account menu,bn,Bengali,qwen2.5-coder:7b,অ্যাকাউন্ট মেনু,2.248
5208,Function & 1:,bn,Bengali,qwen2.5-coder:7b,ফাংশন & 1:,1.593
5209,Configuration,bn,Bengali,qwen2.5-coder:7b,নстройка,0.745
5210,First matrix,bn,Bengali,qwen2.5-coder:7b,প্রথম ম্যাট্রিক্স,2.269
5211,Advanced > >,bn,Bengali,qwen2.5-coder:7b,অগ্রসর > >,1.329
5212,9th Last,bn,Bengali,qwen2.5-coder:7b,৯ম উল্টো,1.525
5213,Clean,bn,Bengali,qwen2.5-coder:7b,স্বাস্থ্য,1.391
5214,honeydew,bn,Bengali,qwen2.5-coder:7b,মুক্তি,1.289
5215,"Cordially,",bn,Bengali,qwen2.5-coder:7b,"আপনার সাথে সুন্দরভাবে,",3.036
5216,& kde; applications,bn,Bengali,qwen2.5-coder:7b,& kde; অ্যাপ্লিকেশনসমূহ,3.022
5217,DVI Viewer,bn,Bengali,qwen2.5-coder:7b,DVI দেখালো,1.61
5218,What is & ktouch;?,bn,Bengali,qwen2.5-coder:7b,&ktouch; কীভাবে?,1.996
5219,Keyboard Layout,bn,Bengali,qwen2.5-coder:7b,কীবোর্ড আলাদা,1.971
5220,rectTemperatureVariance,bn,Bengali,qwen2.5-coder:7b,রেক্ট তাপমান ভিত্তি,2.582
5221,& quality,bn,Bengali,qwen2.5-coder:7b,& গুল্পি,1.434
5222,Aperture Value,bn,Bengali,qwen2.5-coder:7b,আপেটার মান,1.534
5223,Dim target color:,bn,Bengali,qwen2.5-coder:7b,"মূল্যাংশ রং:""
(Translation: ""Target color:"")",2.806
5224,Add Transport,bn,Bengali,qwen2.5-coder:7b,যোগাযোগ যোগ করুন,2.794
5225,Speed,bn,Bengali,qwen2.5-coder:7b,গতি,0.752
5226,Serial Number,bn,Bengali,qwen2.5-coder:7b,সিরিয়াল নম্বর,2.021
5227,Transfer Timer,bn,Bengali,qwen2.5-coder:7b,সময় সমূচে,1.755
5228,"Cyan, Yellow",bn,Bengali,qwen2.5-coder:7b,"কালো, নোরে",1.791
5229,Section:,bn,Bengali,qwen2.5-coder:7b,শেখার অংশ:,1.706
5230,Exposure time:,bn,Bengali,qwen2.5-coder:7b,স্বরোধের সময়:,2.197
5231,A hexagon,bn,Bengali,qwen2.5-coder:7b,একটি হেক্সাগন,1.887
5232,Thumbnail is null,bn,Bengali,qwen2.5-coder:7b,ছোট ছবি নেই,1.819
5233,Talker:,bn,Bengali,qwen2.5-coder:7b,শোকার:,1.204
5234,Possible,bn,Bengali,qwen2.5-coder:7b,মুমিন,1.056
5235,Gameport controller,bn,Bengali,qwen2.5-coder:7b,গেমপোর্ট কন্ট্রোলার,2.598
5236,Foreground Color,bn,Bengali,qwen2.5-coder:7b,পৌরো বাজারের রং,2.342
5237,Suspended & rsibreak;,bn,Bengali,qwen2.5-coder:7b,সমস্ত অপারেশন সমুদ্র বন্ধ করা হয়েছে & rsibreak;,5.262
5238,FX 5 - Brightness,bn,Bengali,qwen2.5-coder:7b,FX 5 - স্বরোধ,1.884
5239,Scrambled:,bn,Bengali,qwen2.5-coder:7b,ক্ষুঁজিত:,1.775
5240,"Colour, fast, CMYK",bn,Bengali,qwen2.5-coder:7b,"কালো, হাস্তাক্ষরিত, কম্পিউটার ম্যাথ যুক্তি",5.269
5241,Part,bn,Bengali,qwen2.5-coder:7b,অংশ,0.896
5242,Transfer History,bn,Bengali,qwen2.5-coder:7b, chuyển giao lịch sử,1.235
5243,Modify Transport,bn,Bengali,qwen2.5-coder:7b,পরিবর্তন করুন,2.158
5244,Video Clip Data Engine,bn,Bengali,qwen2.5-coder:7b,ভিডিও ক্লিপ ডেটা ইঞ্জিন,3.108
5245,Area Chart,bn,Bengali,qwen2.5-coder:7b,অংশ চার্ট,1.568
5246,Keyboard Identification Data,bn,Bengali,qwen2.5-coder:7b,কীবোর্ড পরিচিতি তথ্য,2.878
5247,Background Tool,bn,Bengali,qwen2.5-coder:7b,পেছনের টুল,1.569
5248,Major Operation Modes:,bn,Bengali,qwen2.5-coder:7b,মূল্যায়ন অপেরেশন মোড়ার:,3.347
5249,Exterior view,bn,Bengali,qwen2.5-coder:7b,আপরিবর্তিত দৃশ্য,2.313
5250,Execute Script,bn,Bengali,qwen2.5-coder:7b,স্ক্রিপ্ট চালান,2.288
5251,File size (in bytes):,bn,Bengali,qwen2.5-coder:7b,ফাইল আকার (বাইটে অনুযায়ী):,3.554
5252,Driver Selection,bn,Bengali,qwen2.5-coder:7b,রাডার সিলেকশন,1.862
5253,blue4,bn,Bengali,qwen2.5-coder:7b,বাজার,0.991
5254,Fadeout & duration:,bn,Bengali,qwen2.5-coder:7b,ফ্যাড আউট এবং সময়:,2.61
5255,created %1 in %2,bn,Bengali,qwen2.5-coder:7b,%1 তৈরি করা হয়েছিল %2 এ,3.266
5256,Deutsche Mark (DEM),bn,Bengali,qwen2.5-coder:7b,ইউরো (€),1.453
5257,Do & not descend:,bn,Bengali,qwen2.5-coder:7b,না দিন:,1.372
5258,Talk to %1,bn,Bengali,qwen2.5-coder:7b,আপনি %1 এর সাথে বলো,2.715
5259,OpenPGP signing key,bn,Bengali,qwen2.5-coder:7b,PGP সIGN কী,1.53
5260,Image Editor,bn,Bengali,qwen2.5-coder:7b,ইমেজ এডিটর,1.503
5261,Maximum width:,bn,Bengali,qwen2.5-coder:7b,মаксিমাম প্রস্থ:,1.919
5262,Subsections,bn,Bengali,qwen2.5-coder:7b,সাব অংশগুলি,1.84
5263,Skill,bn,Bengali,qwen2.5-coder:7b,ক্ষমতা,1.056
5264,untitled,bn,Bengali,qwen2.5-coder:7b,অনন্য,0.957
5265,Gravity Setup,bn,Bengali,qwen2.5-coder:7b,গ্রাভিটি সেটআপ,1.868
5266,Kyrgyzstan,bn,Bengali,qwen2.5-coder:7b,কাজাখстан,1.151
5267,Preview In,bn,Bengali,qwen2.5-coder:7b,প্রোভাইভ করুন,2.07
5268,Image file:,bn,Bengali,qwen2.5-coder:7b,ছবি ফাইল:,1.429
5269,File Information...,bn,Bengali,qwen2.5-coder:7b,ফাইল তথ্য...,1.533
5270,Audio Settings,bn,Bengali,qwen2.5-coder:7b,আডিও সেটিংস,1.673
5271,Help Index,bn,Bengali,qwen2.5-coder:7b,সাহায্য সন্ধান,1.915
5272,YellowGreen,bn,Bengali,qwen2.5-coder:7b,বেগুন্না,1.434
5273,Snapshot file:,bn,Bengali,qwen2.5-coder:7b,স্ক্যান্স ফাইল:,2.058
5274,Program Features,bn,Bengali,qwen2.5-coder:7b,প্রোগ্রাম অনুশীলনবোৰ্গীকৃত বৈশিষ্ট্যগুলো,5.548
5275,Image file,bn,Bengali,qwen2.5-coder:7b,ছবি ফাইল,1.339
5276,One Sided,bn,Bengali,qwen2.5-coder:7b,এক পাশ,1.147
5277,Numeral,bn,Bengali,qwen2.5-coder:7b,নাম্বার,1.213
5278,Spanish,bn,Bengali,qwen2.5-coder:7b,স্পেনীッシュ,1.206
5279,US Dollar (Same day),bn,Bengali,qwen2.5-coder:7b,মার্কিন ডোলার (আজকে সমান দিন),3.642
5280,A6 Card,bn,Bengali,qwen2.5-coder:7b,একাদশি কার্ড,1.812
5281,Job Separation,bn,Bengali,qwen2.5-coder:7b,কাজ বিভাজন,1.544
5282,System Settings View,bn,Bengali,qwen2.5-coder:7b,সистем সেটিংস দৃষ্টি,2.279
5283,Meaning,bn,Bengali,qwen2.5-coder:7b,মূল্য,1.119
5284,nokey,bn,Bengali,qwen2.5-coder:7b,নেই,0.769
5285,Mine fuel:,bn,Bengali,qwen2.5-coder:7b,মাইন ফিল্যু:,1.809
5286,Icon Position,bn,Bengali,qwen2.5-coder:7b,আইকন স্থান,1.532
5287,Network Functions,bn,Bengali,qwen2.5-coder:7b,নেটওয়ার্ক ফাংশনসমূহ,2.662
5288,To screen,bn,Bengali,qwen2.5-coder:7b,স্ক্রিনে দেখাও,1.926
5289,Executable Scripts,bn,Bengali,qwen2.5-coder:7b,এক্সিকিউয়েবল স্ক্রিপ্টস,2.962
5290,Volume Size:,bn,Bengali,qwen2.5-coder:7b,ভূমিকা আকার:,1.79
5291,& Pressure:,bn,Bengali,qwen2.5-coder:7b,& দাবি:,1.197
5292,< < Files,bn,Bengali,qwen2.5-coder:7b,< < ফাইলসমূহ,1.711
5293,File Location,bn,Bengali,qwen2.5-coder:7b,ফাইল স্থান,1.519
5294,Mr.,bn,Bengali,qwen2.5-coder:7b,মাস্টার,1.185
5295,Copy Color,bn,Bengali,qwen2.5-coder:7b,কোলর কপি,1.362
5296,Text & Alignment,bn,Bengali,qwen2.5-coder:7b,টেক্সট এবং সামগ্রী,2.692
5297,year,bn,Bengali,qwen2.5-coder:7b,বছর,0.744
5298,Minimized,bn,Bengali,qwen2.5-coder:7b,মিনিমাইজ করা,1.631
5299,Drawing Program,bn,Bengali,qwen2.5-coder:7b,চিত্র করা প্রোগ্রাম,2.464
5300,Zoom in (x 6),bn,Bengali,qwen2.5-coder:7b,বৃদ্ধি করুন (x 6),2.594
5301,Video Collection,bn,Bengali,qwen2.5-coder:7b,ভিডিও সংগ্রহ,1.896
5302,Scrollback limit:,bn,Bengali,qwen2.5-coder:7b,ব্যাকল্যাব সীমা:,2.374
5303,Peak acceleration:,bn,Bengali,qwen2.5-coder:7b,সর্বোচ্চ অনুযায়ীতি:,2.936
5304,& New Row,bn,Bengali,qwen2.5-coder:7b,&নতুন সطر,1.482
5305,At Sea,bn,Bengali,qwen2.5-coder:7b,আপনি সমুদ্রে আছেন,2.408
5306,& Complete:,bn,Bengali,qwen2.5-coder:7b,& সম্পন্ন করুন:,2.042
5307,MD5 Shadow passwords,bn,Bengali,qwen2.5-coder:7b,MD5 শেডওয়ার পাসওয়ার্ডস,3.429
5308,Great Circles,bn,Bengali,qwen2.5-coder:7b,গুরুত্বপূর্ণ চারণগুলি,3.201
5309,Black Frame...,bn,Bengali,qwen2.5-coder:7b,কালো বাড়ি...,1.878
5310,Enrollment type: %1,bn,Bengali,qwen2.5-coder:7b,নিবন্ধনের ধরনি: %1,2.411
5311,& Single Human (Arcade),bn,Bengali,qwen2.5-coder:7b,একজন মানুষ (অ্যারক্ড),2.819
5312,Paper Color,bn,Bengali,qwen2.5-coder:7b,পেপার রঙ,1.379
5313,Accessibility,bn,Bengali,qwen2.5-coder:7b,সহজতা,0.945
5314,Formula Settings,bn,Bengali,qwen2.5-coder:7b,ফর্মুলা সেটিংস,2.041
5315,Time Zone:,bn,Bengali,qwen2.5-coder:7b,সময় অঞ্চল:,1.767
5316,KalziumPlasma Configuration,bn,Bengali,qwen2.5-coder:7b,কালজিয়াম প্লাস্মা সমন্বয়,3.568
5317,Sensitivity,bn,Bengali,qwen2.5-coder:7b,স্বচ্ছতা,1.332
5318,Paint Program,bn,Bengali,qwen2.5-coder:7b,পাইন্ট প্রোগ্রাম,2.255
5319,& Machine (hostname):,bn,Bengali,qwen2.5-coder:7b,& মেশিন (হোস্টনেম):,2.481
5320,Width,bn,Bengali,qwen2.5-coder:7b,আকার,0.911
5321,& Strict mode,bn,Bengali,qwen2.5-coder:7b,& স্ট্রিক্ট মোড,2.079
5322,Vector Class Name,bn,Bengali,qwen2.5-coder:7b,ভেক্টর ক্লাসের নাম,2.432
5323,New Schema,bn,Bengali,qwen2.5-coder:7b,নতুন স্কিমা,1.733
5324,KDE X Screen Saver Configuration tool,bn,Bengali,qwen2.5-coder:7b,KDE এর স্ক্রিন সেভার সমন্বয় টুল,4.003
5325,preview window,bn,Bengali,qwen2.5-coder:7b,প্রéভিউ জendো,1.659
5326,Waves Vert.,bn,Bengali,qwen2.5-coder:7b,ভর্তা উল্লেখ করুন,2.382
5327,Average days,bn,Bengali,qwen2.5-coder:7b,মোট দিন,1.327
5328,Form Design,bn,Bengali,qwen2.5-coder:7b,ফরম ডিজাইন,1.477
5329,Stamp Collection,bn,Bengali,qwen2.5-coder:7b,ছাপ সংগ্রহ,1.556
5330,Display comments,bn,Bengali,qwen2.5-coder:7b,কমেন্ট দেখাও,1.738
5331,Cash,bn,Bengali,qwen2.5-coder:7b,কাজাখ,0.96
5332,Link quality,bn,Bengali,qwen2.5-coder:7b,লিঙ্ক গুল্পি,1.854
5333,Class Operations,bn,Bengali,qwen2.5-coder:7b,ক্লাস অপেরেশনস,1.834
5334,Subject distance:,bn,Bengali,qwen2.5-coder:7b,সম্পূর্ণ দূরত্ব:,2.342
5335,Anamorphic (16:9),bn,Bengali,qwen2.5-coder:7b,অনামফরম (16:9),1.975
5336,Quicksearch,bn,Bengali,qwen2.5-coder:7b,কৃত্রিম অনুসন্ধান,2.355
5337,Orientation:,bn,Bengali,qwen2.5-coder:7b,অনুমান:,1.28
5338,WY rotation speed,bn,Bengali,qwen2.5-coder:7b,আপেক্ষিক ঘূর্ণন হাতি,2.937
5339,Group 2:,bn,Bengali,qwen2.5-coder:7b,গুপ্তা ২:,1.595
5340,Serial #:,bn,Bengali,qwen2.5-coder:7b,"সিরিয়াল #:
Serial #:",1.753
5341,of March,bn,Bengali,qwen2.5-coder:7b,মার্চের,1.211
5342,Playlist Toolbar,bn,Bengali,qwen2.5-coder:7b,প্লেলিস্ট টুলবার,2.272
5343,Report Name,bn,Bengali,qwen2.5-coder:7b,রিপোর্টের নাম,1.833
5344,Number of bit:,bn,Bengali,qwen2.5-coder:7b,বিটের সংখ্যা:,1.977
5345,Comparative:,bn,Bengali,qwen2.5-coder:7b,মূল্যায়ীকরণ:,2.152
5346,Do you want to ignore %1?,bn,Bengali,qwen2.5-coder:7b,আপনি %1 নিষ্ক্রিয়াম করতে চান?,3.79
5347,Class of Printers,bn,Bengali,qwen2.5-coder:7b,প্রিন্টারগুলির একাধিক শ্রেণি,3.573
5348,Watches,bn,Bengali,qwen2.5-coder:7b,সময়ী,1.208
5349,Double whole,bn,Bengali,qwen2.5-coder:7b,ডুব্ব জোড়া,1.941
5350,Inheritance depth,bn,Bengali,qwen2.5-coder:7b,হৈলেট দৈর্ঘ্য,2.312
5351,Gemini,bn,Bengali,qwen2.5-coder:7b,গেমিনি,1.094
5352,Page Properties,bn,Bengali,qwen2.5-coder:7b,পৃষ্ঠার বৈশিষ্ট্য,2.435
5353,Recent file:,bn,Bengali,qwen2.5-coder:7b,সেই ফাইল:,1.496
5354,Speak,bn,Bengali,qwen2.5-coder:7b,আমার ভাষায় বলো,2.194
5355,Color mode:,bn,Bengali,qwen2.5-coder:7b,কোলর মোড়:,1.856
5356,"Europe, Eastern",bn,Bengali,qwen2.5-coder:7b,"ইউরোপ, পূর্ব",1.956
5357,IM Panel Settings,bn,Bengali,qwen2.5-coder:7b,IM প্যানেল সেটিংস,2.233
5358,Shield amount,bn,Bengali,qwen2.5-coder:7b,শield পরিমাণ,1.393
5359,discnumber,bn,Bengali,qwen2.5-coder:7b,সংখ্যা,1.204
5360,Display Cover,bn,Bengali,qwen2.5-coder:7b,কভি দেখাও,1.45
5361,Selection tool,bn,Bengali,qwen2.5-coder:7b,নির্বাচন টুল,1.808
5362,Phone Number,bn,Bengali,qwen2.5-coder:7b,ফোন নম্বর,1.464
5363,fog declaration,bn,Bengali,qwen2.5-coder:7b,ফোগ প্রামাণ,1.708
5364,Chapter,bn,Bengali,qwen2.5-coder:7b,চাপ,0.744
5365,Timings,bn,Bengali,qwen2.5-coder:7b,সময়সূচক,1.559
5366,Word Completion,bn,Bengali,qwen2.5-coder:7b,শব্দ সম্পূর্ণ করণি,2.438
5367,Contact List,bn,Bengali,qwen2.5-coder:7b,যোগাযোগ তালিকা,2.192
5368,Stop value:,bn,Bengali,qwen2.5-coder:7b,স্টোপ স্থিতি:,1.956
5369,Initial,bn,Bengali,qwen2.5-coder:7b,আদিত্য,1.077
5370,Withdrawals,bn,Bengali,qwen2.5-coder:7b,উত্তোলন,1.328
5371,Signal strength:,bn,Bengali,qwen2.5-coder:7b,সিগ্নাল দূরতরতা:,2.212
5372,Input Method Panel,bn,Bengali,qwen2.5-coder:7b,ইনপুট পদ্ধতি বো드কের,2.737
5373,increaseShortcut,bn,Bengali,qwen2.5-coder:7b,আক্ষরিক বাধ্যকরণ,2.143
5374,Quiet,bn,Bengali,qwen2.5-coder:7b,মূল্যায়ী,1.689
5375,Escape string:,bn,Bengali,qwen2.5-coder:7b,স্ট্রিং বাদ দিন:,2.271
5376,Postfix:,bn,Bengali,qwen2.5-coder:7b,পোস্টফিন্ড:,1.734
5377,Games,bn,Bengali,qwen2.5-coder:7b,গেমস,0.847
5378,Test Yourself:,bn,Bengali,qwen2.5-coder:7b,আপনি স্বাভাবিকভাবে চেষ্টা করুন:,3.83
5379,Interface Designer,bn,Bengali,qwen2.5-coder:7b,ইন্টারফেস ডিজাইনার,2.252
5380,LibParted version:,bn,Bengali,qwen2.5-coder:7b,লিবপার্টেড সংস্করণ:,2.661
5381,Pinch:,bn,Bengali,qwen2.5-coder:7b,পিন্চ:,1.104
5382,Leader name:,bn,Bengali,qwen2.5-coder:7b,মূল্যাংশের নাম:,2.014
5383,New directory,bn,Bengali,qwen2.5-coder:7b,নতুন সমূহ,1.621
5384,State Diagram,bn,Bengali,qwen2.5-coder:7b,রূপনীয় চিত্র,2.133
5385,Deactivate,bn,Bengali,qwen2.5-coder:7b,নিষ্ক্রিয়াম করুন,2.326
5386,SlideShow,bn,Bengali,qwen2.5-coder:7b,শীল দেখার সময়,2.159
5387,Temperature: %1,bn,Bengali,qwen2.5-coder:7b,তাপমাত্রা: %1,1.784
5388,Created:,bn,Bengali,qwen2.5-coder:7b,বাবে করা হয়েছে:,2.334
5389,Command Line,bn,Bengali,qwen2.5-coder:7b,কম্পাউন্ড লাইন,1.967
5390,with,bn,Bengali,qwen2.5-coder:7b,সাথে,0.849
5391,ColorGrade,bn,Bengali,qwen2.5-coder:7b,কোলর গ্রেড,1.64
5392,Account Types,bn,Bengali,qwen2.5-coder:7b,হিসাবের ধরণা,1.698
5393,Page Footer (Even),bn,Bengali,qwen2.5-coder:7b,পৃষ্ঠা ফোটোর (জুড়া),3.068
5394,revoked,bn,Bengali,qwen2.5-coder:7b,বাতিল,0.985
5395,Using & kgpg;,bn,Bengali,qwen2.5-coder:7b,kgpg ব্যবহার করুন;,2.456
5396,Processor information,bn,Bengali,qwen2.5-coder:7b,প্রক্রিয়াকর তথ্য,2.378
5397,& Image type:,bn,Bengali,qwen2.5-coder:7b,& ছবি ধরনি:,1.652
5398,Subject Distance,bn,Bengali,qwen2.5-coder:7b,সম্পূর্ণ দূরত্ব,2.2
5399,/ part #channel,bn,Bengali,qwen2.5-coder:7b,/ অংশ #চ্যানেল,2.099
5400,Australia/ Yancowinna,bn,Bengali,qwen2.5-coder:7b,অস্ট্রেলিয়া/য়ানকোইনা,3.325
5401,Probability,bn,Bengali,qwen2.5-coder:7b,সম্ভাবনা,1.289
5402,Missing QuantaCore,bn,Bengali,qwen2.5-coder:7b,মিসিং কুন্টা কোর,2.513
5403,of Av,bn,Bengali,qwen2.5-coder:7b,অবে,0.77
5404,Rise time:,bn,Bengali,qwen2.5-coder:7b,রুপান্তরের সময়:,2.247
5405,Playing & kjumpingcube;,bn,Bengali,qwen2.5-coder:7b,চলছি & জুম্পিংকবুঝি;,2.993
5406,NextWord,bn,Bengali,qwen2.5-coder:7b,পরের শব্দ,1.383
5407,texture declaration,bn,Bengali,qwen2.5-coder:7b,তেক্সচার স্বাস্থ্য্য,2.446
5408,Printer Tools,bn,Bengali,qwen2.5-coder:7b,প্রিন্টার টুলস,2.059
5409,Connection Space,bn,Bengali,qwen2.5-coder:7b,সংযোগ স্থান,1.855
5410,Quits & khangman;,bn,Bengali,qwen2.5-coder:7b,বায়ো & ক্যান্স্ট্রাইক্ট;,3.448
5411,center Dec:,bn,Bengali,qwen2.5-coder:7b,মধ্যে দিন:,1.649
5412,Validation Options,bn,Bengali,qwen2.5-coder:7b,মূল্যায়ন অপশনসমূহ,2.669
5413,The Repository Menu,bn,Bengali,qwen2.5-coder:7b,রিপোজিটরি মেনু,2.075
5414,File Access,bn,Bengali,qwen2.5-coder:7b,ফাইল অ্যাক্সেস,1.956
5415,Commission,bn,Bengali,qwen2.5-coder:7b,কমিশন,0.933
5416,File: %1,bn,Bengali,qwen2.5-coder:7b,ফাইল: %1,1.214
5417,Constraint,bn,Bengali,qwen2.5-coder:7b,সূচনা,1.008
5418,Address Book Properties...,bn,Bengali,qwen2.5-coder:7b,ঠিকানা বই বৈশিষ্ট্যসমূহ...,3.214
5419,System Files,bn,Bengali,qwen2.5-coder:7b,সистем ফাইলসমূহ,1.693
5420,& by,bn,Bengali,qwen2.5-coder:7b,& দ্বারা,1.275
5421,"Punctuation, Open",bn,Bengali,qwen2.5-coder:7b,"পূর্ণাবস্থা, খোলা",2.799
5422,Exif date-time,bn,Bengali,qwen2.5-coder:7b,এক্সিফ তারিখ-সময়,2.49
5423,Driver Information,bn,Bengali,qwen2.5-coder:7b,ড্রাইভার তথ্য,1.838
5424,Match to:,bn,Bengali,qwen2.5-coder:7b,সংশ্লিষ্টি করুন:,2.36
5425,Attack 3,bn,Bengali,qwen2.5-coder:7b,আটক ৩,1.177
5426,Vacation Checklist,bn,Bengali,qwen2.5-coder:7b,ভ্যাকেশন চেকলিস্ট,2.302
5427,& Open With,bn,Bengali,qwen2.5-coder:7b,& খুলুন,1.434
5428,Project Performance Chart,bn,Bengali,qwen2.5-coder:7b,প্রকল্পের অ performans চার্ট,2.495
5429,Welcome to & kde;,bn,Bengali,qwen2.5-coder:7b,"আপনার স্বাগতম, & kde;",2.518
5430,Topic Set,bn,Bengali,qwen2.5-coder:7b,বিষয় সেট,1.495
5431,Removable media,bn,Bengali,qwen2.5-coder:7b,মুক্তি সহায়িকা,2.252
5432,Set Initial PIN (SigG),bn,Bengali,qwen2.5-coder:7b,আসিনি আইনিয়াল পিন (সিজি এজি) সেট করুন,4.74
5433,Camera Title,bn,Bengali,qwen2.5-coder:7b,ক্যামেরা শিরোনাম,2.278
5434,& amor; Themes,bn,Bengali,qwen2.5-coder:7b,& আমরা; থিমস,1.802
5435,Italy,bn,Bengali,qwen2.5-coder:7b,ইতালি,0.998
5436,Serial Port #2 (NetBSD),bn,Bengali,qwen2.5-coder:7b,সিরিয়াল পোর্ট #2 (NetBSD),2.844
5437,Disk buffers:,bn,Bengali,qwen2.5-coder:7b,ডিস্ক বাউফারসংখ্যা:,2.582
5438,Color:,bn,Bengali,qwen2.5-coder:7b,কোলর:,1.059
5439,Japanese,bn,Bengali,qwen2.5-coder:7b,জাপানী,1.146
5440,Selected:,bn,Bengali,qwen2.5-coder:7b,Selected:,0.75
5441,Parity checking,bn,Bengali,qwen2.5-coder:7b,পরিমান পроверণ,1.556
5442,Italic - \\itshape,bn,Bengali,qwen2.5-coder:7b,আমল - \\itshape,1.286
5443,In-painting,bn,Bengali,qwen2.5-coder:7b,ইন-পিন্ট,1.39
5444,weeks,bn,Bengali,qwen2.5-coder:7b,সপ্তাহ,1.048
5445,Show label,bn,Bengali,qwen2.5-coder:7b,লেভেল দেখাও,1.609
5446,Run Nevertheless,bn,Bengali,qwen2.5-coder:7b,নিজেকে চালাও,1.749
5447,South Sikkim,bn,Bengali,qwen2.5-coder:7b,সুমিখী সিক্কী,2.227
5448,(no part),bn,Bengali,qwen2.5-coder:7b,(কোনো ভাগ নেই),2.361
5449,Table of Contents,bn,Bengali,qwen2.5-coder:7b,সংস্কৃতি,1.609
5450,Brightness/ Contrast/ Gamma,bn,Bengali,qwen2.5-coder:7b,স্বরোধ/ স্পর্ধা/ গ্যাম্মা,3.175
5451,Last Name,bn,Bengali,qwen2.5-coder:7b,শেষ নাম,1.295
5452,Only,bn,Bengali,qwen2.5-coder:7b,শুধু,1.079
5453,Blue Jean,bn,Bengali,qwen2.5-coder:7b,বাজার জেন,1.427
5454,& Word Wrap,bn,Bengali,qwen2.5-coder:7b,& শব্দ বন্ধুকরণ,2.198
5455,User Information,bn,Bengali,qwen2.5-coder:7b,ব্যবহারকারী তথ্য,2.335
5456,Attribute & name:,bn,Bengali,qwen2.5-coder:7b,অনুৰোধ নাম:,1.997
5457,Unspecified,bn,Bengali,qwen2.5-coder:7b,অনিরূপ,1.26
5458,Champion,bn,Bengali,qwen2.5-coder:7b,চ্যাম্পিয়ন,1.731
5459,Thursday,bn,Bengali,qwen2.5-coder:7b,বুধবার,1.143
5460,Queue Manager Controlled Downloads,bn,Bengali,qwen2.5-coder:7b,কুইয়েট ম্যানেজার নিয়ন্ত্রিত ডাউনলোড,4.812
5461,Save Form '%1 'As,bn,Bengali,qwen2.5-coder:7b,ফর্মটি '%1' সেভ করুন,2.812
5462,File Type,bn,Bengali,qwen2.5-coder:7b,ফাইল টাইপ,1.419
5463,Press Release,bn,Bengali,qwen2.5-coder:7b,প্রেস রিলিজ,1.666
5464,Max open files:,bn,Bengali,qwen2.5-coder:7b,মакс খোলা ফাইল:,1.921
5465,Rope,bn,Bengali,qwen2.5-coder:7b,মাছি,0.836
5466,Printer Configuration,bn,Bengali,qwen2.5-coder:7b,প্রিন্টার সমন্বয়,2.217
5467,Forward Message,bn,Bengali,qwen2.5-coder:7b,ফরওয়ার্ড বায়োনেট,2.664
5468,Mobipocket thumbnailer,bn,Bengali,qwen2.5-coder:7b,মোবিপকেট থাউমেনের,2.506
5469,Light Speed,bn,Bengali,qwen2.5-coder:7b,আলোর গতি,1.403
5470,& Mean Removal,bn,Bengali,qwen2.5-coder:7b,& মূল্য বাদ সূচক,2.361
5471,Dr. Geo figure,bn,Bengali,qwen2.5-coder:7b,ডি.জিউ ফিগুর,1.92
5472,Group Header,bn,Bengali,qwen2.5-coder:7b,গুপ্তা শিরোমণ,1.985
5473,Quiz Settings,bn,Bengali,qwen2.5-coder:7b,কুইজ সেটিংস,1.719
5474,Syria,bn,Bengali,qwen2.5-coder:7b,সিয়া,1.1
5475,Last & Monday,bn,Bengali,qwen2.5-coder:7b,সর্বশেষ &মঙ্গলবার,2.182
5476,Page edge:,bn,Bengali,qwen2.5-coder:7b,পেজ বাঁশি:,1.478
5477,Satisfy:,bn,Bengali,qwen2.5-coder:7b,সুন্দর:,1.312
5478,Lighting,bn,Bengali,qwen2.5-coder:7b,লেটিং,0.975
5479,Draft Quality,bn,Bengali,qwen2.5-coder:7b,মূল্যায়ন শুরুক্ষা,2.907
5480,Similarity:,bn,Bengali,qwen2.5-coder:7b,সম্পর্ক:,1.39
5481,Fleet Overview,bn,Bengali,qwen2.5-coder:7b,ফ্লিট অ,1.222
5482,Mike's Printing Style,bn,Bengali,qwen2.5-coder:7b,মাইকের প্রিন্টিং শীল্প,3.112
5483,The Earth,bn,Bengali,qwen2.5-coder:7b,আপনি কীভাবে সাহায্য করতে চান?,3.849
5484,Identity name:,bn,Bengali,qwen2.5-coder:7b,আইডিটি নাম:,1.668
5485,Does not contain,bn,Bengali,qwen2.5-coder:7b,নেই,1.022
5486,Session time,bn,Bengali,qwen2.5-coder:7b,সেশনের সময়,1.683
5487,Deviation:,bn,Bengali,qwen2.5-coder:7b,বিদ্বান:,1.38
5488,Match,bn,Bengali,qwen2.5-coder:7b,সংশ্লিষ্ট,1.462
5489,Start date,bn,Bengali,qwen2.5-coder:7b,শুরুর তারিখ,1.778
5490,View Accounts,bn,Bengali,qwen2.5-coder:7b,আকাউন্ট দেখুন,1.945
5491,Old,bn,Bengali,qwen2.5-coder:7b,পুরোনো,1.329
5492,Ukrainian,bn,Bengali,qwen2.5-coder:7b,ইউকrainian,1.015
5493,Special filter rules:,bn,Bengali,qwen2.5-coder:7b,বিশেষ ফিল্টার নিয়ম:,2.686
5494,54 Points,bn,Bengali,qwen2.5-coder:7b,54 বিন্দু,1.579
5495,is between,bn,Bengali,qwen2.5-coder:7b,আঁকা মধ্যে,1.828
5496,Surface,bn,Bengali,qwen2.5-coder:7b,সطح,0.752
5497,Reference Point:,bn,Bengali,qwen2.5-coder:7b,রেফারেন্স বিন্দু:,2.384
5498,Favorite Icons,bn,Bengali,qwen2.5-coder:7b,প্রিয় আইকনসমূহ,2.286
5499,turnright,bn,Bengali,qwen2.5-coder:7b,ডানে ঘুমাও,1.646
5500,OpenPGP encryption key:,bn,Bengali,qwen2.5-coder:7b,OpenPGP অপেন করা কী:,2.343
5501,Device manager,bn,Bengali,qwen2.5-coder:7b,ডিভাইস ম্যানেজার,2.15
5502,Screenshot,bn,Bengali,qwen2.5-coder:7b,শ্রুন্য,1.264
5503,Image Options,bn,Bengali,qwen2.5-coder:7b,ছবির অপশনসমূহ,1.889
5504,Running Time,bn,Bengali,qwen2.5-coder:7b,চলমান সময়,1.636
5505,BarGraph,bn,Bengali,qwen2.5-coder:7b,বার গ্রাফ,1.395
5506,Month,bn,Bengali,qwen2.5-coder:7b,মাস,0.733
5507,Collaboration Diagram,bn,Bengali,qwen2.5-coder:7b,সম্পর্ক চিত্র,1.908
5508,Application Name,bn,Bengali,qwen2.5-coder:7b,অ্যাপ্লিকেশনের নাম,2.358
5509,Cache Policy,bn,Bengali,qwen2.5-coder:7b,ক্যাশ পলিসি,1.609
5510,Logfile:,bn,Bengali,qwen2.5-coder:7b,লগ ফাইল:,1.27
5511,Server port to use,bn,Bengali,qwen2.5-coder:7b,ব্যবহার করতে হবে সার্ভার পোর্ট,3.998
5512,"Update, Conflict",bn,Bengali,qwen2.5-coder:7b,"আপডেট, সম্পর্কিত",2.064
5513,& From,bn,Bengali,qwen2.5-coder:7b,& থেকে,1.112
5514,verb name,bn,Bengali,qwen2.5-coder:7b,কার্যের নাম,1.76
5515,Acceleration,bn,Bengali,qwen2.5-coder:7b,বিস্তার,1.145
5516,Thank you goes to:,bn,Bengali,qwen2.5-coder:7b,ধন্যবাদ যাচ্ছে:,2.216
5517,Task Manager,bn,Bengali,qwen2.5-coder:7b,টাস্ক ম্যানেজার,2.036
5518,ColourCorrection,bn,Bengali,qwen2.5-coder:7b,কোলর কর্কোশণ,1.931
5519,Sort direction:,bn,Bengali,qwen2.5-coder:7b,সор্ট দিকঠা:,1.717
5520,Accounting,bn,Bengali,qwen2.5-coder:7b,অ্যাকাউন্টিং,1.626
5521,Pitch,bn,Bengali,qwen2.5-coder:7b,প্রেম,0.905
5522,Device Selection,bn,Bengali,qwen2.5-coder:7b,ডিভাইস সিলেকশন,1.83
5523,SMB Device,bn,Bengali,qwen2.5-coder:7b,এমএসবি উстройство,1.5
5524,Configuration file:,bn,Bengali,qwen2.5-coder:7b,নстройка ফাইল:,1.365
5525,Tiles,bn,Bengali,qwen2.5-coder:7b,শিরোনাম,1.241
5526,%1 Address Book,bn,Bengali,qwen2.5-coder:7b,%1 ঠিকানা বই,1.732
5527,& No-click activation,bn,Bengali,qwen2.5-coder:7b,& ক্লিক বিনা সক্ষম,2.423
5528,Attachments,bn,Bengali,qwen2.5-coder:7b,অপরাধি,1.111
5529,Maximum rate of death,bn,Bengali,qwen2.5-coder:7b,মৃত্যুর সর্বোচ্চ দর,2.82
5530,Overview,bn,Bengali,qwen2.5-coder:7b,সমস্যা সম্পর্কে,2.019
5531,showPoints,bn,Bengali,qwen2.5-coder:7b,পয়েন্ট দেখাও,1.824
5532,Amazon (France),bn,Bengali,qwen2.5-coder:7b,আমাজন (ফ্রান্স),1.955
5533,Count,bn,Bengali,qwen2.5-coder:7b,কম্পিউটার সম্পর্কে বিশেষ জানা যায় না।,4.367
5534,Packaging Bug,bn,Bengali,qwen2.5-coder:7b,প্যাকেজিং বিস্তার,2.279
5535,Dispatched,bn,Bengali,qwen2.5-coder:7b,প্রকাশিত,1.521
5536,Play using:,bn,Bengali,qwen2.5-coder:7b,"প্লে করুন:""
(Play korun:)",2.143
5537,& User Certificate:,bn,Bengali,qwen2.5-coder:7b,& ব্যবহারকারী সাক্ষরতা:,2.93
5538,Clone Copy,bn,Bengali,qwen2.5-coder:7b,ক্লোন কপি,1.559
5539,Section Editor,bn,Bengali,qwen2.5-coder:7b,শেক্সন সম্পাদক,2.106
5540,Bar fall-rate:,bn,Bengali,qwen2.5-coder:7b,বার গেমের সময়ের সমাপ্তি:,3.107
5541,Irish (Ireland),bn,Bengali,qwen2.5-coder:7b,আইরিশ (ইরিল্যান্ড),2.306
5542,DOS file times,bn,Bengali,qwen2.5-coder:7b,DOS ফাইল সময়,1.915
5543,Saturation Weights,bn,Bengali,qwen2.5-coder:7b,স্বচ্ছতা বিশ্লেষণ,2.32
5544,& Single Player,bn,Bengali,qwen2.5-coder:7b,এক প্লেয়ার,1.821
5545,last. fm Profile,bn,Bengali,qwen2.5-coder:7b,লাস্ট. ফিএম প্রোফাইল,2.774
5546,Editing Options,bn,Bengali,qwen2.5-coder:7b,সম্পাদনা অপশনসমূহ,2.379
5547,Paragraph,bn,Bengali,qwen2.5-coder:7b,পারাগ্রাফ,1.353
5548,Aborted,bn,Bengali,qwen2.5-coder:7b,বন্ধ করা,1.274
5549,Color Schemes,bn,Bengali,qwen2.5-coder:7b,কোলর স্কিমস,1.688
5550,Daily,bn,Bengali,qwen2.5-coder:7b,দিনিকে,1.068
5551,Comic Strips,bn,Bengali,qwen2.5-coder:7b,কমিক স্ট্রিপস,1.873
5552,Tool,bn,Bengali,qwen2.5-coder:7b,ইнструমেন্ট,1.289
5553,Style Manager,bn,Bengali,qwen2.5-coder:7b,স্টাইল ম্যানেজার,2.07
5554,Salvage,bn,Bengali,qwen2.5-coder:7b,স্বাস্থ্য,1.451
5555,of Iyar,bn,Bengali,qwen2.5-coder:7b,আইয়ারের পর্যন্ত,2.271
5556,KDE Time tracker tool,bn,Bengali,qwen2.5-coder:7b,KDE সময় ট্র্যাকার টুল,3.015
5557,ipsec-tools (racoon),bn,Bengali,qwen2.5-coder:7b,ipsec-tools (racoon),1.363
5558,Medium Dark,bn,Bengali,qwen2.5-coder:7b,মধ্যম গভীর,1.555
5559,topic protection,bn,Bengali,qwen2.5-coder:7b,বিষয় বিরুদ্ধি,2.093
5560,Skipped %1.,bn,Bengali,qwen2.5-coder:7b,পাঠিয়ে দিলেন %1।,2.579
5561,Low Color (8 Bit),bn,Bengali,qwen2.5-coder:7b,লোক্স কোলর (৮ বিট),2.704
5562,& kde; User's Manual,bn,Bengali,qwen2.5-coder:7b,& kde; ব্যবহারকী বই,2.579
5563,Classified,bn,Bengali,qwen2.5-coder:7b,ক্লাসিফিকেশন,1.766
5564,Stroke Properties,bn,Bengali,qwen2.5-coder:7b,ক্রমক বৈশিষ্ট্য,2.145
5565,Set Point 1,bn,Bengali,qwen2.5-coder:7b,সেট বিন্দু ১,2.037
5566,Ice Pellets,bn,Bengali,qwen2.5-coder:7b,আরোপিত পানি,1.742
5567,Capture/ Uncapture %1,bn,Bengali,qwen2.5-coder:7b,সংগ্রহ করুন/ সংগ্রহ বন্ধ করুন %1,4.475
5568,No Border,bn,Bengali,qwen2.5-coder:7b,নিশ্চিত সূচক,1.812
5569,& City:,bn,Bengali,qwen2.5-coder:7b,& শহর:,1.087
5570,Icon Finder,bn,Bengali,qwen2.5-coder:7b,আইকন খুঁজো,1.825
5571,Picture Shape,bn,Bengali,qwen2.5-coder:7b,ছবির আকার,1.387
5572,Print Index,bn,Bengali,qwen2.5-coder:7b,প্রিন্ট ইন্ডেক্স,2.016
5573,Core Speed (MHz),bn,Bengali,qwen2.5-coder:7b,কেরো স্পিড (মিগারাইজ),2.762
5574,Not Tagged,bn,Bengali,qwen2.5-coder:7b,নেই ট্যাগ,1.466
5575,Width (pixels):,bn,Bengali,qwen2.5-coder:7b,প্রস্থ (পিক্সেল):,2.077
5576,Transformation Mask Settings,bn,Bengali,qwen2.5-coder:7b,সৃষ্টি ম্যাস্ক সেটিংস,2.664
5577,Lithuania,bn,Bengali,qwen2.5-coder:7b,লিথুয়ানিয়া,2.087
5578,Layout,bn,Bengali,qwen2.5-coder:7b,আকার,0.852
5579,Adjust,bn,Bengali,qwen2.5-coder:7b,সম্পাদনা,1.263
5580,HTTP Request:,bn,Bengali,qwen2.5-coder:7b,HTTP অনুরোধ:,1.616
5581,No Source,bn,Bengali,qwen2.5-coder:7b,কোনো উৎস,1.49
5582,Networktransparency via KIO.,bn,Bengali,qwen2.5-coder:7b,নেটওয়ার্ক সুন্দরতা দিয়ে KIO।,3.767
5583,User 2 (USR2),bn,Bengali,qwen2.5-coder:7b,ইউজার ২ (USR2),1.836
5584,b{w} Alignment,bn,Bengali,qwen2.5-coder:7b,ব{w} সালিগ্রাম,1.995
5585,Cut-off radius:,bn,Bengali,qwen2.5-coder:7b,কাটা তলা:,1.429
5586,Toolbar folder:,bn,Bengali,qwen2.5-coder:7b,টুলবার ফোল্ডার:,2.21
5587,Twice yearly,bn,Bengali,qwen2.5-coder:7b,সাপ্তাহিক,1.447
5588,1 Year,bn,Bengali,qwen2.5-coder:7b,১ বছর,1.085
5589,Focal length (mm):,bn,Bengali,qwen2.5-coder:7b,ফোকাল দৈর্ঘ্য (মিটার):,2.855
5590,attachment. %1,bn,Bengali,qwen2.5-coder:7b,অ্যাচ্যামেন্ট। %1,2.285
5591,3D Graphs,bn,Bengali,qwen2.5-coder:7b,৩D গ্রাফস,1.542
5592,Activities,bn,Bengali,qwen2.5-coder:7b,ক্রিয়ামান্যতা,2.075
5593,Zoom Function,bn,Bengali,qwen2.5-coder:7b,বুঝানো ফাংশন,2.055
5594,Fixed,bn,Bengali,qwen2.5-coder:7b,সমাধান,1.058
5595,Freezing,bn,Bengali,qwen2.5-coder:7b,আঁচাইয়া,1.531
5596,Top left:,bn,Bengali,qwen2.5-coder:7b,উপরে বামে:,1.456
5597,Overclocking,bn,Bengali,qwen2.5-coder:7b,অ্যাউটক্লকিং,1.708
5598,Printing Mode,bn,Bengali,qwen2.5-coder:7b,প্রিন্টিং মোড,1.925
5599,June Solstice,bn,Bengali,qwen2.5-coder:7b,জুন সোলসিস্টেম,2.188
5600,Detailed,bn,Bengali,qwen2.5-coder:7b,বিস্তারিত,1.357
5601,SoftBodySpring,bn,Bengali,qwen2.5-coder:7b,সফটবডি স্পীন,1.859
5602,& kmid; is a midi/ karaoke multimedia player,bn,Bengali,qwen2.5-coder:7b,& kmid; একটি MIDI/কারোকে মул্যবান মিডিয়া প্লেয়ার,5.632
5603,Engine name:,bn,Bengali,qwen2.5-coder:7b,এক্সেজ নাম:,1.619
5604,Tenses,bn,Bengali,qwen2.5-coder:7b,সময়সূচক,1.476
5605,Video Size:,bn,Bengali,qwen2.5-coder:7b,ভিডিও আকার:,1.627
5606,Metalink download,bn,Bengali,qwen2.5-coder:7b,মেটালিন্ক ডাউনলোড,2.343
5607,Preferred Scale,bn,Bengali,qwen2.5-coder:7b,পছন্দিত স্কেল,1.784
5608,ASCII extensions,bn,Bengali,qwen2.5-coder:7b,ASCII অক্ষরাংশ,1.456
5609,Created: %1,bn,Bengali,qwen2.5-coder:7b,তৈय়ার করা: %1,2.243
5610,& Share,bn,Bengali,qwen2.5-coder:7b,& শেয়ার,1.432
5611,Hungarian (hu),bn,Bengali,qwen2.5-coder:7b,হাঙ্গেরিয়ান (hu),2.245
5612,Action,bn,Bengali,qwen2.5-coder:7b,অ্যাকশন,1.153
5613,Printer warning,bn,Bengali,qwen2.5-coder:7b,প্রিন্টার অনুমোদন,2.328
5614,& Read access,bn,Bengali,qwen2.5-coder:7b,& পড়ার অনুমতি,2.198
5615,Output & file:,bn,Bengali,qwen2.5-coder:7b,আউটপুট এবং ফাইল:,2.341
5616,Fine-Structure Constant,bn,Bengali,qwen2.5-coder:7b,কার্যক্ষেত্রের স্থানিক স্থানান্ত্রিকতা,4.569
5617,Link Quality,bn,Bengali,qwen2.5-coder:7b,লিঙ্ক গুল্পি,1.8
5618,Setswana Tswana (South Africa),bn,Bengali,qwen2.5-coder:7b,সেট్স్వానా ట్స్వానా (అంగ్లిష్),5.332
5619,Angular velocity,bn,Bengali,qwen2.5-coder:7b,অ্যাঙ্গুলার বেলিটি,2.461
5620,Characters,bn,Bengali,qwen2.5-coder:7b,কোনোটি,1.223
5621,Color Picker,bn,Bengali,qwen2.5-coder:7b,কোলর পিকার,1.52
5622,RPC: Modern operating systems,bn,Bengali,qwen2.5-coder:7b,RPC: মুদ্রা ব্যবস্থা,2.554
5623,Printer driver,bn,Bengali,qwen2.5-coder:7b,প্রিন্টার ড্রাইভার,2.366
5624,contains / does not contain,bn,Bengali,qwen2.5-coder:7b,আমাদের সম্পর্কে / আমাদের সম্পর্কে নেই,4.438
5625,Previews:,bn,Bengali,qwen2.5-coder:7b,প্রোভাইভাইস:,1.826
5626,Creation Time,bn,Bengali,qwen2.5-coder:7b,সৃষ্টির সময়,1.866
5627,Drangajökull Glacier,bn,Bengali,qwen2.5-coder:7b,ড্রাঙজোকুল গ্লাসারিয়ার,3.213
5628,Particles,bn,Bengali,qwen2.5-coder:7b,পার্টিকেলস,1.439
5629,User 1 (USR1),bn,Bengali,qwen2.5-coder:7b,ব্যবহারকারী ১ (USR1),2.58
5630,Step size,bn,Bengali,qwen2.5-coder:7b,পরিবর্তন অংশ,1.819
5631,State Transition,bn,Bengali,qwen2.5-coder:7b,রূপান্তর,1.398
5632,& Sample rate,bn,Bengali,qwen2.5-coder:7b,& স্যাম্পল দর,1.891
5633,Spanish (Ecuador),bn,Bengali,qwen2.5-coder:7b,স্পেনীয়া (ইকুয়াডুরো),3.405
5634,Critical,bn,Bengali,qwen2.5-coder:7b,কার্যক্ষম,1.317
5635,Uses,bn,Bengali,qwen2.5-coder:7b,ব্যবহার,1.326
5636,& Yearly,bn,Bengali,qwen2.5-coder:7b,& বছরে,1.163
5637,Deleting %1.,bn,Bengali,qwen2.5-coder:7b,মুছে দিয়েছি %1।,2.53
5638,White space handling,bn,Bengali,qwen2.5-coder:7b,সামান্য স্পেস সম্পর্কে,2.739
5639,(None),bn,Bengali,qwen2.5-coder:7b,(কোনোটি),1.524
5640,Camera Views,bn,Bengali,qwen2.5-coder:7b,ক্যামেরা দিকগুলি,2.274
5641,Articles,bn,Bengali,qwen2.5-coder:7b,আর্টিকেলস,1.375
5642,& Weather,bn,Bengali,qwen2.5-coder:7b,& বায়ু,1.411
5643,User Actions,bn,Bengali,qwen2.5-coder:7b,ব্যবহারকরী অপশনসমূহ,2.603
5644,Character Encodings,bn,Bengali,qwen2.5-coder:7b,ক্যারেক্টার অক্ষরাংশ,2.567
5645,Directory %1 does not exist.,bn,Bengali,qwen2.5-coder:7b,ডিরেক্টরি %1 অস্থায়ী।,3.25
5646,Balance Sheet,bn,Bengali,qwen2.5-coder:7b,ব্যালেন্স সিখিতা,2.128
5647,of Tishrey,bn,Bengali,qwen2.5-coder:7b,তিশ্রেya এর অংশে,2.212
5648,Zoom to Fit,bn,Bengali,qwen2.5-coder:7b,সম্পূর্ণ দৃশ্য দেখাও,2.855
5649,contains,bn,Bengali,qwen2.5-coder:7b,আমাদের সাথে থাকে,2.137
5650,xsldbg Output,bn,Bengali,qwen2.5-coder:7b,এক্সএসএলএডিব আউটপুট,2.575
5651,Operation signature,bn,Bengali,qwen2.5-coder:7b,অপেレーション সাইgnাচার,1.85
5652,Destination Preview,bn,Bengali,qwen2.5-coder:7b,লক্ষ্য প্রাকরিষ্টক,2.588
5653,Underlined,bn,Bengali,qwen2.5-coder:7b,আঁকা,1.018
5654,Reply,bn,Bengali,qwen2.5-coder:7b,উত্তর দিন,1.352
5655,Target & file:,bn,Bengali,qwen2.5-coder:7b,মূল্যাংশ & ফাইল:,2.292
5656,Background color:,bn,Bengali,qwen2.5-coder:7b,পেট্রি রং:,1.678
5657,& Close Tab,bn,Bengali,qwen2.5-coder:7b,& ট্যাব বন্ধ করুন,2.371
5658,Arcade bombing game,bn,Bengali,qwen2.5-coder:7b,অ্যার্কেড ব্যাংকিং গেম,2.798
5659,total:,bn,Bengali,qwen2.5-coder:7b,মোট:,0.974
5660,Call Stack,bn,Bengali,qwen2.5-coder:7b,কল স্ট্যাক,1.509
5661,Print Preview...,bn,Bengali,qwen2.5-coder:7b,"প্রিন্ট প্রিভিয়ার...""
(Translation: ""প্রিন্ট প্রিভিয়ার..."" - ""Print Preview..."" in Bengali)",6.065
5662,Velocity Y:,bn,Bengali,qwen2.5-coder:7b,গতি Y:,0.985
5663,Up:,bn,Bengali,qwen2.5-coder:7b,আপ:,0.737
5664,Screen Capture Program,bn,Bengali,qwen2.5-coder:7b,স্ক্রিন ক্যাপচার প্রোগ্রাম,3.189
5665,"Template related: templates, where, frame",bn,Bengali,qwen2.5-coder:7b,"টেমপ্লেট সম্পর্কিত: টেমপ্লেট, যেখানে, ফ্রেম",5.09
5666,Slide Tabs,bn,Bengali,qwen2.5-coder:7b,স্লাইড টেবস,1.66
5667,Players' Colors,bn,Bengali,qwen2.5-coder:7b,খেলোয়াদের রংসা,2.371
5668,Feather:,bn,Bengali,qwen2.5-coder:7b,ফেথার:,1.13
5669,Size Slash,bn,Bengali,qwen2.5-coder:7b,আকার বিভাজন,1.649
5670,Column Detection,bn,Bengali,qwen2.5-coder:7b,কলোম সন্ধান,1.726
5671,Delete A,bn,Bengali,qwen2.5-coder:7b,ডিলিট একটি,1.64
5672,Certificate Selection,bn,Bengali,qwen2.5-coder:7b,স্বাক্ষরণ নির্বাচন,2.263
5673,Javascript Applet,bn,Bengali,qwen2.5-coder:7b,JavaScript অ্যাপ্লিট,1.622
5674,Recorder,bn,Bengali,qwen2.5-coder:7b,রেকর্ডার,1.302
5675,Pigment List,bn,Bengali,qwen2.5-coder:7b,পাইমেন্ট তালিকা,2.097
5676,Collection & type:,bn,Bengali,qwen2.5-coder:7b,সংগ্রহ এবং ধরনি:,2.587
5677,Night Vision,bn,Bengali,qwen2.5-coder:7b,নক্ষত্র দৃষ্টি,1.985
5678,Sound file:,bn,Bengali,qwen2.5-coder:7b,শব্দ ফাইল:,1.505
5679,& First Hole,bn,Bengali,qwen2.5-coder:7b,& প্রথম খালি,1.758
5680,Mountpoint,bn,Bengali,qwen2.5-coder:7b,মাউন্টপয়েন্ট,1.987
5681,Announcing,bn,Bengali,qwen2.5-coder:7b,আমার সামনে,1.492
5682,Skip %1s Forward,bn,Bengali,qwen2.5-coder:7b,পরের %1s পাঠিয়ে পারেন,2.94
5683,& Channel,bn,Bengali,qwen2.5-coder:7b,& চ্যানেল,1.398
5684,measureRectSize,bn,Bengali,qwen2.5-coder:7b,মাপ আকার,1.372
5685,Network Transmission,bn,Bengali,qwen2.5-coder:7b,নেটওয়ার্ক অন্তর্ভুক্তি,3.046
5686,Purest green,bn,Bengali,qwen2.5-coder:7b,পূর্ণ গুলি,1.771
5687,Server files:,bn,Bengali,qwen2.5-coder:7b,সার্ভার ফাইলগুলি:,2.327
5688,Unimportant,bn,Bengali,qwen2.5-coder:7b,অপরিমাণ,1.158
5689,Log Output,bn,Bengali,qwen2.5-coder:7b,লগ আউট,1.039
5690,Size Backslash,bn,Bengali,qwen2.5-coder:7b,আকার ব্যাস,1.469
5691,Using & dolphin;,bn,Bengali,qwen2.5-coder:7b,একটি &ডোল্ফিন;,2.116
5692,Create,bn,Bengali,qwen2.5-coder:7b,নির্মাণ করুন,1.976
5693,RoyalBlue4,bn,Bengali,qwen2.5-coder:7b,রাজালাল ব্লু ৪,2.15
5694,String & Macros...,bn,Bengali,qwen2.5-coder:7b,স্ট্রিং এবং ম্যাক্রোস...,2.925
5695,Abbreviated,bn,Bengali,qwen2.5-coder:7b,ক্ষারীকৃত,1.665
5696,Non-photorealistic,bn,Bengali,qwen2.5-coder:7b,নেকি প্রেমিকা,1.933
5697,Cursor & & Selection,bn,Bengali,qwen2.5-coder:7b,কার্সর এবং সিলেকশন,2.543
5698,As on & Monitor,bn,Bengali,qwen2.5-coder:7b,এখন & অনুমোদন,2.024
5699,KDE DocBook Lists,bn,Bengali,qwen2.5-coder:7b,KDE ডকবুক লিস্টস,2.251
5700,Monitoring I/ O for %1 (%2),bn,Bengali,qwen2.5-coder:7b,I/ O মনোনোনোত্ব পরীক্ষা %1 (%2),4.036
5701,Head Case,bn,Bengali,qwen2.5-coder:7b,হেড কেস,1.18
5702,& Timestamp:,bn,Bengali,qwen2.5-coder:7b,& সময়স্থান:,1.868
5703,DVD chapters pattern,bn,Bengali,qwen2.5-coder:7b,DVD অধ্যায় প্যাট্টার্ন,2.829
5704,Carousel,bn,Bengali,qwen2.5-coder:7b,কারোসুল,1.339
5705,Bass note,bn,Bengali,qwen2.5-coder:7b,ব্যাস নোট,1.48
5706,Scripted HTML,bn,Bengali,qwen2.5-coder:7b,স্ক্রিপ্টিত এমএইচটিএম,2.649
5707,Options,bn,Bengali,qwen2.5-coder:7b,বিকল্প,1.194
5708,Seek,bn,Bengali,qwen2.5-coder:7b,অনুসন্ধান,1.504
5709,GPG encryption activated,bn,Bengali,qwen2.5-coder:7b,GPG অপশন সক্রিয়া করা হয়েছে,3.56
5710,Red Eye,bn,Bengali,qwen2.5-coder:7b,রোজা আকাশ,1.495
5711,No operation (wml),bn,Bengali,qwen2.5-coder:7b,কোনো অপেরেশন (wml),2.431
5712,Hungarian Forint,bn,Bengali,qwen2.5-coder:7b,হাঙ্গেরিয়ান ফরিংট,2.414
5713,Section Author,bn,Bengali,qwen2.5-coder:7b,শেখ অ্যাথর,1.744
5714,Certificate ID,bn,Bengali,qwen2.5-coder:7b,স্বাক্ষরণ আইডি,1.924
5715,DVD Player,bn,Bengali,qwen2.5-coder:7b,DVD প্লেয়ার,1.553
5716,Minimum blink dwell time,bn,Bengali,qwen2.5-coder:7b,মিনিমাম ব্লিন্ক দুর্দশা,2.984
5717,Column Width,bn,Bengali,qwen2.5-coder:7b,কলোম প্রস্থ,1.729
5718,Current Layer,bn,Bengali,qwen2.5-coder:7b,সর্বশেষ ক্ষেত্র,2.056
5719,of R. Thaani,bn,Bengali,qwen2.5-coder:7b,র. থানির অংশে,2.036
5720,& Run Script...,bn,Bengali,qwen2.5-coder:7b,& স্ক্রিপ্ট চালাও...,2.286
5721,Animation tool,bn,Bengali,qwen2.5-coder:7b,অ্যানিমেশন টুল,2.1
5722,New folder:,bn,Bengali,qwen2.5-coder:7b,নতুন ফোল্ডার:,1.967
5723,Birthday,bn,Bengali,qwen2.5-coder:7b,জন্মদিন,1.185
5724,"Letter, upper case",bn,Bengali,qwen2.5-coder:7b,"অক্ষর, উচ্চারণ",2.033
5725,Download Order,bn,Bengali,qwen2.5-coder:7b,অর্ডার ডাউনলোড,1.955
5726,Four-color CMYK,bn,Bengali,qwen2.5-coder:7b,চার রঙ কম্পোজিট ম্যাথেমেটিক্স (CMYK),4.266
5727,Managed by:,bn,Bengali,qwen2.5-coder:7b,ম্যানেজ করা যায় আছে:,2.768
5728,Spookiness,bn,Bengali,qwen2.5-coder:7b,বোঝানো পরিমাণ,2.267
5729,& Suffix:,bn,Bengali,qwen2.5-coder:7b,& সাথে:,1.291
5730,Akonadi Configuration,bn,Bengali,qwen2.5-coder:7b,আকোনাদি সমন্বয়,2.357
5731,Connection Name:,bn,Bengali,qwen2.5-coder:7b,সংযোগের নাম:,1.976
5732,Image Contrast,bn,Bengali,qwen2.5-coder:7b,চিত্রের স্পর্ধা,2.018
5733,French (Monaco),bn,Bengali,qwen2.5-coder:7b,ফ্রান্সি (মোন্কো),2.333
5734,Bosnia And Herzegovina,bn,Bengali,qwen2.5-coder:7b,বাস্তাইন এবং হার্জেগোভিনা,3.542
5735,Intensity Rendering,bn,Bengali,qwen2.5-coder:7b,আংশিক প্রকাশ প্রকাশণ,2.723
5736,Apple QuickDraw Picture,bn,Bengali,qwen2.5-coder:7b,আপলে স্কিট চিত্র,2.103
5737,Click to open %1,bn,Bengali,qwen2.5-coder:7b,ক্লিক করুন তুলনা করুন %1,3.499
5738,Entity Attributes Settings,bn,Bengali,qwen2.5-coder:7b,এন্টিটি অ্যাট্রিবিট সেটিংস,3.017
5739,Enabled Burnfree,bn,Bengali,qwen2.5-coder:7b,ইন্টিগ্রেট বার্নফ্রি,2.471
5740,Resolved,bn,Bengali,qwen2.5-coder:7b,সমাধান পেয়েছে,1.896
5741,Authentication Method,bn,Bengali,qwen2.5-coder:7b,অনুমোদন পদ্ধতি,2.143
5742,Signature file:,bn,Bengali,qwen2.5-coder:7b,সIGNATURE ফাইল:,1.405
5743,turn on,bn,Bengali,qwen2.5-coder:7b,অ্যাক্টিব করুন,2.044
5744,Sound information,bn,Bengali,qwen2.5-coder:7b,শব্দ তথ্য,1.411
5745,32-bit Words,bn,Bengali,qwen2.5-coder:7b,৩২-বিট শব্দ,1.9
5746,Search with,bn,Bengali,qwen2.5-coder:7b,খুঁজুন সাথে,2.095
5747,Volume Control Settings,bn,Bengali,qwen2.5-coder:7b,শব্দ নিয়ন্ত্রণ সেটিংস,2.774
5748,Creating Accounts,bn,Bengali,qwen2.5-coder:7b,অ্যাকাউন্ট তৈরি করা,2.551
5749,Color space,bn,Bengali,qwen2.5-coder:7b,কোলর স্পেস,1.595
5750,penwidth (pw),bn,Bengali,qwen2.5-coder:7b,পেন ভিত্তি (pw),1.881
5751,Independent document,bn,Bengali,qwen2.5-coder:7b,অন্যত্ব দক্ষিণ পত্র,2.315
5752,Keyboard layout:,bn,Bengali,qwen2.5-coder:7b,কীবোর্ড আলাদাপূর্ণন:,2.88
5753,C7 by C6,bn,Bengali,qwen2.5-coder:7b,C7 দ্বারা C6,1.782
5754,View forward,bn,Bengali,qwen2.5-coder:7b,পৌছাইয়ে দেখুন,2.147
5755,& Function:,bn,Bengali,qwen2.5-coder:7b,& ফাংশন:,1.333
5756,speed2 gamma,bn,Bengali,qwen2.5-coder:7b,স্পিড 2 গ্যাম্মা,2.2
5757,Use as Is,bn,Bengali,qwen2.5-coder:7b,ইনি ব্যবহার করুন,2.326
5758,Download Toolbar,bn,Bengali,qwen2.5-coder:7b,ডাউনলোড টুলবার,2.023
5759,"SystemID ""%1"" maps to: ""%2""",bn,Bengali,qwen2.5-coder:7b,"সистем আইডি ""%1"" যোগাযোগ করে: ""%2",3.738
5760,Rename Unit,bn,Bengali,qwen2.5-coder:7b,একক পরিবর্তন করুন,2.325
5761,Signature File,bn,Bengali,qwen2.5-coder:7b,সIGNATURE ফাইল,1.406
5762,The Mask,bn,Bengali,qwen2.5-coder:7b,মাস্ক,0.997
5763,Thrust,bn,Bengali,qwen2.5-coder:7b,থrust,0.72
5764,Gold/ Treasure,bn,Bengali,qwen2.5-coder:7b,রূপাংশ/সুন্দরতা,2.448
5765,World,bn,Bengali,qwen2.5-coder:7b,আলাম,0.952
5766,Male Child,bn,Bengali,qwen2.5-coder:7b,ছায়াবাস,1.493
5767,Netmasks:,bn,Bengali,qwen2.5-coder:7b,নেটম্যাস্কস:,1.711
5768,ST-30 Bulk Stacker,bn,Bengali,qwen2.5-coder:7b,"ST-30 বাংলায়ে অনুবাদ করা হয়েছে: ""ST-30 বাংলায়ে অনুবাদ করা হয়েছে",8.106
5769,Attachment,bn,Bengali,qwen2.5-coder:7b,অ্যাচ্যামেন্ট,1.79
5770,newsreader,bn,Bengali,qwen2.5-coder:7b,নিউজ পাঠক,1.406
5771,Zoom to & 200%,bn,Bengali,qwen2.5-coder:7b,200% বেছি বড়াই,2.498
5772,CD Player,bn,Bengali,qwen2.5-coder:7b,CD প্লেয়ার,1.619
5773,& Finish,bn,Bengali,qwen2.5-coder:7b,& শেষ,1.002
5774,Egyptian,bn,Bengali,qwen2.5-coder:7b,ইংরেজি,1.283
5775,Gravitation constant,bn,Bengali,qwen2.5-coder:7b,গ্রাভিটেশন সহগ,2.01
5776,Rules of the Game,bn,Bengali,qwen2.5-coder:7b,গেমের নিয়ম,1.838
5777,Convolution Filters,bn,Bengali,qwen2.5-coder:7b,কনভোলিশ ফিল্টারস,2.301
5778,Payee%1,bn,Bengali,qwen2.5-coder:7b,পেয়ার %1,1.496
5779,Ð (#208;) Capital eth,bn,Bengali,qwen2.5-coder:7b,ক্যাপিটাল ইথ (২০৮),2.76
5780,overdue,bn,Bengali,qwen2.5-coder:7b,অপরিবেশিত,1.466
5781,Car Phone,bn,Bengali,qwen2.5-coder:7b,কার ফোন,1.292
5782,Supports Burnfree:,bn,Bengali,qwen2.5-coder:7b,ব্যার্নফ্রি সমর্থন:,2.618
5783,Plugin Configuration,bn,Bengali,qwen2.5-coder:7b,প্লাগইন সমন্বয়,2.069
5784,Farm,bn,Bengali,qwen2.5-coder:7b,কৃষি প্রতিষ্ঠা,2.052
5785,& Protected,bn,Bengali,qwen2.5-coder:7b,& সুরক্ষিত,1.632
5786,Vert. Policy,bn,Bengali,qwen2.5-coder:7b,ভাবিষ্য নিয়ম,2.004
5787,Character set:,bn,Bengali,qwen2.5-coder:7b,ক্যারেক্টার সেট:,2.18
5788,Project Toolbar,bn,Bengali,qwen2.5-coder:7b,প্রকল্প টুলবার,2.024
5789,Print.,bn,Bengali,qwen2.5-coder:7b,প্রিন্ট।,1.271
5790,Settings Champion Speed,bn,Bengali,qwen2.5-coder:7b,সেটিংস চ্যাম্পিয়ন স্পিড,3.116
5791,& Shape Layer,bn,Bengali,qwen2.5-coder:7b,& আকৃতি ক্ষেত্র,2.084
5792,Job priority:,bn,Bengali,qwen2.5-coder:7b,কাজের অগ্রিমতি:,2.065
5793,& Multiplication,bn,Bengali,qwen2.5-coder:7b,& গুন,1.109
5794,& Network:,bn,Bengali,qwen2.5-coder:7b,& নেটওয়ার্ক:,1.762
5795,Glossy,bn,Bengali,qwen2.5-coder:7b,স্বপ্নীয়,1.669
5796,Prefetchable,bn,Bengali,qwen2.5-coder:7b,প্রেফেচ্যাবল,1.753
5797,Particle,bn,Bengali,qwen2.5-coder:7b,পার্টিকেল,1.381
5798,Using & kjots;,bn,Bengali,qwen2.5-coder:7b,ব্যবহার করুন & kjots;,2.432
5799,On Click,bn,Bengali,qwen2.5-coder:7b,ক্লিক করলে,1.476
5800,& Order,bn,Bengali,qwen2.5-coder:7b,&অর্ডার,1.171
5801,Add object:,bn,Bengali,qwen2.5-coder:7b,বস্তু যোগ করুন:,2.404
5802,Run Tests...,bn,Bengali,qwen2.5-coder:7b,সকল টেস্ট চালানো...,2.5
5803,Description,bn,Bengali,qwen2.5-coder:7b,বিবরণ,0.935
5804,The type of data,bn,Bengali,qwen2.5-coder:7b,তথ্যের ধরনি,1.848
5805,new_category,bn,Bengali,qwen2.5-coder:7b,নতুন বিভাগ,1.632
5806,Pitch (in Hz),bn,Bengali,qwen2.5-coder:7b,পিচ (এই হ্যাশি),2.111
5807,Delete Index,bn,Bengali,qwen2.5-coder:7b,ডিলিট ইনডেক্স,2.092
5808,Translation Memories,bn,Bengali,qwen2.5-coder:7b,অনুবাদ মনোযোগ,2.102
5809,Estonian kroon,bn,Bengali,qwen2.5-coder:7b,এস্টোনিয়ান ক্রোন,2.699
5810,Great,bn,Bengali,qwen2.5-coder:7b,আমার দোকানে আপনার পণ্য আছে।,3.418
5811,3D Shadow & Effects,bn,Bengali,qwen2.5-coder:7b,3D শেডোবাস্তু এবং প্রভাব,3.389
5812,Artwork,bn,Bengali,qwen2.5-coder:7b,কার্যকরা,1.34
5813,French (Canada),bn,Bengali,qwen2.5-coder:7b,ফ্রান্স (কানাডা),2.049
5814,& Movement,bn,Bengali,qwen2.5-coder:7b,& আন্তর্জাতিক,1.878
5815,Comparison Training,bn,Bengali,qwen2.5-coder:7b,মূল্যায়োগ ট্রেনিং,2.7
5816,Window Actions,bn,Bengali,qwen2.5-coder:7b,জেনারেট করুন,2.067
5817,& Outgoing,bn,Bengali,qwen2.5-coder:7b,& আসার পথ,1.384
5818,Creation time,bn,Bengali,qwen2.5-coder:7b,সৃষ্টির সময়,1.844
5819,& Remember,bn,Bengali,qwen2.5-coder:7b,& মনে রাখো,1.532
5820,Shear factor,bn,Bengali,qwen2.5-coder:7b,শেয়ার ফ্যাক্টর,2.197
5821,Default Working Folder,bn,Bengali,qwen2.5-coder:7b,ডিফল্ট কাজ ফোল্ডার,2.424
5822,Corrupt file?,bn,Bengali,qwen2.5-coder:7b,কানোনীয় ফাইল?,2.276
5823,Do Not Load,bn,Bengali,qwen2.5-coder:7b,নিয়ন্ত্রণ করুন,2.278
5824,Ice Crystals,bn,Bengali,qwen2.5-coder:7b,আরোপ গুলি,1.652
5825,Location,bn,Bengali,qwen2.5-coder:7b,অবস্থা,1.034
5826,Half,bn,Bengali,qwen2.5-coder:7b,হ্যাফ,0.905
5827,Approximate,bn,Bengali,qwen2.5-coder:7b,আপ্রকারিত,1.404
5828,Cell Background,bn,Bengali,qwen2.5-coder:7b,কлетকে ব্যাকগ্রাউন্ড,2.316
5829,Radical Selector,bn,Bengali,qwen2.5-coder:7b,রেডিকাল সিলেক্টর,2.193
5830,Diagram Appearance,bn,Bengali,qwen2.5-coder:7b,চিত্রের দেখার পরিবর্তন,2.782
5831,Zoom in (x 12),bn,Bengali,qwen2.5-coder:7b,বৃদ্ধি করুন (x 12),2.786
5832,Puzzle pieces,bn,Bengali,qwen2.5-coder:7b,পাইজিল টুকরোগুলি,2.505
5833,& Version:,bn,Bengali,qwen2.5-coder:7b,& সংস্কৃতি:,1.829
5834,Code Improvements,bn,Bengali,qwen2.5-coder:7b,কোড সুন্দরীকরণ,2.312
5835,3D & Graph,bn,Bengali,qwen2.5-coder:7b,৩ডি এবং গ্রাফ,2.039
5836,Bookmarks,bn,Bengali,qwen2.5-coder:7b,মনোযোগ,1.319
5837,Rotation Y:,bn,Bengali,qwen2.5-coder:7b,রূপান্তর Y:,1.612
5838,Run Options,bn,Bengali,qwen2.5-coder:7b,অপশন চালানো,1.692
5839,Wave speed,bn,Bengali,qwen2.5-coder:7b,আরোহণ গতি,1.458
5840,Tools Spelling...,bn,Bengali,qwen2.5-coder:7b,টুলস স্প্লিংগ...,1.999
5841,Logging Out,bn,Bengali,qwen2.5-coder:7b,লগ আউট,1.119
5842,Crosshairs,bn,Bengali,qwen2.5-coder:7b,ক্রসহাইর,1.27
5843,Appearence,bn,Bengali,qwen2.5-coder:7b,আপন্নতি,1.128
5844,Advanced Settings:,bn,Bengali,qwen2.5-coder:7b,অগ্রসর সেটিংসঃ,1.961
5845,& Level,bn,Bengali,qwen2.5-coder:7b,& স্তর,1.112
5846,SMS Memory Slots,bn,Bengali,qwen2.5-coder:7b,এসএমএস মেমরি স্লটস,2.442
5847,SS C Style,bn,Bengali,qwen2.5-coder:7b,SS C স্টাইল,1.663
5848,Go Forward,bn,Bengali,qwen2.5-coder:7b,পরে যাও,1.165
5849,usage,bn,Bengali,qwen2.5-coder:7b,ব্যবহার,1.115
5850,Data scale,bn,Bengali,qwen2.5-coder:7b,ডেটা স্কেল,1.512
5851,***current***,bn,Bengali,qwen2.5-coder:7b,এই সময়,1.301
5852,Run in Konsole,bn,Bengali,qwen2.5-coder:7b,কনসোলে চালাও,1.829
5853,Function & 8:,bn,Bengali,qwen2.5-coder:7b,ফাংশন & ৮:,1.605
5854,Bitwise OR,bn,Bengali,qwen2.5-coder:7b,বিট অর,1.119
5855,& Server List...,bn,Bengali,qwen2.5-coder:7b,& সার্ভার তালিকা...,2.243
5856,The Validators,bn,Bengali,qwen2.5-coder:7b,মূল্যাংশ প্রতিশ্রুতি,2.817
5857,Partition Manager,bn,Bengali,qwen2.5-coder:7b,ভাগ সম্পাদক,1.637
5858,Company,bn,Bengali,qwen2.5-coder:7b,কৃত্রিম,1.261
5859,BookMan II,bn,Bengali,qwen2.5-coder:7b,বইম্যান দ্বিতীয়,2.407
5860,Photo Management Program,bn,Bengali,qwen2.5-coder:7b,ফটো ম্যানেজমেন্ট প্রোগ্রাম,3.432
5861,CUPS Configuration Error,bn,Bengali,qwen2.5-coder:7b,কুপস সমস্যা,1.783
5862,Constellation lines,bn,Bengali,qwen2.5-coder:7b,কনস্ট্যালশন লাইনস,2.288
5863,System Administration,bn,Bengali,qwen2.5-coder:7b,সистем অ্যাডমিনিস্ট্রেশন,2.534
5864,& Actions,bn,Bengali,qwen2.5-coder:7b,এক্সেশনস,1.307
5865,Title Change,bn,Bengali,qwen2.5-coder:7b,শিরোনাম পরিবর্তন,2.285
5866,prices,bn,Bengali,qwen2.5-coder:7b,মূল্য,1.073
5867,US Letter (Small),bn,Bengali,qwen2.5-coder:7b,US লেটার (ছোট),1.82
5868,Shape definition,bn,Bengali,qwen2.5-coder:7b,ক্ষেত্র সংজ্ঞা,1.903
5869,Sequence number,bn,Bengali,qwen2.5-coder:7b,সিরিজ সংখ্যা,1.794
5870,Color Settings,bn,Bengali,qwen2.5-coder:7b,কোলর সেটিংস,1.699
5871,"Copyright 2000-2007, KDE developers",bn,Bengali,qwen2.5-coder:7b,"২০০০-২০০৭, ক্যাডেইউইটি ডেভেলপারস",5.123
5872,Ireland,bn,Bengali,qwen2.5-coder:7b,আইরিশ,0.981
5873,& View,bn,Bengali,qwen2.5-coder:7b,&প্রদর্শন,1.415
5874,Share with & NFS (Linux/ UNIX),bn,Bengali,qwen2.5-coder:7b,একশেষ করুন & NFS (Linux/ UNIX),2.511
5875,delete( %1),bn,Bengali,qwen2.5-coder:7b,মুছে দিন (%1),1.779
5876,Availability,bn,Bengali,qwen2.5-coder:7b,স্থায়ীতা,1.507
5877,& Previous tab,bn,Bengali,qwen2.5-coder:7b,&পূর্বী টেবিল,1.954
5878,& Find:,bn,Bengali,qwen2.5-coder:7b,& খুঁজুন:,1.658
5879,Edit EXIF...,bn,Bengali,qwen2.5-coder:7b,EXIF সম্পাদনা...,1.875
5880,Image info,bn,Bengali,qwen2.5-coder:7b,ছবির তথ্য,1.39
5881,Physics,bn,Bengali,qwen2.5-coder:7b,ফিজিক্স,1.127
5882,Sound support,bn,Bengali,qwen2.5-coder:7b,শব্দ পরিবর্তন,1.729
5883,scriptsize: very small.,bn,Bengali,qwen2.5-coder:7b,scriptsize: ছোট অন্তর্ভুক্তি।,3.019
5884,Fine Tuning,bn,Bengali,qwen2.5-coder:7b,সুন্দর সংশোধন,2.134
5885,Balance of %1,bn,Bengali,qwen2.5-coder:7b,ব্যালেন্স অফ %1,2.012
5886,Font Size,bn,Bengali,qwen2.5-coder:7b,ফন্ট আকার,1.396
5887,Highscores,bn,Bengali,qwen2.5-coder:7b,হাইস্কোরস,1.491
5888,Screen Match,bn,Bengali,qwen2.5-coder:7b,মুদ্রা সংশ্লয়,2.151
5889,Astrophysics,bn,Bengali,qwen2.5-coder:7b,আстрофизিক্স,1.213
5890,What's & Next,bn,Bengali,qwen2.5-coder:7b,এখন কীভাবে?,1.778
5891,DVD subtitle pattern,bn,Bengali,qwen2.5-coder:7b,DVD সাবটিলার প্যাট্রন,2.394
5892,New Name:,bn,Bengali,qwen2.5-coder:7b,নতুন নাম:,1.529
5893,& End:,bn,Bengali,qwen2.5-coder:7b,এন্ড:,0.971
5894,Directory's name:,bn,Bengali,qwen2.5-coder:7b,ডিরেক্টরির নাম:,2.169
5895,Population:,bn,Bengali,qwen2.5-coder:7b,পৃষ্ঠা:,1.252
5896,Move X:,bn,Bengali,qwen2.5-coder:7b,X বাছাই করুন:,1.995
5897,Speed limit,bn,Bengali,qwen2.5-coder:7b,গতি সূচক,1.464
5898,Audio Editor,bn,Bengali,qwen2.5-coder:7b,অডিউ সমস্তক,1.595
5899,Game Settings,bn,Bengali,qwen2.5-coder:7b,গেম সেটিংস,1.539
5900,Y length,bn,Bengali,qwen2.5-coder:7b,ই দৈর্ঘ্য,1.486
5901,Document Switcher,bn,Bengali,qwen2.5-coder:7b,ডকুমেন্ট সিভচারার,2.453
5902,Truchet lines,bn,Bengali,qwen2.5-coder:7b,ট্রুচেট লাইনস,2.047
5903,Alternative name,bn,Bengali,qwen2.5-coder:7b,অন্যায়ী নাম,1.931
5904,Negative,bn,Bengali,qwen2.5-coder:7b,নেগেটিভ,1.122
5905,XSkat German,bn,Bengali,qwen2.5-coder:7b,XSkat জার্মানisch,1.686
5906,& Right directory:,bn,Bengali,qwen2.5-coder:7b,& সঠিক সম্পাদনা:,2.216
5907,Group shadow file,bn,Bengali,qwen2.5-coder:7b,গ্রুপ শেডো ফাইল,2.358
5908,density list,bn,Bengali,qwen2.5-coder:7b,ভাবিষ্য তালিকা,1.837
5909,Add Tags,bn,Bengali,qwen2.5-coder:7b,ট্যাগ যোগ করুন,2.13
5910,Shear Y:,bn,Bengali,qwen2.5-coder:7b,শের য়:,1.372
5911,2D/ 3D movement:,bn,Bengali,qwen2.5-coder:7b,2D/ 3D আনোয়ার:,2.405
5912,ReplacePrevious,bn,Bengali,qwen2.5-coder:7b,পূর্বের স্থান পরিবর্তন করুন,3.367
5913,Python wallpaper,bn,Bengali,qwen2.5-coder:7b,Python ব্যাজের,1.415
5914,Authentication settings,bn,Bengali,qwen2.5-coder:7b,অনুমোদন সেটিংস,2.078
5915,Could not understand '%1 ',bn,Bengali,qwen2.5-coder:7b,আমি '%1' বুঝতে পারি নি,3.004
5916,Endpoint mode,bn,Bengali,qwen2.5-coder:7b,এপন্ডিং মোড,1.732
5917,Rating < =,bn,Bengali,qwen2.5-coder:7b,মোবাইল নম্বর যাচ্ছে না,3.118
5918,Start in debugger,bn,Bengali,qwen2.5-coder:7b,ডেবাগারে শুরু করুন,2.679
5919,KDE Disk Format Utility,bn,Bengali,qwen2.5-coder:7b,KDE ডিস্ক ফরম্যাট উপকরণ,2.888
5920,Hardware Collections,bn,Bengali,qwen2.5-coder:7b,হার্ডওয়ার সংগ্রহসমূহ,3.023
5921,Hotplug Events,bn,Bengali,qwen2.5-coder:7b,হটপ্লগ ঘটনা,1.645
5922,Guatemalan Quetzal,bn,Bengali,qwen2.5-coder:7b,গুতেমালা কোয়েটাল,2.704
5923,Preferred Number,bn,Bengali,qwen2.5-coder:7b,পছন্দিত সংখ্যা,2.019
5924,Recycled,bn,Bengali,qwen2.5-coder:7b,রিসালেট,1.25
5925,Editor,bn,Bengali,qwen2.5-coder:7b,ইডিটর,0.952
5926,& Layer Name:,bn,Bengali,qwen2.5-coder:7b,& তাপনীয়া নাম:,2.249
5927,Lowest,bn,Bengali,qwen2.5-coder:7b,নিম্নোক্ত,1.475
5928,Precipitation (December),bn,Bengali,qwen2.5-coder:7b,পৌষের পৌষ্টিকতা,2.445
5929,& Unpack...,bn,Bengali,qwen2.5-coder:7b,& অন্তর্ভুক্তি খুলুন...,2.938
5930,Milestone,bn,Bengali,qwen2.5-coder:7b,মানচিত্র,1.317
5931,Output Directory,bn,Bengali,qwen2.5-coder:7b,আউটপুট দিরেক্টরি,2.17
5932,Quote char:,bn,Bengali,qwen2.5-coder:7b,কোটির চিহ্ন:,1.933
5933,Decrease Volume,bn,Bengali,qwen2.5-coder:7b,শব্দমাত্রা ঘटিয়ে দিন,2.81
5934,Signal plotter,bn,Bengali,qwen2.5-coder:7b,সিগ্নাল প্লটার,1.978
5935,Quality Settings,bn,Bengali,qwen2.5-coder:7b,কুলিয়াটি সেটিংস,2.355
5936,Game over.,bn,Bengali,qwen2.5-coder:7b,ইг্রু শেষ।,1.57
5937,real ID,bn,Bengali,qwen2.5-coder:7b,সত্য ID,0.966
5938,Juggle,bn,Bengali,qwen2.5-coder:7b,মুজিব করুন,1.664
5939,Remember & filters:,bn,Bengali,qwen2.5-coder:7b,স্বরূপ এবং ফিল্টারসমূহ:,3.325
5940,Negative Float,bn,Bengali,qwen2.5-coder:7b,নেগেটিভ ফ্লোট,1.908
5941,24 Points,bn,Bengali,qwen2.5-coder:7b,২৪ বিন্দু,1.784
5942,color of the foreground,bn,Bengali,qwen2.5-coder:7b,পৌরোনো রং,1.882
5943,Layer Error,bn,Bengali,qwen2.5-coder:7b,অ্যালায়ার ভূল,2.12
5944,Log file,bn,Bengali,qwen2.5-coder:7b,লগ ফাইল,1.21
5945,ESRB Rating,bn,Bengali,qwen2.5-coder:7b,এসএসবি রেটিং,1.761
5946,Holidays:,bn,Bengali,qwen2.5-coder:7b,ছোটের দিনগুলি:,2.175
5947,IP or Hostname,bn,Bengali,qwen2.5-coder:7b,ইপ বা হোস্টনেম,2.14
5948,Comments & file:,bn,Bengali,qwen2.5-coder:7b,কমেন্টস এবং ফাইল:,2.297
5949,LinearMotor,bn,Bengali,qwen2.5-coder:7b,লাইনার মোটর,1.751
5950,LightBlue,bn,Bengali,qwen2.5-coder:7b,লাইট ব্লু,1.534
5951,DOS Compatibility,bn,Bengali,qwen2.5-coder:7b,DOS সহত্যাপনা,1.788
5952,Enclosure,bn,Bengali,qwen2.5-coder:7b,সংযোজন,1.292
5953,Connected,bn,Bengali,qwen2.5-coder:7b,সংযুক্ত,1.336
5954,Shared,bn,Bengali,qwen2.5-coder:7b,ভাগ দেওয়া,1.519
5955,Lithuanian Litus,bn,Bengali,qwen2.5-coder:7b,লিথুয়ানিয়ার লিটুস,2.956
5956,Parallel Test,bn,Bengali,qwen2.5-coder:7b,প্রাপ্তিশীল পরীক্ষা,2.696
5957,Navigation Controls,bn,Bengali,qwen2.5-coder:7b,নভিগেশন নুকিরা,1.935
5958,17th Last,bn,Bengali,qwen2.5-coder:7b,১৭তম উল্টো,1.821
5959,Exposure: 1/ %1 s,bn,Bengali,qwen2.5-coder:7b,আকার: 1/ %1 সেকেন্ড,2.64
5960,Introduction to Databases,bn,Bengali,qwen2.5-coder:7b,ডেটাবেসের পরিচয়,2.307
5961,Color Correction,bn,Bengali,qwen2.5-coder:7b,কোলর কর্টেশন,1.828
5962,bristle length weight,bn,Bengali,qwen2.5-coder:7b,বর্ষণের প্রস্থ ও পরিমাণ,2.853
5963,& X offset:,bn,Bengali,qwen2.5-coder:7b,& X অক্ষ অপসারণ:,2.037
5964,Password Settings,bn,Bengali,qwen2.5-coder:7b,পাসওয়ার্ড সেটিংস,2.436
5965,Entity Relationship Model,bn,Bengali,qwen2.5-coder:7b,এন্টিটি সম্পর্ক মডেল,2.619
5966,RET (Resolution Enhancement),bn,Bengali,qwen2.5-coder:7b,রেট (সমান্তরাল বাস্তবতা),2.887
5967,& Priority:,bn,Bengali,qwen2.5-coder:7b,& অপরিবর্তন:,1.649
5968,Connection time,bn,Bengali,qwen2.5-coder:7b,সংযোগের সময়,2.028
5969,& Slow,bn,Bengali,qwen2.5-coder:7b,& স্লো করুন,1.837
5970,Resolution Enhancement (REt),bn,Bengali,qwen2.5-coder:7b,রেসোলিশন উন্নয়ন (REt),2.925
5971,Generic,bn,Bengali,qwen2.5-coder:7b,সাধারণ,1.089
5972,On (faster),bn,Bengali,qwen2.5-coder:7b,ফলস্বরূপ,1.507
5973,Search Playlist,bn,Bengali,qwen2.5-coder:7b,প্লেলিস্ট অনুসন্ধান,2.647
5974,Spanish (Venezuela),bn,Bengali,qwen2.5-coder:7b,স্পেনীয়া (ভেনেজুয়ালা),3.359
5975,Family Name,bn,Bengali,qwen2.5-coder:7b,পরিবারের নাম,1.739
5976,Multimedia Player,bn,Bengali,qwen2.5-coder:7b,মিডিয়া প্লেয়ার,2.379
5977,Print Jobs Settings,bn,Bengali,qwen2.5-coder:7b,প্রিন্ট জোব সেটিংস,2.608
5978,C (Optional):,bn,Bengali,qwen2.5-coder:7b,C (অপশনাল):,1.521
5979,HOURS(time),bn,Bengali,qwen2.5-coder:7b,ঘণ্টা(সময়),1.764
5980,Customize,bn,Bengali,qwen2.5-coder:7b,সম্পাদনা,1.252
5981,Goal Seek,bn,Bengali,qwen2.5-coder:7b,গুলি খুঁজুন,1.988
5982,KDE DocBook Standard,bn,Bengali,qwen2.5-coder:7b,KDE ডকবুক স্টান্ডার্ড,2.789
5983,Database created.,bn,Bengali,qwen2.5-coder:7b,ডেটাবেজ তৈরি হয়েছে।,2.977
5984,stiffness,bn,Bengali,qwen2.5-coder:7b,স্থায়ীতা,1.607
5985,Script Builder,bn,Bengali,qwen2.5-coder:7b,স্ক্রিপ্ট বিনামূল্য নূতন তৈরি করুন,4.322
5986,Message Structure Viewer,bn,Bengali,qwen2.5-coder:7b,মেসেজ স্ট্রাকচার দেখালো,3.071
5987,current volume,bn,Bengali,qwen2.5-coder:7b,বর্তমান আমৃত,1.822
5988,Change,bn,Bengali,qwen2.5-coder:7b,পরিবর্তন,1.27
5989,Intensity:,bn,Bengali,qwen2.5-coder:7b,আংশিকতা:,1.338
5990,canvassize (cs),bn,Bengali,qwen2.5-coder:7b,ক্যানভাস আকার (cs),2.261
5991,Memory usage: %1,bn,Bengali,qwen2.5-coder:7b,মেমরি ব্যবহার: %1,2.321
5992,White: nbsp; None,bn,Bengali,qwen2.5-coder:7b,নীল: নেন্নি,1.894
5993,Storage location,bn,Bengali,qwen2.5-coder:7b,স্টোরেজ স্থান,1.906
5994,Background Processes,bn,Bengali,qwen2.5-coder:7b,পেরিবেশীয় প্রক্রিয়া,2.835
5995,Input velocity:,bn,Bengali,qwen2.5-coder:7b,আপনার গতি দিন:,1.946
5996,Calendar Files,bn,Bengali,qwen2.5-coder:7b,ক্যালেন্ডার ফাইলসমূহ,2.526
5997,Left:,bn,Bengali,qwen2.5-coder:7b,বাম:,0.847
5998,Exposure Time,bn,Bengali,qwen2.5-coder:7b,সময় বিশ্বাস,1.769
5999,Remove Download,bn,Bengali,qwen2.5-coder:7b,ডাউনলোড সরাও,1.795
6000,Main View,bn,Bengali,qwen2.5-coder:7b,মূল দৃশ্য,1.634
6001,Selected type: %1,bn,Bengali,qwen2.5-coder:7b,নির্বাচিত ধরণ: %1,2.419
6002,Manager:,bn,Bengali,qwen2.5-coder:7b,ম্যানেজার:,1.452
6003,Night Rock by Tigert,bn,Bengali,qwen2.5-coder:7b,তিগারের রাত্রি ঘুম,2.515
6004,Lpq cache time:,bn,Bengali,qwen2.5-coder:7b,লপিচ্যাচে সময়:,2.3
6005,Sequence-%1,bn,Bengali,qwen2.5-coder:7b,সিরিয়াসি-%1,1.76
6006,Sim card,bn,Bengali,qwen2.5-coder:7b,SIM কার্ড,1.19
6007,Do nothing,bn,Bengali,qwen2.5-coder:7b,কিছুই করোনা,1.837
6008,Configuration XML file,bn,Bengali,qwen2.5-coder:7b,কonfigুৰেশন এক্সএমএল ফাইল,3.025
6009,& To-do List,bn,Bengali,qwen2.5-coder:7b,& কর্মসূচিতা,1.842
6010,24-bit color,bn,Bengali,qwen2.5-coder:7b,২৪ বিট রঙ,1.699
6011,Cleared,bn,Bengali,qwen2.5-coder:7b,ক্লার,0.961
6012,Ball size,bn,Bengali,qwen2.5-coder:7b,বলের আকার,1.414
6013,class diagram,bn,Bengali,qwen2.5-coder:7b,ক্লাস ডাইগ্রাম,1.928
6014,User activity:,bn,Bengali,qwen2.5-coder:7b,ব্যবহারকর্তা সক্ষমতা:,2.521
6015,& Hostname:,bn,Bengali,qwen2.5-coder:7b,& হোস্টনেম:,1.749
6016,Suspend Applet,bn,Bengali,qwen2.5-coder:7b,অ্যাপ্লিট সমুদ্র করুন,2.88
6017,Keep-alive timeout:,bn,Bengali,qwen2.5-coder:7b,ক্যান্সাল টাইমআউট:,2.436
6018,built,bn,Bengali,qwen2.5-coder:7b,বিনাময়,1.281
6019,Dark red,bn,Bengali,qwen2.5-coder:7b,কালো লাল,1.387
6020,English (Jamaica),bn,Bengali,qwen2.5-coder:7b,ইংরেজি (জামায়া),2.319
6021,North-Korea,bn,Bengali,qwen2.5-coder:7b,নর্থ-কোরিয়া,1.978
6022,Minimum width,bn,Bengali,qwen2.5-coder:7b,মিনিমাম প্রস্থ,1.843
6023,Shared:,bn,Bengali,qwen2.5-coder:7b,ভাগ্যিতে শেয়ার করা হয়েছে:,3.44
6024,Acoustic,bn,Bengali,qwen2.5-coder:7b,অকাসিক,1.117
6025,Has State,bn,Bengali,qwen2.5-coder:7b,স্টেট আছে,1.359
6026,Map & Quality,bn,Bengali,qwen2.5-coder:7b,মাপ & গুণ,1.368
6027,New...,bn,Bengali,qwen2.5-coder:7b,নতুন...,1.007
6028,Run Length Encoding,bn,Bengali,qwen2.5-coder:7b,রান্না লেন্ডিং,1.926
6029,Bold: and Italic:,bn,Bengali,qwen2.5-coder:7b,বোল্ড: এবং ইটালিক:,2.682
6030,Duplex Tumble,bn,Bengali,qwen2.5-coder:7b,ডিপ্লেক্স টাব্মিল,2.33
6031,Create Patch...,bn,Bengali,qwen2.5-coder:7b,পッチ তৈরি করুন...,2.017
6032,#else without #if,bn,Bengali,qwen2.5-coder:7b,#else বিশেষ করা বাস্তবতা বিশেষ করা বাস্তবতা,4.895
6033,Size pattern,bn,Bengali,qwen2.5-coder:7b,আকার প্যাট্রন,1.883
6034,Windmill,bn,Bengali,qwen2.5-coder:7b,মানুষ,1.067
6035,Cordless TrackMan Wheel,bn,Bengali,qwen2.5-coder:7b,বিজোড়া ট্র্যাকম্যান মুল্যাংশ,4.113
6036,Album name:,bn,Bengali,qwen2.5-coder:7b,একাউম্ব নাম:,1.681
6037,Top Center,bn,Bengali,qwen2.5-coder:7b,উপর সমদ্বিপাক,1.768
6038,Save as,bn,Bengali,qwen2.5-coder:7b,সেভ করুন,1.403
6039,& Generate Reports...,bn,Bengali,qwen2.5-coder:7b,&রিপোর্ট সৃষ্টি...,2.274
6040,South Korean Won,bn,Bengali,qwen2.5-coder:7b,সুরক্ষা করুন,2.007
6041,localPosition1,bn,Bengali,qwen2.5-coder:7b,localePosition1,0.814
6042,& Parameter activity node,bn,Bengali,qwen2.5-coder:7b,& প্যারামিটার স্যান্ডেবিস নূক্ষন,3.98
6043,KDE Text-to-speech Job Manager,bn,Bengali,qwen2.5-coder:7b,KDE টেক্সট-টো-স্পিচ জোব ম্যানেজার,4.225
6044,Phone Command,bn,Bengali,qwen2.5-coder:7b,ফোন কমান্ড,1.637
6045,Cisco selection: cisco,bn,Bengali,qwen2.5-coder:7b,কিসকো সিলেকশন: সিলেক্ট করুন,3.51
6046,Core Developer,bn,Bengali,qwen2.5-coder:7b,কেরো ডেভেলপার,1.965
6047,Indentation Actions,bn,Bengali,qwen2.5-coder:7b,আইন্ডেন্ট অ্যাকশনস,2.351
6048,Creating media.,bn,Bengali,qwen2.5-coder:7b,মিডিয়া তৈরি করা হচ্ছে।,3.098
6049,Root directory:,bn,Bengali,qwen2.5-coder:7b,রূট দিরেক্টরি:,2.021
6050,Share ratio:,bn,Bengali,qwen2.5-coder:7b,শেয়ার অনুপাত:,2.1
6051,%1 by request,bn,Bengali,qwen2.5-coder:7b,%1 অনুরোধে,1.789
6052,Protocol version,bn,Bengali,qwen2.5-coder:7b,প্রোটোকল সংস্কৃতি,2.589
6053,Ungroup shapes,bn,Bengali,qwen2.5-coder:7b,শাখা ব্যবহার করুন,2.424
6054,VPN connection,bn,Bengali,qwen2.5-coder:7b,VPN সংযোগ,1.42
6055,Mummy Madness,bn,Bengali,qwen2.5-coder:7b,মামু মানোয়াস্থা,2.46
6056,Time Adjust,bn,Bengali,qwen2.5-coder:7b,সময় সংশোধন,1.934
6057,Shortcut name: sys,bn,Bengali,qwen2.5-coder:7b,ক্ষেত্রের নাম: sys,2.364
6058,& Change the DTEP...,bn,Bengali,qwen2.5-coder:7b,& দেটিপি পরিবর্তন করুন...,3.14
6059,& Gag List,bn,Bengali,qwen2.5-coder:7b,&গেজ তালিকা,1.598
6060,Last Slide,bn,Bengali,qwen2.5-coder:7b,শেষ স্লাইড,1.467
6061,Alternative Tool,bn,Bengali,qwen2.5-coder:7b,অন্যায়ী উত্তর,2.03
6062,Proportion:,bn,Bengali,qwen2.5-coder:7b,প্রতিশ্বাস:,1.618
6063,Field of view:,bn,Bengali,qwen2.5-coder:7b,প্রতিবিম্বিত ক্ষেত্র:,2.81
6064,Server port,bn,Bengali,qwen2.5-coder:7b,সার্ভার পোর্ট,1.926
6065,4th pile,bn,Bengali,qwen2.5-coder:7b,৪তম পৌঁছা,1.785
6066,- (%1 without cover),bn,Bengali,qwen2.5-coder:7b,- (%1 বিশেষ বিশেষ),2.21
6067,direction X,bn,Bengali,qwen2.5-coder:7b,দিক X,1.108
6068,Time server:,bn,Bengali,qwen2.5-coder:7b,সময় সার্ভার:,1.93
6069,Three-color RGB,bn,Bengali,qwen2.5-coder:7b,তিন রং রিজিউমেন্ট,2.363
6070,& Previous Sentence,bn,Bengali,qwen2.5-coder:7b,& আগের বাক্য,1.743
6071,mile,bn,Bengali,qwen2.5-coder:7b,মিল,0.752
6072,Main:,bn,Bengali,qwen2.5-coder:7b,মূল:,0.897
6073,BIN2OCT(value),bn,Bengali,qwen2.5-coder:7b,BIN2OCT(মান),1.569
6074,Fiscal Year,bn,Bengali,qwen2.5-coder:7b,অর্থ বছর,1.35
6075,Body Area,bn,Bengali,qwen2.5-coder:7b,শরীরের অংশ,1.645
6076,& Reply,bn,Bengali,qwen2.5-coder:7b,& উত্তর দিন,1.525
6077,Language Selection,bn,Bengali,qwen2.5-coder:7b,ভাষা নির্বাচন,1.764
6078,Configuration Changes,bn,Bengali,qwen2.5-coder:7b,নстройকরণ পরিবর্তন,1.944
6079,CorrectBlack,bn,Bengali,qwen2.5-coder:7b,কালো সঠিক,1.602
6080,DimGrey,bn,Bengali,qwen2.5-coder:7b,ডিম গ্রেয়,1.577
6081,Contributors:,bn,Bengali,qwen2.5-coder:7b,অংশীদারীরা:,1.946
6082,& Passphrase:,bn,Bengali,qwen2.5-coder:7b,& পাসফ্রেজ:,1.671
6083,Column Selection,bn,Bengali,qwen2.5-coder:7b,কলোম সিলেকশন,1.88
6084,Image Type:,bn,Bengali,qwen2.5-coder:7b,ছবির ধরনি:,1.472
6085,Master IDE Device,bn,Bengali,qwen2.5-coder:7b,মাস্টার IDE ডিভাইস,2.016
6086,Name of file,bn,Bengali,qwen2.5-coder:7b,ফাইলের নাম,1.592
6087,Table tool,bn,Bengali,qwen2.5-coder:7b,তেবিন টুল,1.507
6088,Utilities,bn,Bengali,qwen2.5-coder:7b,ইউটিলিটিーズ,1.375
6089,Scattering,bn,Bengali,qwen2.5-coder:7b,স্পর্শ,1.079
6090,& Invite,bn,Bengali,qwen2.5-coder:7b,& অনুমোদন,1.561
6091,Command output,bn,Bengali,qwen2.5-coder:7b,কম্পাউন্ড আউটপুট,2.257
6092,None (plain FTP),bn,Bengali,qwen2.5-coder:7b,কোনোটি (প্রাইমারি FTP),2.757
6093,Resource Type,bn,Bengali,qwen2.5-coder:7b,রিসোর্স প্রকার,1.98
6094,Purge,bn,Bengali,qwen2.5-coder:7b,পরিবেশ সম্পাদনা,1.931
6095,& Scope selection:,bn,Bengali,qwen2.5-coder:7b,& স্কোপ নির্বাচন:,2.306
6096,Unknown Network,bn,Bengali,qwen2.5-coder:7b,অজানা নেটওয়ার্ক,2.26
6097,Previous photo,bn,Bengali,qwen2.5-coder:7b,পূর্বী ফটো,1.853
6098,Brass Section,bn,Bengali,qwen2.5-coder:7b,বাস্ত্র অংশ,1.689
6099,Date & & Time...,bn,Bengali,qwen2.5-coder:7b,তারিখ & & সময়...,1.97
6100,Private Job,bn,Bengali,qwen2.5-coder:7b,ব্যক্তিগত কাজ,1.865
6101,pppd & timeout:,bn,Bengali,qwen2.5-coder:7b,pppd & timeout:,1.134
6102,& Portrait,bn,Bengali,qwen2.5-coder:7b,& প্রতিবেশ,1.435
6103,Home,bn,Bengali,qwen2.5-coder:7b,হোম,0.892
6104,Action window,bn,Bengali,qwen2.5-coder:7b,অ্যাকশন জanela,1.459
6105,Channel 1,bn,Bengali,qwen2.5-coder:7b,চ্যানেল ১,1.512
6106,Operation,bn,Bengali,qwen2.5-coder:7b,অপেক্ষা,1.182
6107,& SMB shared printer (Windows),bn,Bengali,qwen2.5-coder:7b,& সিএমবি শেয়ারেড প্রিন্টার (Windows),3.804
6108,KDE Calculator,bn,Bengali,qwen2.5-coder:7b,KDE ক্যালকুলেটর,2.105
6109,Monitor interfaces,bn,Bengali,qwen2.5-coder:7b,মোনিটর ইন্টারফেস,2.258
6110,Edit Script...,bn,Bengali,qwen2.5-coder:7b,স্ক্রিপ্ট সম্পাদনা...,2.587
6111,Transit:,bn,Bengali,qwen2.5-coder:7b,পরিবর্তন:,1.554
6112,User6,bn,Bengali,qwen2.5-coder:7b,ইউজার৬,1.184
6113,The & kshisen; Handbook,bn,Bengali,qwen2.5-coder:7b,& kshisen; বই,1.447
6114,Device selection timing,bn,Bengali,qwen2.5-coder:7b,ডিভাইস সিলেকশন সময়,2.563
6115,X11 Framebuffer for KRfb,bn,Bengali,qwen2.5-coder:7b,X11 ফ্রেমবাস্ক্রোর জন্য KRfb,3.64
6116,Alpha Channel:,bn,Bengali,qwen2.5-coder:7b,এলফা চ্যানেল:,1.811
6117,Deployment Diagram,bn,Bengali,qwen2.5-coder:7b,ডিপ্লোমেন্ট ডাইগ্রাম,2.616
6118,Capital,bn,Bengali,qwen2.5-coder:7b,কাঠামো,1.197
6119,Ethylene oxide,bn,Bengali,qwen2.5-coder:7b,এথেন ওক্সিড,1.588
6120,conditional-head1,bn,Bengali,qwen2.5-coder:7b,умূল্যবিশেষ-শিরোমানী,2.623
6121,%1 'missing.,bn,Bengali,qwen2.5-coder:7b,%1 অংশ অস্বীকার করা হয়নি।,3.701
6122,Import Warnings,bn,Bengali,qwen2.5-coder:7b,"আপনি যেন একটি ফাইল এক্সপোর্ট করতে চান, তাহলে এই বাটনটি ব্যবহার করুন।",7.827
6123,Sign only key,bn,Bengali,qwen2.5-coder:7b,কেি অনুযায়ী সাবমিট,2.835
6124,Current source:,bn,Bengali,qwen2.5-coder:7b,এখনি সূত্র:,1.729
6125,Dushanbe,bn,Bengali,qwen2.5-coder:7b,দুশ্বন্দব,1.557
6126,The & kstars; Team:,bn,Bengali,qwen2.5-coder:7b,& kstars; টিম:,1.505
6127,Temperature (ºC),bn,Bengali,qwen2.5-coder:7b,মুল্যাংশ (°C),1.933
6128,New & Album,bn,Bengali,qwen2.5-coder:7b,নতুন & অ্যালবাম,2.1
6129,Keep Open,bn,Bengali,qwen2.5-coder:7b,বন্ধ রাখুন,1.741
6130,& Root element is:,bn,Bengali,qwen2.5-coder:7b,& বৈশিষ্ট্য সংরক্ষণ করুন,3.238
6131,Show help,bn,Bengali,qwen2.5-coder:7b,সাহায্য দেখাও,1.898
6132,Lead 3 - Calliope,bn,Bengali,qwen2.5-coder:7b,লিড ৩ - কলিয়োপে,2.495
6133,KDE Vocabulary Document,bn,Bengali,qwen2.5-coder:7b,KDE ভাষা বিশ্লেষণ দокумент,2.513
6134,PF-7 Bulk Feeder,bn,Bengali,qwen2.5-coder:7b,PF-7 বার্গ ফিডার,2.208
6135,& Unknown,bn,Bengali,qwen2.5-coder:7b,& অজানা,1.23
6136,Bi-Monthly,bn,Bengali,qwen2.5-coder:7b,দুই মাসের,1.595
6137,File Size View,bn,Bengali,qwen2.5-coder:7b,ফাইল আকার দেখুন,2.068
6138,Data Directory,bn,Bengali,qwen2.5-coder:7b,ডেটা দিরেকটরি,1.849
6139,Eb Major,bn,Bengali,qwen2.5-coder:7b,এব মাইরো,1.398
6140,Copy %1- > Output,bn,Bengali,qwen2.5-coder:7b,কপি %1- > আউটপুট,2.333
6141,Use KNotes,bn,Bengali,qwen2.5-coder:7b,কোনোটি ব্যবহার করুন,2.824
6142,Authentication error,bn,Bengali,qwen2.5-coder:7b,অনুমোদন ভুলি,2.057
6143,Remove,bn,Bengali,qwen2.5-coder:7b,মুছে দিন,1.377
6144,Question:,bn,Bengali,qwen2.5-coder:7b,প্রশ্ন:,1.162
6145,Current:,bn,Bengali,qwen2.5-coder:7b,এখন:,0.859
6146,Evaluation Settings,bn,Bengali,qwen2.5-coder:7b,মূল্যাংশ সেটিংস,2.158
6147,OpenGL Display Settings,bn,Bengali,qwen2.5-coder:7b,OpenGL দেখার সেটিংস,1.97
6148,List Type,bn,Bengali,qwen2.5-coder:7b,লিস্ট টাইপ,1.496
6149,Hurricane,bn,Bengali,qwen2.5-coder:7b,হুরিকেন,1.303
6150,Network History,bn,Bengali,qwen2.5-coder:7b,নেটওয়ার্ক ইতিহাস,2.35
6151,Prerequisites,bn,Bengali,qwen2.5-coder:7b,প্রস্তুতি,1.54
6152,Focal Length,bn,Bengali,qwen2.5-coder:7b,ফোকাল দৈর্ঘ্য,1.967
6153,Hide Selected,bn,Bengali,qwen2.5-coder:7b,নির্বাচিত করুন,2.031
6154,Draw frame,bn,Bengali,qwen2.5-coder:7b,চাপ করুন,1.345
6155,Layer 1,bn,Bengali,qwen2.5-coder:7b,লেয়ার ১,1.49
6156,%1 earlier than %2,bn,Bengali,qwen2.5-coder:7b,%1 আগে %2,1.438
6157,Internet & Network,bn,Bengali,qwen2.5-coder:7b,ইন্টারনেট এবং নেটওয়ার্ক,3.216
6158,Norwegian,bn,Bengali,qwen2.5-coder:7b,নরওয়েজীয়,1.836
6159,& Insert in Project...,bn,Bengali,qwen2.5-coder:7b,&প্রকল্পে যোগ করুন...,2.632
6160,Shot speed,bn,Bengali,qwen2.5-coder:7b,শট স্পিড,1.297
6161,Mount Point,bn,Bengali,qwen2.5-coder:7b,মাউন্ট বিন্দু,1.847
6162,Internet Links,bn,Bengali,qwen2.5-coder:7b,ইন্টারনেট লিংকস,2.053
6163,Dolphin Navigation,bn,Bengali,qwen2.5-coder:7b,ডল্পন নভিগেশণ,1.888
6164,No game,bn,Bengali,qwen2.5-coder:7b,কোনো খেলা,1.606
6165,Dashed Lines,bn,Bengali,qwen2.5-coder:7b,ক্রমিত লাইনস,1.735
6166,Contributing,bn,Bengali,qwen2.5-coder:7b,অংশীদারি,1.448
6167,Script Dialog,bn,Bengali,qwen2.5-coder:7b,স্ক্রিপ্ট ডিলগ করুন,2.526
6168,Sheets,bn,Bengali,qwen2.5-coder:7b,পৃষ্ঠা,1.246
6169,strings,bn,Bengali,qwen2.5-coder:7b,স্ট্রিংস,1.217
6170,Notification Event List,bn,Bengali,qwen2.5-coder:7b,নোটিফিকেশন ঘটনার তালিকা,2.932
6171,New Institution,bn,Bengali,qwen2.5-coder:7b,নতুন অনুষ্ঠান,1.927
6172,Script name:,bn,Bengali,qwen2.5-coder:7b,স্ক্রিপ্টের নাম:,2.262
6173,LightBlue2,bn,Bengali,qwen2.5-coder:7b,লাইট ব্লু ২,1.81
6174,Exceptions:,bn,Bengali,qwen2.5-coder:7b,আপেক্ষিকতা‌রা:,1.894
6175,Turn,bn,Bengali,qwen2.5-coder:7b,ক্রম পরিবর্তন,1.79
6176,ST-20 Bulk Stacker,bn,Bengali,qwen2.5-coder:7b,ST-20 বাংলায় স্ট্যাকার,3.088
6177,& Previous Feed,bn,Bengali,qwen2.5-coder:7b,&পূর্বী ফিড,1.886
6178,List Help,bn,Bengali,qwen2.5-coder:7b,লিস্ট সাহায্য,1.868
6179,By Rating,bn,Bengali,qwen2.5-coder:7b,রেটিং দ্বারা,1.681
6180,SeaGreen3,bn,Bengali,qwen2.5-coder:7b,সিনেগ্রেন ৩,1.709
6181,Percent Function,bn,Bengali,qwen2.5-coder:7b,প্রতিশ্রুতি ফাংশন,2.558
6182,Using & ksnapshot;,bn,Bengali,qwen2.5-coder:7b,এই & ksnapshot; ব্যবহার করুন;,2.721
6183,Display controller,bn,Bengali,qwen2.5-coder:7b,দেখার নিয়ন্ত্রক,2.27
6184,Tab Order,bn,Bengali,qwen2.5-coder:7b,টেবিল অর্ডার,1.737
6185,stopped,bn,Bengali,qwen2.5-coder:7b,বন্ধ করা,1.266
6186,Zimbabwe Dollar,bn,Bengali,qwen2.5-coder:7b,ZW$,0.708
6187,OHP Transparency,bn,Bengali,qwen2.5-coder:7b,অপেক্ষা সুন্দর,2.031
6188,Failed to open %1: %2,bn,Bengali,qwen2.5-coder:7b,%1 খোলতে ব্যর্থ হয়েছিল: %2,3.681
6189,System icons:,bn,Bengali,qwen2.5-coder:7b,সистем অনীতি:,1.491
6190,One moment please...,bn,Bengali,qwen2.5-coder:7b,"দয়া করুন, একটি সময় পারোন।",3.637
6191,Do Not Override,bn,Bengali,qwen2.5-coder:7b,না অপ্রতিষ্ঠান করুন,2.799
6192,October,bn,Bengali,qwen2.5-coder:7b,অক্টোবর,1.285
6193,Extensions Manager,bn,Bengali,qwen2.5-coder:7b,অনুসারণ ম্যানেজার,2.21
6194,Incoming/,bn,Bengali,qwen2.5-coder:7b,আসমানি/,1.225
6195,Home Address City,bn,Bengali,qwen2.5-coder:7b,হোম ঠিকানা শহর,2.013
6196,& With empty fields,bn,Bengali,qwen2.5-coder:7b,& খালি ফিল্ডসে,2.032
6197,Bold Black,bn,Bengali,qwen2.5-coder:7b,বালকালোক,1.451
6198,Volume set size:,bn,Bengali,qwen2.5-coder:7b,ভূমিকা সেট আকার:,2.163
6199,Community,bn,Bengali,qwen2.5-coder:7b,কমিউনিটি,1.265
6200,Starting %1...,bn,Bengali,qwen2.5-coder:7b,শুরু হচ্ছে %1...,2.148
6201,Extensions manager...,bn,Bengali,qwen2.5-coder:7b,অনুসারণ ম্যানেজার...,2.473
6202,Alternating,bn,Bengali,qwen2.5-coder:7b,বিচাল,0.992
6203,Background Pixmap,bn,Bengali,qwen2.5-coder:7b,পেট্টের ব্যক্রিম,2.164
6204,Usage Image Viewer,bn,Bengali,qwen2.5-coder:7b,ইমেজ দেখার উদ্যোগ,2.379
6205,Akonadi Server Configuration,bn,Bengali,qwen2.5-coder:7b,আকোনাদি সার্ভার সমন্বয়,3.184
6206,Account number:,bn,Bengali,qwen2.5-coder:7b,হساب নম্বর:,1.412
6207,Print Format,bn,Bengali,qwen2.5-coder:7b,প্রিন্ট ফরম্যাট,1.957
6208,Create Subrepository,bn,Bengali,qwen2.5-coder:7b,সাব রিপোজিটরি তৈরি করুন,3.329
6209,history,bn,Bengali,qwen2.5-coder:7b,ইতিহাস,1.065
6210,HTTP Requests,bn,Bengali,qwen2.5-coder:7b,HTTP অনুরোধ,1.498
6211,User canceled the transaction,bn,Bengali,qwen2.5-coder:7b,ব্যবহারকারি একটি এক্সেশন বাতিল করেছিল,4.455
6212,Using & xsldbg;,bn,Bengali,qwen2.5-coder:7b,এই & xsldbg; ব্যবহার করো;,2.862
6213,Air Pressure:,bn,Bengali,qwen2.5-coder:7b,আের প্রেসার:,1.711
6214,Configuration Okay,bn,Bengali,qwen2.5-coder:7b,নстройка সঠিক,1.385
6215,Player Name:,bn,Bengali,qwen2.5-coder:7b,বিছিন্ন নাম:,1.675
6216,User Specified PIN,bn,Bengali,qwen2.5-coder:7b,ব্যবহারকারী নির্ধারিত PIN,2.91
6217,Songkick Data Engine,bn,Bengali,qwen2.5-coder:7b,সঙ্গীকেম ডেটা ইঞ্জিন,2.847
6218,Unmovable,bn,Bengali,qwen2.5-coder:7b,অপরিবর্তনীয়,1.98
6219,Working Color Space,bn,Bengali,qwen2.5-coder:7b,কাজ করা রং স্পেস,2.302
6220,Caller,bn,Bengali,qwen2.5-coder:7b,কলকারী,1.15
6221,File permissions,bn,Bengali,qwen2.5-coder:7b,ফাইল অনুমতি,1.655
6222,& Dissociate,bn,Bengali,qwen2.5-coder:7b,& বিস্থার করুন,2.07
6223,& Refresh time:,bn,Bengali,qwen2.5-coder:7b,& পরিবর্তন সময়:,2.28
6224,Azerbaijani,bn,Bengali,qwen2.5-coder:7b,অজারবি,1.186
6225,Sub-tree query,bn,Bengali,qwen2.5-coder:7b,উপ-শাখা অনুসন্ধান,2.575
6226,from %1 through %2,bn,Bengali,qwen2.5-coder:7b,থেকে %1 থেকে %2,2.182
6227,Metapost Files,bn,Bengali,qwen2.5-coder:7b,মেটাপোস্ট ফাইলস,2.141
6228,Plain Rectangles,bn,Bengali,qwen2.5-coder:7b,প্রাথমিক আয়োজন,2.193
6229,& Certificate,bn,Bengali,qwen2.5-coder:7b,& সাক্ষাত্কার,3.262
6230,Bottom,bn,Bengali,qwen2.5-coder:7b,নূরাগ,4.526
6231,Ctrl; P Print...,bn,Bengali,qwen2.5-coder:7b,Ctrl; P প্রিন্ট...,1.483
6232,Public key auth,bn,Bengali,qwen2.5-coder:7b,পাবলিক কী অ্যাথোরিশেন,2.537
6233,Network Services,bn,Bengali,qwen2.5-coder:7b,নেটওয়ার্ক সেবা,321.388
6234,IP version,bn,Bengali,qwen2.5-coder:7b,ইপ প্রশ্রিয়া,1.488
6235,User & Info,bn,Bengali,qwen2.5-coder:7b,ব্যবহারকারী এবং তথ্য,2.035
6236,executing,bn,Bengali,qwen2.5-coder:7b,একটি আকার ঘটিয়েছে,2.0
6237,Username:,bn,Bengali,qwen2.5-coder:7b,ব্যবহারকরীর নাম:,1.904
6238,Paint color:,bn,Bengali,qwen2.5-coder:7b,মুল্যাংশ রং:,1.648
6239,Old Italic,bn,Bengali,qwen2.5-coder:7b,পুতুন ইতালিকা,1.765
6240,& Next,bn,Bengali,qwen2.5-coder:7b,&পরে,0.732
6241,Switching,bn,Bengali,qwen2.5-coder:7b,স্থানান্তর,1.299
6242,Spelling (from cursor)...,bn,Bengali,qwen2.5-coder:7b,সময় (কursor থেকে) ...,1.863
6243,Pointer Position,bn,Bengali,qwen2.5-coder:7b,কার্সরের স্থান,1.643
6244,CoastLine,bn,Bengali,qwen2.5-coder:7b,কোয়াস্ট লাইন,1.728
6245,Emergency Procedures:,bn,Bengali,qwen2.5-coder:7b,জরুরী পদক্ষেপগুলি:,2.316
6246,(capture),bn,Bengali,qwen2.5-coder:7b,(সংগ্রহ),1.197
6247,Go 10% Forward,bn,Bengali,qwen2.5-coder:7b,10% আগে যাও,1.562
6248,Samba Log Files,bn,Bengali,qwen2.5-coder:7b,সম্বা লগ ফাইলসম্পূর্ণ,2.438
6249,minesweeper,bn,Bengali,qwen2.5-coder:7b,মিনস্কীপার,1.45
6250,Please make your move,bn,Bengali,qwen2.5-coder:7b,আপনি আপনার পরবর্তী পরিবর্তন করুন,3.72
6251,Spin speed,bn,Bengali,qwen2.5-coder:7b,রূপান্তরের গতি,1.778
6252,To the right,bn,Bengali,qwen2.5-coder:7b,ডানো,0.889
6253,& Enable On Screen Display,bn,Bengali,qwen2.5-coder:7b,এক্সপ্রেস স্ক্রিন দেখার জন্য অন করুন,3.947
6254,Job Separator,bn,Bengali,qwen2.5-coder:7b,কাজ ভাগকারক,1.435
6255,Accounts Editor,bn,Bengali,qwen2.5-coder:7b,হساب সম্পাদক,1.287
6256,Monochrome ordered dithering,bn,Bengali,qwen2.5-coder:7b,মানক্রোমেনে অর্ডারে দিথারিং,3.027
6257,& Green,bn,Bengali,qwen2.5-coder:7b,& সবজি,0.944
6258,IRC Event,bn,Bengali,qwen2.5-coder:7b,IRC ঘটনা,1.017
6259,Arrow,bn,Bengali,qwen2.5-coder:7b,আরো অনুমোদন,1.704
6260,Tanzanian Shilling,bn,Bengali,qwen2.5-coder:7b,তানজানীয় শিল্লিং,2.265
6261,No name:,bn,Bengali,qwen2.5-coder:7b,নাম নেই:,1.183
6262,Operation management,bn,Bengali,qwen2.5-coder:7b,অপেレーション ম্যানেজমেন্ট,2.047
6263,search,bn,Bengali,qwen2.5-coder:7b,অনুসন্ধান,1.353
6264,Search direction:,bn,Bengali,qwen2.5-coder:7b,অনুসন্ধান দিকঃ,2.112
6265,CA file:,bn,Bengali,qwen2.5-coder:7b,CA ফাইল:,1.12
6266,Certificate,bn,Bengali,qwen2.5-coder:7b,সাক্ষাৎকার,1.374
6267,Tabs,bn,Bengali,qwen2.5-coder:7b,টেবিল,0.869
6268,Navigation mode,bn,Bengali,qwen2.5-coder:7b,নভিগেশন মোড,1.581
6269,Dialog Parent,bn,Bengali,qwen2.5-coder:7b,ডিলগ পারেন্ট,1.846
6270,%1 already exists.,bn,Bengali,qwen2.5-coder:7b,%1 আগেই আছে।,1.79
6271,16th Last,bn,Bengali,qwen2.5-coder:7b,১৬তম উল্টো,1.737
6272,Comic Books,bn,Bengali,qwen2.5-coder:7b,কমিক বই,1.074
6273,Recursions,bn,Bengali,qwen2.5-coder:7b,পূর্বকলাপ,1.434
6274,Unencrypted,bn,Bengali,qwen2.5-coder:7b,অনুমোদিত,1.458
6275,Bond Length:,bn,Bengali,qwen2.5-coder:7b,বন্ড দৈর্য্য:,1.736
6276,Window Management,bn,Bengali,qwen2.5-coder:7b,জanela নিয়ন্ত্রণ,1.956
6277,Permission:,bn,Bengali,qwen2.5-coder:7b,অনুমতি:,1.197
6278,Property Information,bn,Bengali,qwen2.5-coder:7b,মূলধন তথ্য,1.52
6279,Download speed,bn,Bengali,qwen2.5-coder:7b,ডাউনলোড স্পিড,1.874
6280,Profile & name:,bn,Bengali,qwen2.5-coder:7b,প্রোফাইল এবং নাম:,2.384
6281,Local Time,bn,Bengali,qwen2.5-coder:7b,স্থানীয় সময়,2.045
6282,Core engine developer,bn,Bengali,qwen2.5-coder:7b,কেরো ইঞ্জিন ডেভেলপার,2.66
6283,Forwarded,bn,Bengali,qwen2.5-coder:7b,পৌছিয়েছিল,1.616
6284,Removed: 0/ 0,bn,Bengali,qwen2.5-coder:7b,মুছে দিয়েছেন: 0/ 0,2.748
6285,Ethyl-Benzene,bn,Bengali,qwen2.5-coder:7b,ইথিল-বেনজেন,1.526
6286,Turkish,bn,Bengali,qwen2.5-coder:7b,তুর্কি,1.14
6287,Special type:,bn,Bengali,qwen2.5-coder:7b,বিশেষ প্রকার:,1.852
6288,Classifier Settings,bn,Bengali,qwen2.5-coder:7b,ক্লাসাফাইয়ার সেটিংস,2.56
6289,Function Cycle,bn,Bengali,qwen2.5-coder:7b,ফাংশন সাপ্তাহ,1.736
6290,Plasma Window,bn,Bengali,qwen2.5-coder:7b,প্লাসমা জanela,1.493
6291,Instance name:,bn,Bengali,qwen2.5-coder:7b,মূল্যাংশের নাম:,2.199
6292,Energy function,bn,Bengali,qwen2.5-coder:7b,ইন্টারক্স ফাংশন,1.955
6293,& Do Not Save,bn,Bengali,qwen2.5-coder:7b,& সেই না সেভ করো,2.231
6294,Filter Accounts,bn,Bengali,qwen2.5-coder:7b,ফিল্টার অ্যাকাউন্টস,2.399
6295,Index information:,bn,Bengali,qwen2.5-coder:7b,মূল্যাংশ তথ্য:,2.09
6296,Your choices,bn,Bengali,qwen2.5-coder:7b,আপনার বিকল্প,1.623
6297,Brightness / Contrast / Gamma,bn,Bengali,qwen2.5-coder:7b,স্বরোধ / স্পর্ধা / গ্যাম্মা,3.056
6298,Serial Port #1 (Linux),bn,Bengali,qwen2.5-coder:7b,সিরিয়াল পোর্ট #1 (লিনাক্স),3.312
6299,EMF backend for Okular,bn,Bengali,qwen2.5-coder:7b,Okular এর EMF ব্যাকেন্ড,2.395
6300,Nigerian Naira,bn,Bengali,qwen2.5-coder:7b,নাইজিয়ান নারাইয়া,2.584
6301,Sequence,bn,Bengali,qwen2.5-coder:7b,সিৰীজ,1.1
6302,DarkSeaGreen3,bn,Bengali,qwen2.5-coder:7b,কালো মহাসাগর 3,1.93
6303,DeepSkyBlue3,bn,Bengali,qwen2.5-coder:7b,কেন্দ্র স্কি ব্লু ৩,2.607
6304,2D Graph,bn,Bengali,qwen2.5-coder:7b,২ ডি গ্রাফ,1.594
6305,Event:,bn,Bengali,qwen2.5-coder:7b,ই벤্ট:,0.909
6306,Pattern Matching,bn,Bengali,qwen2.5-coder:7b,ছাবার মানচিত্র সন্ধান,2.446
6307,msft-reserved,bn,Bengali,qwen2.5-coder:7b,মিস্ট্রি-রেজার্ড,2.108
6308,Call time:,bn,Bengali,qwen2.5-coder:7b,কলের সময়:,1.68
6309,New Zealand Dollar,bn,Bengali,qwen2.5-coder:7b,নিউজিল্যান্ড ডলার,2.204
6310,Installation Failure,bn,Bengali,qwen2.5-coder:7b,ইন্সটলেশন ব্যর্থি,2.197
6311,. unsaved,bn,Bengali,qwen2.5-coder:7b,আঁকা নেই,1.401
6312,Download Error,bn,Bengali,qwen2.5-coder:7b,ডাউনলোড ভুল,1.787
6313,conic arc,bn,Bengali,qwen2.5-coder:7b,কোনিক অর্ধবৃত্ত,2.208
6314,Max clients:,bn,Bengali,qwen2.5-coder:7b,মаксিমাল ক্লায়েন্ট:,2.403
6315,Current time,bn,Bengali,qwen2.5-coder:7b,বর্তমান সময়,1.806
6316,Nickname list:,bn,Bengali,qwen2.5-coder:7b,নামনীজ তালিকা:,2.016
6317,term,bn,Bengali,qwen2.5-coder:7b,টার্ম,0.933
6318,Call(s) from %1,bn,Bengali,qwen2.5-coder:7b,ফোন কল থেকে %1,2.105
6319,Singles,bn,Bengali,qwen2.5-coder:7b,সিঙ্গস,1.044
6320,RAW Image,bn,Bengali,qwen2.5-coder:7b,রূপনিশ্চিত ছবি,1.897
6321,& Outline,bn,Bengali,qwen2.5-coder:7b,& অংশস্পর্ধা,1.753
6322,Property:,bn,Bengali,qwen2.5-coder:7b,মূলধন:,1.157
6323,& Dictionary:,bn,Bengali,qwen2.5-coder:7b,& অভিধান:,1.311
6324,Subdivision:,bn,Bengali,qwen2.5-coder:7b,সাংস্কৃতিক অংশ:,2.188
6325,Selecting,bn,Bengali,qwen2.5-coder:7b,নির্বাচন,1.275
6326,Interface design,bn,Bengali,qwen2.5-coder:7b,ইন্টারফেস ডিজাইন,2.007
6327,Suspend (STOP),bn,Bengali,qwen2.5-coder:7b,সূচি সমূহ (স্টোপ),2.54
6328,& Work Offline,bn,Bengali,qwen2.5-coder:7b,& অফলাইন করুন,1.848
6329,Strong,bn,Bengali,qwen2.5-coder:7b,কঠিন,0.912
6330,State type:,bn,Bengali,qwen2.5-coder:7b,রাজ্যের ধর্ম:,1.694
6331,Source environment:,bn,Bengali,qwen2.5-coder:7b,সূত্র বর্ণনা:,1.917
6332,native,bn,Bengali,qwen2.5-coder:7b,ন্যাটিক,1.118
6333,Papua New Guinea,bn,Bengali,qwen2.5-coder:7b,পাপুয়া নিউ-গুনিয়া,2.766
6334,Audio device:,bn,Bengali,qwen2.5-coder:7b,অডিউ উপকরণ:,1.554
6335,Function & 7:,bn,Bengali,qwen2.5-coder:7b,ফাংশন & ৭:,1.662
6336,Bar Chart,bn,Bengali,qwen2.5-coder:7b,বার চার্ট,1.402
6337,New type: cisco,bn,Bengali,qwen2.5-coder:7b,নতুন ধরণ: সিস্কো,2.286
6338,Single,bn,Bengali,qwen2.5-coder:7b,একটি,0.822
6339,Edit Short Name,bn,Bengali,qwen2.5-coder:7b,সংক্ষিপ্ত নাম সম্পাদনা,2.862
6340,Password,bn,Bengali,qwen2.5-coder:7b,পাসওয়ার্ড,1.485
6341,The Rack,bn,Bengali,qwen2.5-coder:7b,রেক,0.75
6342,cubic feet,bn,Bengali,qwen2.5-coder:7b,কুবিক ফুট,1.633
6343,Brazil/ East,bn,Bengali,qwen2.5-coder:7b,ব্রাজিল/পূর্ব,1.847
6344,Spray,bn,Bengali,qwen2.5-coder:7b,স্প্রেয়,1.301
6345,Best & Scores,bn,Bengali,qwen2.5-coder:7b,সব সুযোগ এবং স্কোরস,2.937
6346,Folder name,bn,Bengali,qwen2.5-coder:7b,ফোল্ডারের নাম,1.913
6347,Mixer device,bn,Bengali,qwen2.5-coder:7b,মিশ্রণ উстройство,1.459
6348,Application version:,bn,Bengali,qwen2.5-coder:7b,অ্যাপ্লিকেশন সংস্করণ:,2.553
6349,Manganese,bn,Bengali,qwen2.5-coder:7b,মanganese,0.67
6350,Contributions:,bn,Bengali,qwen2.5-coder:7b,অবদানগুলি:,1.51
6351,Channel Topic,bn,Bengali,qwen2.5-coder:7b,চ্যানেল টপিক,1.649
6352,Desktop Background,bn,Bengali,qwen2.5-coder:7b,Desktop Background,0.655
6353,Give Voice,bn,Bengali,qwen2.5-coder:7b,শব্দ দিন,1.225
6354,Output file:,bn,Bengali,qwen2.5-coder:7b,আউটপুট ফাইল:,1.779
6355,File Watcher,bn,Bengali,qwen2.5-coder:7b,ফাইল জনরাটর,1.634
6356,Arcade game,bn,Bengali,qwen2.5-coder:7b,অ্যার্কেড গেম,1.832
6357,Group Policies,bn,Bengali,qwen2.5-coder:7b,গ্রুপ পলিসি,1.637
6358,Control Points,bn,Bengali,qwen2.5-coder:7b,কন্ট্রোল বিন্দু,2.108
6359,Won,bn,Bengali,qwen2.5-coder:7b,জিনিস,0.948
6360,snow,bn,Bengali,qwen2.5-coder:7b,雪,0.538
6361,Passphrase:,bn,Bengali,qwen2.5-coder:7b,পাসফ্রেজ:,1.325
6362,Soundcard Type,bn,Bengali,qwen2.5-coder:7b,আৰোহণ প্ৰকাৰ,2.02
6363,& Hangup string:,bn,Bengali,qwen2.5-coder:7b,& বন্ধ করুন স্ট্রিং:,2.683
6364,Bottom Arrow,bn,Bengali,qwen2.5-coder:7b,নুকি নুকি,1.637
6365,density,bn,Bengali,qwen2.5-coder:7b,মাত্রা,1.038
6366,Base Classifiers,bn,Bengali,qwen2.5-coder:7b,ভাবিষ্যক্ত বিশ্লেষক,2.507
6367,Remove Component,bn,Bengali,qwen2.5-coder:7b,কম্পোনেন্ট সরানো,2.321
6368,Image folder:,bn,Bengali,qwen2.5-coder:7b,ছবি ফোল্ডার:,1.713
6369,Default & search engine:,bn,Bengali,qwen2.5-coder:7b,ডিফল্ট অনুসন্ধান ম Moter:,2.743
6370,recover,bn,Bengali,qwen2.5-coder:7b,রিস্টোর,1.299
6371,& View Cover,bn,Bengali,qwen2.5-coder:7b,& কভি দেখুন,1.653
6372,Color Filters,bn,Bengali,qwen2.5-coder:7b,কালো ফিল্টার,1.752
6373,Find,bn,Bengali,qwen2.5-coder:7b,অনুসন্ধান,1.457
6374,Filesystem Utilization Viewer,bn,Bengali,qwen2.5-coder:7b,ফাইলসিস্টেম উপলব্ধি দেখাল,3.182
6375,Native Language,bn,Bengali,qwen2.5-coder:7b,মাত্রীকরণ,1.448
6376,Carpet,bn,Bengali,qwen2.5-coder:7b,কাপি,0.844
6377,Receiving,bn,Bengali,qwen2.5-coder:7b,গ্রহণ,0.979
6378,Command char:,bn,Bengali,qwen2.5-coder:7b,কমান্ড চ্যার:,1.781
6379,Hungarian,bn,Bengali,qwen2.5-coder:7b,হাঙ্গেরি,1.314
6380,Hue Control Settings,bn,Bengali,qwen2.5-coder:7b,হু নিয়ন্ত্রণ সেটিংস,2.769
6381,Looking Up Kanji,bn,Bengali,qwen2.5-coder:7b,ক্যানজি খুঁজছি,2.406
6382,CadetBlue3,bn,Bengali,qwen2.5-coder:7b,কেডেট ব্লু ৩,2.0
6383,Draw Box:,bn,Bengali,qwen2.5-coder:7b,বক্স ঘুলো:,1.711
6384,"Searching uses of ""%1""",bn,Bengali,qwen2.5-coder:7b,সম্পর্কিত উদাহরণগুলি খুঁজছেন '%1,3.927
6385,turnright (tr),bn,Bengali,qwen2.5-coder:7b,ডানে ঘুরো (tr),2.016
6386,Variable Name:,bn,Bengali,qwen2.5-coder:7b,পরিবর্তনীয় নাম:,2.3
6387,Learn,bn,Bengali,qwen2.5-coder:7b,শিখুনো,1.283
6388,Template Selection,bn,Bengali,qwen2.5-coder:7b,টেমপ্লেট সিলেকশন,2.097
6389,style,bn,Bengali,qwen2.5-coder:7b,স্টাইল,1.083
6390,Guitar,bn,Bengali,qwen2.5-coder:7b,গিটার,1.026
6391,Maximum download speed:,bn,Bengali,qwen2.5-coder:7b,মаксিমাম ডাউনলোড স্পিড:,2.77
6392,Color Profile Conversion,bn,Bengali,qwen2.5-coder:7b,কলর প্রোফাইল অনুযায়ী পরিবর্তন,3.939
6393,Destination Directory:,bn,Bengali,qwen2.5-coder:7b,মূল্যাংশ সম্পর্কে অনুৰোধ করুন:,4.221
6394,Delete route,bn,Bengali,qwen2.5-coder:7b,রুট ডিলিট,1.486
6395,of Tamuz,bn,Bengali,qwen2.5-coder:7b,তামুজের অংশ,1.814
6396,Priority: %1,bn,Bengali,qwen2.5-coder:7b,প্রাথমিকতা: %1,1.816
6397,& Top:,bn,Bengali,qwen2.5-coder:7b,& উপরের:,1.257
6398,This Year,bn,Bengali,qwen2.5-coder:7b,এই বছর,1.14
6399,Received,bn,Bengali,qwen2.5-coder:7b,আমাদের প্রাপ্ত,1.843
6400,Logged in,bn,Bengali,qwen2.5-coder:7b,লগ ইন করেছে,1.525
6401,Human,bn,Bengali,qwen2.5-coder:7b,মানুষ,1.013
6402,Away Settings,bn,Bengali,qwen2.5-coder:7b,আরওয়ার সেটিংস,2.226
6403,Print jobs,bn,Bengali,qwen2.5-coder:7b,প্রিন্ট জোবস,1.738
6404,Plotting with & kchart;,bn,Bengali,qwen2.5-coder:7b,এক্সপ্লোর করুন & kchart;,2.767
6405,material declaration,bn,Bengali,qwen2.5-coder:7b,মালিটি প্রিয়াস্ত্র,2.537
6406,Edit Item...,bn,Bengali,qwen2.5-coder:7b,এইটি সম্পাদনা করুন...,2.547
6407,& Scan for Plugins,bn,Bengali,qwen2.5-coder:7b,& প্লিন্গস জন্য স্ক্যান করুন,3.487
6408,Object Properties,bn,Bengali,qwen2.5-coder:7b,বস্তুর বৈশিষ্ট্যসমূহ,2.835
6409,Clear Diagram,bn,Bengali,qwen2.5-coder:7b,চিত্র স্পষ্ট,1.745
6410,Selected 1,bn,Bengali,qwen2.5-coder:7b,1 সিলেক্ট করা হয়েছে,2.854
6411,Channel Down,bn,Bengali,qwen2.5-coder:7b,চ্যানেল নিম্ন,1.845
6412,Curl Correction,bn,Bengali,qwen2.5-coder:7b,কাউর্ল সংশোধন,1.934
6413,& User ID:,bn,Bengali,qwen2.5-coder:7b,& ব্যবহারকারী ID:,2.148
6414,Starting Player,bn,Bengali,qwen2.5-coder:7b,শীঘ্রই প্লেয়ার শুরু হবে,3.479
6415,Brazilian real,bn,Bengali,qwen2.5-coder:7b,ব্রাজিলীয় রিয়াল,2.442
6416,Symbol View,bn,Bengali,qwen2.5-coder:7b,সিম্বল দৃশ্য,1.73
6417,flower,bn,Bengali,qwen2.5-coder:7b,ফুল,0.826
6418,End Point,bn,Bengali,qwen2.5-coder:7b,শেষ বিন্দু,1.558
6419,Preview Window,bn,Bengali,qwen2.5-coder:7b,প্রোভাইউজ জanela,1.74
6420,Download %1 with KGet.,bn,Bengali,qwen2.5-coder:7b,KGet দিয়ে %1 ডাউনলোড করুন।,3.574
6421,Image Error,bn,Bengali,qwen2.5-coder:7b,ইমেজ ভুল,1.42
6422,Lister,bn,Bengali,qwen2.5-coder:7b,লিস্টার,1.176
6423,Command Description,bn,Bengali,qwen2.5-coder:7b,কমান্ড বর্ণনা,1.773
6424,Choose City,bn,Bengali,qwen2.5-coder:7b,শহর নির্বাচন করুন,2.324
6425,Business Cards 10,bn,Bengali,qwen2.5-coder:7b,ব্যবসা কার্ডস ১০,2.415
6426,Panel background,bn,Bengali,qwen2.5-coder:7b,প্লেন্ট ব্যাকগ্রাউন্ড,2.509
6427,SCSI Interface Information,bn,Bengali,qwen2.5-coder:7b,SCSI ইন্টারফেস তথ্য,2.27
6428,Mounted Camera,bn,Bengali,qwen2.5-coder:7b,সংযুক্ত কamera,1.675
6429,Irrelevant merge command:,bn,Bengali,qwen2.5-coder:7b,অন্যত্রিত মার্জে কমান্ড:,2.946
6430,Nearby,bn,Bengali,qwen2.5-coder:7b,নিজের কাছে,1.457
6431,Birthdays,bn,Bengali,qwen2.5-coder:7b,জন্মদিন,1.133
6432,No service found,bn,Bengali,qwen2.5-coder:7b,কোনো সেবা পাওয়া যায়নি,3.2
6433,Resize,bn,Bengali,qwen2.5-coder:7b,সাইজ পরিবর্তন,1.745
6434,Background color,bn,Bengali,qwen2.5-coder:7b,পেট্রি রং,1.47
6435,LightSkyBlue1,bn,Bengali,qwen2.5-coder:7b,লাইট স্কি ব্লু 1,2.292
6436,Logging out,bn,Bengali,qwen2.5-coder:7b,লগ আউট,1.128
6437,Winbind enum groups,bn,Bengali,qwen2.5-coder:7b,বিন্ড গ্রুপ সনাক্ত করুন,3.315
6438,Match & case,bn,Bengali,qwen2.5-coder:7b,সংশ্লোকন এবং ক্ষেত্র,2.885
6439,Launch with %1,bn,Bengali,qwen2.5-coder:7b,ঘুমাও %1,1.697
6440,localPosition,bn,Bengali,qwen2.5-coder:7b,লোকাল স্থান,1.646
6441,ktimetracker,bn,Bengali,qwen2.5-coder:7b,ক্যালেন্ডার,1.629
6442,& Others,bn,Bengali,qwen2.5-coder:7b,&অন্যায়োগ,1.706
6443,Base family:,bn,Bengali,qwen2.5-coder:7b,মূল পরিবার:,1.741
6444,X rotation,bn,Bengali,qwen2.5-coder:7b,X ঘরানা,1.152
6445,Correct the perspective,bn,Bengali,qwen2.5-coder:7b,সম্প্রতি সঠিক করুন,2.528
6446,front,bn,Bengali,qwen2.5-coder:7b,ফর্টront,0.933
6447,& HSV Adjustment...,bn,Bengali,qwen2.5-coder:7b,&HSV সম্পাদনা...,1.709
6448,Group Scheduling,bn,Bengali,qwen2.5-coder:7b,গ্রুপ সময়সূচি,2.242
6449,& CA certificate:,bn,Bengali,qwen2.5-coder:7b,& CA সertifikেট:,1.476
6450,& Copy Here\t %1,bn,Bengali,qwen2.5-coder:7b,& এখানে কপি করুন\t %1,2.605
6451,Call Graph,bn,Bengali,qwen2.5-coder:7b,কল গ্রাফ,1.379
6452,Video Files,bn,Bengali,qwen2.5-coder:7b,ভিডিও ফাইলসমূহ,1.915
6453,"Find in ""%1""",bn,Bengali,qwen2.5-coder:7b,খুঁজুন '%1,1.868
6454,Collection: %1,bn,Bengali,qwen2.5-coder:7b,সংগ্রহ: %1,1.535
6455,Dimensions,bn,Bengali,qwen2.5-coder:7b,আকার,0.821
6456,policies,bn,Bengali,qwen2.5-coder:7b,পলিসি,1.013
6457,Source Files,bn,Bengali,qwen2.5-coder:7b,সূত্র ফাইলসমূহ,2.121
6458,Player Menu,bn,Bengali,qwen2.5-coder:7b,বিছিন্ন প্লেয়ার,2.208
6459,Disc ID:,bn,Bengali,qwen2.5-coder:7b,ডিস্ক আইডি:,1.623
6460,Patience Card Game,bn,Bengali,qwen2.5-coder:7b,প্রতিরোধ গেম,1.799
6461,Typing Rate,bn,Bengali,qwen2.5-coder:7b,তাপ্য দর,1.255
6462,Up Arrow,bn,Bengali,qwen2.5-coder:7b,আপ অর্ধেক,1.353
6463,File Name:,bn,Bengali,qwen2.5-coder:7b,ফাইলের নাম:,1.531
6464,Selection Window,bn,Bengali,qwen2.5-coder:7b,নির্বাচন জanela,1.605
6465,Standard Gateway,bn,Bengali,qwen2.5-coder:7b,স্টান্ডার্ড গেটওয়ে,2.494
6466,String value:,bn,Bengali,qwen2.5-coder:7b,স্ট্রিং মান:,1.654
6467,SkyBlue4,bn,Bengali,qwen2.5-coder:7b,নебলার সবুজ ৪,1.883
6468,required,bn,Bengali,qwen2.5-coder:7b,আবশ্যক,1.056
6469,Find Component,bn,Bengali,qwen2.5-coder:7b,কম্পোনেন্ট খুঁজুন,2.481
6470,Viola,bn,Bengali,qwen2.5-coder:7b,ভিওলা,0.986
6471,X offset,bn,Bengali,qwen2.5-coder:7b,X অক্ষ অপসেট,1.703
6472,Oufuku Card,bn,Bengali,qwen2.5-coder:7b,অফিকু কার্ড,1.807
6473,Executing script at %1,bn,Bengali,qwen2.5-coder:7b,স্ক্রিপ্ট অনুমোদন করা হচ্ছে %1,3.962
6474,User Details,bn,Bengali,qwen2.5-coder:7b,ব্যবহারকারী বিবরণ,2.341
6475,Be free.,bn,Bengali,qwen2.5-coder:7b,মুক্তি পাও।,1.717
6476,Gantt charts,bn,Bengali,qwen2.5-coder:7b,গ্যান্ট চার্টস,1.936
6477,Network Management,bn,Bengali,qwen2.5-coder:7b,নেটওয়ার্ক ম্যানেজমেন্ট,2.929
6478,I/ O Nice level: %1 (%2),bn,Bengali,qwen2.5-coder:7b,ই/ও ভালো মান: %1 (%2),2.692
6479,forces,bn,Bengali,qwen2.5-coder:7b,"ক্ষমা করুন, আমি এই শব্দটি বাংলা ভাষায় অনুবাদ করতে পারি না।",6.828
6480,search term,bn,Bengali,qwen2.5-coder:7b,অনুসন্ধান শব্দ,1.928
6481,Accuracy:,bn,Bengali,qwen2.5-coder:7b,সঠিকতা:,1.239
6482,3rd Last,bn,Bengali,qwen2.5-coder:7b,৩য় উপরোক্ত,1.894
6483,Cell Tool,bn,Bengali,qwen2.5-coder:7b,ক্যালেন্ডার টুল,2.1
6484,Favorite Folders,bn,Bengali,qwen2.5-coder:7b,পছন্দিত ফোল্ডারস,2.262
6485,Use anti-aliasing,bn,Bengali,qwen2.5-coder:7b,আন্তিমূলক সমূচ্ছান্তি ব্যবহার করুন,4.378
6486,Tape name:,bn,Bengali,qwen2.5-coder:7b,টেপের নাম:,1.535
6487,Visualization Features,bn,Bengali,qwen2.5-coder:7b,ভিজুয়ালাইজেশন অনুশীলনগুলি,3.463
6488,Direct Network Setting,bn,Bengali,qwen2.5-coder:7b,নেটওয়ার্ক সেটিং সরবরোত্ন,3.256
6489,Certificate authority:,bn,Bengali,qwen2.5-coder:7b,সertifikat অনুযায়ী:,2.25
6490,Closing Balance,bn,Bengali,qwen2.5-coder:7b,বন্ধুক্ত ব্যালেন্স,2.318
6491,Main Menu,bn,Bengali,qwen2.5-coder:7b,মূল মেনু,1.497
6492,Access: %1,bn,Bengali,qwen2.5-coder:7b,অ্যাক্সেস: %1,1.75
6493,Header Properties,bn,Bengali,qwen2.5-coder:7b,শিরোনাম সূচনা,2.016
6494,Neutral:,bn,Bengali,qwen2.5-coder:7b,নейট্রাল:,1.25
6495,Audio input device,bn,Bengali,qwen2.5-coder:7b,অডিউ ইনপুট উপকরণ,2.269
6496,Goto,bn,Bengali,qwen2.5-coder:7b,যাও,0.8
6497,Kontact KOrganizer To-do List Plugin,bn,Bengali,qwen2.5-coder:7b,কন্ট্যাক্ট করুন কোর্গ্যানার টো-ডো লিস্ট প্লাগইন,5.607
6498,& Management,bn,Bengali,qwen2.5-coder:7b,& ম্যানেজমেন্ট,1.873
6499,Scaled,bn,Bengali,qwen2.5-coder:7b,স্কেল,0.941
6500,Distribution List %1,bn,Bengali,qwen2.5-coder:7b,ভাগ্যালিস্ট %1,1.939
6501,Using & kchart; in & kspread;,bn,Bengali,qwen2.5-coder:7b,ব্যবহার করুন & kchart; এবং & kspread;,3.509
6502,Hot orange,bn,Bengali,qwen2.5-coder:7b,হট অর্টেজ,1.346
6503,Line Color,bn,Bengali,qwen2.5-coder:7b,লাইন রঙ,1.109
6504,Transparency: %1,bn,Bengali,qwen2.5-coder:7b,সুন্দরতা: %1,1.795
6505,Output of %1,bn,Bengali,qwen2.5-coder:7b,%1 এর আউটপুট,1.857
6506,Expanding,bn,Bengali,qwen2.5-coder:7b,আকার বাড়ানো,1.929
6507,Remove Tracker,bn,Bengali,qwen2.5-coder:7b,ট্র্যাকার সরাও,1.856
6508,Creating horizon,bn,Bengali,qwen2.5-coder:7b,আকাশ তৈরি করা,2.052
6509,Multi-Purpose Tray,bn,Bengali,qwen2.5-coder:7b,মূল্যায়ন ট্রেই,2.279
6510,Combo Box,bn,Bengali,qwen2.5-coder:7b,কম্বো বক্স,1.581
6511,Typing speed:,bn,Bengali,qwen2.5-coder:7b,টাইপিং স্পিড:,1.903
6512,Reject,bn,Bengali,qwen2.5-coder:7b,নিষ্ক্রিয়াম করুন,2.357
6513,Default certificate:,bn,Bengali,qwen2.5-coder:7b,ডিফল্ট সার্টিফিকেট:,2.546
6514,Guide:,bn,Bengali,qwen2.5-coder:7b,গাইড:,1.006
6515,of Dec,bn,Bengali,qwen2.5-coder:7b,অক্টোবর,1.204
6516,Score Weighted,bn,Bengali,qwen2.5-coder:7b,স্কোর বিশ্লেষণ,2.016
6517,Custom 7,bn,Bengali,qwen2.5-coder:7b,স্টাইল ৭,1.648
6518,for,bn,Bengali,qwen2.5-coder:7b,নাম্বারি,1.222
6519,forward Port,bn,Bengali,qwen2.5-coder:7b,পৌরাণিক পোর্ট,1.941
6520,Azores,bn,Bengali,qwen2.5-coder:7b,আজোরস,1.06
6521,The Align Tool,bn,Bengali,qwen2.5-coder:7b,অনুসারণ টুল,1.831
6522,Bass,bn,Bengali,qwen2.5-coder:7b,বাস,0.741
6523,& Custom,bn,Bengali,qwen2.5-coder:7b,& স্বাধ্যায়,1.655
6524,Bytes Sent:,bn,Bengali,qwen2.5-coder:7b,বাইট পাঠিয়েছেন:,2.215
6525,Non-critical,bn,Bengali,qwen2.5-coder:7b,নিরাপদ,1.096
6526,Translation Error,bn,Bengali,qwen2.5-coder:7b,অনুবাদ ভুলি,1.746
6527,momentumVariance,bn,Bengali,qwen2.5-coder:7b,মূল্যবিচার,1.653
6528,France,bn,Bengali,qwen2.5-coder:7b,ফ্রান্স,1.131
6529,Loading,bn,Bengali,qwen2.5-coder:7b,লোডিং,1.019
6530,Usages:,bn,Bengali,qwen2.5-coder:7b,ব্যবহারের সংখ্যা:,2.372
6531,Delete Map?,bn,Bengali,qwen2.5-coder:7b,ম্যাপ ডিলিট করা যাবে?,2.59
6532,K3b Bookmarks,bn,Bengali,qwen2.5-coder:7b,কৃত্রিম বইমার্ক,2.143
6533,Player Pointer,bn,Bengali,qwen2.5-coder:7b,প্লেয়ার পয়েন্টার,2.401
6534,Game New,bn,Bengali,qwen2.5-coder:7b,নতুন খেলা,1.41
6535,Blinking effects,bn,Bengali,qwen2.5-coder:7b,বিচ্ছিন্নতা প্রভাব,2.299
6536,Host Name,bn,Bengali,qwen2.5-coder:7b,হোস্ট নাম,1.495
6537,Creation Date,bn,Bengali,qwen2.5-coder:7b,তৈরি তারিখ,1.525
6538,Double buffer,bn,Bengali,qwen2.5-coder:7b,ডুব্লিউ বাউফার,1.907
6539,Column number,bn,Bengali,qwen2.5-coder:7b,কলোম সংখ্যা,1.757
6540,Side switch frequency:,bn,Bengali,qwen2.5-coder:7b,দাশা বন্ধুকার ঘুরনোং সংখ্যা:,3.905
6541,PGP signature:,bn,Bengali,qwen2.5-coder:7b,PGP সাইgnাচার:,1.656
6542,LDAP machine suffix:,bn,Bengali,qwen2.5-coder:7b,LDAP মশীন সিস্টেমের সাথে যোগাযোগ করতে পারেন:,4.765
6543,Lightness,bn,Bengali,qwen2.5-coder:7b,স্বপ্ন,1.018
6544,Data Sources:,bn,Bengali,qwen2.5-coder:7b,তথ্য উৎসর্গসমূহ:,2.129
6545,Row Source,bn,Bengali,qwen2.5-coder:7b,রৌপ সূর্য,1.54
6546,Maximum speed:,bn,Bengali,qwen2.5-coder:7b,মаксিমাম গতি:,1.549
6547,Deform Amount,bn,Bengali,qwen2.5-coder:7b,ডিফরম অর্থ,1.514
6548,& Contents,bn,Bengali,qwen2.5-coder:7b,& অংশগং ধারণা,1.925
6549,Project Manager View,bn,Bengali,qwen2.5-coder:7b,প্রকল্প ম্যানেজার দৃষ্টি,2.966
6550,Numbers:,bn,Bengali,qwen2.5-coder:7b,নম্বর:,1.048
6551,Request Update,bn,Bengali,qwen2.5-coder:7b,আপডেট অনুরোধ করুন,2.465
6552,Elevation (m):,bn,Bengali,qwen2.5-coder:7b,উচ্চতা (মি.):,1.643
6553,Sheet Selection,bn,Bengali,qwen2.5-coder:7b,শীট সিলেকশন,1.659
6554,Exact Match,bn,Bengali,qwen2.5-coder:7b,সমান সংশ্লোক,1.84
6555,Blur smoothness,bn,Bengali,qwen2.5-coder:7b,ব্লুর সমুদায়,2.076
6556,Bracket highlight,bn,Bengali,qwen2.5-coder:7b,ব্যাসের উল্লেখ,1.784
6557,Write Speed,bn,Bengali,qwen2.5-coder:7b,ক্রমিক সময়,1.562
6558,Torrent activity,bn,Bengali,qwen2.5-coder:7b,টর্নট সক্রিয়া,1.862
6559,Media Device Collection,bn,Bengali,qwen2.5-coder:7b,মিডিয়া উপকরণ সংগ্রহ,2.687
6560,Windows workgroup,bn,Bengali,qwen2.5-coder:7b,Windows গ্রুপ,1.299
6561,Cancelation,bn,Bengali,qwen2.5-coder:7b,বাতিল,0.973
6562,Photograph Properties,bn,Bengali,qwen2.5-coder:7b,ফটো বৈশিষ্ট্য,2.035
6563,& Fit to Size,bn,Bengali,qwen2.5-coder:7b,& আকার সাপেক্ষ,1.953
6564,activity diagram,bn,Bengali,qwen2.5-coder:7b,অ্যাক্টিভিটি ডাইগ্রাম,2.624
6565,Info List View,bn,Bengali,qwen2.5-coder:7b,ইনফো লিস্ট দৃষ্টিকোণ,2.8
6566,Progress indicator,bn,Bengali,qwen2.5-coder:7b,প্রগ্রесс ইন্ডিকেটর,2.182
6567,Cameroon,bn,Bengali,qwen2.5-coder:7b,কমোরোন,1.206
6568,Cisco - Mac Woman,bn,Bengali,qwen2.5-coder:7b,কিসকোস - মেক মহিলা,2.283
6569,Execute,bn,Bengali,qwen2.5-coder:7b,এক্সিকিউট,1.311
6570,Terrain,bn,Bengali,qwen2.5-coder:7b,আংশিক পরিস্থিতি,1.912
6571,? (#063;) Question mark,bn,Bengali,qwen2.5-coder:7b,? (#063;) প্রশ্ন চিহ্ন,2.45
6572,Australia/ Currie,bn,Bengali,qwen2.5-coder:7b,অস্ট্রেলিয়া/কুরিয়া,2.867
6573,New budget,bn,Bengali,qwen2.5-coder:7b,নতুন ব্যাজেট,1.749
6574,Copying CD,bn,Bengali,qwen2.5-coder:7b,CD কপি করা,1.38
6575,seven,bn,Bengali,qwen2.5-coder:7b,সপ্তাহ,0.977
6576,question,bn,Bengali,qwen2.5-coder:7b,প্রশ্ন,0.972
6577,No operation,bn,Bengali,qwen2.5-coder:7b,কোনো অপেরেশন,1.743
6578,at LOCATION,bn,Bengali,qwen2.5-coder:7b,এই স্থানে,1.334
6579,File Tree,bn,Bengali,qwen2.5-coder:7b,ফাইল টীর,1.385
6580,Thumbnail Information,bn,Bengali,qwen2.5-coder:7b,ছবির তথ্য,1.339
6581,Number of moles:,bn,Bengali,qwen2.5-coder:7b,মোলসের সংখ্যা:,2.1
6582,8 Cards,bn,Bengali,qwen2.5-coder:7b,৮ কার্ড,1.257
6583,& DCOP; Functions,bn,Bengali,qwen2.5-coder:7b,& DCOP; ফাংশনসমূহ,2.047
6584,Newsgroup Servers,bn,Bengali,qwen2.5-coder:7b,নিউজগ্রুপ সার্ভারস,2.507
6585,& marble; measuring,bn,Bengali,qwen2.5-coder:7b,& মার্বেল; মeaasuring,1.842
6586,Navigation Keys,bn,Bengali,qwen2.5-coder:7b,নভিগেশন কীবোন্ড,2.059
6587,Maximum bitrate:,bn,Bengali,qwen2.5-coder:7b,মаксিমাম বাইট রেট:,2.101
6588,Document '%1 'opened.,bn,Bengali,qwen2.5-coder:7b,ডকুমেন্ট '%1' খোলা হয়েছে।,3.412
6589,Printer Description,bn,Bengali,qwen2.5-coder:7b,প্রিন্টার বর্ণনা,2.081
6590,Minimum height,bn,Bengali,qwen2.5-coder:7b,মিনিমাম আচ্ছে,1.72
6591,Authorization,bn,Bengali,qwen2.5-coder:7b,অনুমোদন,1.294
6592,Print System,bn,Bengali,qwen2.5-coder:7b,প্রিন্ট সিস্টেম,1.969
6593,2 Suits (Medium),bn,Bengali,qwen2.5-coder:7b,২ সুইট (মধ্যম),2.093
6594,Ivory coast,bn,Bengali,qwen2.5-coder:7b,আইভরি কোস্ট,1.676
6595,Rating:,bn,Bengali,qwen2.5-coder:7b,রিটেইন্গ:,1.25
6596,Short Circuit,bn,Bengali,qwen2.5-coder:7b,কাছাকাছি,1.2
6597,Progress Bar,bn,Bengali,qwen2.5-coder:7b,প্রগ্রесс বার,1.552
6598,13th Last,bn,Bengali,qwen2.5-coder:7b,১৩তম উল্টো,1.843
6599,KDE Info Center,bn,Bengali,qwen2.5-coder:7b,কেই ইন্ফো সেন্টার,2.32
6600,XML Parsing Error,bn,Bengali,qwen2.5-coder:7b,XML প্রস্তাবনা ভূলি,2.217
6601,Andromeda Galaxy,bn,Bengali,qwen2.5-coder:7b,এন্ড্রোমেডা গ্লাস্টি,2.638
6602,Executed,bn,Bengali,qwen2.5-coder:7b,এক্সিকিউটেড,1.588
6603,Filename definition:,bn,Bengali,qwen2.5-coder:7b,ফাইলের নাম অর্থ:,2.032
6604,Progress,bn,Bengali,qwen2.5-coder:7b,প্রগ্রесс,1.11
6605,Color mode,bn,Bengali,qwen2.5-coder:7b,কোলর মোড,1.418
6606,Newsgroups,bn,Bengali,qwen2.5-coder:7b,নিউজগ্রুপস,1.561
6607,Superlative:,bn,Bengali,qwen2.5-coder:7b,সুন্দরতা:,1.465
6608,Maxpect,bn,Bengali,qwen2.5-coder:7b,ম্যাক্সপেক্ট,1.657
6609,Remove selected tag,bn,Bengali,qwen2.5-coder:7b,নির্বাচিত ট্যাগ সরাও,2.5
6610,FS Type,bn,Bengali,qwen2.5-coder:7b,FS টাইপ,1.053
6611,Created,bn,Bengali,qwen2.5-coder:7b,কার্যকলাপ শুরু,1.992
6612,Example Training,bn,Bengali,qwen2.5-coder:7b,উদাহরণ পরিচালনা,1.989
6613,X Offset,bn,Bengali,qwen2.5-coder:7b,X অক্ষ অপসেট,1.659
6614,Swedish,bn,Bengali,qwen2.5-coder:7b,সুইডেনীয়,1.644
6615,Belgian (fr-be),bn,Bengali,qwen2.5-coder:7b,ব্যালজীয় (fr-be),2.072
6616,New PhotoSet,bn,Bengali,qwen2.5-coder:7b,নতুন ফটো সেট,1.895
6617,Unnamed Macro #%1,bn,Bengali,qwen2.5-coder:7b,অননামিত ম্যাক্রো #%1,2.308
6618,Telephone:,bn,Bengali,qwen2.5-coder:7b,ফোন:,0.887
6619,Network routes,bn,Bengali,qwen2.5-coder:7b,নেটওয়ার্ক রাউটস,2.037
6620,General (1),bn,Bengali,qwen2.5-coder:7b,সাধারণ (১),1.424
6621,Photo size,bn,Bengali,qwen2.5-coder:7b,ফটো আকার,1.33
6622,Sound Settings,bn,Bengali,qwen2.5-coder:7b,শব্দ সেটিংস,1.496
6623,Start operation,bn,Bengali,qwen2.5-coder:7b,অপেレーション শুরু করুন,2.08
6624,Tea time:,bn,Bengali,qwen2.5-coder:7b,চা সময়:,1.433
6625,Vocabularies,bn,Bengali,qwen2.5-coder:7b,ভাষায়িক শব্দ সংগ্রহ,2.592
6626,LightGoldenrod,bn,Bengali,qwen2.5-coder:7b,লাইট গোল্ডেন রোড,2.202
6627,stepSize,bn,Bengali,qwen2.5-coder:7b,পরিবর্তন সমূহ,1.759
6628,& Example Tool,bn,Bengali,qwen2.5-coder:7b,& উদাহরণ টুল,1.677
6629,Stretch contrast,bn,Bengali,qwen2.5-coder:7b,কন্ট্রেস্ট বাড়াইন,2.334
6630,Projection:,bn,Bengali,qwen2.5-coder:7b,প্রকল্পনা:,1.339
6631,Miner for kat,bn,Bengali,qwen2.5-coder:7b,মিনার ক্যাট,1.558
6632,Creation date,bn,Bengali,qwen2.5-coder:7b,সৃষ্টির তারিখ,1.747
6633,repeat number {...},bn,Bengali,qwen2.5-coder:7b,নম্বরটি পুনরায় লিখুন {...},3.151
6634,IP Addresses:,bn,Bengali,qwen2.5-coder:7b,ইপ ঠিকানা:,1.385
6635,Preview,bn,Bengali,qwen2.5-coder:7b,প্রোভাইভ,1.261
6636,Get help...,bn,Bengali,qwen2.5-coder:7b,সাহায্য পেতে...,1.854
6637,Log Message,bn,Bengali,qwen2.5-coder:7b,লগ বায়োর্ড,1.739
6638,Group password: %1,bn,Bengali,qwen2.5-coder:7b,গ্রুপ পাসওয়ার্ড: %1,2.693
6639,Pairs,bn,Bengali,qwen2.5-coder:7b,কেটুকোটি,1.431
6640,ImagePlugin_ChannelMixer,bn,Bengali,qwen2.5-coder:7b,চ্যানেল মিশর,1.749
6641,& Kind of Group,bn,Bengali,qwen2.5-coder:7b,& গুপ্পির ধর্ম,1.934
6642,Finished Copying CSS...,bn,Bengali,qwen2.5-coder:7b,CSS কপি করা হয়েছে...,2.295
6643,Paragraph Space,bn,Bengali,qwen2.5-coder:7b,পার্যাপ্ত স্পেস,1.89
6644,Canada/ Atlantic,bn,Bengali,qwen2.5-coder:7b,কানাডা/আলাকা,1.682
6645,Print Style,bn,Bengali,qwen2.5-coder:7b,প্রিন্ট স্টাইল,1.881
6646,Already at %1,bn,Bengali,qwen2.5-coder:7b,আগেই %1,1.121
6647,Music Collection,bn,Bengali,qwen2.5-coder:7b,মuzিক সংগ্রহ,1.646
6648,horizontalBox,bn,Bengali,qwen2.5-coder:7b,হারানোং ব kutি,1.679
6649,< < & Remove,bn,Bengali,qwen2.5-coder:7b,< < & সরাও,1.253
6650,& MAL server name:,bn,Bengali,qwen2.5-coder:7b,& মাল সার্ভারের নাম:,2.414
6651,Increase & Hue,bn,Bengali,qwen2.5-coder:7b,আরও বড়াই & রঙ,1.844
6652,Hangup,bn,Bengali,qwen2.5-coder:7b,বন্ধ করুন,1.387
6653,Nepomuk Activities Service,bn,Bengali,qwen2.5-coder:7b,নেপোমুক ক্রিয়া সেবা,2.782
6654,surname,bn,Bengali,qwen2.5-coder:7b,নাম,0.709
6655,Log & file:,bn,Bengali,qwen2.5-coder:7b,লগ এবং ফাইল:,1.826
6656,Move History,bn,Bengali,qwen2.5-coder:7b,ইতিহাস বন্ধুকরণ,2.056
6657,Do Not Store,bn,Bengali,qwen2.5-coder:7b,না সেভ করো,1.775
6658,Performance Tuning,bn,Bengali,qwen2.5-coder:7b,কার্যক্ষমতা সংশোধন,2.355
6659,Automatic detection,bn,Bengali,qwen2.5-coder:7b,অটোমেটিক সন্ধান,2.042
6660,Manage Filters,bn,Bengali,qwen2.5-coder:7b,ফিল্টার সম্পর্কে সম্পাদনা,2.811
6661,Loading FITS,bn,Bengali,qwen2.5-coder:7b,FITS লোড হচ্ছে,1.946
6662,Access Point scanning (ap_scan),bn,Bengali,qwen2.5-coder:7b,অ্যাক্সেস পয়েন্ট স্ক্যান (ap_scan),3.724
6663,Name Selection,bn,Bengali,qwen2.5-coder:7b,নাম নির্বাচন,1.674
6664,space,bn,Bengali,qwen2.5-coder:7b,স্পেস,0.914
6665,Players are %1 and %2,bn,Bengali,qwen2.5-coder:7b,খেলোর নাম %1 এবং %2,2.526
6666,(La)TeX Source Files,bn,Bengali,qwen2.5-coder:7b,(লাটেক্স) সূত্র ফাইলগুলি,3.172
6667,Case & sensitive,bn,Bengali,qwen2.5-coder:7b,কেস এবং সান্সেন্সিটিভ,2.74
6668,Unable to find '%1 ',bn,Bengali,qwen2.5-coder:7b,আমি '%1' খুঁজে পাইনি,2.817
6669,Stamp,bn,Bengali,qwen2.5-coder:7b,স্টেম্প,1.117
6670,Enter for example lp.,bn,Bengali,qwen2.5-coder:7b,লিপির উদাহরণ দিন: lp.,2.426
6671,Delta Row,bn,Bengali,qwen2.5-coder:7b,ডেল্টা রো লাইন,1.924
6672,Wavelength:,bn,Bengali,qwen2.5-coder:7b,বেলায়েট:,1.435
6673,Continue,bn,Bengali,qwen2.5-coder:7b,চালিয়ে যাও,1.572
6674,Transfer,bn,Bengali,qwen2.5-coder:7b,নিয়ন্ত্রণ,1.437
6675,Backup suffix,bn,Bengali,qwen2.5-coder:7b,ব্যাকআপ সাউফিক,1.745
6676,Fisheye lens,bn,Bengali,qwen2.5-coder:7b,ফিশেয়া লেন্স,1.974
6677,Box Properties,bn,Bengali,qwen2.5-coder:7b,ব kutubোৰ সূচনা,1.925
6678,Image file name:,bn,Bengali,qwen2.5-coder:7b,ছবির ফাইলের নাম:,2.0
6679,Background transparency:,bn,Bengali,qwen2.5-coder:7b,পেট্রিয়াটি স্বাভাবিকতা:,2.993
6680,Test Actions,bn,Bengali,qwen2.5-coder:7b,নির্ধারিত করুন,1.967
6681,Editing Expressions/ Actions,bn,Bengali,qwen2.5-coder:7b,এক্সপ্রেশনগুলি/অ্যাকশন সম্পাদনা,3.533
6682,Target language:,bn,Bengali,qwen2.5-coder:7b,মূল্যাংশ:,1.536
6683,KOrganizer event duration:,bn,Bengali,qwen2.5-coder:7b,কোর্গানার ঘটনার সময়সূচক:,3.316
6684,project configuration file,bn,Bengali,qwen2.5-coder:7b,প্রকল্প সমন্বয় ফাইল,2.553
6685,Plugin for KGet,bn,Bengali,qwen2.5-coder:7b,KGet এর একটি প্লাগইন,2.247
6686,ask,bn,Bengali,qwen2.5-coder:7b,অনুৰোধ করুন,1.918
6687,KDE's application finder,bn,Bengali,qwen2.5-coder:7b,KDE এর অ্যাপ্লিকেশন খুঁজকারী,3.789
6688,Formula tool,bn,Bengali,qwen2.5-coder:7b,ফরমুলা টুল,1.684
6689,Domain & name:,bn,Bengali,qwen2.5-coder:7b,ডোমেন এবং নাম:,2.183
6690,Data Format,bn,Bengali,qwen2.5-coder:7b,ডেটা ফরম্যাট,1.693
6691,Size (KB),bn,Bengali,qwen2.5-coder:7b,আকার (KB),1.185
6692,Video Bitrate:,bn,Bengali,qwen2.5-coder:7b,ভিডিও বিট রেট:,1.924
6693,Could not start %1,bn,Bengali,qwen2.5-coder:7b,%1 শুরু করতে পারেনি,2.703
6694,TTY/ TTD Phone,bn,Bengali,qwen2.5-coder:7b,TTY/ TTD ফোন,1.475
6695,Online Enrollment Method,bn,Bengali,qwen2.5-coder:7b,অনলাইন অনরোধ পদ্ধতি,2.455
6696,Text Association,bn,Bengali,qwen2.5-coder:7b,টেক্সট সম্পর্ক,1.756
6697,openDesktop Account,bn,Bengali,qwen2.5-coder:7b,অ্যাকাউন্ট খোলুন,2.167
6698,File Listing Options,bn,Bengali,qwen2.5-coder:7b,ফাইল তালিকা অপশনসমূহ,2.605
6699,Image Sizes,bn,Bengali,qwen2.5-coder:7b,ছবির আকার,1.387
6700,Port number,bn,Bengali,qwen2.5-coder:7b,পোর্ট নম্বর,1.639
6701,Skin Definition,bn,Bengali,qwen2.5-coder:7b,স্কিন সংজ্ঞা,1.717
6702,of Qi`dah,bn,Bengali,qwen2.5-coder:7b,কীড়ার থেকে,1.772
6703,Image formats,bn,Bengali,qwen2.5-coder:7b,ইমেজ ফরম্যাটস,1.69
6704,Lattice Maze,bn,Bengali,qwen2.5-coder:7b,লেটিস মেজ,1.324
6705,Parsing Error,bn,Bengali,qwen2.5-coder:7b,সинটেক্স ভূল,1.562
6706,Edit IPTC...,bn,Bengali,qwen2.5-coder:7b,এডিট আইপটিসি...,1.768
6707,Template Management,bn,Bengali,qwen2.5-coder:7b,টেমপ্লেট ম্যানেজমেন্ট,2.409
6708,Javanese,bn,Bengali,qwen2.5-coder:7b,জাবানীয়,1.487
6709,Heavy,bn,Bengali,qwen2.5-coder:7b,বড়,0.821
6710,File Comparison And Merge,bn,Bengali,qwen2.5-coder:7b,ফাইল তুলনা এবং মাস্করণ,2.862
6711,View Modes,bn,Bengali,qwen2.5-coder:7b,ভিউ মোডস,1.291
6712,Source Revision,bn,Bengali,qwen2.5-coder:7b,সূত্র সংশ্লেষণ,1.979
6713,Postscript Tools,bn,Bengali,qwen2.5-coder:7b,পোস্টস্ক্রিপ্ট টুলস,2.618
6714,Dial prefix:,bn,Bengali,qwen2.5-coder:7b,প্রিফিক্স দিন:,2.001
6715,Bookmark Media Sources View,bn,Bengali,qwen2.5-coder:7b,মিডিয়া উৎস প্রদর্শন বুকমার্ক,3.453
6716,Romania,bn,Bengali,qwen2.5-coder:7b,রোমানিয়া,1.489
6717,Preview URL:,bn,Bengali,qwen2.5-coder:7b,প্রোভাইভ আইউআরএল:,2.233
6718,hide (sh),bn,Bengali,qwen2.5-coder:7b,গুলি দূর করুন (sh),2.52
6719,Presentation Slides:,bn,Bengali,qwen2.5-coder:7b,প্রেজেন্টেশন স্লাইডস:,2.615
6720,Authentication direction:,bn,Bengali,qwen2.5-coder:7b,অনুমোদন দিকে:,1.978
6721,Year Format,bn,Bengali,qwen2.5-coder:7b,বছর ফরম্যাট,1.57
6722,XMLUI conversion,bn,Bengali,qwen2.5-coder:7b,XMLUI অনুযায়ী পরিবর্তন,2.775
6723,Phrases,bn,Bengali,qwen2.5-coder:7b,ফразা,0.733
6724,Fertility,bn,Bengali,qwen2.5-coder:7b,মানসিক শক্তি,1.569
6725,Generate Stub,bn,Bengali,qwen2.5-coder:7b,স্টুব তৈরি করুন,2.454
6726,RoundRect,bn,Bengali,qwen2.5-coder:7b,আয়োজনীয় আকৃতি,2.438
6727,Bit depth:,bn,Bengali,qwen2.5-coder:7b,বিট দৈর্ঘ্য:,1.674
6728,Håvard Frøiland & Haavard. Froeiland. mail;,bn,Bengali,qwen2.5-coder:7b,হাবর্ড ফ্রোইল্যাং & হাবর্ড. ফ্রোইল্যাং. ইমেল;,5.296
6729,restLengthVariance,bn,Bengali,qwen2.5-coder:7b,রেস্ট লেন্থ ভিন্নতা,2.41
6730,Cloudy,bn,Bengali,qwen2.5-coder:7b,আবার বেশি ব্যাস্ত,2.057
6731,Center:,bn,Bengali,qwen2.5-coder:7b,কেন্দ্র:,1.144
6732,This week,bn,Bengali,qwen2.5-coder:7b,এই সপ্তাহ,1.311
6733,Measurement Converter,bn,Bengali,qwen2.5-coder:7b,ম easurement কনভার্টার,1.679
6734,Kate Highlight Definition,bn,Bengali,qwen2.5-coder:7b,কেট হাইলাইট অর্থ,2.109
6735,Account Type,bn,Bengali,qwen2.5-coder:7b,হিসাবের ধরনি,1.64
6736,soft,bn,Bengali,qwen2.5-coder:7b,সফট,0.701
6737,publisher,bn,Bengali,qwen2.5-coder:7b,প্রকাশক,1.108
6738,Change share command:,bn,Bengali,qwen2.5-coder:7b,শেয়ার কমান্ড পরিবর্তন করুন:,3.263
6739,Look at %1,bn,Bengali,qwen2.5-coder:7b,আপনি %1 দেখো,1.702
6740,Display options:,bn,Bengali,qwen2.5-coder:7b,প্রদর্শন বিকল্প:,2.066
6741,White Wine,bn,Bengali,qwen2.5-coder:7b,সাঁকোলা,1.21
6742,Settlement,bn,Bengali,qwen2.5-coder:7b,সমাধান,1.037
6743,dark green,bn,Bengali,qwen2.5-coder:7b,কালো,1.064
6744,Extender Position,bn,Bengali,qwen2.5-coder:7b,স্থানান্ত্রিত স্থান,2.447
6745,Page & set:,bn,Bengali,qwen2.5-coder:7b,পৃষ্ঠা & সেট:,1.732
6746,Ctrl; Q File Quit,bn,Bengali,qwen2.5-coder:7b,Ctrl; Q ফাইল বন্ধ করুন,2.391
6747,& Groups,bn,Bengali,qwen2.5-coder:7b,& সমূহগুলি,1.674
6748,Game Fleet Overview,bn,Bengali,qwen2.5-coder:7b,গেম ফ্লীট অভ্যাস,2.213
6749,Slope Practise,bn,Bengali,qwen2.5-coder:7b,স্লোপ পрактиক,1.541
6750,& Topic,bn,Bengali,qwen2.5-coder:7b,& বিষয়,1.227
6751,Line art,bn,Bengali,qwen2.5-coder:7b,লাইন অর্ট,1.327
6752,At Night,bn,Bengali,qwen2.5-coder:7b,সন্ধ্যায়,1.399
6753,& Matrix Environments,bn,Bengali,qwen2.5-coder:7b,& ম্যাট্রিক্স উইন্টারভেক্স,2.979
6754,Window Tabbing,bn,Bengali,qwen2.5-coder:7b,ত,0.713
6755,Magnification,bn,Bengali,qwen2.5-coder:7b,আকার বাড়ান (Zoom),1.912
6756,Tag actions,bn,Bengali,qwen2.5-coder:7b,ট্যাগ অ্যাকশন,1.655
6757,Directory security mask:,bn,Bengali,qwen2.5-coder:7b,ডিরেক্টরি সীমানা ম্যাস্ক:,3.167
6758,Move 1,bn,Bengali,qwen2.5-coder:7b,মুভ ১,1.142
6759,Published: %1,bn,Bengali,qwen2.5-coder:7b,প্রকাশিত: %1,1.538
6760,CSV File,bn,Bengali,qwen2.5-coder:7b,CSV ফাইল,0.992
6761,Auto Sheet Feeder,bn,Bengali,qwen2.5-coder:7b,অটো শীট ফিডার,2.006
6762,Done,bn,Bengali,qwen2.5-coder:7b,সম্পন্ন,1.143
6763,DarkBlue,bn,Bengali,qwen2.5-coder:7b,কালো বাজার,1.499
6764,Tape mounted.,bn,Bengali,qwen2.5-coder:7b,তাপি স্থাপিত।,1.709
6765,Glossy finishing,bn,Bengali,qwen2.5-coder:7b,মূল্যবান শেষ পরিচালনা,2.73
6766,CVS & Output,bn,Bengali,qwen2.5-coder:7b,CVS & আউটপুট,1.663
6767,Pointer acceleration,bn,Bengali,qwen2.5-coder:7b,কার্সোর স্পীড,1.967
6768,Thumbnail size,bn,Bengali,qwen2.5-coder:7b,ছবির আকার,1.319
6769,& Standard scheme:,bn,Bengali,qwen2.5-coder:7b,& স্টান্ডার্ড স্কিমে:,2.467
6770,Brightness / Contrast,bn,Bengali,qwen2.5-coder:7b,স্বরোধ / স্পর্ধা,2.123
6771,Network Printer Information,bn,Bengali,qwen2.5-coder:7b,নেটওয়ার্ক প্রিন্টার তথ্য,2.972
6772,Message Box dialog,bn,Bengali,qwen2.5-coder:7b,মেসেজ বок্স ডিলগ করুন,2.494
6773,Snake Wipe Effect,bn,Bengali,qwen2.5-coder:7b,সнейক স্বীকরণ,1.712
6774,D Code Generation,bn,Bengali,qwen2.5-coder:7b,D কোড সৃষ্টি,1.861
6775,Source Selection,bn,Bengali,qwen2.5-coder:7b,সূত্র সমন্বয়,1.843
6776,New Moon,bn,Bengali,qwen2.5-coder:7b,নতুন মাস,1.273
6777,Problem Reporter View,bn,Bengali,qwen2.5-coder:7b,প্রস্তাবিত সমস্যা দেখাও,2.665
6778,inactive,bn,Bengali,qwen2.5-coder:7b,নিষ্ক্রিয়াম,1.73
6779,triangle,bn,Bengali,qwen2.5-coder:7b,ত্রিভুজ,1.212
6780,Basis Calculation method,bn,Bengali,qwen2.5-coder:7b,ভাবনা গণনা পদ্ধতি,2.308
6781,Button size:,bn,Bengali,qwen2.5-coder:7b,বুটন আকার:,1.475
6782,& Temperatures,bn,Bengali,qwen2.5-coder:7b,& তাপমাত্রা,1.58
6783,spriteshow (ss),bn,Bengali,qwen2.5-coder:7b,স্প্রিট শো (স্য),2.056
6784,Grandma,bn,Bengali,qwen2.5-coder:7b,মামা,0.825
6785,Mailing List,bn,Bengali,qwen2.5-coder:7b,মেইলিং লিস্ট,1.654
6786,& User Mailing List,bn,Bengali,qwen2.5-coder:7b,& ব্যবহারকারী পত্রিকা,2.716
6787,JavaScript area,bn,Bengali,qwen2.5-coder:7b,JavaScript অঞ্চল,1.221
6788,& Deny,bn,Bengali,qwen2.5-coder:7b,&না দেন,1.12
6789,Presentation Document...,bn,Bengali,qwen2.5-coder:7b,প্রেজেন্টেশন অক্ষরা...,2.377
6790,(Reverse DCC),bn,Bengali,qwen2.5-coder:7b,(পরিবার্তিত ডিএসসিটি),2.501
6791,Previous Terminal,bn,Bengali,qwen2.5-coder:7b,পূর্বী টার্মিনাল,2.285
6792,Panamanian Balboa,bn,Bengali,qwen2.5-coder:7b,পানামিয়ান বাল্বোা,2.497
6793,Doing A Directory Merge,bn,Bengali,qwen2.5-coder:7b,ডিরেকটরি মার্জের করা আছে,3.122
6794,Telephone/ Fax:,bn,Bengali,qwen2.5-coder:7b,ফোন/ফ্যাক্স:,1.737
6795,timeScale,bn,Bengali,qwen2.5-coder:7b,সময় স্কেল,1.474
6796,Edit Element,bn,Bengali,qwen2.5-coder:7b,এлемент সম্পাদনা,1.548
6797,Volume Name:,bn,Bengali,qwen2.5-coder:7b,ভূমিকা নাম:,1.639
6798,Slovakia,bn,Bengali,qwen2.5-coder:7b,স্লোvakia,1.137
6799,Drop speed,bn,Bengali,qwen2.5-coder:7b,ড롭 স্পিড,1.182
6800,Original:,bn,Bengali,qwen2.5-coder:7b,অনিমিত:,1.094
6801,Capitalize,bn,Bengali,qwen2.5-coder:7b,ক্যাপিটালাইজ করুন,2.139
6802,Header position:,bn,Bengali,qwen2.5-coder:7b,শিরোকের স্থান:,1.936
6803,Client channel:,bn,Bengali,qwen2.5-coder:7b,কার্যকরী চ্যানেল:,2.181
6804,File Format,bn,Bengali,qwen2.5-coder:7b,ফাইল ফরম্যাট,1.584
6805,Level?,bn,Bengali,qwen2.5-coder:7b,স্তর?,0.889
6806,Channel,bn,Bengali,qwen2.5-coder:7b,চ্যানেল,1.05
6807,Cover size,bn,Bengali,qwen2.5-coder:7b,কভির আকার,1.29
6808,ColorSmart Business Graphics,bn,Bengali,qwen2.5-coder:7b,কালোস্ম্যট বাসিন্দা গ্রাফিকস,3.271
6809,Screen Brightness,bn,Bengali,qwen2.5-coder:7b,স্ক্রিন বৃত্তি,1.911
6810,Compass Labels,bn,Bengali,qwen2.5-coder:7b,কম্পাস লেবেলস,1.755
6811,(never),bn,Bengali,qwen2.5-coder:7b,(ব্যাপকভাবে),1.572
6812,Team Development,bn,Bengali,qwen2.5-coder:7b,টিম ডেভেলপমেন্ট,1.861
6813,Profile name,bn,Bengali,qwen2.5-coder:7b,প্রোফাইলের নাম,1.829
6814,Query,bn,Bengali,qwen2.5-coder:7b,অনুসন্ধান,1.391
6815,Major radius:,bn,Bengali,qwen2.5-coder:7b,মূল তলা:,1.336
6816,& Password:,bn,Bengali,qwen2.5-coder:7b,&পাসওয়ার্ড:,1.777
6817,MediumPurple4,bn,Bengali,qwen2.5-coder:7b,মধ্যম ফাঁক ৪,1.798
6818,Endless,bn,Bengali,qwen2.5-coder:7b,বিশ্বস্ত,1.189
6819,Payee,bn,Bengali,qwen2.5-coder:7b,পায়ি দানারো,1.735
6820,User Manual,bn,Bengali,qwen2.5-coder:7b,ব্যবহারকৃত প্রোগ্রাম,2.479
6821,Existing:,bn,Bengali,qwen2.5-coder:7b,ইতিহাস:,1.057
6822,forward X,bn,Bengali,qwen2.5-coder:7b,পৌঁছি X,1.357
6823,Icon size,bn,Bengali,qwen2.5-coder:7b,আইকন আকার,1.276
6824,SSL Certificate Password,bn,Bengali,qwen2.5-coder:7b,SSL সংযোগের পাসওয়ার্ড,2.603
6825,Below,bn,Bengali,qwen2.5-coder:7b,নিচে,0.781
6826,& kaddressbook; -gt; & korganizer; To-do List,bn,Bengali,qwen2.5-coder:7b,& kaddressbook; -gt; & korganizer; কর্মসূচিয়াল তালিকা,4.479
6827,Updating %1...,bn,Bengali,qwen2.5-coder:7b,আপডেট হচ্ছে %1...,2.034
6828,Feeds added: %1,bn,Bengali,qwen2.5-coder:7b,ফিড যোগ করা: %1,2.041
6829,Shared %1,bn,Bengali,qwen2.5-coder:7b,ভাগ্যিত করা %1,1.805
6830,Rename download,bn,Bengali,qwen2.5-coder:7b,নিবন্ধন পরিবর্তন করুন,2.622
6831,& Collection...,bn,Bengali,qwen2.5-coder:7b,& সংগ্রহ...,1.479
6832,Customizing & kuser;,bn,Bengali,qwen2.5-coder:7b,ব্যবস্থাপনা & কুস্টমার;,2.931
6833,User certificate,bn,Bengali,qwen2.5-coder:7b,ব্যবহারকারী সাক্ষরতা,2.55
6834,Calendar View,bn,Bengali,qwen2.5-coder:7b,ক্যালেন্ডার দৃষ্টি,2.395
6835,Ascending,bn,Bengali,qwen2.5-coder:7b,আমি উপর যাওয়া থাকি,2.419
6836,East,bn,Bengali,qwen2.5-coder:7b,পূর্ব,1.014
6837,Printing error,bn,Bengali,qwen2.5-coder:7b,প্রিন্টিং ভূমিকা,2.163
6838,Levels of Gray,bn,Bengali,qwen2.5-coder:7b,গ্রেয়ার স্তরগুলি,2.4
6839,Group widgets,bn,Bengali,qwen2.5-coder:7b,গুপ্ত বিশিষ্ট্যবস্তু,2.692
6840,Strikethrough,bn,Bengali,qwen2.5-coder:7b,ক্রমান্তি,1.428
6841,Test Groups,bn,Bengali,qwen2.5-coder:7b,পরীক্ষা সমূহগুলি,2.356
6842,Consolidate,bn,Bengali,qwen2.5-coder:7b,সংযুক্ত করুন,1.997
6843,Confidential,bn,Bengali,qwen2.5-coder:7b,প্রাইভেট,1.202
6844,New Hole,bn,Bengali,qwen2.5-coder:7b,নতুন খালি,1.359
6845,& Vertically,bn,Bengali,qwen2.5-coder:7b,& স্থানানীয়,1.794
6846,& Spanish To,bn,Bengali,qwen2.5-coder:7b,& স্পেনিশ থেকে,1.762
6847,Any character,bn,Bengali,qwen2.5-coder:7b,কোনো অক্ষর,1.61
6848,& Ban List,bn,Bengali,qwen2.5-coder:7b,& ব্যাংক তালিকা,1.904
6849,European foolscap,bn,Bengali,qwen2.5-coder:7b,ইউরোপীয়ান ফোল্সক্যাপ,2.967
6850,Plot & Area...,bn,Bengali,qwen2.5-coder:7b,মানচিত্র এবং ক্ষেত্রফল...,2.996
6851,Stage & Padding:,bn,Bengali,qwen2.5-coder:7b,স্টেজ এবং প্যাডিং:,2.504
6852,Framework Version,bn,Bengali,qwen2.5-coder:7b,ফ্রেমওয়ার্ক ভাব্যাব্যক্তি,3.091
6853,Minimum rate of growth,bn,Bengali,qwen2.5-coder:7b,মূল্যায়ী বৃদ্ধির সূচক,3.278
6854,Mono-Channel,bn,Bengali,qwen2.5-coder:7b,মূল্যাংশ,1.365
6855,Dial,bn,Bengali,qwen2.5-coder:7b,ডাইল,0.807
6856,Boron,bn,Bengali,qwen2.5-coder:7b,বরোন,0.967
6857,Function & 5:,bn,Bengali,qwen2.5-coder:7b,ফাংশন & ৫:,1.641
6858,Castle View,bn,Bengali,qwen2.5-coder:7b,ক্ষেত্র দৃশ্য,1.863
6859,The panel,bn,Bengali,qwen2.5-coder:7b,প্লেনেল,1.09
6860,Grow...,bn,Bengali,qwen2.5-coder:7b,বাস্তু বৃদ্ধি...,1.908
6861,East Flanders,bn,Bengali,qwen2.5-coder:7b,পূর্ব ফ্ল্যাংডার্স,2.404
6862,Files > >,bn,Bengali,qwen2.5-coder:7b,ফাইলসমূহ > >,1.557
6863,Iris Wipe Effect,bn,Bengali,qwen2.5-coder:7b,আইরিস স্বীকৃতি,2.107
6864,Idle.,bn,Bengali,qwen2.5-coder:7b,বাস্তিক,1.281
6865,Files:,bn,Bengali,qwen2.5-coder:7b,ফাইলসমূহ:,1.384
6866,Bottom Dock,bn,Bengali,qwen2.5-coder:7b,নুবার দোকান,1.754
6867,New type: other,bn,Bengali,qwen2.5-coder:7b,নতুন ধরণ: অন্য,1.908
6868,K3b data project,bn,Bengali,qwen2.5-coder:7b,কৃত্রিম ডেটা প্রকল্প,2.563
6869,Smooth point,bn,Bengali,qwen2.5-coder:7b,সমুদ্র বিন্দু,1.872
6870,Output Bin,bn,Bengali,qwen2.5-coder:7b,আউটপুট বিন,1.514
6871,Dark Blue,bn,Bengali,qwen2.5-coder:7b,কালো বাজার,1.465
6872,union,bn,Bengali,qwen2.5-coder:7b,ইউনিয়ন,1.136
6873,Application version string,bn,Bengali,qwen2.5-coder:7b,অ্যাপ্লিকেশন সংস্করণ স্ট্রিং,3.192
6874,Space Arcade Game,bn,Bengali,qwen2.5-coder:7b,স্পেস অ্যার্কেড গেম,2.399
6875,Subscription,bn,Bengali,qwen2.5-coder:7b,সাবস্ক্রিপশন,1.56
6876,Custom 4,bn,Bengali,qwen2.5-coder:7b,কাস্টম ৪,1.307
6877,Clipboard History,bn,Bengali,qwen2.5-coder:7b,ক্লাপবোর্ড ইতিহাস,2.127
6878,BCC:,bn,Bengali,qwen2.5-coder:7b,বিবেচনা:,1.198
6879,Number of toasters,bn,Bengali,qwen2.5-coder:7b,তোস্টারের সংখ্যা,2.179
6880,Pad 8 - Sweep,bn,Bengali,qwen2.5-coder:7b,পদ ৮ - স্পীঘি,2.0
6881,Graphics system:,bn,Bengali,qwen2.5-coder:7b,গ্রাফিক্স সিস্টেম:,2.146
6882,Unmodified,bn,Bengali,qwen2.5-coder:7b,অন্যায়ীকৃত,1.787
6883,Cache size:,bn,Bengali,qwen2.5-coder:7b,ক্যাশ আকার:,1.479
6884,& Mail this...,bn,Bengali,qwen2.5-coder:7b,&ইমেইল দিন...,1.477
6885,Project Close Project,bn,Bengali,qwen2.5-coder:7b,প্রকল্প বন্ধ করুন,2.205
6886,Stacker-Separator-Collator,bn,Bengali,qwen2.5-coder:7b,স্ট্যাকার-সেপারেটর-কলামার,2.948
6887,Gray Scale,bn,Bengali,qwen2.5-coder:7b,গ্রেই স্কেল,1.455
6888,Screen size:,bn,Bengali,qwen2.5-coder:7b,মানের আকার:,1.534
6889,Height 1,bn,Bengali,qwen2.5-coder:7b,উচ্চতা ১,1.361
6890,Functions,bn,Bengali,qwen2.5-coder:7b,ফাংশনসমূহ,1.365
6891,Start In Terminal,bn,Bengali,qwen2.5-coder:7b,টার্মিনালে শুরু,2.077
6892,resource,bn,Bengali,qwen2.5-coder:7b,সূচনা,1.019
6893,Strange,bn,Bengali,qwen2.5-coder:7b,বিশ্বাস নেই,1.496
6894,Function group,bn,Bengali,qwen2.5-coder:7b,ফাংশন গুপ্পি,1.68
6895,Date format,bn,Bengali,qwen2.5-coder:7b,তারিখ ফরম্যাট,1.71
6896,Property Changes,bn,Bengali,qwen2.5-coder:7b,মূল্য পরিবর্তন,1.864
6897,& Descending,bn,Bengali,qwen2.5-coder:7b,& নিম্নলিখিত,1.658
6898,Example.,bn,Bengali,qwen2.5-coder:7b,উদাহরণ।,1.175
6899,Frame Shape,bn,Bengali,qwen2.5-coder:7b,ফ্রেম আকোশ,1.541
6900,User Identification,bn,Bengali,qwen2.5-coder:7b,ব্যবহারকারী পরিচয়,2.441
6901,Increase contrast,bn,Bengali,qwen2.5-coder:7b,কন্ট্রেস্ট বৃদ্ধি,2.295
6902,Function macro,bn,Bengali,qwen2.5-coder:7b,ফাংশন ম্যাক্রো,1.841
6903,Volume accounting:,bn,Bengali,qwen2.5-coder:7b,ভ্যামল অ্যাকাউন্টিং:,2.432
6904,Preferred accounts,bn,Bengali,qwen2.5-coder:7b,পছন্দিত অ্যাকাউন্টস,2.345
6905,Do n't Panic,bn,Bengali,qwen2.5-coder:7b,না পরিষ্কার হোন,2.169
6906,Latvian latas,bn,Bengali,qwen2.5-coder:7b,লাটভিয়ান লাটাস,2.137
6907,Look Desert Theme,bn,Bengali,qwen2.5-coder:7b,আমেরিকা স্থানীয়া থিম,2.638
6908,Minimum Expanding,bn,Bengali,qwen2.5-coder:7b,মিনিমাম অন্তর্বর্তন,2.328
6909,RTF Compressed,bn,Bengali,qwen2.5-coder:7b,RTF সংক্ষারণ,1.668
6910,Row source:,bn,Bengali,qwen2.5-coder:7b,রৌপ সূর্য়ক্ষা:,2.115
6911,Rendering Intent,bn,Bengali,qwen2.5-coder:7b,রেন্ডারিং ইন্টেন্ট,2.27
6912,Memory view,bn,Bengali,qwen2.5-coder:7b,মেমরি দৃশ্য,1.57
6913,New folder,bn,Bengali,qwen2.5-coder:7b,নতুন ফোল্ডার,1.75
6914,Silver,bn,Bengali,qwen2.5-coder:7b,সালভের,1.001
6915,Main Script File,bn,Bengali,qwen2.5-coder:7b,মূল স্ক্রিপ্ট ফাইল,2.344
6916,%1 has been exited.,bn,Bengali,qwen2.5-coder:7b,%1 বন্ধ হয়েছে।,2.151
6917,View Style,bn,Bengali,qwen2.5-coder:7b,স্টাইল দেখুন,1.77
6918,Go To,bn,Bengali,qwen2.5-coder:7b,যাও,0.727
6919,Color Matrix,bn,Bengali,qwen2.5-coder:7b,কোলর ম্যাট্রিক্স,2.046
6920,Skip Item,bn,Bengali,qwen2.5-coder:7b,আইটেম বাদ দিন,1.679
6921,Letter Synchronization,bn,Bengali,qwen2.5-coder:7b,সম্পর্কিত অক্ষর সূচনা,2.635
6922,Time Tracker Component,bn,Bengali,qwen2.5-coder:7b,সময় ট্র্যাকার অংশ,2.503
6923,Shutter priority,bn,Bengali,qwen2.5-coder:7b,শটার প্রিয়োরিটি,2.301
6924,Average,bn,Bengali,qwen2.5-coder:7b,মোটামোটি,1.426
6925,Translated,bn,Bengali,qwen2.5-coder:7b,অনুবাদ,1.105
6926,Scan Network,bn,Bengali,qwen2.5-coder:7b,নেটওয়ার্ক স্ক্যান,2.382
6927,Play Order,bn,Bengali,qwen2.5-coder:7b,প্লে অর্ডার,1.558
6928,Add Scripts,bn,Bengali,qwen2.5-coder:7b,স্ক্রিপ্ট যোগ করুন,2.519
6929,KTTS - Text-to-Speech,bn,Bengali,qwen2.5-coder:7b,কোটিসি - টেক্সট-টো-স্পিচ,3.006
6930,Events: %1,bn,Bengali,qwen2.5-coder:7b,ইভেন্টস: %1,1.436
6931,Available:,bn,Bengali,qwen2.5-coder:7b,পাওয়ারা:,1.324
6932,Layout mode:,bn,Bengali,qwen2.5-coder:7b,প্যারিবর্তন অর্থাৎ আকার বিশ্লেষণ:,3.806
6933,(once),bn,Bengali,qwen2.5-coder:7b,(একবার),1.183
6934,Boot load size:,bn,Bengali,qwen2.5-coder:7b,বুট লোড আকার:,1.945
6935,Next Due Date,bn,Bengali,qwen2.5-coder:7b,পরবর্তী অপর্যাপ্ত তারিখ,2.844
6936,Server group,bn,Bengali,qwen2.5-coder:7b,সার্ভার গুপ্পি,1.986
6937,Bytes (Encoded):,bn,Bengali,qwen2.5-coder:7b,বাইট (কোডিত):,1.641
6938,Rating > =,bn,Bengali,qwen2.5-coder:7b,মোট সংখ্যা > =,1.876
6939,Filenames,bn,Bengali,qwen2.5-coder:7b,ফাইলের নাম,1.378
6940,Playlists,bn,Bengali,qwen2.5-coder:7b,প্লেলিস্টস,1.399
6941,Camera List,bn,Bengali,qwen2.5-coder:7b,ক্যামেরা তালিকা,1.836
6942,Allow 8-bit encoding,bn,Bengali,qwen2.5-coder:7b,8-বিট অকোডিং অনুমোদন,2.837
6943,Particle gas,bn,Bengali,qwen2.5-coder:7b,পার্টিকেল গ্যাস,1.917
6944,NULL pointer,bn,Bengali,qwen2.5-coder:7b,নুল পয়েন্ট,1.785
6945,Remove Items?,bn,Bengali,qwen2.5-coder:7b,আইটেমগুলো অপরোধ করা যাবে?,3.079
6946,Device Toolbar,bn,Bengali,qwen2.5-coder:7b,ডিভাইস টুলবার,1.839
6947,Suggestion List,bn,Bengali,qwen2.5-coder:7b,প্রস্তাবিত তালিকা,2.077
6948,Untranslated:,bn,Bengali,qwen2.5-coder:7b,অনুবাদ অসম্পন্ন:,2.05
6949,Cook Islands,bn,Bengali,qwen2.5-coder:7b,কুকো আর্থী,1.735
6950,Using & kformula;,bn,Bengali,qwen2.5-coder:7b,এই & kformula; ব্যবহার করুন;,2.758
6951,Print & week,bn,Bengali,qwen2.5-coder:7b,প্রিন্ট & সপ্তাহ,1.942
6952,Sprays graffiti,bn,Bengali,qwen2.5-coder:7b,গ্রাফিটি স্প্রেস,2.095
6953,Maple,bn,Bengali,qwen2.5-coder:7b,ম্যাপেল,1.114
6954,No profile,bn,Bengali,qwen2.5-coder:7b,কোনো প্রোফাইল নেই,2.341
6955,Increase,bn,Bengali,qwen2.5-coder:7b,আকসাঁগুলো বৃদ্ধি পাইবে,2.897
6956,File Operations,bn,Bengali,qwen2.5-coder:7b,ফাইল অপেরেশনস,1.683
6957,velocity,bn,Bengali,qwen2.5-coder:7b,স্পীক্ষা,1.261
6958,& Submit tracks,bn,Bengali,qwen2.5-coder:7b,& ট্র্যাক সেন্ড করুন,2.523
6959,Active console,bn,Bengali,qwen2.5-coder:7b,সক্রিয়া কনসোল,2.038
6960,& Loop,bn,Bengali,qwen2.5-coder:7b,& সম্পূর্ণ পরিবর্তন,2.498
6961,Messier objects,bn,Bengali,qwen2.5-coder:7b,মেসিয়ার সমস্যা,2.121
6962,Data file,bn,Bengali,qwen2.5-coder:7b,ডেটা ফাইল,1.374
6963,Everything,bn,Bengali,qwen2.5-coder:7b,সবসময়,1.1
6964,Gravity,bn,Bengali,qwen2.5-coder:7b,গ্রিভিয়াটি,1.547
6965,Current mixer,bn,Bengali,qwen2.5-coder:7b,বর্তমান মিশ্রক,1.731
6966,Edit Filter,bn,Bengali,qwen2.5-coder:7b,ফিল্টার সম্পাদনা,1.988
6967,Body,bn,Bengali,qwen2.5-coder:7b,শরীর,0.917
6968,Evening,bn,Bengali,qwen2.5-coder:7b,সন্ধ্যা,1.104
6969,Message Group,bn,Bengali,qwen2.5-coder:7b,মেসেজ গ্রুপ,1.577
6970,Reference Functions,bn,Bengali,qwen2.5-coder:7b,রেফারেন্স ফাংশনসমূহ,2.496
6971,Zoom to 100%,bn,Bengali,qwen2.5-coder:7b,100% বেছে নেক,2.102
6972,http is the H yper T ext T ransfer P rotocol.,bn,Bengali,qwen2.5-coder:7b,HTTP হল হাইপার টেক্সট ট্রান্সফর প্রোটোকল।,4.869
6973,Vendor String,bn,Bengali,qwen2.5-coder:7b,ভ্যান্ডর স্ট্রিং,2.003
6974,temporary,bn,Bengali,qwen2.5-coder:7b,অবস্থানীয়,1.562
6975,Landscapes,bn,Bengali,qwen2.5-coder:7b,স্থানীয়াত্মক দৃশ্য,2.532
6976,ImagePlugin_LensDistortion,bn,Bengali,qwen2.5-coder:7b,ইমেজ প্লাইন্টুইন: লেন্স দৃষ্টিস্বরূপ,4.517
6977,Ship Movement,bn,Bengali,qwen2.5-coder:7b,শীঘ্র পরিবর্তন,2.087
6978,& Skip,bn,Bengali,qwen2.5-coder:7b,& বাতিল,1.147
6979,Form Completion Entries,bn,Bengali,qwen2.5-coder:7b,ফরম সম্পন্নির্ণয়ের অনুমোদন,3.476
6980,Kolab user name,bn,Bengali,qwen2.5-coder:7b,কলাব উজ্জ্বলা নাম,2.287
6981,Truck shape,bn,Bengali,qwen2.5-coder:7b,ট্রক আকার,1.395
6982,Collaboration,bn,Bengali,qwen2.5-coder:7b,সহযোগ,1.106
6983,Selection: %1,bn,Bengali,qwen2.5-coder:7b,নির্বাচন: %1,1.554
6984,Ink Reduction,bn,Bengali,qwen2.5-coder:7b,ইনক হ্যান্ডল,1.618
6985,Maximum traces:,bn,Bengali,qwen2.5-coder:7b,মаксিমাম ট্রেস:,1.765
6986,"Make a & DCOP; call. @dcop( kmail, KMailIface, checkMail(),)",bn,Bengali,qwen2.5-coder:7b,"একটি & DCOP; কল করুন। @dcop( kmail, KMailIface, checkMail(),)",4.481
6987,Select Translation:,bn,Bengali,qwen2.5-coder:7b,অনুবাদ নির্বাচন করুন:,2.723
6988,Paraguayan Guarani,bn,Bengali,qwen2.5-coder:7b,পারাগুয়ান গৌরানি,2.478
6989,& Use KWallet,bn,Bengali,qwen2.5-coder:7b,& ক্যালিপস ব্যবহার করুন,2.937
6990,Power Consumption %1 mA,bn,Bengali,qwen2.5-coder:7b,পাওয়াজন %1 mA,1.812
6991,Loans,bn,Bengali,qwen2.5-coder:7b,লোনসমূহ,1.346
6992,Coordinate Selection,bn,Bengali,qwen2.5-coder:7b,কоординেট সিলেকশন,1.769
6993,Size 1:,bn,Bengali,qwen2.5-coder:7b,আকার ১:,1.29
6994,frozen,bn,Bengali,qwen2.5-coder:7b,আংশিক,1.038
6995,Server List,bn,Bengali,qwen2.5-coder:7b,সার্ভার তালিকা,1.737
6996,Final Activity,bn,Bengali,qwen2.5-coder:7b,সর্বশেষ অ্যাক্টিভিটি,2.3
6997,ICQ Reading status,bn,Bengali,qwen2.5-coder:7b,ICQ পড়ার অবস্থা,2.117
6998,Advanced Tag/ Branch...,bn,Bengali,qwen2.5-coder:7b,অগ্রসর ট্যাগ/শাখা...,2.344
6999,Drawing angle,bn,Bengali,qwen2.5-coder:7b,ঘূর্ণন কোণ,1.984
7000,Explanation,bn,Bengali,qwen2.5-coder:7b,অনুৰোধ,1.304
7001,& Drag location:,bn,Bengali,qwen2.5-coder:7b,& অবস্থান ইঞ্চাইয়েন:,2.771
7002,Pause playback,bn,Bengali,qwen2.5-coder:7b,প্রশ্রেণ সমুদ্র করুন,2.711
7003,observation_,bn,Bengali,qwen2.5-coder:7b,অনুভূতি_,1.49
7004,UNIX Users,bn,Bengali,qwen2.5-coder:7b,ইউনিকেস ব্যবহারকারী,2.328
7005,Log & level:,bn,Bengali,qwen2.5-coder:7b,লগ & স্তর:,1.347
7006,Action Properties,bn,Bengali,qwen2.5-coder:7b,অ্যাকশন বৈশিষ্ট্য,2.191
7007,Pad 2 - Warm,bn,Bengali,qwen2.5-coder:7b,প্যাড ২ - ঘুম্মে,2.151
7008,Highlight failed,bn,Bengali,qwen2.5-coder:7b,ব্যাখ্যা করুন যা ব্যর্থ,3.128
7009,Encryption preference:,bn,Bengali,qwen2.5-coder:7b,এক্সেপ্রিয়েশন পছন্দ:,2.662
7010,Spanish (Mexico),bn,Bengali,qwen2.5-coder:7b,স্পেনীয়া (মেক্সিকো),2.709
7011,Changes,bn,Bengali,qwen2.5-coder:7b,পরিবর্তন,1.248
7012,Certificate support,bn,Bengali,qwen2.5-coder:7b,সাক্ষাত্কার পরিকরণ,2.268
7013,Nature reserve,bn,Bengali,qwen2.5-coder:7b,নাতোরাইজেট,1.528
7014,except,bn,Bengali,qwen2.5-coder:7b,অপর,0.721
7015,Engineering,bn,Bengali,qwen2.5-coder:7b,ইংরেজি,1.064
7016,Specials,bn,Bengali,qwen2.5-coder:7b,স্পেশালস,1.214
7017,Out of paper,bn,Bengali,qwen2.5-coder:7b,কাগজ নেই,1.288
7018,Open with & Firefox,bn,Bengali,qwen2.5-coder:7b,ফাফরিফক্সে খোলুন & Firefox,2.578
7019,Apply Patch...,bn,Bengali,qwen2.5-coder:7b,পッチ প্রয়োগ করুন...,2.329
7020,Dependency,bn,Bengali,qwen2.5-coder:7b,প্রয়োজনশীল,1.729
7021,Filesystem,bn,Bengali,qwen2.5-coder:7b,ফাইলসিস্টেম,1.461
7022,Find Maximum Point,bn,Bengali,qwen2.5-coder:7b,মаксিমাম বিন্দু খুঁজুন,2.699
7023,KsirK Preferences,bn,Bengali,qwen2.5-coder:7b,কসিরক সেটিংস,1.732
7024,Task View,bn,Bengali,qwen2.5-coder:7b,চালু দেখাও,1.525
7025,Payee source,bn,Bengali,qwen2.5-coder:7b,পেয়ার সূর্যোত্তর,2.515
7026,Fast Forward,bn,Bengali,qwen2.5-coder:7b,ফরওয়ার্ড,1.494
7027,"in bytes, for example > 1000",bn,Bengali,qwen2.5-coder:7b,"বাইটে, উদাহরণস্বরূপ > 1000",3.359
7028,DataSource,bn,Bengali,qwen2.5-coder:7b,সূত্রসূত্র,1.605
7029,End:,bn,Bengali,qwen2.5-coder:7b,শেষ:,0.799
7030,Letterhead,bn,Bengali,qwen2.5-coder:7b,প্রতিযোগী,1.488
7031,like,bn,Bengali,qwen2.5-coder:7b,আমেন,0.773
7032,Remote,bn,Bengali,qwen2.5-coder:7b,রুমি,0.912
7033,Iraqi Dinar,bn,Bengali,qwen2.5-coder:7b,ইরাকি ডিনার,1.635
7034,Working Color Space:,bn,Bengali,qwen2.5-coder:7b,কাজ করা রং স্পেস:,2.298
7035,& Height:,bn,Bengali,qwen2.5-coder:7b,& উচ্চতা:,1.383
7036,Agency number,bn,Bengali,qwen2.5-coder:7b,অ্যাজেন্সি নম্বর,2.094
7037,End activity,bn,Bengali,qwen2.5-coder:7b,ক্রমটি শেষ করুন,2.25
7038,Unknown track,bn,Bengali,qwen2.5-coder:7b,অজানা ট্র্যাক,1.728
7039,Show high scores,bn,Bengali,qwen2.5-coder:7b,সর্বোচ্চ স্কোর দেখাও,2.719
7040,Working with & umbrello;,bn,Bengali,qwen2.5-coder:7b,"আমাদের সাথে & অম্বেল্রো;""

Note: The ampersand (&) is kept as is, and the word ""umbrello"" is transliterated into Bengali script.",6.02
7041,Single player,bn,Bengali,qwen2.5-coder:7b,এক প্লেয়ার,1.673
7042,Look and feel,bn,Bengali,qwen2.5-coder:7b,আঁকন এবং অনুভূতি,2.477
7043,Data Structure,bn,Bengali,qwen2.5-coder:7b,ডেটা স্ট্রাকচার,1.958
7044,AutoStart Configuration,bn,Bengali,qwen2.5-coder:7b,অটো শুরু হওয়ার সমন্বয়,3.277
7045,Accept friendship,bn,Bengali,qwen2.5-coder:7b,সমাজ নেয়,1.636
7046,Task selection,bn,Bengali,qwen2.5-coder:7b,চালানি নির্বাচন,1.844
7047,& Anonymous,bn,Bengali,qwen2.5-coder:7b,& অনানোমাস,1.454
7048,Duplicate Entry,bn,Bengali,qwen2.5-coder:7b,ডুপিকেট ইন্টিরি যোগ্য,2.816
7049,Squaring,bn,Bengali,qwen2.5-coder:7b,বর্গ করা,1.275
7050,Music Theory,bn,Bengali,qwen2.5-coder:7b,মuzিক থিওরি,1.399
7051,Yearly Budget,bn,Bengali,qwen2.5-coder:7b,বার্ষিক বudget,1.391
7052,& Code Environment,bn,Bengali,qwen2.5-coder:7b,& কোড উত্সাহ,1.681
7053,paused,bn,Bengali,qwen2.5-coder:7b,পauজেট,0.929
7054,& Language is:,bn,Bengali,qwen2.5-coder:7b,& ভাষা হল:,1.472
7055,Vector Drawing,bn,Bengali,qwen2.5-coder:7b,ভেক্টর চিত্রান্ত,2.114
7056,Calls,bn,Bengali,qwen2.5-coder:7b,কলা,0.715
7057,& Group size:,bn,Bengali,qwen2.5-coder:7b,& গুলির আকার:,1.778
7058,& Layer,bn,Bengali,qwen2.5-coder:7b,& তাপা,1.0
7059,Address Selection,bn,Bengali,qwen2.5-coder:7b,ঠিকায়ের নির্বাচন,2.365
7060,Dolphin View Modes,bn,Bengali,qwen2.5-coder:7b,ডল্পিন দৃষ্টি বিধিমত্রসমূহ,3.207
7061,New Account,bn,Bengali,qwen2.5-coder:7b,নতুন অ্যাকাউন্ট,2.039
7062,Lead 4 - Chiflead,bn,Bengali,qwen2.5-coder:7b,চিফিলেড,1.375
7063,Nepomuk Desktop Search Runner,bn,Bengali,qwen2.5-coder:7b,নেপোমুক ডেস্কটপ সার্চ রানার,3.502
7064,Anytime,bn,Bengali,qwen2.5-coder:7b,সময় অনুযায়ী,2.203
7065,Batch Process,bn,Bengali,qwen2.5-coder:7b,বান্ধ্যাপ্রক্রিয়া,2.331
7066,Side Pane,bn,Bengali,qwen2.5-coder:7b,আপনার পাশে,1.39
7067,Tagger Delete,bn,Bengali,qwen2.5-coder:7b,ট্যাগ ডিলিট,1.503
7068,Equal to,bn,Bengali,qwen2.5-coder:7b,সমান,0.8
7069,Failed to create folder,bn,Bengali,qwen2.5-coder:7b,ফোল্ডার তৈরি করা সম্ভব নয়,3.245
7070,introduction,bn,Bengali,qwen2.5-coder:7b,আইনিটিউশন,1.325
7071,Increase:,bn,Bengali,qwen2.5-coder:7b,আকসাঁগুলো বৃদ্ধি দিন:,2.664
7072,Data View.,bn,Bengali,qwen2.5-coder:7b,ডেটা দেখাও।,1.536
7073,E Orientation East,bn,Bengali,qwen2.5-coder:7b,ই উপর্যন্ত পূর্ব,2.436
7074,Element Size,bn,Bengali,qwen2.5-coder:7b,মূল্যাংশ আকার,1.849
7075,Shadow password file:,bn,Bengali,qwen2.5-coder:7b,শেডওয়ার পাসওয়ার্ড ফাইল:,3.037
7076,Setuid User: %1,bn,Bengali,qwen2.5-coder:7b,সেট-ইউজার: %1,1.812
7077,Stage,bn,Bengali,qwen2.5-coder:7b,স্টেজ,0.884
7078,Actions Toolbar,bn,Bengali,qwen2.5-coder:7b,অ্যাকশন টুলবার,1.89
7079,Cover manager,bn,Bengali,qwen2.5-coder:7b,কভি ম্যানেজার,1.677
7080,backup copy,bn,Bengali,qwen2.5-coder:7b,ব্যাকআপ কপি,1.495
7081,Navigating Modules,bn,Bengali,qwen2.5-coder:7b,মডিউলগুলো নভিগেশন,2.231
7082,Pictures path:,bn,Bengali,qwen2.5-coder:7b,ছবির পথ:,1.188
7083,Lecture Properties,bn,Bengali,qwen2.5-coder:7b,লেকচার বৈশিষ্ট্য,2.094
7084,SliderHandle,bn,Bengali,qwen2.5-coder:7b,স্লাইডার হ্যান্ডل,2.139
7085,Credits:,bn,Bengali,qwen2.5-coder:7b,কৃতিবিবরণ:,1.496
7086,22nd Last,bn,Bengali,qwen2.5-coder:7b,২২তম উল্টো,1.735
7087,Height Field,bn,Bengali,qwen2.5-coder:7b,উচ্চতা ঘর,1.309
7088,Water level:,bn,Bengali,qwen2.5-coder:7b,পানির মাত্রা:,1.689
7089,Payee:,bn,Bengali,qwen2.5-coder:7b,প্যাইঠি:,1.318
7090,& Your name:,bn,Bengali,qwen2.5-coder:7b,&আপের নাম:,1.526
7091,Search Bar,bn,Bengali,qwen2.5-coder:7b,অনুসন্ধান বাক্য,1.971
7092,& Copy...,bn,Bengali,qwen2.5-coder:7b,&কপি...,0.886
7093,The [Shutdown] section of & kdmrc;,bn,Bengali,qwen2.5-coder:7b,শক্তি বন্ধ অংশ & kdmrc;,2.912
7094,Stacker,bn,Bengali,qwen2.5-coder:7b,স্ট্যাকার,1.385
7095,WEP key:,bn,Bengali,qwen2.5-coder:7b,WEP কী:,1.173
7096,Frame color & 1:,bn,Bengali,qwen2.5-coder:7b,ফ্রেম রঙ & 1:,1.751
7097,Game Description,bn,Bengali,qwen2.5-coder:7b,গেম বিবরণ,1.272
7098,Digest,bn,Bengali,qwen2.5-coder:7b,স্বাস্থ্য সম্পর্কে,2.085
7099,new_field,bn,Bengali,qwen2.5-coder:7b,নতুন ফিল্ড,1.481
7100,Network Watcher,bn,Bengali,qwen2.5-coder:7b,নেটওয়ার্ক জনরাটর,2.205
7101,Window Decorations,bn,Bengali,qwen2.5-coder:7b,উইন্ডো অনুষ্ঠান,2.219
7102,& quantaplus; Development Team,bn,Bengali,qwen2.5-coder:7b,& কোনটিপ্লাস; ডেভেলপমেন্ট টিম,3.685
7103,"Starting ""%1""...",bn,Bengali,qwen2.5-coder:7b,"শুরু হচ্ছে ""%1""...",2.293
7104,Edit Modem:,bn,Bengali,qwen2.5-coder:7b,মোডেম সম্পাদনা:,2.089
7105,Simple test,bn,Bengali,qwen2.5-coder:7b,সহজ পরীক্ষা,1.568
7106,Gas Calculator,bn,Bengali,qwen2.5-coder:7b,গ্যাস ক্যালকুলেটর,2.122
7107,Round:,bn,Bengali,qwen2.5-coder:7b,আর্কের:,1.103
7108,Whole words,bn,Bengali,qwen2.5-coder:7b,সম্পূর্ণ শব্দ,1.89
7109,Preparation Time,bn,Bengali,qwen2.5-coder:7b,প্রস্তুতির সময়,2.182
7110,delete,bn,Bengali,qwen2.5-coder:7b,মুছে দিন,1.331
7111,Area Name...,bn,Bengali,qwen2.5-coder:7b,এলাকা নাম...,1.463
7112,LightSkyBlue,bn,Bengali,qwen2.5-coder:7b,লাইট স্কি ব্লু,1.975
7113,& Policy,bn,Bengali,qwen2.5-coder:7b,& পলিসি,1.136
7114,Signed,bn,Bengali,qwen2.5-coder:7b,স্বাক্ষরিত,1.486
7115,Printer Setting,bn,Bengali,qwen2.5-coder:7b,প্রিন্টার সেটিং,1.923
7116,Image Practice,bn,Bengali,qwen2.5-coder:7b,ইমেজ প্রাকৃতিক,1.922
7117,Pure DOM Tree,bn,Bengali,qwen2.5-coder:7b,পুরো DOM টীর,1.701
7118,Rename Format:,bn,Bengali,qwen2.5-coder:7b,নাম পরিবর্তন:,1.773
7119,Group Properties,bn,Bengali,qwen2.5-coder:7b,গুপ্তা সূচনা,1.838
7120,Game Over!,bn,Bengali,qwen2.5-coder:7b,ইг্রু শেষ!,1.534
7121,Required tools:,bn,Bengali,qwen2.5-coder:7b,"নিতীন সরঞ্জামো:""
(Translation: Required tools:)",2.876
7122,Suspend,bn,Bengali,qwen2.5-coder:7b,সমুদ্র দেয়,1.788
7123,Speech Synthesizer Frontend,bn,Bengali,qwen2.5-coder:7b,শোক সিনথাসাইজার ফ্রন্টএন্ড,3.282
7124,Grid color,bn,Bengali,qwen2.5-coder:7b,গ্রিড রঙ,1.3
7125,Replies,bn,Bengali,qwen2.5-coder:7b,উত্তর,0.949
7126,description,bn,Bengali,qwen2.5-coder:7b,বিবরণ,0.914
7127,Force Field:,bn,Bengali,qwen2.5-coder:7b,ক্ষারক ফিল্ড:,1.682
7128,Legal Frame Size,bn,Bengali,qwen2.5-coder:7b,আইনির ধর্ম আকার,1.954
7129,Rel. Humidity:,bn,Bengali,qwen2.5-coder:7b,রিল. হুমিডিটি:,2.034
7130,Current Sentence,bn,Bengali,qwen2.5-coder:7b,বর্তমান বাক্য,1.741
7131,Account Details,bn,Bengali,qwen2.5-coder:7b,হিসাবের বিস্তার,1.995
7132,Unique Constraint...,bn,Bengali,qwen2.5-coder:7b,বিশেষ সূচক...,1.576
7133,fraction,bn,Bengali,qwen2.5-coder:7b,ভাগ,0.684
7134,Color separations,bn,Bengali,qwen2.5-coder:7b,কালো স্পর্শ,1.686
7135,Svg filename,bn,Bengali,qwen2.5-coder:7b,SVG ফাইলের নাম,1.586
7136,Temperature Alarm,bn,Bengali,qwen2.5-coder:7b,তাপমান অনুমোদন,1.937
7137,& Degree,bn,Bengali,qwen2.5-coder:7b,& প্রতি পাই করা,1.888
7138,Enter,bn,Bengali,qwen2.5-coder:7b,আমেন,0.832
7139,Serial Type,bn,Bengali,qwen2.5-coder:7b,সিরিয়াল প্রকার,1.924
7140,Size 2:,bn,Bengali,qwen2.5-coder:7b,আকার ২:,1.223
7141,This is the path to vpnc-connect,bn,Bengali,qwen2.5-coder:7b,এই যে একটি পথ যা vpnc-connect এর জন্য,3.187
7142,Foreground,bn,Bengali,qwen2.5-coder:7b,পৌরোনো প্রাথমিক,2.234
7143,Edit Contact...,bn,Bengali,qwen2.5-coder:7b,যোগাযোগ সম্পাদনা...,2.375
7144,Protected EAP (PEAP),bn,Bengali,qwen2.5-coder:7b,প্রকৃতিগত EAP (PEAP),2.234
7145,Channel event,bn,Bengali,qwen2.5-coder:7b,চ্যানেল ঘটনা,1.618
7146,Operating systems:,bn,Bengali,qwen2.5-coder:7b,অপেরেটিং সিস্টেমসঃ,2.319
7147,Selected Tracks,bn,Bengali,qwen2.5-coder:7b,নির্বাচিত ট্র্যাকস,2.135
7148,Post-text:,bn,Bengali,qwen2.5-coder:7b,পোস্ট-টেক스트:,1.685
7149,ImagePlugin_LensCorrection,bn,Bengali,qwen2.5-coder:7b,ইমেজ প্লাইন্টেইন_লেন্সকর্রেশন,3.438
7150,Softweave (Driver internal),bn,Bengali,qwen2.5-coder:7b,সফটওয়েয়েবেই (ড্রাইভার আন্তরিক),3.67
7151,Lower Sorbian,bn,Bengali,qwen2.5-coder:7b,লোকাল সর্বোচ্চ সূচক,2.582
7152,& Usage expression:,bn,Bengali,qwen2.5-coder:7b,& ব্যবহার অভ্যাস:,2.196
7153,Query:,bn,Bengali,qwen2.5-coder:7b,শুন্যায়ী:,1.792
7154,(Paused),bn,Bengali,qwen2.5-coder:7b,(পauজেট),1.152
7155,XY rotation speed,bn,Bengali,qwen2.5-coder:7b,এক্সই যোগ্যতা,2.103
7156,Display Options,bn,Bengali,qwen2.5-coder:7b,প্রিশ্ন সমৃদ্ধি,1.987
7157,LightSteelBlue1,bn,Bengali,qwen2.5-coder:7b,লাইট স্টিল ব্লু 1,2.347
7158,Password:,bn,Bengali,qwen2.5-coder:7b,পাসওয়ার্ড:,1.617
7159,Auto assignment,bn,Bengali,qwen2.5-coder:7b,অটো অবস্থাপনা,1.847
7160,Start time,bn,Bengali,qwen2.5-coder:7b,শুরুর সময়,1.77
7161,Default Route,bn,Bengali,qwen2.5-coder:7b,ডিফল্ট রুট,1.488
7162,Black & White,bn,Bengali,qwen2.5-coder:7b,কালো ও সবুজ,1.735
7163,Document Password,bn,Bengali,qwen2.5-coder:7b,কার্যক্ষেত্র পাসওয়ার্ড,2.737
7164,6: Absolute Value,bn,Bengali,qwen2.5-coder:7b,৬: অস্বাভাবিক মান,2.226
7165,Default height:,bn,Bengali,qwen2.5-coder:7b,ডিফল্ট আচ্ছেরা:,1.937
7166,Resource dialog,bn,Bengali,qwen2.5-coder:7b,সমস্যা দিক্যুবাক্তি,2.428
7167,All Styles,bn,Bengali,qwen2.5-coder:7b,সব স্টাইলস,1.461
7168,Noise Reduction,bn,Bengali,qwen2.5-coder:7b,শব্দ বাড়িয়া ঘুমাইয়া দেখাও,3.472
7169,Offering,bn,Bengali,qwen2.5-coder:7b,অফারিং,1.03
7170,KDE Wallet Manager,bn,Bengali,qwen2.5-coder:7b,কেইডি লাইটল ম্যানেজার,2.498
7171,typewriting,bn,Bengali,qwen2.5-coder:7b,তাপিয়ান,1.317
7172,Port Settings,bn,Bengali,qwen2.5-coder:7b,পোর্ট সেটিংস,1.711
7173,& Crashes,bn,Bengali,qwen2.5-coder:7b,& ক্রাস,1.137
7174,Edit Script,bn,Bengali,qwen2.5-coder:7b,স্ক্রিপ্ট সম্পাদনা,2.313
7175,Initialization string %1:,bn,Bengali,qwen2.5-coder:7b,ইনিশিয়ালাইজেশন স্ট্রিং %1:,3.083
7176,Distortion,bn,Bengali,qwen2.5-coder:7b,বিস্ক্রিয়া,1.578
7177,Department Name,bn,Bengali,qwen2.5-coder:7b,বিভাগের নাম,1.467
7178,vpnc capabilities: %1,bn,Bengali,qwen2.5-coder:7b,vpnc সুবিধা: %1,1.977
7179,Preferred Style Sheet:,bn,Bengali,qwen2.5-coder:7b,পছন্দিত স্টাইলশিট:,2.268
7180,The Anal & XML; Guy & Documentation,bn,Bengali,qwen2.5-coder:7b,অ্যান এবং XML; গায় এবং উদ্ধারণ,4.018
7181,Xsldbg Source Files,bn,Bengali,qwen2.5-coder:7b,এক্সএসএলডিবজ সূর্যন্ধরা,2.989
7182,Shake Blur,bn,Bengali,qwen2.5-coder:7b,শক্তি ব্লুর,1.638
7183,Message Tags,bn,Bengali,qwen2.5-coder:7b,মেসেজ ট্যাগস,1.558
7184,Tape unmounted.,bn,Bengali,qwen2.5-coder:7b,তাপি অনমাংশিত।,1.815
7185,Adding Holes,bn,Bengali,qwen2.5-coder:7b,হোল যোগ করা,1.695
7186,New Filter,bn,Bengali,qwen2.5-coder:7b,নতুন ফিল্টার,1.762
7187,Exposure Indicators,bn,Bengali,qwen2.5-coder:7b,স্বরোধ অনুকূল অক্ষর,2.705
7188,Telescope,bn,Bengali,qwen2.5-coder:7b,আকাশীকরণ,1.385
7189,From & file,bn,Bengali,qwen2.5-coder:7b,ফাইল থেকে,1.356
7190,Beginner Speed,bn,Bengali,qwen2.5-coder:7b,নিজস্ব গতি,1.431
7191,Category list,bn,Bengali,qwen2.5-coder:7b,বিভাগ তালিকা,1.693
7192,Top Margin,bn,Bengali,qwen2.5-coder:7b,উপরের মানিষ্ট্য,1.855
7193,Performance Settings,bn,Bengali,qwen2.5-coder:7b,কার্যক্ষমতা সেটিংস,2.236
7194,& Exit,bn,Bengali,qwen2.5-coder:7b,এক্সিট,1.096
7195,Hungarian forint,bn,Bengali,qwen2.5-coder:7b,হাঙ্গেরিয়ান ফোরিংট,2.694
7196,Nepomuk PIMO annotation plugin,bn,Bengali,qwen2.5-coder:7b,নেপোমুক পিমো অনোটেশন প্লাগইন,3.934
7197,11th Last,bn,Bengali,qwen2.5-coder:7b,১১তম উল্টো,1.87
7198,Track Altitude:,bn,Bengali,qwen2.5-coder:7b,আল্টিটিডিউ ট্র্যাক করুন:,2.88
7199,Function & 4:,bn,Bengali,qwen2.5-coder:7b,ফাংশন & ৪:,1.623
7200,"Delete item ""%1""?",bn,Bengali,qwen2.5-coder:7b,আইটেমটি ডিলিট করতে চান?,2.973
7201,Passed,bn,Bengali,qwen2.5-coder:7b,পারে,0.805
7202,& Horizontally,bn,Bengali,qwen2.5-coder:7b,& ক্ষেত্রে সাপেক্ষ,2.175
7203,< Merge >,bn,Bengali,qwen2.5-coder:7b,মাস্কো করুন,1.774
7204,today,bn,Bengali,qwen2.5-coder:7b,আজ,0.624
7205,Data tool,bn,Bengali,qwen2.5-coder:7b,ডেটা টুল,1.289
7206,Dock position:,bn,Bengali,qwen2.5-coder:7b,ডক স্থান:,1.393
7207,& Underlined,bn,Bengali,qwen2.5-coder:7b,& উল্লেখিত,1.513
7208,elapsed:,bn,Bengali,qwen2.5-coder:7b,পরিবেশি:,1.22
7209,No Institution,bn,Bengali,qwen2.5-coder:7b,কোনো অনুষ্ঠান,1.97
7210,Restrictions,bn,Bengali,qwen2.5-coder:7b,সূচনা,1.026
7211,1/ 60 Hour = 1 Minute,bn,Bengali,qwen2.5-coder:7b,১/৬০ ঘণ্টা = ১ মিনিট,2.963
7212,No Private Key,bn,Bengali,qwen2.5-coder:7b,কোনো ব্যক্তিগত কী,2.508
7213,Edit Details...,bn,Bengali,qwen2.5-coder:7b,বিস্তার সম্পাদনা...,2.293
7214,Wind & speed:,bn,Bengali,qwen2.5-coder:7b,বায়ু এবং গতি:,2.209
7215,Cannot start %1:,bn,Bengali,qwen2.5-coder:7b,%1 শুরু করা যাবে না:,2.783
7216,KnownX,bn,Bengali,qwen2.5-coder:7b,কেনাকারী এক্স,1.893
7217,down,bn,Bengali,qwen2.5-coder:7b,নিচে,0.83
7218,File/ Folder,bn,Bengali,qwen2.5-coder:7b,ফাইল/ ফোল্ডার,1.807
7219,KAB GMX XXPort Plugin,bn,Bengali,qwen2.5-coder:7b,ক্যাব গ্যাম্স এক্সপোর্ট প্লাগইন,4.062
7220,Files: %1,bn,Bengali,qwen2.5-coder:7b,ফাইলসমূহ: %1,1.781
7221,Cisco - Government Building,bn,Bengali,qwen2.5-coder:7b,কিসকো - জামিয়াত ঘর,2.552
7222,Startup Settings.,bn,Bengali,qwen2.5-coder:7b,অনুসরণ সেটিংস।,1.883
7223,File Selection,bn,Bengali,qwen2.5-coder:7b,ফাইল সিলেকশন,1.639
7224,Add Preview,bn,Bengali,qwen2.5-coder:7b,প্রевিয়ার যোগ করুন,2.545
7225,Certificate password:,bn,Bengali,qwen2.5-coder:7b,প্রতিশ্রুতি পাসওয়ার্ড:,2.98
7226,Amarok is paused,bn,Bengali,qwen2.5-coder:7b,আমারক সমুত্রিত,2.085
7227,Filter name:,bn,Bengali,qwen2.5-coder:7b,নাম ফিল্টার:,1.656
7228,Spanish (Uruguay),bn,Bengali,qwen2.5-coder:7b,স্পেনী (উরুগ্যু),2.282
7229,Enter entry name:,bn,Bengali,qwen2.5-coder:7b,ইনপুট নাম দিন:,1.954
7230,Shutdown Dialog,bn,Bengali,qwen2.5-coder:7b,শক্তি বন্ধ করুন,2.079
7231,Colors Settings,bn,Bengali,qwen2.5-coder:7b,কোলর সেটিংস,1.682
7232,Event Actions,bn,Bengali,qwen2.5-coder:7b,ইভেন্ট অ্যাকশনস,1.857
7233,Certificate:,bn,Bengali,qwen2.5-coder:7b,সাক্ষাত্কার:,1.53
7234,Using Plugins,bn,Bengali,qwen2.5-coder:7b,플러그인 사용,0.914
7235,Uranium,bn,Bengali,qwen2.5-coder:7b,ইউরANIUM,0.939
7236,New South Wales - Yancowinna,bn,Bengali,qwen2.5-coder:7b,নিউ সোথ ওয়ালস - যানকোয়ানা,3.73
7237,Keywords,bn,Bengali,qwen2.5-coder:7b,কীওয়ার্ডস,1.574
7238,Expiration time,bn,Bengali,qwen2.5-coder:7b,সময় অপরিশ্রয়,1.946
7239,%1 as well as %2,bn,Bengali,qwen2.5-coder:7b,%1 এবং %2,1.518
7240,Fractal Maps,bn,Bengali,qwen2.5-coder:7b,ফ্রেক্টাল ম্যাপস,2.099
7241,Type of Output,bn,Bengali,qwen2.5-coder:7b,আউটপুটের ধরনি,1.803
7242,Whirl,bn,Bengali,qwen2.5-coder:7b,ক্রমান্তি,1.278
7243,Construct,bn,Bengali,qwen2.5-coder:7b,বানান,1.037
7244,Target location:,bn,Bengali,qwen2.5-coder:7b,মূল্যাংশ স্থান:,2.143
7245,Mouse Gesture Action,bn,Bengali,qwen2.5-coder:7b,মাউস গেস্ট অ্যাকশন,2.312
7246,"Color, fast, CMYK",bn,Bengali,qwen2.5-coder:7b,"কালো, হাস্তার দিন, CMYK",2.863
7247,Tools Equalizer,bn,Bengali,qwen2.5-coder:7b,ইнструমেন্টস ইক্সালাইজার,2.498
7248,Reverse,bn,Bengali,qwen2.5-coder:7b,পারস্কের,1.212
7249,AudioCd Collection,bn,Bengali,qwen2.5-coder:7b,অডিও ক্ড সংগ্রহ,1.981
7250,Date start,bn,Bengali,qwen2.5-coder:7b,তারিখ শুরু,1.659
7251,Script Manager...,bn,Bengali,qwen2.5-coder:7b,স্ক্রিপ্ট ম্যানেজার...,2.429
7252,Uzbekistani Sum,bn,Bengali,qwen2.5-coder:7b,উজবেকী সুম,1.628
7253,Spray brush,bn,Bengali,qwen2.5-coder:7b,স্প্রেয় ব্রাশ,2.012
7254,Exponential,bn,Bengali,qwen2.5-coder:7b,এক্সপোনেনশন,1.639
7255,& Case sensitive,bn,Bengali,qwen2.5-coder:7b,& স্বরূপ বর্ণমালা বিশ্লেষণ,3.136
7256,& Admin users:,bn,Bengali,qwen2.5-coder:7b,& অ্যাডমিন ব্যবহারকর্তা:,2.776
7257,Gantt Chart Settings,bn,Bengali,qwen2.5-coder:7b,গ্যান্ট চার্ট সেটিংস,2.589
7258,Message template for reply,bn,Bengali,qwen2.5-coder:7b,মূল্যাংশ টেমপ্লেট জন্য উত্তর,3.466
7259,& Large,bn,Bengali,qwen2.5-coder:7b,& বড়,1.053
7260,MinPlayers,bn,Bengali,qwen2.5-coder:7b,মিন প্লেয়ার,1.714
7261,print X,bn,Bengali,qwen2.5-coder:7b,প্রিন্ট এক্স,1.625
7262,Release,bn,Bengali,qwen2.5-coder:7b,প্রকাশ,1.032
7263,Delete Pixmap,bn,Bengali,qwen2.5-coder:7b,মুক্তি দিন,1.521
7264,Italics,bn,Bengali,qwen2.5-coder:7b,আমি,0.758
7265,Icon Size:,bn,Bengali,qwen2.5-coder:7b,আইকন আকার:,1.475
7266,Recommended:,bn,Bengali,qwen2.5-coder:7b,প্রস্তুতি:,1.517
7267,Counter proposal: %1,bn,Bengali,qwen2.5-coder:7b,প্রতিবাবের প্রস্তাব: %1,2.685
7268,Phone overview,bn,Bengali,qwen2.5-coder:7b,ফোন সমস্যা,1.579
7269,Other & Licenses,bn,Bengali,qwen2.5-coder:7b,অন্যান্য & লাইসেন্স,2.232
7270,pppd is missing,bn,Bengali,qwen2.5-coder:7b,pppd অস্থিতি নেই,2.045
7271,· (#183;) Middle dot,bn,Bengali,qwen2.5-coder:7b,· (#183;) মধ্যম বিন্দু,2.734
7272,Anonymous,bn,Bengali,qwen2.5-coder:7b,অ্যানোনামাস,1.594
7273,Using & kalzium;,bn,Bengali,qwen2.5-coder:7b,ক্যালজিয়াম ব্যবহার করুন;,3.396
7274,Image directory,bn,Bengali,qwen2.5-coder:7b,ইমেজ দিরেকটরি,1.788
7275,Global language:,bn,Bengali,qwen2.5-coder:7b,গ্লোবাল ভাষা:,1.868
7276,Expenses,bn,Bengali,qwen2.5-coder:7b,খরচ,0.738
7277,central Crimea,bn,Bengali,qwen2.5-coder:7b,কেন্দ্রীয় ক্রম্যা,2.338
7278,street,bn,Bengali,qwen2.5-coder:7b,স্টুর্ট,1.221
7279,Central Buffer,bn,Bengali,qwen2.5-coder:7b,মূল বাটারি,1.541
7280,Register balance as of %1,bn,Bengali,qwen2.5-coder:7b,ব্যালেন্স %1 তারিখে রегист্র করুন,3.773
7281,& Flashcards,bn,Bengali,qwen2.5-coder:7b,& ফ্লেশকার্ডস,1.814
7282,Series Number,bn,Bengali,qwen2.5-coder:7b,সিরিজ সংখ্যা,1.792
7283,Abbreviations,bn,Bengali,qwen2.5-coder:7b,ক্ষেত্রীয় অক্ষর,2.27
7284,& Design,bn,Bengali,qwen2.5-coder:7b,& ডিজাইন,1.281
7285,Area name:,bn,Bengali,qwen2.5-coder:7b,এলাকা নাম:,1.489
7286,Comments:,bn,Bengali,qwen2.5-coder:7b,কমেন্টস:,1.21
7287,Raster Image,bn,Bengali,qwen2.5-coder:7b,রেস্টার ইমেজ,1.698
7288,Replace %1 with %2?,bn,Bengali,qwen2.5-coder:7b,%1 দিয়ে %2 বসাও?,2.261
7289,Throw away,bn,Bengali,qwen2.5-coder:7b,বনালো,1.058
7290,Outline tiles,bn,Bengali,qwen2.5-coder:7b,আঁকা টাইলস,1.539
7291,Web Development,bn,Bengali,qwen2.5-coder:7b,ওয়েব ডেভেলপমেন্ট,2.246
7292,Color Treatment,bn,Bengali,qwen2.5-coder:7b,কালো উপস্থাপনা,1.966
7293,Eject medium,bn,Bengali,qwen2.5-coder:7b,মিডিয়া বের করুন,2.252
7294,& Print,bn,Bengali,qwen2.5-coder:7b,& প্রিন্ট,1.285
7295,(usually X),bn,Bengali,qwen2.5-coder:7b,(সাধারণত X),1.421
7296,& XML; Validation,bn,Bengali,qwen2.5-coder:7b,& XML; সীমানা পроверা,1.974
7297,New To-do,bn,Bengali,qwen2.5-coder:7b,নতুন টো-ডো,1.747
7298,Sidebar Media Player,bn,Bengali,qwen2.5-coder:7b,বান্ধব মিডিয়া প্লেয়ার,3.0
7299,Destination folder:,bn,Bengali,qwen2.5-coder:7b,মূল্যাংশ ফোল্ডার:,2.46
7300,XML Transformer,bn,Bengali,qwen2.5-coder:7b,XML ট্রাফর্মার,1.63
7301,Play:,bn,Bengali,qwen2.5-coder:7b,প্লে:,0.914
7302,Track Progress,bn,Bengali,qwen2.5-coder:7b,প্রogress ট্র্যাক করুন,2.35
7303,Write CD-TEXT,bn,Bengali,qwen2.5-coder:7b,CD-TEXT লিখুন,1.526
7304,Local name:,bn,Bengali,qwen2.5-coder:7b,লোকাল নাম:,1.563
7305,UserInfo,bn,Bengali,qwen2.5-coder:7b,ইউজার ইনফো,1.53
7306,Stored Data,bn,Bengali,qwen2.5-coder:7b,স্টোরড ডেটা,1.646
7307,Package Manager,bn,Bengali,qwen2.5-coder:7b,প্যাকেজ ম্যানেজার,2.122
7308,What are...,bn,Bengali,qwen2.5-coder:7b,কীভাবে...,1.299
7309,Green Curve,bn,Bengali,qwen2.5-coder:7b,সবুজ লাইন,1.401
7310,StpBrightness,bn,Bengali,qwen2.5-coder:7b,স্টেপ ব্যাগ্রিটি,2.081
7311,Collection Fields,bn,Bengali,qwen2.5-coder:7b,কолেকশন ফ,1.289
7312,& End of Line,bn,Bengali,qwen2.5-coder:7b,এক নতুন লাইনে শুরু,2.596
7313,unknown,bn,Bengali,qwen2.5-coder:7b,অজানা,0.935
7314,Personal Organizer,bn,Bengali,qwen2.5-coder:7b,ব্যক্তিগত অনুষ্ঠান,2.3
7315,& Security:,bn,Bengali,qwen2.5-coder:7b,& সীমানা:,1.4
7316,Trunk road,bn,Bengali,qwen2.5-coder:7b,ট্রাউক রোড,1.542
7317,in progress,bn,Bengali,qwen2.5-coder:7b,চলমান,0.908
7318,& Script Manager,bn,Bengali,qwen2.5-coder:7b,& স্ক্রিপ্ট ম্যানেজার,2.589
7319,& Recent Scans,bn,Bengali,qwen2.5-coder:7b,& অনুমোদিত স্ক্যানস,2.614
7320,Printer Name,bn,Bengali,qwen2.5-coder:7b,প্রিন্টারের নাম,2.007
7321,Akonadi PIM data engine,bn,Bengali,qwen2.5-coder:7b,আকোনাদি পিএমইউডি ইঞ্জিন,3.055
7322,Strike out,bn,Bengali,qwen2.5-coder:7b,ক্রম্প করুন,1.612
7323,thistle,bn,Bengali,qwen2.5-coder:7b,থিস্ল,0.982
7324,How to obtain & kommander;,bn,Bengali,qwen2.5-coder:7b,কিভাবে &কম্পানি থেকে পাওয়া যায়;,4.121
7325,Name resolve order:,bn,Bengali,qwen2.5-coder:7b,নাম সমাধান অর্ডার:,2.32
7326,& Operating systems,bn,Bengali,qwen2.5-coder:7b,& অপারেটিং সিস্টেমস,2.281
7327,Selection mask:,bn,Bengali,qwen2.5-coder:7b,নির্বাচন মাস্ক:,1.99
7328,actions,bn,Bengali,qwen2.5-coder:7b,অপারেশনস,1.153
7329,Size.,bn,Bengali,qwen2.5-coder:7b,আকার।,0.876
7330,Image Description:,bn,Bengali,qwen2.5-coder:7b,ছবির বর্ণনা:,1.664
7331,Server administrator:,bn,Bengali,qwen2.5-coder:7b,সার্ভার অ্যাডমিনিস্টর:,2.612
7332,Ingredient 1,bn,Bengali,qwen2.5-coder:7b,ইন্দিগেন্ট ১,1.684
7333,Object Library,bn,Bengali,qwen2.5-coder:7b,বস্তু বুকেট,1.675
7334,Project Location,bn,Bengali,qwen2.5-coder:7b,প্রকল্পের স্থান,1.933
7335,Usenet News Reader,bn,Bengali,qwen2.5-coder:7b,ইউজেনেট নিউজ রিডার,2.357
7336,(no value),bn,Bengali,qwen2.5-coder:7b,(কোনো মান নেই),2.119
7337,not opened: %1 (%2),bn,Bengali,qwen2.5-coder:7b,নিরাপদ: %1 (%2),1.864
7338,Checking tun device support,bn,Bengali,qwen2.5-coder:7b,টুন ডিভাইস সমর্থন চেক করা,3.093
7339,From cursor,bn,Bengali,qwen2.5-coder:7b,কার্সর থেকে,1.758
7340,Notices,bn,Bengali,qwen2.5-coder:7b,নোটিশগুলি,1.538
7341,Using Watches,bn,Bengali,qwen2.5-coder:7b,ঘড়ি ব্যবহার করা,2.385
7342,Authentication domain,bn,Bengali,qwen2.5-coder:7b,অনুমোদন বিভাগ,1.896
7343,Structure Tree,bn,Bengali,qwen2.5-coder:7b,স্ট্রাকচার টীর,1.955
7344,& Transfer,bn,Bengali,qwen2.5-coder:7b,& অনুমোদন,1.535
7345,DatabaseList,bn,Bengali,qwen2.5-coder:7b,ডেটাবেজ তালিকা,1.905
7346,& Themes,bn,Bengali,qwen2.5-coder:7b,& থিমস,1.037
7347,& Profile name:,bn,Bengali,qwen2.5-coder:7b,& প্রোফাইলের নাম:,2.243
7348,Animations,bn,Bengali,qwen2.5-coder:7b,অ্যানিমেশনস,1.493
7349,Configuration description files,bn,Bengali,qwen2.5-coder:7b,নстройকরণ বিবরণ ফাইলসমূহ,2.512
7350,[%1] has been deleted,bn,Bengali,qwen2.5-coder:7b,[%1] দিয়েছে,1.815
7351,Does Contain,bn,Bengali,qwen2.5-coder:7b,আমাদের পছন্দ,1.908
7352,certificate password,bn,Bengali,qwen2.5-coder:7b,সাক্ষাত্কার পাসওয়ার্ড,2.732
7353,& Year:,bn,Bengali,qwen2.5-coder:7b,& বছর:,1.027
7354,Contrast Slider,bn,Bengali,qwen2.5-coder:7b,কন্ট্রেস্ট স্লাইডার,2.325
7355,Add Entry,bn,Bengali,qwen2.5-coder:7b,এন্ট্রি যোগ করুন,2.226
7356,Two Staples,bn,Bengali,qwen2.5-coder:7b,দুইটি স্টেপাল,1.831
7357,The vocabulary file,bn,Bengali,qwen2.5-coder:7b,ভাষা ফাইল,1.376
7358,High Contrast,bn,Bengali,qwen2.5-coder:7b,উচ্চ প্রতিবাস,1.703
7359,Server user,bn,Bengali,qwen2.5-coder:7b,সার্ভার ব্যবহারকারী,2.355
7360,72 MB or more,bn,Bengali,qwen2.5-coder:7b,72 MB বা বেশি,1.58
7361,Desktop Configuration Editor,bn,Bengali,qwen2.5-coder:7b,Desktop Configuration Editor,0.746
7362,Subtitle Settings,bn,Bengali,qwen2.5-coder:7b,সাব টাইটেল সেটিংস,2.037
7363,Target Indicator,bn,Bengali,qwen2.5-coder:7b,নির্দেশক,1.219
7364,Dice Game,bn,Bengali,qwen2.5-coder:7b,ডিসি গেম,1.258
7365,1 Suit (Easy),bn,Bengali,qwen2.5-coder:7b,1 সুইট (সহজ),1.722
7366,The Tools Menu,bn,Bengali,qwen2.5-coder:7b,ইнструমেন্ট মেনু,1.724
7367,Number,bn,Bengali,qwen2.5-coder:7b,নম্বর,0.872
7368,Task Description,bn,Bengali,qwen2.5-coder:7b,চালুক্যের বিবরণ,2.045
7369,Printing system,bn,Bengali,qwen2.5-coder:7b,প্রিন্টিং সিস্টেম,2.07
7370,& Help,bn,Bengali,qwen2.5-coder:7b,& সাহায্য,1.333
7371,News Management Mode,bn,Bengali,qwen2.5-coder:7b,নিউজ ম্যানেজমেন্ট মোড,2.75
7372,Path List,bn,Bengali,qwen2.5-coder:7b,পথ তালিকা,1.325
7373,chart,bn,Bengali,qwen2.5-coder:7b,চার্ট,0.9
7374,Predictor:,bn,Bengali,qwen2.5-coder:7b,প্রédকেটর:,1.306
7375,samplerate,bn,Bengali,qwen2.5-coder:7b,সম্পন্নি,1.222
7376,Exception Dates,bn,Bengali,qwen2.5-coder:7b,আপেক্ষিক তারিখ,1.866
7377,compare,bn,Bengali,qwen2.5-coder:7b,মূল্যায়োগ করুন,2.249
7378,vpnclient: %1,bn,Bengali,qwen2.5-coder:7b,vpnclient: %1,1.051
7379,Grey,bn,Bengali,qwen2.5-coder:7b,গুলি,0.916
7380,Vocabulary Editor,bn,Bengali,qwen2.5-coder:7b,ভাষা সম্পাদক,1.696
7381,Actions:,bn,Bengali,qwen2.5-coder:7b,এক্সেশনস:,1.303
7382,Brightness value:,bn,Bengali,qwen2.5-coder:7b,স্বরোধ মান:,1.675
7383,Print Assistant,bn,Bengali,qwen2.5-coder:7b,প্রিন্ট সহকারী,1.965
7384,Summatory,bn,Bengali,qwen2.5-coder:7b,সম্পূর্ণ,1.422
7385,Modified,bn,Bengali,qwen2.5-coder:7b,মুদ্রিত,1.216
7386,Partial,bn,Bengali,qwen2.5-coder:7b,অংশিত,1.0
7387,Movie Properties,bn,Bengali,qwen2.5-coder:7b,মুভিরূপ সূচনা,2.073
7388,Stock Chart,bn,Bengali,qwen2.5-coder:7b,শক্তি চার্ট,1.478
7389,Core developer,bn,Bengali,qwen2.5-coder:7b,কেরো ডেভেলপার,1.817
7390,Editing Area,bn,Bengali,qwen2.5-coder:7b,এডিটিং এরিয়া,1.867
7391,Tabbing,bn,Bengali,qwen2.5-coder:7b,ট্যাবিং,1.113
7392,Difficulty level,bn,Bengali,qwen2.5-coder:7b,কঠিনতা শ্রে度,1.679
7393,Maximum size:,bn,Bengali,qwen2.5-coder:7b,মаксিমাম আকার:,1.577
7394,Grown-up Timer,bn,Bengali,qwen2.5-coder:7b,সুন্দর সময় অর্থ বের করুন,3.22
7395,Key Selection,bn,Bengali,qwen2.5-coder:7b,কীভাবে নির্বাচন করুন,2.54
7396,Lead 5 - Charang,bn,Bengali,qwen2.5-coder:7b,লিড ৫ - চরঙ,1.696
7397,QIF Files,bn,Bengali,qwen2.5-coder:7b,QIF ফাইলসমূহ,1.674
7398,Words,bn,Bengali,qwen2.5-coder:7b,শব্দ,0.82
7399,Still Image Compression,bn,Bengali,qwen2.5-coder:7b,স্থির ছবি সংক্ষারণ,2.282
7400,File type,bn,Bengali,qwen2.5-coder:7b,ফাইল টাইপ,1.349
7401,Use a timer or not,bn,Bengali,qwen2.5-coder:7b,তারমান ব্যবহার করো না,2.777
7402,Remove stop,bn,Bengali,qwen2.5-coder:7b,স্টপ সরাও,1.486
7403,LightGreen,bn,Bengali,qwen2.5-coder:7b,লাইট গ্রেন,1.395
7404,Sensitivity (ISO):,bn,Bengali,qwen2.5-coder:7b,সুন্দরতা (ISO):,1.67
7405,Suspend to & Disk,bn,Bengali,qwen2.5-coder:7b,স্থায়ীত করুন & ডিস্কে,2.938
7406,Sweden,bn,Bengali,qwen2.5-coder:7b,সুইডেন,1.087
7407,Top & Y:,bn,Bengali,qwen2.5-coder:7b,প্রথম & য়:,1.625
7408,Spanish (Peru),bn,Bengali,qwen2.5-coder:7b,স্পেনী (পারিস),1.832
7409,Altitude at transit:,bn,Bengali,qwen2.5-coder:7b,নিয়ন্ত্রণের উচ্চতা:,2.718
7410,Copy skeleton,bn,Bengali,qwen2.5-coder:7b,কানোনীয়া বের করুন,2.68
7411,Function & 3:,bn,Bengali,qwen2.5-coder:7b,ফাংশন & ৩:,1.681
7412,My Books,bn,Bengali,qwen2.5-coder:7b,আমার বই,1.166
7413,Signing Options,bn,Bengali,qwen2.5-coder:7b,সাইন অপশনস,1.519
7414,& Single Human,bn,Bengali,qwen2.5-coder:7b,একজন মানুষ,1.597
7415,blue (bold),bn,Bengali,qwen2.5-coder:7b,বালুক (পাইকা),1.838
7416,File management,bn,Bengali,qwen2.5-coder:7b,ফাইল ম্যানেজমেন্ট,2.135
7417,Make Project Builder,bn,Bengali,qwen2.5-coder:7b,প্রকল্প নুকি তৈরি করুন,3.024
7418,New Album,bn,Bengali,qwen2.5-coder:7b,নতুন অ্যালবাম,1.878
7419,Cocos Islands,bn,Bengali,qwen2.5-coder:7b,কোকস দ্বীপসমূহ,2.2
7420,Edit Account,bn,Bengali,qwen2.5-coder:7b,একাউন্ট সম্পাদনা,2.094
7421,Update,bn,Bengali,qwen2.5-coder:7b,আপডেট,0.876
7422,Delegate:,bn,Bengali,qwen2.5-coder:7b,মোকালা:,1.255
7423,Using & konversation;,bn,Bengali,qwen2.5-coder:7b,ব্যবহার করুন & কনভেশন;,2.64
7424,Bookmark update [%1],bn,Bengali,qwen2.5-coder:7b,বুকমার্ক অনুবাদ [%1],2.611
7425,tape management,bn,Bengali,qwen2.5-coder:7b,তেজি সম্পর্ক,1.592
7426,Find Prev,bn,Bengali,qwen2.5-coder:7b,পূর্বে খুঁজুন,2.029
7427,& Completed,bn,Bengali,qwen2.5-coder:7b,& সম্পন্ন,1.337
7428,New Tab,bn,Bengali,qwen2.5-coder:7b,নতুন টাব,1.419
7429,Great Britain pound,bn,Bengali,qwen2.5-coder:7b,ব্রিটিশ পাউন্ড,1.885
7430,& Fit to Height,bn,Bengali,qwen2.5-coder:7b,& আচ্ছাই উচ্চতা,2.005
7431,Prague,bn,Bengali,qwen2.5-coder:7b,প্রগ্রাম,1.306
7432,user,bn,Bengali,qwen2.5-coder:7b,ব্যবহারকারী,1.539
7433,& Server supports Sieve,bn,Bengali,qwen2.5-coder:7b,& সার্ভার সিভে সমর্থন করে,2.91
7434,USB Soundcard,bn,Bengali,qwen2.5-coder:7b,USB সোনাকারী,1.728
7435,Enable alarm,bn,Bengali,qwen2.5-coder:7b,ব্যালার সক্ষম করুন,2.438
7436,Kanjidic dictionary files,bn,Bengali,qwen2.5-coder:7b,ক্যানজিডিক অভিধান ফাইলসমূহ,3.139
7437,Blackbody Radiation,bn,Bengali,qwen2.5-coder:7b,কালো বডি রেডিয়াশন,2.471
7438,Ctrl; R Hole Reset,bn,Bengali,qwen2.5-coder:7b,Ctrl; R হোল পুনরুপনি করুন,2.934
7439,Driver Settings,bn,Bengali,qwen2.5-coder:7b,ড্রাইভার সেটিংস,1.863
7440,BibTeX Files,bn,Bengali,qwen2.5-coder:7b,বিবিটেক্স ফাইলসমূহ,2.422
7441,Documentation:,bn,Bengali,qwen2.5-coder:7b,প্রশ্নপত্র:,1.6
7442,& Group:,bn,Bengali,qwen2.5-coder:7b,& গ্রুপ:,1.342
7443,Headline,bn,Bengali,qwen2.5-coder:7b,শিরোনাম,1.295
7444,Database file:,bn,Bengali,qwen2.5-coder:7b,ডেটাবেজ ফাইল:,1.814
7445,ImagePlugin_Unsharp,bn,Bengali,qwen2.5-coder:7b,ইমেজ প্লাইন্টুইন,2.269
7446,Editor Toolbar,bn,Bengali,qwen2.5-coder:7b,ইডিটর টুলবার,1.764
7447,Delete Items,bn,Bengali,qwen2.5-coder:7b,আইটেম মুছে দিন,1.853
7448,%n: program name,bn,Bengali,qwen2.5-coder:7b,%n: প্রোগ্রামের নাম,2.305
7449,Cube size,bn,Bengali,qwen2.5-coder:7b,ক্যাবিউস আকার,1.71
7450,Do something,bn,Bengali,qwen2.5-coder:7b,কিছু করো,1.43
7451,DivineProportion editing tool,bn,Bengali,qwen2.5-coder:7b,DivineProportion সম্পাদন টুল,2.481
7452,Constellations,bn,Bengali,qwen2.5-coder:7b,কোন্স্ট্রিউশনস,2.039
7453,Text Label,bn,Bengali,qwen2.5-coder:7b,লে,0.654
7454,CMake Project Builder,bn,Bengali,qwen2.5-coder:7b,CMake প্রকল্প নBuider,1.988
7455,Remove Box,bn,Bengali,qwen2.5-coder:7b,ব kuti বাক করো,1.663
7456,My Computer,bn,Bengali,qwen2.5-coder:7b,মায়েনের কম্পিউটার,2.256
7457,Copy Input,bn,Bengali,qwen2.5-coder:7b,কপি ইনপুট,1.463
7458,Zoom out,bn,Bengali,qwen2.5-coder:7b,আঁকা বড়াই,1.65
7459,18th Last,bn,Bengali,qwen2.5-coder:7b,১৮তম উত্তর,1.648
7460,Winner,bn,Bengali,qwen2.5-coder:7b,প্রথম,0.875
7461,Rotate hue,bn,Bengali,qwen2.5-coder:7b,রঙ ঘরাও,1.095
7462,File type:,bn,Bengali,qwen2.5-coder:7b,ফাইল টাইপ:,1.405
7463,Flowcharting Collections,bn,Bengali,qwen2.5-coder:7b,ফ্লোচার্টিং সংগ্রহগুলি,3.014
7464,unmount,bn,Bengali,qwen2.5-coder:7b,আন্তিরিক বিন্যাস বন্ধ করুন,2.999
7465,Attribute value is,bn,Bengali,qwen2.5-coder:7b,অবস্থানের মান,1.792
7466,Czech,bn,Bengali,qwen2.5-coder:7b,চেক,0.741
7467,Matrix size:,bn,Bengali,qwen2.5-coder:7b,ম্যাট্রিক্স আকার:,2.051
7468,Bank transfer,bn,Bengali,qwen2.5-coder:7b,ব্যাংক অনুযায়ী অনুমোদন,3.171
7469,Monitor Simulation (RGB),bn,Bengali,qwen2.5-coder:7b,মনোরূপ সিমুলেশন (RGB),2.659
7470,Constellation & names,bn,Bengali,qwen2.5-coder:7b,কনস্ট্যাশন এবং নাম,2.657
7471,Budget Overruns,bn,Bengali,qwen2.5-coder:7b,ব্যাজেট অতিরিক্তি,2.217
7472,Folder location:,bn,Bengali,qwen2.5-coder:7b,"ফোল্ডার স্থান:""
(Translation: ""ফোল্ডার স্থান:"" - Folder location:)",4.283
7473,Preferred EMail,bn,Bengali,qwen2.5-coder:7b,প্রিফার্ড ইমেল,1.907
7474,July,bn,Bengali,qwen2.5-coder:7b,জুলাই,1.018
7475,Price Quotation,bn,Bengali,qwen2.5-coder:7b,মূল্য অনুমোদন,2.007
7476,music,bn,Bengali,qwen2.5-coder:7b,মuzিক,0.799
7477,Nicaraguan Cordoba Oro,bn,Bengali,qwen2.5-coder:7b,নিকারাগুয়ান কোর্ডোবা ওরো,3.643
7478,Card Games,bn,Bengali,qwen2.5-coder:7b,কার্ড গেমস,1.493
7479,& Stiffness:,bn,Bengali,qwen2.5-coder:7b,& স্থিতিশক্তি:,1.845
7480,Server signing:,bn,Bengali,qwen2.5-coder:7b,সার্ভার সাইনিং:,1.873
7481,Moscow+07 - Sakhalin Island,bn,Bengali,qwen2.5-coder:7b,মস্কো পোস্ট ইউনিট (07) - সাক্ষালিন দ্বীপ,4.642
7482,Radio List dialog,bn,Bengali,qwen2.5-coder:7b,রেডিও তালিকা ডিলগ,2.399
7483,Highlights:,bn,Bengali,qwen2.5-coder:7b,সূচনা:,1.1
7484,TOC file:,bn,Bengali,qwen2.5-coder:7b,TOC ফাইল:,1.293
7485,Index generation,bn,Bengali,qwen2.5-coder:7b,ইন্ডেক্স সৃষ্টি,2.304
7486,Min food,bn,Bengali,qwen2.5-coder:7b,মানুষের ভাষা,1.667
7487,1 (highest),bn,Bengali,qwen2.5-coder:7b,1 (সর্বোচ্চ),1.645
7488,KPPP Configuration,bn,Bengali,qwen2.5-coder:7b,কপিপিপি সমন্বয়,2.07
7489,NTLM authentication,bn,Bengali,qwen2.5-coder:7b,NTLM অনুমোদন,1.716
7490,Upcoming tracks,bn,Bengali,qwen2.5-coder:7b,আসা ট্র্যাকস,1.632
7491,No such Account: %1,bn,Bengali,qwen2.5-coder:7b,এই অ্যাকাউন্ট নেই: %1,2.519
7492,Moves Penalty,bn,Bengali,qwen2.5-coder:7b,মুভস্ত্র প্রতিরোধ,2.361
7493,Line Islands,bn,Bengali,qwen2.5-coder:7b,লাইন আর্থীকরণ,1.868
7494,Timeline View,bn,Bengali,qwen2.5-coder:7b,তাইমলাইন দৃশ্য,1.947
7495,Shape Animation,bn,Bengali,qwen2.5-coder:7b,ক্ষেত্র আнимেশন,1.721
7496,Company:,bn,Bengali,qwen2.5-coder:7b,কৃত্রিম:,1.277
7497,EML Files,bn,Bengali,qwen2.5-coder:7b,ইমেল ফাইলসমূহ,1.82
7498,Program Trace,bn,Bengali,qwen2.5-coder:7b,প্রোগ্রাম ট্রেস,2.045
7499,Classic Rock,bn,Bengali,qwen2.5-coder:7b,ক্লাসিক রক,1.408
7500,Download Info,bn,Bengali,qwen2.5-coder:7b,ডাউনলোড তথ্য,1.664
7501,Skip,bn,Bengali,qwen2.5-coder:7b,পাঠিয়ে দিন,1.534
7502,rectPressureVariance,bn,Bengali,qwen2.5-coder:7b,রেক্ট বিশ্বাস ভিন্নতা,2.476
7503,bytes out,bn,Bengali,qwen2.5-coder:7b,বাইট আউট,1.194
7504,Home location:,bn,Bengali,qwen2.5-coder:7b,হোম অবস্থান:,1.751
7505,Spanish (es),bn,Bengali,qwen2.5-coder:7b,স্পেনীয়া (es),1.872
7506,Sheet properties,bn,Bengali,qwen2.5-coder:7b,শীট বৈশিষ্ট্য,1.921
7507,A formula,bn,Bengali,qwen2.5-coder:7b,একটি ফরমুলা,1.642
7508,How to obtain & xsldbg;,bn,Bengali,qwen2.5-coder:7b,এক্ষেত্র প্রাপ্তির পদ্ধতি: & xsldbg;,3.527
7509,& Delete Entry,bn,Bengali,qwen2.5-coder:7b,& ইন্টার্যাক্ট মুছে দিন,2.802
7510,Time Zone...,bn,Bengali,qwen2.5-coder:7b,সময় অঞ্চল...,1.801
7511,Short name:,bn,Bengali,qwen2.5-coder:7b,কوتাপন:,1.015
7512,Theme Files,bn,Bengali,qwen2.5-coder:7b,থিম ফাইলসমূহ,1.68
7513,Format options:,bn,Bengali,qwen2.5-coder:7b,প্রকার অপশনসমূহ:,2.236
7514,children,bn,Bengali,qwen2.5-coder:7b,শিক্ষার্থীরা,1.714
7515,FIBS Home,bn,Bengali,qwen2.5-coder:7b,ফিবস হোম,1.409
7516,& kde; The Application Development Framework,bn,Bengali,qwen2.5-coder:7b,& kde; অ্যাপ্লিকেশন ডেভেলপমেন্ট ফ্রেমওয়ার্ক,4.95
7517,Unmount,bn,Bengali,qwen2.5-coder:7b,আন্যায়িত করুন,2.063
7518,Compositing has been suspended,bn,Bengali,qwen2.5-coder:7b,কম্পোজিটিং সমস্ত হয়েছে,3.088
7519,MetaBall Radius,bn,Bengali,qwen2.5-coder:7b,মেটা বল ব্যাস,1.797
7520,Top Accounts,bn,Bengali,qwen2.5-coder:7b,প্রথম অ্যাকাউন্টস,2.042
7521,Add Podcast,bn,Bengali,qwen2.5-coder:7b,অডিও পডকেস যোগ করুন,2.433
7522,Can't open the %1 directory!,bn,Bengali,qwen2.5-coder:7b,%1 নথিযোগ খোলা সক্ষম নয়!,3.442
7523,of July,bn,Bengali,qwen2.5-coder:7b,জুলাইর অংশে,1.8
7524,Charcell,bn,Bengali,qwen2.5-coder:7b,চার্চেল,1.147
7525,Deep-sea green,bn,Bengali,qwen2.5-coder:7b,সমুদ্র গুলি,1.784
7526,John Doe,bn,Bengali,qwen2.5-coder:7b,জন দুই,1.112
7527,False:,bn,Bengali,qwen2.5-coder:7b,মিথ্যা:,1.116
7528,Project name,bn,Bengali,qwen2.5-coder:7b,প্রকল্পের নাম,1.734
7529,Font size:,bn,Bengali,qwen2.5-coder:7b,ফন্ট আকার:,1.472
7530,Developer (2004-2005),bn,Bengali,qwen2.5-coder:7b,ডেভেলপার (২০০৪-২০০৫),3.48
7531,Object group,bn,Bengali,qwen2.5-coder:7b,বস্তু সমূহ,1.595
7532,Holiday,bn,Bengali,qwen2.5-coder:7b,ছোটো খুঁজুন,1.909
7533,Program Name,bn,Bengali,qwen2.5-coder:7b,প্রোগ্রামের নাম,2.025
7534,& Playerlist,bn,Bengali,qwen2.5-coder:7b,& প্লেয়ার তালিকা,2.174
7535,Main Functions,bn,Bengali,qwen2.5-coder:7b,মূল ফাংশনসমূহ,1.937
7536,Dual Channel,bn,Bengali,qwen2.5-coder:7b,ডুই চ্যানেল,1.612
7537,Output file,bn,Bengali,qwen2.5-coder:7b,আউটপুট ফাইল,1.645
7538,General URL:,bn,Bengali,qwen2.5-coder:7b,সাধারণ URL:,1.252
7539,Generate,bn,Bengali,qwen2.5-coder:7b,গенেরেট,1.015
7540,Server channel:,bn,Bengali,qwen2.5-coder:7b,সার্ভার চ্যানেল:,1.928
7541,Games:,bn,Bengali,qwen2.5-coder:7b,গেমস:,0.89
7542,auto-detected,bn,Bengali,qwen2.5-coder:7b,অটো-প্রকাশিত,1.79
7543,Action Buttons,bn,Bengali,qwen2.5-coder:7b,এক্সেশন বাটনসমূহ,2.134
7544,since %1,bn,Bengali,qwen2.5-coder:7b,সময় থেকে %1,1.602
7545,Game Over,bn,Bengali,qwen2.5-coder:7b,ইг্রু অবার্ট,1.64
7546,of June,bn,Bengali,qwen2.5-coder:7b,জুনের,1.001
7547,Mode selection,bn,Bengali,qwen2.5-coder:7b,মোড নির্বাচন,1.692
7548,& Source:,bn,Bengali,qwen2.5-coder:7b,& সূত্র:,1.315
7549,Dialog title,bn,Bengali,qwen2.5-coder:7b,диал로그 শিরোমন,1.805
7550,Failed,bn,Bengali,qwen2.5-coder:7b,ফেলেছে,0.98
7551,SlateBlue1,bn,Bengali,qwen2.5-coder:7b,স্লেট ব্লু 1,1.74
7552,Adaptive:,bn,Bengali,qwen2.5-coder:7b,অন্তর্ভুক্তিশীল:,2.113
7553,From,bn,Bengali,qwen2.5-coder:7b,থেকে,0.802
7554,%1 likes:,bn,Bengali,qwen2.5-coder:7b,%1 পছন্দ করে:,1.758
7555,Write Speeds,bn,Bengali,qwen2.5-coder:7b,সময় বেগ,1.595
7556,Maximize,bn,Bengali,qwen2.5-coder:7b,মаксিমাইজ,1.144
7557,Using IMS German Festival,bn,Bengali,qwen2.5-coder:7b,IMS জার্মান সফর,2.001
7558,& French,bn,Bengali,qwen2.5-coder:7b,& ফ্রান্সি,1.481
7559,By & position,bn,Bengali,qwen2.5-coder:7b,& স্থান,1.171
7560,%1 timestamp,bn,Bengali,qwen2.5-coder:7b,%1 টাইমস্টেম্প,1.811
7561,Animation Tool,bn,Bengali,qwen2.5-coder:7b,অ্যানিমেশন টুল,2.011
7562,File Options,bn,Bengali,qwen2.5-coder:7b,ফাইল অপশনস,1.45
7563,Spoooooky,bn,Bengali,qwen2.5-coder:7b,স্পোকি,1.133
7564,Venezuelan Bolivar,bn,Bengali,qwen2.5-coder:7b,ভারতীয় রূপ,1.913
7565,Turn off computer,bn,Bengali,qwen2.5-coder:7b,কম্পিউটার বন্ধ করুন,2.521
7566,< unknown >,bn,Bengali,qwen2.5-coder:7b,অজানা,0.996
7567,Control Pictures,bn,Bengali,qwen2.5-coder:7b,কন্ট्रোল ছবি,1.632
7568,BBC Weather from UK MET Office,bn,Bengali,qwen2.5-coder:7b,ইউক্যান্ড মেট অফিস থেকে ব্যাংক বেসরণ,4.296
7569,Party On!,bn,Bengali,qwen2.5-coder:7b,ফেসবুক অন রাখো!,2.263
7570,& Bar graph,bn,Bengali,qwen2.5-coder:7b,& বার গ্রাফ,1.515
7571,Plot average:,bn,Bengali,qwen2.5-coder:7b,মোট সংখ্যা:,1.818
7572,Allow 8-bit,bn,Bengali,qwen2.5-coder:7b,8-বিট অনুমোদন,2.15
7573,Cue file:,bn,Bengali,qwen2.5-coder:7b,কুই ফাইল:,1.434
7574,Preview size,bn,Bengali,qwen2.5-coder:7b,প্রোভাইভ আকার,1.846
7575,Condition: %1,bn,Bengali,qwen2.5-coder:7b,শর্ত: %1,1.163
7576,Old backend,bn,Bengali,qwen2.5-coder:7b,পুরোনো ব্যাকেন্ড,2.271
7577,& Profile acls,bn,Bengali,qwen2.5-coder:7b,& প্রোফাইল অ্যাক্সেস কন্ট্রোলস,3.719
7578,& Open with '%1 ',bn,Bengali,qwen2.5-coder:7b,& এই ফাইলটি সহায় খুলো '%1,3.293
7579,DSL network interfaces,bn,Bengali,qwen2.5-coder:7b,DSL নেটওয়ার্ক ইন্টারফেস,2.854
7580,Slide,bn,Bengali,qwen2.5-coder:7b,স্লাইড,0.999
7581,Paper color:,bn,Bengali,qwen2.5-coder:7b,পেপার রঙ:,1.348
7582,Custom Type,bn,Bengali,qwen2.5-coder:7b,স্বতন্ত্র ধর্ম,1.864
7583,& Remove Display,bn,Bengali,qwen2.5-coder:7b,& দেখার অপসারণ,1.922
7584,(Unknown Protocol),bn,Bengali,qwen2.5-coder:7b,(অজানা প্রোটোকল),2.27
7585,Search Action,bn,Bengali,qwen2.5-coder:7b,অনুসন্ধান করুন,2.124
7586,Vertical RGB,bn,Bengali,qwen2.5-coder:7b,ভর্তা RGB,1.01
7587,Saved OK,bn,Bengali,qwen2.5-coder:7b,সেভ সফল,1.098
7588,Change Tags,bn,Bengali,qwen2.5-coder:7b,ট্যাগ পরিবর্তন,1.869
7589,Intersect,bn,Bengali,qwen2.5-coder:7b,অন্তর্ভুক্তি,1.662
7590,KDE Screen Locker,bn,Bengali,qwen2.5-coder:7b,KDE স্ক্রিন লকার,1.926
7591,& New Project,bn,Bengali,qwen2.5-coder:7b,&নতুন প্রকল্প,1.896
7592,Line %1:,bn,Bengali,qwen2.5-coder:7b,লাইন %1:,1.212
7593,GSM Speech,bn,Bengali,qwen2.5-coder:7b,GSM স্পিচ,1.225
7594,Jump %1 times to 0x%2,bn,Bengali,qwen2.5-coder:7b,0x%2 এ জুম্প %1 বার,2.862
7595,Measure,bn,Bengali,qwen2.5-coder:7b,মাপ,0.705
7596,Bandwidth:,bn,Bengali,qwen2.5-coder:7b,ব্যান্ডওয়াইড়া:,2.155
7597,Personal Cron,bn,Bengali,qwen2.5-coder:7b,ব্যক্তিগত ক্রোন,2.051
7598,Relaxed aps,bn,Bengali,qwen2.5-coder:7b,মনোযোগী অপস,1.927
7599,ivory,bn,Bengali,qwen2.5-coder:7b,আমেরিকানি বাস্তব সাংস্কৃতিক ভাষা,3.788
7600,I & Know,bn,Bengali,qwen2.5-coder:7b,আমি & জানি,1.373
7601,Wednesday,bn,Bengali,qwen2.5-coder:7b,বুধবার,1.147
7602,My Turn,bn,Bengali,qwen2.5-coder:7b,আমার টার্ন,1.407
7603,help center,bn,Bengali,qwen2.5-coder:7b,সাহায্য সেন্টার,1.852
7604,Pixmap Cache,bn,Bengali,qwen2.5-coder:7b,প্যাম্পিক ক্যাশ,1.844
7605,Function & 2:,bn,Bengali,qwen2.5-coder:7b,ফাংশন & 2:,1.474
7606,VNC failure,bn,Bengali,qwen2.5-coder:7b,ভিন্ন সমস্যা,1.587
7607,To-do List,bn,Bengali,qwen2.5-coder:7b,নিয়মিত কর্মসূচিতা,2.363
7608,UNIX2DATE(unixtime),bn,Bengali,qwen2.5-coder:7b,UNIX2DATE(UNIXসময়),1.8
7609,Effect Region,bn,Bengali,qwen2.5-coder:7b,ইভাবের অঞ্চল,1.719
7610,The [General] section of & kdmrc;,bn,Bengali,qwen2.5-coder:7b,General অংশে & kdmrc;,1.969
7611,Merge Tracks,bn,Bengali,qwen2.5-coder:7b,স্ট্রিট সম্পাদনা,2.258
7612,Unicode Char in Oct.,bn,Bengali,qwen2.5-coder:7b,অক্টালে অনুচ্ছেদ,2.125
7613,Image Saving,bn,Bengali,qwen2.5-coder:7b,ছবি সংরক্ষণ,1.629
7614,Canvas Size,bn,Bengali,qwen2.5-coder:7b,কাঠামানের আকার,1.829
7615,non-free,bn,Bengali,qwen2.5-coder:7b,নিজেস্ব,1.196
7616,Blame...,bn,Bengali,qwen2.5-coder:7b,বিবেচনা...,1.247
7617,Cannot open %1!,bn,Bengali,qwen2.5-coder:7b,%1 খোলা যায় না!,2.272
7618,Deleting,bn,Bengali,qwen2.5-coder:7b,মুছে দেওয়া,1.642
7619,& File View,bn,Bengali,qwen2.5-coder:7b,& ফাইল দৃষ্টি,1.829
7620,& Search in,bn,Bengali,qwen2.5-coder:7b,&অনুসন্ধান করুন,2.185
7621,Select all updates,bn,Bengali,qwen2.5-coder:7b,সব অপডেট সিলেক্ট করুন,2.59
7622,Keybindings,bn,Bengali,qwen2.5-coder:7b,কীভাবে ব্যবস্থা,2.004
7623,KPlato project management work package,bn,Bengali,qwen2.5-coder:7b,কপল্যাটো প্রজেক্ট ম্যানেজমেন্ট কাজ পакেজ,4.635
7624,16-bit Words,bn,Bengali,qwen2.5-coder:7b,১৬-বিট শব্দ,1.84
7625,Session management,bn,Bengali,qwen2.5-coder:7b,সেশন ম্যানেজমেন্ট,2.036
7626,Show documentation for,bn,Bengali,qwen2.5-coder:7b,ডকুমেন্টেশন দেখাও,2.333
7627,Commands for editing,bn,Bengali,qwen2.5-coder:7b,এডিটিং জন্য কমান্ড,2.24
7628,& End date:,bn,Bengali,qwen2.5-coder:7b,এন্ড দিন:,1.406
7629,Key Conflict,bn,Bengali,qwen2.5-coder:7b,কীভাবে সম্পর্ক বিচ্ছিন্ন,2.983
7630,Events:,bn,Bengali,qwen2.5-coder:7b,ই벤্টস:,0.984
7631,Never Default Route,bn,Bengali,qwen2.5-coder:7b,ব্যাড রাউট নেভার,2.167
7632,Recording,bn,Bengali,qwen2.5-coder:7b,রেকর্ডিং,1.212
7633,Lines of Context,bn,Bengali,qwen2.5-coder:7b,কонтেক্স লাইনস,1.695
7634,DeepSkyBlue,bn,Bengali,qwen2.5-coder:7b,কেন্দ্র স্কি ব্লু,2.284
7635,MPPE support is missing,bn,Bengali,qwen2.5-coder:7b,MPPE সমর্থন অস্তিত্ব নেই,2.762
7636,Edit Name,bn,Bengali,qwen2.5-coder:7b,নাম সম্পাদনা,1.667
7637,Asia/ Tehran,bn,Bengali,qwen2.5-coder:7b,আসিয়া/থেরান,1.785
7638,Keyboard title:,bn,Bengali,qwen2.5-coder:7b,কোনোটি নেভাবে নেই,2.249
7639,& Moving,bn,Bengali,qwen2.5-coder:7b,& আরো যাও,1.398
7640,manager,bn,Bengali,qwen2.5-coder:7b,ম্যানেজার,1.365
7641,Up: %1 KB/ s,bn,Bengali,qwen2.5-coder:7b,উপরের দিকে: %1 কিবি প্রতি সেকেন্ড,3.625
7642,Preserve symlinks,bn,Bengali,qwen2.5-coder:7b,সিলিংকগুলি সংরক্ষণ করুন,3.042
7643,Repository Location,bn,Bengali,qwen2.5-coder:7b,রিপোজিটরি স্থান,2.091
7644,Learning,bn,Bengali,qwen2.5-coder:7b,শিক্ষা,0.98
7645,Left-Microphone,bn,Bengali,qwen2.5-coder:7b,বাম-মיקרোফোন,1.639
7646,Keyboard Control,bn,Bengali,qwen2.5-coder:7b,কীবোর্ড নিয়ন্ত্রণ,2.571
7647,Speech Toolbar,bn,Bengali,qwen2.5-coder:7b,শোক টুলবার,1.677
7648,Time Format,bn,Bengali,qwen2.5-coder:7b,সময় ফরম্যাট,1.741
7649,& Channel:,bn,Bengali,qwen2.5-coder:7b,& চ্যানেল:,1.447
7650,Selected Files,bn,Bengali,qwen2.5-coder:7b,নির্বাচিত ফাইলগুলি,2.429
7651,Cannot load ThumbCreator %1,bn,Bengali,qwen2.5-coder:7b,থাকা সম্ভব নেই থাকা সম্ভব নেই %1,3.719
7652,Watermark Size,bn,Bengali,qwen2.5-coder:7b,প্রতিবন্ধ আকার,1.912
7653,Tristate,bn,Bengali,qwen2.5-coder:7b,ত্রিস্টেট,1.34
7654,ASCII Extensions,bn,Bengali,qwen2.5-coder:7b,ASCII অক্ষরাংশ,1.402
7655,No Minimum,bn,Bengali,qwen2.5-coder:7b,কোনো মিনিম엄 নেই,2.384
7656,Classname:,bn,Bengali,qwen2.5-coder:7b,ক্লাসের নাম:,1.635
7657,Publishing,bn,Bengali,qwen2.5-coder:7b,প্রকাশিত,1.237
7658,Update Trackers,bn,Bengali,qwen2.5-coder:7b,ট্র্যাকার অনুনোয়ার করুন,3.321
7659,Clipboard contents,bn,Bengali,qwen2.5-coder:7b,ক্লিপবোর্ডের অন্তর্ভুক্তিঃ,3.303
7660,Music folder:,bn,Bengali,qwen2.5-coder:7b,মuzিক ফোল্ডার:,1.957
7661,Intervals:,bn,Bengali,qwen2.5-coder:7b,মুখ্য সময় অংশগুলি:,2.742
7662,System Calls,bn,Bengali,qwen2.5-coder:7b,সিস্টেম কলস,1.531
7663,Nickname,bn,Bengali,qwen2.5-coder:7b,নিউক্ষিত নাম,1.549
7664,Compound regexp,bn,Bengali,qwen2.5-coder:7b,কম্পাউন্ড রেজিপি,1.936
7665,& Next Hole,bn,Bengali,qwen2.5-coder:7b,&পরের খালি,1.418
7666,The [Xdmcp] section of & kdmrc;,bn,Bengali,qwen2.5-coder:7b,"Xdmcp অংশটি এবং kdmrc;""

Note: I've kept the placeholder & as is, assuming it's a special character or code that should remain unchanged. If & is meant to be a variable or placeholder for a specific term, please provide more context so I can handle it appropriately.",7.812
7667,Audio Quality,bn,Bengali,qwen2.5-coder:7b,অডিউ গুল্পিতি,1.767
7668,Ship,bn,Bengali,qwen2.5-coder:7b,শীঘ্র,1.065
7669,ZSoft PaintBrush image,bn,Bengali,qwen2.5-coder:7b,জেসফট প্যানেট্রি ছবি,2.463
7670,Scheduled Time,bn,Bengali,qwen2.5-coder:7b,সময় সম্পর্কিত,1.944
7671,Tasmania - King Island,bn,Bengali,qwen2.5-coder:7b,তামিনি - কিং ইল্যাস,2.395
7672,Sub operations,bn,Bengali,qwen2.5-coder:7b,সাব অপারেশনস,1.658
7673,Jigsaw puzzle game,bn,Bengali,qwen2.5-coder:7b,জিজ্যাসা গেম,1.653
7674,Operation Properties,bn,Bengali,qwen2.5-coder:7b,অপেレーション সূচনা,1.469
7675,Duration,bn,Bengali,qwen2.5-coder:7b,সময়,0.866
7676,CDE preview,bn,Bengali,qwen2.5-coder:7b,CDE প্রোভাইভিউ,1.884
7677,AcquireImages,bn,Bengali,qwen2.5-coder:7b,ইমেজগুলো প্রাপ্ত করুন,2.833
7678,Controlled object,bn,Bengali,qwen2.5-coder:7b,কন্ট্রোল করা বস্তু,2.494
7679,Channel Owners (+q),bn,Bengali,qwen2.5-coder:7b,চ্যানেল প্রকাশকরা (+q),2.474
7680,Encryption certificate:,bn,Bengali,qwen2.5-coder:7b,এক্সেপ্রিয়েশন সার্টিফিকেট:,3.177
7681,Checkered,bn,Bengali,qwen2.5-coder:7b,মালিক,0.925
7682,Authentication log file:,bn,Bengali,qwen2.5-coder:7b,অনুমোদন লগ ফাইল:,2.163
7683,Summer Field,bn,Bengali,qwen2.5-coder:7b,সুমা জমি,1.337
7684,Wallet Management Tool,bn,Bengali,qwen2.5-coder:7b,কার্জেট ম্যানেজমেন্ট টুল,2.98
7685,Contact List Animations,bn,Bengali,qwen2.5-coder:7b,কонтেক্স্ট তালিকা অ্যানিমেশনস,3.217
7686,Organizational Unit,bn,Bengali,qwen2.5-coder:7b,অрг্যানাইজেশন ইউনিট,2.262
7687,Book,bn,Bengali,qwen2.5-coder:7b,বই,0.619
7688,Ethernet Network Device,bn,Bengali,qwen2.5-coder:7b,ইন্টারনেট নেটওয়ার্ক উপকরণ,3.012
7689,Violin,bn,Bengali,qwen2.5-coder:7b,ভিন্ন,0.939
7690,Key Colors,bn,Bengali,qwen2.5-coder:7b,কেি রংস,1.309
7691,Mac OS X input method,bn,Bengali,qwen2.5-coder:7b,ম্যাক ওএস এক্স ইনপুট মেথড,3.124
7692,Cheat mode,bn,Bengali,qwen2.5-coder:7b,চেট মোড,1.257
7693,Service Manager,bn,Bengali,qwen2.5-coder:7b,সেবা ম্যানেজার,1.756
7694,& Layout,bn,Bengali,qwen2.5-coder:7b,& আকর্ষণ,1.173
7695,Screen Management Applet,bn,Bengali,qwen2.5-coder:7b,স্ক্রিন ম্যানেজমেন্ট অ্যাপলেট,3.469
7696,& Next Week,bn,Bengali,qwen2.5-coder:7b,&পরবর্তী সপ্তাহ,2.108
7697,Height 2:,bn,Bengali,qwen2.5-coder:7b,উচ্চতা 2:,1.381
7698,Update settings,bn,Bengali,qwen2.5-coder:7b,সেটিংস আপডেট করুন,2.184
7699,Preface,bn,Bengali,qwen2.5-coder:7b,প্রেমান্ত,1.345
7700,End effect,bn,Bengali,qwen2.5-coder:7b,শেষ প্রভাব,1.461
7701,& Players,bn,Bengali,qwen2.5-coder:7b,& খেলোয়ারা,1.756
7702,PGP Version 5. x,bn,Bengali,qwen2.5-coder:7b,PGP সংস্করণ ৫.০,2.321
7703,turn off computer,bn,Bengali,qwen2.5-coder:7b,কম্পিউটার বন্ধ করুন,2.519
7704,Image Wizard,bn,Bengali,qwen2.5-coder:7b,ইমেজ জিজ্ঞাসা,1.79
7705,strikeout,bn,Bengali,qwen2.5-coder:7b,ক্রমান্তি,1.328
7706,Rows from,bn,Bengali,qwen2.5-coder:7b,রৌপ থেকে,1.538
7707,previewing,bn,Bengali,qwen2.5-coder:7b,প্রোভাইভিং,1.476
7708,South Sumatra,bn,Bengali,qwen2.5-coder:7b,সুমাত্রা দক্ষিণ,2.033
7709,One Staple,bn,Bengali,qwen2.5-coder:7b,একটি স্টেপল,1.611
7710,Solid,bn,Bengali,qwen2.5-coder:7b,সুষ্ঠা,1.108
7711,KDE Compatibility Assistant,bn,Bengali,qwen2.5-coder:7b,KDE সহত্যাপনা সহকারী,2.508
7712,Close script...,bn,Bengali,qwen2.5-coder:7b,স্ক্রিপ্ট বন্ধ করুন...,2.692
7713,Brick size:,bn,Bengali,qwen2.5-coder:7b,বর্গের আকার:,1.722
7714,Light Group,bn,Bengali,qwen2.5-coder:7b,লেট গ্রুপ,1.434
7715,Talk,bn,Bengali,qwen2.5-coder:7b,আলোচনা,1.092
7716,Font Shape,bn,Bengali,qwen2.5-coder:7b,ফন্ট শেপ,1.211
7717,3 for & SuSE;. 4. x and 5. x,bn,Bengali,qwen2.5-coder:7b,3 for & SuSE;. 4. x and 5. x,2.69
7718,FIFO Overruns,bn,Bengali,qwen2.5-coder:7b,FIFO অপর্যাপ্ত,1.722
7719,%1 Bills.,bn,Bengali,qwen2.5-coder:7b,%1 বিল।,1.134
7720,View Settings,bn,Bengali,qwen2.5-coder:7b,সেটিংস দেখুন,1.72
7721,° (#176;) Degree sign,bn,Bengali,qwen2.5-coder:7b,° (#176;) ডিগ্রি সিঙ্গার,2.699
7722,window size,bn,Bengali,qwen2.5-coder:7b,ৱাইন্ডো আকার,1.858
7723,Arc,bn,Bengali,qwen2.5-coder:7b,আকার,0.801
7724,Music Players,bn,Bengali,qwen2.5-coder:7b,মuzিক প্লেয়ারস,1.879
7725,South Darfur,bn,Bengali,qwen2.5-coder:7b,সুমার দারফুর,1.877
7726,Pure,bn,Bengali,qwen2.5-coder:7b,পুরুষ্ট্র,1.521
7727,Project age:,bn,Bengali,qwen2.5-coder:7b,প্রকল্পের আয়োজনের আয়োজনের আয়োজনের আয়োজনের আয়োজনের আয়োজনের আয়োজনের আয়োজনের আয,10.344
7728,30 Points,bn,Bengali,qwen2.5-coder:7b,৩০ বিন্দু,1.705
7729,Diff,bn,Bengali,qwen2.5-coder:7b,বিপরীত,1.113
7730,& Playlist,bn,Bengali,qwen2.5-coder:7b,& প্লেলিস্ট,1.525
7731,Rear view,bn,Bengali,qwen2.5-coder:7b,পিছনে,1.001
7732,Phrase Book,bn,Bengali,qwen2.5-coder:7b,ফর্মুলার বই,1.581
7733,angularAcceleration,bn,Bengali,qwen2.5-coder:7b,অ্যাংগুলার অন্তর্বৃত্তি,2.815
7734,Missing element: %1.,bn,Bengali,qwen2.5-coder:7b,মفقিত উপাদান: %1.,2.039
7735,Keep It,bn,Bengali,qwen2.5-coder:7b,করুন,0.916
7736,Outgoing server:,bn,Bengali,qwen2.5-coder:7b,আসানীয় সার্঵র:,2.045
7737,Matching,bn,Bengali,qwen2.5-coder:7b,সম্পর্কিত,1.218
7738,Matched,bn,Bengali,qwen2.5-coder:7b,সংশ্লিষ্ট,1.381
7739,Border Outline,bn,Bengali,qwen2.5-coder:7b,নিকট সূচক,1.388
7740,no margins,bn,Bengali,qwen2.5-coder:7b,নেই বাঁশি,1.272
7741,LDAP user suffix:,bn,Bengali,qwen2.5-coder:7b,LDAP ব্যবহারকারী সূффিক্স:,2.807
7742,KDE Service Manager,bn,Bengali,qwen2.5-coder:7b,KDE সেবা ম্যানেজার,2.141
7743,Scale factor,bn,Bengali,qwen2.5-coder:7b,স্কেল ফ্যাক্টর,1.804
7744,card game,bn,Bengali,qwen2.5-coder:7b,কার্ড গেম,1.372
7745,Dutch (nl),bn,Bengali,qwen2.5-coder:7b,ডাচ (nl),1.208
7746,transfers,bn,Bengali,qwen2.5-coder:7b,অনুমোদন,1.49
7747,(%1 occurrences),bn,Bengali,qwen2.5-coder:7b,(%1 বার),1.164
7748,Temporary,bn,Bengali,qwen2.5-coder:7b,অবস্থানীয়,1.549
7749,Scale Bar,bn,Bengali,qwen2.5-coder:7b,মাপ বাড়ি,1.422
7750,observer_,bn,Bengali,qwen2.5-coder:7b,অনুভূতি_,1.441
7751,pigment map declaration,bn,Bengali,qwen2.5-coder:7b,পিগমেন্ট ম্যাপ স্বাগতিকরণ,2.873
7752,Gallery & Title,bn,Bengali,qwen2.5-coder:7b,গ্যালারি & শিরোনাম,2.188
7753,Searching for %1,bn,Bengali,qwen2.5-coder:7b,অনুসন্ধান করা আছে %1,2.726
7754,Won Games,bn,Bengali,qwen2.5-coder:7b,জয়েছে গেমস,1.691
7755,LeavePrevious,bn,Bengali,qwen2.5-coder:7b,পূর্বের সম্পর্কে ছিলেন,2.596
7756,Geometry,bn,Bengali,qwen2.5-coder:7b,জোড়ারী,1.31
7757,This profile:,bn,Bengali,qwen2.5-coder:7b,এই প্রোফাইল:,1.658
7758,Migration Plugin,bn,Bengali,qwen2.5-coder:7b,মиграশন প্লাগইন,1.58
7759,crab,bn,Bengali,qwen2.5-coder:7b,কর্পোরেট,1.281
7760,rectMeanVelocity,bn,Bengali,qwen2.5-coder:7b,রেক্ট গড়ানীয় গতি,2.589
7761,Border,bn,Bengali,qwen2.5-coder:7b,নিকট,0.801
7762,density declaration,bn,Bengali,qwen2.5-coder:7b,ভাবনা প্রাবণ্য,1.792
7763,Telescope:,bn,Bengali,qwen2.5-coder:7b,বিজ্ঞান প্রকাশক:,2.029
7764,Look at,bn,Bengali,qwen2.5-coder:7b,আরো দেখো,1.451
7765,Personal Radio,bn,Bengali,qwen2.5-coder:7b,ব্যক্তিগত রেডিও,1.95
7766,Bb Major,bn,Bengali,qwen2.5-coder:7b,বিজোড়া বড় স্কেল,2.523
7767,Xsldbg Breakpoints,bn,Bengali,qwen2.5-coder:7b,এক্সএসএলডিব্গ ব্রেকপয়ারস,3.137
7768,X PixMap Image (. xpm),bn,Bengali,qwen2.5-coder:7b,X পিকম্যাপ ছবি (. xpm),2.41
7769,Visibility,bn,Bengali,qwen2.5-coder:7b,শীঘ্রতা,1.327
7770,"go X, Y",bn,Bengali,qwen2.5-coder:7b,"যাও X, Y",1.265
7771,& Inspector,bn,Bengali,qwen2.5-coder:7b,& অনুমোদক,1.464
7772,Mahjongg Solitaire for KDE,bn,Bengali,qwen2.5-coder:7b,মহ্জঙ্গ সোলিটের জন্য KDE,3.006
7773,Tiger,bn,Bengali,qwen2.5-coder:7b,টিগার,0.93
7774,Document List,bn,Bengali,qwen2.5-coder:7b,নথিয়ালের তালিকা,2.043
7775,UserToolbars Plugin,bn,Bengali,qwen2.5-coder:7b,ইউজার টুলবার্স প্লাগইন,2.735
7776,Satellite View,bn,Bengali,qwen2.5-coder:7b,স্বরোহ দৃষ্টি,2.015
7777,Histogram Viewer,bn,Bengali,qwen2.5-coder:7b,হিস্টোগ্রাম দেখাল,2.198
7778,Copy a File/ Directory...,bn,Bengali,qwen2.5-coder:7b,ফাইল/ডিরেক্টরি কপি করুন...,3.208
7779,Link Quality:,bn,Bengali,qwen2.5-coder:7b,লিঙ্ক গুল্পিতি:,2.05
7780,ForestGreen,bn,Bengali,qwen2.5-coder:7b,ফরস্ট গ্রেন,1.54
7781,Brazilian Real,bn,Bengali,qwen2.5-coder:7b,ব্রাজিলীয় রিয়াল,2.499
7782,Supported Plugins,bn,Bengali,qwen2.5-coder:7b,সমর্থিত প্লিজনসমূহ,2.401
7783,Channel Mixer,bn,Bengali,qwen2.5-coder:7b,চ্যানেল মিশ্রণ,1.88
7784,& Foreground:,bn,Bengali,qwen2.5-coder:7b,& উপরের রং:,1.685
7785,blue:,bn,Bengali,qwen2.5-coder:7b,বালুঁ:,1.255
7786,Articles list.,bn,Bengali,qwen2.5-coder:7b,বিবিধ তালিকা।,1.941
7787,Auto Rotation Tool,bn,Bengali,qwen2.5-coder:7b,অটো রোটেশন টুল,2.214
7788,& Goal Seek...,bn,Bengali,qwen2.5-coder:7b,& স্থানানীয় খোঁজ...,2.665
7789,Keyboard Settings,bn,Bengali,qwen2.5-coder:7b,কীবোর্ড সেটিংস,2.136
7790,Delete '%1 'tag?,bn,Bengali,qwen2.5-coder:7b,মুছে দিন '%1' ট্যাগ?,2.496
7791,XMP: created,bn,Bengali,qwen2.5-coder:7b,XMP: তৈরি,1.439
7792,SVG background pictures,bn,Bengali,qwen2.5-coder:7b,SVG ব্যাকগ্রাউন্ড ছবি,2.379
7793,Re: This is a test,bn,Bengali,qwen2.5-coder:7b,রিপ্লাই: এটি একটি পরীক্ষা,3.025
7794,Cipher algorithm,bn,Bengali,qwen2.5-coder:7b,কিপার অ্যালগরিদম,2.043
7795,Section Level 4,bn,Bengali,qwen2.5-coder:7b,সেকশন তরিকে ৪,1.843
7796,Game speed,bn,Bengali,qwen2.5-coder:7b,গেম স্পিড,1.267
7797,ColorSpace,bn,Bengali,qwen2.5-coder:7b,কোলর স্পেস,1.463
7798,& Rectangle,bn,Bengali,qwen2.5-coder:7b,& আয়োজন,1.391
7799,Indicator Options,bn,Bengali,qwen2.5-coder:7b,ইন্ডিকেটর অপশনস,1.989
7800,Notes Color,bn,Bengali,qwen2.5-coder:7b,নোটস রং,1.34
7801,& Mask,bn,Bengali,qwen2.5-coder:7b,& ম্যাস্ক,1.346
7802,& Changed:,bn,Bengali,qwen2.5-coder:7b,& পরিবর্তিত:,1.556
7803,Script Data,bn,Bengali,qwen2.5-coder:7b,স্ক্রিপ্ট ডেটা,1.769
7804,Dropdown List,bn,Bengali,qwen2.5-coder:7b,ড롭ডাউন লিস্ট,1.578
7805,Close Item,bn,Bengali,qwen2.5-coder:7b,আইটেম বন্ধ করুন,2.075
7806,Instant,bn,Bengali,qwen2.5-coder:7b,ইন্সট্যান্ট,1.488
7807,List Options,bn,Bengali,qwen2.5-coder:7b,লিস্ট অপশনস,1.524
7808,Object is created,bn,Bengali,qwen2.5-coder:7b,বস্তু তৈরি হয়েছে,2.479
7809,Grayscalizer Filter,bn,Bengali,qwen2.5-coder:7b,গ্রেস্কেলাইজার ফিল্টার,2.63
7810,Feed added: %1,bn,Bengali,qwen2.5-coder:7b,ফিড যোগ করা হয়েছে: %1,2.864
7811,Add record,bn,Bengali,qwen2.5-coder:7b,রেকর্ড যোগ করুন,2.082
7812,Window position,bn,Bengali,qwen2.5-coder:7b,জanela স্থানান্ত্রিকতা,2.455
7813,Picture:,bn,Bengali,qwen2.5-coder:7b,ছবি:,0.836
7814,Copy Input To,bn,Bengali,qwen2.5-coder:7b,আপনার ইনপুটটি কপি করুন,3.1
7815,Activity Settings,bn,Bengali,qwen2.5-coder:7b,ক্রিয়া সেটিংস,2.136
7816,Formatting (HTML),bn,Bengali,qwen2.5-coder:7b,HTML ফরম্যাটিং,1.618
7817,Core,bn,Bengali,qwen2.5-coder:7b,কেরো,0.915
7818,& Bitrate,bn,Bengali,qwen2.5-coder:7b,& বিট দর,1.27
7819,Address book identifier,bn,Bengali,qwen2.5-coder:7b,ঠিকানা বই চিহ্ন,2.076
7820,Color & depth:,bn,Bengali,qwen2.5-coder:7b,কোলর এবং দৃঢ়তা:,2.469
7821,Previewing...,bn,Bengali,qwen2.5-coder:7b,প্রোভাইভিং...,1.586
7822,Developer (2002-2005),bn,Bengali,qwen2.5-coder:7b,ডেভেলপার (২০০২-২০০৫),3.502
7823,Quotes,bn,Bengali,qwen2.5-coder:7b,কোটি,1.123
7824,Warning - Cantor,bn,Bengali,qwen2.5-coder:7b,সতর্কতা - ক্যান্টর,2.403
7825,Wallpapers,bn,Bengali,qwen2.5-coder:7b,প্রতিবেশ,1.281
7826,Key Combo,bn,Bengali,qwen2.5-coder:7b,কী কম্বো,1.459
7827,Non-script action,bn,Bengali,qwen2.5-coder:7b,নোন-স্ক্রিপ্ট অ্যাকশন,2.728
7828,Subdivision,bn,Bengali,qwen2.5-coder:7b,উপজেলা,1.082
7829,Chart Tool,bn,Bengali,qwen2.5-coder:7b,চার্ট টুল,1.459
7830,From Top,bn,Bengali,qwen2.5-coder:7b,শুধু উপর থেকে,1.945
7831,Incomplete,bn,Bengali,qwen2.5-coder:7b,অসম্পূর্ণ,1.36
7832,Query via Xesam,bn,Bengali,qwen2.5-coder:7b,Xesam দিয়ে অনুসন্ধান,2.801
7833,Tails,bn,Bengali,qwen2.5-coder:7b,টেইলস,0.918
7834,Tools Scripts,bn,Bengali,qwen2.5-coder:7b,ইнструমেন্ট স্ক্রিপ্টস,2.191
7835,Std. deviation:,bn,Bengali,qwen2.5-coder:7b,মানুষ্ট্য সম্পদ:,2.306
7836,GraphViz dot files viewer,bn,Bengali,qwen2.5-coder:7b,গ্রাফভিজ ডট ফাইল দেখালো,2.943
7837,& Phrase Books,bn,Bengali,qwen2.5-coder:7b,& ফর্মুলার বই,1.82
7838,& Weather condition:,bn,Bengali,qwen2.5-coder:7b,আবার্ত শর্ত:,1.573
7839,IPP Operation,bn,Bengali,qwen2.5-coder:7b,ইপিপ অপেরেশন,1.623
7840,4 Cards,bn,Bengali,qwen2.5-coder:7b,৪ কার্ড,1.195
7841,Physical Path:,bn,Bengali,qwen2.5-coder:7b,ফизিক্যাল,1.296
7842,Creation:,bn,Bengali,qwen2.5-coder:7b,বিনিময়:,1.423
7843,Pipe length,bn,Bengali,qwen2.5-coder:7b,পাইপের দৈর্ঘ্য,1.942
7844,Safe,bn,Bengali,qwen2.5-coder:7b,সুন্দর,1.139
7845,New institution...,bn,Bengali,qwen2.5-coder:7b,নতুন অনুষ্ঠান...,1.985
7846,Code Generated,bn,Bengali,qwen2.5-coder:7b,কোড সৃষ্টি করা,1.952
7847,Driver Name:,bn,Bengali,qwen2.5-coder:7b,ড্রাইভারের নাম:,1.892
7848,Resource allocation,bn,Bengali,qwen2.5-coder:7b,সম্পদ অনুমোদন,1.971
7849,User3,bn,Bengali,qwen2.5-coder:7b,ইউজার৩,1.131
7850,KOrganizer master file,bn,Bengali,qwen2.5-coder:7b,কোর্গানার মাস্টার ফাইল,2.829
7851,Per units:,bn,Bengali,qwen2.5-coder:7b,প্রতি একক:,1.402
7852,KDE Partition Manager KPart,bn,Bengali,qwen2.5-coder:7b,KDE প্রতিশ্বাস ম্যানেজার KPart,2.973
7853,Activation Method,bn,Bengali,qwen2.5-coder:7b,অ্যাক্টিভেশন পদ্ধতি,2.24
7854,"File10,",bn,Bengali,qwen2.5-coder:7b,"ফাইল১০,",1.3
7855,password:,bn,Bengali,qwen2.5-coder:7b,পাসওয়ার্ড:,1.519
7856,Chrominance Blue,bn,Bengali,qwen2.5-coder:7b,কম্পিউনেটর সম্পর্কে বিশ্লেষণ,3.067
7857,Soundtrack preview,bn,Bengali,qwen2.5-coder:7b,শব্দোক্তা প্রোভাইভিং,2.577
7858,Trackers management,bn,Bengali,qwen2.5-coder:7b,ট্র্যাকার ম্যানেজমেন্ট,2.693
7859,Revocation Signature,bn,Bengali,qwen2.5-coder:7b,নিশ্চিতকরণ স্বাক্ষর,2.415
7860,UADescription (w3m 0.1.9),bn,Bengali,qwen2.5-coder:7b,UADescription (w3m 0.1.9),2.369
7861,acceleration variance,bn,Bengali,qwen2.5-coder:7b,অনুতলিত সমান্তর সম্পর্ক,2.815
7862,Dictionary file,bn,Bengali,qwen2.5-coder:7b,অভিধান ফাইল,1.486
7863,Close,bn,Bengali,qwen2.5-coder:7b,বন্ধ করুন,1.343
7864,Max treshold,bn,Bengali,qwen2.5-coder:7b,মаксিমাল থRESHOLD,1.479
7865,Sentence Boundary Detector,bn,Bengali,qwen2.5-coder:7b,শব্দ সূচক,1.64
7866,Unmount Tape,bn,Bengali,qwen2.5-coder:7b,তাপেকে অন্যায়িত করুন,2.596
7867,Wallpaper,bn,Bengali,qwen2.5-coder:7b,ব্যাজেট,1.088
7868,Crash Information (backtrace),bn,Bengali,qwen2.5-coder:7b,ক্রাস তথ্য (ব্যাকট্রেস),2.635
7869,Custom,bn,Bengali,qwen2.5-coder:7b,স্বাস্থ্য,1.32
7870,Download added: %1,bn,Bengali,qwen2.5-coder:7b,ডাউনলোড যোগ্য করা: %1,2.997
7871,User Agent,bn,Bengali,qwen2.5-coder:7b,ব্যবহারকারী এজেন্ট,2.377
7872,Nepomuk - Task Manager,bn,Bengali,qwen2.5-coder:7b,নেপোমুক - কাজ ম্যানেজার,2.955
7873,Write modes:,bn,Bengali,qwen2.5-coder:7b,নির্মাণ প্রকারগুলি:,2.322
7874,Page Drying Time,bn,Bengali,qwen2.5-coder:7b,পেজ ধুক্তির সময়,2.206
7875,Using & ksysguard;,bn,Bengali,qwen2.5-coder:7b,এই & ksysguard; ব্যবহার করুন;,2.722
7876,Using & rsibreak;,bn,Bengali,qwen2.5-coder:7b,ব্যবহার করুন & rsibreak;,2.344
7877,FX 4 - Atmosphere,bn,Bengali,qwen2.5-coder:7b,FX 4 - অতমোর্ধ্ব,2.119
7878,Document Contents,bn,Bengali,qwen2.5-coder:7b,ডকুমেন্ট অংশগুলি,2.531
7879,light blue,bn,Bengali,qwen2.5-coder:7b,লাইট বাজার,1.481
7880,Height:,bn,Bengali,qwen2.5-coder:7b,উচ্চতা:,1.108
7881,Detailed Debugging,bn,Bengali,qwen2.5-coder:7b,বিস্তারিত দৃঢ়তা পরীক্ষা,3.268
7882,vtun is missing,bn,Bengali,qwen2.5-coder:7b,ভূমিকা অসম্পন্ন,2.028
7883,FOSS Project Commit Statistics,bn,Bengali,qwen2.5-coder:7b,FOSS প্রকল্পের সম্পর্কিত সংশ্লিষ্টি,3.957
7884,Distortion Correction,bn,Bengali,qwen2.5-coder:7b,ক্ষতি সংশোধন,1.909
7885,File Installer,bn,Bengali,qwen2.5-coder:7b,ফাইল ইনস্টলার,1.765
7886,tentative,bn,Bengali,qwen2.5-coder:7b,অনুমোদিত,1.382
7887,Cannot open %1.,bn,Bengali,qwen2.5-coder:7b,%1 খোলা সক্ষম নয়।,2.507
7888,& Image Selection,bn,Bengali,qwen2.5-coder:7b,& ছবি নির্বাচন,1.92
7889,Blu-ray Size,bn,Bengali,qwen2.5-coder:7b,ব্লূ-রেডি আকার,2.063
7890,Type selection,bn,Bengali,qwen2.5-coder:7b,নির্বাচন করুন,1.838
7891,Chart Type,bn,Bengali,qwen2.5-coder:7b,চার্ট প্রকার,1.637
7892,Total: %1,bn,Bengali,qwen2.5-coder:7b,মোট: %1,1.192
7893,Received:,bn,Bengali,qwen2.5-coder:7b,গ্রহণ করা হয়েছে:,2.174
7894,Generic Project Manager,bn,Bengali,qwen2.5-coder:7b,সাধারণ প্রকল্প ম্যানেজার,2.735
7895,PCI information,bn,Bengali,qwen2.5-coder:7b,PCI তথ্য,1.052
7896,Timestamp,bn,Bengali,qwen2.5-coder:7b,সময়স্থান,1.422
7897,"3 Staples, parallel",bn,Bengali,qwen2.5-coder:7b,"৩ স্ট্যাপস, সমান্তরাল",2.74
7898,Job Type,bn,Bengali,qwen2.5-coder:7b,কাজের ধরনি,1.493
7899,MAL Server Information,bn,Bengali,qwen2.5-coder:7b,মাল সার্ভার তথ্য,2.089
7900,Installation problem,bn,Bengali,qwen2.5-coder:7b,ইন্সটলেশন সমস্যা,2.099
7901,Nicer,bn,Bengali,qwen2.5-coder:7b,আরও ভালো,1.294
7902,Style Settings,bn,Bengali,qwen2.5-coder:7b,স্টাইল সেটিংস,1.703
7903,Wallet Manager,bn,Bengali,qwen2.5-coder:7b,কার্জেট ম্যানেজার,2.127
7904,& View A,bn,Bengali,qwen2.5-coder:7b,& দেখুন A,1.445
7905,USB controller,bn,Bengali,qwen2.5-coder:7b,USB কন্ট্রোলার,1.714
7906,How to authenticate,bn,Bengali,qwen2.5-coder:7b,আপনি কেমন তারিখ প্রমাণ করতে চান?,3.806
7907,Booklet maker,bn,Bengali,qwen2.5-coder:7b,বইকেটের তৈরিকারী,2.212
7908,%1% - Thumbnail,bn,Bengali,qwen2.5-coder:7b,%1% - থুম্বে,1.676
7909,Give up,bn,Bengali,qwen2.5-coder:7b,নিজেকে দিন,1.511
7910,Combined View,bn,Bengali,qwen2.5-coder:7b,সম্পন্ন দৃশ্য,1.856
7911,Front Cover Tray,bn,Bengali,qwen2.5-coder:7b,পৃষ্ঠপৃষ্ঠ ট্রেই,2.312
7912,Alphanumeric,bn,Bengali,qwen2.5-coder:7b,অ্যালফানামিক,1.689
7913,(c) 2004-2005 The KDE PIM Team,bn,Bengali,qwen2.5-coder:7b,(c) 2004-2005 কেডি পিএমি টিম,3.664
7914,Example Tags,bn,Bengali,qwen2.5-coder:7b,উদাহরণ ট্যাগস,1.755
7915,Merge,bn,Bengali,qwen2.5-coder:7b,মিজা,0.836
7916,Token missing,bn,Bengali,qwen2.5-coder:7b,টোকেন অনুপস্থিত,2.137
7917,Getting Help,bn,Bengali,qwen2.5-coder:7b,সাহায্য পেতে,1.662
7918,(moderated),bn,Bengali,qwen2.5-coder:7b,মোডেরেটেড,1.517
7919,Cache pattern,bn,Bengali,qwen2.5-coder:7b,ক্যাশ প্যাটার্ন,1.992
7920,six,bn,Bengali,qwen2.5-coder:7b,৬,0.608
7921,Encapsulated Postscript Image (. eps),bn,Bengali,qwen2.5-coder:7b,এক্সপ্যাসাল পোস্টস্ক্রিপ্ট ছবি (.eps),3.905
7922,Keyboard Battery,bn,Bengali,qwen2.5-coder:7b,কীবোর্ড ব্যাটারি,2.214
7923,& Minimum value:,bn,Bengali,qwen2.5-coder:7b,& ন্যূমেরিক মানের নিম্নতম মান:,3.392
7924,Serial number,bn,Bengali,qwen2.5-coder:7b,সিরিয়াল নম্বর,1.893
7925,Tracks Added,bn,Bengali,qwen2.5-coder:7b,অ্যাড করা ট্র্যাকস,2.229
7926,Search Engines,bn,Bengali,qwen2.5-coder:7b,সার্চ ইঞ্জিনস,1.825
7927,trash,bn,Bengali,qwen2.5-coder:7b,স্বাস্থ্য,1.327
7928,Sample Size,bn,Bengali,qwen2.5-coder:7b,নমূনা আকার,1.543
7929,Roman,bn,Bengali,qwen2.5-coder:7b,রোমান,1.025
7930,Group Name,bn,Bengali,qwen2.5-coder:7b,গুপ্ত নাম,1.396
7931,Plasma. operations input file,bn,Bengali,qwen2.5-coder:7b,প্লাসমা. অপেরেশন ইনপুট ফাইল,3.395
7932,Caching time of directory listings:,bn,Bengali,qwen2.5-coder:7b,ডিরেক্টরি লিস্টিংসের ক্যাশিং সময়:,4.117
7933,Expansion Filter,bn,Bengali,qwen2.5-coder:7b,আকার ফিল্টার,1.609
7934,Main Developer,bn,Bengali,qwen2.5-coder:7b,মূল ডেভেলপার,1.762
7935,Cryptography Toolbar,bn,Bengali,qwen2.5-coder:7b,ক্রিপ্টোগ্রাফি টুলবার,2.798
7936,Filters Configuration,bn,Bengali,qwen2.5-coder:7b,ফিল্টার সমন্বয়,2.039
7937,Speed Limits,bn,Bengali,qwen2.5-coder:7b,গতিবেগ সূচক,1.658
7938,& Duration:,bn,Bengali,qwen2.5-coder:7b,& সময়:,1.195
7939,Green,bn,Bengali,qwen2.5-coder:7b,সবুজ,0.908
7940,cleared,bn,Bengali,qwen2.5-coder:7b,ক্লার,0.903
7941,Operating system:,bn,Bengali,qwen2.5-coder:7b,অপেরেটিং সিস্টেম:,2.094
7942,process monitor,bn,Bengali,qwen2.5-coder:7b,প্রক্রিয়া অনুরোধকারী,2.888
7943,Photo 0 of 0,bn,Bengali,qwen2.5-coder:7b,ফটো ০ থেকে ০,2.041
7944,Arrows,bn,Bengali,qwen2.5-coder:7b,আরোহা ও উল্লেখ,1.925
7945,Pauker Lesson,bn,Bengali,qwen2.5-coder:7b,পাউকার বিষয়,1.879
7946,Starting the & infocenter;,bn,Bengali,qwen2.5-coder:7b,"ইনফোসেন্টার শুরু করা হচ্ছে;""

Note: The ampersand (&) is typically used for keyboard shortcuts in English, but it's not commonly used in Bengali UI text. If the ampersand is meant to be displayed as-is, it will be included in the translation. If it's a placeholder for a keyboard shortcut, it might be omitted or replaced with a",10.656
7947,% Completed,bn,Bengali,qwen2.5-coder:7b,% সম্পূর্ণ,1.591
7948,& Group Name:,bn,Bengali,qwen2.5-coder:7b,& সম্পর্কের নাম:,2.035
7949,Custom Type 6,bn,Bengali,qwen2.5-coder:7b,কাস্টম টাইপ ৬,1.976
7950,Guides,bn,Bengali,qwen2.5-coder:7b,গুider,0.85
7951,Direction,bn,Bengali,qwen2.5-coder:7b,নির্দেশ,1.061
7952,Zoom in (x 2),bn,Bengali,qwen2.5-coder:7b,বৃদ্ধি করুন (x 2),2.381
7953,Machine print,bn,Bengali,qwen2.5-coder:7b,মशিনের প্রিন্ট,1.779
7954,Column width:,bn,Bengali,qwen2.5-coder:7b,কলোম প্রস্থ:,1.77
7955,W Orientation West,bn,Bengali,qwen2.5-coder:7b,পশ্চিম উপরাশ,1.862
7956,Abstract file:,bn,Bengali,qwen2.5-coder:7b,অনুস্থানিক ফাইল:,2.248
7957,Renaming...,bn,Bengali,qwen2.5-coder:7b,নাম পরিবর্তন...,1.783
7958,Figure,bn,Bengali,qwen2.5-coder:7b,চিত্র,0.917
7959,Inactive,bn,Bengali,qwen2.5-coder:7b,নিষ্ক্রিয়াম,1.729
7960,Middle-East,bn,Bengali,qwen2.5-coder:7b,মধ্য-আমেরিকা,1.576
7961,RF Channel,bn,Bengali,qwen2.5-coder:7b,RF চ্যানেল,1.301
7962,(n) New,bn,Bengali,qwen2.5-coder:7b,নতুন (n),1.257
7963,Go (wml),bn,Bengali,qwen2.5-coder:7b,যাও (wml),1.362
7964,Konsole part view,bn,Bengali,qwen2.5-coder:7b,কনসোল ভাগ দেখা,1.941
7965,Crystal Desktop Search,bn,Bengali,qwen2.5-coder:7b,ক্রাস্টাল ডেস্কটপ সার্চ,2.762
7966,& Search:,bn,Bengali,qwen2.5-coder:7b,&অনুসন্ধান:,1.703
7967,Expression,bn,Bengali,qwen2.5-coder:7b,উপাদান,1.055
7968,turnleft X,bn,Bengali,qwen2.5-coder:7b,বামে ঘুরো X,1.664
7969,View Schema,bn,Bengali,qwen2.5-coder:7b,সхেডিয়ান দেখুন,2.083
7970,Network device:,bn,Bengali,qwen2.5-coder:7b,নেটওয়ার্ক উপকরণ:,2.191
7971,West Azarbaijan,bn,Bengali,qwen2.5-coder:7b,পশ্চিম অজারবাজgan,2.086
7972,Show Notification Popup,bn,Bengali,qwen2.5-coder:7b,নোটিফিকেশন পপআপ দেখাও,2.665
7973,Directory name,bn,Bengali,qwen2.5-coder:7b,ডিরেক্টরি নাম,1.731
7974,Blue,bn,Bengali,qwen2.5-coder:7b,নীল,0.798
7975,& koffice; features:,bn,Bengali,qwen2.5-coder:7b,&কোফিস; ফিচারসংশ্লেষণ:,2.827
7976,Key Combination,bn,Bengali,qwen2.5-coder:7b,কী সম্পর্ক,1.54
7977,Nested transactions,bn,Bengali,qwen2.5-coder:7b,নিপাটিত ট্রান্সকশন,2.17
7978,The Panel,bn,Bengali,qwen2.5-coder:7b,প্লেনেল,1.111
7979,LDAP Directory Manager,bn,Bengali,qwen2.5-coder:7b,LDAP দিরেক্টরি ম্যানেজার,2.474
7980,KDE Text-to-speech Manager,bn,Bengali,qwen2.5-coder:7b,KDE টেক্সট-টো-স্পিচ ম্যানেজার,3.532
7981,B vs. C Overview,bn,Bengali,qwen2.5-coder:7b,বি.এস. ব্যাস্কোপ,2.222
7982,Scope,bn,Bengali,qwen2.5-coder:7b,স্কোপ,1.02
7983,S/ MIME export file:,bn,Bengali,qwen2.5-coder:7b,S/ MIME এক্সপোর্ট ফাইল:,2.536
7984,Shark proximity,bn,Bengali,qwen2.5-coder:7b,শুকার সূচ্ছানা,2.113
7985,Userspace,bn,Bengali,qwen2.5-coder:7b,ব্যবহারক্ষেত্র,1.933
7986,Locking Keys,bn,Bengali,qwen2.5-coder:7b,কোড বন্ধ করা,1.803
7987,Close KGoldrunner,bn,Bengali,qwen2.5-coder:7b,ক্লোজ কগলরান্নার,2.178
7988,& Dial,bn,Bengali,qwen2.5-coder:7b,& দোলান,1.266
7989,Calculator,bn,Bengali,qwen2.5-coder:7b,ক্যালকুলেটর,1.687
7990,Master Slide,bn,Bengali,qwen2.5-coder:7b,মূল স্লাইড,1.57
7991,Emoticons Manager,bn,Bengali,qwen2.5-coder:7b,মোটির ম্যানেজার,2.096
7992,Cisco password decoder,bn,Bengali,qwen2.5-coder:7b,কোসিনো পাসওয়ার্ড ডিকোডার,3.211
7993,Preview String,bn,Bengali,qwen2.5-coder:7b,প্রোভাইভ স্ট্রিং,2.085
7994,30m at 1.3cm,bn,Bengali,qwen2.5-coder:7b,৩০মি ১.৩২৪ সেমি,2.846
7995,& Job priority:,bn,Bengali,qwen2.5-coder:7b,& কাজের অগ্রিমতি:,2.198
7996,Distinct,bn,Bengali,qwen2.5-coder:7b,বিভিন্ন,1.177
7997,How to obtain & kformula;,bn,Bengali,qwen2.5-coder:7b,এক্ষেত্রে কোনো সূত্র প্রাপ্ত করতে হবে & kformula;,5.003
7998,Custom 6,bn,Bengali,qwen2.5-coder:7b,কাস্টম ৬,1.415
7999,Shortcut name: b,bn,Bengali,qwen2.5-coder:7b,কেরোটির নাম: b,2.037
8000,Ending Market Value,bn,Bengali,qwen2.5-coder:7b,মার্কেট মূল্য শেষ,2.332
8001,Capture mode:,bn,Bengali,qwen2.5-coder:7b,"সংক্ষেপ বিন্যাস: ""সংক্ষেপ বিন্যাস:""
বিন্যাস: ""সংক্ষেপ বিন্যাস:""
সংক্ষেপ বিন্যাস: ""সংক্ষেপ বিন্যাস:""
বিন",10.402
8002,Horizontal:,bn,Bengali,qwen2.5-coder:7b,হারানোং:,1.413
8003,& Execution,bn,Bengali,qwen2.5-coder:7b,& আরম্ভ,1.146
8004,Cisco - IP Phone,bn,Bengali,qwen2.5-coder:7b,কিসকো - ইপ ফোন,2.01
8005,Endless Cascade,bn,Bengali,qwen2.5-coder:7b,বিশ্বাসী স্বরোধ,2.218
8006,do nothing,bn,Bengali,qwen2.5-coder:7b,কিনা কোনো কিছু করো,2.67
8007,Equatorial Guinea,bn,Bengali,qwen2.5-coder:7b,আমেরিকা সংখ্যক দেশের একটি,2.94
8008,Canceled.,bn,Bengali,qwen2.5-coder:7b,বাতিল করা হয়েছে।,2.212
8009,Enter Details,bn,Bengali,qwen2.5-coder:7b,তথ্য দিন,1.29
8010,& Difference,bn,Bengali,qwen2.5-coder:7b,& বিপরীত,1.335
8011,Length: %1 px,bn,Bengali,qwen2.5-coder:7b,দৈর্য: %1 পিক্সেল,2.287
8012,KDE Configuration Manager,bn,Bengali,qwen2.5-coder:7b,KDE সমন্বয় ম্যানেজার,2.676
8013,User private groups,bn,Bengali,qwen2.5-coder:7b,ব্যবহারকারী ব্যবস্থাপিত সম্পর্কগুলি,4.176
8014,Delete Item?,bn,Bengali,qwen2.5-coder:7b,আইটেম ডিলিট করা যাবে?,2.603
8015,Finger key,bn,Bengali,qwen2.5-coder:7b,মুখ্য কীবোর্ড,2.09
8016,Leader:,bn,Bengali,qwen2.5-coder:7b,প্রধান:,1.081
8017,Dear Sir or Madam:,bn,Bengali,qwen2.5-coder:7b,আপার জানার জন্য:,2.043
8018,Heavy Media > = 28lbs,bn,Bengali,qwen2.5-coder:7b,ভাবিষ্যিত মিডিয়া > = 28lbs,3.089
8019,21st Last,bn,Bengali,qwen2.5-coder:7b,২১তম অনুশীলন,2.109
8020,& Page Size,bn,Bengali,qwen2.5-coder:7b,&পেজ আকার,1.357
8021,Expiration:,bn,Bengali,qwen2.5-coder:7b,সময় শেষ:,1.427
8022,Maturity,bn,Bengali,qwen2.5-coder:7b,মূল্যবোধ,1.487
8023,Color schemes,bn,Bengali,qwen2.5-coder:7b,কোলর স্কিমস,1.605
8024,Distortion Effects,bn,Bengali,qwen2.5-coder:7b,বিস্ক্রিয়া প্রভাবগুলি,3.001
8025,Certificate Warning,bn,Bengali,qwen2.5-coder:7b,সাক্ষাত্কার অপরিবর্তন,2.488
8026,Card Stock,bn,Bengali,qwen2.5-coder:7b,কার্ড স্টক,1.458
8027,Function Types,bn,Bengali,qwen2.5-coder:7b,ফাংশন প্রকার,1.588
8028,SSL compatibility,bn,Bengali,qwen2.5-coder:7b,SSL সংযোগ্যতা,1.667
8029,Filename pattern:,bn,Bengali,qwen2.5-coder:7b,ফাইলের নাম প্যাটার্ন:,2.548
8030,Convert Layer Tye,bn,Bengali,qwen2.5-coder:7b,লেয়ার টাইপ পরিবর্তন,2.807
8031,Data Source,bn,Bengali,qwen2.5-coder:7b,উত্তরাধিকার,1.576
8032,Device Actions,bn,Bengali,qwen2.5-coder:7b,ডিভাইস অ্যাকশনস,1.884
8033,LeftImg,bn,Bengali,qwen2.5-coder:7b,বাম ছবি,1.148
8034,Sphere sweep:,bn,Bengali,qwen2.5-coder:7b,"বৃত্ত স্পীর্ক স্কুপ:""
(Translation: ""Sphere sweep:"")",3.351
8035,Password level:,bn,Bengali,qwen2.5-coder:7b,পাসওয়ার্ড স্তর:,2.131
8036,Foreground color:,bn,Bengali,qwen2.5-coder:7b,পৌরো রং:,1.541
8037,ATTN:,bn,Bengali,qwen2.5-coder:7b,প্রতিমান:,1.474
8038,Akonadi Compatibility Resource,bn,Bengali,qwen2.5-coder:7b,আকোনাদি সংশ্লোন সূচক,2.799
8039,& Yellow,bn,Bengali,qwen2.5-coder:7b,& নভায়,1.238
8040,Examples:,bn,Bengali,qwen2.5-coder:7b,উদাহরণসমূহ:,1.632
8041,72 Points,bn,Bengali,qwen2.5-coder:7b,৭২ বিন্দু,1.604
8042,Smooth threshold:,bn,Bengali,qwen2.5-coder:7b,সমুদ্র সীমা:,1.76
8043,Update interval,bn,Bengali,qwen2.5-coder:7b,আপডেট অinterval,1.201
8044,Question Glue,bn,Bengali,qwen2.5-coder:7b,শীঘ্রিত প্রশ্ন,1.99
8045,Bumps,bn,Bengali,qwen2.5-coder:7b,বিপরীত,1.144
8046,& Trigger word:,bn,Bengali,qwen2.5-coder:7b,& অন্তর্ভুক্তি শব্দ:,2.531
8047,Unlimited,bn,Bengali,qwen2.5-coder:7b,অসীম,0.987
8048,Bosnia and Herzegovina,bn,Bengali,qwen2.5-coder:7b,বাস্তানি এবং হার্জেগোভিনা,3.159
8049,new_folder,bn,Bengali,qwen2.5-coder:7b,নতুন ফোল্ডার,1.767
8050,Target image,bn,Bengali,qwen2.5-coder:7b,নির্বাচিত ছবি,1.667
8051,Proofing Profile,bn,Bengali,qwen2.5-coder:7b,প্রমাণ প্রোফাইল,1.994
8052,Function Optimizer,bn,Bengali,qwen2.5-coder:7b,ফাংশন অ্যামাইটার,2.103
8053,color hue,bn,Bengali,qwen2.5-coder:7b,কলর হূই,1.249
8054,Removing items,bn,Bengali,qwen2.5-coder:7b,মুছে দেওয়া,1.705
8055,& Measurement Converter,bn,Bengali,qwen2.5-coder:7b,& মাপনী ব্যবস্থা,2.145
8056,%1 Received Data,bn,Bengali,qwen2.5-coder:7b,%1 দেওয়া ডেটা,2.026
8057,File Associations,bn,Bengali,qwen2.5-coder:7b,ফাইল সম্পর্কগুলি,2.177
8058,& Help file:,bn,Bengali,qwen2.5-coder:7b,& সাহায্য ফাইল:,2.006
8059,Circle Chart,bn,Bengali,qwen2.5-coder:7b,বৃত্ত চার্ট,1.691
8060,Last sector:,bn,Bengali,qwen2.5-coder:7b,শেষ সেক্টর:,1.574
8061,Function & 6:,bn,Bengali,qwen2.5-coder:7b,ফাংশন & 6:,1.48
8062,New Document,bn,Bengali,qwen2.5-coder:7b,নতুন দক্ষিণ,1.565
8063,height field file,bn,Bengali,qwen2.5-coder:7b,উচ্চতা ঘর ফাইল,1.806
8064,Encryption method,bn,Bengali,qwen2.5-coder:7b,এক্সেপ্রিশন পদ্ধতি,2.213
8065,Folder name:,bn,Bengali,qwen2.5-coder:7b,ফোল্ডারের নাম:,1.886
8066,Whistle,bn,Bengali,qwen2.5-coder:7b,ক্ষেত্র,1.143
8067,& Follow Mouse Mode,bn,Bengali,qwen2.5-coder:7b,& মাউস মোড ফলো করুন,2.753
8068,Script Name,bn,Bengali,qwen2.5-coder:7b,脚本 নাম,1.059
8069,Quit KTurtle,bn,Bengali,qwen2.5-coder:7b,KTurtle বন্ধ করুন,1.878
8070,Callers,bn,Bengali,qwen2.5-coder:7b,কলকারীরা,1.349
8071,Sections,bn,Bengali,qwen2.5-coder:7b,শেষগুলি,1.427
8072,Cisco - PC Adapter Card,bn,Bengali,qwen2.5-coder:7b,কিসকোসি - কম্পিউটার অ্যাডেক্টার কার্ড,4.035
8073,Key size:,bn,Bengali,qwen2.5-coder:7b,কীভাবের আকার:,1.775
8074,Direction:,bn,Bengali,qwen2.5-coder:7b,ক্ষেত্রের দিকে:,2.023
8075,Overview Column,bn,Bengali,qwen2.5-coder:7b,সমস্যা বিশ্লেষণ,1.991
8076,Demo profile,bn,Bengali,qwen2.5-coder:7b,ডেমো প্রোফাইল,1.964
8077,PC - > Handheld,bn,Bengali,qwen2.5-coder:7b,PC - > হ্যান্ডহোল্ড,2.158
8078,Player 1,bn,Bengali,qwen2.5-coder:7b,প্লেয়ার ১,1.606
8079,Diff Statistics,bn,Bengali,qwen2.5-coder:7b,ডিফ স্টে,1.241
8080,Name of Game,bn,Bengali,qwen2.5-coder:7b,গেমের নাম,1.478
8081,SpringGreen1,bn,Bengali,qwen2.5-coder:7b,স্পৃংগ গ্রেন 1,2.253
8082,Ethernet Networking,bn,Bengali,qwen2.5-coder:7b,ইন্টারনেট নেটওয়ার্কিং,3.038
8083,Regularity:,bn,Bengali,qwen2.5-coder:7b,স্থায়ীতা:,1.972
8084,& Modifications,bn,Bengali,qwen2.5-coder:7b,& পরিবর্তন,2.115
8085,Arcade Emulator,bn,Bengali,qwen2.5-coder:7b,অ্যার্কেড অ্যামিলেটর,2.87
8086,& Differential geometry,bn,Bengali,qwen2.5-coder:7b,& অপরিবর্তিত জ্যামিতি,2.475
8087,Plasma applet,bn,Bengali,qwen2.5-coder:7b,প্লাসমা অ্যাপলেট,2.145
8088,Shortcut name: f,bn,Bengali,qwen2.5-coder:7b,কেরুনো নাম: f,2.028
8089,Cheater!,bn,Bengali,qwen2.5-coder:7b,চেতা!,1.132
8090,X tile size,bn,Bengali,qwen2.5-coder:7b,X টাইল আকার,1.935
8091,Destination Numbers,bn,Bengali,qwen2.5-coder:7b,মূল্যাংশ সংখ্যা,2.869
8092,Copy as & HTML,bn,Bengali,qwen2.5-coder:7b,HTML এ কপি করুন,2.445
8093,Unit metadata,bn,Bengali,qwen2.5-coder:7b,একক মетাডেটা,1.641
8094,Anchor:,bn,Bengali,qwen2.5-coder:7b,অন্যান্য:,1.41
8095,Emphasized,bn,Bengali,qwen2.5-coder:7b,আকর্ষণীয়,1.755
8096,new_artifact,bn,Bengali,qwen2.5-coder:7b,নতুন অর্টিফিকেট,2.267
8097,Track List Editor...,bn,Bengali,qwen2.5-coder:7b,প্রতিটি লিস্ট সম্পাদক...,3.083
8098,Case Sensitive,bn,Bengali,qwen2.5-coder:7b,স্থানীয়াকরণ সমূচে,2.617
8099,Dash,bn,Bengali,qwen2.5-coder:7b,ড্যাশ,1.022
8100,North Korea,bn,Bengali,qwen2.5-coder:7b,উত্তর কোরিয়া,2.006
8101,Not running,bn,Bengali,qwen2.5-coder:7b,নেই চলছে,1.271
8102,Expected,bn,Bengali,qwen2.5-coder:7b,প্রতিশ্রুতি,1.566
8103,Copy To,bn,Bengali,qwen2.5-coder:7b,কপি করুন,1.319
8104,Google Groups,bn,Bengali,qwen2.5-coder:7b,গুগল গ্রুপস,1.832
8105,Some tips,bn,Bengali,qwen2.5-coder:7b,কিছু টিপস,1.452
8106,Swamp thing,bn,Bengali,qwen2.5-coder:7b,স্বাম্প বস্তু,1.875
8107,Workspace Profile,bn,Bengali,qwen2.5-coder:7b,কাজস্থলী প্রোফাইল,2.468
8108,light,bn,Bengali,qwen2.5-coder:7b,সুন্দর,1.14
8109,Combined,bn,Bengali,qwen2.5-coder:7b,সম্পন্ন,1.12
8110,Open & With,bn,Bengali,qwen2.5-coder:7b,একটি খোলো & সাথে,2.499
8111,system notification,bn,Bengali,qwen2.5-coder:7b,সистем নোটিফিকেশন,1.866
8112,Stalled,bn,Bengali,qwen2.5-coder:7b,স্ট্যাল্ট,1.333
8113,& First,bn,Bengali,qwen2.5-coder:7b,& প্রথম,1.164
8114,Savings,bn,Bengali,qwen2.5-coder:7b,সঞ্চিত,1.191
8115,Browsing Settings,bn,Bengali,qwen2.5-coder:7b,ব্রাউজিং সেটিংস,1.97
8116,%d: current directory (short),bn,Bengali,qwen2.5-coder:7b,%d: সর্বশেষ উপস্থান (কম্পাস),3.347
8117,Previous:,bn,Bengali,qwen2.5-coder:7b,পূর্ব:,1.221
8118,Encoder Quality,bn,Bengali,qwen2.5-coder:7b,এক্সেনকার গুল্পিতি,2.427
8119,Rechargeable:,bn,Bengali,qwen2.5-coder:7b,চার্জ্য্যোক্স:,2.015
8120,Tree:,bn,Bengali,qwen2.5-coder:7b,শাখা:,0.976
8121,Distort,bn,Bengali,qwen2.5-coder:7b,আঁকা করা,1.456
8122,& Main Toolbar,bn,Bengali,qwen2.5-coder:7b,& মূল টুলবার,1.974
8123,Panel,bn,Bengali,qwen2.5-coder:7b,প্লেন্টি,1.355
8124,Switzerland,bn,Bengali,qwen2.5-coder:7b,স্যান্চিশ,1.557
8125,card,bn,Bengali,qwen2.5-coder:7b,কার্ড,1.004
8126,kwest-search-daemon,bn,Bengali,qwen2.5-coder:7b,কwest-অনুসন্ধান-ডেমোন,2.604
8127,How to obtain & konsolekalendar;,bn,Bengali,qwen2.5-coder:7b,একক প্রাপ্তি করতে & কনসোলকেনাল;,4.009
8128,American Foolscap,bn,Bengali,qwen2.5-coder:7b,আমেরিকান ফোল্সক্যাপ,2.859
8129,Subtitles,bn,Bengali,qwen2.5-coder:7b,বিশ্বাস,1.314
8130,Hero,bn,Bengali,qwen2.5-coder:7b,হোরো,1.082
8131,material map,bn,Bengali,qwen2.5-coder:7b,মাটিয়ের মাপ,1.812
8132,Extending & quantaplus;,bn,Bengali,qwen2.5-coder:7b,এক্সটেন্ডিং & কোনটিপ্লাস;,3.547
8133,Torrent files,bn,Bengali,qwen2.5-coder:7b,টর্নট ফাইলস,1.673
8134,"Unable to save %1 ""%2"".",bn,Bengali,qwen2.5-coder:7b,"আমি সত্যিই %1 ""%2"" সেভ করতে পারি না।",4.547
8135,& Jens. Hoefkens;,bn,Bengali,qwen2.5-coder:7b,& Jens. Hoefkens;,1.936
8136,(Extreme Quality),bn,Bengali,qwen2.5-coder:7b,(অন্তর্ভুক্ত গুণ্য),3.077
8137,Part Class,bn,Bengali,qwen2.5-coder:7b,অংশ শ্রেণি,2.026
8138,force,bn,Bengali,qwen2.5-coder:7b,ক্ষমা,1.08
8139,Income:,bn,Bengali,qwen2.5-coder:7b,আয়োজন:,1.747
8140,Update & interval:,bn,Bengali,qwen2.5-coder:7b,আপডেট এবং অinterval:,2.345
8141,Rotated 180 degrees,bn,Bengali,qwen2.5-coder:7b,১৮০ ডিগ্রি ঘর্মিয়ে দিয়েছে,4.66
8142,Underlining:,bn,Bengali,qwen2.5-coder:7b,আঁকা:,1.299
8143,"The ""repeat"" loop",bn,Bengali,qwen2.5-coder:7b,পুনরাবৃত্তি সমূহ,2.971
8144,Authentication error.,bn,Bengali,qwen2.5-coder:7b,অনুমোদন ভুলো।,2.461
8145,Empty Location,bn,Bengali,qwen2.5-coder:7b,খালি স্থান,1.742
8146,Flowers,bn,Bengali,qwen2.5-coder:7b,ফুলসমূহ,1.361
8147,Value:,bn,Bengali,qwen2.5-coder:7b,মান:,0.858
8148,CPU Frequency:,bn,Bengali,qwen2.5-coder:7b,CPU স্বচ্ছতা:,1.675
8149,backward (bw),bn,Bengali,qwen2.5-coder:7b,পিছনে (bw),1.448
8150,Delete Object,bn,Bengali,qwen2.5-coder:7b,বস্তু মুছে দিন,2.25
8151,StatusNet server:,bn,Bengali,qwen2.5-coder:7b,স্টাটাসনেট সার্ভার:,2.605
8152,Copies:,bn,Bengali,qwen2.5-coder:7b,কপি:,0.959
8153,User_%1,bn,Bengali,qwen2.5-coder:7b,ব্যবহারকারী_%1,2.042
8154,Download Speed,bn,Bengali,qwen2.5-coder:7b,ডাউনলোড স্পিড,1.947
8155,Shear,bn,Bengali,qwen2.5-coder:7b,কাটা,0.921
8156,Avoid,bn,Bengali,qwen2.5-coder:7b,বিদ্রোহ করো,1.949
8157,Use PFS,bn,Bengali,qwen2.5-coder:7b,PFS ব্যবহার করুন,2.301
8158,Structure Group Editor,bn,Bengali,qwen2.5-coder:7b,স্ট্যাকচার গুপ্পি সম্পাদক,3.411
8159,Keyboard Map Tool,bn,Bengali,qwen2.5-coder:7b,কীবোর্ড ম্যাপ টুল,2.607
8160,Interface,bn,Bengali,qwen2.5-coder:7b,ইন্টারফেস,1.471
8161,Create New Project,bn,Bengali,qwen2.5-coder:7b,নতুন প্রকল্প তৈরি করুন,3.209
8162,ChargedParticleErrors,bn,Bengali,qwen2.5-coder:7b,চার্জেড পার্টিক্ল ভূমিকা ত্রুটি,4.041
8163,Typewriter - \\texttt{},bn,Bengali,qwen2.5-coder:7b,তাপী - \\texttt{},1.919
8164,Translation Units,bn,Bengali,qwen2.5-coder:7b,অনুবাদ ইউনিটস,1.857
8165,Category Medium,bn,Bengali,qwen2.5-coder:7b,বিভাগ সম্পদ,1.528
8166,Templates directory,bn,Bengali,qwen2.5-coder:7b,টেমপ্লেট সমূহ,1.8
8167,Yugoslavian Dinar,bn,Bengali,qwen2.5-coder:7b,ইউগোস্লাভিয়ান ডিনার,2.884
8168,Connected.,bn,Bengali,qwen2.5-coder:7b,সংযুক্তি প্রাপ্ত।,2.252
8169,drive partition,bn,Bengali,qwen2.5-coder:7b,ড্রাইভ অংশ,1.596
8170,MINUTES(time),bn,Bengali,qwen2.5-coder:7b,মিনিট (সময়),1.735
8171,Centered,bn,Bengali,qwen2.5-coder:7b,মধ্যে অনুস্থান,1.997
8172,Font Size+1,bn,Bengali,qwen2.5-coder:7b,ফন্ট আকার +1,1.79
8173,Background Shading,bn,Bengali,qwen2.5-coder:7b,পেট্রেট শেডিং,1.913
8174,A flower,bn,Bengali,qwen2.5-coder:7b,ফুল,0.882
8175,searchOption,bn,Bengali,qwen2.5-coder:7b,অনুসন্ধান অপশন,1.874
8176,New name:,bn,Bengali,qwen2.5-coder:7b,নতুন নাম:,1.524
8177,sources,bn,Bengali,qwen2.5-coder:7b,সূত্র,1.011
8178,Operations Menu,bn,Bengali,qwen2.5-coder:7b,অপেক্ষা মেনু,1.741
8179,Cube dimensions: %1x%2x%3,bn,Bengali,qwen2.5-coder:7b,ক্যাবিউল আকার: %1x%2x%3,3.091
8180,Alternative Name,bn,Bengali,qwen2.5-coder:7b,অন্যায়ী নাম,1.929
8181,developer,bn,Bengali,qwen2.5-coder:7b,ডেভেলপার,1.203
8182,Opponent:,bn,Bengali,qwen2.5-coder:7b,বিপরীত:,1.222
8183,Medium,bn,Bengali,qwen2.5-coder:7b,মাঝারি,1.01
8184,Appearance time:,bn,Bengali,qwen2.5-coder:7b,আসন্ত সময়:,1.7
8185,Not Started,bn,Bengali,qwen2.5-coder:7b,না শুরু হয়েছে,2.193
8186,Tardis image,bn,Bengali,qwen2.5-coder:7b,টার্ডিস ছবি,1.587
8187,Key Bindings,bn,Bengali,qwen2.5-coder:7b,কী বান্ধবতা,1.661
8188,Running....,bn,Bengali,qwen2.5-coder:7b,চলছে...,0.916
8189,Rendering Intent:,bn,Bengali,qwen2.5-coder:7b,রেন্ডারিং ইন্টেন্ট:,2.481
8190,36 MB or more,bn,Bengali,qwen2.5-coder:7b,36 MB বা বেশি,1.738
8191,Coloring:,bn,Bengali,qwen2.5-coder:7b,কোলরিং:,1.288
8192,Hold,bn,Bengali,qwen2.5-coder:7b,হুইয়ে রাখো,1.905
8193,Actions Settings,bn,Bengali,qwen2.5-coder:7b,অ্যাকশন সেটিংস,1.911
8194,Presence Status,bn,Bengali,qwen2.5-coder:7b,স্থায়ীতা,1.637
8195,How to obtain & kalzium;,bn,Bengali,qwen2.5-coder:7b,কিভাবে &কালজিয়াম; পেতে পারেন;,3.793
8196,Audio channel:,bn,Bengali,qwen2.5-coder:7b,অডিউ চ্যানেল:,1.566
8197,ImagePlugin_DistortionFX,bn,Bengali,qwen2.5-coder:7b,চিত্র প্লাগইন দৃশ্যপরিবর্তন,2.934
8198,Run project,bn,Bengali,qwen2.5-coder:7b,প্রকল্প চালাও,1.622
8199,Log & Out,bn,Bengali,qwen2.5-coder:7b,লগ আউট,1.079
8200,Grid spacing:,bn,Bengali,qwen2.5-coder:7b,গ্রিড স্পেসিং:,1.881
8201,Searches,bn,Bengali,qwen2.5-coder:7b,অনুসন্ধান,1.451
8202,Notifications,bn,Bengali,qwen2.5-coder:7b,নোটিফিকেশনসমূহ,1.939
8203,Sent,bn,Bengali,qwen2.5-coder:7b,পাঠিয়েছি,1.665
8204,Participants,bn,Bengali,qwen2.5-coder:7b,অংশীদার,1.297
8205,Key Properties,bn,Bengali,qwen2.5-coder:7b,কীভাবে বৈশিষ্ট্যগুলি,2.697
8206,ImagePlugin_ContentAwareResizing,bn,Bengali,qwen2.5-coder:7b,ইমেজ প্লাগইন অনুযায়ী পরিবর্তন,3.791
8207,Acceleration:,bn,Bengali,qwen2.5-coder:7b,বেগ বেগের বেগ:,1.783
8208,Referenced Column,bn,Bengali,qwen2.5-coder:7b,সংযোজিত বাক্য,2.032
8209,Print size:,bn,Bengali,qwen2.5-coder:7b,প্রিন্ট আকার:,1.792
8210,Filtering & action:,bn,Bengali,qwen2.5-coder:7b,ফিল্টার এবং প্রশ্রেণি:,2.908
8211,Game,bn,Bengali,qwen2.5-coder:7b,গেম,0.745
8212,Bibliographic Data (BibTeXML),bn,Bengali,qwen2.5-coder:7b,বিবিভাগিক তথ্য (BibTeXML),2.727
8213,& Function...,bn,Bengali,qwen2.5-coder:7b,& ফাংশন...,1.296
8214,Adverb,bn,Bengali,qwen2.5-coder:7b,বিশেষণ,1.095
8215,Column name,bn,Bengali,qwen2.5-coder:7b,কলোমের নাম,1.552
8216,Vfs options:,bn,Bengali,qwen2.5-coder:7b,Vfs অপশনসমূহ:,1.949
8217,Track Comment,bn,Bengali,qwen2.5-coder:7b,কমেন্ট ট্র্যাক,1.911
8218,Hand writing,bn,Bengali,qwen2.5-coder:7b,হ্যান লিখা,1.51
8219,Lower Austria,bn,Bengali,qwen2.5-coder:7b,লোকাল আয়োশ্মণ্য,2.34
8220,Source Medium,bn,Bengali,qwen2.5-coder:7b,সূত্র মাধ্যম,1.774
8221,Date Correction:,bn,Bengali,qwen2.5-coder:7b,তারিখ সংশোধন:,1.973
8222,green:,bn,Bengali,qwen2.5-coder:7b,কবেগ:,0.919
8223,File Naming Scheme,bn,Bengali,qwen2.5-coder:7b,ফাইল নাম স্কিমে,1.913
8224,(body part),bn,Bengali,qwen2.5-coder:7b,(শরীরের অংশ),1.932
8225,Early Start,bn,Bengali,qwen2.5-coder:7b,শুক্রী শুরু,2.022
8226,Spanish (Paraguay),bn,Bengali,qwen2.5-coder:7b,স্পেনীয়া (পারাগুয়া),3.022
8227,Document Structure Tree,bn,Bengali,qwen2.5-coder:7b,কাগজ আর্কাইভ টুকারি,2.886
8228,See The & khelpcenter;.,bn,Bengali,qwen2.5-coder:7b,আপনি & khelpcenter; দেখতে পারেন।,3.087
8229,Launch Feedback,bn,Bengali,qwen2.5-coder:7b,ফィードব্যাক শুরু করুন,2.674
8230,group password,bn,Bengali,qwen2.5-coder:7b,গুপ্ত পাসওয়ার্ড,2.337
8231,Browsing,bn,Bengali,qwen2.5-coder:7b,ব্রাউজিং,1.323
8232,Logon home:,bn,Bengali,qwen2.5-coder:7b,লগ হোম:,1.361
8233,Transfer details:,bn,Bengali,qwen2.5-coder:7b,নিয়ন্ত্রণ বিস্তার:,2.618
8234,Contents of %1,bn,Bengali,qwen2.5-coder:7b,%1 এর ধর্মস্থান,2.114
8235,Window title:,bn,Bengali,qwen2.5-coder:7b,জanela শিরোনাম:,1.906
8236,& Rename Account,bn,Bengali,qwen2.5-coder:7b,একাউন্ট পরিবর্তন করুন,2.783
8237,Uppercase letters,bn,Bengali,qwen2.5-coder:7b,আপারকেস অক্ষর,1.98
8238,Sierra Leone,bn,Bengali,qwen2.5-coder:7b,সিয়ারা লোনে,1.886
8239,LaTeX Environment,bn,Bengali,qwen2.5-coder:7b,লেটেক্স সম্পর্কে,2.159
8240,Search results:,bn,Bengali,qwen2.5-coder:7b,সার্চ ফলাফল:,1.754
8241,Graphics,bn,Bengali,qwen2.5-coder:7b,গ্রাফিকস,1.254
8242,Extra Files,bn,Bengali,qwen2.5-coder:7b,অতিরিক্ত ফাইলসমূহ,2.275
8243,Resource,bn,Bengali,qwen2.5-coder:7b,সূত্র,1.078
8244,KDE version:,bn,Bengali,qwen2.5-coder:7b,KDE সংস্করণ:,1.769
8245,& kde; on & AIX;?,bn,Bengali,qwen2.5-coder:7b,& kde; আইএক্সি;?,2.229
8246,Output levels,bn,Bengali,qwen2.5-coder:7b,আউটপুট তরিকা,1.886
8247,"Letter, Grayscale",bn,Bengali,qwen2.5-coder:7b,"লেটার, স্বরূপ বান্ধ্যান",2.951
8248,& ktimetracker;,bn,Bengali,qwen2.5-coder:7b,&ক্যালেন্ডার;,1.912
8249,Locality,bn,Bengali,qwen2.5-coder:7b,স্থান,1.041
8250,Project Views,bn,Bengali,qwen2.5-coder:7b,প্রকল্প দেখা,1.717
8251,Cisco - FC Storage,bn,Bengali,qwen2.5-coder:7b,কিসকো - এফসি স্টোরেজ,2.714
8252,Median:,bn,Bengali,qwen2.5-coder:7b,মধ্যম:,1.035
8253,Animate Effect,bn,Bengali,qwen2.5-coder:7b,একটি প্রভাব সৃষ্টি করুন,2.977
8254,A %1 (custom widget),bn,Bengali,qwen2.5-coder:7b,A %1 (ব্যবহারকর্তা বিশেষ উইন্টিরিটি),4.207
8255,Pressure,bn,Bengali,qwen2.5-coder:7b,প্রেসার,1.141
8256,State Toolbar,bn,Bengali,qwen2.5-coder:7b,রাজ্য টুলবার,1.753
8257,Edit Type,bn,Bengali,qwen2.5-coder:7b,ইতিহাস সম্পাদনা,1.979
8258,Transfer Progress,bn,Bengali,qwen2.5-coder:7b,অনুমোদন প্রগতি,2.544
8259,Minimum value:,bn,Bengali,qwen2.5-coder:7b,মিনিমাম সংখ্যা:,2.126
8260,Staple,bn,Bengali,qwen2.5-coder:7b,স্ট্যাপ,1.256
8261,Containers,bn,Bengali,qwen2.5-coder:7b,কন্টেন্টস,1.373
8262,Church Organ,bn,Bengali,qwen2.5-coder:7b,ক্যার্চ ওর্গান,1.961
8263,"GUI design, plugins",bn,Bengali,qwen2.5-coder:7b,"GUI ডিজাইন, প্লাগইন",2.367
8264,& smime; signing certificate,bn,Bengali,qwen2.5-coder:7b,&smime; স্বাক্ষরণ সন্দেশ,2.835
8265,Space,bn,Bengali,qwen2.5-coder:7b,স্পেস,1.053
8266,Project's database name:,bn,Bengali,qwen2.5-coder:7b,প্রকল্পের ডাটাবেস নাম:,2.892
8267,Update interval:,bn,Bengali,qwen2.5-coder:7b,আপডেট অinterval:,1.483
8268,KOrganizer Part Interface,bn,Bengali,qwen2.5-coder:7b,কোর্গ্যানার অংশ ইন্টারফেস,3.286
8269,Parent directory,bn,Bengali,qwen2.5-coder:7b,মানুষের পরিবারের প্রথম মানুষ,3.537
8270,COUNTBLANK(range),bn,Bengali,qwen2.5-coder:7b,খালি গুলো গণনা করুন (%s),3.207
8271,Alarm List,bn,Bengali,qwen2.5-coder:7b,আলাম তালিকা,1.596
8272,Photograph Restoration,bn,Bengali,qwen2.5-coder:7b,ফটো সুন্দরীকরণ,2.217
8273,Textured,bn,Bengali,qwen2.5-coder:7b,সমৃদ্ধ,1.219
8274,A Major,bn,Bengali,qwen2.5-coder:7b,মানুষ,1.121
8275,Remote IP address (for tunnel),bn,Bengali,qwen2.5-coder:7b,রুম্বা ইপ ঠিকানা (টুলিন),2.997
8276,Page size,bn,Bengali,qwen2.5-coder:7b,পেজ আকার,1.287
8277,Computer Difficulty,bn,Bengali,qwen2.5-coder:7b,কম্পিউটার সমস্যা,2.096
8278,Channel & List,bn,Bengali,qwen2.5-coder:7b,চ্যানেল & তালিকা,2.056
8279,new_association,bn,Bengali,qwen2.5-coder:7b,নতুন সম্পর্ক,1.816
8280,House number,bn,Bengali,qwen2.5-coder:7b,বাস নম্বর,1.408
8281,Colour Correction Mode,bn,Bengali,qwen2.5-coder:7b,কোলর কর্টেশন মোড,2.351
8282,Password hash:,bn,Bengali,qwen2.5-coder:7b,পাসওয়ার্ড হ্যাশ:,2.308
8283,Context annotation plugin,bn,Bengali,qwen2.5-coder:7b,কন্টেক্স অন্যায়িতি প্লাগইন,3.409
8284,Mnt. Point,bn,Bengali,qwen2.5-coder:7b,মান্ট. পয়েন্ট,2.099
8285,Day length:,bn,Bengali,qwen2.5-coder:7b,দিনের দৈর্ঘ্য:,1.991
8286,Warning Dialogs,bn,Bengali,qwen2.5-coder:7b,সতরক ডিলগ সমূহ,2.067
8287,Confirmations,bn,Bengali,qwen2.5-coder:7b,অনুমোদন,1.374
8288,Source Position,bn,Bengali,qwen2.5-coder:7b,সূত্রের স্থান,1.9
8289,Trails,bn,Bengali,qwen2.5-coder:7b,পথি,0.8
8290,Burning,bn,Bengali,qwen2.5-coder:7b,বিস্ফোরণ,1.442
8291,deleting,bn,Bengali,qwen2.5-coder:7b,মুছে দেওয়া,1.786
8292,direction filter,bn,Bengali,qwen2.5-coder:7b,দিক ফিল্টার,1.79
8293,Adjust Curve,bn,Bengali,qwen2.5-coder:7b,কোর্যুব সম্পাদনা,2.315
8294,10% of Node,bn,Bengali,qwen2.5-coder:7b,10% অংশ নূড়া,2.223
8295,File Comparison Mode,bn,Bengali,qwen2.5-coder:7b,ফাইল তুলনা অর্থ,2.15
8296,4 for Slackware,bn,Bengali,qwen2.5-coder:7b,4 জন্য স্ল্যাকওয়ার,2.447
8297,Size of Cell,bn,Bengali,qwen2.5-coder:7b,কлетকের আকার,1.497
8298,Collaboration Message,bn,Bengali,qwen2.5-coder:7b,সম্পর্কিত বার্তা,2.104
8299,of May,bn,Bengali,qwen2.5-coder:7b,মেই ১৯,1.243
8300,& Devices List,bn,Bengali,qwen2.5-coder:7b,& একক সমূহ,1.578
8301,Signature Editor,bn,Bengali,qwen2.5-coder:7b,সIGNATURE এDITOR,1.242
8302,PIM Synchronization,bn,Bengali,qwen2.5-coder:7b,পিএমইউ সিন্যকরণ,2.013
8303,Input file,bn,Bengali,qwen2.5-coder:7b,ফাইল ইনপুট,1.57
8304,Goal Seeking,bn,Bengali,qwen2.5-coder:7b,গুলি খুঁজে বের করুন,2.782
8305,Metalink published,bn,Bengali,qwen2.5-coder:7b,মেটালিন্ক প্রকাশিত,2.353
8306,No replacements made.,bn,Bengali,qwen2.5-coder:7b,কোনো স্বapping করা হয়নি।,2.876
8307,TNEF Correlation Key,bn,Bengali,qwen2.5-coder:7b,টিনিউইফ সম্পর্কীয় কী,2.993
8308,Force tabs,bn,Bengali,qwen2.5-coder:7b,ফর্স্ট ট্যাবস,1.83
8309,Topic,bn,Bengali,qwen2.5-coder:7b,বিষয়,1.058
8310,Collection List,bn,Bengali,qwen2.5-coder:7b,গুলি সমূহ,1.559
8311,CPU Architecture,bn,Bengali,qwen2.5-coder:7b,কুপি অ্যার্কাইটারাস,2.509
8312,Russia,bn,Bengali,qwen2.5-coder:7b,রূসি,0.939
8313,Exposure:,bn,Bengali,qwen2.5-coder:7b,আকার:,0.956
8314,"Best regards,",bn,Bengali,qwen2.5-coder:7b,"সুন্দর দিন,",1.632
8315,Preparation Method,bn,Bengali,qwen2.5-coder:7b,প্রস্তুতি পদ্ধতি,2.142
8316,Altitude at noon:,bn,Bengali,qwen2.5-coder:7b,নূর্বেশের উচ্চতা:,2.285
8317,PGP 6 compatibility,bn,Bengali,qwen2.5-coder:7b,PGP 6 সহত্যাপনা,2.058
8318,IFHP Driver (%1),bn,Bengali,qwen2.5-coder:7b,IFHP ড্রাইভার (%1),1.946
8319,Enrollment timer event,bn,Bengali,qwen2.5-coder:7b,নিবন্ধন সময় ঘটনা,2.4
8320,Without,bn,Bengali,qwen2.5-coder:7b,না,0.842
8321,Lava-Island,bn,Bengali,qwen2.5-coder:7b,ল্যাভ-আর্দ্ধ,1.777
8322,KTTSD Phonon audio plugin,bn,Bengali,qwen2.5-coder:7b,কোটিস্ট ফোনন অডিও প্লাগইন,3.296
8323,RoyalBlue1,bn,Bengali,qwen2.5-coder:7b,রাজালাবু এক,1.71
8324,Sudden Winds,bn,Bengali,qwen2.5-coder:7b,স্পীক্ষ বায়ু,2.171
8325,Credit:,bn,Bengali,qwen2.5-coder:7b,ক্রেডিট:,1.234
8326,Bookmark Properties,bn,Bengali,qwen2.5-coder:7b,মনোযোগ বৈশিষ্ট্য,2.353
8327,List Box,bn,Bengali,qwen2.5-coder:7b,লিস্ট বক্স,1.486
8328,Grid color:,bn,Bengali,qwen2.5-coder:7b,গ্রিড রঙ:,1.395
8329,WX rotation speed,bn,Bengali,qwen2.5-coder:7b,WX ঘূর্ণন হাইটি,2.276
8330,Main text,bn,Bengali,qwen2.5-coder:7b,মূল লেখা,1.362
8331,Summary Selection,bn,Bengali,qwen2.5-coder:7b,সম্পর্ক নির্বাচন,2.054
8332,Media size:,bn,Bengali,qwen2.5-coder:7b,মিডিয়া আকার:,1.885
8333,Batch Queue Manager,bn,Bengali,qwen2.5-coder:7b,বাচ্চা সিরিস ম্যানেজার,2.794
8334,localPosition1Variance,bn,Bengali,qwen2.5-coder:7b,লোকাল স্থান ১ ভ্যারিএন্স,3.328
8335,Refine Path,bn,Bengali,qwen2.5-coder:7b,পথ সুন্দর করুন,2.17
8336,Hor. Alignment,bn,Bengali,qwen2.5-coder:7b,ভাব. সার্বনিশ্চয়,2.399
8337,Indentation amount:,bn,Bengali,qwen2.5-coder:7b,আইন্ডেন্ট পরিমাণ:,2.274
8338,Account type,bn,Bengali,qwen2.5-coder:7b,হিসাবের ধরনি,1.726
8339,Project major version,bn,Bengali,qwen2.5-coder:7b,প্রকল্পের বড় সংস্করণ,2.869
8340,& Image size type:,bn,Bengali,qwen2.5-coder:7b,& ছবি আকারের ধরনি:,2.424
8341,Secure:,bn,Bengali,qwen2.5-coder:7b,সুরক্ষিত:,1.565
8342,kind,bn,Bengali,qwen2.5-coder:7b,কারোকারো,1.481
8343,Variance (Dur),bn,Bengali,qwen2.5-coder:7b,বিচ্ছিন্নতা (সময়),2.416
8344,NetBIOS name:,bn,Bengali,qwen2.5-coder:7b,নেটবিউস নাম:,1.81
8345,disks,bn,Bengali,qwen2.5-coder:7b,ডিস্কস,1.07
8346,Folder selection,bn,Bengali,qwen2.5-coder:7b,ফোল্ডার নির্বাচন,2.139
8347,Could not open %1,bn,Bengali,qwen2.5-coder:7b,কোনো সমস্যা ছিল যে %1 খোলা যায়নি,4.482
8348,Active Downloads,bn,Bengali,qwen2.5-coder:7b,সক্রিয়ামোক্ষণ,2.166
8349,LDAP User filter,bn,Bengali,qwen2.5-coder:7b,LDAP ব্যবহারকারী ফিল্টার,3.007
8350,Phone,bn,Bengali,qwen2.5-coder:7b,ফোন,0.982
8351,Start & time:,bn,Bengali,qwen2.5-coder:7b,শুরু করুন & সময়:,2.667
8352,Gadu-Gadu contacts list,bn,Bengali,qwen2.5-coder:7b,গ্যাদু-গ্যাদু সম্পর্কিত তালিকা,4.167
8353,Never,bn,Bengali,qwen2.5-coder:7b,ব্যাপার নেই,1.622
8354,layout,bn,Bengali,qwen2.5-coder:7b,আকার,0.885
8355,Time Zone,bn,Bengali,qwen2.5-coder:7b,সময় অঞ্চল,1.726
8356,File Manager,bn,Bengali,qwen2.5-coder:7b,ফাইল ম্যানেজার,1.965
8357,Resolution Enhancement,bn,Bengali,qwen2.5-coder:7b,রেজোলিশ বৃদ্ধি,2.121
8358,Anti-alias lines,bn,Bengali,qwen2.5-coder:7b,আন্তিমূলক লাইনস,2.218
8359,Constant of Gravitation,bn,Bengali,qwen2.5-coder:7b,গравিটেশনের স্থির সংখ্যা,2.89
8360,Curves Adjust...,bn,Bengali,qwen2.5-coder:7b,কোর্স সম্পাদনা...,2.19
8361,Position Slider,bn,Bengali,qwen2.5-coder:7b,স্থান স্লাইডার,1.6
8362,Playlist Information,bn,Bengali,qwen2.5-coder:7b,প্লেলিস্ট তথ্য,1.601
8363,Velocity,bn,Bengali,qwen2.5-coder:7b,স্পীক্ষা,1.245
8364,Attach Label,bn,Bengali,qwen2.5-coder:7b,লেভেল যুক্ত করুন,2.198
8365,Slider Control Settings,bn,Bengali,qwen2.5-coder:7b,স্লাইডার নিয়ন্ত্রণ সেটিংস,3.176
8366,Traffic,bn,Bengali,qwen2.5-coder:7b,গাড়ি,1.075
8367,Password file,bn,Bengali,qwen2.5-coder:7b,পাসওয়ার্ড ফাইল,2.164
8368,SteelBlue1,bn,Bengali,qwen2.5-coder:7b,SteelBlue1,0.829
8369,Cancel,bn,Bengali,qwen2.5-coder:7b,বাতিল,0.934
8370,Slide Show,bn,Bengali,qwen2.5-coder:7b,শীল দেখার সমূহ,2.032
8371,End Date,bn,Bengali,qwen2.5-coder:7b,শেষ তারিখ,1.371
8372,Pre-amp,bn,Bengali,qwen2.5-coder:7b,প্রিম-অ্যাম্প,1.979
8373,JPEG 2000 quality:,bn,Bengali,qwen2.5-coder:7b,JPEG 2000 গুলির গুলির গুলির গুলির গুলির গুলির গুলির গুলির গুলির গুলির গুলির গুলির গুলির গ,10.945
8374,LightSkyBlue2,bn,Bengali,qwen2.5-coder:7b,লাইট স্কি ব্লু 2,2.305
8375,Channel: %1_,bn,Bengali,qwen2.5-coder:7b,চ্যানেল: %1_,1.804
8376,Panel Background,bn,Bengali,qwen2.5-coder:7b,প্লেন্ট ব্যাকগ্রাউন্ড,2.615
8377,network,bn,Bengali,qwen2.5-coder:7b,নেটওয়ার্ক,1.557
8378,Sudoku Game,bn,Bengali,qwen2.5-coder:7b,সুডোকু খেলা,1.88
8379,application,bn,Bengali,qwen2.5-coder:7b,অ্যাপ্লিকেশন,1.601
8380,by Date/ Time,bn,Bengali,qwen2.5-coder:7b,তারিখ/সময়,1.694
8381,X funky,bn,Bengali,qwen2.5-coder:7b,X ফান্কি,1.275
8382,Fax System Selection,bn,Bengali,qwen2.5-coder:7b,ফ্যাক্স সিস্টেম সিলেকশন,2.876
8383,Replacement,bn,Bengali,qwen2.5-coder:7b,নির্বাচন,1.277
8384,Using & kmail;,bn,Bengali,qwen2.5-coder:7b,ব্যবহার করুন & kmail;,2.369
8385,Job Tracker,bn,Bengali,qwen2.5-coder:7b,চাকরি ট্র্যাকার,2.0
8386,Rating Filter,bn,Bengali,qwen2.5-coder:7b,রেটিং ফিল্টার,1.768
8387,Preserve hard links,bn,Bengali,qwen2.5-coder:7b,কঠিন লিঙ্কগুলি সংরক্ষণ করুন,3.704
8388,By Date/ Time,bn,Bengali,qwen2.5-coder:7b,তারিখ/সময়,1.683
8389,Hendrik vom Lehn (hennevl at hennevl de): Developer,bn,Bengali,qwen2.5-coder:7b,হেন্ডরিক লেন্হ থেকে (hennevl at hennevl de): ডেভেলপার,4.734
8390,Away message:,bn,Bengali,qwen2.5-coder:7b,ক্ষুতি বার্তা:,2.119
8391,File Size Viewer,bn,Bengali,qwen2.5-coder:7b,ফাইল আকার দেখালো,2.223
8392,Reviewer,bn,Bengali,qwen2.5-coder:7b,মনোবিচারক,1.42
8393,Trackers,bn,Bengali,qwen2.5-coder:7b,ট্র্যাকারস,1.442
8394,Integration Settings,bn,Bengali,qwen2.5-coder:7b,ইнтегレーション সেটিংস,1.585
8395,localPosition2,bn,Bengali,qwen2.5-coder:7b,localePosition2,0.811
8396,& Music,bn,Bengali,qwen2.5-coder:7b,& সুন্দর,1.397
8397,MediumSlateBlue,bn,Bengali,qwen2.5-coder:7b,মিডিয়াম স্লটেব্লু,2.511
8398,%1 user,bn,Bengali,qwen2.5-coder:7b,%1 ব্যবহারকারী,1.986
8399,"The ""%1"" script output:",bn,Bengali,qwen2.5-coder:7b,"%1"" স্ক্রিপ্ট আউটপুট:",2.888
8400,Tabular Environments,bn,Bengali,qwen2.5-coder:7b,তাবুলার উপস্থিতি,2.307
8401,KDM configuration,bn,Bengali,qwen2.5-coder:7b,ক্যাউনফিগুরেশন,2.073
8402,Fold,bn,Bengali,qwen2.5-coder:7b,বন্ধ করুন,1.392
8403,Line Feed Adjustment,bn,Bengali,qwen2.5-coder:7b,লাইন ফিফ অ্যাডজানমেন্ট,2.703
8404,& Playground,bn,Bengali,qwen2.5-coder:7b,& খেলার পরিবেশ,1.907
8405,Assignments,bn,Bengali,qwen2.5-coder:7b,অনুমোদন,1.418
8406,Backup Profiles,bn,Bengali,qwen2.5-coder:7b,ব্যবহারকারী প্রোফাইলগুলি,3.169
8407,Density File,bn,Bengali,qwen2.5-coder:7b,ডিসেন্সি ফাইল,1.812
8408,Icon List,bn,Bengali,qwen2.5-coder:7b,আইকন তালিকা,1.583
8409,& System connection,bn,Bengali,qwen2.5-coder:7b,& সিস্টেম সংযোগ,2.209
8410,Function & 9:,bn,Bengali,qwen2.5-coder:7b,ফাংশন & ৯:,1.721
8411,backward X,bn,Bengali,qwen2.5-coder:7b,পিছনে X,1.045
8412,Disk Copy,bn,Bengali,qwen2.5-coder:7b,ডিস্ক কপি,1.34
8413,Color wheel,bn,Bengali,qwen2.5-coder:7b,কলর চাইরেট,1.449
8414,Black Printing Mode,bn,Bengali,qwen2.5-coder:7b,কালো প্রিন্টিং মোড,2.479
8415,Plugin Manager,bn,Bengali,qwen2.5-coder:7b,প্লাগইন ম্যানেজার,2.198
8416,Properties,bn,Bengali,qwen2.5-coder:7b,মূল্পত্ব,1.364
8417,OpenGL Image Viewer...,bn,Bengali,qwen2.5-coder:7b,OpenGL ছবি দেখালো...,1.956
8418,is / is not,bn,Bengali,qwen2.5-coder:7b,আছে / নয়,1.662
8419,Navigation Settings.,bn,Bengali,qwen2.5-coder:7b,নভিগেশন সেটিংস।,1.987
8420,Input File:,bn,Bengali,qwen2.5-coder:7b,ফাইল ইনপুট:,1.735
8421,& kexi; Developers:,bn,Bengali,qwen2.5-coder:7b,& kexi; ডেভেলপারসংখ্যা:,2.846
8422,Profile description,bn,Bengali,qwen2.5-coder:7b,প্রোফাইল বিবরণ,2.109
8423,Assembly Instructions,bn,Bengali,qwen2.5-coder:7b,সেইমান্য ইনструкশন,1.824
8424,Red Wine,bn,Bengali,qwen2.5-coder:7b,রোজা বিনা,1.428
8425,Pyruvic Acid,bn,Bengali,qwen2.5-coder:7b,পারুভিক অ্যাসিড,2.15
8426,Trail length,bn,Bengali,qwen2.5-coder:7b,পথের দৈর্ঘ্য,1.745
8427,anonymous,bn,Bengali,qwen2.5-coder:7b,অনানোমিয়াস,1.749
8428,Starting the & kcontrol;,bn,Bengali,qwen2.5-coder:7b,কনترল শুরু করা হচ্ছে; & kcontrol;,3.235
8429,Random Data,bn,Bengali,qwen2.5-coder:7b,রূপনিষ্ঠ ডেটা,1.925
8430,Calculated,bn,Bengali,qwen2.5-coder:7b,ক্যালকুলেট করা হয়েছে,2.809
8431,& Search for:,bn,Bengali,qwen2.5-coder:7b,&অনুসন্ধান করুন:,2.378
8432,Default Applications,bn,Bengali,qwen2.5-coder:7b,ডিফল্ট অ্যাপ্লিকেশনসমূহ,2.934
8433,XSync Based (recommended),bn,Bengali,qwen2.5-coder:7b,XSync আधীন (সমন্বয় করা যাচ্ছে),3.547
8434,Textquote:,bn,Bengali,qwen2.5-coder:7b,বাক্য অনুযায়ী:,2.403
8435,Precision:,bn,Bengali,qwen2.5-coder:7b,প্রেসিজন:,1.346
8436,Pilot & user:,bn,Bengali,qwen2.5-coder:7b,পিলট এবং উपকরণ:,2.166
8437,System group:,bn,Bengali,qwen2.5-coder:7b,সистем গ্রুপ:,1.505
8438,Animate icons,bn,Bengali,qwen2.5-coder:7b,আইকন অ্যানিমেট করুন,2.474
8439,Adaptive Random,bn,Bengali,qwen2.5-coder:7b,অন্যায়ী সূচক,2.149
8440,Image Management,bn,Bengali,qwen2.5-coder:7b,ইমেজ ম্যানেজমেন্ট,2.13
8441,Hong Kong Dollar,bn,Bengali,qwen2.5-coder:7b,হংক়োক ডোলার,2.149
8442,Elevation (meters):,bn,Bengali,qwen2.5-coder:7b,উচ্চতা (মিটার):,1.851
8443,no medium,bn,Bengali,qwen2.5-coder:7b,কোনো মাধ্যম,1.748
8444,Duplicate,bn,Bengali,qwen2.5-coder:7b,ডুপিকেট,1.259
8445,Account Delete Account,bn,Bengali,qwen2.5-coder:7b,হিসাব বাতিল করুন,2.225
8446,Remove record,bn,Bengali,qwen2.5-coder:7b,মন্তব্য অপসারণ,1.913
8447,All Dates,bn,Bengali,qwen2.5-coder:7b,সব তারিখ,1.265
8448,state diagram,bn,Bengali,qwen2.5-coder:7b,রূপনীয় চিত্র,2.1
8449,Appendable %1 medium,bn,Bengali,qwen2.5-coder:7b,যোগ্য %1 মিডিয়াম,2.62
8450,Ctrl; F Find...,bn,Bengali,qwen2.5-coder:7b,Ctrl; F খুঁজুন...,2.01
8451,& Round Corners...,bn,Bengali,qwen2.5-coder:7b,& কোর্নার ঘুমাইয়ে দিন...,3.2
8452,Relations,bn,Bengali,qwen2.5-coder:7b,সম্পর্কসম্পর্ক,1.906
8453,False,bn,Bengali,qwen2.5-coder:7b,মিথ্যা,1.039
8454,Custom Type 3,bn,Bengali,qwen2.5-coder:7b,কাস্টম টাইপ ৩,1.998
8455,Pipes - another (GL),bn,Bengali,qwen2.5-coder:7b,পাইপস - অন্য (GL),1.988
8456,News Article,bn,Bengali,qwen2.5-coder:7b,নিউজ অর্টিকেল,1.694
8457,Host name,bn,Bengali,qwen2.5-coder:7b,হোস্ট নাম,1.43
8458,Choose Object,bn,Bengali,qwen2.5-coder:7b,বস্তু নির্বাচন করুন,2.62
8459,CRET Color,bn,Bengali,qwen2.5-coder:7b,কেট রঙ,1.087
8460,One,bn,Bengali,qwen2.5-coder:7b,এক,0.606
8461,Placeholder shape,bn,Bengali,qwen2.5-coder:7b,অপসারণ আকৃতি,1.676
8462,Start Date,bn,Bengali,qwen2.5-coder:7b,শুরুর তারিখ,1.8
8463,for White,bn,Bengali,qwen2.5-coder:7b,নীল,0.853
8464,Menu Activation,bn,Bengali,qwen2.5-coder:7b,মেনু অ্যাক্টিভেশন,2.193
8465,Translation Memory,bn,Bengali,qwen2.5-coder:7b,অনুবাদ মেমরি,1.707
8466,Thread leader:,bn,Bengali,qwen2.5-coder:7b,থ্রেড লিডার:,1.652
8467,Address Book Associations,bn,Bengali,qwen2.5-coder:7b,ঠিকানা বই সম্পর্কসম্পাদনা,3.064
8468,Shortcut name: q,bn,Bengali,qwen2.5-coder:7b,কুইটেকের নাম: q,2.058
8469,XSkat French,bn,Bengali,qwen2.5-coder:7b,এক্সস্কট ফ্রান্স,2.089
8470,Screen,bn,Bengali,qwen2.5-coder:7b,স্ক্রিন,1.121
8471,Pencil size:,bn,Bengali,qwen2.5-coder:7b,চিপি আকার:,1.562
8472,speed1 gamma,bn,Bengali,qwen2.5-coder:7b,স্পিড 1 গ্যাম্মা,2.135
8473,is before,bn,Bengali,qwen2.5-coder:7b,আগে,0.8
8474,CImg Image restoration filter,bn,Bengali,qwen2.5-coder:7b,CImg ছবি পুনরুপন ফিল্টার,2.992
8475,& Points,bn,Bengali,qwen2.5-coder:7b,& বিন্যাস,1.361
8476,Column positions,bn,Bengali,qwen2.5-coder:7b,কলোমের স্থানান,1.908
8477,Ships: %1,bn,Bengali,qwen2.5-coder:7b,শুধুমান: %1,1.759
8478,ends with '#V1S# ',bn,Bengali,qwen2.5-coder:7b,শেষে '#V1S# ' থাকে,2.453
8479,Draw horizon?,bn,Bengali,qwen2.5-coder:7b,আঁকুন সমৃদ্ধি?,2.191
8480,Grade Boxes,bn,Bengali,qwen2.5-coder:7b,ভ্যাটারি ব kutি,1.713
8481,TIFF Image (. tiff),bn,Bengali,qwen2.5-coder:7b,TIFF ছবি (.tiff),1.645
8482,Composing,bn,Bengali,qwen2.5-coder:7b,কম্পোজিং,1.402
8483,Mask Name:,bn,Bengali,qwen2.5-coder:7b,ম্যাস্ক নাম:,1.666
8484,& Tree View,bn,Bengali,qwen2.5-coder:7b,& টিরি দেখাও,1.768
8485,Selected stations:,bn,Bengali,qwen2.5-coder:7b,নির্বাচিত স্টেশনগুলি:,2.815
8486,Video bit rate,bn,Bengali,qwen2.5-coder:7b,ভিডিও বিট রেট,1.869
8487,(no trace parts),bn,Bengali,qwen2.5-coder:7b,(কোনো ট্রেস অংশ নেই),2.887
8488,Set a protocol:,bn,Bengali,qwen2.5-coder:7b,প্রোটোকল সেট করুন:,2.808
8489,read-only,bn,Bengali,qwen2.5-coder:7b,অক্রমণীয়,1.615
8490,Main frame,bn,Bengali,qwen2.5-coder:7b,মূল ফ্রেম,1.485
8491,Input device controller,bn,Bengali,qwen2.5-coder:7b,ইনপুট উপকরণ নিয়ন্ত্রক,2.798
8492,torrent files,bn,Bengali,qwen2.5-coder:7b,টর্নট ফাইলস,1.53
8493,Definition expression:,bn,Bengali,qwen2.5-coder:7b,অпределন অভ্যাস:,1.65
8494,Picture Altitude:,bn,Bengali,qwen2.5-coder:7b,ছবির উচ্চতা:,1.668
8495,First Run,bn,Bengali,qwen2.5-coder:7b,প্রথম চালু,1.494
8496,Right-Microphone,bn,Bengali,qwen2.5-coder:7b,ডান মাইক,1.285
8497,Default profile,bn,Bengali,qwen2.5-coder:7b,ডিফল্ট প্রোফাইল,1.996
8498,Mount Tape,bn,Bengali,qwen2.5-coder:7b,মাউন্ট টেপ,1.488
8499,System Info,bn,Bengali,qwen2.5-coder:7b,সистем তথ্য,1.16
8500,Code Viewer -,bn,Bengali,qwen2.5-coder:7b,কোড দেখার সূচক -,2.281
8501,This year:,bn,Bengali,qwen2.5-coder:7b,এই বছর:,1.16
8502,thistle3,bn,Bengali,qwen2.5-coder:7b,থিস্লি3,1.248
8503,Personal suffixes:,bn,Bengali,qwen2.5-coder:7b,ব্যক্তিগত উপস্থাপনা:,2.4
8504,Quote characters,bn,Bengali,qwen2.5-coder:7b,কোটির অক্ষর,1.871
8505,Signing key:,bn,Bengali,qwen2.5-coder:7b,সIGNING key:,0.98
8506,Priority:,bn,Bengali,qwen2.5-coder:7b,প্রাথমিকতা:,1.502
8507,vocabulary,bn,Bengali,qwen2.5-coder:7b,ভাষা সংক্ষেপ,1.741
8508,Toggle Auto,bn,Bengali,qwen2.5-coder:7b,অটো বন্ধ করুন,2.015
8509,Weather Station Configuration,bn,Bengali,qwen2.5-coder:7b,আবহান স্থাপনা,1.796
8510,Female Child,bn,Bengali,qwen2.5-coder:7b,মহিলা বাচ্চা,1.695
8511,Sky culture,bn,Bengali,qwen2.5-coder:7b,নебন্ধ শিক্ষা,1.671
8512,Turkish Lira A/ 05,bn,Bengali,qwen2.5-coder:7b,তুর্কি লিরা A/ 05,2.506
8513,First sector:,bn,Bengali,qwen2.5-coder:7b,প্রথম অংশ:,1.585
8514,Pakistan Rupee,bn,Bengali,qwen2.5-coder:7b,পাকিস্তানি রূপ,1.958
8515,Included through,bn,Bengali,qwen2.5-coder:7b,ইনক্লুড করা থেকে,2.175
8516,Partition information,bn,Bengali,qwen2.5-coder:7b,ভাগের তথ্য,1.703
8517,Max size,bn,Bengali,qwen2.5-coder:7b,মаксিমাল আকার,1.509
8518,Bill,bn,Bengali,qwen2.5-coder:7b,বিল,0.722
8519,Busy response:,bn,Bengali,qwen2.5-coder:7b,প্রতিক্রিয়া খারাপ:,2.535
8520,Media Player,bn,Bengali,qwen2.5-coder:7b,মিডিয়া প্লেয়ার,2.246
8521,Idle time:,bn,Bengali,qwen2.5-coder:7b,ইডল সময়:,1.432
8522,Feature Check,bn,Bengali,qwen2.5-coder:7b,মيزন চেক,1.324
8523,Audio Output,bn,Bengali,qwen2.5-coder:7b,অডিউ আউটপুট,1.686
8524,Very high (4x sampling),bn,Bengali,qwen2.5-coder:7b,মানসমূহ বেশি (4x স্যাম্পলিং),3.358
8525,Lithuanian Litas,bn,Bengali,qwen2.5-coder:7b,লিথুয়ানিয়ার লিটাস,2.832
8526,Part Function,bn,Bengali,qwen2.5-coder:7b,অংশ ফাংশন,1.442
8527,Bin 1 (Side),bn,Bengali,qwen2.5-coder:7b,বিন ১ (পাশ),1.604
8528,& Output folder:,bn,Bengali,qwen2.5-coder:7b,& আউটপুট ফোল্ডার:,2.345
8529,Customizing & cervisia;,bn,Bengali,qwen2.5-coder:7b,ব্যাস্তি করা & cervisia;,2.244
8530,Scoring,bn,Bengali,qwen2.5-coder:7b,স্কোরিং,1.276
8531,Envelope Feeder,bn,Bengali,qwen2.5-coder:7b,কালোন প্রদানকারী,2.247
8532,At date/ time:,bn,Bengali,qwen2.5-coder:7b,তারিখ/সময়:,1.766
8533,KDE User Manager,bn,Bengali,qwen2.5-coder:7b,KDE ব্যবহারকারী ম্যানেজার,3.06
8534,Calculate,bn,Bengali,qwen2.5-coder:7b,ক্ষেত্রণ করুন,1.837
8535,Previous Function,bn,Bengali,qwen2.5-coder:7b,পূর্বী ফাংশন,1.869
8536,Ground,bn,Bengali,qwen2.5-coder:7b,আয়ান,1.045
8537,Content Items,bn,Bengali,qwen2.5-coder:7b,কাজ আইটেমস,1.514
8538,End of line,bn,Bengali,qwen2.5-coder:7b,লাইনের শেষ,1.518
8539,New TCP/ IP,bn,Bengali,qwen2.5-coder:7b,নতুন TCP/IP,1.278
8540,Most Recent,bn,Bengali,qwen2.5-coder:7b,সর্বশেষ,1.207
8541,Gold Bars,bn,Bengali,qwen2.5-coder:7b,রূপাঙ্গ,1.275
8542,Today:,bn,Bengali,qwen2.5-coder:7b,আজ:,0.728
8543,Exception,bn,Bengali,qwen2.5-coder:7b,অপশন,0.795
8544,Magazine,bn,Bengali,qwen2.5-coder:7b,ম্যাগেজ,1.138
8545,Custom Document,bn,Bengali,qwen2.5-coder:7b,স্বাস্থ্য দক্ষিণ ভাষা,2.593
8546,First step,bn,Bengali,qwen2.5-coder:7b,প্রথম ধাপ,1.39
8547,DeepSkyBlue4,bn,Bengali,qwen2.5-coder:7b,কমল স্কি ব্লু ৪,2.246
8548,overall,bn,Bengali,qwen2.5-coder:7b,সমস্যা,1.048
8549,Search Configuration,bn,Bengali,qwen2.5-coder:7b,সার্চ কনফিগুরেশন,2.177
8550,Top right:,bn,Bengali,qwen2.5-coder:7b,উপরের দিকের অধিকার:,2.412
8551,Activated,bn,Bengali,qwen2.5-coder:7b,অক্ষয়,1.148
8552,Task Name:,bn,Bengali,qwen2.5-coder:7b,চালিশের নাম:,1.751
8553,Grid resolution,bn,Bengali,qwen2.5-coder:7b,গ্রিড সমাধান,1.677
8554,Standard Package,bn,Bengali,qwen2.5-coder:7b,স্টান্ডার্ড প্যাকেজ,2.42
8555,Color Configuration.,bn,Bengali,qwen2.5-coder:7b,কোলর সমন্বয়।,2.0
8556,Player 1:,bn,Bengali,qwen2.5-coder:7b,প্লেয়ার ১:,1.767
8557,Red: Oldest item.,bn,Bengali,qwen2.5-coder:7b,রোজ: সবচেয়ে বড় আইটেম।,3.009
8558,View Zoom,bn,Bengali,qwen2.5-coder:7b,আকার দেখুন,1.603
8559,Jamaican Dollar,bn,Bengali,qwen2.5-coder:7b,জামায়ন ডলার,1.881
8560,& 2D Graph,bn,Bengali,qwen2.5-coder:7b,& 2D গ্রাফ,1.615
8561,Colour correction,bn,Bengali,qwen2.5-coder:7b,কোলর কর্টেশন,1.818
8562,User Toolbar,bn,Bengali,qwen2.5-coder:7b,ব্যবহারকরী টুলবার,2.388
8563,Comparison,bn,Bengali,qwen2.5-coder:7b,মূল্যায়োগ,1.737
8564,SmartMedia Card Reader,bn,Bengali,qwen2.5-coder:7b,স্মার্টমিডিয়া কার্ড পাঠক,3.164
8565,Permissions,bn,Bengali,qwen2.5-coder:7b,অনুমতি,1.172
8566,Copyright (c) 2009 The Granatier Team!,bn,Bengali,qwen2.5-coder:7b,সূচনা (c) 2009 গ্রান্টিয়ার টিম!,4.165
8567,Created on,bn,Bengali,qwen2.5-coder:7b,তৈরি হয়েছিলেন,2.286
8568,Called: %1,bn,Bengali,qwen2.5-coder:7b,কলেছেন: %1,1.684
8569,Welcome screen,bn,Bengali,qwen2.5-coder:7b,স্বাগতম পৃষ্ঠা,1.98
8570,Toolviews,bn,Bengali,qwen2.5-coder:7b,ইнструমেন্ট পরিদর্শক,2.091
8571,PGP Warning,bn,Bengali,qwen2.5-coder:7b,PGP অনুৰোধ,1.644
8572,Hungary,bn,Bengali,qwen2.5-coder:7b,হাঙ্গেরি,1.204
8573,Styles,bn,Bengali,qwen2.5-coder:7b,স্টাইলস,1.068
8574,How to obtain & kpager;,bn,Bengali,qwen2.5-coder:7b,এক্ষেত্রে এক্ষেত্রে এক্ষেত্রে এক্ষেত্রে এক্ষেত্রে এক্ষেত্রে এক্ষেত্রে এক্ষেত্রে এক্ষেত্রে এক্ষেত্রে,10.349
8575,Zoom to & 100%,bn,Bengali,qwen2.5-coder:7b,100% বেছি বড়াই,2.359
8576,Perl Location:,bn,Bengali,qwen2.5-coder:7b,পার্ল স্থান:,1.706
8577,cvs edit file names,bn,Bengali,qwen2.5-coder:7b,CVS ফাইলের নাম সম্পাদনা,2.812
8578,underline,bn,Bengali,qwen2.5-coder:7b,আঁকা,0.953
8579,Use of Icon,bn,Bengali,qwen2.5-coder:7b,আইকনের ব্যবহার,1.9
8580,Party,bn,Bengali,qwen2.5-coder:7b,পার্টি,1.059
8581,Effect Toolbar,bn,Bengali,qwen2.5-coder:7b,ইফেক্ট টুলবার,1.833
8582,Constellation Lines,bn,Bengali,qwen2.5-coder:7b,কনস্ট্যালশন লাইনস,2.203
8583,Directions,bn,Bengali,qwen2.5-coder:7b,নির্দেশ,1.171
8584,Grading Service,bn,Bengali,qwen2.5-coder:7b,মাননোনোনো সেবা,2.208
8585,Time Downloaded,bn,Bengali,qwen2.5-coder:7b,সময় ডাউনলোড করা,2.331
8586,& Profile handler,bn,Bengali,qwen2.5-coder:7b,& প্রোফাইল হ্যান্ডলার,2.578
8587,Current Directory (Short),bn,Bengali,qwen2.5-coder:7b,এখনির সম্পর্কিত দিরекторি (কম্পাস),3.563
8588,Filename.,bn,Bengali,qwen2.5-coder:7b,ফাইলের নাম।,1.532
8589,Compiling,bn,Bengali,qwen2.5-coder:7b,কম্পাইলিং,1.389
8590,English,bn,Bengali,qwen2.5-coder:7b,ইংরেজি,1.183
8591,Unknown Cartridge,bn,Bengali,qwen2.5-coder:7b,অজানা কার্টridge,1.706
8592,Draw Mars?,bn,Bengali,qwen2.5-coder:7b,মার্স ঘুমাও?,1.78
8593,of Tevet,bn,Bengali,qwen2.5-coder:7b,তেবেটের,1.194
8594,& Kick reason:,bn,Bengali,qwen2.5-coder:7b,& কেন করেছেন?,1.817
8595,outbox:,bn,Bengali,qwen2.5-coder:7b,আউটবক্স:,1.288
8596,Color space:,bn,Bengali,qwen2.5-coder:7b,কোলর স্পেস:,1.581
8597,Audio bit rate,bn,Bengali,qwen2.5-coder:7b,অডিউ বিট রেট,1.662
8598,Share Ratio,bn,Bengali,qwen2.5-coder:7b,শেয়ার অনুপাত,1.975
8599,Read Speed,bn,Bengali,qwen2.5-coder:7b,বানান গতি,1.403
8600,Champion Speed,bn,Bengali,qwen2.5-coder:7b,চ্যাংপিন স্পিড,1.914
8601,Greeting:,bn,Bengali,qwen2.5-coder:7b,সুপ্রোমেন্ট:,1.818
8602,Project Admin,bn,Bengali,qwen2.5-coder:7b,প্রকল্প অ্যাডমিন,1.955
8603,Playing & kgoldrunner;,bn,Bengali,qwen2.5-coder:7b,kgoldrunner খেলছেন;,1.784
8604,Unknown status,bn,Bengali,qwen2.5-coder:7b,অজানা অবস্থা,1.69
8605,copying,bn,Bengali,qwen2.5-coder:7b,কপি করা,1.186
8606,Scotland,bn,Bengali,qwen2.5-coder:7b,স্কотল্যান্ড,1.493
8607,& Start month:,bn,Bengali,qwen2.5-coder:7b,& শুরু মাস:,1.75
8608,Closed (%1),bn,Bengali,qwen2.5-coder:7b,বন্ধ (%1),1.214
8609,Top right,bn,Bengali,qwen2.5-coder:7b,উপরের দিকে,1.471
8610,Industrial,bn,Bengali,qwen2.5-coder:7b,ইন্ডোস্ট্রিয়াল,2.159
8611,of Adar,bn,Bengali,qwen2.5-coder:7b,অধর্মের,1.206
8612,No Photo,bn,Bengali,qwen2.5-coder:7b,কোনো ফটো,1.622
8613,libbz2 plugin for Kerfuffle,bn,Bengali,qwen2.5-coder:7b,বিশ্বাসী লাইব্রেরি জন্য Kerfuffle প্লাগইন,4.23
8614,Group Settings,bn,Bengali,qwen2.5-coder:7b,গুপ্তা সেটিংস,1.794
8615,Drag and Drop Functionality,bn,Bengali,qwen2.5-coder:7b,ড্রাগ এবং ড롭 ফাংশনালিটি,2.979
8616,Starting %1 process.,bn,Bengali,qwen2.5-coder:7b,প্রক্রিয়া %1 শুরু হচ্ছে।,3.527
8617,KreML version %1,bn,Bengali,qwen2.5-coder:7b,ক্রেম্ল সংস্করণ %1,2.485
8618,Unknown Genre,bn,Bengali,qwen2.5-coder:7b,অজানা গৃহীতি,1.831
8619,Motion:,bn,Bengali,qwen2.5-coder:7b,ঘূর্ণন:,1.271
8620,Line numbers:,bn,Bengali,qwen2.5-coder:7b,লাইন সংখ্যা:,1.741
8621,How to obtain & kstars;,bn,Bengali,qwen2.5-coder:7b,একক প্রকারে & kstars; প্রাপ্ত করুন,3.394
8622,Internet Search...,bn,Bengali,qwen2.5-coder:7b,ইন্টারনেট অনুসন্ধান...,2.464
8623,TEX Files,bn,Bengali,qwen2.5-coder:7b,TEX ফাইলসমূহ,1.567
8624,Text-to-Speech Configuration,bn,Bengali,qwen2.5-coder:7b,টেক্সট-টো-স্পিচ সমন্বয়,3.162
8625,Unit Conversion,bn,Bengali,qwen2.5-coder:7b,একক পরিবর্তন,1.679
8626,Flickr Configuration,bn,Bengali,qwen2.5-coder:7b,ফ্লিক্র সমন্বয়,2.103
8627,Talkers,bn,Bengali,qwen2.5-coder:7b,আলোকোনা,1.413
8628,KDE Bounce Ball Game,bn,Bengali,qwen2.5-coder:7b,KDE বাঁকে খেলো,1.959
8629,KDE 1 decoration,bn,Bengali,qwen2.5-coder:7b,KDE 1 অন্ধকার,1.628
8630,Copy Current & Line,bn,Bengali,qwen2.5-coder:7b,বর্তমান লাইন কপি করুন,2.903
8631,%1 Encrypted Container,bn,Bengali,qwen2.5-coder:7b,%1 অপেক্ষিত কন্টেন্টার,2.812
8632,Arrow shape,bn,Bengali,qwen2.5-coder:7b,আরোহ আকৃতি,1.696
8633,ChargedParticle,bn,Bengali,qwen2.5-coder:7b,চার্জেড পার্টিকেল,2.201
8634,Orientation,bn,Bengali,qwen2.5-coder:7b,অনুমান,1.12
8635,Answer,bn,Bengali,qwen2.5-coder:7b,উত্তর,0.895
8636,Encoding:,bn,Bengali,qwen2.5-coder:7b,এক্সেন্ডিং:,1.583
8637,Find in & Project...,bn,Bengali,qwen2.5-coder:7b,প্রকল্পে খুঁজুন...,2.527
8638,Garden,bn,Bengali,qwen2.5-coder:7b,মস্তিকা,1.155
8639,Color Selector,bn,Bengali,qwen2.5-coder:7b,কোলর সিলেক্টর,1.834
8640,Move hero,bn,Bengali,qwen2.5-coder:7b,হারো বন্ধু নিম্ন করুন,2.754
8641,Crimean Tatar,bn,Bengali,qwen2.5-coder:7b,ক্রমান্তরীয় তাতার,2.434
8642,Copy Page,bn,Bengali,qwen2.5-coder:7b,পৃষ্ঠা কপি করুন,2.178
8643,Configuration files,bn,Bengali,qwen2.5-coder:7b,নстройকরণ ফাইলসমূহ,2.002
8644,Root folder:,bn,Bengali,qwen2.5-coder:7b,রূট ফোল্ডার:,1.88
8645,File Extension,bn,Bengali,qwen2.5-coder:7b,ফাইল এক্সটেনশন,1.898
8646,"PublicID ""%1"" maps to: ""%2""",bn,Bengali,qwen2.5-coder:7b,পাবлик আইডি %1 যোগাযোগ করে: %2,3.85
8647,eBay Monitor,bn,Bengali,qwen2.5-coder:7b,এবেই মনোরূপ,1.827
8648,Passive Torrents,bn,Bengali,qwen2.5-coder:7b,পাসিভ টর্নেটস,1.863
8649,exp,bn,Bengali,qwen2.5-coder:7b,"ক্ষমা করুন, আমি বিশ্বাস করি আপনি একটি সঠিক উই টেক스트 প্রদান করেছেন না। ""exp"" একটি অনুচ্ছেদ নয় বা একট",10.292
8650,Texture Preview,bn,Bengali,qwen2.5-coder:7b,মডেল প্রোভাইডার,2.094
8651,DVD language pattern,bn,Bengali,qwen2.5-coder:7b,DVD ভাষা প্যাটার্ন,2.122
8652,mount point,bn,Bengali,qwen2.5-coder:7b,মাউন্ট বিন্দু,1.821
8653,Exploding,bn,Bengali,qwen2.5-coder:7b,বিস্ফোরণ,1.504
8654,Pillars,bn,Bengali,qwen2.5-coder:7b,পিলারস,1.081
8655,Justified,bn,Bengali,qwen2.5-coder:7b,সঠিক,0.958
8656,Network name (Service Set IDentifier),bn,Bengali,qwen2.5-coder:7b,নেটওয়ার্ক নাম (সেবা সেট আইডিটি),3.74
8657,My Cards,bn,Bengali,qwen2.5-coder:7b,আমার কার্ডস,1.571
8658,& Decrypt,bn,Bengali,qwen2.5-coder:7b,& ডিসক্রিপ্ট,1.682
8659,Per resource,bn,Bengali,qwen2.5-coder:7b,সম্পদ প্রতি,1.655
8660,Property name:,bn,Bengali,qwen2.5-coder:7b,মূল্যাংশের নাম:,1.999
8661,Turn off,bn,Bengali,qwen2.5-coder:7b,অফ করুন,1.306
8662,Output:,bn,Bengali,qwen2.5-coder:7b,আউটপুট:,1.238
8663,Shot speed:,bn,Bengali,qwen2.5-coder:7b,শট স্পিড:,1.357
8664,Current status,bn,Bengali,qwen2.5-coder:7b,সম্পূর্ণ অবস্থা,2.08
8665,& Enter,bn,Bengali,qwen2.5-coder:7b,এন্টার,1.064
8666,Up #2,bn,Bengali,qwen2.5-coder:7b,উপ #2,0.915
8667,a single%,bn,Bengali,qwen2.5-coder:7b,একটি সমান্তর%,1.72
8668,Free:,bn,Bengali,qwen2.5-coder:7b,ফ্রি:,0.898
8669,Taskbar Thumbnails,bn,Bengali,qwen2.5-coder:7b,সাজেশন ছবি,1.538
8670,Columns view mode,bn,Bengali,qwen2.5-coder:7b,কলোম দৃষ্টিমূল্যাংশ,2.598
8671,kdegames,bn,Bengali,qwen2.5-coder:7b,ক্যাডেগেমস,1.454
8672,Tracker Grouping,bn,Bengali,qwen2.5-coder:7b,ট্র্যাকার গ্রুপিং,2.265
8673,Process Error,bn,Bengali,qwen2.5-coder:7b,প্রক্রিয়া ভুল,2.086
8674,%u: user name,bn,Bengali,qwen2.5-coder:7b,%u: ব্যবহারকারীর নাম,2.855
8675,Principal,bn,Bengali,qwen2.5-coder:7b,প্রধান,1.027
8676,Drive tray open,bn,Bengali,qwen2.5-coder:7b,ড্রাইভ ট্রেয় খোলা,2.48
8677,pigment list,bn,Bengali,qwen2.5-coder:7b,প্রকাশ তালিকা,1.772
8678,Channel Admins (+p),bn,Bengali,qwen2.5-coder:7b,চ্যানেল অ্যাডমিনস (+p),2.436
8679,Preferred Account,bn,Bengali,qwen2.5-coder:7b,পছন্দিত ব্যবস্থা,2.086
8680,Local keyring file:,bn,Bengali,qwen2.5-coder:7b,লокাল কীর্গুন ফাইল:,2.567
8681,Author:,bn,Bengali,qwen2.5-coder:7b,লেখক:,0.922
8682,Shutter speed:,bn,Bengali,qwen2.5-coder:7b,শটার স্পিড:,1.565
8683,Ms.,bn,Bengali,qwen2.5-coder:7b,মহিলা,0.904
8684,Php Language Support,bn,Bengali,qwen2.5-coder:7b,PHP ভাষার সমর্থন,1.937
8685,& Order by:,bn,Bengali,qwen2.5-coder:7b,&অর্ডার করুন পরিবর্তন করুন:,3.318
8686,Show all lines,bn,Bengali,qwen2.5-coder:7b,সব লাইন দেখাও,1.877
8687,Charge,bn,Bengali,qwen2.5-coder:7b,চার্জ,0.954
8688,Irish Pound,bn,Bengali,qwen2.5-coder:7b,আইরিশ পাউন্ড,1.775
8689,Fortnightly,bn,Bengali,qwen2.5-coder:7b,সপ্তাহের দ্বিতীয় অংশ,2.955
8690,speed1 filter,bn,Bengali,qwen2.5-coder:7b,স্পিড 1 ফিল্টার,2.241
8691,Parent task,bn,Bengali,qwen2.5-coder:7b,মানুষের কাজ,1.699
8692,Phone number,bn,Bengali,qwen2.5-coder:7b,ফোন নম্বর,1.463
8693,Image Object,bn,Bengali,qwen2.5-coder:7b,ইমেজ অবজেক্ট,1.699
8694,Firewire Soundcard,bn,Bengali,qwen2.5-coder:7b,ফাইরওয়ার্স স্বরবর্ধক,2.63
8695,& Easy,bn,Bengali,qwen2.5-coder:7b,& সহজ,0.952
8696,east,bn,Bengali,qwen2.5-coder:7b,পূর্ব,1.029
8697,Outstanding Bugs,bn,Bengali,qwen2.5-coder:7b,অসম্পূর্ণ বিল্ট,2.157
8698,Overview of Senses,bn,Bengali,qwen2.5-coder:7b,শীৰ্ষক সম্পর্কে,2.2
8699,Transmitter,bn,Bengali,qwen2.5-coder:7b,বিনাশকারক,1.423
8700,%1 is away: %2,bn,Bengali,qwen2.5-coder:7b,%1 অনুপস্থিত: %2,2.249
8701,SDL - Function Header,bn,Bengali,qwen2.5-coder:7b,SDL - ফাংশন শিরোমন,2.159
8702,The & kde; Team,bn,Bengali,qwen2.5-coder:7b,& kde; টিম,1.421
8703,& Card color:,bn,Bengali,qwen2.5-coder:7b,& কার্ড রঙ:,1.546
8704,Run Slower,bn,Bengali,qwen2.5-coder:7b,সম্প্রতি কমাও,1.766
8705,Download size: %1,bn,Bengali,qwen2.5-coder:7b,دانলোড আকার: %1,1.796
8706,Password Policy,bn,Bengali,qwen2.5-coder:7b,পাসওয়ার্ড নিয়ম,2.322
8707,Mono-Microphone,bn,Bengali,qwen2.5-coder:7b,মোনো-মাইক,1.626
8708,(Selection),bn,Bengali,qwen2.5-coder:7b,(নির্বাচন),1.488
8709,Expand,bn,Bengali,qwen2.5-coder:7b,বিস্তার করুন,1.79
8710,Capability,bn,Bengali,qwen2.5-coder:7b,ক্ষমতা,1.065
8711,System shutdown.,bn,Bengali,qwen2.5-coder:7b,সистем বন্ধ করা।,1.614
8712,Appearance,bn,Bengali,qwen2.5-coder:7b,আপেরেন্স,1.183
8713,Head,bn,Bengali,qwen2.5-coder:7b,শিরোনাম,1.244
8714,Osmanya,bn,Bengali,qwen2.5-coder:7b,অসমা,0.929
8715,Query CDDB,bn,Bengali,qwen2.5-coder:7b,CDDB অনুসন্ধান,1.936
8716,& Maintenance,bn,Bengali,qwen2.5-coder:7b,& বর্তমান,1.416
8717,& kde; on & Solaris;,bn,Bengali,qwen2.5-coder:7b,& kde; on & Solaris;,1.552
8718,Volume Up,bn,Bengali,qwen2.5-coder:7b,আমার সীমিত সময়ে বাধা দিন।,3.341
8719,Audio,bn,Bengali,qwen2.5-coder:7b,অডিউ স্টুডিও,1.675
8720,Calibrating cycle,bn,Bengali,qwen2.5-coder:7b,ক্যালিব্রেশন চলকের সময়,2.877
8721,& HTTP Requests,bn,Bengali,qwen2.5-coder:7b,& HTTP অনুরোধ,1.562
8722,Christian Rap,bn,Bengali,qwen2.5-coder:7b,ক্রীষ্ট রাপ,1.641
8723,Delete...,bn,Bengali,qwen2.5-coder:7b,মুছে দিন...,1.486
8724,signal,bn,Bengali,qwen2.5-coder:7b,সিগ্নাল,1.156
8725,Recipients,bn,Bengali,qwen2.5-coder:7b,গ্রাহকowie,1.112
8726,Game ID,bn,Bengali,qwen2.5-coder:7b,গেম আইডি,1.22
8727,spinBox,bn,Bengali,qwen2.5-coder:7b,স্পিন বক্স,1.457
8728,File Systems,bn,Bengali,qwen2.5-coder:7b,ফাইল সিস্টেমস,1.693
8729,north,bn,Bengali,qwen2.5-coder:7b,উত্তর,0.904
8730,DOM Tree Viewer,bn,Bengali,qwen2.5-coder:7b,DOM টিরি দেখালো,1.937
8731,Brightness:,bn,Bengali,qwen2.5-coder:7b,স্বরোধ:,1.248
8732,Action category:,bn,Bengali,qwen2.5-coder:7b,অ্যাকশন শ্যাখা:,1.987
8733,of Safar,bn,Bengali,qwen2.5-coder:7b,সফরের,1.023
8734,Host name:,bn,Bengali,qwen2.5-coder:7b,হোস্ট নাম:,1.54
8735,Corrections,bn,Bengali,qwen2.5-coder:7b,করপোশাক,1.241
8736,Next Function,bn,Bengali,qwen2.5-coder:7b,পরবর্তী ফাংশন,1.786
8737,Application window,bn,Bengali,qwen2.5-coder:7b,অ্যাপ্লিকেশন জanela,1.886
8738,& Network Configuration...,bn,Bengali,qwen2.5-coder:7b,& নেটওয়ার্ক,1.959
8739,Acceleration profile,bn,Bengali,qwen2.5-coder:7b,বিস্তার প্রোফাইল,2.229
8740,"6 Staples, parallel",bn,Bengali,qwen2.5-coder:7b,"৬ স্টেপস, সাপ্রাল",2.273
8741,Profile name:,bn,Bengali,qwen2.5-coder:7b,প্রোফাইলের নাম:,2.013
8742,Quality/ Bitrate,bn,Bengali,qwen2.5-coder:7b,কুলিয়াটি/বিট বেরিটি,2.783
8743,candle light,bn,Bengali,qwen2.5-coder:7b,আঁচল বেগম,1.475
8744,Argentine Peso,bn,Bengali,qwen2.5-coder:7b,আর্জেন্টিনা পেসো,2.21
8745,Texture,bn,Bengali,qwen2.5-coder:7b,তেক্সচার,1.246
8746,Insertion speed,bn,Bengali,qwen2.5-coder:7b,ইনসেয়ন স্পিড,1.926
8747,& List,bn,Bengali,qwen2.5-coder:7b,& তালিকা,1.281
8748,Mozambican Metical,bn,Bengali,qwen2.5-coder:7b,মোজাম্বিক মেটিকাল,2.455
8749,Organization:,bn,Bengali,qwen2.5-coder:7b,অনুষ্ঠান:,1.483
8750,CTL Color Spaces,bn,Bengali,qwen2.5-coder:7b,CTL রঙ স্থানান্ত্রিকতা,2.717
8751,French Polynesia,bn,Bengali,qwen2.5-coder:7b,ফ্রান্স পোলিনেশিয়া,2.7
8752,Shortcut name: up,bn,Bengali,qwen2.5-coder:7b,ক্ষেত্রের নাম: উপ,2.305
8753,Templates Projects,bn,Bengali,qwen2.5-coder:7b,টেমপ্লেট প্রকল্প,2.023
8754,North,bn,Bengali,qwen2.5-coder:7b,উত্তর,0.918
8755,Tape block size,bn,Bengali,qwen2.5-coder:7b,টেপ ব্লক আকার,1.781
8756,Conversion schedule,bn,Bengali,qwen2.5-coder:7b,সম্পাদনা সময়সূচিকা,2.535
8757,Network:,bn,Bengali,qwen2.5-coder:7b,নেটওয়ার্ক:,1.639
8758,Sample Rate,bn,Bengali,qwen2.5-coder:7b,নমুনা হাতির দিন,2.068
8759,Keyboard Shortcut,bn,Bengali,qwen2.5-coder:7b,কীবোর্ড শর্টকোড,2.233
8760,Star map:,bn,Bengali,qwen2.5-coder:7b,কালোনী মাপা:,1.896
8761,Yugoslav Dinar,bn,Bengali,qwen2.5-coder:7b,ইউগোস্লাভ ডিনার,2.248
8762,Run Script,bn,Bengali,qwen2.5-coder:7b,スクリプトを実行,1.159
8763,The amount of indentation,bn,Bengali,qwen2.5-coder:7b,আইন্ডেন্টেশনের পরিমাণ,2.571
8764,Rational,bn,Bengali,qwen2.5-coder:7b,মূল্যবান,1.372
8765,D-Bus/ Application Action Options,bn,Bengali,qwen2.5-coder:7b,D-Bus/ অ্যাপ্লিকেশন প্রতিকল্পনা অপশনসমূহ,4.532
8766,Opacity:,bn,Bengali,qwen2.5-coder:7b,অপারিটি:,1.229
8767,Top to Down,bn,Bengali,qwen2.5-coder:7b,উপর থেকে নীচে,1.95
8768,Slower,bn,Bengali,qwen2.5-coder:7b,স্বাগত,1.049
8769,new_class,bn,Bengali,qwen2.5-coder:7b,নতুন বিভাগ,1.498
8770,Active filter:,bn,Bengali,qwen2.5-coder:7b,সক্রিয়া ফিল্টার:,2.239
8771,Uppercase,bn,Bengali,qwen2.5-coder:7b,আপারকেস,1.283
8772,Development Team,bn,Bengali,qwen2.5-coder:7b,উন্নয়ন টিম,1.672
8773,SSL Signers,bn,Bengali,qwen2.5-coder:7b,SSL সIGNERS,1.017
8774,file manager,bn,Bengali,qwen2.5-coder:7b,ফাইল ম্যানেজার,1.883
8775,Transform Tool,bn,Bengali,qwen2.5-coder:7b,অনুযায়ীকরণ টুল,2.443
8776,Playlist pattern:,bn,Bengali,qwen2.5-coder:7b,প্লেলিস্ট প্যাট্রন:,2.42
8777,Billing Information,bn,Bengali,qwen2.5-coder:7b,বিশ্বাস তথ্য,1.683
8778,Hint for level:,bn,Bengali,qwen2.5-coder:7b,স্তরের হ্যান্টি:,2.107
8779,Music Player,bn,Bengali,qwen2.5-coder:7b,মuzিক প্লেয়ার,1.761
8780,Related Uid,bn,Bengali,qwen2.5-coder:7b,সম্পর্কিত UID,1.498
8781,Character Ranges,bn,Bengali,qwen2.5-coder:7b,ক্যারেক্টার বিস্তার,2.309
8782,Months:,bn,Bengali,qwen2.5-coder:7b,মাসগুলি:,1.278
8783,Saturation Control Settings,bn,Bengali,qwen2.5-coder:7b,স্বাস্থ্য নিয়ন্ত্রণ সেটিংস,3.168
8784,Turbulence,bn,Bengali,qwen2.5-coder:7b,বিশ্বাস,1.236
8785,Rename Torrent,bn,Bengali,qwen2.5-coder:7b,টর্নট পরিবর্তন করুন,2.475
8786,Tracker,bn,Bengali,qwen2.5-coder:7b,ট্র্যাকার,1.309
8787,& Copy to clipboard,bn,Bengali,qwen2.5-coder:7b,& কপি করুন ক্লিপবোর্ডে,2.883
8788,Note Properties,bn,Bengali,qwen2.5-coder:7b,নোট বৈশিষ্ট্য,2.035
8789,Description: %1,bn,Bengali,qwen2.5-coder:7b,বিবরণ: %1,1.383
8790,Delete Server,bn,Bengali,qwen2.5-coder:7b,সার্ভার মুছে দিন,2.416
8791,Tab Position,bn,Bengali,qwen2.5-coder:7b,টেবিল স্থান,1.603
8792,Active Uploads,bn,Bengali,qwen2.5-coder:7b,চলমান অপলোড,1.714
8793,Output device,bn,Bengali,qwen2.5-coder:7b,আউটপুট উপকরণ,1.738
8794,Go to,bn,Bengali,qwen2.5-coder:7b,যাও,0.745
8795,Logon script:,bn,Bengali,qwen2.5-coder:7b,লগ স্ক্রিপ্ট:,1.823
8796,JPEG Image (. jpg),bn,Bengali,qwen2.5-coder:7b,JPEG ছবি (.jpg),1.343
8797,Zoom speed,bn,Bengali,qwen2.5-coder:7b,বুঝানোর গতি,1.786
8798,Label density:,bn,Bengali,qwen2.5-coder:7b,মানচিত্রের বেশিকালি:,2.373
8799,Reload time:,bn,Bengali,qwen2.5-coder:7b,রিলোড সময়:,1.715
8800,IPv4 network address,bn,Bengali,qwen2.5-coder:7b,ইভিপি-এভি নেটওয়ার্ক ঠিকানা,3.187
8801,Information Panel,bn,Bengali,qwen2.5-coder:7b,ইনফরমেশন বর্টন,1.874
8802,Track Mouse,bn,Bengali,qwen2.5-coder:7b,মাউস ট্র্যাক,1.64
8803,Gold Sandwich,bn,Bengali,qwen2.5-coder:7b,রূপাঙ্গর স্বাচ্ছা,2.002
8804,by Name:,bn,Bengali,qwen2.5-coder:7b,নামে দ্বারা:,1.375
8805,Folder Format,bn,Bengali,qwen2.5-coder:7b,ফোল্ডার ফরম্যাট,1.742
8806,Users Access Settings,bn,Bengali,qwen2.5-coder:7b,ব্যবহারকারীদের অ্যাক্সেস সেটিংস,2.965
8807,Card Game,bn,Bengali,qwen2.5-coder:7b,কার্ড গেম,1.151
8808,Heightfield:,bn,Bengali,qwen2.5-coder:7b,উচ্চতা পরিস্থিতি:,1.717
8809,Earth-like,bn,Bengali,qwen2.5-coder:7b,আর্থ ভাবে,1.226
8810,Image Map,bn,Bengali,qwen2.5-coder:7b,ইমেজ ম্যাপ,1.37
8811,Pound Sterling (GBP),bn,Bengali,qwen2.5-coder:7b,ব্যাংক অন্ড স্টেরিল (GBP),2.77
8812,Out of Gamut,bn,Bengali,qwen2.5-coder:7b,আউট অফ গামুট,1.887
8813,Previous row,bn,Bengali,qwen2.5-coder:7b,পূর্ব সাংখ্যা,1.883
8814,Agent Identity,bn,Bengali,qwen2.5-coder:7b,অ্যাজেন্ট আইডেন্টিটি,2.544
8815,New Directory...,bn,Bengali,qwen2.5-coder:7b,নতুন সমূহ...,1.709
8816,Has duration,bn,Bengali,qwen2.5-coder:7b,সময়স্থান,1.436
8817,List management,bn,Bengali,qwen2.5-coder:7b,লিস্ট ম্যানেজমেন্ট,2.203
8818,Autobookmarker,bn,Bengali,qwen2.5-coder:7b,অটো বুকমার্কার,2.159
8819,Area light,bn,Bengali,qwen2.5-coder:7b,আংশিক বিন্দু,1.926
8820,Thumbnail size:,bn,Bengali,qwen2.5-coder:7b,ছবির আকার:,1.519
8821,Invitation,bn,Bengali,qwen2.5-coder:7b,অনুমোদন,1.384
8822,Issuer:,bn,Bengali,qwen2.5-coder:7b,ইস্যুকারী:,1.595
8823,% kate myfile. txt,bn,Bengali,qwen2.5-coder:7b,% মাইফাইল. টেক্সট,2.304
8824,Search on Wikipedia,bn,Bengali,qwen2.5-coder:7b,উইকিপিডিয়া অন সার্চ করুন,3.119
8825,Column positions:,bn,Bengali,qwen2.5-coder:7b,কলোমের স্থানান:,2.096
8826,& Marker Line,bn,Bengali,qwen2.5-coder:7b,&মার্কার লাইন,1.769
8827,overview,bn,Bengali,qwen2.5-coder:7b,সমস্যার সমস্যার সমস্যার সমস্যার সমস্যার সমস্যার সমস্যার সমস্যার সমস্যার সমস্যার সমস্যার সমস্যার সমস,10.387
8828,Override,bn,Bengali,qwen2.5-coder:7b,অপ্রতিবাদ,1.343
8829,Standard,bn,Bengali,qwen2.5-coder:7b,স্টান্ডার্ড,1.562
8830,View with & Netscape,bn,Bengali,qwen2.5-coder:7b,নেটস্ক্রপে দেখুন &Netscape,2.705
8831,Key text:,bn,Bengali,qwen2.5-coder:7b,কীভাবে লিখো:,1.927
8832,Network games:,bn,Bengali,qwen2.5-coder:7b,নেটওয়ার্ক খেলা:,2.178
8833,Security Class,bn,Bengali,qwen2.5-coder:7b,সীমানা শ্রেণি,1.936
8834,Total of %1,bn,Bengali,qwen2.5-coder:7b,মোট %1,1.185
8835,Plugged in,bn,Bengali,qwen2.5-coder:7b,ইন্টারসিটি সংযুক্ত,2.425
8836,True:,bn,Bengali,qwen2.5-coder:7b,সত্যঃ,1.024
8837,Expand out,bn,Bengali,qwen2.5-coder:7b,আকার বাড়াইয়ে দিন,2.477
8838,GDB Output,bn,Bengali,qwen2.5-coder:7b,GDB আউটপুট,1.543
8839,Opening Date,bn,Bengali,qwen2.5-coder:7b,আপনি কখন খোলতে চান?,2.5
8840,Exchange mode:,bn,Bengali,qwen2.5-coder:7b,ট্যাংক মোড়:,1.982
8841,Cross,bn,Bengali,qwen2.5-coder:7b,ক্রস,0.848
8842,Snow,bn,Bengali,qwen2.5-coder:7b,雪,0.531
8843,answer,bn,Bengali,qwen2.5-coder:7b,উত্তর,0.941
8844,XPlanet by Hari Nair,bn,Bengali,qwen2.5-coder:7b,হারি নাইরের এক্সপ্লেনটি,2.863
8845,Gravity:,bn,Bengali,qwen2.5-coder:7b,গ্রিভিয়াটি:,1.775
8846,Preview Text,bn,Bengali,qwen2.5-coder:7b,প্রোভাইভ টেক্সট,2.129
8847,Tura Caves,bn,Bengali,qwen2.5-coder:7b,তুরা গাঁথা,1.69
8848,Verify Chunks,bn,Bengali,qwen2.5-coder:7b,চ্যানক যাচ্ছি নিশ্চিত করুন,3.386
8849,Degrees of freedom 2,bn,Bengali,qwen2.5-coder:7b,স্থিরতা দুই,1.818
8850,Drivers,bn,Bengali,qwen2.5-coder:7b,ড্রাইভারস,1.349
8851,Paragraph Style:,bn,Bengali,qwen2.5-coder:7b,প্যারাগ্রাফ স্টাইল:,2.418
8852,Time and Date,bn,Bengali,qwen2.5-coder:7b,সময় এবং তারিখ,2.164
8853,[%1] is disabled,bn,Bengali,qwen2.5-coder:7b,[%1] অনুমোদিত নয়,2.423
8854,Directory Name,bn,Bengali,qwen2.5-coder:7b,ডিরেক্টরি নাম,1.847
8855,Icon size:,bn,Bengali,qwen2.5-coder:7b,আইকন আকার:,1.488
8856,color saturation,bn,Bengali,qwen2.5-coder:7b,কালো স্থায়ীতা,2.223
8857,language 1,bn,Bengali,qwen2.5-coder:7b,ভাষা ১,1.271
8858,28th Last,bn,Bengali,qwen2.5-coder:7b,২৮তম উল্টো,1.788
8859,Output Device,bn,Bengali,qwen2.5-coder:7b,আউটপুট উপকরণ,1.744
8860,D-Bus Communication Error,bn,Bengali,qwen2.5-coder:7b,D-Bus সম্পর্ক ভূমিকা,2.44
8861,Send & Later Via,bn,Bengali,qwen2.5-coder:7b,পরে পাঠিয়ে দিন,2.291
8862,& Quality level:,bn,Bengali,qwen2.5-coder:7b,& গুল্পনামালা:,2.055
8863,"Artwork: Nuno Pinheiro, Torsten Rahn",bn,Bengali,qwen2.5-coder:7b,"কার্যকলাপ: নুনো পিনিহেরো, টোরস্ট রান",5.213
8864,Surname,bn,Bengali,qwen2.5-coder:7b,নাম,0.756
8865,Password prompt,bn,Bengali,qwen2.5-coder:7b,পাসওয়ার্ড অনুমোদন,2.625
8866,Printer Name:,bn,Bengali,qwen2.5-coder:7b,প্রিন্টারের নাম:,2.13
8867,Checkerboard,bn,Bengali,qwen2.5-coder:7b,চেকার্বাড,1.37
8868,Barn Door,bn,Bengali,qwen2.5-coder:7b,বার দুর,1.298
8869,Character 8-bit,bn,Bengali,qwen2.5-coder:7b,ক্যারেক্টার ৮-বিট,2.314
8870,Started:,bn,Bengali,qwen2.5-coder:7b,শুরু হয়েছে:,1.975
8871,Strigi Index Exclude Filters,bn,Bengali,qwen2.5-coder:7b,স্ট্রিজি ইন্ডেক্স অন্তর্ভুক্তি ফিল্টার,4.776
8872,Copying Failed,bn,Bengali,qwen2.5-coder:7b,কপি করা ব্যর্থ,1.905
8873,Localization,bn,Bengali,qwen2.5-coder:7b,লোকালাইজেশন,1.585
8874,Shopping List,bn,Bengali,qwen2.5-coder:7b,কার্যক্রম তালিকা,2.019
8875,New Printer,bn,Bengali,qwen2.5-coder:7b,নতুন প্রিন্টার,2.034
8876,& Session name:,bn,Bengali,qwen2.5-coder:7b,& সেশনের নাম:,1.825
8877,Do Nothing,bn,Bengali,qwen2.5-coder:7b,কিনা কোনো কিছু করো,2.724
8878,& Delete...,bn,Bengali,qwen2.5-coder:7b,&মুছে দিন...,1.614
8879,Portrait mode,bn,Bengali,qwen2.5-coder:7b,প্রথম পোস্ট,1.726
8880,unknown%1,bn,Bengali,qwen2.5-coder:7b,অজানা%1,1.235
8881,Activity...,bn,Bengali,qwen2.5-coder:7b,ক্রিয়া...,1.407
8882,Title:,bn,Bengali,qwen2.5-coder:7b,শিরোনাম:,1.278
8883,password,bn,Bengali,qwen2.5-coder:7b,পাসওয়ার্ড,1.496
8884,Default gateway,bn,Bengali,qwen2.5-coder:7b,ডিফল্ট গেটওয়ে,2.021
8885,Moodbar File:,bn,Bengali,qwen2.5-coder:7b,মোড ফাইল:,1.579
8886,Non-word character,bn,Bengali,qwen2.5-coder:7b,অকার্যকর অক্ষর,1.936
8887,Country/ Region & Language,bn,Bengali,qwen2.5-coder:7b,আমি একটি সফটওয়ার অনুবাদ ইঞ্জিন। আপনি কীভাবে ব্যবহার করতে চান?,7.224
8888,Usenet Component,bn,Bengali,qwen2.5-coder:7b,ইউজেনেট অংশ,1.7
8889,& Keyboard Filters,bn,Bengali,qwen2.5-coder:7b,& কীবোর্ড ফিল্টারস,2.557
8890,Equity,bn,Bengali,qwen2.5-coder:7b,সম্পদ,1.03
8891,Usability:,bn,Bengali,qwen2.5-coder:7b,উপযোগিতা:,1.478
8892,Type:,bn,Bengali,qwen2.5-coder:7b,আপনি লিখুন:,1.666
8893,Restriction category (0..3):,bn,Bengali,qwen2.5-coder:7b,সূচি শ্রেণী (0..3):,2.73
8894,Delete feeds:,bn,Bengali,qwen2.5-coder:7b,ফিড সম্পর্কে সরানো:,2.435
8895,Go to %1,bn,Bengali,qwen2.5-coder:7b,যাও %1,1.243
8896,Other (%1),bn,Bengali,qwen2.5-coder:7b,অন্যায়ী (%1),1.825
8897,goy Y,bn,Bengali,qwen2.5-coder:7b,গোয য,1.114
8898,Exiting...,bn,Bengali,qwen2.5-coder:7b,বন্ধ করা হচ্ছে...,1.954
8899,D Major,bn,Bengali,qwen2.5-coder:7b,D মাইরো,1.304
8900,%1 selected,bn,Bengali,qwen2.5-coder:7b,%1 সিলেক্ট করা,1.925
8901,KTouch keyboard editor error,bn,Bengali,qwen2.5-coder:7b,কট্যু কোয়াবার সমস্যা,3.087
8902,Vertical:,bn,Bengali,qwen2.5-coder:7b,উল্লেখিত অংশটি বাংলা ভাষায় অনুবাদ করা হয়েছে।,5.538
8903,Filesize:,bn,Bengali,qwen2.5-coder:7b,ফাইল আকার:,1.498
8904,Deleting %1...,bn,Bengali,qwen2.5-coder:7b,মুছে দিয়েছি %1...,2.315
8905,unformatted,bn,Bengali,qwen2.5-coder:7b,অনুৰোধ করো,1.925
8906,Class CvsIgnoreList from Cervisia,bn,Bengali,qwen2.5-coder:7b,ক্লাস স্বাগত করুন থেকে স্বাগত করুন,4.298
8907,Playground Aquarium,bn,Bengali,qwen2.5-coder:7b,প্লেগ্রাউন্ড অকুয়ারিয়া,3.272
8908,& Data Format,bn,Bengali,qwen2.5-coder:7b,& ডেটা ফরম্যাট,1.924
8909,Create Frame,bn,Bengali,qwen2.5-coder:7b,ফ্রেম তৈরি করুন,2.3
8910,Pointing Hand,bn,Bengali,qwen2.5-coder:7b,কাজার অঙ্কে,1.566
8911,Predefined:,bn,Bengali,qwen2.5-coder:7b,স্বাভাবিক:,1.555
8912,English (Trinidad),bn,Bengali,qwen2.5-coder:7b,ইংরেজি (ত্রিনিডেট),2.306
8913,& Haavard. Froeiland. mail;,bn,Bengali,qwen2.5-coder:7b,& হাবার্ড। ফ্রোয়েল্যাং। ইমেইল;,4.18
8914,Formic Acid,bn,Bengali,qwen2.5-coder:7b,ফর্মিক অ্যাসিড,1.996
8915,Female 3,bn,Bengali,qwen2.5-coder:7b,মহিলা ৩,1.299
8916,Removable,bn,Bengali,qwen2.5-coder:7b,মুক্তি পাওয়া যাবে,2.49
8917,& Description,bn,Bengali,qwen2.5-coder:7b,& বর্ণনা,1.269
8918,Zoom to 150%,bn,Bengali,qwen2.5-coder:7b,150% বেছে নেক,2.055
8919,Do not save,bn,Bengali,qwen2.5-coder:7b,না সেভ করুন,1.732
8920,& Ending banner:,bn,Bengali,qwen2.5-coder:7b,& শেষ ব্যানার:,2.118
8921,two,bn,Bengali,qwen2.5-coder:7b,দুই,0.914
8922,Octal 8-bit,bn,Bengali,qwen2.5-coder:7b,অক্টাল ৮ বিট,1.91
8923,Sign mode,bn,Bengali,qwen2.5-coder:7b,সাইন মোড,1.363
8924,Log File,bn,Bengali,qwen2.5-coder:7b,লগ ফাইল,1.13
8925,Maximum value:,bn,Bengali,qwen2.5-coder:7b,মаксিমাল মান:,1.61
8926,Paragraph Format,bn,Bengali,qwen2.5-coder:7b,প্রাথমিক ফরম্যাট,2.08
8927,8th Last,bn,Bengali,qwen2.5-coder:7b,সপ্তম উল্টো,1.677
8928,Telephone,bn,Bengali,qwen2.5-coder:7b,ফোন,0.808
8929,Show statistics,bn,Bengali,qwen2.5-coder:7b,স্টে,0.841
8930,Validity...,bn,Bengali,qwen2.5-coder:7b,সুযোগিতা...,1.566
8931,Current Script,bn,Bengali,qwen2.5-coder:7b,সর্বশেষ স্ক্রিপ্ট,2.212
8932,Guitar Harmonics,bn,Bengali,qwen2.5-coder:7b,গিটার হারমোনিকস,2.194
8933,Layout direction:,bn,Bengali,qwen2.5-coder:7b,প্যারিবর্তনের দিক:,2.423
8934,Roughness:,bn,Bengali,qwen2.5-coder:7b,মূল্যায়োগ:,1.959
8935,Mark & Thread,bn,Bengali,qwen2.5-coder:7b,মার্ক এবং থ্রেড,2.098
8936,Asia,bn,Bengali,qwen2.5-coder:7b,আসিয়া,1.164
8937,& Central Buffer,bn,Bengali,qwen2.5-coder:7b,এন্টার বাটন,1.636
8938,News Reader,bn,Bengali,qwen2.5-coder:7b,নিউজ অ্যাডিটর,1.745
8939,Stack Selection,bn,Bengali,qwen2.5-coder:7b,স্ট্যাক সিলেকশন,1.967
8940,Detail preservation:,bn,Bengali,qwen2.5-coder:7b,বিশেষ সংরক্ষণ:,2.098
8941,Outline,bn,Bengali,qwen2.5-coder:7b,আংশিক বিবরণ,1.673
8942,Level:,bn,Bengali,qwen2.5-coder:7b,স্তর:,0.899
8943,Property name,bn,Bengali,qwen2.5-coder:7b,মূল্যাংশের নাম,1.886
8944,Grid brush,bn,Bengali,qwen2.5-coder:7b,গ্রিড ব্রাষ্ট,1.793
8945,Clipboard History Manager,bn,Bengali,qwen2.5-coder:7b,ক্লিপবোর্ড ইতিহাস ম্যানেজার,3.309
8946,Calculation mode,bn,Bengali,qwen2.5-coder:7b,অনুমান অর্থ,1.665
8947,soundcard,bn,Bengali,qwen2.5-coder:7b,অডিও কার্ড,1.407
8948,Exposure bias:,bn,Bengali,qwen2.5-coder:7b,আকার বিস্ক্রিয়া:,2.253
8949,& Night Vision,bn,Bengali,qwen2.5-coder:7b,& রাত্রি দৃষ্টি,2.144
8950,Help ImagePlugins' Handbooks,bn,Bengali,qwen2.5-coder:7b,হেল্প ইমেজপ্লিন্সের বইকোর্স,3.327
8951,Paper size:,bn,Bengali,qwen2.5-coder:7b,পেপার আকার:,1.574
8952,Footer Properties,bn,Bengali,qwen2.5-coder:7b,ফッター সূচনা,1.489
8953,Format Conversion,bn,Bengali,qwen2.5-coder:7b,ফরম্যাট পরিবর্তন,2.127
8954,Slovenian,bn,Bengali,qwen2.5-coder:7b,স্লোভেনীয়া,1.945
8955,With value:,bn,Bengali,qwen2.5-coder:7b,সহ মান:,1.268
8956,"Python, Ruby and JavaScript Plugins",bn,Bengali,qwen2.5-coder:7b,"Python, Ruby এবং JavaScript প্লাগইনসমূহ",2.794
8957,Written,bn,Bengali,qwen2.5-coder:7b,আমার লিখিত,1.467
8958,Custom zoom,bn,Bengali,qwen2.5-coder:7b,স্বতন্ত্র বিস্তার,2.215
8959,Group Password:,bn,Bengali,qwen2.5-coder:7b,গুপ্তা পাসওয়ার্ড:,2.504
8960,& New document,bn,Bengali,qwen2.5-coder:7b,&নতুন দক্ষিণ দক্ষিণ দক্ষিণ দক্ষিণ দক্ষিণ দক্ষিণ দক্ষিণ দক্ষিণ দক্ষিণ দক্ষিণ দক্ষিণ দক্ষিণ দক্ষিণ দক,10.178
8961,Rewrite,bn,Bengali,qwen2.5-coder:7b,নুনি লিখুন,1.691
8962,Driver:,bn,Bengali,qwen2.5-coder:7b,ড্রাইভার:,1.283
8963,KOrganizer Print Plugin Interface,bn,Bengali,qwen2.5-coder:7b,কোর্গানার প্রিন্ট প্লাগইন ইন্টারফেস,4.092
8964,Mine fuel,bn,Bengali,qwen2.5-coder:7b,মাইন ফিলেটি,1.587
8965,Duotone Colormode Block,bn,Bengali,qwen2.5-coder:7b,ডুটোন রং মোড ব্লক,2.641
8966,and folders:,bn,Bengali,qwen2.5-coder:7b,এবং ফোল্ডারগুলি:,2.383
8967,"See ""%1"" above.",bn,Bengali,qwen2.5-coder:7b,"আপনি ""%1"" উপরে দেখতে পারেন।",3.308
8968,Default Identification,bn,Bengali,qwen2.5-coder:7b,ডিফল্ট চিন্তা,1.808
8969,of Adar I,bn,Bengali,qwen2.5-coder:7b,আডার প্রথম,1.495
8970,Remove Applet,bn,Bengali,qwen2.5-coder:7b,অ্যাপ্লিট অপরাধ করুন,2.564
8971,Write Accesses,bn,Bengali,qwen2.5-coder:7b,আমাদের অ্যাক্সেস,2.369
8972,Dodecahedron,bn,Bengali,qwen2.5-coder:7b,ডোডেকাহেড্রন,1.942
8973,Simple,bn,Bengali,qwen2.5-coder:7b,সহজ,0.724
8974,Create items...,bn,Bengali,qwen2.5-coder:7b,আইটেম তৈরি করুন...,2.272
8975,Contact Group %1,bn,Bengali,qwen2.5-coder:7b,গ্রুপ %1 সম্পর্কে,2.227
8976,Sending,bn,Bengali,qwen2.5-coder:7b,পাঠিয়ে দিন,1.887
8977,Remove Filter,bn,Bengali,qwen2.5-coder:7b,ফিল্টার সরানো,1.893
8978,KResources Manager,bn,Bengali,qwen2.5-coder:7b,ক সমস্ত সূচক ম্যানেজার,2.72
8979,Export Style,bn,Bengali,qwen2.5-coder:7b,স্টাইল এক্সপোর্ট,2.173
8980,X Values:,bn,Bengali,qwen2.5-coder:7b,X স্বরূপগুলি:,2.02
8981,Do Not Start,bn,Bengali,qwen2.5-coder:7b,শুরু করবেন না,2.274
8982,Invisible,bn,Bengali,qwen2.5-coder:7b,অনুপস্থিত,1.485
8983,Forecasts,bn,Bengali,qwen2.5-coder:7b,প্রог্রাম,1.299
8984,Visibility level:,bn,Bengali,qwen2.5-coder:7b,শীঘ্রতা মাপা:,2.024
8985,in; to; as,bn,Bengali,qwen2.5-coder:7b,ঐন; যোগ্য; যথেষ্ট,2.699
8986,Invitations,bn,Bengali,qwen2.5-coder:7b,অনুৰোধসমূহ,1.9
8987,Picture Page,bn,Bengali,qwen2.5-coder:7b,ছবি পৃষ্ঠা,1.572
8988,Draw Grids,bn,Bengali,qwen2.5-coder:7b,গ্রাইড আঁকুন,1.862
8989,Arc Length,bn,Bengali,qwen2.5-coder:7b,এক্সার দৈর্ঘ্য,1.861
8990,Security Alert,bn,Bengali,qwen2.5-coder:7b,সীমান্ত অনুমোদন,2.273
8991,User & Password,bn,Bengali,qwen2.5-coder:7b,ব্যবহারকারী এবং পাসওয়ার্ড,3.299
8992,File %1 had no contents.,bn,Bengali,qwen2.5-coder:7b,ফাইল %1 অনুমোদন নেই।,2.607
8993,Plain,bn,Bengali,qwen2.5-coder:7b,প্লেন,0.902
8994,IP Filter,bn,Bengali,qwen2.5-coder:7b,ইপ ফিল্টার,1.412
8995,isiZulu Zulu (South Africa),bn,Bengali,qwen2.5-coder:7b,সুমু জুলো (সুমু আফিকা),3.259
8996,Goldrunner Prophecy,bn,Bengali,qwen2.5-coder:7b,গোল্ডরান্নার প্রেডিশন,2.937
8997,Group Policy,bn,Bengali,qwen2.5-coder:7b,গ্রুপ পলিসি,1.686
8998,Structure keywords:,bn,Bengali,qwen2.5-coder:7b,কার্যক্ষেত্র কৰ্মশব্দ:,2.88
8999,print,bn,Bengali,qwen2.5-coder:7b,প্রিন্ট,1.145
9000,Center & Y:,bn,Bengali,qwen2.5-coder:7b,মধ্য & য়:,1.621
9001,Certificate & password:,bn,Bengali,qwen2.5-coder:7b,সাম্পদা এবং পাসওয়ার্ড:,3.055
9002,Card Readers,bn,Bengali,qwen2.5-coder:7b,কার্ড পাঠক,1.475
9003,& Code Generation Wizard...,bn,Bengali,qwen2.5-coder:7b,& কোড সৃষ্টি জ্যানোর...,2.902
9004,Bhutanese Ngultrum,bn,Bengali,qwen2.5-coder:7b,ভূতানী নগুল্টুম,2.53
9005,Lower limit:,bn,Bengali,qwen2.5-coder:7b,নিম্ন সূচক:,1.653
9006,Equals,bn,Bengali,qwen2.5-coder:7b,সমান,0.846
9007,Calendar data engine,bn,Bengali,qwen2.5-coder:7b,ক্যালেন্ডার ডেটা ইঞ্জিন,2.779
9008,Square Dithering,bn,Bengali,qwen2.5-coder:7b,বর্গ ডিথারিং,1.659
9009,KOffice image manipulation application,bn,Bengali,qwen2.5-coder:7b,কোফিস ছবি সম্পাদন এ্যাপ্লিকেশন,3.725
9010,Quality,bn,Bengali,qwen2.5-coder:7b,কৌলিকা,1.158
9011,Program version:,bn,Bengali,qwen2.5-coder:7b,প্রোগ্রাম সংস্করণ:,2.534
9012,StpGamma,bn,Bengali,qwen2.5-coder:7b,স্টপগ্যামা,1.506
9013,Due Date,bn,Bengali,qwen2.5-coder:7b,সময়সূচক,1.457
9014,Friction:,bn,Bengali,qwen2.5-coder:7b,বিপরীতি:,1.313
9015,Really Rename %1?,bn,Bengali,qwen2.5-coder:7b,আসতে পারেন %1 নাম বদলে না?,2.916
9016,Image Viewer,bn,Bengali,qwen2.5-coder:7b,ইমেজ দেখালো,1.689
9017,Cut-off angle:,bn,Bengali,qwen2.5-coder:7b,কাটা কোণ:,1.481
9018,Color selectors,bn,Bengali,qwen2.5-coder:7b,কোলর সিলেক্টর,1.849
9019,DarkOliveGreen1,bn,Bengali,qwen2.5-coder:7b,কালো বেগুন 1,1.917
9020,Diamonds,bn,Bengali,qwen2.5-coder:7b,ডিমাইন,1.027
9021,& Background Color:,bn,Bengali,qwen2.5-coder:7b,& ব্যাকগ্রাউন্ড রং:,2.407
9022,Hellenic,bn,Bengali,qwen2.5-coder:7b,হেলেνικ,1.248
9023,Vocabulary list,bn,Bengali,qwen2.5-coder:7b,ভাষা তালিকা,1.628
9024,& Facility:,bn,Bengali,qwen2.5-coder:7b,& সেবা:,1.241
9025,Periodicity:,bn,Bengali,qwen2.5-coder:7b,প্রতিস্থানিকতা:,1.939
9026,Class Members,bn,Bengali,qwen2.5-coder:7b,ক্লাস সদস্য,1.572
9027,Java support,bn,Bengali,qwen2.5-coder:7b,জাভা সমর্থন,1.588
9028,Always On,bn,Bengali,qwen2.5-coder:7b,সবসময় সক্ষম,1.805
9029,IP protocol,bn,Bengali,qwen2.5-coder:7b,ইপ প্রোটোকল,1.769
9030,media declaration,bn,Bengali,qwen2.5-coder:7b,মিডিয়া স্বাক্ষরণ,2.306
9031,Using & kmag;,bn,Bengali,qwen2.5-coder:7b,kmag; ব্যবহার করে,2.152
9032,Select Image Background...,bn,Bengali,qwen2.5-coder:7b,ছবির ব্যাকগ্রাউন্ড নির্বাচন করুন...,3.95
9033,Not scheduled,bn,Bengali,qwen2.5-coder:7b,নির্ধারিত নয়,1.912
9034,Data Read Access,bn,Bengali,qwen2.5-coder:7b,ডেটা পড়ার অনুমতি,2.474
9035,Border Color,bn,Bengali,qwen2.5-coder:7b,নীচের রং,1.513
9036,Spacer Configuration,bn,Bengali,qwen2.5-coder:7b,স্পেসার সমন্বয়,2.094
9037,KFileReplace Main Toolbar,bn,Bengali,qwen2.5-coder:7b,ক্যালেন্ডার,1.674
9038,Mount point,bn,Bengali,qwen2.5-coder:7b,মাউন্ট বিন্দু,1.847
9039,Player 2,bn,Bengali,qwen2.5-coder:7b,প্লেয়ার ২,1.751
9040,SSH Authorization,bn,Bengali,qwen2.5-coder:7b,SSH অনুমোদন,1.793
9041,Moscow,bn,Bengali,qwen2.5-coder:7b,মস্কো,1.068
9042,& Close Element,bn,Bengali,qwen2.5-coder:7b,এলিমেন্ট বন্ধ করুন,2.415
9043,& Robert. Gogolok; (robertgogolock at gmx de): Developer,bn,Bengali,qwen2.5-coder:7b,& রোবার্ট. গগোলক; (robertgogolock at gmx de): ডেভেলপার,5.242
9044,< group >,bn,Bengali,qwen2.5-coder:7b,< গুপ্পি >,1.576
9045,Altitude vs. Time...,bn,Bengali,qwen2.5-coder:7b,উচ্চতা সময়ের সাথে সম্পর্কিত...,3.492
9046,Leitner Box,bn,Bengali,qwen2.5-coder:7b,লিটনার ব kutি,1.487
9047,Enum Literal...,bn,Bengali,qwen2.5-coder:7b,এনাম লিটারাল...,1.701
9048,Grand Total,bn,Bengali,qwen2.5-coder:7b,মোট সর্বমোট,1.73
9049,OpenPGP Key Selection,bn,Bengali,qwen2.5-coder:7b,PGP কী সিলেকশন,2.001
9050,Classes,bn,Bengali,qwen2.5-coder:7b,ক্লাসস,1.001
9051,FileTransfer,bn,Bengali,qwen2.5-coder:7b,ফাইল ট্রাফি ট্রান্সফার,2.626
9052,IP/ hostname:,bn,Bengali,qwen2.5-coder:7b,ইপ/হোস্টনেম:,1.868
9053,Single Line,bn,Bengali,qwen2.5-coder:7b,এক লাইন,1.181
9054,Republic of Korea,bn,Bengali,qwen2.5-coder:7b,কোরিয়া গণপ্রজাতি,2.335
9055,User Password:,bn,Bengali,qwen2.5-coder:7b,ব্যবহারকারী পাসওয়ার্ড:,2.99
9056,Key Material,bn,Bengali,qwen2.5-coder:7b,কেি মাটিলাইন,1.704
9057,showLines,bn,Bengali,qwen2.5-coder:7b,লাইন দেখাও,1.423
9058,On the,bn,Bengali,qwen2.5-coder:7b,অন সেই,1.02
9059,Color depth,bn,Bengali,qwen2.5-coder:7b,কালো দৃঢ়তা,1.89
9060,accounts,bn,Bengali,qwen2.5-coder:7b,অ্যাকাউন্টস,1.558
9061,Rename Album (%1),bn,Bengali,qwen2.5-coder:7b,একাউম পরিবর্তন করুন (%1),2.867
9062,Runge-Kutta edited,bn,Bengali,qwen2.5-coder:7b,রাংগ-কুট সম্পাদিত,2.423
9063,Shares,bn,Bengali,qwen2.5-coder:7b,শেয়ারস,1.263
9064,Sequence number:,bn,Bengali,qwen2.5-coder:7b,সিরিয়াল সংখ্যা:,2.265
9065,Data Section,bn,Bengali,qwen2.5-coder:7b,ডেটা অংশ,1.375
9066,Cooling factor,bn,Bengali,qwen2.5-coder:7b,কৃত্রিম গুণিত,2.051
9067,Body of Message,bn,Bengali,qwen2.5-coder:7b,মেসেজের শরীর,1.811
9068,Microphone,bn,Bengali,qwen2.5-coder:7b,মাইকrôfon,1.103
9069,Chart Settings,bn,Bengali,qwen2.5-coder:7b,চার্ট সেটিংস,1.667
9070,String Macros,bn,Bengali,qwen2.5-coder:7b,স্ট্রিং ম্যাক্রোস,2.318
9071,Give Feedback...,bn,Bengali,qwen2.5-coder:7b,মতামত দিন...,1.49
9072,Copy Content,bn,Bengali,qwen2.5-coder:7b,কাউন্টেন্ট কপি করুন,2.514
9073,ImagePlugin_Solarize,bn,Bengali,qwen2.5-coder:7b,সূর্যক্ষাপনা,2.113
9074,& Place names:,bn,Bengali,qwen2.5-coder:7b,& অংশের নাম:,1.739
9075,Playlist Tool,bn,Bengali,qwen2.5-coder:7b,প্লেলিস্ট টুল,1.862
9076,New type: openvpn,bn,Bengali,qwen2.5-coder:7b,নতুন ধরন: অপেনVPN,2.252
9077,& South,bn,Bengali,qwen2.5-coder:7b,& দক্ষিণ,1.287
9078,"In file %1 StripsPerImage tag 273=%2, tag279=%3",bn,Bengali,qwen2.5-coder:7b,"ফাইল %1 এ স্ট্রিপসপারইমেজ ট্যাগ 273=%2, ট্যাগ279=%3",6.161
9079,Auto quality,bn,Bengali,qwen2.5-coder:7b,অটো গুল্পি,1.693
9080,& Group Settings,bn,Bengali,qwen2.5-coder:7b,& গুপ্পির সেটিংস,2.136
9081,Compatibility Version,bn,Bengali,qwen2.5-coder:7b,সংশ্লোকন সংস্করণ,2.452
9082,Do permission checks,bn,Bengali,qwen2.5-coder:7b,অনুমতি পроверা,1.594
9083,modified,bn,Bengali,qwen2.5-coder:7b,মুলোচ্ছিত,1.51
9084,Machine Identification Number,bn,Bengali,qwen2.5-coder:7b,মशিন চিন্তা সংখ্যা,2.475
9085,Incomplete data,bn,Bengali,qwen2.5-coder:7b,অসম্পূর্ণ তথ্য,1.986
9086,Background:,bn,Bengali,qwen2.5-coder:7b,পেছনে:,1.083
9087,Class name:,bn,Bengali,qwen2.5-coder:7b,ক্লাসের নাম:,1.734
9088,Simple Test,bn,Bengali,qwen2.5-coder:7b,সহজ টেস্ট,1.342
9089,Filesystem Configuration,bn,Bengali,qwen2.5-coder:7b,ফাইলসিস্টেম সমন্বয়,2.439
9090,Chalk brush,bn,Bengali,qwen2.5-coder:7b,চাল ব্রাশ,1.372
9091,plain,bn,Bengali,qwen2.5-coder:7b,প্লেন,0.91
9092,Cash Flow,bn,Bengali,qwen2.5-coder:7b,ক্ষেত্রীয় প্রাপ্তি/প্রদান,3.329
9093,Where to get the & PPD; s for & PostScript; Printers,bn,Bengali,qwen2.5-coder:7b,PPD পেতে কেথা?,2.483
9094,Drawing Options,bn,Bengali,qwen2.5-coder:7b,চিত্র অপশনসমূহ,2.184
9095,Release Year:,bn,Bengali,qwen2.5-coder:7b,প্রকাশন বছর:,1.695
9096,Weak,bn,Bengali,qwen2.5-coder:7b,ঘুম্পিত,1.351
9097,Username map:,bn,Bengali,qwen2.5-coder:7b,ব্যবহারকরী ম্যাপ:,2.425
9098,Delete account,bn,Bengali,qwen2.5-coder:7b,অ্যাকাউন্ট ডিলিট করুন,2.738
9099,Epos TTS speech synthesizer,bn,Bengali,qwen2.5-coder:7b,এপস ট্যাস সিনথাইজার,2.604
9100,Removing...,bn,Bengali,qwen2.5-coder:7b,মুছে দিয়েছি...,2.093
9101,Field of View:,bn,Bengali,qwen2.5-coder:7b,প্রতিবিম্বিত ক্ষেত্র:,2.628
9102,Customizing & kde;,bn,Bengali,qwen2.5-coder:7b,ব্যাস্তি করা & kde;,2.321
9103,Red player:,bn,Bengali,qwen2.5-coder:7b,র,0.567
9104,Items Shown,bn,Bengali,qwen2.5-coder:7b,আপনি দেখার আগের আইটেমস,2.872
9105,On Branch,bn,Bengali,qwen2.5-coder:7b,শাখায়,1.193
9106,Using & kgamma;,bn,Bengali,qwen2.5-coder:7b,kgamma ব্যবহার করে,2.201
9107,HellaNZB Status Information,bn,Bengali,qwen2.5-coder:7b,হেল্লা নজ্বি স্ট্যাটাস তথ্য,3.336
9108,1st Level,bn,Bengali,qwen2.5-coder:7b,১ম তারিকা,1.549
9109,The factorial of x.,bn,Bengali,qwen2.5-coder:7b,x-এর ফ্যাক্টরিয়াল।,2.554
9110,Interrupt information,bn,Bengali,qwen2.5-coder:7b,বিতরণ বিবরণ,1.523
9111,Find by & name,bn,Bengali,qwen2.5-coder:7b,নামে খুঁজুন &name,2.047
9112,statement expected,bn,Bengali,qwen2.5-coder:7b,স্টেমেন্ট অপরিবর্তিত,2.451
9113,Halftone Graphics,bn,Bengali,qwen2.5-coder:7b,হ্যালফটন গ্রাফিকস,2.276
9114,colors,bn,Bengali,qwen2.5-coder:7b,কোলারস,1.142
9115,Hierarchy:,bn,Bengali,qwen2.5-coder:7b,অ্যার্থ:,1.305
9116,Preferred Accounts,bn,Bengali,qwen2.5-coder:7b,পছন্দিত ব্যবস্থা,2.004
9117,Front,bn,Bengali,qwen2.5-coder:7b,ফর্ট,0.815
9118,Default Paint Operations,bn,Bengali,qwen2.5-coder:7b,ডিফল্ট প্যান্ট অপারেশনস,2.918
9119,List Style:,bn,Bengali,qwen2.5-coder:7b,লিস্ট প্রকার:,1.788
9120,Music editing tool,bn,Bengali,qwen2.5-coder:7b,মuzিক সমস্তি সম্পাদন টুল,2.954
9121,Absolute Cell References,bn,Bengali,qwen2.5-coder:7b,অ্যাবসোলূট সিলেট অনুযায়ী,3.554
9122,(Empty),bn,Bengali,qwen2.5-coder:7b,(খালি),1.056
9123,Image Displayer,bn,Bengali,qwen2.5-coder:7b,ইমেজ দেখালো,1.691
9124,Log Out,bn,Bengali,qwen2.5-coder:7b,লগ আউট,1.084
9125,Editing tips.,bn,Bengali,qwen2.5-coder:7b,ইতিহাস দেখুন।,1.841
9126,& New Task...,bn,Bengali,qwen2.5-coder:7b,&নতুন কাজ...,1.66
9127,Verified,bn,Bengali,qwen2.5-coder:7b,অনুমোদিত,1.479
9128,Writer Drives,bn,Bengali,qwen2.5-coder:7b,লেখক দ্রোহ,1.619
9129,Bricks 2,bn,Bengali,qwen2.5-coder:7b,বর্গ ২,1.229
9130,Valid from:,bn,Bengali,qwen2.5-coder:7b,সকল সময়ের জন্য:,2.288
9131,Asia/ Tel_Aviv,bn,Bengali,qwen2.5-coder:7b,আসিয়া/তেল আভিব্যাক,2.65
9132,Your turn.,bn,Bengali,qwen2.5-coder:7b,আপনার পার্ব।,1.612
9133,Fingerprint Manager,bn,Bengali,qwen2.5-coder:7b,মুখ্যান্ত সম্পর্কে,2.398
9134,Spanish (El Salvador),bn,Bengali,qwen2.5-coder:7b,স্পেনী (সলভাড়ারো),2.564
9135,First,bn,Bengali,qwen2.5-coder:7b,প্রথম,0.938
9136,GnuPG Administrative Console,bn,Bengali,qwen2.5-coder:7b,গিনুপিজ অ্যাডমিনিস্ট্রেশন কনসোল,3.912
9137,Edit Hosts,bn,Bengali,qwen2.5-coder:7b,হোস্টস সম্পাদনা,2.198
9138,State Diagram...,bn,Bengali,qwen2.5-coder:7b,রূপনীয় চিত্র...,2.216
9139,Database Design,bn,Bengali,qwen2.5-coder:7b,ডেটাবেজ ডিজাইন,1.949
9140,& Print Log...,bn,Bengali,qwen2.5-coder:7b,& লগ প্রিন্ট...,1.881
9141,Source File,bn,Bengali,qwen2.5-coder:7b,সূত্র ফাইল,1.61
9142,With,bn,Bengali,qwen2.5-coder:7b,সাথে,0.829
9143,Color Management,bn,Bengali,qwen2.5-coder:7b,কোলর ম্যানেজমেন্ট,2.269
9144,Length:,bn,Bengali,qwen2.5-coder:7b,দৈর্য়া:,1.436
9145,Last & Week,bn,Bengali,qwen2.5-coder:7b,গত সপ্তাহ,1.419
9146,Red multiplier,bn,Bengali,qwen2.5-coder:7b,রোজা গুনিত,1.773
9147,Gooood luck! Mwarrhh hwwarrrr haarrrr!,bn,Bengali,qwen2.5-coder:7b,মজাক দেখা! মোর্ধা হোয়া হোয়া হোয়া!,5.59
9148,Delete track,bn,Bengali,qwen2.5-coder:7b,ट्रैक ডিলিট করুন,2.448
9149,Channel 2,bn,Bengali,qwen2.5-coder:7b,চ্যানেল ২,1.563
9150,& Write list:,bn,Bengali,qwen2.5-coder:7b,& তালিকা লিখুন:,2.152
9151,& Ctrl; Arrow keys,bn,Bengali,qwen2.5-coder:7b,& Ctrl; অর্থ কোনো অংশ বা অংশগুলি নির্বাচন করতে পারেন।,6.159
9152,southwest,bn,Bengali,qwen2.5-coder:7b,সূর্যকে দেখার জন্য অন্তর্বাস্ত্রের দিকে যাওয়ার জন্য,6.118
9153,Bookmark,bn,Bengali,qwen2.5-coder:7b,মনোযোগ,1.301
9154,Color Mode,bn,Bengali,qwen2.5-coder:7b,কোলর মোড,1.469
9155,Chart Data,bn,Bengali,qwen2.5-coder:7b,চার্ট ডেটা,1.497
9156,Rarely,bn,Bengali,qwen2.5-coder:7b,অসাধারণ,1.278
9157,Tracing,bn,Bengali,qwen2.5-coder:7b,ত্রাচিং,1.209
9158,Tracking,bn,Bengali,qwen2.5-coder:7b,ট্র্যাকিং,1.356
9159,Elevation,bn,Bengali,qwen2.5-coder:7b,উচ্চতা,1.13
9160,Network Game,bn,Bengali,qwen2.5-coder:7b,নেটওয়ার্ক গেম,2.01
9161,Find Routers,bn,Bengali,qwen2.5-coder:7b,রূটার খুঁজুন,2.2
9162,Line Ending Type,bn,Bengali,qwen2.5-coder:7b,লাইন শেষের ধরনি,2.018
9163,feet³,bn,Bengali,qwen2.5-coder:7b,feet³,0.866
9164,Colors: XX,bn,Bengali,qwen2.5-coder:7b,কোলরস: XX,1.341
9165,Lid Button,bn,Bengali,qwen2.5-coder:7b,লিড বাটন,1.385
9166,L1 Data Read Miss,bn,Bengali,qwen2.5-coder:7b,L1 ডেটা রিড মিস,2.157
9167,German,bn,Bengali,qwen2.5-coder:7b,জার্মানisch,1.333
9168,Access Level,bn,Bengali,qwen2.5-coder:7b,অ্যাক্সেস মান্যতা,2.272
9169,No description available,bn,Bengali,qwen2.5-coder:7b,নেই আপনার বিবরণ,2.027
9170,Temperature,bn,Bengali,qwen2.5-coder:7b,তাপমাত্রা,1.355
9171,Not by:,bn,Bengali,qwen2.5-coder:7b,নয়েঃ,1.396
9172,random,bn,Bengali,qwen2.5-coder:7b,রূপান্ত,1.321
9173,& Part,bn,Bengali,qwen2.5-coder:7b,& অংশ,1.092
9174,Wake up,bn,Bengali,qwen2.5-coder:7b,আমার আসুন বেঁচো,2.328
9175,(active),bn,Bengali,qwen2.5-coder:7b,(সক্রিয়া),1.639
9176,Free%,bn,Bengali,qwen2.5-coder:7b,ফ্রি%,0.988
9177,Command history,bn,Bengali,qwen2.5-coder:7b,কম্ডো ইতিহাস,1.79
9178,Command,bn,Bengali,qwen2.5-coder:7b,কমান্ড,0.981
9179,Please enter & name:,bn,Bengali,qwen2.5-coder:7b,নাম দিন: &নাম:,1.695
9180,Remove Item,bn,Bengali,qwen2.5-coder:7b,আইটেম সরাও,1.427
9181,LightSkyBlue4,bn,Bengali,qwen2.5-coder:7b,লাইট স্কি ব্লু ৪,2.325
9182,inertiaVariance,bn,Bengali,qwen2.5-coder:7b,ইনেটিয়ার ভিয়েন্স,2.675
9183,Layer Properties,bn,Bengali,qwen2.5-coder:7b,স্তোর্যাট বৈশিষ্ট্য,2.767
9184,Clipboard actions,bn,Bengali,qwen2.5-coder:7b,ক্লিপবোর্ড অ্যাকশনসমূহ,2.892
9185,& Resolution:,bn,Bengali,qwen2.5-coder:7b,& সমাধান:,1.446
9186,FindBuffer contents,bn,Bengali,qwen2.5-coder:7b,বাটারির অংশগুলি খুঁজুন,3.328
9187,Figure 2,bn,Bengali,qwen2.5-coder:7b,চিত্র ২,1.358
9188,Image Effects,bn,Bengali,qwen2.5-coder:7b,ইমেজ ইফেক্টস,1.672
9189,Unzip txt2pho to / usr/ local/ txt2pho.,bn,Bengali,qwen2.5-coder:7b,txt2pho এটি /usr/local/txt2pho যেখানে একটি অনুযায়ী করা হয়।,6.257
9190,Bug Description,bn,Bengali,qwen2.5-coder:7b,কোনো সমস্যার বিবরণ,2.513
9191,& Horizontal:,bn,Bengali,qwen2.5-coder:7b,& ক্ষেত্রাগত:,1.798
9192,version control,bn,Bengali,qwen2.5-coder:7b,ভাবনা নিয়ন্ত্রণ,2.215
9193,Arrow Style,bn,Bengali,qwen2.5-coder:7b,আরোয়া প্রকার,1.997
9194,Ctrl; W Close,bn,Bengali,qwen2.5-coder:7b,Ctrl; W বন্ধ করুন,1.914
9195,IP Setup,bn,Bengali,qwen2.5-coder:7b,ইপ সেটআপ,1.215
9196,Then By,bn,Bengali,qwen2.5-coder:7b,তারপর দিয়ে,1.577
9197,Easy,bn,Bengali,qwen2.5-coder:7b,সহজ,0.723
9198,Search plugins,bn,Bengali,qwen2.5-coder:7b,অনুসন্ধান প্লিজনসমূহ,2.641
9199,GetUpdates,bn,Bengali,qwen2.5-coder:7b,আপডেট পেতে,1.433
9200,Delete Diagram,bn,Bengali,qwen2.5-coder:7b,চিত্র মুছে দিন,1.992
9201,Ink depletion,bn,Bengali,qwen2.5-coder:7b,ইনক সমস্যা,1.735
9202,Connection Selection,bn,Bengali,qwen2.5-coder:7b,সংযোগ নির্বাচন,2.265
9203,Auto Bullets,bn,Bengali,qwen2.5-coder:7b,অটো বুলেটস,1.922
9204,& Hue:,bn,Bengali,qwen2.5-coder:7b,& রঙের উপস্থিতি:,2.521
9205,Mean Score,bn,Bengali,qwen2.5-coder:7b,মানুষ্কের স্কোর,2.494
9206,Thunder Storm,bn,Bengali,qwen2.5-coder:7b,আমেরিকা স্টোর,2.14
9207,List Archives,bn,Bengali,qwen2.5-coder:7b,আর্কাইভ তালিকা,1.978
9208,Preconditions,bn,Bengali,qwen2.5-coder:7b,পূর্বপরিবর্তন,1.935
9209,Network interface:,bn,Bengali,qwen2.5-coder:7b,নেটওয়ার্ক ইন্টারফেস:,2.758
9210,Composite Mode,bn,Bengali,qwen2.5-coder:7b,কম্পোজিট মোড,1.848
9211,Max number,bn,Bengali,qwen2.5-coder:7b,মаксিমাল সংখ্যা,1.91
9212,LightGrey,bn,Bengali,qwen2.5-coder:7b,লাইট গ্রেয়,1.66
9213,Preview image,bn,Bengali,qwen2.5-coder:7b,প্রোভাইভ ছবি,1.977
9214,Unsorted,bn,Bengali,qwen2.5-coder:7b,অস্বাভাবিক,1.669
9215,Is Not,bn,Bengali,qwen2.5-coder:7b,নয়,1.429
9216,networktransparent,bn,Bengali,qwen2.5-coder:7b,নেটওয়ার্ক অন্তর্ভুক্ত,3.458
9217,Speed limit in KiB/ s,bn,Bengali,qwen2.5-coder:7b,কিবি প্রতি সেকেন্ডের স্পিড সীমা,4.685
9218,forceVariance,bn,Bengali,qwen2.5-coder:7b,ক্ষুদ্রতা,1.899
9219,Title alignment:,bn,Bengali,qwen2.5-coder:7b,শিরোনামের সাপ্তাহিক সংখ্যা:,3.576
9220,Day View,bn,Bengali,qwen2.5-coder:7b,দিনীয় দৃষ্টি,2.227
9221,Start Time,bn,Bengali,qwen2.5-coder:7b,শুরু সময়,1.671
9222,Relevance: %1,bn,Bengali,qwen2.5-coder:7b,সম্পর্ক: %1,1.564
9223,Date,bn,Bengali,qwen2.5-coder:7b,তারিখ,1.038
9224,Relationship,bn,Bengali,qwen2.5-coder:7b,সম্পর্ক,1.249
9225,Post Processing,bn,Bengali,qwen2.5-coder:7b,পরিবর্তন পর করা,2.1
9226,Driver Handle,bn,Bengali,qwen2.5-coder:7b,ড্রাইভার হ্যান্ডেল,2.347
9227,Quality based,bn,Bengali,qwen2.5-coder:7b,কৃত্রিম আधীন,1.903
9228,Adept Manager,bn,Bengali,qwen2.5-coder:7b,মোকালি ম্যানেজার,2.253
9229,To unit,bn,Bengali,qwen2.5-coder:7b,একক করা,1.41
9230,Unchanged:,bn,Bengali,qwen2.5-coder:7b,অপরিবর্তিত:,1.603
9231,SteelBlue3,bn,Bengali,qwen2.5-coder:7b,SteelBlue3,0.774
9232,Glossary,bn,Bengali,qwen2.5-coder:7b,গ্লোসারি,1.384
9233,Requirements,bn,Bengali,qwen2.5-coder:7b,নির্দেশিকা,1.47
9234,No Log,bn,Bengali,qwen2.5-coder:7b,লগ নেই,1.063
9235,Equal To,bn,Bengali,qwen2.5-coder:7b,সমান,0.841
9236,Design,bn,Bengali,qwen2.5-coder:7b,ডিজাইন,1.054
9237,Add track,bn,Bengali,qwen2.5-coder:7b,অনুযায়ী যোগ করুন,2.751
9238,Vocabulary documents,bn,Bengali,qwen2.5-coder:7b,ভাষা অক্ষর পত্রিকা,2.237
9239,& Closeable,bn,Bengali,qwen2.5-coder:7b,& বন্ধ করা যায়,2.088
9240,Customization,bn,Bengali,qwen2.5-coder:7b,সমস্ত সৃষ্টি,1.86
9241,Unknown tag,bn,Bengali,qwen2.5-coder:7b,অজানা ট্যাগ,1.592
9242,ferry,bn,Bengali,qwen2.5-coder:7b,ফেরি,0.856
9243,IRC Operator Password,bn,Bengali,qwen2.5-coder:7b,IRC অপারেটর পাসওয়ার্ড,2.667
9244,twins,bn,Bengali,qwen2.5-coder:7b,তুল্লী,1.319
9245,& Category:,bn,Bengali,qwen2.5-coder:7b,& শ্রেণি:,1.369
9246,speed2 filter,bn,Bengali,qwen2.5-coder:7b,স্পিড 2 ফিল্টার,2.215
9247,File name:,bn,Bengali,qwen2.5-coder:7b,ফাইলের নাম:,1.532
9248,Current Item,bn,Bengali,qwen2.5-coder:7b,বর্তমান আইটেম,1.762
9249,Name of game:,bn,Bengali,qwen2.5-coder:7b,নেইটেমের নাম:,1.873
9250,Password echo type,bn,Bengali,qwen2.5-coder:7b,পাসওয়ার্ড আইচ্যার প্রকার,3.019
9251,Data Type,bn,Bengali,qwen2.5-coder:7b,ডেটা টাইপ,1.341
9252,Ownership,bn,Bengali,qwen2.5-coder:7b,মানোনোনীয়তা,2.037
9253,& Remove,bn,Bengali,qwen2.5-coder:7b,& সরাও,1.062
9254,Overall,bn,Bengali,qwen2.5-coder:7b,সমস্যা,1.043
9255,Input Actions Daemon,bn,Bengali,qwen2.5-coder:7b,ইনপুট অ্যাকশন ডেমন,2.458
9256,Comment/ Tags:,bn,Bengali,qwen2.5-coder:7b,কমেন্ট/ট্যাগস:,1.874
9257,Filter Log,bn,Bengali,qwen2.5-coder:7b,লগ ফিল্টার,1.469
9258,Deletion,bn,Bengali,qwen2.5-coder:7b,মুছে দেওয়া,1.838
9259,Fade,bn,Bengali,qwen2.5-coder:7b,ফ্যাড,0.947
9260,Business Fax,bn,Bengali,qwen2.5-coder:7b,ব্যবসা ফ্যাক্স,1.963
9261,AntiqueWhite,bn,Bengali,qwen2.5-coder:7b,আর্টিকেন্স ব্ল্যাউট,2.468
9262,PPTP Settings,bn,Bengali,qwen2.5-coder:7b,PPTP সেটিংস,1.603
9263,Germany,bn,Bengali,qwen2.5-coder:7b,জার্মানি,1.226
9264,Quiz for %1,bn,Bengali,qwen2.5-coder:7b,কোইজ জন্য %1,1.815
9265,Character Tool,bn,Bengali,qwen2.5-coder:7b,ক্যারেক্টার টুল,2.027
9266,Shift,bn,Bengali,qwen2.5-coder:7b,সেই,0.731
9267,Strings,bn,Bengali,qwen2.5-coder:7b,স্ট্রিংস,1.209
9268,New To-do...,bn,Bengali,qwen2.5-coder:7b,নতুন টো-ডো...,1.911
9269,Image,bn,Bengali,qwen2.5-coder:7b,ছবি,0.762
9270,Below 1M,bn,Bengali,qwen2.5-coder:7b,নিচে 1M,1.264
9271,Upload profiles,bn,Bengali,qwen2.5-coder:7b,ফ্রোম অপলোড প্রোফাইলস,2.948
9272,Right,bn,Bengali,qwen2.5-coder:7b,ডান,0.75
9273,Kontact Planner Summary,bn,Bengali,qwen2.5-coder:7b,কন্ট্যাক্ট প্ল্যানার সারসংক্ষেপ,3.856
9274,Got details,bn,Bengali,qwen2.5-coder:7b,গেছে বিস্তার,1.753
9275,Cell Wood,bn,Bengali,qwen2.5-coder:7b,কেল জালো,1.407
9276,Image Enhancement,bn,Bengali,qwen2.5-coder:7b,ইমেজ উন্নয়ন,1.809
9277,Digital In,bn,Bengali,qwen2.5-coder:7b,ডিজিটাল ইন,1.55
9278,Bigger,bn,Bengali,qwen2.5-coder:7b,বড়,0.877
9279,Mathematics,bn,Bengali,qwen2.5-coder:7b,ম্যাথমেটিকস,1.631
9280,Top Priority:,bn,Bengali,qwen2.5-coder:7b,প্রথম অক্ষরণ:,1.802
9281,Walls,bn,Bengali,qwen2.5-coder:7b,কাঠামাদ,1.193
9282,Microsoft Media Format,bn,Bengali,qwen2.5-coder:7b,মিস্ট্রিরফোরম মিডিয়া,2.714
9283,Smoothing,bn,Bengali,qwen2.5-coder:7b,সমুদ্রণ,1.287
9284,Synchronization information,bn,Bengali,qwen2.5-coder:7b,সিন্যারাইজেশন তথ্য,2.237
9285,Accessibility warning,bn,Bengali,qwen2.5-coder:7b,অ্যাডেক্সিবিলিটি ব্যার্নিং,3.039
9286,Korean,bn,Bengali,qwen2.5-coder:7b,কোরিয়া,1.421
9287,& Key size:,bn,Bengali,qwen2.5-coder:7b,& কী আকার:,1.675
9288,Ctrl; S Save,bn,Bengali,qwen2.5-coder:7b,Ctrl; S সেভ করুন,1.986
9289,Usability improvements,bn,Bengali,qwen2.5-coder:7b,উইন্টিবিলিটি বৃত্তি,2.431
9290,Networking,bn,Bengali,qwen2.5-coder:7b,নেটওয়ার্কিং,1.752
9291,Railway station,bn,Bengali,qwen2.5-coder:7b,রেলওয়ে স্টেশন,1.97
9292,new_actor,bn,Bengali,qwen2.5-coder:7b,নতুন অভিনূত,1.816
9293,Simple Simon,bn,Bengali,qwen2.5-coder:7b,সাম্প্ল সিমন,1.718
9294,Pick Start Date,bn,Bengali,qwen2.5-coder:7b,শুরুর তারিখ নির্বাচন করুন,3.398
9295,Change Alias...,bn,Bengali,qwen2.5-coder:7b,লিখনো পরিবর্তন করুন...,2.82
9296,Image file format:,bn,Bengali,qwen2.5-coder:7b,ছবি ফাইল ফরম্যাট:,2.283
9297,GPX file:,bn,Bengali,qwen2.5-coder:7b,GPX ফাইল:,1.299
9298,Video support,bn,Bengali,qwen2.5-coder:7b,ভিডিও সমর্থন,1.68
9299,Language:,bn,Bengali,qwen2.5-coder:7b,ভাষা:,0.97
9300,Wander speed,bn,Bengali,qwen2.5-coder:7b,ভাগ্য সম্পদ,1.592
9301,EXR Version,bn,Bengali,qwen2.5-coder:7b,EXR প্রস্তুতি,1.807
9302,Group rid:,bn,Bengali,qwen2.5-coder:7b,গুপ্পির নাম:,1.801
9303,"Earlier on %B, %Y",bn,Bengali,qwen2.5-coder:7b,"আগে %B, %Y",1.618
9304,PS Files,bn,Bengali,qwen2.5-coder:7b,পিএস ফাইলস,1.532
9305,desktop manager,bn,Bengali,qwen2.5-coder:7b,Desktop Manager,0.674
9306,Not Chile,bn,Bengali,qwen2.5-coder:7b,চিলিতে নয়,1.642
9307,Create object,bn,Bengali,qwen2.5-coder:7b,বস্তু তৈরি করুন,2.402
9308,Diff: A< - > C,bn,Bengali,qwen2.5-coder:7b,বিপরীত: A< - > C,2.209
9309,Default List,bn,Bengali,qwen2.5-coder:7b,ডিফল্ট তালিকা,1.808
9310,Central Time - central Nunavut,bn,Bengali,qwen2.5-coder:7b,কেন্দ্র সময় - কেন্দ্র নুনাবুট,3.893
9311,Terminal execution,bn,Bengali,qwen2.5-coder:7b,টার্মিনাল অনুযায়ী চালানো,3.265
9312,Server certificate,bn,Bengali,qwen2.5-coder:7b,সার্ভার সার্টিফিকেট,2.316
9313,Rotation speed,bn,Bengali,qwen2.5-coder:7b,রূপান্তরের গতি,1.95
9314,Transference,bn,Bengali,qwen2.5-coder:7b,নিয়ন্ত্রণ,1.624
9315,& Profiles:,bn,Bengali,qwen2.5-coder:7b,& প্রোফাইলসং:,1.995
9316,Open Collection File,bn,Bengali,qwen2.5-coder:7b,কолেকশন ফাইল খোলুন,2.51
9317,Friend,bn,Bengali,qwen2.5-coder:7b,মিতি,0.805
9318,& Remove Form,bn,Bengali,qwen2.5-coder:7b,&ফর্ম সরাও,1.452
9319,File Inclusion,bn,Bengali,qwen2.5-coder:7b,ফাইল অন্তর্ভুক্তি,2.294
9320,Street address,bn,Bengali,qwen2.5-coder:7b,স্টুর্ট ঠিকানা,2.007
9321,character %1,bn,Bengali,qwen2.5-coder:7b,চ্যারাক্টার %1,1.859
9322,Ordered dithering,bn,Bengali,qwen2.5-coder:7b,অর্ডারেড ডিথারিং,2.086
9323,RIP: From & PostScript; to Raster,bn,Bengali,qwen2.5-coder:7b,RIP: ফ্রম & পোস্টস্ক্রিপ্ট; থেকে রেস্টার,4.977
9324,Roads,bn,Bengali,qwen2.5-coder:7b,রাস্তা,1.086
9325,& Advanced...,bn,Bengali,qwen2.5-coder:7b,এডভান্সড...,1.35
9326,flat,bn,Bengali,qwen2.5-coder:7b,ফ্ল্যাট,1.184
9327,Task completion,bn,Bengali,qwen2.5-coder:7b,সামাজিক কর্ম সমাপ্তি,2.387
9328,Akonadi available,bn,Bengali,qwen2.5-coder:7b,আকোনাদি উপলক্ষ্য,2.283
9329,Toner Density,bn,Bengali,qwen2.5-coder:7b,তনার আংশিকতা,1.873
9330,Resource Selection,bn,Bengali,qwen2.5-coder:7b,সমস্যা সমন্বয়,1.936
9331,Duplicates,bn,Bengali,qwen2.5-coder:7b,ডুপিকেটস,1.38
9332,& Match:,bn,Bengali,qwen2.5-coder:7b,&সংশ্লোকন:,1.699
9333,Remove component,bn,Bengali,qwen2.5-coder:7b,কম্পোনেন্ট সরাও,2.201
9334,Add widgets,bn,Bengali,qwen2.5-coder:7b,যোগাযোগ যোগ করুন,2.611
9335,L1 Instr. Fetch Miss,bn,Bengali,qwen2.5-coder:7b,L1 ইন্স্ট্রুকশন ফেচ মিস,3.158
9336,Fine Paper,bn,Bengali,qwen2.5-coder:7b,ফিন পেপার,1.368
9337,Could not open document '%1 '.,bn,Bengali,qwen2.5-coder:7b,কোনো দокумент '%1' খোলা যায়নি।,3.525
9338,MediumSpringGreen,bn,Bengali,qwen2.5-coder:7b,মধ্যম স্বপ্ন গ্রেন,2.391
9339,"Asia, South",bn,Bengali,qwen2.5-coder:7b,"আমেরিকা, দক্ষিণ",2.09
9340,Image Mime Type,bn,Bengali,qwen2.5-coder:7b,ইমেজ মাইম টাইপ,1.854
9341,Spanish (Colombia),bn,Bengali,qwen2.5-coder:7b,স্পেনী (কোলোমবিয়া),2.849
9342,& Location:,bn,Bengali,qwen2.5-coder:7b,& স্থান:,1.321
9343,Belgian Dutch (nl-be),bn,Bengali,qwen2.5-coder:7b,বেলজিয়ান ড্যান্ডিশ (nl-be),3.127
9344,KGeo figure,bn,Bengali,qwen2.5-coder:7b,কেজো আকর্ষণ,1.732
9345,Light Table Settings,bn,Bengali,qwen2.5-coder:7b,লেটেবেল সেটিংস,1.948
9346,IPTC: created,bn,Bengali,qwen2.5-coder:7b,IPTC: তৈরি,1.617
9347,& Public Only,bn,Bengali,qwen2.5-coder:7b,& সাস্পর্ধা করুন,2.312
9348,Backup Success,bn,Bengali,qwen2.5-coder:7b,ব্যাকআপ সফল,1.585
9349,Height,bn,Bengali,qwen2.5-coder:7b,উচ্চতা,1.026
9350,Tropic of Capricorn,bn,Bengali,qwen2.5-coder:7b,কর্পোন ধর্ম,1.879
9351,(recovered),bn,Bengali,qwen2.5-coder:7b,(পুনরুদ্ধারিত),2.127
9352,performance monitor,bn,Bengali,qwen2.5-coder:7b,মোকাবলা সন্ধানকারী,2.59
9353,inertia variance,bn,Bengali,qwen2.5-coder:7b,ইনেরশন অন্তর্ভুক্তি,2.571
9354,¥(#165;) Yen sign,bn,Bengali,qwen2.5-coder:7b,¥(#165;) যেন সিঙ্গ,2.378
9355,Writing Mode,bn,Bengali,qwen2.5-coder:7b,আইনির প্রকার,1.7
9356,Average Score:,bn,Bengali,qwen2.5-coder:7b,মোট স্কোর:,1.726
9357,Printing Options,bn,Bengali,qwen2.5-coder:7b,প্রিন্টিং অপশনস,1.943
9358,Connection specific:: SSH,bn,Bengali,qwen2.5-coder:7b,সংযোগ সпециফিক:: SSH,2.212
9359,Type (optional),bn,Bengali,qwen2.5-coder:7b,নিবেশণ (যোগ্য নয়),2.326
9360,Version Number,bn,Bengali,qwen2.5-coder:7b,ভাবনা সংখ্যা,2.057
9361,%1: does n't exist,bn,Bengali,qwen2.5-coder:7b,%1: অসуществует,1.708
9362,Edit Document,bn,Bengali,qwen2.5-coder:7b,মনuscোডিট সম্পাদনা করুন,3.422
9363,ATMOSphere Control Center Module,bn,Bengali,qwen2.5-coder:7b,আটমোসফর নিয়ন্ত্রণ সেন্টার মডিউল,4.281
9364,Moving speed,bn,Bengali,qwen2.5-coder:7b,মুভিং স্পিড,1.896
9365,Vfs objects:,bn,Bengali,qwen2.5-coder:7b,ভ্যাস প্যারিমিটার:,2.358
9366,Attribute Settings,bn,Bengali,qwen2.5-coder:7b,অবস্থা সেটিংস,1.842
9367,Page Selection,bn,Bengali,qwen2.5-coder:7b,পেজ সিলেকশন,1.595
9368,coral,bn,Bengali,qwen2.5-coder:7b,করল,0.767
9369,Lead developer,bn,Bengali,qwen2.5-coder:7b,মূল্যায়োগ প্রকাশক,2.648
9370,disc,bn,Bengali,qwen2.5-coder:7b,ডিসক,0.827
9371,Territory Capture Game,bn,Bengali,qwen2.5-coder:7b,মানচিত্র প্রতিষ্ঠান পেত্রিয়াজন,3.906
9372,Replacement:,bn,Bengali,qwen2.5-coder:7b,নির্বাচন:,1.386
9373,Outside (O/ o),bn,Bengali,qwen2.5-coder:7b,আপনার বাসার বাইরে (বাইরে/ বাইরে),3.724
9374,Control key,bn,Bengali,qwen2.5-coder:7b,কন্ট্রোল কী,1.78
9375,ask X,bn,Bengali,qwen2.5-coder:7b,আঁকুন X,1.473
9376,Top Secret,bn,Bengali,qwen2.5-coder:7b,সাধারণ,1.056
9377,By Path,bn,Bengali,qwen2.5-coder:7b,পথে দিয়ে,1.561
9378,Code contributions,bn,Bengali,qwen2.5-coder:7b,কোড যোগ্যতা,1.836
9379,Network privacy level:,bn,Bengali,qwen2.5-coder:7b,"নেটওয়ার্ক গুল্পোশ্যুল্য:""
(Translation: ""নেটওয়ার্ক গুল্পোশ্যুল্য:"")",6.796
9380,& Check board,bn,Bengali,qwen2.5-coder:7b,এক্ষেত্র চেক করুন,2.383
9381,Brightness,bn,Bengali,qwen2.5-coder:7b,স্বরোধ,1.235
9382,To Right,bn,Bengali,qwen2.5-coder:7b,ডান,0.781
9383,US Legal (Small),bn,Bengali,qwen2.5-coder:7b,US লেগাল (ছোট),1.901
9384,MegaGradient highcolor style,bn,Bengali,qwen2.5-coder:7b,মেগাগ্রেডেন্ট উচ্চ রঙ শীল্প,3.42
9385,FIFO Overruns Rate,bn,Bengali,qwen2.5-coder:7b,FIFO অপর্যাপ্ততা দর,2.332
9386,Financial,bn,Bengali,qwen2.5-coder:7b,ফিনান্স,1.178
9387,CTags database file:,bn,Bengali,qwen2.5-coder:7b,CTags ডাটাবেজ ফাইল:,2.204
9388,Recursive:,bn,Bengali,qwen2.5-coder:7b,রিসিকোভিস্টিক:,2.289
9389,Archiving Tool,bn,Bengali,qwen2.5-coder:7b,আর্কাইভ টুল,2.167
9390,Encrypted,bn,Bengali,qwen2.5-coder:7b,এক্সেপ্রিয়েট,2.168
9391,& Profile,bn,Bengali,qwen2.5-coder:7b,& প্রোফাইল,1.529
9392,Your Username.,bn,Bengali,qwen2.5-coder:7b,আপনার উজ্জ্বলা।,2.184
9393,Progress Dialog,bn,Bengali,qwen2.5-coder:7b,গ্রাহক প্রক্রিয়া,2.331
9394,Southern,bn,Bengali,qwen2.5-coder:7b,দক্ষিণ,1.039
9395,Writing app:,bn,Bengali,qwen2.5-coder:7b,আমার লেখা অ্যাপ:,2.218
9396,Colorize & frames,bn,Bengali,qwen2.5-coder:7b,কালো করুন & ফ্রেমস,2.612
9397,Scrolling speed,bn,Bengali,qwen2.5-coder:7b,স্ক্রোল স্পিড,1.88
9398,(rows: more than %1),bn,Bengali,qwen2.5-coder:7b,(রোয়ারা: %1 এর অধিক),2.912
9399,Rate,bn,Bengali,qwen2.5-coder:7b,রেট,0.792
9400,ImagePlugin_WhiteBalance,bn,Bengali,qwen2.5-coder:7b,ইমেজ প্লাগইন সামান্য ব্যবস্থা,3.472
9401,Sound File,bn,Bengali,qwen2.5-coder:7b,শব্দ ফাইল,1.432
9402,Reserved,bn,Bengali,qwen2.5-coder:7b,অবস্থিত,1.165
9403,Atomic Number,bn,Bengali,qwen2.5-coder:7b,আтом সংখ্যা,1.525
9404,User Manager,bn,Bengali,qwen2.5-coder:7b,ব্যবহারকারী ম্যানেজার,2.626
9405,New Tape,bn,Bengali,qwen2.5-coder:7b,নতুন টেপ,1.355
9406,Initial value:,bn,Bengali,qwen2.5-coder:7b,আদিবিন্যাশ:,1.531
9407,Rename Items,bn,Bengali,qwen2.5-coder:7b,আইটেম পরিবর্তন করুন,2.538
9408,File Manager,bn,Bengali,qwen2.5-coder:7b,ফাইল ম্যানেজার,1.911
9409,(C) 2006-2009 Peter Penz,bn,Bengali,qwen2.5-coder:7b,(C) 2006-2009 পেতার পেন্জ,3.608
9410,Peter Penz,bn,Bengali,qwen2.5-coder:7b,পেটার পেন্জ,1.633
9411,Maintainer and developer,bn,Bengali,qwen2.5-coder:7b,মেন্টেনার এবং ডেভেলপার,2.867
9412,David Faure,bn,Bengali,qwen2.5-coder:7b,David Faure,0.822
9413,Developer,bn,Bengali,qwen2.5-coder:7b,ডেভেলপার,1.304
9414,Aaron J. Seigo,bn,Bengali,qwen2.5-coder:7b,আরোন জি. সি ইগো,2.323
9415,Rafael Fernández López,bn,Bengali,qwen2.5-coder:7b,রাফেল ফেরনান্ডেস লোপেস,2.922
9416,Kevin Ottens,bn,Bengali,qwen2.5-coder:7b,কেভিন ওটেনস,1.653
9417,Holger Freyther,bn,Bengali,qwen2.5-coder:7b,হলগার ফ্রেয়াথার,2.192
9418,Max Blazejak,bn,Bengali,qwen2.5-coder:7b,মাস ব্লেজেক,1.65
9419,Michael Austin,bn,Bengali,qwen2.5-coder:7b,মিচেল আস্টিন,1.661
9420,Documentation,bn,Bengali,qwen2.5-coder:7b,নথিয়াইক,1.305
9421,Document to open,bn,Bengali,qwen2.5-coder:7b,আপনি খুলতে চান দক্ষিণ দক্ষিণ দক্ষিণ দক্ষিণ দক্ষিণ দক্ষিণ দক্ষিণ দক্ষিণ দক্ষিণ দক্ষিণ দক্ষিণ দক্ষিণ,10.199
9422,Empty Trash,bn,Bengali,qwen2.5-coder:7b,মুক্তি করুন,1.782
9423,Add to Places,bn,Bengali,qwen2.5-coder:7b,ঠিক করুন,1.692
9424,Do you really want to empty the Trash? All items will be deleted.,bn,Bengali,qwen2.5-coder:7b,আপনি সত্যি বলেন বুকেটটি খালি করতে চান? সব আইটেম মুছে যাবে।,7.027
9425,Trash,bn,Bengali,qwen2.5-coder:7b,সাজানো,1.19
9426,Restore,bn,Bengali,qwen2.5-coder:7b,রিস্টোর,1.263
9427,Create New,bn,Bengali,qwen2.5-coder:7b,নতুন তৈরি করুন,2.217
9428,View Mode,bn,Bengali,qwen2.5-coder:7b,ভিউ মোড,1.288
9429,Properties,bn,Bengali,qwen2.5-coder:7b,মূল্পত্ব,1.366
9430,Paste Into Folder,bn,Bengali,qwen2.5-coder:7b,ফোল্ডারে লিপি দিন,2.522
9431,Others,bn,Bengali,qwen2.5-coder:7b,অন্যায়ী,1.518
9432,Normal,bn,Bengali,qwen2.5-coder:7b,নরম,0.738
9433,Update required,bn,Bengali,qwen2.5-coder:7b,আপডেট প্রয়োজনীয়,2.476
9434,Locally modified,bn,Bengali,qwen2.5-coder:7b,স্থানীয়ভাবে পরিবর্তিত,2.934
9435,Added,bn,Bengali,qwen2.5-coder:7b,আয়োজন করা,1.618
9436,Removed,bn,Bengali,qwen2.5-coder:7b,আঁকা হয়েছে,1.687
9437,Conflicting,bn,Bengali,qwen2.5-coder:7b,কনফলিকেট,1.242
9438,Unversioned,bn,Bengali,qwen2.5-coder:7b,অনুশীলিত নয়,2.081
9439,Version,bn,Bengali,qwen2.5-coder:7b,ভাবনা,0.957
9440,Folders,bn,Bengali,qwen2.5-coder:7b,ফোল্ডারস,1.347
9441,Small,bn,Bengali,qwen2.5-coder:7b,ছোট,0.826
9442,Medium,bn,Bengali,qwen2.5-coder:7b,মাঝারি,1.005
9443,Big,bn,Bengali,qwen2.5-coder:7b,বড়,0.838
9444,Today,bn,Bengali,qwen2.5-coder:7b,আজ,0.587
9445,Yesterday,bn,Bengali,qwen2.5-coder:7b,গতকাল,0.946
9446,%A,bn,Bengali,qwen2.5-coder:7b,%A,0.572
9447,Last Week,bn,Bengali,qwen2.5-coder:7b,গত সপ্তাহ,1.446
9448,Two Weeks Ago,bn,Bengali,qwen2.5-coder:7b,০২ দিন আগে,1.845
9449,Three Weeks Ago,bn,Bengali,qwen2.5-coder:7b,তিন সপ্তাহ আগে,1.954
9450,Earlier this Month,bn,Bengali,qwen2.5-coder:7b,আগে এই মাসে,1.716
9451,"Yesterday (%B, %Y)",bn,Bengali,qwen2.5-coder:7b,"গতকাল (%B, %Y)",1.781
9452,"%A (%B, %Y)",bn,Bengali,qwen2.5-coder:7b,"%A (%B, %Y)",1.42
9453,"Last Week (%B, %Y)",bn,Bengali,qwen2.5-coder:7b,"গত সপ্তাহ (%B, %Y)",2.272
9454,"Two Weeks Ago (%B, %Y)",bn,Bengali,qwen2.5-coder:7b,"০২ একোটা বছর আগে (%B, %Y)",3.339
9455,"Three Weeks Ago (%B, %Y)",bn,Bengali,qwen2.5-coder:7b,"তিন সপ্তাহ আগে (%B, %Y)",2.804
9456,"Earlier on %B, %Y",bn,Bengali,qwen2.5-coder:7b,"আগে %B, %Y",1.536
9457,"%B, %Y",bn,Bengali,qwen2.5-coder:7b,"%B, %Y",1.015
9458,"Read,",bn,Bengali,qwen2.5-coder:7b,"আমাদের সাথে যাও,",2.055
9459,"Write,",bn,Bengali,qwen2.5-coder:7b,"আমার নাম,",1.366
9460,"Execute,",bn,Bengali,qwen2.5-coder:7b,"এক্সিকিউট,",1.53
9461,Forbidden,bn,Bengali,qwen2.5-coder:7b,আমারা অনুমোদন নেই,2.367
9462,(User: %1) (Group: %2) (Others: %3),bn,Bengali,qwen2.5-coder:7b,(ব্যবহারকারী: %1) (গুপ্তা: %2) (অন্যায়ী: %3),5.641
9463,Unknown error.,bn,Bengali,qwen2.5-coder:7b,অজাধীন ত্রুটি।,2.131
9464,Add Comment...,bn,Bengali,qwen2.5-coder:7b,কমেন্ট যোগ করুন...,2.389
9465,Change...,bn,Bengali,qwen2.5-coder:7b,পরিবর্তন...,1.407
9466,Change Comment,bn,Bengali,qwen2.5-coder:7b,মন্দির পরিবর্তন,1.999
9467,Add Comment,bn,Bengali,qwen2.5-coder:7b,কমেন্ট যোগ করুন,2.272
9468,Changing annotations,bn,Bengali,qwen2.5-coder:7b,অনুৰোধ পরিবর্তন,2.228
9469,Configure Shown Data,bn,Bengali,qwen2.5-coder:7b,সHOW করা ডেটা সমন্বয় করুন,3.278
9470,Configure which data should be shown,bn,Bengali,qwen2.5-coder:7b,কীভাবে দেওয়া যাবে ডেটা,3.298
9471,Type,bn,Bengali,qwen2.5-coder:7b,টাইপ,0.853
9472,Size,bn,Bengali,qwen2.5-coder:7b,আকার,0.835
9473,Modified,bn,Bengali,qwen2.5-coder:7b,মুদ্রিত,1.25
9474,Owner,bn,Bengali,qwen2.5-coder:7b,মালিক,0.986
9475,Permissions,bn,Bengali,qwen2.5-coder:7b,অনুমতি,1.181
9476,Rating,bn,Bengali,qwen2.5-coder:7b,রিটেইন্গ,1.281
9477,Tags,bn,Bengali,qwen2.5-coder:7b,ট্যাগস,1.027
9478,Comment,bn,Bengali,qwen2.5-coder:7b,মন্তব্য,1.123
9479,Change Tags,bn,Bengali,qwen2.5-coder:7b,ট্যাগ পরিবর্তন,1.858
9480,Add Tags,bn,Bengali,qwen2.5-coder:7b,ট্যাগ যোগ করুন,2.14
9481,Configure which tags should be applied.,bn,Bengali,qwen2.5-coder:7b,সেট করুন যেমন ট্যাগগুলি প্রয়োগ করা হবে।,5.354
9482,Create new tag:,bn,Bengali,qwen2.5-coder:7b,নতুন ট্যাগ তৈরি করুন:,2.873
9483,Delete tag,bn,Bengali,qwen2.5-coder:7b,ট্যাগ মুছে দিন,2.057
9484,Should the tag %1 really be deleted for all files?,bn,Bengali,qwen2.5-coder:7b,আপনি সত্যি %1 এই ট্যাগটি সব ফাইলের জন্য মুছে দেওয়া যায় কি?,7.191
9485,Delete,bn,Bengali,qwen2.5-coder:7b,মুছে দিন,1.424
9486,Cancel,bn,Bengali,qwen2.5-coder:7b,বাতিল,0.96
9487,Add Tags...,bn,Bengali,qwen2.5-coder:7b,ট্যাগ যোগ করুন...,2.24
9488,Width x Height:,bn,Bengali,qwen2.5-coder:7b,আকার x উচ্চতা:,1.873
9489,Size:,bn,Bengali,qwen2.5-coder:7b,আকার:,0.947
9490,Folder,bn,Bengali,qwen2.5-coder:7b,ফোল্ডার,1.255
9491,Total Size:,bn,Bengali,qwen2.5-coder:7b,মোট আকার:,1.494
9492,Type:,bn,Bengali,qwen2.5-coder:7b,আপনি লিখুন:,1.676
9493,Modified:,bn,Bengali,qwen2.5-coder:7b,মুল্যাংশ পরিবর্তিত:,2.519
9494,Owner:,bn,Bengali,qwen2.5-coder:7b,মালিক:,1.08
9495,Permissions:,bn,Bengali,qwen2.5-coder:7b,অনুমতিঃ:,1.361
9496,Rating:,bn,Bengali,qwen2.5-coder:7b,রিটেইন্গ:,1.347
9497,Tags:,bn,Bengali,qwen2.5-coder:7b,ট্যাগসংশ্লেষণ:,2.05
9498,Comment:,bn,Bengali,qwen2.5-coder:7b,কমেন্ট:,1.188
9499,Preview,bn,Bengali,qwen2.5-coder:7b,প্রোভাইভ,1.424
9500,Configure...,bn,Bengali,qwen2.5-coder:7b,সমন্বয় করুন...,1.939
9501,Configure which data should be shown in the Information Panel.,bn,Bengali,qwen2.5-coder:7b,মূল্যাংশ কীভাবে প্রদত্যান করা হবে যা তথ্য বর্গে দেখাতে পারে?,7.255
9502,play,bn,Bengali,qwen2.5-coder:7b,প্লে করুন,1.468
9503,stop,bn,Bengali,qwen2.5-coder:7b,বন্ধ করুন,1.489
9504,Cut,bn,Bengali,qwen2.5-coder:7b,কাট,0.749
9505,Copy,bn,Bengali,qwen2.5-coder:7b,কপি,0.745
9506,Paste,bn,Bengali,qwen2.5-coder:7b,পেস্ট,0.937
9507,Rename...,bn,Bengali,qwen2.5-coder:7b,নাম পরিবর্তন...,1.713
9508,Move to Trash,bn,Bengali,qwen2.5-coder:7b,মুছে দিন,1.435
9509,Show Hidden Files,bn,Bengali,qwen2.5-coder:7b,গুলো দেখাও,2.021
9510,& Edit File Type...,bn,Bengali,qwen2.5-coder:7b,& ফাইল টাইপ সম্পাদনা...,2.701
9511,Select Items Matching...,bn,Bengali,qwen2.5-coder:7b,"নির্বাচন করুন যা সম্পর্কে...""
(Translation: ""Select items related to..."")",4.338
9512,Unselect Items Matching...,bn,Bengali,qwen2.5-coder:7b,নির্বাচিত আইটেমগুলি অন্তিরোধ করুন...,4.493
9513,Unselect All,bn,Bengali,qwen2.5-coder:7b,সব অন্তর্ভুক্তি অন্তির্বেশ করুন,3.826
9514,Invert Selection,bn,Bengali,qwen2.5-coder:7b,সিলেকশন বিপরীত করুন,2.653
9515,Applications,bn,Bengali,qwen2.5-coder:7b,আ플িকেশনসমূহ,1.631
9516,& Network Folders,bn,Bengali,qwen2.5-coder:7b,& নেটওয়ার্ক ফোল্ডারস,2.915
9517,Settings,bn,Bengali,qwen2.5-coder:7b,সেটিংস,1.095
9518,Autostart,bn,Bengali,qwen2.5-coder:7b,অটো শুরু,1.603
9519,Open & Terminal,bn,Bengali,qwen2.5-coder:7b,টার্মিনাল খোলুন,2.511
9520,Dolphin Part,bn,Bengali,qwen2.5-coder:7b,ডল্পিন অংশ,1.927
9521,Select,bn,Bengali,qwen2.5-coder:7b,নির্বাচন করুন,1.891
9522,Select all items matching this pattern:,bn,Bengali,qwen2.5-coder:7b,এই প্যাট্রনের সাথে সমস্ত আইটেম সিলেক্ট করুন:,5.221
9523,Unselect,bn,Bengali,qwen2.5-coder:7b,আনুন্নিয়ে নেকি,2.243
9524,Unselect all items matching this pattern:,bn,Bengali,qwen2.5-coder:7b,এই প্যাট্রনের সমস্ত আইটেমগুলি অন্তিরিক্ষ করুন:,5.521
9525,& Edit,bn,Bengali,qwen2.5-coder:7b,এডিট,0.875
9526,Selection,bn,Bengali,qwen2.5-coder:7b,নির্বাচন,1.306
9527,& View,bn,Bengali,qwen2.5-coder:7b,&প্রদর্শন,1.469
9528,Sort By,bn,Bengali,qwen2.5-coder:7b,সор্ট করুন,1.56
9529,Additional Information,bn,Bengali,qwen2.5-coder:7b,আরো জানাইতে পারো,2.356
9530,& Go,bn,Bengali,qwen2.5-coder:7b,& যাও,1.013
9531,Tools,bn,Bengali,qwen2.5-coder:7b,ইнструমেন্টস,1.32
9532,Dolphin Toolbar,bn,Bengali,qwen2.5-coder:7b,ডল্পিন টুলবার,2.018
9533,Panels,bn,Bengali,qwen2.5-coder:7b,প্যানেলস,1.301
9534,Location Bar,bn,Bengali,qwen2.5-coder:7b,অবস্থা বাদুনী,1.969
9535,Main Toolbar,bn,Bengali,qwen2.5-coder:7b,মূল্যাংশ টুলবার,2.255
9536,Search Toolbar,bn,Bengali,qwen2.5-coder:7b,অনুসন্ধান টুলবার,2.36
9537,Your names,bn,Bengali,qwen2.5-coder:7b,আপার নাম,1.331
9538,Your emails,bn,Bengali,qwen2.5-coder:7b,আপনার ইমেইলসমূহ,2.032
9539,Show preview,bn,Bengali,qwen2.5-coder:7b,প্রевিয়ার দেখাও,2.222
9540,Show hidden files,bn,Bengali,qwen2.5-coder:7b,গুলো দেখাও,1.985
9541,Location,bn,Bengali,qwen2.5-coder:7b,অবস্থা,1.082
9542,What,bn,Bengali,qwen2.5-coder:7b,কীভাবে,1.162
9543,Criteria,bn,Bengali,qwen2.5-coder:7b,কритারিয়া,1.406
9544,"When this option is enabled hidden files, such as those starting with a '.', will be shown in the file view.",bn,Bengali,qwen2.5-coder:7b,"এই বিকল্পটি সক্ষম হলে, এমন ফাইলগুলি দেখা যাবে যা একটি '.' সাথে শুরু হয়েছে, যেমন এমন ফাইলগুলি যা ন",11.03
9545,"This option controls the style of the view. Currently supported values include icons (0), details (1) and column (2) views.",bn,Bengali,qwen2.5-coder:7b,"এই বিকল্পটি দেখার প্রকৃতির নিয়ন্ত্রণ করে। এখন পরিবর্তিত মানগুলি ইকনসমূহ (0), বিস্তারিত (1) এবং ব",8.743
9546,"When this option is enabled, a preview of the file content is shown as an icon.",bn,Bengali,qwen2.5-coder:7b,"এই বিকল্পটি সক্ষম হলে, ফাইলের অংশগুলির একটি প্রевিয়ার ইকন দেখায়।",7.972
9547,Categorized Sorting,bn,Bengali,qwen2.5-coder:7b,ক্যাটাগরিত সор্টিং,2.246
9548,"When this option is enabled, the sorted items are summarized by their category.",bn,Bengali,qwen2.5-coder:7b,"এই বিকল্পটি সক্ষম হলে, সор্ট করা আইটেমগুলি তাদের বিভাগে সারাধারিত হয়।",8.255
9549,Sort files by,bn,Bengali,qwen2.5-coder:7b,ফাইলগুলো সাজানো যাও,2.903
9550,"This option defines which attribute (name, size, date, etc.) sorting is performed on.",bn,Bengali,qwen2.5-coder:7b,"এই বিকল্পটি কীভাবে সор্টিং সংরক্ষণ করা হবে (নাম, আকার, তারিখ, ইত্যাদি)।",8.354
9551,Order in which to sort files,bn,Bengali,qwen2.5-coder:7b,ফাইলগুলির সор্ট করার আর্থিক সিরিসি,4.141
9552,Show folders first when sorting files and folders,bn,Bengali,qwen2.5-coder:7b,ফাইল এবং ফোল্ডার সор্ট করার সময় ফোল্ডারগুলো প্রথমে দেখাই,7.177
9553,Additional information,bn,Bengali,qwen2.5-coder:7b,আরো জানাইবে,1.767
9554,Properties last changed,bn,Bengali,qwen2.5-coder:7b,সূচনা অপরিবর্তিত হয়েছে,3.096
9555,The last time these properties were changed by the user.,bn,Bengali,qwen2.5-coder:7b,সবার মাঝে যেখানি ব্যবহারকারী এই বৈশিষ্ট্যগুলি পরিবর্তন করেছিলেন।,7.742
9556,Font family,bn,Bengali,qwen2.5-coder:7b,ফন প্রতিযোগী,1.963
9557,Use system font,bn,Bengali,qwen2.5-coder:7b,সистем লিপি ব্যবহার করুন,2.703
9558,Font size,bn,Bengali,qwen2.5-coder:7b,ফন্ট আকার,1.458
9559,Italic,bn,Bengali,qwen2.5-coder:7b,আমেরিকানি,1.377
9560,Font weight,bn,Bengali,qwen2.5-coder:7b,ফন্ট বেগ্রেড,1.658
9561,Icon size,bn,Bengali,qwen2.5-coder:7b,আইকন আকার,1.353
9562,Preview size,bn,Bengali,qwen2.5-coder:7b,প্রোভাইভ আকার,1.869
9563,Expandable folders,bn,Bengali,qwen2.5-coder:7b,সম্প্রসারী ফোল্ডার,2.577
9564,Position of columns,bn,Bengali,qwen2.5-coder:7b,কолোমগুলির স্থান,2.302
9565,Disabled plugins,bn,Bengali,qwen2.5-coder:7b,নিষ্ক্রিয়ামিত প্লাগইনসমূহ,3.39
9566,Arrangement,bn,Bengali,qwen2.5-coder:7b,অনুষ্ঠান,1.428
9567,Item height,bn,Bengali,qwen2.5-coder:7b,আইটেম আকার,1.52
9568,Item width,bn,Bengali,qwen2.5-coder:7b,আইটেম প্রস্থ,1.657
9569,Grid spacing,bn,Bengali,qwen2.5-coder:7b,গ্রিড স্পেসিং,1.821
9570,Number of textlines,bn,Bengali,qwen2.5-coder:7b,নির্দেশিত লাইনসংখ্যা,2.735
9571,Column width,bn,Bengali,qwen2.5-coder:7b,কলোমের প্রস্থ,1.971
9572,Should the URL be editable for the user,bn,Bengali,qwen2.5-coder:7b,ইউআই ব্যবহারকারীর জন্য সম্পাদনা করা যাবে না?,5.324
9573,Text completion mode of the URL Navigator,bn,Bengali,qwen2.5-coder:7b,URL নেভিগেটরের টেক্সট সম্পূর্ণ মোড,4.163
9574,Should the full path be shown inside the location bar,bn,Bengali,qwen2.5-coder:7b,আপনি সম্পূর্ণ পথ অবস্থান বাম বাক্যাংশে দেখাতে চান?,6.044
9575,Is the application started the first time,bn,Bengali,qwen2.5-coder:7b,আবার অ্যাপ্লিকেশন চালানো হয়েছে কি?,4.45
9576,Home URL,bn,Bengali,qwen2.5-coder:7b,হোম আইউআই,1.567
9577,Split the view into two panes,bn,Bengali,qwen2.5-coder:7b,দৃষ্টি দুইটি পানে ভাগ দিন,3.614
9578,Should the filter bar be shown,bn,Bengali,qwen2.5-coder:7b,ফিল্টার বার দেখাতে চান?,3.043
9579,Should the view properties be used for all directories,bn,Bengali,qwen2.5-coder:7b,আপনি সব দিরেকটরির জন্য দৃশ্য বৈশিষ্ট্যগুলি ব্যবহার করতে চান?,7.135
9580,Browse through archives,bn,Bengali,qwen2.5-coder:7b,আর্কাইভগুলি দেখাও,2.422
9581,Ask for confirmation when closing windows with multiple tabs.,bn,Bengali,qwen2.5-coder:7b,মূল্যায়ন প্রয়োজন করুন যখন বিভিন্ন ট্যাব থাকা জানসাঠি জanelা বন্ধ করা হয়।,8.935
9582,Rename inline,bn,Bengali,qwen2.5-coder:7b,ইনলাইন পরিবর্তন করুন,2.652
9583,Show selection toggle,bn,Bengali,qwen2.5-coder:7b,নির্বাচন বন্ধুকার দেখাও,3.033
9584,Show tooltips,bn,Bengali,qwen2.5-coder:7b,টুলিপ দেখাও,1.932
9585,Show'Copy To 'and'Move To' commands in context menu,bn,Bengali,qwen2.5-coder:7b,কонтেক্স মেনুতে 'কপি করুন' এবং 'এগের করুন' কমান্ড দেখাও,6.793
9586,Timestamp since when the view properties are valid,bn,Bengali,qwen2.5-coder:7b,মোটামোট সময় যখন দেখার বৈশিষ্ট্য সঠিক ছিল,5.718
9587,Use auto-expanding folders for all view types,bn,Bengali,qwen2.5-coder:7b,সব দেখানোর ধরণের জন্য অটো-বিস্তারিত ফোল্ডার ব্যবহার করুন,7.064
9588,Show zoom slider in the statusbar,bn,Bengali,qwen2.5-coder:7b,স্টাটাস বারে জোম স্লাইডার দেখাও,4.212
9589,Show the space information in the statusbar,bn,Bengali,qwen2.5-coder:7b,স্থায়ী তথ্যটি স্থায়ী বামোলে দেখাও,4.848
9590,Successfully copied.,bn,Bengali,qwen2.5-coder:7b,সফলভাবে কপি করা হয়েছে।,2.981
9591,Successfully moved.,bn,Bengali,qwen2.5-coder:7b,সফলভাবে আনতে পারেছেন।,2.621
9592,Successfully linked.,bn,Bengali,qwen2.5-coder:7b,সফলভাবে সংযুক্তি করা হয়েছে।,3.678
9593,Successfully moved to trash.,bn,Bengali,qwen2.5-coder:7b,সফলভাবে ধাঁধারায় নিয়ে গেছে।,3.709
9594,Successfully renamed.,bn,Bengali,qwen2.5-coder:7b,সফলভাবে নাম পরিবর্তন করা হয়েছে।,3.843
9595,Created folder.,bn,Bengali,qwen2.5-coder:7b,ফোল্ডার তৈরি করা হয়েছে।,3.157
9596,Go back,bn,Bengali,qwen2.5-coder:7b,ফিরে যাও,1.298
9597,Go forward,bn,Bengali,qwen2.5-coder:7b,পরে যাও,1.146
9598,Confirmation,bn,Bengali,qwen2.5-coder:7b,অনুমোদন,1.358
9599,Close Current Tab,bn,Bengali,qwen2.5-coder:7b,বর্তমান টাব বন্ধ করুন,2.757
9600,"You have multiple tabs open in this window, are you sure you want to quit?",bn,Bengali,qwen2.5-coder:7b,"আপনি এই জanelaতে বিভিন্ন টেবিল খোলেছেন, আপনি কি নিশ্চিত আপনি বন্ধ করতে চান?",8.481
9601,Do not ask again,bn,Bengali,qwen2.5-coder:7b,আবার প্রশ্ন করবেন না,2.615
9602,New Tab,bn,Bengali,qwen2.5-coder:7b,নতুন টাব,1.441
9603,Close Other Tabs,bn,Bengali,qwen2.5-coder:7b,অন্যান্য ট্যাব বন্ধ করুন,3.099
9604,Close Tab,bn,Bengali,qwen2.5-coder:7b,টাব বন্ধ করুন,1.843
9605,New & Window,bn,Bengali,qwen2.5-coder:7b,নতুন & জanela,1.469
9606,Select All,bn,Bengali,qwen2.5-coder:7b,সব সিলেক্ট করুন,2.158
9607,Stop,bn,Bengali,qwen2.5-coder:7b,বন্ধ করুন,1.49
9608,Stop loading,bn,Bengali,qwen2.5-coder:7b,বন্ধ করুন,1.515
9609,Editable Location,bn,Bengali,qwen2.5-coder:7b,সম্পাদনা স্থান,1.943
9610,Replace Location,bn,Bengali,qwen2.5-coder:7b,অবস্থান পরিবর্তন করুন,2.762
9611,Recently Closed Tabs,bn,Bengali,qwen2.5-coder:7b,নিয়ে বন্ধ হয়েছেন টেবিলেট,3.421
9612,Show Search Bar,bn,Bengali,qwen2.5-coder:7b,খুঁজুন বাড়ি,2.266
9613,Show Filter Bar,bn,Bengali,qwen2.5-coder:7b,ফিল্টার বার দেখাও,2.271
9614,Compare Files,bn,Bengali,qwen2.5-coder:7b,ফাইল তুলনা করুন,2.134
9615,Open Terminal,bn,Bengali,qwen2.5-coder:7b,টার্মিনাল খোলুন,2.271
9616,Activate Next Tab,bn,Bengali,qwen2.5-coder:7b,পরবর্তী ট্যাব সক্রিয়া করুন,3.645
9617,Activate Previous Tab,bn,Bengali,qwen2.5-coder:7b,পূর্বের ট্যাব সক্রিয়া করুন,3.592
9618,Open in New Tab,bn,Bengali,qwen2.5-coder:7b,নতুন ট্যাবে খোলুন,2.718
9619,Open in New Window,bn,Bengali,qwen2.5-coder:7b,নতুন জান্তুতে খোলুন,2.854
9620,Search Bar,bn,Bengali,qwen2.5-coder:7b,অনুসন্ধান বাক্য,2.14
9621,Information,bn,Bengali,qwen2.5-coder:7b,ইনফরমেশন,1.318
9622,Terminal,bn,Bengali,qwen2.5-coder:7b,টার্মিনাল,1.391
9623,Places,bn,Bengali,qwen2.5-coder:7b,স্থানাংশ,1.276
9624,Close,bn,Bengali,qwen2.5-coder:7b,বন্ধ করুন,1.525
9625,Close right view,bn,Bengali,qwen2.5-coder:7b,ডান দিকের ব্যায়োগ বন্ধ করুন,3.677
9626,Close left view,bn,Bengali,qwen2.5-coder:7b,বাম দিকের রূপন্ধরা বন্ধ করুন,3.634
9627,Split,bn,Bengali,qwen2.5-coder:7b,ভাগ করুন,1.344
9628,Split view,bn,Bengali,qwen2.5-coder:7b,ভাগ দেখা,1.246
9629,Tag,bn,Bengali,qwen2.5-coder:7b,ট্যাগ,0.981
9630,Search...,bn,Bengali,qwen2.5-coder:7b,অনুসন্ধান...,1.521
9631,Everywhere,bn,Bengali,qwen2.5-coder:7b,সমস্ত,0.967
9632,From Here,bn,Bengali,qwen2.5-coder:7b,এই থেকে,1.252
9633,All,bn,Bengali,qwen2.5-coder:7b,সব,0.636
9634,Images,bn,Bengali,qwen2.5-coder:7b,ছবি,0.752
9635,Text,bn,Bengali,qwen2.5-coder:7b,টেক্সট,1.111
9636,Filenames,bn,Bengali,qwen2.5-coder:7b,ফাইলের নাম,1.465
9637,Search:,bn,Bengali,qwen2.5-coder:7b,অনুসন্ধান:,1.601
9638,What:,bn,Bengali,qwen2.5-coder:7b,কীভাবে?,1.242
9639,Add search option,bn,Bengali,qwen2.5-coder:7b,অনুসন্ধান অপশন যোগ করুন,3.064
9640,Search,bn,Bengali,qwen2.5-coder:7b,অনুসন্ধান,1.405
9641,Start searching,bn,Bengali,qwen2.5-coder:7b,খুঁজুন শুরু করুন,2.574
9642,Save,bn,Bengali,qwen2.5-coder:7b,সেভা,0.794
9643,Save search options,bn,Bengali,qwen2.5-coder:7b,সার্চ অপশন সংরক্ষণ,2.245
9644,Close search options,bn,Bengali,qwen2.5-coder:7b,নুন্ন অনুসন্ধান অপশন বন্ধ করুন,3.006
9645,Name:,bn,Bengali,qwen2.5-coder:7b,নাম:,0.719
9646,Save Search Options,bn,Bengali,qwen2.5-coder:7b,সার্চ অপশন সংরক্ষণ,2.226
9647,Remove search option,bn,Bengali,qwen2.5-coder:7b,অনুসন্ধান অপশন অপসারণ করুন,3.396
9648,Greater Than,bn,Bengali,qwen2.5-coder:7b,বড় থেকে,1.568
9649,Greater Than or Equal to,bn,Bengali,qwen2.5-coder:7b,বড় বা সমান,1.81
9650,Less Than,bn,Bengali,qwen2.5-coder:7b,মানে ছিলেন,1.384
9651,Less Than or Equal to,bn,Bengali,qwen2.5-coder:7b,মানে বা কমপানি,2.012
9652,Anytime,bn,Bengali,qwen2.5-coder:7b,সময় অনুযায়ী,2.078
9653,This Week,bn,Bengali,qwen2.5-coder:7b,এই সপ্তাহ,1.364
9654,This Month,bn,Bengali,qwen2.5-coder:7b,এই মাস,1.001
9655,This Year,bn,Bengali,qwen2.5-coder:7b,এই বছর,0.967
9656,Date:,bn,Bengali,qwen2.5-coder:7b,তারিখ:,0.968
9657,Any,bn,Bengali,qwen2.5-coder:7b,কোনো,1.02
9658,Equal to,bn,Bengali,qwen2.5-coder:7b,সমান,0.857
9659,Not Equal to,bn,Bengali,qwen2.5-coder:7b,নয়েটিভেক্স,1.652
9660,Tag:,bn,Bengali,qwen2.5-coder:7b,ট্যাগ:,1.02
9661,No Tags Available,bn,Bengali,qwen2.5-coder:7b,কোনো ট্যাগ উপলোক্ষণ করা যাচ্ছে,3.819
9662,Byte,bn,Bengali,qwen2.5-coder:7b,বাইট,0.85
9663,KByte,bn,Bengali,qwen2.5-coder:7b,কিবি,0.892
9664,MByte,bn,Bengali,qwen2.5-coder:7b,মিটাবাইট,1.305
9665,GByte,bn,Bengali,qwen2.5-coder:7b,GB,0.53
9666,Deselect Item,bn,Bengali,qwen2.5-coder:7b,আইটেম অন্তির্বেশ করুন,2.567
9667,Select Item,bn,Bengali,qwen2.5-coder:7b,আইটেম নির্বাচন করুন,2.457
9668,Icon Size,bn,Bengali,qwen2.5-coder:7b,আইকন আকার,1.355
9669,Default:,bn,Bengali,qwen2.5-coder:7b,ডিফল্ট:,1.169
9670,Preview:,bn,Bengali,qwen2.5-coder:7b,প্রোভাইভ:,1.436
9671,Show zoom slider,bn,Bengali,qwen2.5-coder:7b,বুঝানো স্লাইডার,2.409
9672,Show space information,bn,Bengali,qwen2.5-coder:7b,স্পেস তথ্য দেখাও,2.063
9673,System Font,bn,Bengali,qwen2.5-coder:7b,সিস্টেম ফন্ট,1.6
9674,Custom Font,bn,Bengali,qwen2.5-coder:7b,ব্যবহারকর্তা পছন্দে ফন্ট,2.705
9675,Choose...,bn,Bengali,qwen2.5-coder:7b,নির্বাচন করুন...,1.919
9676,Configure which services should be shown in the context menu.,bn,Bengali,qwen2.5-coder:7b,কনফিগার যে কোনো সেবা কন텍্স্ট মেনুতে দেখাতে হবে।,5.835
9677,Download New Services...,bn,Bengali,qwen2.5-coder:7b,নতুন সেবা ডাউনলোড করুন...,3.173
9678,Status Bar,bn,Bengali,qwen2.5-coder:7b,স্ট্যাটাস বার,1.791
9679,Show previews for:,bn,Bengali,qwen2.5-coder:7b,প্রéviews দেখাওন জন্য:,2.42
9680,Maximum file size:,bn,Bengali,qwen2.5-coder:7b,মаксিমাম ফাইল আকার:,2.275
9681,Use thumbnails embedded in files,bn,Bengali,qwen2.5-coder:7b,ফাইলে অন্তর্ভুক্ত থিউম্নেইল ব্যবহার করুন,4.816
9682,Applying View Properties,bn,Bengali,qwen2.5-coder:7b,ভিউ বৈশিষ্ট্য প্রয়োগ করা,3.354
9683,Counting folders: %1,bn,Bengali,qwen2.5-coder:7b,ফোল্ডার গণনা: %1,2.229
9684,Folders: %1,bn,Bengali,qwen2.5-coder:7b,ফোল্ডার: %1,1.68
9685,Font:,bn,Bengali,qwen2.5-coder:7b,ফন্ট:,0.888
9686,Text width:,bn,Bengali,qwen2.5-coder:7b,টেক্সট প্রস্থান:,2.093
9687,Large,bn,Bengali,qwen2.5-coder:7b,বড়,0.807
9688,Huge,bn,Bengali,qwen2.5-coder:7b,হৃদয়,1.117
9689,Number of lines:,bn,Bengali,qwen2.5-coder:7b,লাইন সংখ্যা:,1.764
9690,Grid,bn,Bengali,qwen2.5-coder:7b,গ্রিড,0.905
9691,Arrangement:,bn,Bengali,qwen2.5-coder:7b,অনুষ্ঠান:,1.51
9692,Rows,bn,Bengali,qwen2.5-coder:7b,রোয়াস্টি,1.518
9693,Grid spacing:,bn,Bengali,qwen2.5-coder:7b,গ্রিড স্পেসিং:,1.873
9694,Dolphin Preferences,bn,Bengali,qwen2.5-coder:7b,ডল্পিন সেটিংস,1.775
9695,Startup,bn,Bengali,qwen2.5-coder:7b,অনুস্থান,1.307
9696,View Modes,bn,Bengali,qwen2.5-coder:7b,ভিউ মোডস,1.331
9697,Navigation,bn,Bengali,qwen2.5-coder:7b,নভিগেশণ,1.096
9698,Services,bn,Bengali,qwen2.5-coder:7b,সেবা,0.816
9699,General,bn,Bengali,qwen2.5-coder:7b,সাধারণ,0.971
9700,Mouse,bn,Bengali,qwen2.5-coder:7b,মাউস,0.794
9701,Single-click to open files and folders,bn,Bengali,qwen2.5-coder:7b,এক বারে ক্লিক করে ফাইল এবং ফোল্ডার খোলুন,5.019
9702,Double-click to open files and folders,bn,Bengali,qwen2.5-coder:7b,ফাইল এবং ফোল্ডার খোলতে দবাও,3.701
9703,Open archives as folder,bn,Bengali,qwen2.5-coder:7b,আর্কাইভ কম্পাস হিসেবে খোলো,3.411
9704,Open folders during drag operations,bn,Bengali,qwen2.5-coder:7b,ড্রッグ অপারেশনে ফোল্ডার খোলুন,3.787
9705,Home Folder,bn,Bengali,qwen2.5-coder:7b,হোম ফোল্ডার,1.787
9706,Location:,bn,Bengali,qwen2.5-coder:7b,অবস্থা:,1.137
9707,Use Current Location,bn,Bengali,qwen2.5-coder:7b,এখনো স্থান ব্যবহার করুন,3.066
9708,Use Default Location,bn,Bengali,qwen2.5-coder:7b,ডিফল্ট স্থান ব্যবহার করুন,3.153
9709,Split view mode,bn,Bengali,qwen2.5-coder:7b,ভাগ দেখার অর্থ,1.936
9710,Editable location bar,bn,Bengali,qwen2.5-coder:7b,সম্পাদনা করা স্থানাঙ্ক বাদুন,3.516
9711,Show full path inside location bar,bn,Bengali,qwen2.5-coder:7b,অবস্থান বাদোত্তয়ার ভিত্তিতে সম্পূর্ণ পথ দেখাও,5.584
9712,Show filter bar,bn,Bengali,qwen2.5-coder:7b,ফিল্টার বার দেখাও,2.136
9713,"The location for the home folder is invalid or does not exist, it will not be applied.",bn,Bengali,qwen2.5-coder:7b,"হোম ফোল্ডারের স্থান অমূল্য বা অস্থায়ী, তাই প্রয়োগ না হবে।",7.77
9714,Show'Delete 'command,bn,Bengali,qwen2.5-coder:7b,দেখাও 'মুছে দিন' কমান্ড,3.087
9715,Show'Copy To 'and'Move To' commands,bn,Bengali,qwen2.5-coder:7b,কপি করুন এবং আনুমোদ করুন,3.781
9716,View Properties,bn,Bengali,qwen2.5-coder:7b,প্রপার্টি দেখুন,2.108
9717,Remember view properties for each folder,bn,Bengali,qwen2.5-coder:7b,মোটা ফোল্ডারের সব দেখার বৈশিষ্ট্য মনে রাখুন,5.276
9718,Use common view properties for all folders,bn,Bengali,qwen2.5-coder:7b,সব ফোল্ডারের সাধারণ দৃশ্য বৈশিষ্ট্যগুলি ব্যবহার করুন,6.322
9719,Ask For Confirmation When,bn,Bengali,qwen2.5-coder:7b,নিশ্চিত করণের জন্য অনুরোধ করুন,4.089
9720,Moving files or folders to trash,bn,Bengali,qwen2.5-coder:7b,ফাইল বা ফোল্ডার ট্রাস্হ এ আনা,3.689
9721,Deleting files or folders,bn,Bengali,qwen2.5-coder:7b,ফাইল বা ফোল্ডার মুছে বের করা,3.575
9722,Closing windows with multiple tabs,bn,Bengali,qwen2.5-coder:7b,মূল্যাংশগুলি সহায়ে জanelা বন্ধ করা,4.339
9723,Show selection marker,bn,Bengali,qwen2.5-coder:7b,নির্বাচন অंশটি দেখাও,2.465
9724,Natural sorting of items,bn,Bengali,qwen2.5-coder:7b,আইটেমগুলির স্বাভাবিক সор্টিং,3.371
9725,Configure which data should be shown in the tooltip.,bn,Bengali,qwen2.5-coder:7b,সম্পর্কিত ডেটা কীভাবে দেখাতে হবে তুলনামূলক পাইপলাইনে?,6.432
9726,View mode:,bn,Bengali,qwen2.5-coder:7b,ভিউ মোড়:,1.585
9727,Sorting:,bn,Bengali,qwen2.5-coder:7b,সор্টিং:,1.105
9728,Ascending,bn,Bengali,qwen2.5-coder:7b,আমি উপর যাওয়া থাকি,2.31
9729,Descending,bn,Bengali,qwen2.5-coder:7b,প্রাথমিক,1.188
9730,By Name,bn,Bengali,qwen2.5-coder:7b,নামে,0.82
9731,By Size,bn,Bengali,qwen2.5-coder:7b,আকার দ্বারা,1.691
9732,By Date,bn,Bengali,qwen2.5-coder:7b,তারিখে দ্বারা,1.774
9733,By Permissions,bn,Bengali,qwen2.5-coder:7b,অনুমতিগত,1.326
9734,By Owner,bn,Bengali,qwen2.5-coder:7b,মালিকের দ্বারা,1.814
9735,By Group,bn,Bengali,qwen2.5-coder:7b,গ্রুপ দ্বারা,1.768
9736,By Type,bn,Bengali,qwen2.5-coder:7b,ধর্মে göre,0.997
9737,Show folders first,bn,Bengali,qwen2.5-coder:7b,ফোল্ডারগুলি প্রথমে দেখাইए,3.084
9738,Show in groups,bn,Bengali,qwen2.5-coder:7b,গুপ্পিতে দেখাও,2.002
9739,Apply View Properties To,bn,Bengali,qwen2.5-coder:7b,ভিউ বৈশিষ্ট্যগুলি প্রযোগ করুন,3.901
9740,Current folder,bn,Bengali,qwen2.5-coder:7b,এখনি ফোল্ডার,1.725
9741,Current folder including all sub folders,bn,Bengali,qwen2.5-coder:7b,এই ফোল্ডার সহ সব উপ-ফোল্ডারগুলি,3.991
9742,All folders,bn,Bengali,qwen2.5-coder:7b,সব ফোল্ডার,1.594
9743,Use as default for new folders,bn,Bengali,qwen2.5-coder:7b,নতুন ফোল্ডারগুলির জন্য প্রেরিত হয়ে থাকো,5.224
9744,The view properties of all sub folders will be changed. Do you want to continue?,bn,Bengali,qwen2.5-coder:7b,আসসম্পূর্ণ উপমূলক ফোল্ডারগুলির দৃশ্য বৈশিষ্ট্যগুলি পরিবর্তিত হবে। আপনি চাইলে চালানো চান?,10.687
9745,The view properties of all folders will be changed. Do you want to continue?,bn,Bengali,qwen2.5-coder:7b,আমাদের সমস্ত ফোল্ডারের দৃশ্য বৈশিষ্ট্যগুলি পরিবর্তিত হবে। আপনি চাইলে চালানো চান?,9.305
9746,Date,bn,Bengali,qwen2.5-coder:7b,তারিখ,0.949
9747,Group,bn,Bengali,qwen2.5-coder:7b,গুপ্তা,1.138
9748,Unknown size,bn,Bengali,qwen2.5-coder:7b,অজানা আকার,1.469
9749,%1 free,bn,Bengali,qwen2.5-coder:7b,%1 মূল্যায়িক স্বাগত,2.659
9750,Create Folder...,bn,Bengali,qwen2.5-coder:7b,ফোল্ডার তৈরি করুন...,2.537
9751,Delete (using shortcut for Trash),bn,Bengali,qwen2.5-coder:7b,মুছে দিন (সাহায্য করার জন্য সামাজ),4.156
9752,Show preview of files and folders,bn,Bengali,qwen2.5-coder:7b,ফাইল এবং ফোল্ডারের প্রিভিয়ার দেখাও,4.516
9753,Folders First,bn,Bengali,qwen2.5-coder:7b,ফোল্ডারগুলো প্রথম,2.443
9754,Show in Groups,bn,Bengali,qwen2.5-coder:7b,গুপ্পিতে দেখাও,2.018
9755,Adjust View Properties...,bn,Bengali,qwen2.5-coder:7b,প্রতিবিম্বিতির বৈশিষ্ট্য সম্পাদনা...,4.168
9756,Find File...,bn,Bengali,qwen2.5-coder:7b,ফাইল খুঁজুন...,2.003
9757,Name,bn,Bengali,qwen2.5-coder:7b,নাম,0.701
9758,Icons view mode,bn,Bengali,qwen2.5-coder:7b,আইকন দৃষ্টিমূল্যাংশ,2.45
9759,Details view mode,bn,Bengali,qwen2.5-coder:7b,বিস্তারিত দৃষ্টিমূল্যাংশ,3.13
9760,Columns view mode,bn,Bengali,qwen2.5-coder:7b,কলোম দৃষ্টিমূল্যাংশ,2.6
9761,Navigation Bar,bn,Bengali,qwen2.5-coder:7b,নভিগেশন বার,1.562
9762,Date Modified,bn,Bengali,qwen2.5-coder:7b,তারিখ পরিবর্তিত,2.007
9763,File Size,bn,Bengali,qwen2.5-coder:7b,ফাইল আকার,1.361
9764,Copy operation completed.,bn,Bengali,qwen2.5-coder:7b,কপি অপেরেশন সম্পন্ন হয়েছে।,3.364
9765,Move operation completed.,bn,Bengali,qwen2.5-coder:7b,চাপনা অপেরেশন সম্পন্ন হয়েছে।,3.569
9766,Link operation completed.,bn,Bengali,qwen2.5-coder:7b,লিঙ্ক অপেরেশন সম্পন্ন হয়েছে।,3.521
9767,Move to trash operation completed.,bn,Bengali,qwen2.5-coder:7b,মুছে দেওয়া অপিরেশন সম্পন্ন হয়েছে।,4.399
9768,Renaming operation completed.,bn,Bengali,qwen2.5-coder:7b,নাম পরিবর্তন সম্পন্ন হয়েছে।,3.449
9769,Texts,bn,Bengali,qwen2.5-coder:7b,টেক্সট,1.07
9770,Show comment,bn,Bengali,qwen2.5-coder:7b,কমেন্ট দেখাও,1.611
9771,Show tags,bn,Bengali,qwen2.5-coder:7b,শেখার প্রকার,1.653
9772,with optional icon and description,bn,Bengali,qwen2.5-coder:7b,অপশনাল আইকন এবং বর্ণনা সাথে,3.394
9773,No Tags,bn,Bengali,qwen2.5-coder:7b,কোনো ট্যাগ নেই,2.113
9774,Detailed description (optional):,bn,Bengali,qwen2.5-coder:7b,বিস্তারিত বিবরণ (নির্বাচিত):,3.158
9775,Editing,bn,Bengali,qwen2.5-coder:7b,সম্পাদনা,1.208
9776,Not yet tagged,bn,Bengali,qwen2.5-coder:7b,এখনও অনুমোদিত নয়,2.472
9777,Move To Trash,bn,Bengali,qwen2.5-coder:7b,মুছে দিন সামাজ,2.043
9778,& Rename...,bn,Bengali,qwen2.5-coder:7b,&নাম পরিবর্তন...,1.889
9779,& Delete,bn,Bengali,qwen2.5-coder:7b,& ডিলিট,1.094
9780,& Properties,bn,Bengali,qwen2.5-coder:7b,& বৈশিষ্ট্যসমূহ,2.081
9781,Preview,bn,Bengali,qwen2.5-coder:7b,প্রোভাইভ,1.378
9782,Descending,bn,Bengali,qwen2.5-coder:7b,প্রাথমিক,1.214
9783,Show & Hidden Files,bn,Bengali,qwen2.5-coder:7b,আলোচিত এবং অলোচিত ফাইলগুলি দেখাও,4.229
9784,& Size,bn,Bengali,qwen2.5-coder:7b,& আকার,1.085
9785,Date,bn,Bengali,qwen2.5-coder:7b,তারিখ,0.958
9786,Permissions,bn,Bengali,qwen2.5-coder:7b,অনুমতি,1.148
9787,& Owner,bn,Bengali,qwen2.5-coder:7b,& সম্পন্ন,1.336
9788,Group,bn,Bengali,qwen2.5-coder:7b,গুপ্তা,1.124
9789,& Type,bn,Bengali,qwen2.5-coder:7b,& টাইপ,1.032
9790,& Date,bn,Bengali,qwen2.5-coder:7b,& তারিখ,1.131
9791,& Group,bn,Bengali,qwen2.5-coder:7b,& গুলি,1.11
9792,& Icons,bn,Bengali,qwen2.5-coder:7b,& ইকনসমূহ,1.413
9793,Details,bn,Bengali,qwen2.5-coder:7b,বিস্তারিত,1.377
9794,Columns,bn,Bengali,qwen2.5-coder:7b,কলোমগুলি,1.416
9795,Information Panel,bn,Bengali,qwen2.5-coder:7b,ইনফরমেশন বর্টন,1.806
9796,Quick View,bn,Bengali,qwen2.5-coder:7b,কেন্দ্রিত দেখাও,1.857
9797,Paste One Folder,bn,Bengali,qwen2.5-coder:7b,একটি ফোল্ডার কপি করুন,2.781
9798,Paste One File,bn,Bengali,qwen2.5-coder:7b,একটি ফাইল কপি করুন,2.224
9799,Album:,bn,Bengali,qwen2.5-coder:7b,একাউম্বাল:,1.417
9800,Artist:,bn,Bengali,qwen2.5-coder:7b,"অর্থী:""
(Translation of ""Artist:"" to Bengali is ""অর্থী:"")",3.074
9801,Genre:,bn,Bengali,qwen2.5-coder:7b,গৃহীতের ধর্ম:,2.082
9802,Lines:,bn,Bengali,qwen2.5-coder:7b,লাইনসংখ্যা:,1.572
9803,Title:,bn,Bengali,qwen2.5-coder:7b,শিরোনাম:,1.259
9804,Track:,bn,Bengali,qwen2.5-coder:7b,পরিবর্তন:,1.378
9805,Width:,bn,Bengali,qwen2.5-coder:7b,আকার:,0.893
9806,All settings will be reset to default values. Do you want to continue?,bn,Bengali,qwen2.5-coder:7b,সব সেটিং প্রাথমিক মানে পুনরারোম্পিত হবে। আপনি চাইলে চালানো চান?,7.083
9807,modified,bn,Bengali,qwen2.5-coder:7b,মুলোচ্ছিত,1.476
9808,Web style plugin,bn,Bengali,qwen2.5-coder:7b,ওয়েব স্টাইল প্লাগইন,2.518
9809,Use wider lines,bn,Bengali,qwen2.5-coder:7b,বিস্তারিত লাইন ব্যবহার করুন,3.32
9810,Dialog,bn,Bengali,qwen2.5-coder:7b,মুদ্রা,1.381
9811,General,bn,Bengali,qwen2.5-coder:7b,সাধারণ,1.056
9812,Draw toolbar item separators,bn,Bengali,qwen2.5-coder:7b,ড্যাউই টুলবার আইটেম সেপারেটর,3.748
9813,Enable animations,bn,Bengali,qwen2.5-coder:7b,অ্যানিমেশন সক্ষম করুন,2.695
9814,Use'X 'in checkboxes instead of check,bn,Bengali,qwen2.5-coder:7b,চেকবок্সে 'X' ব্যবহার করুন যেমনে চেক করুন,5.11
9815,Animate tab transitions,bn,Bengali,qwen2.5-coder:7b,টেবিল অনুমান করুন,2.551
9816,Views,bn,Bengali,qwen2.5-coder:7b,প্রিয়া,1.239
9817,Use triangle tree expander instead of +/ -,bn,Bengali,qwen2.5-coder:7b,ত্রিভুজ বুলি অনুরূপ ব্যবহার করুন +/ -,4.97
9818,Draw tree branch lines,bn,Bengali,qwen2.5-coder:7b,নীচের বানানো লাইন ঘুমাইয়ে দিন,3.743
9819,Draw focus indicator,bn,Bengali,qwen2.5-coder:7b,কেন্দ্র উল্লেখক ঘুমাইয়ে দিন,3.446
9820,Tabs,bn,Bengali,qwen2.5-coder:7b,টেবিল,0.924
9821,Tab style:,bn,Bengali,qwen2.5-coder:7b,টেবিল স্টাইল:,1.871
9822,Single,bn,Bengali,qwen2.5-coder:7b,একটি,0.864
9823,Plain,bn,Bengali,qwen2.5-coder:7b,প্লেন,0.958
9824,Scrollbars,bn,Bengali,qwen2.5-coder:7b,স্ক্রোলবার,1.57
9825,Width:,bn,Bengali,qwen2.5-coder:7b,আকার:,0.921
9826,Draw scrollbar bevel,bn,Bengali,qwen2.5-coder:7b,স্ক্রোলবার বেভেল ঘুলো,3.192
9827,Colorful hovered scrollbars,bn,Bengali,qwen2.5-coder:7b,স্ক্রোলবার স্বরূপ বর্ণনীয়,3.63
9828,Menu Highlight,bn,Bengali,qwen2.5-coder:7b,মেনু উল্লেখ করুন,2.311
9829,Dark,bn,Bengali,qwen2.5-coder:7b,কালো,0.913
9830,Use selection color,bn,Bengali,qwen2.5-coder:7b,নির্বাচনের রং ব্যবহার করুন,3.321
9831,Subtle,bn,Bengali,qwen2.5-coder:7b,সাপ্তাহিক,1.352
9832,Animate progress bars,bn,Bengali,qwen2.5-coder:7b,গ্রেস বার অ্যানিমেট করুন,2.868
9833,Draw toolbar separator,bn,Bengali,qwen2.5-coder:7b,ড্রাউন টুলবার সেপারেটর,2.86
9834,Highlight focused text input fields,bn,Bengali,qwen2.5-coder:7b,সম্পর্কিত লেখা ইনপুট ফ,3.026
9835,Custom text input highlight color:,bn,Bengali,qwen2.5-coder:7b,ব্যবহারকারী টেক스트 ইনপুট হাইলাইট রং:,4.532
9836,Custom mouseover highlight color:,bn,Bengali,qwen2.5-coder:7b,ব্যবহারকারী মাউস অন্তর্ভুক্তি রঙ:,4.236
9837,Custom checkmark color:,bn,Bengali,qwen2.5-coder:7b,ব্যবহারকর্তা চেকমার্ক রঙ:,3.097
9838,The global shortcut for %1 was issued.,bn,Bengali,qwen2.5-coder:7b,%1 জন্য গ্লোবাল শর্টকুট প্রদান করা হয়েছে।,5.333
9839,The application %1 has registered a new global shortcut,bn,Bengali,qwen2.5-coder:7b,অ্যাপ্লিকেশন %1 একটি নতুন জন্যার গ্লোবাল শর্টকোড নিয়েছে,6.572
9840,Open Global Shortcuts Editor,bn,Bengali,qwen2.5-coder:7b,মোবাইল সার্টকার সম্পাদক খোলুন,4.014
9841,KDE Global Shortcuts Service,bn,Bengali,qwen2.5-coder:7b,KDE গ্লোবাল শর্টকার সেবা,3.054
9842,"(C) 2007-2009 Andreas Hartmetz, Michael Jansen",bn,Bengali,qwen2.5-coder:7b,"(C) 2007-2009 Andreas Hartmetz, Michael Jansen",3.438
9843,Andreas Hartmetz,bn,Bengali,qwen2.5-coder:7b,আন্ড্রিয়াস হার্টমেট্জ,2.811
9844,Maintainer,bn,Bengali,qwen2.5-coder:7b,মেন্টেনার,1.373
9845,Michael Jansen,bn,Bengali,qwen2.5-coder:7b,মিশ্রাল জানসেন,1.921
9846,Your names,bn,Bengali,qwen2.5-coder:7b,আপার নাম,1.285
9847,Your emails,bn,Bengali,qwen2.5-coder:7b,আপনার ইমেইলসমূহ,1.948
9848,Launch Feedback You can configure the application-launch feedback here.,bn,Bengali,qwen2.5-coder:7b,ফィードแบ็ค শুরু করুন এখানে অ্যাপ্লিকেশন শুরু করার ফিডแบক নастার্ক করুন।,8.054
9849,Busy Cursor,bn,Bengali,qwen2.5-coder:7b,চালিয়ে থাকা কাজ,2.203
9850,"Busy Cursor KDE offers a busy cursor for application startup notification. To enable the busy cursor, select one kind of visual feedback from the combobox. It may occur, that some applications are not aware of this startup notification. In this case, the cursor stops blinking after the time given in the section'Startup indication timeout '",bn,Bengali,qwen2.5-coder:7b,KDE যেকটি ব্যস্ত কার্সুর প্রযোগ শুরুর জন্য প্রদান করে। ব্যস্ত কার্সুরটি সক্ষম করতে কম্বোবক্স থে,8.803
9851,No Busy Cursor,bn,Bengali,qwen2.5-coder:7b,কোনো ব্যাজ কারুসোর,2.721
9852,Passive Busy Cursor,bn,Bengali,qwen2.5-coder:7b,নিশ্চিত ব্যাপার কার্সর,2.803
9853,Blinking Cursor,bn,Bengali,qwen2.5-coder:7b,বিচ্ছিন্ন কোরসর,2.164
9854,Bouncing Cursor,bn,Bengali,qwen2.5-coder:7b,বাজারের কোরসর,1.899
9855,& Startup indication timeout:,bn,Bengali,qwen2.5-coder:7b,& শুরু করা স্বরূপের সময় অপশন:,4.166
9856,sec,bn,Bengali,qwen2.5-coder:7b,সেকেন্ড,1.266
9857,Taskbar & Notification,bn,Bengali,qwen2.5-coder:7b,সাজেশন & বিজ্ঞান,2.055
9858,"Taskbar Notification You can enable a second method of startup notification which is used by the taskbar where a button with a rotating hourglass appears, symbolizing that your started application is loading. It may occur, that some applications are not aware of this startup notification. In this case, the button disappears after the time given in the section'Startup indication timeout '",bn,Bengali,qwen2.5-coder:7b,টাস্কবার নোটিফিকেশন আপনি যেকটি দ্বিতীয় শুরুতে নোটিফিকেশন সক্রিয় করতে পারেন যা টাস্কবারে ব্য,8.911
9859,Enable & taskbar notification,bn,Bengali,qwen2.5-coder:7b,সাপ্তাহিক অনুৰোধ সক্ষম করুন,3.875
9860,Startup indication timeout:,bn,Bengali,qwen2.5-coder:7b,স্টার্টআপ ইন্ডিকেশন টাইমআউট:,3.555
9861,kcm_partition,bn,Bengali,qwen2.5-coder:7b,কম্পিউটার ভাগ,1.814
9862,KDE Partitions Information Control Module,bn,Bengali,qwen2.5-coder:7b,KDE পার্টিশন জানার নিয়ন্ত্রণ মডিউল,4.287
9863,(c) 2008 Nicolas Ternisien,bn,Bengali,qwen2.5-coder:7b,(২০০৮ নিকোলাস টার্নিসিয়েন),4.304
9864,Nicolas Ternisien,bn,Bengali,qwen2.5-coder:7b,নিকোলাস টার্নিসিয়ন,2.849
9865,This list displays partitions of your system.,bn,Bengali,qwen2.5-coder:7b,আপনার সিস্টেমের ভাগগুলি দেখায়।,3.99
9866,Mount Point,bn,Bengali,qwen2.5-coder:7b,মাউন্ট বিন্দু,1.928
9867,Label,bn,Bengali,qwen2.5-coder:7b,লেভেল,0.973
9868,Type,bn,Bengali,qwen2.5-coder:7b,টাইপ,0.862
9869,Total Size,bn,Bengali,qwen2.5-coder:7b,মোট আকার,1.415
9870,Free Size,bn,Bengali,qwen2.5-coder:7b,ফ্রি সাইজ,1.416
9871,Used Size,bn,Bengali,qwen2.5-coder:7b,ব্যবহৃত আকার,1.888
9872,%1 (%2),bn,Bengali,qwen2.5-coder:7b,%1 (%2),1.088
9873,none,bn,Bengali,qwen2.5-coder:7b,নেই,0.778
9874,IDE,bn,Bengali,qwen2.5-coder:7b,IDE,0.539
9875,USB,bn,Bengali,qwen2.5-coder:7b,USB,0.533
9876,IEEE 1394,bn,Bengali,qwen2.5-coder:7b,IEEE 1394,1.338
9877,SCSI,bn,Bengali,qwen2.5-coder:7b,SCSI,0.682
9878,S-ATA,bn,Bengali,qwen2.5-coder:7b,S-ATA,0.811
9879,Platform,bn,Bengali,qwen2.5-coder:7b,প্ল্যাটফর্ম,1.569
9880,Unknown Bus,bn,Bengali,qwen2.5-coder:7b,অজানা বাস,1.453
9881,Hard Disk,bn,Bengali,qwen2.5-coder:7b,হার্ড ডিস্ক,1.635
9882,CD/ DVD Drive,bn,Bengali,qwen2.5-coder:7b,CD/ DVD ড্রাইভার,1.841
9883,Floppy Drive,bn,Bengali,qwen2.5-coder:7b,ফ্লোপি ড্রাইভার,2.193
9884,Tape,bn,Bengali,qwen2.5-coder:7b,টেপ,0.817
9885,Compact Flash,bn,Bengali,qwen2.5-coder:7b,কম্প্যাক্ট ফ্ল্যাস্ট,2.577
9886,Memory Stick,bn,Bengali,qwen2.5-coder:7b,মেমরি স্টিচ,1.657
9887,Smart Media,bn,Bengali,qwen2.5-coder:7b,সмарт মিডিয়া,1.715
9888,SD/ MMC,bn,Bengali,qwen2.5-coder:7b,SD/ MMC,0.822
9889,Xd,bn,Bengali,qwen2.5-coder:7b,এক্সড,1.145
9890,Unknown Type,bn,Bengali,qwen2.5-coder:7b,অজানা ধরনি,1.47
9891,This display shows information about partitions and hard disks of your system.,bn,Bengali,qwen2.5-coder:7b,আপনার সিস্টেমের প্রতিশ্বাস এবং স্থানানীয় ডিস্কের সম্পর্কে জানায়।,8.016
9892,Your names,bn,Bengali,qwen2.5-coder:7b,আপার নাম,1.332
9893,Your emails,bn,Bengali,qwen2.5-coder:7b,আপনার ইমেইলসমূহ,2.022
9894,unknown,bn,Bengali,qwen2.5-coder:7b,অজানা,0.933
9895,KDE Control Module,bn,Bengali,qwen2.5-coder:7b,KDE নিয়ন্ত্রণ মডিউল,2.517
9896,A tool to start single KDE control modules,bn,Bengali,qwen2.5-coder:7b,একটি টুল যা একটি সিংগেল ক্যান্ট्रোল মডিউল শুরু করতে পারে,6.961
9897,"(c) 1999-2004, The KDE Developers",bn,Bengali,qwen2.5-coder:7b,"(১৯৯৯-২০০৪, কেডিউইউ ডেভেলপারস)",4.994
9898,Frans Englich,bn,Bengali,qwen2.5-coder:7b,ফ্রান্স ইংলিশ,1.975
9899,Maintainer,bn,Bengali,qwen2.5-coder:7b,মেন্টেনার,1.414
9900,Daniel Molkentin,bn,Bengali,qwen2.5-coder:7b,دانیل মলকেন্টি,1.767
9901,Matthias Hoelzer-Kluepfel,bn,Bengali,qwen2.5-coder:7b,ম্যাথিয়াস হোয়েলজার-ক্লুপফেল,4.16
9902,Matthias Elter,bn,Bengali,qwen2.5-coder:7b,ম্যাথিয়াস এল্টার,2.251
9903,Matthias Ettrich,bn,Bengali,qwen2.5-coder:7b,ম্যাথিয়াস ইত্তরিচ্ছ,2.709
9904,Waldo Bastian,bn,Bengali,qwen2.5-coder:7b,Waldo Bastian,0.99
9905,List all possible modules,bn,Bengali,qwen2.5-coder:7b,সম্ভব সমীক্ষা সমূহ সমন্বয় করুন,4.153
9906,Configuration module to open,bn,Bengali,qwen2.5-coder:7b,নстройка মডিউল খোলতে,2.362
9907,Specify a particular language,bn,Bengali,qwen2.5-coder:7b,একটি সפצিফিক ভাষা নির্ধারণ করুন,3.634
9908,Do not display main window,bn,Bengali,qwen2.5-coder:7b,মূল জanela দেখান না,2.264
9909,The following modules are available:,bn,Bengali,qwen2.5-coder:7b,আপনি যেই মডিউলগুলি উপলব্ধ আছেন:,3.935
9910,No description available,bn,Bengali,qwen2.5-coder:7b,নেই আপনার বিবরণ,1.992
9911,Your names,bn,Bengali,qwen2.5-coder:7b,আপার নাম,1.332
9912,Your emails,bn,Bengali,qwen2.5-coder:7b,আপনার ইমেইলসমূহ,2.107
9913,Embeds the module with buttons in window with id,bn,Bengali,qwen2.5-coder:7b,মডিউল বাটন সহ একটি জanela সাথে আম্মে ধারণ করে,5.244
9914,Embeds the module without buttons in window with id,bn,Bengali,qwen2.5-coder:7b,মডিউল বিনাময় বাটনের সাথে একটি জanela সাথে আম্মেন করে,6.031
9915,Configure - %1,bn,Bengali,qwen2.5-coder:7b,নম্বর - %1,1.417
9916,Plasma Engine Explorer,bn,Bengali,qwen2.5-coder:7b,প্লাসমা ইঞ্জিন অক্ষরণ,2.694
9917,Search,bn,Bengali,qwen2.5-coder:7b,অনুসন্ধান,1.461
9918,Collapse All,bn,Bengali,qwen2.5-coder:7b,সব ক্ষেত্র বন্ধ করুন,2.606
9919,Expand All,bn,Bengali,qwen2.5-coder:7b,সব ব্যাস্ক করুন,2.145
9920,DataSource,bn,Bengali,qwen2.5-coder:7b,সূত্রসূত্র,1.662
9921,Key,bn,Bengali,qwen2.5-coder:7b,কী (Key),1.048
9922,Value,bn,Bengali,qwen2.5-coder:7b,মান,0.774
9923,Type,bn,Bengali,qwen2.5-coder:7b,টাইপ,0.918
9924,Get associated service,bn,Bengali,qwen2.5-coder:7b,সংযুক্ত সেবা পেতে,2.518
9925,Update source now,bn,Bengali,qwen2.5-coder:7b,এখন তালিকায় আপডেট করুন,2.995
9926,Remove source,bn,Bengali,qwen2.5-coder:7b,মূল অনুযায়ী অপসারণ করুন,3.642
9927,< empty >,bn,Bengali,qwen2.5-coder:7b,< খালি >,1.274
9928,Plasma DataEngine Explorer,bn,Bengali,qwen2.5-coder:7b,প্লাসমা ডেটা ইঞ্জিন অক্ষরণ,3.406
9929,Search Columns,bn,Bengali,qwen2.5-coder:7b,অনুসন্ধান বিভাগ,2.38
9930,All Visible Columns,bn,Bengali,qwen2.5-coder:7b,সকল দেখায় কলোম,2.32
9931,Search:,bn,Bengali,qwen2.5-coder:7b,অনুসন্ধান:,1.537
9932,Explore the data published by Plasma DataEngines,bn,Bengali,qwen2.5-coder:7b,প্লাসমা ডেটা ইঞ্জিনগুলি দ্বারা পублиকের ডেটা প্রক্রিয়া করুন,7.146
9933,No description available,bn,Bengali,qwen2.5-coder:7b,নেই আপনার বিবরণ,2.106
9934,"(c) 2006, The KDE Team",bn,Bengali,qwen2.5-coder:7b,"(২০০৬, কেডি টিম)",2.974
9935,Aaron J. Seigo,bn,Bengali,qwen2.5-coder:7b,আরোন জি. সি ইগো,2.423
9936,Author and maintainer,bn,Bengali,qwen2.5-coder:7b,লেখক এবং ধর্মকর,2.241
9937,Displays a list of known engines and their descriptions,bn,Bengali,qwen2.5-coder:7b,জানা একটি ইঞ্জিন এবং তাদের বর্ণনা একটি তালিকা দেখায়,6.592
9938,The desired height in pixels,bn,Bengali,qwen2.5-coder:7b,প্রয়োজনীয় উচ্চতা (পিক্সেলে),3.722
9939,The desired width in pixels,bn,Bengali,qwen2.5-coder:7b,প্রয়োজনীয় পিক্সেল আকার,3.415
9940,The desired x position in pixels,bn,Bengali,qwen2.5-coder:7b,অনুরোধিত x স্থানের পিক্সেল সংখ্যা,4.196
9941,The desired y position in pixels,bn,Bengali,qwen2.5-coder:7b,অক্ষরের প্রথম স্থানের পিক্সেল সংখ্যা,4.38
9942,The data engine to use,bn,Bengali,qwen2.5-coder:7b,ব্যবহার করতে হবে ডেটা ইঞ্জিন,3.756
9943,The source to request,bn,Bengali,qwen2.5-coder:7b,সূত্র অনুরোধ করুন,2.844
9944,Update interval in milliseconds,bn,Bengali,qwen2.5-coder:7b,মিলিসেকেন্ডে অনুবর্তন সময়间隔,3.546
9945,Only show engines associated with the parent application; maps to the X-KDE-ParentApp entry in the DataEngine's. desktop file.,bn,Bengali,qwen2.5-coder:7b,মানুষের পিছনে আসা ইঞ্জিনগুলি প্রদর্শন করো; এটি ডেটা ইঞ্জিনের .desktop ফাইলের X-KDE-ParentApp অন্যান্য পরিমাণে মape,8.776
9946,Source name,bn,Bengali,qwen2.5-coder:7b,সূর্য নাম,1.533
9947,Update on demand,bn,Bengali,qwen2.5-coder:7b,নেকদিন অনুযায়ী আপডেট,3.019
9948,ms,bn,Bengali,qwen2.5-coder:7b,মিস,0.774
9949,Update every,bn,Bengali,qwen2.5-coder:7b,সবসময় আপডেট করুন,2.448
9950,Request,bn,Bengali,qwen2.5-coder:7b,অনুরোধ,1.328
9951,& Operation:,bn,Bengali,qwen2.5-coder:7b,এক্সেকিউট করুন:,2.15
9952,Operation count,bn,Bengali,qwen2.5-coder:7b,অপেレーション সংখ্যা,1.799
9953,Your names,bn,Bengali,qwen2.5-coder:7b,আপার নাম,1.342
9954,Your emails,bn,Bengali,qwen2.5-coder:7b,আপনার ইমেইলসমূহ,2.128
9955,Start Operation,bn,Bengali,qwen2.5-coder:7b,অপেレーション শুরু করুন,2.354
9956,Unknown,bn,Bengali,qwen2.5-coder:7b,অজানা,1.004
9957,%1 Service Explorer,bn,Bengali,qwen2.5-coder:7b,%1 সেবা অনুসন্ধান,2.613
9958,DataEngine: %1; Source: %2; Service %3,bn,Bengali,qwen2.5-coder:7b,ডেটা ইঞ্জিন: %1; সূত্র: %2; সেবা %3,4.331
9959,%1 operation with destination %2 failed. The error was: %3,bn,Bengali,qwen2.5-coder:7b,%1 অপেরেশন স্থান %2 এ সম্ভব হয়নি। তার সুযোগ ছিল: %3,6.627
9960,Operation Result,bn,Bengali,qwen2.5-coder:7b,অপেレーション ফলাফল,1.534
9961,No response from job.,bn,Bengali,qwen2.5-coder:7b,কাজের অনুভূতি নেই।,2.565
9962,%1 operation with destination %2 returned successfully. The result was: %3,bn,Bengali,qwen2.5-coder:7b,%1 অপেরেশন সফলভাবে প্রতিষ্ঠান %2 এর সাথে সম্পন্ন হয়েছিল। ফলাফল ছিল: %3,8.157
9963,Data Engines,bn,Bengali,qwen2.5-coder:7b,ডেটা ইঞ্জিনস,1.84
9964,%1 service for %2 DataEngine source %3,bn,Bengali,qwen2.5-coder:7b,%1 সেবা %2 DataEngine সূর্যনেত্র জন্য %3,3.838
9965,"KIO Exec - Opens remote files, watches modifications, asks for upload",bn,Bengali,qwen2.5-coder:7b,"কিউইও এক্সেকিউ - দুকান ফাইল খোলে, পরিবর্তন ধরে রাখে, অপলোড জন্য অনুরোধ করে",8.832
9966,command 'expected.,bn,Bengali,qwen2.5-coder:7b,কম্পান্ডটি অপরিশ্রয়ে।,2.847
9967,The URL %1 is malformed,bn,Bengali,qwen2.5-coder:7b,URL %1 অনুমোদিত নয়,2.532
9968,Remote URL %1 not allowed with --tempfiles switch,bn,Bengali,qwen2.5-coder:7b,রুম্যান সংযোগ %1 সাথে --tempfiles অপশন অনুমোদিত নয়,5.466
9969,The supposedly temporary file %1 has been modified. Do you still want to delete it?,bn,Bengali,qwen2.5-coder:7b,সম্ভবত স্থায়ী ফাইল %1 সম্পাদিত হয়েছে। আপনি এটি অন্যথায় মুছে দেওয়ার চান কি?,9.39
9970,File Changed,bn,Bengali,qwen2.5-coder:7b,ফাইল পরিবর্তিত,1.903
9971,Do Not Delete,bn,Bengali,qwen2.5-coder:7b,মুছে দিন না,1.831
9972,The file %1 has been modified. Do you want to upload the changes?,bn,Bengali,qwen2.5-coder:7b,ফাইল %1 পরিবর্তিত হয়েছে। পরিবর্তনগুলি আপলোড করতে চান না?,6.959
9973,Upload,bn,Bengali,qwen2.5-coder:7b,আপলোড,1.055
9974,Do Not Upload,bn,Bengali,qwen2.5-coder:7b,আপলোড করবেন না,2.215
9975,KIOExec,bn,Bengali,qwen2.5-coder:7b,KIOExec,0.808
9976,"(c) 1998-2000,2003 The KFM/ Konqueror Developers",bn,Bengali,qwen2.5-coder:7b,"(১৯৯৮-২০০০, ২০০৩ কেমিউনিটি ফ্লাইডিং মিশন/কনক্রের ডেভেলপারস)",6.198
9977,David Faure,bn,Bengali,qwen2.5-coder:7b,David Faure,0.812
9978,Stephan Kulow,bn,Bengali,qwen2.5-coder:7b,স্টেফান কুলোw,2.071
9979,Bernhard Rosenkraenzer,bn,Bengali,qwen2.5-coder:7b,বার্নহার্ড রোসেনক্রেনজার,3.13
9980,Waldo Bastian,bn,Bengali,qwen2.5-coder:7b,Waldo Bastian,0.959
9981,Oswald Buddenhagen,bn,Bengali,qwen2.5-coder:7b,অস্বাল্ড বুড়েন্হেন্গ,2.797
9982,Treat URLs as local files and delete them afterwards,bn,Bengali,qwen2.5-coder:7b,URL গুলোকে স্থানীয় ফাইল একসাথে দেখে নিন এবং সমস্ত ফাইলগুলো মুছে দিন,8.242
9983,Suggested file name for the downloaded file,bn,Bengali,qwen2.5-coder:7b,নিয়মিত ডাউনলোড ফাইলের নাম,3.549
9984,Command to execute,bn,Bengali,qwen2.5-coder:7b,একটি আমার কর্ম প্রাপ্ত,2.737
9985,URL(s) or local file(s) used for'command ',bn,Bengali,qwen2.5-coder:7b,URL(s) বা স্থানীয় ফাইল(s) যা 'কমান্ড' জন্য ব্যবহৃত হয়,6.344
9986,Your names,bn,Bengali,qwen2.5-coder:7b,আপার নাম,1.31
9987,Your emails,bn,Bengali,qwen2.5-coder:7b,আপনার ইমেইলসমূহ,2.009
9988,Click to safely remove this device from the computer.,bn,Bengali,qwen2.5-coder:7b,এই উপকরণটি সফলভাবে কম্পিউটার থেকে অপরিবর্তন করতে ক্লিক করুন।,6.968
9989,Device is plugged in and can be accessed by applications.,bn,Bengali,qwen2.5-coder:7b,ডিভাইস সংযুক্ত আছে এবং এপ্লিকেশন দ্বারা অ্যাক্সেস করা যায়।,7.045
9990,Click to access this device from other applications.,bn,Bengali,qwen2.5-coder:7b,এই উপকরণকে অন্য অ্যাপ্লিকেশনগুলি থেকে অ্যাক্সেস করতে ক্লিক করুন।,7.452
9991,"Device is plugged in, but not mounted for access yet.",bn,Bengali,qwen2.5-coder:7b,"ডিভাইস ইনস্টল করা আছে, তবে এখনও অ্যাক্সেস করতে ব্যবহৃত নয়।",6.821
9992,%1 free,bn,Bengali,qwen2.5-coder:7b,%1 মূল্যায়িক স্বাগত,2.609
9993,No devices plugged in,bn,Bengali,qwen2.5-coder:7b,কোনো উপকরণ সংযুক্ত নেই,3.215
9994,Last plugged in device: %1,bn,Bengali,qwen2.5-coder:7b,সর্বশেষ যোগ করা উপকরণ: %1,3.202
9995,General,bn,Bengali,qwen2.5-coder:7b,সাধারণ,1.062
9996,Show hidden devices,bn,Bengali,qwen2.5-coder:7b,গুলো দেখাও,1.899
9997,Could not unmount the device. One or more files on this device are open within an application.,bn,Bengali,qwen2.5-coder:7b,মেশক অপেক্ষা নেই। এই ডিভাইসে একটি বা একাধিক ফাইল একটি অ্যাপ্লিকেশনে খোলা আছে।,9.082
9998,Cannot eject the disc. One or more files on this disc are open within an application.,bn,Bengali,qwen2.5-coder:7b,ডিস্ক বন্ধ করা যায়নি। এই ডিস্কে একটি বা একাধিক ফাইল একটি অ্যাপ্লিকেশনে খোলা আছে।,9.447
9999,Cannot mount the disc.,bn,Bengali,qwen2.5-coder:7b,ডিস্ক মাউন্ট করা যায়নি।,3.088
10000,Hide %1,bn,Bengali,qwen2.5-coder:7b,ঘুমাও %1,1.647
10001,No devices plugged in.,bn,Bengali,qwen2.5-coder:7b,কোনো উপকরণ সংযুক্ত নেই।,3.331
10002,Devices recently plugged in:,bn,Bengali,qwen2.5-coder:7b,নিচে যোগ্য উপকরণগুলি:,2.904
10003,Display:,bn,Bengali,qwen2.5-coder:7b,প্রদর্শন:,1.368
10004,Removable devices only,bn,Bengali,qwen2.5-coder:7b,মুক্তি দেওয়া যায় যাতে,3.14
10005,Non-removable devices only,bn,Bengali,qwen2.5-coder:7b,নিশ্বাস্থ উপকরণগুলি পর্যাপ্ত,3.592
10006,All devices,bn,Bengali,qwen2.5-coder:7b,সব উপকরণ,1.269
10007,KDE su daemon,bn,Bengali,qwen2.5-coder:7b,KDE সায়েন্ড,1.727
10008,Daemon used by kdesu,bn,Bengali,qwen2.5-coder:7b,Kdesu দ্বারা ব্যবহৃত দেমন,3.292
10009,"Copyright (c) 1999,2000 Geert Jansen",bn,Bengali,qwen2.5-coder:7b,"সূচনা (c) 1999,2000 জের্ট জানসেন",4.306
10010,Geert Jansen,bn,Bengali,qwen2.5-coder:7b,গের্ট জানсен,1.574
10011,Author,bn,Bengali,qwen2.5-coder:7b,লেখক,0.825
10012,Your names,bn,Bengali,qwen2.5-coder:7b,আপার নাম,1.235
10013,Your emails,bn,Bengali,qwen2.5-coder:7b,আপনার ইমেইলসমূহ,1.945
10014,Color,bn,Bengali,qwen2.5-coder:7b,কালো,0.869
10015,Solid,bn,Bengali,qwen2.5-coder:7b,সুষ্ঠা,1.081
10016,Horizontal,bn,Bengali,qwen2.5-coder:7b,হারানো,1.122
10017,Vertical,bn,Bengali,qwen2.5-coder:7b,উল্লেখিত স্থানে বিশেষ নির্দেশ নেই।,3.813
10018,Rectangular,bn,Bengali,qwen2.5-coder:7b,আয়োজিত,1.403
10019,Radial,bn,Bengali,qwen2.5-coder:7b,রেডিয়াল,1.402
10020,Top Left Diagonal,bn,Bengali,qwen2.5-coder:7b,উপরের বাম দিক ধাপ,2.269
10021,Top Right Diagonal,bn,Bengali,qwen2.5-coder:7b,উপরের দিকের ধাপ,1.944
10022,& First Color:,bn,Bengali,qwen2.5-coder:7b,& প্রথম রং:,1.624
10023,& Second Color:,bn,Bengali,qwen2.5-coder:7b,& দ্বিতীয় রং:,2.174
10024,& Background Mode,bn,Bengali,qwen2.5-coder:7b,& ব্যাকগ্রাউন্ড মোড,2.496
10025,Lock Panel,bn,Bengali,qwen2.5-coder:7b,কোক্স বর্তমান,1.961
10026,Unlock Panel,bn,Bengali,qwen2.5-coder:7b,অ্যাক্সেস করুন,1.991
10027,The player '%1 'cannot be found.,bn,Bengali,qwen2.5-coder:7b,প্লেয়ার '%1' খুঁজে পাওয়া যায়নি।,4.611
10028,The player '%1 'cannot perform the action'play'.,bn,Bengali,qwen2.5-coder:7b,চেয়ার্টি '%1' যাচ্ছে না 'প্লে' করা।,4.346
10029,The player '%1 'cannot perform the action'pause'.,bn,Bengali,qwen2.5-coder:7b,চেয়ার '%1' অপশন 'পauজ' করতে পারেন না।,4.226
10030,The player '%1 'cannot perform the action'stop'.,bn,Bengali,qwen2.5-coder:7b,চেয়ারটি '%1' অ্যাকশনটি 'স্টোপ' করতে পারেন না।,5.228
10031,The player '%1 'cannot perform the action'previous'.,bn,Bengali,qwen2.5-coder:7b,চেয়ারটি '%1' যোগাযোগ করতে পারেন না 'আগের' ক্রম।,5.298
10032,The player '%1 'cannot perform the action'next'.,bn,Bengali,qwen2.5-coder:7b,চেয়ার্টি '%1' অপশন 'নেক্স্ট' করতে পারেন না।,4.802
10033,The'level 'argument to the'volume' command must be between 0 and 1.,bn,Bengali,qwen2.5-coder:7b,ভূমিকা অর্থ অনুমোদিত সীমায়ের অন্তরে হতে হবে: 0 এবং 1।,7.379
10034,The'volume 'command requires a'level' argument.,bn,Bengali,qwen2.5-coder:7b,মূল্য একটি মান প্রয়োজন করে।,4.121
10035,The player '%1 'cannot perform the action'volume'.,bn,Bengali,qwen2.5-coder:7b,চেয়ার '%1' নির্বাচিত করা যায়নি।,4.382
10036,The'seconds' argument to the'seek 'command must be between 0 and the length of the track.,bn,Bengali,qwen2.5-coder:7b,কমান্ডের দ্বিতীয় অংশটি ট্র্যাকের দৈর্ঘ্যের মধ্যে হতে হবে।,7.774
10037,The'seek 'command requires a'seconds' argument.,bn,Bengali,qwen2.5-coder:7b,এই কমান্ডটি একটি সেকেন্ড অর্গোনের প্রয়োজন করে।,5.856
10038,The player '%1 'cannot perform the action'seek'.,bn,Bengali,qwen2.5-coder:7b,চেয়ার্টি '%1' অ্যাকশন 'সিকে' করতে পারেন না।,5.057
10039,KNotify,bn,Bengali,qwen2.5-coder:7b,কনটিফি,1.085
10040,KDE Notification Daemon,bn,Bengali,qwen2.5-coder:7b,KDE নোটিফিকেশন ডেমন,2.394
10041,"(C) 1997-2008, KDE Developers",bn,Bengali,qwen2.5-coder:7b,"(C) 1997-2008, কেইডি ডেভেলপারস",4.208
10042,Olivier Goffart,bn,Bengali,qwen2.5-coder:7b,অলিয়ের গফর্ট,2.087
10043,Current Maintainer,bn,Bengali,qwen2.5-coder:7b,সম্পাদক আপনার সময়,2.404
10044,Carsten Pfeiffer,bn,Bengali,qwen2.5-coder:7b,কারস্টেন পফেইভার,2.209
10045,Previous Maintainer,bn,Bengali,qwen2.5-coder:7b,পূর্ব ব্যবস্থাপক,2.204
10046,Christian Esken,bn,Bengali,qwen2.5-coder:7b,ক্রীষ্ট ইসকেন,1.98
10047,Stefan Westerfeld,bn,Bengali,qwen2.5-coder:7b,স্টেফান ওয়েস্টারফেルド,2.613
10048,Sound support,bn,Bengali,qwen2.5-coder:7b,শব্দ পরিবর্তন,1.77
10049,Charles Samuels,bn,Bengali,qwen2.5-coder:7b,চার্লস সামুয়েলস,2.314
10050,Allan Sandfeld Jensen,bn,Bengali,qwen2.5-coder:7b,আলান স্যাংফেルド জেনসন,2.511
10051,Porting to KDE 4,bn,Bengali,qwen2.5-coder:7b,KDE 4 এর প্রতিশোধ,2.412
10052,Starting KTTSD Failed,bn,Bengali,qwen2.5-coder:7b,KTTSD শুরু হয়নি,2.473
10053,Your names,bn,Bengali,qwen2.5-coder:7b,আপার নাম,1.294
10054,Your emails,bn,Bengali,qwen2.5-coder:7b,আপনার ইমেইলসমূহ,2.075
10055,KNotifyTest,bn,Bengali,qwen2.5-coder:7b,কনটিফি টেস্ট,1.731
10056,A test program for KDE Notifications,bn,Bengali,qwen2.5-coder:7b,KDE নোটিফিকেশন পরীক্ষা প্রোগ্রাম,4.008
10057,Configure Notifications,bn,Bengali,qwen2.5-coder:7b,নোটিফিকেশন সমন্বয়,2.42
10058,"During the previous startup, KNotify crashed while creating Arts: :Dispatcher. Do you want to try again or disable aRts sound output? If you choose to disable aRts output now, you can re-enable it later or select an alternate sound player in the System Notifications control panel.",bn,Bengali,qwen2.5-coder:7b,"আগের সুরক্ষা সময়ে, KNotify অনুরোধ করে আর্টস: :ডিসপাসার তৈরি করার সময় ক্রমশোধন করেছিল। আপনি আবার চে",8.719
10059,KNotify Problem,bn,Bengali,qwen2.5-coder:7b,কনটিফি সমস্যা,1.816
10060,& Try Again,bn,Bengali,qwen2.5-coder:7b,& আবার চেষ্টা করুন,2.455
10061,Disable aRts Output,bn,Bengali,qwen2.5-coder:7b,রাস্ট আউটপুট অক্ষম করুন,3.361
10062,"During the previous startup, KNotify crashed while instantiating KNotify. Do you want to try again or disable aRts sound output? If you choose to disable aRts output now, you can re-enable it later or select an alternate sound player in the System Notifications control panel.",bn,Bengali,qwen2.5-coder:7b,"আগের স্টার্টআপ সময়ে, KNotify যখন KNotify তৈরি হচ্ছিলে ক্রমশোধন করেছিল। আপনি আবার চেষ্টা করতে চান বা aRts সোন",8.886
10063,Catastrophe!,bn,Bengali,qwen2.5-coder:7b,ক্ষমতা!,1.21
10064,Do nothing,bn,Bengali,qwen2.5-coder:7b,কিছুই করোনা,1.709
10065,Unknown,bn,Bengali,qwen2.5-coder:7b,অজানা,0.955
10066,A new device has been detected. What do you want to do?,bn,Bengali,qwen2.5-coder:7b,একটি নতুন উপকরণ প্রকাশিত হয়েছে। আপনি কি করতে চান?,6.031
10067,...,bn,Bengali,qwen2.5-coder:7b,...,0.678
10068,%1 'needs a password to be accessed. Please enter a password.,bn,Bengali,qwen2.5-coder:7b,%1 অ্যাক্সেস করতে একটি পাসওয়ার্ড প্রয়োজন। অনুগ্রহ করে একটি পাসওয়ার্ড প্রবেশ করুন।,9.494
10069,Enter the user you want to run the application as here.,bn,Bengali,qwen2.5-coder:7b,আপনি যে ব্যবহারকারী এই জায়গায় অ্যাপ্লিকেশনটি চালানো চান।,7.027
10070,Username:,bn,Bengali,qwen2.5-coder:7b,ব্যবহারকরীর নাম:,2.13
10071,Enter the password here for the user you specified above.,bn,Bengali,qwen2.5-coder:7b,আপনি উপরে বর্ণিত,2.53
10072,Password:,bn,Bengali,qwen2.5-coder:7b,পাসওয়ার্ড:,1.655
10073,Check this option if the application you want to run is a text mode application. The application will then be run in a terminal emulator window.,bn,Bengali,qwen2.5-coder:7b,"আপনি যদি চান যে আপনি চাইলে চạy়াতীকরণ করতে চান একটি টেক্সট মোড অ্যাপ্লিকেশন, তাহলে এই অপশনটি চেক ক",8.613
10074,Run in & terminal window,bn,Bengali,qwen2.5-coder:7b,নোন্যতায় টার্মিনাল জanelায় চালান,4.171
10075,Check this option if you want to run the application with a different user id. Every process has a user id associated with it. This id code determines file access and other permissions. The password of the user is required to do this.,bn,Bengali,qwen2.5-coder:7b,আপনি যদি একটি অন্য ব্যবহারকারী আইডি দিয়ে এপ্লিকেশনটি চান তাহলে এই অপশনটি চাইক দিন। প্রতিটি প্রক্র,8.621
10076,Run as a different & user,bn,Bengali,qwen2.5-coder:7b,অন্য একজন ব্যবহারকারী হিসেবে চালান,4.208
10077,"Finds commands that match: q:, using common shell syntax",bn,Bengali,qwen2.5-coder:7b,q: সহগুলি খুঁজে বের করে: সাধারণ শেল সинটেক্স ব্যবহার করে,6.611
10078,Run %1,bn,Bengali,qwen2.5-coder:7b,চালু করুন %1,2.033
10079,"Select whether realtime scheduling should be enabled for the application. The scheduler governs which process will run and which will have to wait. Two schedulers are available: Normal: This is the standard, timesharing scheduler. It will divide fairly the available processing time between all processes. Realtime: This scheduler will run your application uninterrupted until it gives up the processor. This can be dangerous. An application that does not give up the processor might hang the system. You need root's password to use the scheduler.",bn,Bengali,qwen2.5-coder:7b,আবেগে অ্যাপ্লিকেশনের জন্য সাম্প্রতিক সময় বিভাজন সক্ষম করা হবে কি নির্ধারণ করুন। সময় বিভাজক কোন,8.88
10080,Run with realtime & scheduling,bn,Bengali,qwen2.5-coder:7b,সাম্প্রতিক এবং সময়সূচিত চালান,4.117
10081,"The priority that the command will be run with can be set here. From left to right, it goes from low to high. The center position is the default value. For priorities higher than the default, you will need to provide the root password.",bn,Bengali,qwen2.5-coder:7b,"এই স্থানে কমান্ডটি কীভাবে চালানো হবে তা নির্ধারণ করা যায়। বাম থেকে দাঁড়াই, নিম্ন থেকে উচ্চ পর",8.88
10082,& Priority:,bn,Bengali,qwen2.5-coder:7b,& অপরিবর্তন:,1.68
10083,Check this option if you want to run the application with a different priority. A higher priority tells the operating system to give more processing time to your application.,bn,Bengali,qwen2.5-coder:7b,আপনি যদি অন্য প্রাথমিকতায় এপ্লিকেশন চান তাহলে এই বিকল্পটি চাপুন। একটি উচ্চ প্রাথমিকতা আপনার এপ্ল,8.601
10084,Run with a & different priority,bn,Bengali,qwen2.5-coder:7b,প্রাথমিকতার সাথে চলুন &,2.987
10085,Low,bn,Bengali,qwen2.5-coder:7b,লোক্স,1.063
10086,High,bn,Bengali,qwen2.5-coder:7b,উচ্চ,0.841
10087,System Settings,bn,Bengali,qwen2.5-coder:7b,সистем সেটিংস,1.408
10088,Central configuration center for KDE.,bn,Bengali,qwen2.5-coder:7b,KDE এর সেন্ট্রাল সমন্বয় সেন্ট্রাল।,4.296
10089,"(c) 2009, Ben Cooksley",bn,Bengali,qwen2.5-coder:7b,"(২০০৯, বেন কোকস্লি)",3.335
10090,Ben Cooksley,bn,Bengali,qwen2.5-coder:7b,বেন কোকস্লি,1.794
10091,Maintainer,bn,Bengali,qwen2.5-coder:7b,মেন্টেনার,1.359
10092,Mathias Soeken,bn,Bengali,qwen2.5-coder:7b,মাথিয়াস সোকেন,2.05
10093,Developer,bn,Bengali,qwen2.5-coder:7b,ডেভেলপার,1.224
10094,Will Stephenson,bn,Bengali,qwen2.5-coder:7b,স্টিফেনসন,1.454
10095,"Internal module representation, internal module model",bn,Bengali,qwen2.5-coder:7b,"আন্তর্ভুক্ত মডিউল প্রতিনিধি, আন্তর্ভুক্ত মডিউল মডেল",6.017
10096,Search,bn,Bengali,qwen2.5-coder:7b,অনুসন্ধান,1.458
10097,Configure,bn,Bengali,qwen2.5-coder:7b,সমন্বয় করুন,1.866
10098,Help,bn,Bengali,qwen2.5-coder:7b,সাহায্য,1.101
10099,About Active Module,bn,Bengali,qwen2.5-coder:7b,ক্রমিক মডিউল সম্পর্কে,2.705
10100,General,bn,Bengali,qwen2.5-coder:7b,সাধারণ,1.011
10101,"System Settings was unable to find any views, and hence nothing is available to configure.",bn,Bengali,qwen2.5-coder:7b,"সистем সেটিংস কোনো দৃশ্য খুঁজে পায়নি, এবং তাই কোনো সমন্বয় করতে পারেনি।",8.638
10102,No views found,bn,Bengali,qwen2.5-coder:7b,কোনো দৃশ্য পাওয়া যায়নি,3.472
10103,"System Settings was unable to find any views, and hence has nothing to display.",bn,Bengali,qwen2.5-coder:7b,সистем সেটিংস কোনো দৃশ্য খুঁজে পায়নি এবং তাই দেখাবেন কিনা।,7.26
10104,About Active View,bn,Bengali,qwen2.5-coder:7b,এক্সেসিভ দৃশ্য,2.237
10105,About %1,bn,Bengali,qwen2.5-coder:7b,আমাদের সম্পর্কে %1,2.462
10106,%1 is an external application and has been automatically launched,bn,Bengali,qwen2.5-coder:7b,%1 একটি বহিষ্কার এ্যাপ্লিকেশন এবং স্বয়ংক্রিয়ভাবে চালালো,7.19
10107,Relaunch %1,bn,Bengali,qwen2.5-coder:7b,পুনরুপ শুরু করুন %1,2.929
10108,Reset all current changes to previous values,bn,Bengali,qwen2.5-coder:7b,সব সম্পর্কিত পরিবর্তনগুলি পূর্বের মানে পুনরায় সেট করুন,6.606
10109,The settings of the current module have changed. Do you want to apply the changes or discard them?,bn,Bengali,qwen2.5-coder:7b,এই মডিউলের সেটিংস পরিবর্তিত হয়েছে। পরিবর্তনগুলি প্রয়োগ করতে চান নাকি তাদের প্রতিষ্ঠাপন করতে চ,11.153
10110,Apply Settings,bn,Bengali,qwen2.5-coder:7b,সেটিংস প্রয়োগ করুন,2.716
10111,Icon View,bn,Bengali,qwen2.5-coder:7b,আইকন দৃষ্টি,1.711
10112,Provides a categorized icons view of control modules.,bn,Bengali,qwen2.5-coder:7b,কনترল মডিউলগুলির একটি বিশ্লেষিত আইকন দৃশ্য প্রদান করে।,6.206
10113,Author,bn,Bengali,qwen2.5-coder:7b,লেখক,0.871
10114,Overview,bn,Bengali,qwen2.5-coder:7b,সমস্যা সম্পর্কে,1.958
10115,Keyboard Shortcut: %1,bn,Bengali,qwen2.5-coder:7b,কীবোর্ড শর্টকোট: %1,2.549
10116,Your names,bn,Bengali,qwen2.5-coder:7b,আপার নাম,1.29
10117,Your emails,bn,Bengali,qwen2.5-coder:7b,আপনার ইমেইলসমূহ,2.046
10118,View Style,bn,Bengali,qwen2.5-coder:7b,স্টাইল দেখুন,1.716
10119,Show detailed tooltips,bn,Bengali,qwen2.5-coder:7b,বিস্তারিত টুলটৈপ দেখাও,2.863
10120,Determines whether detailed tooltips should be used,bn,Bengali,qwen2.5-coder:7b,বিস্তারিত টুলটৈপ ব্যবহার করার জন্য নির্ধারণ করে,5.417
10121,Internal name for the view used,bn,Bengali,qwen2.5-coder:7b,ভিউ ব্যবহার করা অন্তর্নিখনীয় নাম,4.146
10122,About System Settings,bn,Bengali,qwen2.5-coder:7b,সистем সেটিংস সম্পর্কে,2.228
10123,Dialog,bn,Bengali,qwen2.5-coder:7b,মুদ্রা,1.344
10124,Expand the first level automatically,bn,Bengali,qwen2.5-coder:7b,প্রথম সطরটি স্বয়ংই বিস্তার করুন,4.132
10125,Tree View,bn,Bengali,qwen2.5-coder:7b,নৌকা দেখার প্রিয়াশ্চিত্র,3.214
10126,Provides a classic tree-based view of control modules.,bn,Bengali,qwen2.5-coder:7b,কনترল মডিউলগুলির একটি ক্লাসিক বুল্টির দিকের দৃশ্য প্রদান করে।,7.157
10127,Configure your system,bn,Bengali,qwen2.5-coder:7b,আপনার সিস্টেম সমন্বয় করুন,3.352
10128,"Welcome to ""System Settings"", a central place to configure your computer system.",bn,Bengali,qwen2.5-coder:7b,স্যাস্টেম সেটিংসে আপনার কম্পিউটার সিস্টেম নстрой করতে একটি সেন্ট্রাল স্থান।,8.118
10129,"(c) 2005, Benjamin C. Meyer; (c) 2007, Canonical Ltd",bn,Bengali,qwen2.5-coder:7b,"(c) 2005, বেমেনেন সি. মেয়ার; (c) 2007, ক্যাননিকাল লিটি",4.858
10130,Benjamin C. Meyer,bn,Bengali,qwen2.5-coder:7b,বেনজামিন সি. মেয়ার,2.545
10131,Jonathan Riddell,bn,Bengali,qwen2.5-coder:7b,জোনাথন রিডেল,1.796
10132,Contributor,bn,Bengali,qwen2.5-coder:7b,অংশীদার,1.356
10133,Michael D. Stemle,bn,Bengali,qwen2.5-coder:7b,মিচ্যারল D. স্টেম্ল,2.299
10134,Simon Edwards,bn,Bengali,qwen2.5-coder:7b,সিমন এডوار্ডস,1.533
10135,Ellen Reitmayr,bn,Bengali,qwen2.5-coder:7b,এলন রেইটমায়ার,2.084
10136,Usability,bn,Bengali,qwen2.5-coder:7b,উপযোগিতা,1.335
10137,Search Bar Enter a search term.,bn,Bengali,qwen2.5-coder:7b,অনুসন্ধান বাক্য একটি অনুসন্ধান শব্দ প্রবেশ করুন।,5.707
10138,Unsaved Changes,bn,Bengali,qwen2.5-coder:7b,আপনার অনুযায়ী পরিবর্তন,3.152
10139,Unable to locate file %1 which is necessary to run this service. Please check your software installation.,bn,Bengali,qwen2.5-coder:7b,ফাইল %1 খুজে পাওয়া যায় যা এই সেবাটি চালানোর জন্য আবশ্যক। অনুগ্রহ করে আপনার সফটওয়ার ইন্সটলেশন,11.169
10140,Configure Anti-Alias Settings,bn,Bengali,qwen2.5-coder:7b,অ্যান্টি-এলিজেস সেটিংস সমন্বয় করুন,4.498
10141,Exclude range:,bn,Bengali,qwen2.5-coder:7b,আঁকা বিবেচনা:,1.979
10142,pt,bn,Bengali,qwen2.5-coder:7b,প্রোগ্রাম,1.708
10143,to,bn,Bengali,qwen2.5-coder:7b,এক্ষেত্রে,1.345
10144,"If you have a TFT or LCD screen you can further improve the quality of displayed fonts by selecting this option. Sub-pixel rendering is also known as ClearType(tm). In order for sub-pixel rendering to work correctly you need to know how the sub-pixels of your display are aligned. On TFT or LCD displays a single pixel is actually composed of three sub-pixels, red, green and blue. Most displays have a linear ordering of RGB sub-pixel, some have BGR. This feature does not work with CRT monitors.",bn,Bengali,qwen2.5-coder:7b,আপনি একটি TFT বা LCD স্ক্রিন আছেন তাহলে এই বিকল্পটি নির্বাচন করে দেখায়া প্রতিশ্রুতির গুলির গুলির গুল,8.931
10145,& Use sub-pixel rendering:,bn,Bengali,qwen2.5-coder:7b,& সাব-পিক্সেল রен্ডারিং ব্যবহার করুন:,4.156
10146,Hinting style:,bn,Bengali,qwen2.5-coder:7b,হ্যান্টিং স্টাইল:,2.265
10147,Hinting is a process used to enhance the quality of fonts at small sizes.,bn,Bengali,qwen2.5-coder:7b,ফন্টগুলির ছোট আকারের গুণগতা বৃদ্ধি করার জন্য হাইন্টিং একটি প্রক্রিয়া।,8.392
10148,General,bn,Bengali,qwen2.5-coder:7b,সাধারণ,1.022
10149,Fixed width,bn,Bengali,qwen2.5-coder:7b,নির্ধারিত প্রস্থ,2.059
10150,Small,bn,Bengali,qwen2.5-coder:7b,ছোট,0.851
10151,Toolbar,bn,Bengali,qwen2.5-coder:7b,তুলনা বাম পাশে,1.968
10152,Menu,bn,Bengali,qwen2.5-coder:7b,মেনু,0.95
10153,Window title,bn,Bengali,qwen2.5-coder:7b,জanela শিরোমন,1.677
10154,Taskbar,bn,Bengali,qwen2.5-coder:7b,টাস্কবার,1.285
10155,Desktop,bn,Bengali,qwen2.5-coder:7b,ডেস্কটপ,1.14
10156,"Used for normal text (e. g. button labels, list items).",bn,Bengali,qwen2.5-coder:7b,"নরমল টেক্স্টের জন্য ব্যবহৃত (য.ে. বাটন লেবেল, তালিকা আইটেমস)।",7.124
10157,A non-proportional font (i. e. typewriter font).,bn,Bengali,qwen2.5-coder:7b,অসমান্ত প্রথমানুষ্ঠান (য.ে. টাইপওয়ার ফন্ট)।,5.524
10158,Smallest font that is still readable well.,bn,Bengali,qwen2.5-coder:7b,সব ছোট্ট অক্ষরের সম্পর্কে যেটি অন্যথায় পড়ায় যায়।,6.494
10159,Used to display text beside toolbar icons.,bn,Bengali,qwen2.5-coder:7b,বৈশিষ্ট্য ব্যবহার করে টুলবার চিহ্নদের সাথে টেক্সট দেখায়।,6.692
10160,Used by menu bars and popup menus.,bn,Bengali,qwen2.5-coder:7b,মেনু বার এবং পপআপ মেনু দ্বারা ব্যবহৃত।,4.891
10161,Used by the window titlebar.,bn,Bengali,qwen2.5-coder:7b,বিংশুর শিরোমানে ব্যবহৃত হয়।,3.982
10162,Used by the taskbar.,bn,Bengali,qwen2.5-coder:7b,টাস্কবারের জন্য ব্যবহৃত হয়।,3.653
10163,Used for desktop icons.,bn,Bengali,qwen2.5-coder:7b,ডেসктপ ইকনগুলির জন্য ব্যবহৃত হয়।,4.259
10164,%1:,bn,Bengali,qwen2.5-coder:7b,%1:,0.761
10165,Adjust All Fonts...,bn,Bengali,qwen2.5-coder:7b,সব ফন্ট রেজাল্ট করুন...,2.776
10166,Click to change all fonts,bn,Bengali,qwen2.5-coder:7b,সব ফন্ট পরিবর্তন করতে ক্লিক করুন,3.921
10167,Use anti-aliasing:,bn,Bengali,qwen2.5-coder:7b,অ্যান্টি-এলিজিং ব্যবহার করুন:,3.741
10168,Enabled,bn,Bengali,qwen2.5-coder:7b,সক্ষম,0.944
10169,System Settings,bn,Bengali,qwen2.5-coder:7b,সистем সেটিংস,1.389
10170,Disabled,bn,Bengali,qwen2.5-coder:7b,নিষ্ক্রিয়াম,1.68
10171,"If this option is selected, KDE will smooth the edges of curves in fonts.",bn,Bengali,qwen2.5-coder:7b,"এই বিকল্পটি সিলেক্ট করলে, KDE ফন্টের কোর্স বাঁশগুলি সমুচ্চায়ি করে দেখাবে।",8.223
10172,Configure...,bn,Bengali,qwen2.5-coder:7b,সমন্বয় করুন...,1.959
10173,Force fonts DPI:,bn,Bengali,qwen2.5-coder:7b,ফন্ট ডিপিএ:,1.649
10174,96 DPI,bn,Bengali,qwen2.5-coder:7b,৯৬ ডি পি আই,1.747
10175,120 DPI,bn,Bengali,qwen2.5-coder:7b,120 DPI,0.897
10176,This option forces a specific DPI value for fonts. It may be useful when the real DPI of the hardware is not detected properly and it is also often misused when poor quality fonts are used that do not look well with DPI values other than 96 or 120 DPI. The use of this option is generally discouraged. For selecting proper DPI value a better option is explicitly configuring it for the whole X server if possible (e. g. DisplaySize in xorg. conf or adding -dpi value to ServerLocalArgs= in $KDEDIR/ share/ config/ kdm/ kdmrc). When fonts do not render properly with real DPI value better fonts should be used or configuration of font hinting should be checked.,bn,Bengali,qwen2.5-coder:7b,এই বিকল্পটি ফন্টগুলির একটি স্পেসিফিক DPI মান বাস্তব করে। যখন সাধারণ সুন্দর সুন্দর সুন্দর সুন্দর স,8.991
10177,Some changes such as anti-aliasing will only affect newly started applications.,bn,Bengali,qwen2.5-coder:7b,"একটি পরিবর্তন যেমন অন্তিমুখ সম্পর্কে প্রাপ্ত হবে, যা প্রথম চালানো অ্যাপ্লিকেশনের প্রতি প্রভাবিত হব",10.918
10178,Font Settings Changed,bn,Bengali,qwen2.5-coder:7b,ফন্ট সেটিংস পরিবর্তিত হয়েছে,3.42
10179,Some changes such as DPI will only affect newly started applications.,bn,Bengali,qwen2.5-coder:7b,একটি পরিবর্তন যেমন ডিপিএই মূলত নতুন চালু অ্যাপ্লিকেশনগুলিতে প্রভাবিত হবে।,8.617
10180,RGB,bn,Bengali,qwen2.5-coder:7b,RGB,0.532
10181,BGR,bn,Bengali,qwen2.5-coder:7b,বর্ণালী,1.355
10182,Vertical RGB,bn,Bengali,qwen2.5-coder:7b,ভর্তা RGB,1.071
10183,Vertical BGR,bn,Bengali,qwen2.5-coder:7b,ভর্তা বর্গ রঙ,1.818
10184,Medium,bn,Bengali,qwen2.5-coder:7b,মাঝারি,1.063
10185,Slight,bn,Bengali,qwen2.5-coder:7b,সুন্দর,1.209
10186,Full,bn,Bengali,qwen2.5-coder:7b,পূর্ণ,1.014
10187,If you have a TFT or LCD screen you can further improve the quality of displayed fonts by selecting this option. Sub-pixel hinting is also known as ClearType(tm). This will not work with CRT monitors.,bn,Bengali,qwen2.5-coder:7b,আপনি একটি TFT বা LCD স্ক্রিন আছেন তাহলে এই বিকল্পটি নির্বাচন করে দেখালে দেখালে প্রদত্ত ফন্টের গুলোর গুল,8.654
10188,Grayscale,bn,Bengali,qwen2.5-coder:7b,স্বরূপ,1.149
10189,KTraderClient,bn,Bengali,qwen2.5-coder:7b,ক্রেডার ক্লাইনেট,2.212
10190,A command-line tool for querying the KDE trader system,bn,Bengali,qwen2.5-coder:7b,KDE ট্রেডার সিস্টেম জিজ্ঞাসা করার জন্য একটি কম্পাউন্ড লাইন টুল,7.207
10191,A mimetype,bn,Bengali,qwen2.5-coder:7b,মিডিটাইপ,1.24
10192,"A servicetype, like KParts/ ReadOnlyPart or KMyApp/ Plugin",bn,Bengali,qwen2.5-coder:7b,"কোনো সেবা ধরন, যেমন KParts/ ReadOnlyPart বা KMyApp/ Plugin",4.443
10193,A constraint expressed in the trader query language,bn,Bengali,qwen2.5-coder:7b,ট্রেজার ভিজন্যাস ভাষায় অনুমতি দেওয়া একটি সূচক,6.06
10194,kfile,bn,Bengali,qwen2.5-coder:7b,কোনো ফাইল,1.514
10195,A command-line tool to read and modify metadata of files.,bn,Bengali,qwen2.5-coder:7b,ফাইলগুলির মетাডেটা পড়া এবং পরিবর্তন করার জন্য একটি কম্পাউন্ড লাইন টুল।,8.286
10196,"(c) 2002, Carsten Pfeiffer",bn,Bengali,qwen2.5-coder:7b,"(২০০২, কারস্টন পফেয়ার)",3.816
10197,Carsten Pfeiffer,bn,Bengali,qwen2.5-coder:7b,কারস্টেন পফেইভার,2.165
10198,Do not print the mimetype of the given file(s),bn,Bengali,qwen2.5-coder:7b,নির্দেশিত ফাইলের MIME টাইপ প্রিন্ট করবেন না,4.767
10199,List all supported metadata keys.,bn,Bengali,qwen2.5-coder:7b,সকল পরিবর্তনশীল মেটা-ডেটা কীগুলি তালিকাভূক্ত করুন।,6.237
10200,List all metadata keys which have a value in the given file(s).,bn,Bengali,qwen2.5-coder:7b,এই ফাইলের সমস্ত মেটা ডেটা কীগুলি সন্ধান করুন যারা একটি মান ধরে আছে।,7.531
10201,Do not print a warning when more than one file was given and they do not all have the same mimetype.,bn,Bengali,qwen2.5-coder:7b,একটি ফাইল দেওয়া হয়েছে এবং সব ফাইলের মিডিটায়াইপ একই নয় তার জন্য অনুমোদন প্রিন্ট করা না।,11.048
10202,"Prints all metadata values, available in the given file(s).",bn,Bengali,qwen2.5-coder:7b,এই ফাইলের সব মетা-ডেটা মানগুলি প্রিন্ট করে।,5.28
10203,Opens a KDE properties dialog to allow viewing and modifying of metadata of the given file(s),bn,Bengali,qwen2.5-coder:7b,একটি KDE বৈশিষ্ট্য ডিলগ খোলে দেওয়া যায় যা দেওয়া ফাইলের (গুলির) মетা-ডেটা দেখার এবং পরিবর্তন কর,10.984
10204,Prints the value for'key 'of the given file(s). 'key' may also be a comma-separated list of keys,bn,Bengali,qwen2.5-coder:7b,একটি ফাইলের 'কী' এর মান প্রিন্ট করে। 'কী' একটি কমা সাপেরে বিভিন্ন কী এর একটি তালিকা তারিখ যে একটি ক,8.826
10205,Attempts to set the value'value 'for the metadata key'key' for the given file(s),bn,Bengali,qwen2.5-coder:7b,ফাইলের মে타ডেটা কী 'কী' এর মান 'মান' সেট করার চেষ্টা,6.42
10206,The file (or a number of files) to operate on.,bn,Bengali,qwen2.5-coder:7b,ফাইল (অথবা একটি সংখ্যা অফ ফাইল) যার জন্য কাজ করতে।,6.001
10207,No files specified,bn,Bengali,qwen2.5-coder:7b,কোনো ফাইল নির্ধারিত নয়,3.003
10208,Cannot determine metadata,bn,Bengali,qwen2.5-coder:7b,মетাডেটা নির্ধারণ করা যায় না,3.275
10209,Your names,bn,Bengali,qwen2.5-coder:7b,আপার নাম,1.24
10210,Your emails,bn,Bengali,qwen2.5-coder:7b,আপনার ইমেইলসমূহ,2.0
10211,Draw window frames using & titlebar colors,bn,Bengali,qwen2.5-coder:7b,তাইটেল বাম্বার রং ব্যবহার করে জেনারেট জেনারেট জেনারেট জেনারেট জেনারেট জেনারেট জেনারেট জেনারেট জেন,10.628
10212,"When selected, the window borders are drawn using the titlebar colors; otherwise, they are drawn using normal border colors.",bn,Bengali,qwen2.5-coder:7b,"যখন সিলেক্ট হয়, জেনারেট বাড়ার শিরোমীর রং ব্যবহার করে জেনারেট বাড়ার বাড়ার চালায়; অন্যথ",11.422
10213,Draw & resize handle,bn,Bengali,qwen2.5-coder:7b,চিত্র ঘুমাও & আকার পরিবর্তন করুন,3.878
10214,"When selected, decorations are drawn with a ""grab handle"" in the bottom right corner of the windows; otherwise, no grab handle is drawn.",bn,Bengali,qwen2.5-coder:7b,"যখন সিলেক্ট হয়, ডকোরেশন জেনারেট হয় জেনারেট হয় জেনারেট হয় জেনারেট হয় জেনারেট হয় জেনারেট",8.651
10215,Auto-move titlebar,bn,Bengali,qwen2.5-coder:7b,অটো মুভ টাইটেল বাড়ি,2.967
10216,"When selected, titlebars are automatically relocated to visible positions; otherwise, they are only moved manually using shift+drag.",bn,Bengali,qwen2.5-coder:7b,"যখন সিলেক্ট হয়, শিরোমী বাটনগুলি স্বয়ংই দেখায়োগ্য স্থানে স্থানান্তর হয়; অন্যথায়, তাদের",11.337
10217,Actions Settings,bn,Bengali,qwen2.5-coder:7b,অ্যাকশন সেটিংস,1.835
10218,Double click on menu button:,bn,Bengali,qwen2.5-coder:7b,মেনু বোতামে দুবার ক্লিক করুন:,3.969
10219,Do Nothing,bn,Bengali,qwen2.5-coder:7b,কিনা কোনো কিছু করো,2.583
10220,Minimize Window,bn,Bengali,qwen2.5-coder:7b,মিনিমাইজ জেন্ডিকেট,2.401
10221,Shade Window,bn,Bengali,qwen2.5-coder:7b,শাড়াইন্ডো,1.646
10222,Close Window,bn,Bengali,qwen2.5-coder:7b,বিংশু বন্ধ করুন,2.067
10223,An action can be associated to a double click of the menu button. Leave it to none if in doubt.,bn,Bengali,qwen2.5-coder:7b,"মেনু ব튼ের দ্বিগুলি ক্লিকে একটি অ্যাকশন সংযুক্ত করা যায়। যদি আপনি নিশ্চিত না থাকেন, তাহলে কোন",11.266
10224,Not on all desktops,bn,Bengali,qwen2.5-coder:7b,সব ডেস্কটপে নয়,2.236
