string_id,source_en,lang_code,target_language,model,translation,latency_sec
0,Recursion limit:,es,Spanish,qwen2.5-coder:7b,Límite de recursión:,1.503
1,Satellite voice communication controller,es,Spanish,qwen2.5-coder:7b,Controlador de comunicación de voz satelital,1.689
2,globalization,es,Spanish,qwen2.5-coder:7b,globalización,0.669
3,Gray Heading,es,Spanish,qwen2.5-coder:7b,Encabezado Gris,0.964
4,Codec from,es,Spanish,qwen2.5-coder:7b,Codificador de,0.953
5,IO-port information,es,Spanish,qwen2.5-coder:7b,Información de puerto IO,1.215
6,& QIT; Explained,es,Spanish,qwen2.5-coder:7b,& QIT; Explicado,1.36
7,Input Text (wml),es,Spanish,qwen2.5-coder:7b,Texto de Entrada (wml),1.44
8,Attendee list,es,Spanish,qwen2.5-coder:7b,Lista de asistentes,1.196
9,Default Gateway:,es,Spanish,qwen2.5-coder:7b,Puerta de enlace predeterminada:,1.45
10,Gather some meaningful statistics,es,Spanish,qwen2.5-coder:7b,Recoge algunas estadísticas significativas,1.266
11,Useful tips,es,Spanish,qwen2.5-coder:7b,Consejos útiles,0.964
12,Properties management,es,Spanish,qwen2.5-coder:7b,Gestión de propiedades,1.111
13,position,es,Spanish,qwen2.5-coder:7b,posición,0.523
14,Post Reply,es,Spanish,qwen2.5-coder:7b,Responder,0.772
15,Signature Algorithm:,es,Spanish,qwen2.5-coder:7b,Algoritmo de Firma:,1.213
16,Text file,es,Spanish,qwen2.5-coder:7b,Archivo de texto,0.948
17,Done!,es,Spanish,qwen2.5-coder:7b,Hecho!,0.697
18,A star,es,Spanish,qwen2.5-coder:7b,Una estrella,0.908
19,You have %1,es,Spanish,qwen2.5-coder:7b,Tienes %1,1.0
20,Image Smoothing,es,Spanish,qwen2.5-coder:7b,Suavizado de Imágenes,1.061
21,starts with '#V1S# ',es,Spanish,qwen2.5-coder:7b,comienza con '#V1S# ,1.597
22,Suspend to Disk,es,Spanish,qwen2.5-coder:7b,Suspender a Disco,1.089
23,of the & year,es,Spanish,qwen2.5-coder:7b,de & año,1.021
24,Capitals:,es,Spanish,qwen2.5-coder:7b,Capitales:,0.916
25,Uncategorized Album,es,Spanish,qwen2.5-coder:7b,Álbum Desorganizado,1.113
26,Column width,es,Spanish,qwen2.5-coder:7b,Ancho de columna,1.024
27,Recipient,es,Spanish,qwen2.5-coder:7b,Destinatario,0.783
28,& Pixel Dimensions,es,Spanish,qwen2.5-coder:7b,& Dimensiones de píxel,1.226
29,Rights Management,es,Spanish,qwen2.5-coder:7b,Gestión de Derechos,1.036
30,Formula String,es,Spanish,qwen2.5-coder:7b,Formula String,0.86
31,Group base:,es,Spanish,qwen2.5-coder:7b,Grupo base:,0.865
32,Edit Patch,es,Spanish,qwen2.5-coder:7b,Editar parche,0.924
33,Role Name,es,Spanish,qwen2.5-coder:7b,Nombre del Rol,0.725
34,Calendar Format,es,Spanish,qwen2.5-coder:7b,Formato del Calendario,0.996
35,20 Cards,es,Spanish,qwen2.5-coder:7b,20 Tarjetas,0.944
36,Bibtex quotation style:,es,Spanish,qwen2.5-coder:7b,Estilo de cita BibTeX:,1.361
37,New type: vtun,es,Spanish,qwen2.5-coder:7b,Nuevo tipo: vtun,1.254
38,Using & ktts;,es,Spanish,qwen2.5-coder:7b,Usando & ktts;,1.251
39,Data CD,es,Spanish,qwen2.5-coder:7b,CD de Datos,0.958
40,Male 3,es,Spanish,qwen2.5-coder:7b,Hombre 3,0.986
41,Dolphin General,es,Spanish,qwen2.5-coder:7b,Delfín General,1.03
42,Pointer,es,Spanish,qwen2.5-coder:7b,Puntero,0.789
43,Output directory:,es,Spanish,qwen2.5-coder:7b,Directorio de salida:,1.011
44,From now on:,es,Spanish,qwen2.5-coder:7b,Desde ahora:,0.845
45,battle,es,Spanish,qwen2.5-coder:7b,batalla,0.791
46,Go back,es,Spanish,qwen2.5-coder:7b,Ir atrás,0.657
47,Sunday,es,Spanish,qwen2.5-coder:7b,Domingo,0.715
48,Layer Settings,es,Spanish,qwen2.5-coder:7b,Ajustes de Capa,1.143
49,texture list,es,Spanish,qwen2.5-coder:7b,lista de texturas,1.08
50,angularVelocity variance,es,Spanish,qwen2.5-coder:7b,varianza de velocidad angular,1.287
51,Ritzaus Bureau NITF version (RBNITF DTD),es,Spanish,qwen2.5-coder:7b,Bureo de Ritzaus NITF versión (RBNITF DTD),2.865
52,Exceptions,es,Spanish,qwen2.5-coder:7b,Excepciones,0.747
53,Sample,es,Spanish,qwen2.5-coder:7b,Muestra,0.61
54,Find City,es,Spanish,qwen2.5-coder:7b,Buscar Ciudad,0.815
55,Unknown Bus,es,Spanish,qwen2.5-coder:7b,Autobús Desconocido,1.281
56,General Plugins,es,Spanish,qwen2.5-coder:7b,Complementos Generales,1.146
57,Open,es,Spanish,qwen2.5-coder:7b,Abrir,0.629
58,Post removed,es,Spanish,qwen2.5-coder:7b,Publicación eliminada,1.044
59,RTF In Sync,es,Spanish,qwen2.5-coder:7b,RTF En Síncrono,1.525
60,Positioning:,es,Spanish,qwen2.5-coder:7b,Posicionamiento:,0.969
61,& Gray level,es,Spanish,qwen2.5-coder:7b,& Nivel de gris,0.97
62,Time (hh: mm),es,Spanish,qwen2.5-coder:7b,Tiempo (hh: mm),1.347
63,Group number:,es,Spanish,qwen2.5-coder:7b,Número de grupo:,0.907
64,"Asia, East",es,Spanish,qwen2.5-coder:7b,"Asia, Oriente",0.829
65,Kig figure,es,Spanish,qwen2.5-coder:7b,Figura Kig,1.01
66,New protocol,es,Spanish,qwen2.5-coder:7b,Nuevo protocolo,0.892
67,As Attachment,es,Spanish,qwen2.5-coder:7b,Como Adjunto,0.904
68,Firing,es,Spanish,qwen2.5-coder:7b,Disparo,0.933
69,Border:,es,Spanish,qwen2.5-coder:7b,Frontiera:,0.803
70,Three Staples,es,Spanish,qwen2.5-coder:7b,Three Staples,0.831
71,Upload Info,es,Spanish,qwen2.5-coder:7b,Info de Carga,1.075
72,Maximum download rate:,es,Spanish,qwen2.5-coder:7b,Velocidad máxima de descarga:,1.374
73,expired,es,Spanish,qwen2.5-coder:7b,caducado,0.705
74,SpeedoMeter,es,Spanish,qwen2.5-coder:7b,Velocímetro,0.852
75,60 Points,es,Spanish,qwen2.5-coder:7b,60 Puntos,0.845
76,Cordless TrackMan FX,es,Spanish,qwen2.5-coder:7b,TrackMan FX inalámbrico,1.511
77,LawnGreen,es,Spanish,qwen2.5-coder:7b,VerdePastel,0.877
78,measureRectCenter,es,Spanish,qwen2.5-coder:7b,medirCentroRectángulo,1.407
79,Go forward,es,Spanish,qwen2.5-coder:7b,Ir hacia adelante,0.813
80,Contacts,es,Spanish,qwen2.5-coder:7b,Contactos,0.759
81,Combination method,es,Spanish,qwen2.5-coder:7b,Metodo de combinación,1.127
82,starts with,es,Spanish,qwen2.5-coder:7b,comienza con,0.945
83,Security Configuration,es,Spanish,qwen2.5-coder:7b,Configuración de Seguridad,1.045
84,Tab Bar position:,es,Spanish,qwen2.5-coder:7b,Posición de la barra de pestañas:,1.671
85,city,es,Spanish,qwen2.5-coder:7b,ciudad,0.604
86,Date Display,es,Spanish,qwen2.5-coder:7b,Mostrar Fecha,0.925
87,Verb Deinflection,es,Spanish,qwen2.5-coder:7b,Desinflección de Verbos,1.355
88,Sector size:,es,Spanish,qwen2.5-coder:7b,Size del sector:,0.905
89,Spanish (Nicaragua),es,Spanish,qwen2.5-coder:7b,Español (Nicaragua),1.348
90,Do Not Save,es,Spanish,qwen2.5-coder:7b,No Guardar,0.853
91,Edit,es,Spanish,qwen2.5-coder:7b,Editar,0.682
92,Status Change,es,Spanish,qwen2.5-coder:7b,Cambio de Estado,0.969
93,Grant,es,Spanish,qwen2.5-coder:7b,Aceptar,0.735
94,timeouts,es,Spanish,qwen2.5-coder:7b,tiempos de espera,1.119
95,& Folder contents:,es,Spanish,qwen2.5-coder:7b,& Contenido de la carpeta:,1.218
96,& male,es,Spanish,qwen2.5-coder:7b,& hombre,0.698
97,No dial tone response:,es,Spanish,qwen2.5-coder:7b,No respuesta de tono de llamada:,1.468
98,Address Book,es,Spanish,qwen2.5-coder:7b,Libreta de direcciones,1.129
99,Find buffer,es,Spanish,qwen2.5-coder:7b,Buscar buffer,0.866
100,& Close Project,es,Spanish,qwen2.5-coder:7b,& Cerrar Proyecto,1.072
101,Increment (to %1),es,Spanish,qwen2.5-coder:7b,Aumentar (hasta %1),1.454
102,& New Folder,es,Spanish,qwen2.5-coder:7b,& Nueva Carpeta,1.099
103,View Formatting,es,Spanish,qwen2.5-coder:7b,Ver Formato,0.946
104,Meta character set:,es,Spanish,qwen2.5-coder:7b,Conjunto de caracteres meta:,1.131
105,Nickname:,es,Spanish,qwen2.5-coder:7b,Apodo:,0.7
106,ImagePlugin_SuperImpose,es,Spanish,qwen2.5-coder:7b,Superposición de Imágenes,1.261
107,Uncategorized,es,Spanish,qwen2.5-coder:7b,Sin categoría,0.866
108,& Attachments,es,Spanish,qwen2.5-coder:7b,& Archivos_adjuntos,0.987
109,Users,es,Spanish,qwen2.5-coder:7b,Usuarios,0.761
110,Goal,es,Spanish,qwen2.5-coder:7b,Objetivo,0.706
111,Draw Frames,es,Spanish,qwen2.5-coder:7b,Marcar Cuadros,1.094
112,Network device,es,Spanish,qwen2.5-coder:7b,Dispositivo de red,1.093
113,Quanta Project Importer,es,Spanish,qwen2.5-coder:7b,Importador de Proyecto Quanta,1.465
114,Text Area,es,Spanish,qwen2.5-coder:7b,Área de Texto,0.942
115,Budget year,es,Spanish,qwen2.5-coder:7b,Año presupuestario,1.018
116,50 bumps,es,Spanish,qwen2.5-coder:7b,50 golpes,0.886
117,Edje File:,es,Spanish,qwen2.5-coder:7b,Archivo Edje:,0.993
118,Position x:,es,Spanish,qwen2.5-coder:7b,Posición x:,0.978
119,interior declaration,es,Spanish,qwen2.5-coder:7b,declaración interior,0.774
120,Data select,es,Spanish,qwen2.5-coder:7b,Selección de datos,1.027
121,TV for KDE,es,Spanish,qwen2.5-coder:7b,TV para KDE,0.968
122,Unknown server,es,Spanish,qwen2.5-coder:7b,Servidor desconocido,0.985
123,Dolphin Toolbar,es,Spanish,qwen2.5-coder:7b,Barra de herramientas de Delfín,1.608
124,End Color:,es,Spanish,qwen2.5-coder:7b,Color Final:,0.831
125,Could not find conduit %1.,es,Spanish,qwen2.5-coder:7b,No se pudo encontrar el conducto %1.,1.522
126,Black and White,es,Spanish,qwen2.5-coder:7b,Negro y blanco,0.849
127,KDevStructureTree,es,Spanish,qwen2.5-coder:7b,KDevEstructuraÁrbol,1.534
128,Write-only,es,Spanish,qwen2.5-coder:7b,Escritura solo,1.027
129,Library,es,Spanish,qwen2.5-coder:7b,Biblioteca,0.773
130,Border size:,es,Spanish,qwen2.5-coder:7b,Tamaño de borde:,1.01
131,Allow,es,Spanish,qwen2.5-coder:7b,Permitir,0.683
132,Audio output device,es,Spanish,qwen2.5-coder:7b,Dispositivo de salida de audio,1.374
133,Password changer,es,Spanish,qwen2.5-coder:7b,CamBIador de contraseñA,1.478
134,Akonadi Knut Data File,es,Spanish,qwen2.5-coder:7b,Akonadi Knut Archivo de Datos,1.624
135,Skipping %1...,es,Spanish,qwen2.5-coder:7b,Saltando %1...,1.062
136,Scheduler priority: %1,es,Spanish,qwen2.5-coder:7b,Prioridad del programador: %1,1.497
137,Audio mixer utility,es,Spanish,qwen2.5-coder:7b,Utilidad de mezclador de audio,1.443
138,Graph Files,es,Spanish,qwen2.5-coder:7b,Archivos de Gráficos,1.188
139,& Beep,es,Spanish,qwen2.5-coder:7b,& Bip,0.66
140,LDAP Operation,es,Spanish,qwen2.5-coder:7b,Operación LDAP,0.766
141,Palette name:,es,Spanish,qwen2.5-coder:7b,Nombre de la paleta:,1.017
142,Tunnels (1) - The Monster,es,Spanish,qwen2.5-coder:7b,Conductos (1) - El Monstruo,1.954
143,Spanish (Costa Rica),es,Spanish,qwen2.5-coder:7b,Español (Costa Rica),1.411
144,& List Environment,es,Spanish,qwen2.5-coder:7b,& Lista Ambiente,0.986
145,Union,es,Spanish,qwen2.5-coder:7b,Unión,0.633
146,Help Contents,es,Spanish,qwen2.5-coder:7b,Contenido de Ayuda,1.102
147,Key bindings,es,Spanish,qwen2.5-coder:7b,Teclas de atajo,1.084
148,Copyright (c) 2007-2008 The KapTeam,es,Spanish,qwen2.5-coder:7b,Copyright (c) 2007-2008 The KapTeam,2.764
149,ComboBox dialog,es,Spanish,qwen2.5-coder:7b,Diálogo de ComboBox,1.117
150,Sent date:,es,Spanish,qwen2.5-coder:7b,Fecha de envío:,1.009
151,Write error,es,Spanish,qwen2.5-coder:7b,Error de escritura,0.858
152,Educational applications,es,Spanish,qwen2.5-coder:7b,Aplicaciones educativas,0.963
153,Select wind format:,es,Spanish,qwen2.5-coder:7b,Seleccionar formato de viento:,1.23
154,Western Europe,es,Spanish,qwen2.5-coder:7b,Europa Occidental,1.0
155,Channel Mode,es,Spanish,qwen2.5-coder:7b,Modo de Canal,0.989
156,%1 (Brokerage),es,Spanish,qwen2.5-coder:7b,%1 (Corretaje),1.235
157,Image:,es,Spanish,qwen2.5-coder:7b,Imagen:,0.741
158,of Heshvan,es,Spanish,qwen2.5-coder:7b,de Heshvan,0.898
159,Could not read script '%1 '. Error %2,es,Spanish,qwen2.5-coder:7b,No se pudo leer el script '%1'. Error %2,1.964
160,Logging in...,es,Spanish,qwen2.5-coder:7b,Iniciando sesión...,0.903
161,Print Frame...,es,Spanish,qwen2.5-coder:7b,Imprimir Marco...,0.939
162,Yellow-Green Filter,es,Spanish,qwen2.5-coder:7b,Filtro Amarillo-Azul,1.174
163,Computer/ AI Player,es,Spanish,qwen2.5-coder:7b,Jugador de Computadora/AI,1.157
164,Landing Site,es,Spanish,qwen2.5-coder:7b,Sitio de Aterrizaje,1.366
165,Default Language:,es,Spanish,qwen2.5-coder:7b,Idioma Predeterminado:,1.192
166,Channel %1,es,Spanish,qwen2.5-coder:7b,Canal %1,0.849
167,cubic miles,es,Spanish,qwen2.5-coder:7b,cúbicos millas,1.028
168,S/ MIME Validation,es,Spanish,qwen2.5-coder:7b,Validación S/MIME,1.152
169,New Field,es,Spanish,qwen2.5-coder:7b,Nuevo Campo,0.835
170,"American Male, MBROLA",es,Spanish,qwen2.5-coder:7b,"Hombre Americano, MBROLA",1.517
171,UserId,es,Spanish,qwen2.5-coder:7b,Id de Usuario,0.693
172,Segmented,es,Spanish,qwen2.5-coder:7b,Segmentado,0.625
173,Video Device,es,Spanish,qwen2.5-coder:7b,Dispositivo de Video,1.097
174,License,es,Spanish,qwen2.5-coder:7b,Licencia,0.598
175,Graph style,es,Spanish,qwen2.5-coder:7b,Estilo de gráfico,1.076
176,Device Error,es,Spanish,qwen2.5-coder:7b,Error de Dispositivo,0.891
177,Scan Results,es,Spanish,qwen2.5-coder:7b,Resultados de la Escaneo,1.315
178,Remove image,es,Spanish,qwen2.5-coder:7b,Eliminar imagen,0.817
179,New Tab Behavior,es,Spanish,qwen2.5-coder:7b,Comportamiento de Nueva Pestaña,1.54
180,RSQ(known Y; known X),es,Spanish,qwen2.5-coder:7b,RSQ(conocido Y; conocido X),1.813
181,Commands,es,Spanish,qwen2.5-coder:7b,Comandos,0.713
182,pendown,es,Spanish,qwen2.5-coder:7b,bajar pluma,1.023
183,Transfer type:,es,Spanish,qwen2.5-coder:7b,Tipo de transferencia:,1.01
184,Output Channels,es,Spanish,qwen2.5-coder:7b,Salidas de Canales,1.144
185,Ballot X Bullet,es,Spanish,qwen2.5-coder:7b,Voto X Balota,1.202
186,Hosts allow:,es,Spanish,qwen2.5-coder:7b,Los anfitriones permiten:,1.392
187,What,es,Spanish,qwen2.5-coder:7b,Qué,0.505
188,Card Number,es,Spanish,qwen2.5-coder:7b,Número de tarjeta,0.796
189,Modification,es,Spanish,qwen2.5-coder:7b,Modificación,0.596
190,Ports,es,Spanish,qwen2.5-coder:7b,Puertos,0.608
191,ATI Query,es,Spanish,qwen2.5-coder:7b,Consulta ATI,0.862
192,Open a torrent,es,Spanish,qwen2.5-coder:7b,Abrir un torrent,0.869
193,of Hijjah,es,Spanish,qwen2.5-coder:7b,de Hijjah,0.779
194,Wire mesh,es,Spanish,qwen2.5-coder:7b,Mesh de alambre,1.064
195,Painterly Overlay,es,Spanish,qwen2.5-coder:7b,Superposición Pintoresca,1.275
196,Output Order,es,Spanish,qwen2.5-coder:7b,Orden de Salida,1.036
197,"Copyright (c) 1999-2006, Developers",es,Spanish,qwen2.5-coder:7b,"Copyright (c) 1999-2006, Desarrolladores",2.969
198,Backend Selection,es,Spanish,qwen2.5-coder:7b,Selección de Backend,0.845
199,A2 Invitation,es,Spanish,qwen2.5-coder:7b,A2 Invitación,1.059
200,Username: %1,es,Spanish,qwen2.5-coder:7b,Nombre de usuario: %1,1.094
201,Vocabulary exam,es,Spanish,qwen2.5-coder:7b,Examen de vocabulario,1.119
202,Output Type,es,Spanish,qwen2.5-coder:7b,Tipo de Salida,0.826
203,Format Percent,es,Spanish,qwen2.5-coder:7b,Formato Porcentaje,0.821
204,Phone Number:,es,Spanish,qwen2.5-coder:7b,Número de Teléfono:,0.891
205,Banners,es,Spanish,qwen2.5-coder:7b,Banners,0.616
206,Ammann lines,es,Spanish,qwen2.5-coder:7b,Líneas de Amman,1.053
207,Screen shot,es,Spanish,qwen2.5-coder:7b,Captura de pantalla,0.824
208,Delete Filter?,es,Spanish,qwen2.5-coder:7b,¿Eliminar Filtro?,0.986
209,& Insecure,es,Spanish,qwen2.5-coder:7b,& Inseguro,0.93
210,KStars Tools,es,Spanish,qwen2.5-coder:7b,Herramientas de KStars,1.181
211,KDE CD player,es,Spanish,qwen2.5-coder:7b,Reproductor de CD de KDE,1.32
212,Please select a game:,es,Spanish,qwen2.5-coder:7b,"Por favor, seleccione un juego:",1.333
213,Anchor,es,Spanish,qwen2.5-coder:7b,Ancla,0.609
214,KResources Framework Plugin,es,Spanish,qwen2.5-coder:7b,KResources Framework Plugin,1.147
215,Got old transactions,es,Spanish,qwen2.5-coder:7b,Transacciones antiguas,1.139
216,State:,es,Spanish,qwen2.5-coder:7b,Estado:,0.594
217,Throughput Graph,es,Spanish,qwen2.5-coder:7b,Grafico de Throughput,1.142
218,Parent ID,es,Spanish,qwen2.5-coder:7b,ID del Padre,0.873
219,Filename Patterns,es,Spanish,qwen2.5-coder:7b,Patrones de nombre de archivo,1.077
220,Search Engine,es,Spanish,qwen2.5-coder:7b,Motor de Búsqueda,1.019
221,Getting & kde;,es,Spanish,qwen2.5-coder:7b,Obteniendo & kde;,1.258
222,Image Resolution,es,Spanish,qwen2.5-coder:7b,Resolución de imagen,0.857
223,Observing List...,es,Spanish,qwen2.5-coder:7b,Lista de Observación...,1.071
224,New Tab Page,es,Spanish,qwen2.5-coder:7b,Nueva Página de Ola,1.23
225,Copying Succeeded,es,Spanish,qwen2.5-coder:7b,Copiado Exitoso,1.082
226,Selected text,es,Spanish,qwen2.5-coder:7b,Texto seleccionado,0.756
227,CadetBlue4,es,Spanish,qwen2.5-coder:7b,CadetBlue4,0.911
228,Track Color:,es,Spanish,qwen2.5-coder:7b,Color de la pista:,1.108
229,Network Problems,es,Spanish,qwen2.5-coder:7b,Problemas de Red,0.912
230,Text-to-Speech,es,Spanish,qwen2.5-coder:7b,Texto a Voz,1.144
231,Host/ User,es,Spanish,qwen2.5-coder:7b,Servidor/ Usuario,1.052
232,Horizontally,es,Spanish,qwen2.5-coder:7b,Horizontalmente,0.63
233,Grouping Stencils,es,Spanish,qwen2.5-coder:7b,Grupos de estencillas,1.297
234,Template & name:,es,Spanish,qwen2.5-coder:7b,Plantilla & nombre:,1.024
235,Wind speed: %1,es,Spanish,qwen2.5-coder:7b,Velocidad del viento: %1,1.661
236,SpringGreen,es,Spanish,qwen2.5-coder:7b,VerdePrimavera,0.94
237,Acceleration & profile:,es,Spanish,qwen2.5-coder:7b,Aceleración & perfil:,1.214
238,& Size:,es,Spanish,qwen2.5-coder:7b,&Tamaño:,0.747
239,Max age,es,Spanish,qwen2.5-coder:7b,Edad máxima,0.764
240,incomplete,es,Spanish,qwen2.5-coder:7b,incompleto,0.906
241,Add Repository,es,Spanish,qwen2.5-coder:7b,Añadir Repositorio,0.999
242,Informative,es,Spanish,qwen2.5-coder:7b,Informativo,0.645
243,& rsibreak; statistics,es,Spanish,qwen2.5-coder:7b,& rsibreak; estadísticas,1.434
244,Multiplication,es,Spanish,qwen2.5-coder:7b,Multiplicación,0.761
245,pptpclient is missing,es,Spanish,qwen2.5-coder:7b,pptpclient está ausente,1.293
246,Skipped.,es,Spanish,qwen2.5-coder:7b,Omitido.,0.894
247,& Superlative,es,Spanish,qwen2.5-coder:7b,& Superlativo,1.003
248,Design View,es,Spanish,qwen2.5-coder:7b,Vista de Diseño,1.14
249,DarkGreen,es,Spanish,qwen2.5-coder:7b,Verde Oscuro,0.839
250,Accesspoint,es,Spanish,qwen2.5-coder:7b,Punto de acceso,0.994
251,Contents Behavior,es,Spanish,qwen2.5-coder:7b,Comportamiento de Contenido,1.329
252,Not Ready,es,Spanish,qwen2.5-coder:7b,No Listo,0.85
253,Setting Category:,es,Spanish,qwen2.5-coder:7b,Categoría de Ajustes:,1.239
254,Elevation:,es,Spanish,qwen2.5-coder:7b,Elevación:,0.84
255,Unable to start %1.,es,Spanish,qwen2.5-coder:7b,No se puede iniciar %1.,1.296
256,Sample rate,es,Spanish,qwen2.5-coder:7b,Velocidad de muestreo,1.352
257,Shut Up,es,Spanish,qwen2.5-coder:7b,Calla,0.88
258,Page size:,es,Spanish,qwen2.5-coder:7b,Tamaño de página:,0.956
259,Display Prefix:,es,Spanish,qwen2.5-coder:7b,Prefijo a Mostrar:,1.135
260,Storm,es,Spanish,qwen2.5-coder:7b,tormenta,0.595
261,Best effort,es,Spanish,qwen2.5-coder:7b,Mejor esfuerzo,1.11
262,Years,es,Spanish,qwen2.5-coder:7b,Años,0.584
263,XML Validation,es,Spanish,qwen2.5-coder:7b,Validación XML,0.916
264,black (bold),es,Spanish,qwen2.5-coder:7b,negro (negrita),1.092
265,Formula Selection,es,Spanish,qwen2.5-coder:7b,Selección de Fórmula,1.152
266,Secure,es,Spanish,qwen2.5-coder:7b,Seguro,0.634
267,Coral,es,Spanish,qwen2.5-coder:7b,Coral,0.652
268,Work path:,es,Spanish,qwen2.5-coder:7b,Ruta de trabajo:,0.922
269,First-run Wizard,es,Spanish,qwen2.5-coder:7b,Asistente de primera ejecución,1.155
270,OK dialog,es,Spanish,qwen2.5-coder:7b,Diálogo de Aceptar,1.339
271,Last & Friday,es,Spanish,qwen2.5-coder:7b,Última &Viernes,1.38
272,File Path,es,Spanish,qwen2.5-coder:7b,Ruta del archivo,0.859
273,Groups,es,Spanish,qwen2.5-coder:7b,Grupos,0.585
274,Pixmap:,es,Spanish,qwen2.5-coder:7b,Mapa de píxeles:,1.264
275,Austrian Schilling,es,Spanish,qwen2.5-coder:7b,Austrian Schilling,1.118
276,Phoenix Islands,es,Spanish,qwen2.5-coder:7b,Islas Fénix,0.905
277,42 Points,es,Spanish,qwen2.5-coder:7b,42 Puntos,0.865
278,French,es,Spanish,qwen2.5-coder:7b,Francés,0.591
279,Rectangular,es,Spanish,qwen2.5-coder:7b,Rectangular,0.617
280,Foreground color,es,Spanish,qwen2.5-coder:7b,Color de primer plano,0.816
281,Place cursor,es,Spanish,qwen2.5-coder:7b,Coloque el cursor,0.994
282,Shortcut name: s,es,Spanish,qwen2.5-coder:7b,Nombre del atajo: s,1.31
283,Output To,es,Spanish,qwen2.5-coder:7b,Salida A,0.939
284,(none),es,Spanish,qwen2.5-coder:7b,(ninguno),0.885
285,_Password:,es,Spanish,qwen2.5-coder:7b,Contraseña:,0.767
286,Verification:,es,Spanish,qwen2.5-coder:7b,Verificación:,0.818
287,Log Directory:,es,Spanish,qwen2.5-coder:7b,Directorio de Logs:,0.997
288,Flower box,es,Spanish,qwen2.5-coder:7b,Maceta,0.841
289,LightCoral,es,Spanish,qwen2.5-coder:7b,LightCoral,0.93
290,& Next Track,es,Spanish,qwen2.5-coder:7b,& Siguiente Canción,1.034
291,Save to,es,Spanish,qwen2.5-coder:7b,Guardar en,0.876
292,Monthly,es,Spanish,qwen2.5-coder:7b,Mensual,0.696
293,Dark green,es,Spanish,qwen2.5-coder:7b,Verde oscuro,0.826
294,Focal Length:,es,Spanish,qwen2.5-coder:7b,Longitud Focal:,1.031
295,Next in XMMS,es,Spanish,qwen2.5-coder:7b,Próximo en XMMS,1.312
296,Default view layout:,es,Spanish,qwen2.5-coder:7b,Disposición de la vista predeterminada:,1.42
297,weightConst,es,Spanish,qwen2.5-coder:7b,const peso,0.816
298,Written Data,es,Spanish,qwen2.5-coder:7b,Datos Escritos,0.701
299,Y rotation,es,Spanish,qwen2.5-coder:7b,Rotación en Y,1.006
300,& find,es,Spanish,qwen2.5-coder:7b,& buscar,0.75
301,Nationalities,es,Spanish,qwen2.5-coder:7b,Nacionalidades,0.781
302,Open a script...,es,Spanish,qwen2.5-coder:7b,Abre un script...,1.089
303,Frost Glass,es,Spanish,qwen2.5-coder:7b,Vidrio Helado,1.142
304,WEEKSINYEAR(year),es,Spanish,qwen2.5-coder:7b,SEMANASENELAÑO(%s),1.699
305,SingleSided,es,Spanish,qwen2.5-coder:7b,Unilateral,0.851
306,vCard Address Book File,es,Spanish,qwen2.5-coder:7b,Archivo de Libreta de Direcciones vCard,1.772
307,Search What,es,Spanish,qwen2.5-coder:7b,Buscar Qué,0.827
308,Vector Equality Test,es,Spanish,qwen2.5-coder:7b,Prueba de Igualdad de Vector,1.437
309,Light Gray,es,Spanish,qwen2.5-coder:7b,Gris Claro,0.919
310,Game New Sandbox Game,es,Spanish,qwen2.5-coder:7b,Juego Nuevo Sandbox Juego,1.36
311,Mobile Phone Information,es,Spanish,qwen2.5-coder:7b,Información de Teléfono Móvil,1.345
312,Paper Size:,es,Spanish,qwen2.5-coder:7b,Tamaño de Papel:,1.066
313,Network Construction Game,es,Spanish,qwen2.5-coder:7b,Juego de Construcción de Redes,1.319
314,COLUMNS(reference),es,Spanish,qwen2.5-coder:7b,COLUMNAS(referencia),1.185
315,Generalization,es,Spanish,qwen2.5-coder:7b,Generalización,0.676
316,Issued,es,Spanish,qwen2.5-coder:7b,Emitió,0.937
317,Answer string:,es,Spanish,qwen2.5-coder:7b,Respuesta de cadena:,1.042
318,Middle,es,Spanish,qwen2.5-coder:7b,Medio,0.809
319,Vert. Size Type,es,Spanish,qwen2.5-coder:7b,Ver. Tamaño Tipo,1.292
320,12 MB or more,es,Spanish,qwen2.5-coder:7b,12 MB o más,1.042
321,PCSCLite Configuration,es,Spanish,qwen2.5-coder:7b,Configuración de PCSCLite,1.371
322,1024 mm or more,es,Spanish,qwen2.5-coder:7b,1024 mm o más,1.499
323,KDE Certificate Request,es,Spanish,qwen2.5-coder:7b,Solicitud de Certificado KDE,1.262
324,NMM Configuration,es,Spanish,qwen2.5-coder:7b,Configuración NMM,0.975
325,CGConstraintSolver,es,Spanish,qwen2.5-coder:7b,CGConstraintSolver,0.985
326,Overwrite mode:,es,Spanish,qwen2.5-coder:7b,Modo de sobrescritura:,1.412
327,Adding Applets,es,Spanish,qwen2.5-coder:7b,Añadiendo Applets,1.195
328,Starting in cell,es,Spanish,qwen2.5-coder:7b,Comenzando en la celda,1.451
329,List Wizard,es,Spanish,qwen2.5-coder:7b,Asistente de Lista,0.951
330,Player Names,es,Spanish,qwen2.5-coder:7b,Nombres de los jugadores,1.046
331,Music Tool,es,Spanish,qwen2.5-coder:7b,Herramienta Musical,0.939
332,Control Center Modules,es,Spanish,qwen2.5-coder:7b,Modulos del Centro de Control,1.289
333,%1 unsaved document (%2),es,Spanish,qwen2.5-coder:7b,%1 documento no guardado (%2),1.57
334,Instructions:,es,Spanish,qwen2.5-coder:7b,Instrucciones:,0.851
335,Resolve,es,Spanish,qwen2.5-coder:7b,Resolver,0.524
336,Progressive,es,Spanish,qwen2.5-coder:7b,Progresivo,0.963
337,Descriptions,es,Spanish,qwen2.5-coder:7b,Descripciones,0.813
338,Filter Log Viewer,es,Spanish,qwen2.5-coder:7b,Visualizador de Registro de Filtros,1.531
339,Pre-text:,es,Spanish,qwen2.5-coder:7b,Pre-texto:,0.953
340,Transparent,es,Spanish,qwen2.5-coder:7b,Transparente,0.623
341,Multiline response color:,es,Spanish,qwen2.5-coder:7b,Color de respuesta multilínea:,1.409
342,File Quality,es,Spanish,qwen2.5-coder:7b,Calidad del Archivo,0.977
343,Connect,es,Spanish,qwen2.5-coder:7b,Conectar,0.599
344,Finished,es,Spanish,qwen2.5-coder:7b,Terminado,0.686
345,& Gamma (Color correction):,es,Spanish,qwen2.5-coder:7b,& Gamma (Corrección de color):,1.521
346,Home user,es,Spanish,qwen2.5-coder:7b,Usuario de casa,0.99
347,Desktop Sessions,es,Spanish,qwen2.5-coder:7b,Sessiones de Escritorio,1.227
348,System Tray Applet,es,Spanish,qwen2.5-coder:7b,Aplicación de la bandeja del sistema,1.577
349,USB Device,es,Spanish,qwen2.5-coder:7b,Dispositivo USB,1.078
350,Stretch,es,Spanish,qwen2.5-coder:7b,Estirar,0.723
351,Kugar report template,es,Spanish,qwen2.5-coder:7b,Plantilla de informe Kugar,1.416
352,New board,es,Spanish,qwen2.5-coder:7b,Nuevo tablero,0.977
353,Australia/ Broken_Hill,es,Spanish,qwen2.5-coder:7b,Australia/Broken_Hill,1.235
354,Torture Krita with filters,es,Spanish,qwen2.5-coder:7b,Abusa de Krita con filtros,1.559
355,User Properties Dialog,es,Spanish,qwen2.5-coder:7b,Diálogo de Propiedades del Usuario,1.487
356,(no trace),es,Spanish,qwen2.5-coder:7b,(sin rastro),0.969
357,Image Plugins,es,Spanish,qwen2.5-coder:7b,Complementos de Imagen,1.306
358,*. ui_BAR_Designer Files,es,Spanish,qwen2.5-coder:7b,*. ui_Diseñador de Interfaces Files,1.473
359,KDevHTMLPreview,es,Spanish,qwen2.5-coder:7b,Vista Previa HTML de KDev,1.544
360,S/ MIME Key Selection,es,Spanish,qwen2.5-coder:7b,Selección de Clave S/MIME,1.314
361,Math Mode,es,Spanish,qwen2.5-coder:7b,Modo Matemático,1.136
362,Data entry,es,Spanish,qwen2.5-coder:7b,Ingreso de datos,0.926
363,Recommended: UTF-8,es,Spanish,qwen2.5-coder:7b,Recomendado: UTF-8,1.597
364,Popup Top-Right,es,Spanish,qwen2.5-coder:7b,Popup Superior-Derecho,1.205
365,Transition duration,es,Spanish,qwen2.5-coder:7b,Duración de la transición,1.242
366,Transfers,es,Spanish,qwen2.5-coder:7b,Transferencias,0.662
367,Asia/ Kuching,es,Spanish,qwen2.5-coder:7b,Asia/ Kuching,1.058
368,Cups PDF Log Files,es,Spanish,qwen2.5-coder:7b,Archivos de registro PDF de Cups,1.459
369,Clock Frequency,es,Spanish,qwen2.5-coder:7b,Frecuencia del Reloj,1.108
370,Triple,es,Spanish,qwen2.5-coder:7b,Triple,0.522
371,*** Finished ***,es,Spanish,qwen2.5-coder:7b,*** Terminado ***,1.06
372,Searching: search,es,Spanish,qwen2.5-coder:7b,Buscando: buscar,1.2
373,Success.,es,Spanish,qwen2.5-coder:7b,Éxito.,0.846
374,Portable Pixmap Image (. ppm),es,Spanish,qwen2.5-coder:7b,Imagen Pixmap Portátil (. ppm),1.679
375,SSL Ciphers,es,Spanish,qwen2.5-coder:7b,Protocolos SSL,1.169
376,Required by:,es,Spanish,qwen2.5-coder:7b,Requerido por:,1.071
377,Empty the cache,es,Spanish,qwen2.5-coder:7b,Borrar la caché,0.963
378,Database Creator,es,Spanish,qwen2.5-coder:7b,Creator de Bases de Datos,1.026
379,Read only,es,Spanish,qwen2.5-coder:7b,Solo lectura,0.861
380,Term,es,Spanish,qwen2.5-coder:7b,Termino,0.799
381,JS Sample Engine,es,Spanish,qwen2.5-coder:7b,Motor de Ejemplo JS,1.18
382,isiXhosa Xhosa (South Africa),es,Spanish,qwen2.5-coder:7b,isiXhosa Xhosa (Sudáfrica),2.116
383,Video Player,es,Spanish,qwen2.5-coder:7b,Reproductor de Video,0.964
384,Math Environments,es,Spanish,qwen2.5-coder:7b,Entornos Matemáticos,1.391
385,angularVelocity,es,Spanish,qwen2.5-coder:7b,velocidadAngular,0.904
386,"Letter, Modifier",es,Spanish,qwen2.5-coder:7b,"Letra, Modificador",1.228
387,User2,es,Spanish,qwen2.5-coder:7b,Usuario2,0.65
388,Wildcard,es,Spanish,qwen2.5-coder:7b,Comodín,0.703
389,Check List dialog,es,Spanish,qwen2.5-coder:7b,Diálogo de Lista de Verificación,1.538
390,& PFS Group,es,Spanish,qwen2.5-coder:7b,& Grupo PFS,0.91
391,too old,es,Spanish,qwen2.5-coder:7b,demasiado viejo,1.163
392,%1 Transfers.,es,Spanish,qwen2.5-coder:7b,%1 Transferencias.,1.016
393,LDAP idmap suffix:,es,Spanish,qwen2.5-coder:7b,Sufijo de idmap LDAP:,1.325
394,Interpolate:,es,Spanish,qwen2.5-coder:7b,Interpolar:,0.908
395,Explosions,es,Spanish,qwen2.5-coder:7b,Explosiones,0.749
396,Aligned,es,Spanish,qwen2.5-coder:7b,Alinear,0.586
397,& Talker:,es,Spanish,qwen2.5-coder:7b,& Hablador:,0.991
398,unlimited,es,Spanish,qwen2.5-coder:7b,ilimitado,0.988
399,Image source:,es,Spanish,qwen2.5-coder:7b,Origen de la imagen:,1.127
400,Web Forms Daemon,es,Spanish,qwen2.5-coder:7b,Servicio de Formularios Web,1.329
401,& kxsldbg; can now,es,Spanish,qwen2.5-coder:7b,& kxsldbg; ahora puede,1.487
402,Refine Shopping List,es,Spanish,qwen2.5-coder:7b,Mejora la Lista de Compras,1.552
403,Destination,es,Spanish,qwen2.5-coder:7b,Destino,0.811
404,Statistics,es,Spanish,qwen2.5-coder:7b,Estadísticas,0.732
405,Shortcut name: show,es,Spanish,qwen2.5-coder:7b,Nombre del atajo: mostrar,1.343
406,Radial,es,Spanish,qwen2.5-coder:7b,Radial,0.883
407,Initial level:,es,Spanish,qwen2.5-coder:7b,nivel inicial:,1.086
408,Electronegativity (Pauling),es,Spanish,qwen2.5-coder:7b,Electronegatividad (Pauling),1.834
409,Package name:,es,Spanish,qwen2.5-coder:7b,Nombre del paquete:,1.262
410,Chad,es,Spanish,qwen2.5-coder:7b,Chad,0.813
411,KWD Files,es,Spanish,qwen2.5-coder:7b,Archivos KWD,0.947
412,Tile border:,es,Spanish,qwen2.5-coder:7b,Margen del mosaico:,1.328
413,Available,es,Spanish,qwen2.5-coder:7b,Disponible,0.669
414,Coupons per year,es,Spanish,qwen2.5-coder:7b,Cupones por año,1.074
415,close,es,Spanish,qwen2.5-coder:7b,cerrar,0.663
416,power profile %1,es,Spanish,qwen2.5-coder:7b,Perfil de potencia %1,1.331
417,Action messages:,es,Spanish,qwen2.5-coder:7b,Acciones de mensaje:,1.074
418,Ukraine,es,Spanish,qwen2.5-coder:7b,Ucrania,0.78
419,Port,es,Spanish,qwen2.5-coder:7b,Puerto,0.83
420,image save OK,es,Spanish,qwen2.5-coder:7b,imagen guardada OK,1.134
421,Item height,es,Spanish,qwen2.5-coder:7b,Altura del elemento,1.142
422,& Query Modem...,es,Spanish,qwen2.5-coder:7b,& Consultar Modem...,1.187
423,Constraints,es,Spanish,qwen2.5-coder:7b,Restricciones,0.915
424,Scanning for %1...,es,Spanish,qwen2.5-coder:7b,Escaneando %1...,1.274
425,F Major,es,Spanish,qwen2.5-coder:7b,F Mayor,0.649
426,Soundcard Information,es,Spanish,qwen2.5-coder:7b,Información de tarjeta de sonido,1.563
427,& Background color:,es,Spanish,qwen2.5-coder:7b,& Color de fondo:,1.053
428,Dithering PPI,es,Spanish,qwen2.5-coder:7b,Dithering PPI,1.306
429,Other command line options,es,Spanish,qwen2.5-coder:7b,Otras opciones de línea de comandos,1.448
430,Part Instruction Call,es,Spanish,qwen2.5-coder:7b,Instrucción de Parte Llamada,1.526
431,Identity:,es,Spanish,qwen2.5-coder:7b,Identidad:,0.869
432,Shuffle,es,Spanish,qwen2.5-coder:7b,Mezclar,0.976
433,Expense,es,Spanish,qwen2.5-coder:7b,Gasto,0.627
434,LightBlue4,es,Spanish,qwen2.5-coder:7b,AzulClaro4,1.026
435,Last. fm Profile,es,Spanish,qwen2.5-coder:7b,Perfil de Last. fm,1.113
436,& Grayscale,es,Spanish,qwen2.5-coder:7b,& Grises,0.824
437,Autoconfiguration,es,Spanish,qwen2.5-coder:7b,Configuración Automática,1.003
438,Subject distance type:,es,Spanish,qwen2.5-coder:7b,Tipo de distancia de sujeto:,1.454
439,File Size:,es,Spanish,qwen2.5-coder:7b,Tamaño del archivo:,1.038
440,Comments: %1,es,Spanish,qwen2.5-coder:7b,Comentarios: %1,1.255
441,Example: mount %d,es,Spanish,qwen2.5-coder:7b,Example: montar %d,1.378
442,Append Signature,es,Spanish,qwen2.5-coder:7b,Añadir Firma,1.121
443,No CMY,es,Spanish,qwen2.5-coder:7b,No CMY,0.935
444,Buy,es,Spanish,qwen2.5-coder:7b,Comprar,0.638
445,Statistics Plugin,es,Spanish,qwen2.5-coder:7b,Complemento de Estadísticas,1.417
446,CARY(Radius; Angle),es,Spanish,qwen2.5-coder:7b,CARY(Radio; Ángulo),1.511
447,Translate Points,es,Spanish,qwen2.5-coder:7b,Traducir Puntos,1.163
448,High Scores,es,Spanish,qwen2.5-coder:7b,Puntuaciones Altas,0.96
449,Strokes:,es,Spanish,qwen2.5-coder:7b,Guiones:,0.916
450,Recipient (%1),es,Spanish,qwen2.5-coder:7b,Destinatario (%1),1.427
451,&File,es,Spanish,qwen2.5-coder:7b,&Archivo,0.693
452,& Dutch,es,Spanish,qwen2.5-coder:7b,& Neerlandés,0.856
453,Decrement (to %1),es,Spanish,qwen2.5-coder:7b,Disminuir (a %1),1.563
454,The Spiral,es,Spanish,qwen2.5-coder:7b,La Espiral,0.952
455,Script Termination,es,Spanish,qwen2.5-coder:7b,Terminación de Script,1.031
456,Interrupted,es,Spanish,qwen2.5-coder:7b,Interrumpido,1.066
457,IP Addresses,es,Spanish,qwen2.5-coder:7b,Direcciones IP,1.007
458,User ID:,es,Spanish,qwen2.5-coder:7b,ID de usuario:,0.909
459,Swampy coloration,es,Spanish,qwen2.5-coder:7b,Coloración musgosa,1.101
460,Direct deposit,es,Spanish,qwen2.5-coder:7b,Depósito directo,0.91
461,Carbonic acid,es,Spanish,qwen2.5-coder:7b,Ácido carbonico,0.92
462,Documentation Tree,es,Spanish,qwen2.5-coder:7b,Árbol de Documentación,1.269
463,Lightness Curve,es,Spanish,qwen2.5-coder:7b,Curva de Brillo,1.07
464,turtle,es,Spanish,qwen2.5-coder:7b,tortuga,0.76
465,Perspective 4D,es,Spanish,qwen2.5-coder:7b,Perspectiva 4D,1.202
466,Pot Hole,es,Spanish,qwen2.5-coder:7b,Agujero de arena,1.032
467,View with Moamp; zilla,es,Spanish,qwen2.5-coder:7b,Ver con Moamp; zilla,1.607
468,& Account,es,Spanish,qwen2.5-coder:7b,&Cuenta,0.716
469,SlateBlue3,es,Spanish,qwen2.5-coder:7b,SlateBlue3,1.01
470,Subject Distance:,es,Spanish,qwen2.5-coder:7b,Distancia del Sujeto:,1.264
471,Contact Group Serializer,es,Spanish,qwen2.5-coder:7b,Serializador de Grupo de Contactos,1.414
472,Pass:,es,Spanish,qwen2.5-coder:7b,Contraseña:,0.781
473,Red: nbsp; Nation,es,Spanish,qwen2.5-coder:7b,Red: nbsp; Nación,1.565
474,screen grab,es,Spanish,qwen2.5-coder:7b,captura de pantalla,0.887
475,& D-Bus registration:,es,Spanish,qwen2.5-coder:7b,& Registro de D-Bus:,1.365
476,South Kalimantan,es,Spanish,qwen2.5-coder:7b,Sur Kalimantan,1.239
477,Parent,es,Spanish,qwen2.5-coder:7b,Padre,0.885
478,Luganda sounds,es,Spanish,qwen2.5-coder:7b,Sonidos de Luganda,1.081
479,Final value:,es,Spanish,qwen2.5-coder:7b,Valor final:,0.788
480,& French To,es,Spanish,qwen2.5-coder:7b,& Francés A,0.942
481,Months,es,Spanish,qwen2.5-coder:7b,Meses,0.7
482,New Tag...,es,Spanish,qwen2.5-coder:7b,Nuevo Etiqueta...,0.995
483,Comparison forms,es,Spanish,qwen2.5-coder:7b,Formas de comparación,0.971
484,Selection Tool,es,Spanish,qwen2.5-coder:7b,Herramienta de Selección,1.332
485,Previous Track,es,Spanish,qwen2.5-coder:7b,Track Anterior,0.986
486,RoyalBlue3,es,Spanish,qwen2.5-coder:7b,RoyalBlue3,0.823
487,Year of computation,es,Spanish,qwen2.5-coder:7b,Año de cálculo,1.261
488,Maximum share ratio:,es,Spanish,qwen2.5-coder:7b,Proporción máxima:,1.125
489,Attachment name,es,Spanish,qwen2.5-coder:7b,Nombre del archivo adjunto,0.939
490,Network interface %1 disconnected,es,Spanish,qwen2.5-coder:7b,Interfaz de red %1 desconectada,1.871
491,%1 selected (%2),es,Spanish,qwen2.5-coder:7b,%1 seleccionado (%2),1.305
492,Agenda View,es,Spanish,qwen2.5-coder:7b,Vista de Agenda,1.127
493,Street:,es,Spanish,qwen2.5-coder:7b,Calles:,0.856
494,Identities...,es,Spanish,qwen2.5-coder:7b,Identidades...,0.776
495,action,es,Spanish,qwen2.5-coder:7b,acción,0.518
496,LARGE: even larger.,es,Spanish,qwen2.5-coder:7b,GRANDE: aún más grande.,1.379
497,Card Appearance,es,Spanish,qwen2.5-coder:7b,Apariencia de la tarjeta,1.348
498,Neighbors:,es,Spanish,qwen2.5-coder:7b,Vecinos:,0.738
499,Action-Button Bindings,es,Spanish,qwen2.5-coder:7b,Enlaces de Botón de Acción,1.556
500,DodgerBlue4,es,Spanish,qwen2.5-coder:7b,DodgerBlue4,0.995
501,KMobileTools EngineXP,es,Spanish,qwen2.5-coder:7b,KMobileTools MotorXP,1.125
502,& Previous Day,es,Spanish,qwen2.5-coder:7b,& Día Anterior,1.158
503,Stock,es,Spanish,qwen2.5-coder:7b,Inventario,0.666
504,"Core Developer: Marble Runners, World-Clock Plasmoid",es,Spanish,qwen2.5-coder:7b,"Desarrollador Principal: Corredores de Mármore, Plasmoid Reloj del Mundo",3.012
505,Cross-stitch,es,Spanish,qwen2.5-coder:7b,Enredillo cruzado,1.27
506,Jpeg-Image,es,Spanish,qwen2.5-coder:7b,Imagen JPEG,0.744
507,Color correction,es,Spanish,qwen2.5-coder:7b,Corrección de color,1.21
508,(Customized),es,Spanish,qwen2.5-coder:7b,(Personalizado),0.945
509,Archive & file:,es,Spanish,qwen2.5-coder:7b,Archivo & archivo:,1.038
510,Passwords,es,Spanish,qwen2.5-coder:7b,Contraseñas,0.74
511,New document,es,Spanish,qwen2.5-coder:7b,Nuevo documento,0.903
512,Iptc,es,Spanish,qwen2.5-coder:7b,IPTC,0.808
513,Copy %1 to:,es,Spanish,qwen2.5-coder:7b,Compartir %1 con:,1.334
514,Airport,es,Spanish,qwen2.5-coder:7b,Aeropuerto,1.068
515,& Column,es,Spanish,qwen2.5-coder:7b,& Columna,0.882
516,Wire,es,Spanish,qwen2.5-coder:7b,Conexión,0.95
517,Easy Start,es,Spanish,qwen2.5-coder:7b,Arranque Fácil,1.208
518,GIF Images,es,Spanish,qwen2.5-coder:7b,Imágenes GIF,0.832
519,Rectangle,es,Spanish,qwen2.5-coder:7b,Rectángulo,0.75
520,Correct perspective,es,Spanish,qwen2.5-coder:7b,Perspectiva correcta,1.206
521,Effect Properties,es,Spanish,qwen2.5-coder:7b,Propiedades del Efecto,1.097
522,May,es,Spanish,qwen2.5-coder:7b,Mayo,0.864
523,IMPOWER(string),es,Spanish,qwen2.5-coder:7b,IMPOWER(%s),1.187
524,Double-clicking,es,Spanish,qwen2.5-coder:7b,Doble clic,0.831
525,Shape Properties,es,Spanish,qwen2.5-coder:7b,Propiedades de la forma,1.022
526,Warnings.,es,Spanish,qwen2.5-coder:7b,Avisos.,0.838
527,Horizon (line),es,Spanish,qwen2.5-coder:7b,Horizonte (línea),1.326
528,Year:,es,Spanish,qwen2.5-coder:7b,Año:,0.728
529,Colors Configuration,es,Spanish,qwen2.5-coder:7b,Configuración de Colores,1.055
530,Comic:,es,Spanish,qwen2.5-coder:7b,Comic:,0.709
531,Random Mix,es,Spanish,qwen2.5-coder:7b,Mezcla Aleatoria,1.191
532,Albums By,es,Spanish,qwen2.5-coder:7b,Álbumes Por,1.037
533,Verify,es,Spanish,qwen2.5-coder:7b,Verificar,0.828
534,Remove From Disk,es,Spanish,qwen2.5-coder:7b,Eliminar del Disco,0.986
535,OpenSSL finished.,es,Spanish,qwen2.5-coder:7b,OpenSSL terminado.,1.155
536,Protocol Versions,es,Spanish,qwen2.5-coder:7b,Versiones de Protocolo,1.209
537,Script-based,es,Spanish,qwen2.5-coder:7b,Basado en scripts,1.102
538,Zoom Blur,es,Spanish,qwen2.5-coder:7b,Desenfoque de Zoom,1.06
539,Scan Workgroup,es,Spanish,qwen2.5-coder:7b,Escanea Grupo de Trabajo,1.42
540,Remove Skin,es,Spanish,qwen2.5-coder:7b,Eliminar Piel,0.962
541,Simple 1,es,Spanish,qwen2.5-coder:7b,Simple 1,1.039
542,Move Down,es,Spanish,qwen2.5-coder:7b,Mover Abajo,0.976
543,& Step up,es,Spanish,qwen2.5-coder:7b,& Subir,0.887
544,New tab opens:,es,Spanish,qwen2.5-coder:7b,Nueva pestaña se abre:,1.314
545,Root Album Folders,es,Spanish,qwen2.5-coder:7b, Carpetas de Álbumes Raíz,1.839
546,Expiration date,es,Spanish,qwen2.5-coder:7b,Fecha de expiración,0.981
547,Appointment Time,es,Spanish,qwen2.5-coder:7b,Hora de la cita,1.064
548,SkyBlue2,es,Spanish,qwen2.5-coder:7b,Aqua,0.711
549,Keys,es,Spanish,qwen2.5-coder:7b,Claves,0.62
550,Section Level 2,es,Spanish,qwen2.5-coder:7b,Sección Nivel 2,1.403
551,PopSquares,es,Spanish,qwen2.5-coder:7b,PopSquares,0.829
552,Group name:,es,Spanish,qwen2.5-coder:7b,Nombre del grupo:,0.929
553,Calling,es,Spanish,qwen2.5-coder:7b,Llamando,0.751
554,Radius,es,Spanish,qwen2.5-coder:7b,Radio,0.554
555,Ending Balance,es,Spanish,qwen2.5-coder:7b,Saldo Final,1.029
556,Log Files,es,Spanish,qwen2.5-coder:7b,Archivos de registro,1.109
557,Download List,es,Spanish,qwen2.5-coder:7b,Descargar Lista,1.076
558,& German To,es,Spanish,qwen2.5-coder:7b,& Alemán A,1.041
559,Folder List,es,Spanish,qwen2.5-coder:7b,Lista de Carpetas,1.23
560,Frame Error Rate,es,Spanish,qwen2.5-coder:7b,Error de Marco,1.103
561,Sri Lankan rupee,es,Spanish,qwen2.5-coder:7b,rupia sri lankana,1.453
562,Video Quality,es,Spanish,qwen2.5-coder:7b,Calidad de Video,0.971
563,Quick Upload,es,Spanish,qwen2.5-coder:7b,Carga Rápida,1.068
564,Key connectors,es,Spanish,qwen2.5-coder:7b,Conectores clave,0.958
565,Light red,es,Spanish,qwen2.5-coder:7b,Rojo claro,1.005
566,KDE Notification Daemon,es,Spanish,qwen2.5-coder:7b,Demónio de Notificación de KDE,1.552
567,Tool information,es,Spanish,qwen2.5-coder:7b,Información de la herramienta,1.323
568,Closed Tabs,es,Spanish,qwen2.5-coder:7b,Pestañas Cerradas,1.05
569,ImagePlugin_Border,es,Spanish,qwen2.5-coder:7b,Plugin de Borde de Imagen,1.443
570,"Yes, red-eye",es,Spanish,qwen2.5-coder:7b,"Sí, ojos rojos",1.461
571,Presentation Variables,es,Spanish,qwen2.5-coder:7b,Variables de Presentación,1.334
572,Tag Properties:,es,Spanish,qwen2.5-coder:7b,Propiedades de la etiqueta:,1.226
573,Selecting objects,es,Spanish,qwen2.5-coder:7b,Seleccionando objetos,0.996
574,SlateBlue,es,Spanish,qwen2.5-coder:7b,SlateBlue,0.934
575,Ctrl; C Copy,es,Spanish,qwen2.5-coder:7b,Ctrl; C Copiar,1.201
576,Commands for navigation,es,Spanish,qwen2.5-coder:7b,Comandos para navegación,1.331
577,Extensions,es,Spanish,qwen2.5-coder:7b,Extensiones,0.613
578,Altitude Correction,es,Spanish,qwen2.5-coder:7b,Corrección de Altitud,1.044
579,Quarters 1/ 4,es,Spanish,qwen2.5-coder:7b,Trimestres 1/ 4,1.662
580,Bookshelf,es,Spanish,qwen2.5-coder:7b,Estantería,0.935
581,Low,es,Spanish,qwen2.5-coder:7b,Bajo,0.616
582,Data types,es,Spanish,qwen2.5-coder:7b,Tipos de datos,0.843
583,East Azarbaijan,es,Spanish,qwen2.5-coder:7b,Azoreastán,1.187
584,Trimmed,es,Spanish,qwen2.5-coder:7b,Ajustado,0.753
585,Add Host,es,Spanish,qwen2.5-coder:7b,Añadir Host,0.908
586,New backend,es,Spanish,qwen2.5-coder:7b,Nuevo backend,0.839
587,Window Decoration,es,Spanish,qwen2.5-coder:7b,Decoración de Ventana,1.14
588,Incomes,es,Spanish,qwen2.5-coder:7b,Ingresos,0.763
589,Backup canceled.,es,Spanish,qwen2.5-coder:7b,Respaldo cancelado.,1.145
590,Final activity,es,Spanish,qwen2.5-coder:7b,Actividad final,0.939
591,Pad 7 - Halo,es,Spanish,qwen2.5-coder:7b,Placa 7 - Halo,1.341
592,Budgeted,es,Spanish,qwen2.5-coder:7b,Presupuesto,0.73
593,Slow,es,Spanish,qwen2.5-coder:7b,Lento,0.619
594,Search Settings,es,Spanish,qwen2.5-coder:7b,Ajustes de Búsqueda,1.138
595,cutOffFraction,es,Spanish,qwen2.5-coder:7b,fracciónDeCorte,1.178
596,Copy Messages,es,Spanish,qwen2.5-coder:7b,Compartir Mensajes,1.133
597,& Organization:,es,Spanish,qwen2.5-coder:7b,& Organización:,0.883
598,Audio Properties,es,Spanish,qwen2.5-coder:7b,Propiedades de Audio,0.887
599,Shortcut name: watch,es,Spanish,qwen2.5-coder:7b,Nombre del atajo: ver,1.105
600,Square,es,Spanish,qwen2.5-coder:7b,Cuadrado,0.738
601,Highest,es,Spanish,qwen2.5-coder:7b,Mayor,0.737
602,Strikeout,es,Spanish,qwen2.5-coder:7b,Tachado,0.74
603,Project Tree,es,Spanish,qwen2.5-coder:7b,Árbol de Proyectos,1.199
604,XML; Transformer,es,Spanish,qwen2.5-coder:7b,XML; Transformador,1.027
605,New Budget,es,Spanish,qwen2.5-coder:7b,Nuevo Presupuesto,0.817
606,& Template:,es,Spanish,qwen2.5-coder:7b,& Plantilla:,0.842
607,Torrent Files,es,Spanish,qwen2.5-coder:7b,Archivos de Torrent,1.07
608,Graph,es,Spanish,qwen2.5-coder:7b,Gráfico,0.634
609,English (Canada),es,Spanish,qwen2.5-coder:7b,Inglés (Canadá),1.266
610,Contained Items,es,Spanish,qwen2.5-coder:7b,Elementos Contenidos,1.112
611,QMake Manager,es,Spanish,qwen2.5-coder:7b,Administrador de QMake,1.181
612,Shooting date,es,Spanish,qwen2.5-coder:7b,Fecha de disparo,0.869
613,*. cws_BAR_Cantor Worksheet,es,Spanish,qwen2.5-coder:7b,*. cws_BAR_Cantor Hoja de Cálculo,1.957
614,& Relationships...,es,Spanish,qwen2.5-coder:7b,& Relaciones...,0.859
615,user: %1,es,Spanish,qwen2.5-coder:7b,usuario: %1,1.126
616,Tree View mode,es,Spanish,qwen2.5-coder:7b,Modo Vista Árbol,1.271
617,Basic applications,es,Spanish,qwen2.5-coder:7b,Aplicaciones básicas,0.936
618,(%1 filtered),es,Spanish,qwen2.5-coder:7b,"(""(%1 filtrado)"")",1.04
619,Occidental Australia,es,Spanish,qwen2.5-coder:7b,Australia Occidental,1.051
620,Security update,es,Spanish,qwen2.5-coder:7b,Actualización de seguridad,0.874
621,Northern Sami,es,Spanish,qwen2.5-coder:7b,Sami del Norte,0.879
622,Squaric acid,es,Spanish,qwen2.5-coder:7b,Ácido cuárico,1.043
623,Database Location,es,Spanish,qwen2.5-coder:7b,Ubicación de la Base de Datos,1.389
624,Equations:,es,Spanish,qwen2.5-coder:7b,ECUACIONES:,1.097
625,Changing theme...,es,Spanish,qwen2.5-coder:7b,Cambiando tema...,0.935
626,Independence,es,Spanish,qwen2.5-coder:7b,Independencia,0.642
627,File extension,es,Spanish,qwen2.5-coder:7b,Extensión de archivo,1.111
628,Current Track Settings,es,Spanish,qwen2.5-coder:7b,Ajustes de la pista actual,1.344
629,Warning - Step,es,Spanish,qwen2.5-coder:7b,Aviso - Paso,0.891
630,Mrs.,es,Spanish,qwen2.5-coder:7b,Señora.,0.91
631,Add entry,es,Spanish,qwen2.5-coder:7b,Añadir entrada,0.923
632,14th Last,es,Spanish,qwen2.5-coder:7b,14º Último,1.444
633,Cancelled,es,Spanish,qwen2.5-coder:7b,Cancelado,0.617
634,Current mixer:,es,Spanish,qwen2.5-coder:7b,Mixador actual:,0.925
635,Head area,es,Spanish,qwen2.5-coder:7b,Área de la cabeza,0.911
636,dual channel,es,Spanish,qwen2.5-coder:7b,dual channel,0.864
637,Text Selection Mode,es,Spanish,qwen2.5-coder:7b,Modo de Selección de Texto,1.464
638,Failed to load %1: %2,es,Spanish,qwen2.5-coder:7b,Error al cargar %1: %2,1.583
639,Suspend & duration:,es,Spanish,qwen2.5-coder:7b,Suspender & duración:,1.207
640,Using Bibitems,es,Spanish,qwen2.5-coder:7b,Usando Bibitems,1.102
641,Computer Administration,es,Spanish,qwen2.5-coder:7b,Administración de Computadora,0.956
642,Active console:,es,Spanish,qwen2.5-coder:7b,Consola activa:,1.062
643,& Archive File:,es,Spanish,qwen2.5-coder:7b,& Archivo de archivo:,1.058
644,honeydew3,es,Spanish,qwen2.5-coder:7b,honeydew3,1.04
645,EXIF: created,es,Spanish,qwen2.5-coder:7b,EXIF: creado,1.123
646,US English,es,Spanish,qwen2.5-coder:7b,English EE.UU.,1.025
647,of Sivan,es,Spanish,qwen2.5-coder:7b,de Sivan,0.754
648,Max velocity,es,Spanish,qwen2.5-coder:7b,Velocidad máxima,0.809
649,Mime Type,es,Spanish,qwen2.5-coder:7b,Tipo MIME,0.658
650,Step Width:,es,Spanish,qwen2.5-coder:7b,Ancho de paso:,0.899
651,character special,es,Spanish,qwen2.5-coder:7b,carácter especial,0.994
652,Second:,es,Spanish,qwen2.5-coder:7b,Segundo:,0.833
653,Intr. requests %1,es,Spanish,qwen2.5-coder:7b,Requiere %1,1.346
654,Diff change:,es,Spanish,qwen2.5-coder:7b,Diferencia de cambio:,1.061
655,& Theme Installer,es,Spanish,qwen2.5-coder:7b,& Instalador de Temas,1.181
656,Payment Accounts,es,Spanish,qwen2.5-coder:7b,Cuentas de Pago,1.034
657,Reference image:,es,Spanish,qwen2.5-coder:7b,Imagen de referencia:,0.905
658,Thumbnail & Rows:,es,Spanish,qwen2.5-coder:7b,Miniatura & Filas:,1.138
659,Box Drawing,es,Spanish,qwen2.5-coder:7b,Dibujo de Caja,1.06
660,Request folder:,es,Spanish,qwen2.5-coder:7b,Pedir carpeta:,1.081
661,Cell size,es,Spanish,qwen2.5-coder:7b,Size de la celda,1.18
662,Focal length (35mm equivalent):,es,Spanish,qwen2.5-coder:7b,Longitud focal (equivalente 35mm):,2.166
663,Test Date Book,es,Spanish,qwen2.5-coder:7b,Libro de Pruebas,1.17
664,& Flashcard,es,Spanish,qwen2.5-coder:7b,& Tarjeta,0.745
665,Increase Volume,es,Spanish,qwen2.5-coder:7b,Aumentar Volumen,1.082
666,Valid From,es,Spanish,qwen2.5-coder:7b,Válido Desde,0.895
667,Arcade Bombing Game,es,Spanish,qwen2.5-coder:7b,Juego de Bombardamiento de Arcade,1.297
668,Sidereal time:,es,Spanish,qwen2.5-coder:7b,Tiempo sideral:,1.07
669,Search:,es,Spanish,qwen2.5-coder:7b,Buscar:,0.678
670,Set Overwrite Mode,es,Spanish,qwen2.5-coder:7b,Modo de Sobrescritura,1.428
671,angularMomentumVariance,es,Spanish,qwen2.5-coder:7b,varianzaMomentumAngular,1.337
672,Milestone Progress,es,Spanish,qwen2.5-coder:7b,Progreso de Marca,1.216
673,Source revision,es,Spanish,qwen2.5-coder:7b,Revisión fuente,0.864
674,Mouse Wheel,es,Spanish,qwen2.5-coder:7b,Rueda del Mouse,0.957
675,Creating accounts,es,Spanish,qwen2.5-coder:7b,Creando cuentas,1.014
676,Nothing,es,Spanish,qwen2.5-coder:7b,Nada,0.621
677,development,es,Spanish,qwen2.5-coder:7b,desarrollo,0.729
678,Cell style,es,Spanish,qwen2.5-coder:7b,Estilo de celda,0.923
679,GLU version,es,Spanish,qwen2.5-coder:7b,Versión GLU,1.049
680,Black cartridge,es,Spanish,qwen2.5-coder:7b,Cartucho negro,1.089
681,Selection management,es,Spanish,qwen2.5-coder:7b,Gestión de selección,1.199
682,& Location of %1,es,Spanish,qwen2.5-coder:7b,& Ubicación de %1,1.373
683,Keyboard input:,es,Spanish,qwen2.5-coder:7b,Entrada de teclado:,1.226
684,& konqueror; manual,es,Spanish,qwen2.5-coder:7b,& konqueror; manual,1.263
685,Warning:,es,Spanish,qwen2.5-coder:7b,Aviso:,0.713
686,Shading depth:,es,Spanish,qwen2.5-coder:7b,Profundidad de sombreado:,1.359
687,Status,es,Spanish,qwen2.5-coder:7b,Estado,0.516
688,Amazon (US),es,Spanish,qwen2.5-coder:7b,Amazon (EE.UU.),1.164
689,Quanta Properties,es,Spanish,qwen2.5-coder:7b,Propiedades Quanta,1.018
690,Creation,es,Spanish,qwen2.5-coder:7b,Creado,0.883
691,Picture editing tool,es,Spanish,qwen2.5-coder:7b,Herramienta de edición de imágenes,1.436
692,Bold Italic,es,Spanish,qwen2.5-coder:7b,Negrita Itálica,1.007
693,advancedDialog,es,Spanish,qwen2.5-coder:7b,diálogoAvanzado,1.302
694,Do & Not Close,es,Spanish,qwen2.5-coder:7b,No Cerrar,0.968
695,Address Books,es,Spanish,qwen2.5-coder:7b,Libros de Direcciones,1.188
696,Authenticated,es,Spanish,qwen2.5-coder:7b,Autenticado,0.725
697,%1 Album Properties,es,Spanish,qwen2.5-coder:7b,%1 Propiedades del Álbum,1.432
698,Filter Layer Properties,es,Spanish,qwen2.5-coder:7b,Propiedades de Capa de Filtro,1.585
699,Simulation Toolbar,es,Spanish,qwen2.5-coder:7b,Barra de simulación,1.19
700,Loaned,es,Spanish,qwen2.5-coder:7b,Prestado,0.777
701,New Layer,es,Spanish,qwen2.5-coder:7b,Capa Nueva,1.054
702,Base computation:,es,Spanish,qwen2.5-coder:7b,Computación base:,0.96
703,LDAP version:,es,Spanish,qwen2.5-coder:7b,Versión LDAP:,0.999
704,What country,es,Spanish,qwen2.5-coder:7b,¿Qué país,0.968
705,Feather,es,Spanish,qwen2.5-coder:7b,Pluma,0.655
706,& Amount:,es,Spanish,qwen2.5-coder:7b,& Monto:,0.841
707,Pipes,es,Spanish,qwen2.5-coder:7b,Conductos,0.986
708,& Edit Host...,es,Spanish,qwen2.5-coder:7b,& Editar Host...,0.974
709,Province filter:,es,Spanish,qwen2.5-coder:7b,Filtro de provincia:,0.994
710,unchanged,es,Spanish,qwen2.5-coder:7b,sin cambios,0.899
711,Quite a lot,es,Spanish,qwen2.5-coder:7b,Mucho,0.91
712,CImg Image Restoration Filter,es,Spanish,qwen2.5-coder:7b,Filtro de Restauración de Imágenes CImg,1.715
713,new_package,es,Spanish,qwen2.5-coder:7b,nuevo_paquete,1.066
714,Screen Ruler,es,Spanish,qwen2.5-coder:7b,Regulador de Pantalla,1.327
715,Channel.,es,Spanish,qwen2.5-coder:7b,Canal.,0.69
716,Password Management,es,Spanish,qwen2.5-coder:7b,Gestión de Contraseñas,1.223
717,Triangles,es,Spanish,qwen2.5-coder:7b,Triángulos,0.698
718,Last. fm credentials,es,Spanish,qwen2.5-coder:7b,Last. fm credenciales,1.309
719,(usually Y),es,Spanish,qwen2.5-coder:7b,(generalmente Y),0.972
720,Shortcut name: r,es,Spanish,qwen2.5-coder:7b,Nombre del atajo: r,1.304
721,Error: Unable to open terminal %1.,es,Spanish,qwen2.5-coder:7b,Error: No se puede abrir el terminal %1.,1.866
722,tea,es,Spanish,qwen2.5-coder:7b,té,0.496
723,Show & name,es,Spanish,qwen2.5-coder:7b,Mostrar & nombre,1.145
724,angleVariance,es,Spanish,qwen2.5-coder:7b,varianzaAngular,1.118
725,MyPaint brush,es,Spanish,qwen2.5-coder:7b,Pincel de MyPaint,1.22
726,KDE Accessibility Tool,es,Spanish,qwen2.5-coder:7b,Herramienta de Accesibilidad KDE,1.396
727,Grow by,es,Spanish,qwen2.5-coder:7b,Crece con,0.918
728,Player 3:,es,Spanish,qwen2.5-coder:7b,Jugador 3:,1.003
729,Telescope Control,es,Spanish,qwen2.5-coder:7b,Control de Telescopio,1.121
730,Select Event,es,Spanish,qwen2.5-coder:7b,Seleccionar Evento,1.086
731,Content Fetcher,es,Spanish,qwen2.5-coder:7b,Obtificador de Contenido,1.284
732,Click to test notification,es,Spanish,qwen2.5-coder:7b,Haz clic para probar la notificación,1.435
733,Find:,es,Spanish,qwen2.5-coder:7b,Buscar:,0.746
734,Bricks,es,Spanish,qwen2.5-coder:7b,Ladrillos,0.892
735,Orange Filter,es,Spanish,qwen2.5-coder:7b,Filtro Naranja,1.052
736,Scan Preview,es,Spanish,qwen2.5-coder:7b,Vista previa de escaneo,1.659
737,Key signature,es,Spanish,qwen2.5-coder:7b,Firma de clave,0.857
738,Sun Arrow shape,es,Spanish,qwen2.5-coder:7b,Forma de flecha del sol,1.606
739,Invite,es,Spanish,qwen2.5-coder:7b,Invitar,0.858
740,OpenPGP-Sign...,es,Spanish,qwen2.5-coder:7b,OpenPGP-Sign...,1.399
741,Network,es,Spanish,qwen2.5-coder:7b,Red,0.725
742,Conditions,es,Spanish,qwen2.5-coder:7b,Condiciones,0.875
743,Positive Float,es,Spanish,qwen2.5-coder:7b,Flotante Positivo,1.203
744,Input file:,es,Spanish,qwen2.5-coder:7b,Archivo de entrada:,0.959
745,Char,es,Spanish,qwen2.5-coder:7b,Caracter,0.6
746,Southern Leyte,es,Spanish,qwen2.5-coder:7b,Sur de Leyte,0.876
747,KOffice Spreadsheet Application,es,Spanish,qwen2.5-coder:7b,Aplicación de Hojas de Cálculo de KOffice,1.976
748,Samba Shares,es,Spanish,qwen2.5-coder:7b,Compartimentos de Samba,1.089
749,Perspective transform Tool,es,Spanish,qwen2.5-coder:7b,Herramienta de transformación de perspectiva,1.618
750,Minimum speed,es,Spanish,qwen2.5-coder:7b,Velocidad mínima,0.886
751,User-Agent,es,Spanish,qwen2.5-coder:7b,Agente de usuario,1.018
752,Flatness:,es,Spanish,qwen2.5-coder:7b,Planicidad:,0.894
753,Profile Version,es,Spanish,qwen2.5-coder:7b,Versión del Perfil,0.883
754,Printer Added,es,Spanish,qwen2.5-coder:7b,Impresora Añadida,1.175
755,for:,es,Spanish,qwen2.5-coder:7b,para:,0.707
756,patches,es,Spanish,qwen2.5-coder:7b,parches,0.59
757,New database,es,Spanish,qwen2.5-coder:7b,Base de datos nueva,0.99
758,Read Usage,es,Spanish,qwen2.5-coder:7b,Leer Uso,0.984
759,Group member,es,Spanish,qwen2.5-coder:7b,Miembro del grupo,0.809
760,Character,es,Spanish,qwen2.5-coder:7b,Personaje,0.58
761,Received: %1,es,Spanish,qwen2.5-coder:7b,Recibido: %1,1.238
762,Current year,es,Spanish,qwen2.5-coder:7b,Año actual,0.802
763,Graph position,es,Spanish,qwen2.5-coder:7b,Posición del gráfico,1.15
764,Shortcut name: n,es,Spanish,qwen2.5-coder:7b,Nombre del atajo: n,1.324
765,Domain-Specific,es,Spanish,qwen2.5-coder:7b,Específico del dominio,1.162
766,& Column Settings...,es,Spanish,qwen2.5-coder:7b,& Configuración de Columnas...,1.296
767,& Security,es,Spanish,qwen2.5-coder:7b,& Seguridad,0.86
768,& Landscape,es,Spanish,qwen2.5-coder:7b,& Paisaje,0.763
769,Stylesheet location:,es,Spanish,qwen2.5-coder:7b,Ubicación del hoja de estilos:,1.694
770,Rewritable,es,Spanish,qwen2.5-coder:7b,Reescribible,1.114
771,& Scheme,es,Spanish,qwen2.5-coder:7b,& Esquema,0.974
772,System Group:,es,Spanish,qwen2.5-coder:7b,Grupo del Sistema:,1.01
773,Word Processing,es,Spanish,qwen2.5-coder:7b,Procesamiento de Palabras,1.101
774,Draw Venus?,es,Spanish,qwen2.5-coder:7b,¿Dibujar Venus?,1.233
775,Perspective grid,es,Spanish,qwen2.5-coder:7b,Cuadrícula de perspectiva,1.512
776,Carsten Burghardt (burghardt at kde org): Core developer,es,Spanish,qwen2.5-coder:7b,Carsten Burghardt (burghardt at kde org): Desarrollador principal,3.297
777,without name,es,Spanish,qwen2.5-coder:7b,sin nombre,0.66
778,Book Title,es,Spanish,qwen2.5-coder:7b,Nombre del Libro,1.04
779,& Source name:,es,Spanish,qwen2.5-coder:7b,& Nombre de origen:,0.972
780,Current Track,es,Spanish,qwen2.5-coder:7b,Track Actual,1.017
781,& No sources:,es,Spanish,qwen2.5-coder:7b,& No fuentes:,0.977
782,Quitting & knotes;,es,Spanish,qwen2.5-coder:7b,Saliendo & knotes;,1.336
783,Article Source,es,Spanish,qwen2.5-coder:7b,Origen del Artículo,1.085
784,ODP Files,es,Spanish,qwen2.5-coder:7b,Archivos ODP,0.883
785,Parallel Vertical,es,Spanish,qwen2.5-coder:7b,Vertical Paralela,1.019
786,Driver info:,es,Spanish,qwen2.5-coder:7b,Info del conductor:,0.938
787,Maximum Size,es,Spanish,qwen2.5-coder:7b,Tamaño Máximo,0.857
788,Online Services support,es,Spanish,qwen2.5-coder:7b,Servicios en línea,1.069
789,Group Chats in & kopete;,es,Spanish,qwen2.5-coder:7b,Grupos de Chats en & kopete;,1.818
790,Free/ Busy,es,Spanish,qwen2.5-coder:7b,Libre/ Ocupado,1.292
791,Location Toolbar,es,Spanish,qwen2.5-coder:7b,Barra de Ubicación,1.215
792,& File content:,es,Spanish,qwen2.5-coder:7b,& Contenido del archivo:,1.097
793,rectMeanKineticEnergyVariance,es,Spanish,qwen2.5-coder:7b,varianzaDeLaEnergíaKineticaMediaRectangular,2.206
794,South-East,es,Spanish,qwen2.5-coder:7b,Sur-Este,0.926
795,RadicalSelector,es,Spanish,qwen2.5-coder:7b,Selector Radical,0.645
796,The Board,es,Spanish,qwen2.5-coder:7b,El Tablero,0.727
797,Include *-version:,es,Spanish,qwen2.5-coder:7b,Incluye *-versión:,1.318
798,Enter Usemap,es,Spanish,qwen2.5-coder:7b,Introduce Mapa de Uso,1.362
799,Equality threshold:,es,Spanish,qwen2.5-coder:7b,Umbral de igualdad:,1.027
800,Joliet Settings,es,Spanish,qwen2.5-coder:7b,Ajustes de Joliet,1.276
801,Simulations,es,Spanish,qwen2.5-coder:7b,Simulaciones,0.772
802,Harpsichord,es,Spanish,qwen2.5-coder:7b,Clavichordo,0.95
803,Linediff: A< - > B,es,Spanish,qwen2.5-coder:7b,Diferencia de líneas: A< - > B,2.064
804,Word types,es,Spanish,qwen2.5-coder:7b,Tipos de palabra,1.059
805,Unknown host.,es,Spanish,qwen2.5-coder:7b,Host desconocido.,1.079
806,Main,es,Spanish,qwen2.5-coder:7b,Principal,0.721
807,%1: does n't exists,es,Spanish,qwen2.5-coder:7b,%1: no existe,1.213
808,& Maximized,es,Spanish,qwen2.5-coder:7b,& Maximizado,0.908
809,Sunrise,es,Spanish,qwen2.5-coder:7b,Amanecer,0.893
810,Read-only,es,Spanish,qwen2.5-coder:7b,De solo lectura,1.033
811,Fulltext Extractor,es,Spanish,qwen2.5-coder:7b,Extractor de texto completo,1.101
812,Right To Left Language,es,Spanish,qwen2.5-coder:7b,Idioma de derecha a izquierda,1.567
813,User & limit:,es,Spanish,qwen2.5-coder:7b,Usuario & límite:,1.082
814,Adjustments,es,Spanish,qwen2.5-coder:7b,Ajustes,0.738
815,Find in Project,es,Spanish,qwen2.5-coder:7b,Buscar en Proyecto,1.028
816,Arrival Turn,es,Spanish,qwen2.5-coder:7b,Giro de Aterrizaje,1.323
817,Rating =,es,Spanish,qwen2.5-coder:7b,Calificación =,0.82
818,Inactive console,es,Spanish,qwen2.5-coder:7b,Consola inactiva,1.143
819,Active,es,Spanish,qwen2.5-coder:7b,Activo,0.598
820,In use,es,Spanish,qwen2.5-coder:7b,En uso,0.618
821,& File Output,es,Spanish,qwen2.5-coder:7b,& Salida de Archivo,1.041
822,UADescription (Googlebot/ 2.1),es,Spanish,qwen2.5-coder:7b,Descripción de UADescription (Googlebot/ 2.1),2.455
823,Performance counters,es,Spanish,qwen2.5-coder:7b,Contadores de rendimiento,0.96
824,Aggregation,es,Spanish,qwen2.5-coder:7b,Agrupación,0.907
825,& Delete item,es,Spanish,qwen2.5-coder:7b,& Eliminar elemento,0.971
826,Predefined process shape,es,Spanish,qwen2.5-coder:7b,Forma de proceso predeterminada,1.452
827,Collection Folders,es,Spanish,qwen2.5-coder:7b,Carpeta de Colección,1.235
828,& Many sources:,es,Spanish,qwen2.5-coder:7b,& Muchas fuentes:,1.092
829,Action Date,es,Spanish,qwen2.5-coder:7b,Fecha de Acción,0.889
830,Samba config file:,es,Spanish,qwen2.5-coder:7b,Archivo de configuración de Samba:,1.392
831,Grid height,es,Spanish,qwen2.5-coder:7b,Altura de la cuadrícula,1.438
832,Angular step:,es,Spanish,qwen2.5-coder:7b,Angular paso:,0.864
833,Instruction Sets,es,Spanish,qwen2.5-coder:7b,Conjuntos de Instrucciones,1.235
834,2D Texture,es,Spanish,qwen2.5-coder:7b,Textura 2D,0.964
835,Storage Devices,es,Spanish,qwen2.5-coder:7b,Dispositivos de Almacenamiento,1.396
836,& Brightness,es,Spanish,qwen2.5-coder:7b,& Brillo,0.892
837,Folder & Properties,es,Spanish,qwen2.5-coder:7b,Carpetas & Propiedades,1.282
838,CMake & Binary:,es,Spanish,qwen2.5-coder:7b,CMake & Binario:,1.077
839,DarkSeaGreen1,es,Spanish,qwen2.5-coder:7b,VerdeOscuro1,1.309
840,KDE 1 preview,es,Spanish,qwen2.5-coder:7b,KDE 1 vista previa,1.443
841,Track Information,es,Spanish,qwen2.5-coder:7b,Información de la pista,1.279
842,Where,es,Spanish,qwen2.5-coder:7b,Dónde,0.808
843,& Expiration Settings,es,Spanish,qwen2.5-coder:7b,& Configuración de Expiración,1.345
844,Ada support,es,Spanish,qwen2.5-coder:7b,Soporte para Ada,0.841
845,Network printer (%1),es,Spanish,qwen2.5-coder:7b,Imprimir en red (%1),1.272
846,& North,es,Spanish,qwen2.5-coder:7b,& Norte,0.617
847,Documentation copyright 2003:,es,Spanish,qwen2.5-coder:7b,Copyright de la documentación 2003:,1.769
848,Initial State,es,Spanish,qwen2.5-coder:7b,Estado Inicial,0.739
849,People you know,es,Spanish,qwen2.5-coder:7b,Personas que conoces,1.12
850,searchpath,es,Spanish,qwen2.5-coder:7b,ruta de búsqueda,0.9
851,15th Last,es,Spanish,qwen2.5-coder:7b,15º Último,1.408
852,South-Korea,es,Spanish,qwen2.5-coder:7b,Corea del Sur,0.843
853,Telephone number,es,Spanish,qwen2.5-coder:7b,Número de teléfono,0.714
854,User information,es,Spanish,qwen2.5-coder:7b,Información del usuario,0.804
855,"1 Staple, parallel",es,Spanish,qwen2.5-coder:7b,"1 Clavijero, paralelo",1.584
856,traditional,es,Spanish,qwen2.5-coder:7b,tradicional,0.897
857,Save as %1,es,Spanish,qwen2.5-coder:7b,Guardar como %1,1.137
858,View with & Opera,es,Spanish,qwen2.5-coder:7b,Ver con & Opera,1.12
859,& Print Canvas...,es,Spanish,qwen2.5-coder:7b,& Imprimir lienzo...,1.065
860,Book name:,es,Spanish,qwen2.5-coder:7b,Nombre del libro:,0.965
861,Unmounting,es,Spanish,qwen2.5-coder:7b,Desmontando,0.942
862,Minimum rate of death,es,Spanish,qwen2.5-coder:7b,Tarifa mínima de muerte,1.422
863,Profile Pictures,es,Spanish,qwen2.5-coder:7b,Imágenes de Perfil,1.113
864,CC Field Name,es,Spanish,qwen2.5-coder:7b,Nombre del Campo CC,1.103
865,Alternative,es,Spanish,qwen2.5-coder:7b,Alternativa,0.62
866,Quadrilateral,es,Spanish,qwen2.5-coder:7b,Cuadrilátero,0.974
867,Overdue,es,Spanish,qwen2.5-coder:7b,Atrasado,0.736
868,Layer 2,es,Spanish,qwen2.5-coder:7b,Capa 2,0.878
869,Start position:,es,Spanish,qwen2.5-coder:7b,Posición inicial:,0.945
870,KDE Printing Management,es,Spanish,qwen2.5-coder:7b,Gestión de Impresión KDE,1.395
871,User%,es,Spanish,qwen2.5-coder:7b,Usuario%,0.69
872,Perspective 3D,es,Spanish,qwen2.5-coder:7b,Perspectiva 3D,1.176
873,Add Podcast...,es,Spanish,qwen2.5-coder:7b,Añadir Podcast...,0.915
874,TIFF Properties,es,Spanish,qwen2.5-coder:7b,Propiedades TIFF,0.74
875,Triadic,es,Spanish,qwen2.5-coder:7b,Triádico,0.802
876,Show Frame,es,Spanish,qwen2.5-coder:7b,Mostrar Marco,0.754
877,channel admin,es,Spanish,qwen2.5-coder:7b,administrador de canal,1.043
878,Device Description,es,Spanish,qwen2.5-coder:7b,Descripción del Dispositivo,1.218
879,Draw labels,es,Spanish,qwen2.5-coder:7b,Etiquetar,1.024
880,Brush size:,es,Spanish,qwen2.5-coder:7b,Tamaño del pincel:,1.15
881,Spanish (Guatemala),es,Spanish,qwen2.5-coder:7b,Español (Guatemala),1.22
882,Tab Properties,es,Spanish,qwen2.5-coder:7b,Propiedades de la pestaña,1.193
883,Check Query,es,Spanish,qwen2.5-coder:7b,Verificar Consulta,1.13
884,new_component,es,Spanish,qwen2.5-coder:7b,component_nuevo,0.763
885,Move Variable Up,es,Spanish,qwen2.5-coder:7b,Mover Variable Arriba,1.111
886,OpenGL mode:,es,Spanish,qwen2.5-coder:7b,Modo OpenGL:,0.959
887,Time To,es,Spanish,qwen2.5-coder:7b,Tiempo Para,0.94
888,Follow,es,Spanish,qwen2.5-coder:7b,Seguir,0.604
889,Environment Variables,es,Spanish,qwen2.5-coder:7b,Variables de Entorno,0.879
890,Phone costs:,es,Spanish,qwen2.5-coder:7b,Costo del teléfono:,1.056
891,OpenGL information,es,Spanish,qwen2.5-coder:7b,Información de OpenGL,1.062
892,Help & with %1,es,Spanish,qwen2.5-coder:7b,Ayuda & con %1,1.409
893,No other,es,Spanish,qwen2.5-coder:7b,No otro,0.766
894,Oxygen,es,Spanish,qwen2.5-coder:7b,Oxígeno,0.968
895,Filename Layout Chooser,es,Spanish,qwen2.5-coder:7b,Selector de Diseño de Nombre de Archivo,1.606
896,Label Size,es,Spanish,qwen2.5-coder:7b,Etiqueta Tamaño,1.14
897,Username & level:,es,Spanish,qwen2.5-coder:7b,Nombre de usuario & nivel:,1.086
898,Dialing speed (sec/ 100):,es,Spanish,qwen2.5-coder:7b,Velocidad de llamada (seg/ 100):,2.27
899,Project Sources,es,Spanish,qwen2.5-coder:7b,Origen del Proyecto,1.149
900,playing,es,Spanish,qwen2.5-coder:7b,jugando,0.651
901,Songwriter:,es,Spanish,qwen2.5-coder:7b,Compositor:,0.921
902,Group Box,es,Spanish,qwen2.5-coder:7b,Grupo de Controles,1.086
903,Domain Guests,es,Spanish,qwen2.5-coder:7b,Huespedes del Dominio,1.267
904,Closed Items,es,Spanish,qwen2.5-coder:7b,Elementos Cerrados,1.164
905,Preparation Method:,es,Spanish,qwen2.5-coder:7b,Metodo de Preparación:,1.248
906,Paid from,es,Spanish,qwen2.5-coder:7b,Pagado por,0.913
907,Element symbols,es,Spanish,qwen2.5-coder:7b,Símbolos de elementos,1.146
908,sent-mail,es,Spanish,qwen2.5-coder:7b,enviar-correo,1.044
909,Source file access,es,Spanish,qwen2.5-coder:7b,Acceso al archivo fuente,1.297
910,New%1,es,Spanish,qwen2.5-coder:7b,Nuevo%1,0.987
911,Filename: %1,es,Spanish,qwen2.5-coder:7b,Nombre de archivo: %1,1.137
912,Playback Settings,es,Spanish,qwen2.5-coder:7b,Ajustes de Reproducción,1.257
913,24 Cards,es,Spanish,qwen2.5-coder:7b,24 Tarjetas,0.954
914,DVD device:,es,Spanish,qwen2.5-coder:7b,Dispositivo DVD:,1.041
915,½ (#189;) Fraction one-half,es,Spanish,qwen2.5-coder:7b,½ (#189;) Fracción uno/medio,2.056
916,Mouse Navigation,es,Spanish,qwen2.5-coder:7b,Navegación con el Mouse,1.195
917,By & Date,es,Spanish,qwen2.5-coder:7b,Por Fecha,0.895
918,Percent Format,es,Spanish,qwen2.5-coder:7b,Formato Porcentaje,0.84
919,pppd version:,es,Spanish,qwen2.5-coder:7b,versión de pppd:,1.245
920,Translucency,es,Spanish,qwen2.5-coder:7b,Transparencia,0.837
921,Output Settings,es,Spanish,qwen2.5-coder:7b,Ajustes de Salida,1.227
922,Mouseposition: X: Y,es,Spanish,qwen2.5-coder:7b,Posición del mouse: X: Y,1.658
923,Master Document,es,Spanish,qwen2.5-coder:7b,Documento Maestro,0.935
924,Acl compatibility:,es,Spanish,qwen2.5-coder:7b,Compatibilidad Acl:,1.011
925,KTouch Keyboard Editor - %1 %2,es,Spanish,qwen2.5-coder:7b,Editor de Teclado de KTouch - %1 %2,2.265
926,Gather*,es,Spanish,qwen2.5-coder:7b,Reúne*,0.934
927,Compression:,es,Spanish,qwen2.5-coder:7b,Compresión:,0.929
928,total,es,Spanish,qwen2.5-coder:7b,total,0.509
929,Systemsettings,es,Spanish,qwen2.5-coder:7b,Configuración del sistema,0.936
930,Steering,es,Spanish,qwen2.5-coder:7b,Volante,0.82
931,& Keep menu open,es,Spanish,qwen2.5-coder:7b,& Mantén el menú abierto,1.428
932,Default language:,es,Spanish,qwen2.5-coder:7b,Idioma predeterminado:,1.273
933,Group Sections,es,Spanish,qwen2.5-coder:7b,Secciones de Grupo,1.069
934,Wind direction,es,Spanish,qwen2.5-coder:7b,Dirección del viento,0.939
935,Australia/ Queensland,es,Spanish,qwen2.5-coder:7b,Australia/ Queensland,0.959
936,Colour Depth,es,Spanish,qwen2.5-coder:7b,Profundidad de Color,1.163
937,Prepunched,es,Spanish,qwen2.5-coder:7b,Prepunchado,1.093
938,Password Checking,es,Spanish,qwen2.5-coder:7b,Verificación de Contraseña,1.136
939,Exposure mode:,es,Spanish,qwen2.5-coder:7b,Modo de exposición:,1.16
940,Function Profile,es,Spanish,qwen2.5-coder:7b,Perfil de Función,0.877
941,APS Driver (%1),es,Spanish,qwen2.5-coder:7b,Controlador APS (%1),1.18
942,Gold,es,Spanish,qwen2.5-coder:7b,Oro,0.591
943,& Remote:,es,Spanish,qwen2.5-coder:7b,& Remoto:,0.803
944,31st Last,es,Spanish,qwen2.5-coder:7b,31º Último,1.409
945,Timelines Configuration,es,Spanish,qwen2.5-coder:7b,Configuración de líneas de tiempo,1.275
946,& female,es,Spanish,qwen2.5-coder:7b,& femenino,0.92
947,Banner Selection,es,Spanish,qwen2.5-coder:7b,Selección de Banner,0.905
948,Project Name,es,Spanish,qwen2.5-coder:7b,Nombre del Proyecto,0.811
949,User/ Pass:,es,Spanish,qwen2.5-coder:7b,Usuario/ Contraseña:,1.026
950,& Mail action:,es,Spanish,qwen2.5-coder:7b,& Acción de correo:,1.066
951,Keyboard Mode,es,Spanish,qwen2.5-coder:7b,Modo Teclado,1.034
952,Cisco - Workgroup director,es,Spanish,qwen2.5-coder:7b,Cisco - Director de trabajo,1.022
953,Processor Information,es,Spanish,qwen2.5-coder:7b,Información del Procesador,1.219
954,User Info,es,Spanish,qwen2.5-coder:7b,Información del Usuario,0.806
955,with %2,es,Spanish,qwen2.5-coder:7b,con %2,0.741
956,Center,es,Spanish,qwen2.5-coder:7b,Centro,0.574
957,Yesterday,es,Spanish,qwen2.5-coder:7b,Ayer,0.674
958,Immediate,es,Spanish,qwen2.5-coder:7b,Inmediato,0.714
959,Newsticker Configuration Dialog,es,Spanish,qwen2.5-coder:7b,Configuración del Ticker de Noticias,1.644
960,Service currently unavailable,es,Spanish,qwen2.5-coder:7b,Servicio actualmente no disponible,1.278
961,Qt-SQL Source (single table),es,Spanish,qwen2.5-coder:7b,Fuente Qt-SQL (una sola tabla),1.685
962,Date Range,es,Spanish,qwen2.5-coder:7b,Rango de Fecha,0.996
963,Uncategorized Albums,es,Spanish,qwen2.5-coder:7b,Álbumes sin categorizar,1.106
964,Form design,es,Spanish,qwen2.5-coder:7b,Diseño de formulario,0.981
965,Common,es,Spanish,qwen2.5-coder:7b,Común,0.792
966,Cabri figure,es,Spanish,qwen2.5-coder:7b,Figura de Cabri,1.005
967,Pacific/ Fakaofo,es,Spanish,qwen2.5-coder:7b,Pacifico / Fakaofo,1.492
968,PERT duration variance: %1,es,Spanish,qwen2.5-coder:7b,Duración de la variación PERT: %1,1.866
969,Printing...,es,Spanish,qwen2.5-coder:7b,Imprimiendo...,0.783
970,Headphone,es,Spanish,qwen2.5-coder:7b,Altavoces,0.99
971,Base font size:,es,Spanish,qwen2.5-coder:7b,Tamaño base de la fuente:,1.279
972,Power Management,es,Spanish,qwen2.5-coder:7b,Gestión de Energía,1.026
973,Shear X,es,Spanish,qwen2.5-coder:7b,Rebanar X,1.079
974,Under-water,es,Spanish,qwen2.5-coder:7b,Submarino,0.704
975,Assorted,es,Spanish,qwen2.5-coder:7b,Variedad,0.801
976,Output Destination,es,Spanish,qwen2.5-coder:7b,Destino de Salida,1.078
977,Restitution:,es,Spanish,qwen2.5-coder:7b,Reembolso:,0.918
978,"2 Staples, parallel",es,Spanish,qwen2.5-coder:7b,"2 Clavijas, paralelas",1.347
979,Remove project,es,Spanish,qwen2.5-coder:7b,Eliminar proyecto,0.802
980,Breath Noise,es,Spanish,qwen2.5-coder:7b,Ruido de respiración,0.986
981,Short Moves,es,Spanish,qwen2.5-coder:7b,Movimientos cortos,0.836
982,pattern,es,Spanish,qwen2.5-coder:7b,patrón,0.696
983,RightImg,es,Spanish,qwen2.5-coder:7b,DerechaImg,0.841
984,Icon Change,es,Spanish,qwen2.5-coder:7b,Cambio de Icono,0.959
985,Delete Script,es,Spanish,qwen2.5-coder:7b,Eliminar Script,0.82
986,nothing,es,Spanish,qwen2.5-coder:7b,nada,0.588
987,AVI Video Player,es,Spanish,qwen2.5-coder:7b,Reproductor de Video AVI,1.17
988,Elliptical Selection,es,Spanish,qwen2.5-coder:7b,Selección Elíptica,1.149
989,& Host Game...,es,Spanish,qwen2.5-coder:7b,& Anfitrionar Juego...,1.426
990,Pop Up Completion List,es,Spanish,qwen2.5-coder:7b,Lista de Completado emergente,1.498
991,Password Protection,es,Spanish,qwen2.5-coder:7b,Protección de Contraseña,1.311
992,Start pattern,es,Spanish,qwen2.5-coder:7b,Comenzar patrón,1.269
993,Area:,es,Spanish,qwen2.5-coder:7b,Área:,0.73
994,Layout direction,es,Spanish,qwen2.5-coder:7b,Orientación del diseño,1.166
995,Is new:,es,Spanish,qwen2.5-coder:7b,Es nuevo:,0.917
996,Volume Values:,es,Spanish,qwen2.5-coder:7b,Valores de Volumen:,1.369
997,Rectangular Selection,es,Spanish,qwen2.5-coder:7b,Selección Rectangular,0.894
998,Limitations,es,Spanish,qwen2.5-coder:7b,Limitaciones,0.63
999,Shift width:,es,Spanish,qwen2.5-coder:7b,Ancho de desplazamiento:,1.426
1000,& Reply...,es,Spanish,qwen2.5-coder:7b,& Responder...,0.966
1001,Key characters,es,Spanish,qwen2.5-coder:7b,Caracteres clave,1.089
1002,mean,es,Spanish,qwen2.5-coder:7b,media,0.732
1003,Mesh density,es,Spanish,qwen2.5-coder:7b,Densidad de malla,1.233
1004,& Authentication Method,es,Spanish,qwen2.5-coder:7b,& Método de Autenticación,1.22
1005,Panning slider,es,Spanish,qwen2.5-coder:7b,Deslizador de panning,1.206
1006,Animation Speed,es,Spanish,qwen2.5-coder:7b,Velocidad de Animación,1.169
1007,Attendees:,es,Spanish,qwen2.5-coder:7b,Asistentes:,0.834
1008,Brokerage,es,Spanish,qwen2.5-coder:7b,Corretaje,0.963
1009,"The path to the program ""grep""",es,Spanish,qwen2.5-coder:7b,El camino al programa 'grep,1.376
1010,kdetv Panel Extension,es,Spanish,qwen2.5-coder:7b,Extensión de Panel kdetv,1.537
1011,Volume off/ low/ high:,es,Spanish,qwen2.5-coder:7b,Volumen apagado/bajo/alto:,1.714
1012,22.345 Inv IntDiv 8 = also gives 2,es,Spanish,qwen2.5-coder:7b,22.345 Div Ent 8 = también da 2,2.447
1013,Mount point (/ mnt/ floppy):,es,Spanish,qwen2.5-coder:7b,Punto de montaje (/mnt/ floppy):,1.674
1014,No Side Border,es,Spanish,qwen2.5-coder:7b,No Borde Lateral,1.032
1015,Operation Settings,es,Spanish,qwen2.5-coder:7b,Ajustes de Operación,1.166
1016,Engaging DAO,es,Spanish,qwen2.5-coder:7b,Interactivo DAO,1.007
1017,A4 (Small),es,Spanish,qwen2.5-coder:7b,A4 (Pequeño),1.207
1018,choice-add,es,Spanish,qwen2.5-coder:7b,choice-agregar,0.905
1019,Unnamed plugin,es,Spanish,qwen2.5-coder:7b,Complemento sin nombre,1.129
1020,System Error,es,Spanish,qwen2.5-coder:7b,Error del Sistema,0.723
1021,Encrypt,es,Spanish,qwen2.5-coder:7b,Encriptar,0.921
1022,Subdivisions:,es,Spanish,qwen2.5-coder:7b,Subdivisions:,1.02
1023,Server Root Location: /,es,Spanish,qwen2.5-coder:7b,Ubicación Raíz del Servidor: /,1.84
1024,Time & Date,es,Spanish,qwen2.5-coder:7b,Hora & Fecha,0.981
1025,& Graph,es,Spanish,qwen2.5-coder:7b,& Gráfico,0.881
1026,End record:,es,Spanish,qwen2.5-coder:7b,Finalizar grabación:,1.06
1027,KDE User Editor,es,Spanish,qwen2.5-coder:7b,Editor de Usuario de KDE,1.17
1028,& Document Properties,es,Spanish,qwen2.5-coder:7b,& Propiedades del Documento,1.142
1029,Where & lt; OPTION_NAMEgt; can be either,es,Spanish,qwen2.5-coder:7b,¿Dónde &lt; OPTION_NAME&gt; puede ser cualquiera de,2.659
1030,IPP Printer Information,es,Spanish,qwen2.5-coder:7b,Información del Impresor IPP,1.332
1031,& Force Dump,es,Spanish,qwen2.5-coder:7b,& Forzar Volcado,1.149
1032,Document Class Selection - \\documentclass{},es,Spanish,qwen2.5-coder:7b,Selección de Clase de Documento - \\documentclass{},2.136
1033,Boot Manager (LILO),es,Spanish,qwen2.5-coder:7b,Administrador de Arranque (LILO),1.703
1034,SearchFile,es,Spanish,qwen2.5-coder:7b,BuscarArchivo,0.837
1035,Image Information,es,Spanish,qwen2.5-coder:7b,Información de la Imagen,1.245
1036,Copy Item To...,es,Spanish,qwen2.5-coder:7b,Compartir Elemento Con...,1.233
1037,Frame Stack,es,Spanish,qwen2.5-coder:7b,Pila de Marco,0.846
1038,Vocabulary,es,Spanish,qwen2.5-coder:7b,Vocabulario,0.764
1039,& File name:,es,Spanish,qwen2.5-coder:7b,& Nombre de archivo:,1.042
1040,Image file names,es,Spanish,qwen2.5-coder:7b,Nombres de archivos de imagen,1.077
1041,Gravity (GL),es,Spanish,qwen2.5-coder:7b,Gravedad (GL),1.046
1042,Rewind,es,Spanish,qwen2.5-coder:7b,Rebobinar,0.752
1043,Max depth,es,Spanish,qwen2.5-coder:7b,Profundidad máxima,0.867
1044,Previous Slide,es,Spanish,qwen2.5-coder:7b,Diapositiva Anterior,1.25
1045,& Length,es,Spanish,qwen2.5-coder:7b,& Longitud,0.789
1046,New Country,es,Spanish,qwen2.5-coder:7b,Nuevo País,0.872
1047,Avoidance,es,Spanish,qwen2.5-coder:7b,Evitación,0.732
1048,Display field code,es,Spanish,qwen2.5-coder:7b,Código del campo de visualización,1.277
1049,Category Hard,es,Spanish,qwen2.5-coder:7b,Categoría Dura,1.053
1050,& Print poster,es,Spanish,qwen2.5-coder:7b,& Imprimir cartel,0.98
1051,of J. Awal,es,Spanish,qwen2.5-coder:7b,de J. Awal,1.16
1052,Configuration options for & ktouch;,es,Spanish,qwen2.5-coder:7b,Opciones de configuración para & ktouch;,1.548
1053,Excluded,es,Spanish,qwen2.5-coder:7b,Excluido,0.725
1054,a chart,es,Spanish,qwen2.5-coder:7b,un gráfico,0.912
1055,New profile wizard OpenVPN,es,Spanish,qwen2.5-coder:7b,Nuevo asistente de perfil OpenVPN,1.504
1056,View Profiles,es,Spanish,qwen2.5-coder:7b,Ver Perfiles,0.755
1057,Track Width:,es,Spanish,qwen2.5-coder:7b,Ancho de la pista:,1.204
1058,Total time of activity,es,Spanish,qwen2.5-coder:7b,Tiempo total de actividad,1.022
1059,Issuer,es,Spanish,qwen2.5-coder:7b,Emisor,0.603
1060,immediate mode,es,Spanish,qwen2.5-coder:7b,modo inmediato,0.885
1061,Safety level,es,Spanish,qwen2.5-coder:7b,Nivel de seguridad,0.819
1062,Bit rate,es,Spanish,qwen2.5-coder:7b,Velocidad de transmisión,1.22
1063,Available Plugins,es,Spanish,qwen2.5-coder:7b,Complementos Disponibles,1.271
1064,Chinese VCD3.0 track interpretation,es,Spanish,qwen2.5-coder:7b,Interpretación de pista VCD3.0 chino,1.951
1065,Extinction:,es,Spanish,qwen2.5-coder:7b,Extinción:,0.846
1066,rectParticleCount,es,Spanish,qwen2.5-coder:7b,rectParticleCount,0.981
1067,Boolean or,es,Spanish,qwen2.5-coder:7b,Booleano o,0.923
1068,Relationships,es,Spanish,qwen2.5-coder:7b,Relaciones,0.641
1069,Spreadsheets,es,Spanish,qwen2.5-coder:7b,Hojas de cálculo,1.118
1070,Cisco VPN profile,es,Spanish,qwen2.5-coder:7b,Perfil de VPN de Cisco,1.184
1071,Blue Heading,es,Spanish,qwen2.5-coder:7b,Encabezado Azul,0.903
1072,Color filters,es,Spanish,qwen2.5-coder:7b,Filtros de color,0.909
1073,Copy Folder To...,es,Spanish,qwen2.5-coder:7b,Copiar carpeta a...,1.161
1074,Refresh Rate,es,Spanish,qwen2.5-coder:7b,Freuencia de Refresco,1.127
1075,Application Options,es,Spanish,qwen2.5-coder:7b,Opciones de la Aplicación,1.112
1076,Data,es,Spanish,qwen2.5-coder:7b,Datos,0.57
1077,Close...,es,Spanish,qwen2.5-coder:7b,Cerrar...,0.735
1078,Home Address Street,es,Spanish,qwen2.5-coder:7b,Dirección de Casa Calle,1.227
1079,A window! What now?,es,Spanish,qwen2.5-coder:7b,Una ventana! ¿Qué ahora?,1.283
1080,Tokens,es,Spanish,qwen2.5-coder:7b,Tokens,0.506
1081,Members,es,Spanish,qwen2.5-coder:7b,Miembros,0.608
1082,Using & ktouch;,es,Spanish,qwen2.5-coder:7b,Usando & ktouch;,1.255
1083,Seed radius,es,Spanish,qwen2.5-coder:7b,Radio de semilla,0.848
1084,Security Level,es,Spanish,qwen2.5-coder:7b,Nivel de Seguridad,1.002
1085,Tantalum,es,Spanish,qwen2.5-coder:7b,Tantalio,0.801
1086,west & central Borneo,es,Spanish,qwen2.5-coder:7b,Oeste y Centro de Borneo,1.596
1087,& Properties,es,Spanish,qwen2.5-coder:7b,& Propiedades,0.78
1088,Black & & White,es,Spanish,qwen2.5-coder:7b,Negro & & Blanco,1.088
1089,10th Last,es,Spanish,qwen2.5-coder:7b,10º Último,1.41
1090,Custom Brush,es,Spanish,qwen2.5-coder:7b,Pincel Personalizado,0.991
1091,SMB shared printer (Windows),es,Spanish,qwen2.5-coder:7b,Imprimir compartido SMB (Windows),1.532
1092,Flute,es,Spanish,qwen2.5-coder:7b,Flauta,0.776
1093,C Major,es,Spanish,qwen2.5-coder:7b,Claro,0.843
1094,Shortcut name: down,es,Spanish,qwen2.5-coder:7b,Nombre del atajo: abajo,1.361
1095,PPT Files,es,Spanish,qwen2.5-coder:7b,Archivos PPT,0.854
1096,Sold,es,Spanish,qwen2.5-coder:7b,Vendido,0.716
1097,Added,es,Spanish,qwen2.5-coder:7b,Añadido,0.817
1098,torqueVariance,es,Spanish,qwen2.5-coder:7b,varianzaTorque,1.168
1099,Change logo...,es,Spanish,qwen2.5-coder:7b,Cambiar logotipo...,1.106
1100,ColorSmart Graphics,es,Spanish,qwen2.5-coder:7b,Gráficos SmartColor,1.211
1101,Unknown host,es,Spanish,qwen2.5-coder:7b,Host desconocido,1.056
1102,OpenGL Imageviewer,es,Spanish,qwen2.5-coder:7b,Visualizador de Imágenes OpenGL,1.294
1103,& Log message:,es,Spanish,qwen2.5-coder:7b,& Mensaje de registro:,1.104
1104,Window height,es,Spanish,qwen2.5-coder:7b,Altura de la ventana,1.212
1105,Show the file system,es,Spanish,qwen2.5-coder:7b,Muestra el sistema de archivos,1.123
1106,90 degree rotation speed,es,Spanish,qwen2.5-coder:7b,Velocidad de rotación de 90 grados,1.899
1107,print() takes one argument,es,Spanish,qwen2.5-coder:7b,print() toma un argumento,1.482
1108,Domain component,es,Spanish,qwen2.5-coder:7b,Componente de dominio,1.172
1109,& Size limit (KB):,es,Spanish,qwen2.5-coder:7b,& Límite de tamaño (KB):,1.524
1110,Transactions,es,Spanish,qwen2.5-coder:7b,Transacciones,0.648
1111,Considerations When Building,es,Spanish,qwen2.5-coder:7b,Consideraciones al Construir,1.249
1112,Plugin for KSpread,es,Spanish,qwen2.5-coder:7b,Complemento para KSpread,1.311
1113,Explosion decay,es,Spanish,qwen2.5-coder:7b,Descomposición explosiva,0.956
1114,Crisp,es,Spanish,qwen2.5-coder:7b,Agudo,0.846
1115,management,es,Spanish,qwen2.5-coder:7b,gestión,0.792
1116,pppd kernel log level:,es,Spanish,qwen2.5-coder:7b,nivel de registro del kernel pppd:,1.578
1117,CD Device,es,Spanish,qwen2.5-coder:7b,Dispositivo CD,1.042
1118,Finish-Finish,es,Spanish,qwen2.5-coder:7b,Terminar-Terminar,1.203
1119,Input Levels,es,Spanish,qwen2.5-coder:7b,Niveles de Entrada,1.012
1120,Using & kbattleship;,es,Spanish,qwen2.5-coder:7b,Usando & kbattleship;,1.291
1121,EndTime,es,Spanish,qwen2.5-coder:7b,TiempoFinal,0.925
1122,Driver,es,Spanish,qwen2.5-coder:7b,Conductor,0.606
1123,Brazil/ Acre,es,Spanish,qwen2.5-coder:7b,Brazil/Acre,0.994
1124,String List,es,Spanish,qwen2.5-coder:7b,Lista de Cadenas,1.104
1125,Cote D'Ivoire,es,Spanish,qwen2.5-coder:7b,Côte d'Ivoire,1.188
1126,The Window Menu,es,Spanish,qwen2.5-coder:7b,El Menú de la Ventana,1.343
1127,Australia/ Brisbane,es,Spanish,qwen2.5-coder:7b,Australia/Brisbane,1.045
1128,Current Mixer,es,Spanish,qwen2.5-coder:7b,Mixer Actual,0.876
1129,Phosgene,es,Spanish,qwen2.5-coder:7b,Fosgeno,0.907
1130,Wind speed,es,Spanish,qwen2.5-coder:7b,Velocidad del viento,1.068
1131,Could not read %1.,es,Spanish,qwen2.5-coder:7b,No se pudo leer %1.,1.317
1132,Plot Area,es,Spanish,qwen2.5-coder:7b,Área de Gráfica,1.264
1133,Areas,es,Spanish,qwen2.5-coder:7b,Áreas,0.618
1134,Not used.,es,Spanish,qwen2.5-coder:7b,No utilizado.,0.778
1135,Main Application Interface,es,Spanish,qwen2.5-coder:7b,Interfaz principal de la aplicación,1.198
1136,Drag location,es,Spanish,qwen2.5-coder:7b,Arrastra la ubicación,1.154
1137,Draw Jupiter?,es,Spanish,qwen2.5-coder:7b,¿Dibujar Júpiter?,1.552
1138,Access Permissions:,es,Spanish,qwen2.5-coder:7b,Permisos de Acceso:,1.121
1139,Correct answer,es,Spanish,qwen2.5-coder:7b,Respuesta correcta,0.869
1140,Browse order,es,Spanish,qwen2.5-coder:7b,Explorar pedido,1.064
1141,By Date,es,Spanish,qwen2.5-coder:7b,Por Fecha,0.833
1142,Older,es,Spanish,qwen2.5-coder:7b,Antiguo,0.931
1143,& Advanced,es,Spanish,qwen2.5-coder:7b,& Avanzado,0.894
1144,Position: %1,es,Spanish,qwen2.5-coder:7b,Posición: %1,1.262
1145,Interrupt,es,Spanish,qwen2.5-coder:7b,Interrumpir,1.023
1146,Attendee,es,Spanish,qwen2.5-coder:7b,Asistente,0.763
1147,Hangul Compatibility Jamo,es,Spanish,qwen2.5-coder:7b,Compatibilidad de Corea Jamo,1.203
1148,Asia/ Pyongyang,es,Spanish,qwen2.5-coder:7b,Asia/ Pyongyang,0.778
1149,Keyboard Layout:,es,Spanish,qwen2.5-coder:7b,Disposición del teclado:,1.174
1150,Billing information:,es,Spanish,qwen2.5-coder:7b,Información de facturación:,1.192
1151,Game Solve,es,Spanish,qwen2.5-coder:7b,Juego Resuelto,1.16
1152,"GUI design, channel plugins",es,Spanish,qwen2.5-coder:7b,"Diseño de interfaz gráfica, complementos de canal",2.076
1153,Search line,es,Spanish,qwen2.5-coder:7b,Linea de búsqueda,1.08
1154,Visibility Level,es,Spanish,qwen2.5-coder:7b,Nivel de Visibilidad,1.023
1155,To & Today,es,Spanish,qwen2.5-coder:7b,Hasta & Hoy,0.987
1156,All dates,es,Spanish,qwen2.5-coder:7b,Todas las fechas,1.154
1157,Testbed,es,Spanish,qwen2.5-coder:7b,Prueba,0.834
1158,& Ctrl; Shift; Arrow keys,es,Spanish,qwen2.5-coder:7b,& Ctrl; Shift; Teclas de flecha,1.644
1159,Asia/ Ashkhabad,es,Spanish,qwen2.5-coder:7b,Asia/ Ashkhabad,1.16
1160,Comic Strip,es,Spanish,qwen2.5-coder:7b,Strip de cómic,0.992
1161,Sell,es,Spanish,qwen2.5-coder:7b,Vender,0.63
1162,System Tray,es,Spanish,qwen2.5-coder:7b,Barra de sistema,1.012
1163,Activity Diagram Shapes,es,Spanish,qwen2.5-coder:7b,Formas de Diagrama de Actividad,1.466
1164,forward (fw),es,Spanish,qwen2.5-coder:7b,adelante (fw),1.07
1165,Plural,es,Spanish,qwen2.5-coder:7b,Plural,0.812
1166,Remove IPTC...,es,Spanish,qwen2.5-coder:7b,Eliminar IPTC...,0.956
1167,of October,es,Spanish,qwen2.5-coder:7b,de octubre,0.719
1168,Calibration,es,Spanish,qwen2.5-coder:7b,Calibración,0.772
1169,Explain modes,es,Spanish,qwen2.5-coder:7b,Explique los modos,1.252
1170,Coin Collection,es,Spanish,qwen2.5-coder:7b,Recolección de Monedas,1.365
1171,Undefined Recipient Type,es,Spanish,qwen2.5-coder:7b,Tipo de destinatario no definido,1.305
1172,Canceled,es,Spanish,qwen2.5-coder:7b,Cancelado,0.595
1173,& Use SSL,es,Spanish,qwen2.5-coder:7b,& Usar SSL,0.956
1174,Open the New Tab Page,es,Spanish,qwen2.5-coder:7b,Abre la Página de Nueva Pestaña,1.85
1175,How to obtain & kget;,es,Spanish,qwen2.5-coder:7b,¿Cómo obtener & kget;,1.372
1176,arc seconds,es,Spanish,qwen2.5-coder:7b,segundos arc,0.74
1177,Double Line,es,Spanish,qwen2.5-coder:7b,Doble Línea,0.918
1178,Subject line,es,Spanish,qwen2.5-coder:7b,Asunto,0.648
1179,Middle:,es,Spanish,qwen2.5-coder:7b,Medio:,0.824
1180,Repeatable.,es,Spanish,qwen2.5-coder:7b,Repetible.,0.897
1181,Show & year,es,Spanish,qwen2.5-coder:7b,Mostrar & año,1.12
1182,(no function),es,Spanish,qwen2.5-coder:7b,(no función),0.947
1183,Delete Item,es,Spanish,qwen2.5-coder:7b,Eliminar Elemento,1.19
1184,Samba domain name,es,Spanish,qwen2.5-coder:7b,Nombre de dominio de Samba,1.249
1185,Icons view mode,es,Spanish,qwen2.5-coder:7b,Modo de vista de iconos,1.562
1186,Add as & Attachment,es,Spanish,qwen2.5-coder:7b,Añadir como & Adjunto,1.364
1187,Air for netbooks,es,Spanish,qwen2.5-coder:7b,Aire para netbooks,1.093
1188,Print Density,es,Spanish,qwen2.5-coder:7b,Densidad de Impresión,1.178
1189,Forecast,es,Spanish,qwen2.5-coder:7b,Previsión,0.765
1190,& Titlebar Actions,es,Spanish,qwen2.5-coder:7b,& Acciones de la Barra de Título,1.587
1191,TimeTunnel,es,Spanish,qwen2.5-coder:7b,TiempoTúnel,1.01
1192,Kile Project Files,es,Spanish,qwen2.5-coder:7b,Archivos de Proyecto Kile,1.438
1193,Delete Tracks,es,Spanish,qwen2.5-coder:7b,Borrar pistas,0.904
1194,Subject Field,es,Spanish,qwen2.5-coder:7b,Campo de Asunto,0.995
1195,Add Tracker,es,Spanish,qwen2.5-coder:7b,Añadir Seguimiento,1.132
1196,Text Selection,es,Spanish,qwen2.5-coder:7b,Selección de Texto,0.934
1197,Minimum movement:,es,Spanish,qwen2.5-coder:7b,Movimiento mínimo:,0.894
1198,Battery:,es,Spanish,qwen2.5-coder:7b,Batería:,0.76
1199,KDE Poker Game,es,Spanish,qwen2.5-coder:7b,Juego de Poker KDE,0.975
1200,Network failure.,es,Spanish,qwen2.5-coder:7b,Error de red.,0.964
1201,Key Pressed Interaction,es,Spanish,qwen2.5-coder:7b,Interacción de Tecla Presionada,1.324
1202,Process Query,es,Spanish,qwen2.5-coder:7b,Procesar Consulta,1.131
1203,Municipalities,es,Spanish,qwen2.5-coder:7b,Municipios,0.922
1204,Accepted EULA,es,Spanish,qwen2.5-coder:7b,Aceptado EULA,1.057
1205,Node Color:,es,Spanish,qwen2.5-coder:7b,Color del Nodo:,0.996
1206,Mounting,es,Spanish,qwen2.5-coder:7b,Montaje,0.63
1207,The file $HOME /. cvsignore.,es,Spanish,qwen2.5-coder:7b,El archivo $HOME/.cvsignore.,1.568
1208,16 bits color depth,es,Spanish,qwen2.5-coder:7b,Profundidad de color de 16 bits,1.7
1209,Segment,es,Spanish,qwen2.5-coder:7b,Segmento,0.773
1210,GPG User ID (deprecated),es,Spanish,qwen2.5-coder:7b,ID de usuario GPG (obsoleto),1.626
1211,Gradient:,es,Spanish,qwen2.5-coder:7b,Gradiente:,0.782
1212,Mount Command,es,Spanish,qwen2.5-coder:7b,Comando Montar,1.002
1213,Transfer List,es,Spanish,qwen2.5-coder:7b,Lista de Transferencia,1.017
1214,Version Error,es,Spanish,qwen2.5-coder:7b,Error de Versión,0.813
1215,Text-to-Speech Manager,es,Spanish,qwen2.5-coder:7b,Administrador de Texto a Voz,1.479
1216,Network settings,es,Spanish,qwen2.5-coder:7b,Configuración de red,0.937
1217,Suspended,es,Spanish,qwen2.5-coder:7b,Suspendido,0.721
1218,Previous Unread & Message,es,Spanish,qwen2.5-coder:7b,Mensaje no leído anterior,1.204
1219,Watched,es,Spanish,qwen2.5-coder:7b,Visto,0.649
1220,"(c) 1997-2009, KDE PIM Developers",es,Spanish,qwen2.5-coder:7b,"(c) 1997-2009, Desarrolladores de KDE PIM",3.575
1221,Max size:,es,Spanish,qwen2.5-coder:7b,Tamaño máximo:,0.949
1222,Resolution:,es,Spanish,qwen2.5-coder:7b,Resolución:,0.867
1223,Grade:,es,Spanish,qwen2.5-coder:7b,Calificación:,0.761
1224,& Query message:,es,Spanish,qwen2.5-coder:7b,& Mensaje de consulta:,1.257
1225,EXIF Actions,es,Spanish,qwen2.5-coder:7b,Acciones EXIF,1.188
1226,Schedule,es,Spanish,qwen2.5-coder:7b,Agendar,0.823
1227,& Duration,es,Spanish,qwen2.5-coder:7b,& Duración,0.778
1228,Subtitle PID:,es,Spanish,qwen2.5-coder:7b,PID de subtítulo:,1.073
1229,Computer Player,es,Spanish,qwen2.5-coder:7b,Jugador de Computadora,0.965
1230,"Path to ""setkey"":",es,Spanish,qwen2.5-coder:7b,Ruta a 'setkey':,1.469
1231,Accuracy,es,Spanish,qwen2.5-coder:7b,Precisión,0.622
1232,Counterclockwise,es,Spanish,qwen2.5-coder:7b,Antihorario,1.141
1233,Identity Settings,es,Spanish,qwen2.5-coder:7b,Ajustes de Identidad,1.197
1234,Does NOT Contain,es,Spanish,qwen2.5-coder:7b,No Contiene,0.918
1235,Choose Pixmap,es,Spanish,qwen2.5-coder:7b,Elige Pixmap,1.075
1236,Expression base:,es,Spanish,qwen2.5-coder:7b,Expresión base:,1.06
1237,Animation speed:,es,Spanish,qwen2.5-coder:7b,Velocidad de animación:,1.2
1238,SAM System-Administration,es,Spanish,qwen2.5-coder:7b,SAM Sistema-Administración,1.17
1239,& Delete Tag...,es,Spanish,qwen2.5-coder:7b,& Eliminar Etiqueta...,1.085
1240,rowLayout,es,Spanish,qwen2.5-coder:7b,disposiciónDeFilas,1.159
1241,Instance,es,Spanish,qwen2.5-coder:7b,Instancia,0.606
1242,Associations,es,Spanish,qwen2.5-coder:7b,Asociaciones,0.722
1243,Landscape,es,Spanish,qwen2.5-coder:7b,Paisaje,0.819
1244,Wins,es,Spanish,qwen2.5-coder:7b,Ganados,0.724
1245,Recipe Name,es,Spanish,qwen2.5-coder:7b,Nombre de la Receta,0.971
1246,Tremolo Strings,es,Spanish,qwen2.5-coder:7b,Cadenas de Tremolo,1.134
1247,Abbreviations:,es,Spanish,qwen2.5-coder:7b,Acrónimos:,0.968
1248,Membership options,es,Spanish,qwen2.5-coder:7b,Opciones de membresía,0.931
1249,Application & working folder,es,Spanish,qwen2.5-coder:7b,Aplicación & carpeta de trabajo,1.452
1250,& Serial Cable,es,Spanish,qwen2.5-coder:7b,&Cable Serie,0.753
1251,Audio disc,es,Spanish,qwen2.5-coder:7b,Disco de audio,1.049
1252,& Monthly,es,Spanish,qwen2.5-coder:7b,& Mensual,0.74
1253,Start Page,es,Spanish,qwen2.5-coder:7b,Pagina Inicial,1.027
1254,Interface & name:,es,Spanish,qwen2.5-coder:7b,Interfaz & nombre:,1.122
1255,No media,es,Spanish,qwen2.5-coder:7b,No hay medios,0.825
1256,True,es,Spanish,qwen2.5-coder:7b,Verdadero,0.732
1257,Document Properties dialog,es,Spanish,qwen2.5-coder:7b,Diálogo de Propiedades del Documento,1.623
1258,2D Graphs,es,Spanish,qwen2.5-coder:7b,Gráficos 2D,1.151
1259,Enable emoticons,es,Spanish,qwen2.5-coder:7b,Activar emoticones,1.144
1260,Keyboard Filters,es,Spanish,qwen2.5-coder:7b,Filtros de Teclado,1.035
1261,Structure View,es,Spanish,qwen2.5-coder:7b,Vista de Estructura,1.221
1262,& Server name:,es,Spanish,qwen2.5-coder:7b,& Nombre del servidor:,1.044
1263,Table Data (wml),es,Spanish,qwen2.5-coder:7b,Datos de la Tabla (wml),1.496
1264,Change Admin,es,Spanish,qwen2.5-coder:7b,Cambiar Administrador,0.911
1265,feet²,es,Spanish,qwen2.5-coder:7b,pies²,0.703
1266,of Mehr,es,Spanish,qwen2.5-coder:7b,de Más,0.659
1267,Next: Tips,es,Spanish,qwen2.5-coder:7b,Próximo: Consejos,1.246
1268,Audio bit rate (kbit):,es,Spanish,qwen2.5-coder:7b,Bit rate de audio (kbit):,1.751
1269,Plasma ContainmentActions,es,Spanish,qwen2.5-coder:7b,Contención de Plasma,1.132
1270,Default group:,es,Spanish,qwen2.5-coder:7b,Grupo predeterminado:,1.014
1271,Nick Name,es,Spanish,qwen2.5-coder:7b,Apodo,0.89
1272,reconciled,es,Spanish,qwen2.5-coder:7b,reconciliado,1.067
1273,Range error,es,Spanish,qwen2.5-coder:7b,Error de rango,1.048
1274,Cylindrical,es,Spanish,qwen2.5-coder:7b,Cilíndrico,1.012
1275,Lens Distortion,es,Spanish,qwen2.5-coder:7b,Distorsión de Lente,1.149
1276,Encoder Configuration,es,Spanish,qwen2.5-coder:7b,Configuración del codificador,1.07
1277,20th Last,es,Spanish,qwen2.5-coder:7b,20º Último,1.422
1278,Expense details,es,Spanish,qwen2.5-coder:7b,Detalles de gasto,1.116
1279,Database driver:,es,Spanish,qwen2.5-coder:7b,Controlador de base de datos:,1.223
1280,Flood color,es,Spanish,qwen2.5-coder:7b,Color de inundación,1.11
1281,Focal point:,es,Spanish,qwen2.5-coder:7b,Punto focal:,0.862
1282,Max. Aspect,es,Spanish,qwen2.5-coder:7b,Aspecto Máx.,1.062
1283,Insertion,es,Spanish,qwen2.5-coder:7b,Inserción,0.853
1284,CVS Watch Remove,es,Spanish,qwen2.5-coder:7b,CVS Watch Eliminar,1.265
1285,& Enable alarm,es,Spanish,qwen2.5-coder:7b,& Habilitar alarma,1.208
1286,SMB shared printer (Windows;),es,Spanish,qwen2.5-coder:7b,Imprimir compartido SMB (Windows;),1.701
1287,Group file:,es,Spanish,qwen2.5-coder:7b,Archivo de grupo:,0.973
1288,Find Minimum Point,es,Spanish,qwen2.5-coder:7b,Encontrar Punto Mínimo,1.433
1289,GLX extensions,es,Spanish,qwen2.5-coder:7b,Extensiones GLX,1.032
1290,Image List,es,Spanish,qwen2.5-coder:7b,Lista de Imágenes,1.06
1291,angularAccelerationVariance,es,Spanish,qwen2.5-coder:7b,varianzaAceleraciónAngular,1.515
1292,Transport stream ID:,es,Spanish,qwen2.5-coder:7b,ID de transmisión de transporte:,1.269
1293,Transferring time:,es,Spanish,qwen2.5-coder:7b,Transferir tiempo:,1.046
1294,Writeable,es,Spanish,qwen2.5-coder:7b,Escribible,0.863
1295,Europe,es,Spanish,qwen2.5-coder:7b,Europa,0.61
1296,Source files:,es,Spanish,qwen2.5-coder:7b,Archivos fuente:,1.021
1297,Active:,es,Spanish,qwen2.5-coder:7b,Activo:,0.812
1298,Sentences,es,Spanish,qwen2.5-coder:7b,Frases,0.859
1299,Outline:,es,Spanish,qwen2.5-coder:7b,Esquema:,0.925
1300,Reference,es,Spanish,qwen2.5-coder:7b,Referencia,0.629
1301,System Cleaner,es,Spanish,qwen2.5-coder:7b,Limpieza del Sistema,1.165
1302,& Output,es,Spanish,qwen2.5-coder:7b,& Salida,0.864
1303,Keyboard & model:,es,Spanish,qwen2.5-coder:7b,Teclado & modelo:,1.111
1304,Formatting Options,es,Spanish,qwen2.5-coder:7b,Opciones de Formato,0.923
1305,Young's modulus:,es,Spanish,qwen2.5-coder:7b,Módulo de Young:,1.085
1306,Signal processing controller,es,Spanish,qwen2.5-coder:7b,Controlador de procesamiento de señales,1.433
1307,Group List,es,Spanish,qwen2.5-coder:7b,Lista de Grupos,1.071
1308,Show cover,es,Spanish,qwen2.5-coder:7b,Mostrar cubierta,0.96
1309,deactivated,es,Spanish,qwen2.5-coder:7b,desactivado,0.921
1310,& Underline links,es,Spanish,qwen2.5-coder:7b,& Subrayar enlaces,1.201
1311,Skipped:,es,Spanish,qwen2.5-coder:7b,Omitido:,0.999
1312,light group,es,Spanish,qwen2.5-coder:7b,grupo de luz,0.984
1313,Sublocation:,es,Spanish,qwen2.5-coder:7b,Sublocalización:,0.951
1314,gold,es,Spanish,qwen2.5-coder:7b,oro,0.512
1315,& Keyboard Layouts,es,Spanish,qwen2.5-coder:7b,& Diferentes Teclas,1.096
1316,Line Extensions,es,Spanish,qwen2.5-coder:7b,Extensiones de línea,0.898
1317,How to obtain and install & ktouch;,es,Spanish,qwen2.5-coder:7b,Cómo obtener e instalar & ktouch;,1.715
1318,Key management,es,Spanish,qwen2.5-coder:7b,Gestión de claves,1.036
1319,Preselection:,es,Spanish,qwen2.5-coder:7b,Selección previa:,0.94
1320,Pattern Size,es,Spanish,qwen2.5-coder:7b,Tamaño del Patrón,1.031
1321,%1 does not exist,es,Spanish,qwen2.5-coder:7b,%1 no existe,1.02
1322,channel,es,Spanish,qwen2.5-coder:7b,canal,0.649
1323,Every time,es,Spanish,qwen2.5-coder:7b,Cada vez,0.858
1324,Gop size:,es,Spanish,qwen2.5-coder:7b,Tamaño de Gop:,1.09
1325,Privacy Settings,es,Spanish,qwen2.5-coder:7b,Ajustes de Privacidad,1.208
1326,Interval check time:,es,Spanish,qwen2.5-coder:7b,Tiempo de verificación del intervalo:,1.532
1327,m{w} Alignment,es,Spanish,qwen2.5-coder:7b,m{w} Alineación,1.475
1328,Entities,es,Spanish,qwen2.5-coder:7b,Entidades,0.624
1329,Operations,es,Spanish,qwen2.5-coder:7b,Operaciones,0.635
1330,Border Bottom,es,Spanish,qwen2.5-coder:7b,Margen Inferior,1.033
1331,File Previews,es,Spanish,qwen2.5-coder:7b,Vistas previas de archivos,1.241
1332,QMake Builder,es,Spanish,qwen2.5-coder:7b,Constructor de QMake,1.124
1333,Locate in KMail,es,Spanish,qwen2.5-coder:7b,Localizar en KMail,1.334
1334,Playlist Name,es,Spanish,qwen2.5-coder:7b,Nombre de la lista de reproducción,1.165
1335,0 unsent,es,Spanish,qwen2.5-coder:7b,0 no enviados,1.124
1336,Squares,es,Spanish,qwen2.5-coder:7b,Cuadrados,0.768
1337,Debugger Frontend,es,Spanish,qwen2.5-coder:7b,Interfaz del Depurador,1.412
1338,Cookies Disabled,es,Spanish,qwen2.5-coder:7b,Las Cookies están Desactivadas,1.308
1339,& Network name:,es,Spanish,qwen2.5-coder:7b,& Nombre de la red:,1.083
1340,Left Arrow,es,Spanish,qwen2.5-coder:7b, Flecha Izquierda ,1.063
1341,Close Document,es,Spanish,qwen2.5-coder:7b,Cerrar Documento,0.962
1342,Query name,es,Spanish,qwen2.5-coder:7b,Nombre de la consulta,0.837
1343,Remove Document,es,Spanish,qwen2.5-coder:7b,Eliminar Documento,0.964
1344,new_operation,es,Spanish,qwen2.5-coder:7b,nueva_operación,1.11
1345,Rotate Layer,es,Spanish,qwen2.5-coder:7b,Girar Capa,1.024
1346,Project manager,es,Spanish,qwen2.5-coder:7b,Gerente de proyecto,1.01
1347,Coloring Tint:,es,Spanish,qwen2.5-coder:7b,Coloración Tinte:,1.074
1348,Optional:,es,Spanish,qwen2.5-coder:7b,Opcional:,0.846
1349,Writing mode,es,Spanish,qwen2.5-coder:7b,Modo de escritura,1.154
1350,Copy offset:,es,Spanish,qwen2.5-coder:7b,Copiar desplazamiento:,1.235
1351,Thumbnail,es,Spanish,qwen2.5-coder:7b,Miniatura,0.631
1352,TIFF Files,es,Spanish,qwen2.5-coder:7b,Archivos TIFF,0.828
1353,Dispersion:,es,Spanish,qwen2.5-coder:7b,Distribución:,0.874
1354,Current Year,es,Spanish,qwen2.5-coder:7b,Año Actual,0.847
1355,Player 2 name,es,Spanish,qwen2.5-coder:7b,Nombre del Jugador 2,1.109
1356,Border Color:,es,Spanish,qwen2.5-coder:7b,Color de Borde:,1.033
1357,Icon chooser dialog,es,Spanish,qwen2.5-coder:7b,Diálogo de selección de icono,1.691
1358,Start Color:,es,Spanish,qwen2.5-coder:7b,Color Inicial:,0.973
1359,KStep preview,es,Spanish,qwen2.5-coder:7b,Vista previa de KStep,1.368
1360,To Tallest,es,Spanish,qwen2.5-coder:7b,Hacia el Más Alto,1.146
1361,Equation Solver,es,Spanish,qwen2.5-coder:7b,Resolutor de ecuaciones,1.455
1362,Keyboard LEDs,es,Spanish,qwen2.5-coder:7b,Leds del teclado,0.965
1363,Operating System,es,Spanish,qwen2.5-coder:7b,Sistema Operativo,0.902
1364,Database driver,es,Spanish,qwen2.5-coder:7b,Controlador de base de datos,1.122
1365,Feed added,es,Spanish,qwen2.5-coder:7b,Feed agregado,0.966
1366,Installed size: %1,es,Spanish,qwen2.5-coder:7b,Tamaño instalado: %1,1.418
1367,File List,es,Spanish,qwen2.5-coder:7b,Lista de Archivos,1.098
1368,& View Logs,es,Spanish,qwen2.5-coder:7b,& Ver registros,0.902
1369,environment ',es,Spanish,qwen2.5-coder:7b,entorno ,0.885
1370,User Time,es,Spanish,qwen2.5-coder:7b,Tiempo del Usuario,0.82
1371,Frame & Width:,es,Spanish,qwen2.5-coder:7b,Marco & Ancho:,1.208
1372,Cover Manager,es,Spanish,qwen2.5-coder:7b,Administrador de Cubiertas,1.397
1373,Search Files With Kat,es,Spanish,qwen2.5-coder:7b,Buscar Archivos con Kat,1.281
1374,Song Properties,es,Spanish,qwen2.5-coder:7b,Propiedades de la Canción,1.142
1375,Delete tag,es,Spanish,qwen2.5-coder:7b,Eliminar etiqueta,1.001
1376,Six,es,Spanish,qwen2.5-coder:7b,Seis,0.682
1377,MediumAquamarine,es,Spanish,qwen2.5-coder:7b,Azul turquesa mediano,1.854
1378,Atomic Radius,es,Spanish,qwen2.5-coder:7b,Radio Atómico,0.911
1379,Verify failure,es,Spanish,qwen2.5-coder:7b,Verificación fallida,1.167
1380,Quick Post,es,Spanish,qwen2.5-coder:7b,Publicación Rápida,1.2
1381,End Activity,es,Spanish,qwen2.5-coder:7b,Finalizar Actividad,1.037
1382,Mount command,es,Spanish,qwen2.5-coder:7b,Comando de montaje,1.299
1383,Location filter:,es,Spanish,qwen2.5-coder:7b,Filtro de ubicación:,1.162
1384,New profile wizard racoon,es,Spanish,qwen2.5-coder:7b,Nuevo asistente de perfil zorro,1.696
1385,& Group Password:,es,Spanish,qwen2.5-coder:7b,& Grupo Contraseña:,1.073
1386,Page one,es,Spanish,qwen2.5-coder:7b,Primera página,1.178
1387,IP Settings,es,Spanish,qwen2.5-coder:7b,Configuración de IP,1.008
1388,Spanish (Panama),es,Spanish,qwen2.5-coder:7b,Español (Panamá),1.307
1389,New & To-do...,es,Spanish,qwen2.5-coder:7b,Nuevo & Tarea...,1.119
1390,Label,es,Spanish,qwen2.5-coder:7b,Etiqueta,0.595
1391,Major radius (z),es,Spanish,qwen2.5-coder:7b,Radio mayor (z),0.977
1392,LDAP suffix:,es,Spanish,qwen2.5-coder:7b,Prefijo LDAP:,0.894
1393,IMREAL(string),es,Spanish,qwen2.5-coder:7b,IMREAL(%s),1.069
1394,Merged,es,Spanish,qwen2.5-coder:7b,Mezclado,0.923
1395,libxz plugin for Kerfuffle,es,Spanish,qwen2.5-coder:7b,plugin de libxz para Kerfuffle,1.518
1396,Board Game Collection,es,Spanish,qwen2.5-coder:7b,Recolección de Juegos de Tablero,1.472
1397,Move Right,es,Spanish,qwen2.5-coder:7b,Mover Derecha,0.887
1398,Authentication method,es,Spanish,qwen2.5-coder:7b,Método de autenticación,1.379
1399,Telephonebook Search Provider,es,Spanish,qwen2.5-coder:7b,Proveedor de Búsqueda de Agenda Telefónica,1.756
1400,Host authentication:,es,Spanish,qwen2.5-coder:7b,Autenticación del servidor:,1.356
1401,Trust,es,Spanish,qwen2.5-coder:7b,Confianza,0.823
1402,lightyears,es,Spanish,qwen2.5-coder:7b,años luz,0.813
1403,disabled,es,Spanish,qwen2.5-coder:7b,desactivado,0.888
1404,Marker Lines,es,Spanish,qwen2.5-coder:7b,Líneas de Marca,1.029
1405,Searching for %1...,es,Spanish,qwen2.5-coder:7b,Buscando %1...,1.368
1406,Keyboard Colors,es,Spanish,qwen2.5-coder:7b,Colores del Teclado,1.255
1407,"Operating system related: chdir, shell, tty",es,Spanish,qwen2.5-coder:7b,"Sistema operativo relacionado: chdir, shell, tty",1.909
1408,(8) Sys. Administration,es,Spanish,qwen2.5-coder:7b,(8) Administración del Sistema,1.342
1409,Sound file,es,Spanish,qwen2.5-coder:7b,Archivo de sonido,0.847
1410,Attachment Title,es,Spanish,qwen2.5-coder:7b,Nombre del Archivo,0.995
1411,Min distance,es,Spanish,qwen2.5-coder:7b,Distancia mínima,0.99
1412,Equipment:,es,Spanish,qwen2.5-coder:7b,Equipo:,0.808
1413,Line Chart,es,Spanish,qwen2.5-coder:7b,Gráfico de Líneas,1.008
1414,Town:,es,Spanish,qwen2.5-coder:7b,Ciudad:,0.771
1415,& Previous Week,es,Spanish,qwen2.5-coder:7b,& Semana Anterior,1.026
1416,Network Printer (socket),es,Spanish,qwen2.5-coder:7b,Imprimir en Red (socket),1.341
1417,Preview opacity:,es,Spanish,qwen2.5-coder:7b,Opacidad de vista previa:,1.254
1418,Close Project,es,Spanish,qwen2.5-coder:7b,Cerrar Proyecto,0.925
1419,log files,es,Spanish,qwen2.5-coder:7b,archivos de registro,1.043
1420,Client NTLMv2 authentication,es,Spanish,qwen2.5-coder:7b,Autenticación NTLMv2 del cliente,1.595
1421,Ink Depletion Curve,es,Spanish,qwen2.5-coder:7b,Curva de Depleción de Tinta,1.383
1422,ICal Calendar File,es,Spanish,qwen2.5-coder:7b,Archivo de Calendario iCal,1.422
1423,body part,es,Spanish,qwen2.5-coder:7b,parte del cuerpo,1.045
1424,Cover Image,es,Spanish,qwen2.5-coder:7b,Imagen de cubierta,1.133
1425,Image Settings,es,Spanish,qwen2.5-coder:7b,Ajustes de Imagen,1.118
1426,Halftone,es,Spanish,qwen2.5-coder:7b,Tono de malla,0.948
1427,View with & Firefox,es,Spanish,qwen2.5-coder:7b,Ver con & Firefox,1.066
1428,Disc Type,es,Spanish,qwen2.5-coder:7b,Tipo de Disco,0.732
1429,Radar Chart,es,Spanish,qwen2.5-coder:7b,Gráfico de Radar,0.83
1430,Shaded,es,Spanish,qwen2.5-coder:7b,Sombreado,0.701
1431,Dessert,es,Spanish,qwen2.5-coder:7b,Postre,0.678
1432,Player%1,es,Spanish,qwen2.5-coder:7b,Jugador%1,0.871
1433,Personal:,es,Spanish,qwen2.5-coder:7b,Personal:,0.697
1434,PictureGrade,es,Spanish,qwen2.5-coder:7b,Calidad de Imagen,0.978
1435,Search playlists,es,Spanish,qwen2.5-coder:7b,Buscar listas de reproducción,1.337
1436,& Examples,es,Spanish,qwen2.5-coder:7b,& Ejemplos,0.878
1437,Group file,es,Spanish,qwen2.5-coder:7b,Agrupa archivo,0.994
1438,& Low,es,Spanish,qwen2.5-coder:7b,& Bajo,0.847
1439,Dominican Peso,es,Spanish,qwen2.5-coder:7b,Peso Dominicano,1.046
1440,Add peer:,es,Spanish,qwen2.5-coder:7b,Añadir peer:,0.915
1441,Lookup vector,es,Spanish,qwen2.5-coder:7b,Buscar vector,0.813
1442,of Bahman,es,Spanish,qwen2.5-coder:7b,de Bahman,0.744
1443,Locked,es,Spanish,qwen2.5-coder:7b,Bloqueado,0.713
1444,& Office:,es,Spanish,qwen2.5-coder:7b,& Oficina:,0.839
1445,Standard Preview,es,Spanish,qwen2.5-coder:7b,Vista Previa Estándar,1.321
1446,KDE port,es,Spanish,qwen2.5-coder:7b,Port KDE,0.856
1447,Foreground:,es,Spanish,qwen2.5-coder:7b,Primario:,0.782
1448,Plot Appearance,es,Spanish,qwen2.5-coder:7b,Apariencia del Gráfico,1.183
1449,& Enabled,es,Spanish,qwen2.5-coder:7b,& Habilitado,0.826
1450,high,es,Spanish,qwen2.5-coder:7b,alto,0.704
1451,Maze,es,Spanish,qwen2.5-coder:7b,Laberinto,0.719
1452,Access,es,Spanish,qwen2.5-coder:7b,Acceso,0.599
1453,Top-Right,es,Spanish,qwen2.5-coder:7b,Arriba-Derecha,1.215
1454,Hotkey,es,Spanish,qwen2.5-coder:7b,Atajo de teclado,0.954
1455,Top,es,Spanish,qwen2.5-coder:7b,Superior,0.825
1456,Publisher:,es,Spanish,qwen2.5-coder:7b,Editor:,0.711
1457,Watch TV!,es,Spanish,qwen2.5-coder:7b,Ver TV!,0.827
1458,Medium Outline,es,Spanish,qwen2.5-coder:7b,Esquema Medio,1.086
1459,Trust:,es,Spanish,qwen2.5-coder:7b,Confianza:,0.913
1460,Snow Grains,es,Spanish,qwen2.5-coder:7b,Granos de Nieve,1.18
1461,Others,es,Spanish,qwen2.5-coder:7b,Otros,0.61
1462,DodgerBlue2,es,Spanish,qwen2.5-coder:7b,DodgerBlue2,0.875
1463,Serial Port #2 (Linux),es,Spanish,qwen2.5-coder:7b,Serial Port #2 (Linux),1.321
1464,Save As,es,Spanish,qwen2.5-coder:7b,Guardar Como,0.808
1465,Debugging Output,es,Spanish,qwen2.5-coder:7b,Salida de Depuración,1.25
1466,Font Files,es,Spanish,qwen2.5-coder:7b,Archivos de Fuente,1.186
1467,Bitrate,es,Spanish,qwen2.5-coder:7b,Bitrate,0.905
1468,View Background,es,Spanish,qwen2.5-coder:7b,Ver Fondo,0.978
1469,Palette Name:,es,Spanish,qwen2.5-coder:7b,Nombre de la Paleta:,1.026
1470,Appearance Page,es,Spanish,qwen2.5-coder:7b,Configuración de Apariencia,1.37
1471,Dump Certificate Error,es,Spanish,qwen2.5-coder:7b,Error de Certificado,1.038
1472,Particle size:,es,Spanish,qwen2.5-coder:7b,Tamaño de partícula:,1.162
1473,& Word,es,Spanish,qwen2.5-coder:7b,& Palabra,0.817
1474,Reconciled,es,Spanish,qwen2.5-coder:7b,Reconciliado,1.209
1475,to:,es,Spanish,qwen2.5-coder:7b,para:,0.744
1476,Top:,es,Spanish,qwen2.5-coder:7b,Superior:,0.906
1477,OCR Image,es,Spanish,qwen2.5-coder:7b,Imagen OCR,0.92
1478,Kexi Open Database Connectivity Driver,es,Spanish,qwen2.5-coder:7b,Controlador de Conexión a Bases de Datos Kexi,2.037
1479,Next,es,Spanish,qwen2.5-coder:7b,Siguiendo,0.809
1480,Other Transfers,es,Spanish,qwen2.5-coder:7b,Otros Traslados,0.931
1481,Image Captions,es,Spanish,qwen2.5-coder:7b,Subtítulos de Imágenes,1.327
1482,Maldivian Rufiyaa,es,Spanish,qwen2.5-coder:7b,Rufiyaa Maldiviana,1.331
1483,wait,es,Spanish,qwen2.5-coder:7b,espera,0.814
1484,Delete object,es,Spanish,qwen2.5-coder:7b,Eliminar objeto,0.94
1485,Enter a phone number:,es,Spanish,qwen2.5-coder:7b,Introduce un número de teléfono:,1.348
1486,Dolphin Preferences,es,Spanish,qwen2.5-coder:7b,Preferencias de Delfín,1.582
1487,Last. Fm Events,es,Spanish,qwen2.5-coder:7b,Últimos Eventos de Last. Fm,1.902
1488,Blue multiplier,es,Spanish,qwen2.5-coder:7b,Multiplicador azul,1.127
1489,Beveled,es,Spanish,qwen2.5-coder:7b,Enredado,1.179
1490,Distortion...,es,Spanish,qwen2.5-coder:7b,Distorsión...,0.918
1491,Mean:,es,Spanish,qwen2.5-coder:7b,Media:,0.779
1492,Table Data,es,Spanish,qwen2.5-coder:7b,Datos de la Tabla,1.042
1493,%1 added,es,Spanish,qwen2.5-coder:7b,%1 añadido,1.211
1494,Duplicate open,es,Spanish,qwen2.5-coder:7b,Duplicar abierto,1.209
1495,Kings,es,Spanish,qwen2.5-coder:7b,Reyes,0.746
1496,PCI card,es,Spanish,qwen2.5-coder:7b,tarjeta PCI,0.762
1497,City:,es,Spanish,qwen2.5-coder:7b,Ciudad:,0.883
1498,Outlook2VCal main window,es,Spanish,qwen2.5-coder:7b,Ventana principal de Outlook2VCal,1.704
1499,Attendees,es,Spanish,qwen2.5-coder:7b,Asistentes,0.772
1500,The board,es,Spanish,qwen2.5-coder:7b,El tablero,0.827
1501,File System Support,es,Spanish,qwen2.5-coder:7b,Soporte del Sistema de Archivos,1.284
1502,single DMA,es,Spanish,qwen2.5-coder:7b,DMA único,0.841
1503,from %1,es,Spanish,qwen2.5-coder:7b,desde %1,0.869
1504,Blur,es,Spanish,qwen2.5-coder:7b,Desenfoque,1.077
1505,Samba domain SID,es,Spanish,qwen2.5-coder:7b,SID del dominio Samba,1.514
1506,Position Y:,es,Spanish,qwen2.5-coder:7b,Posición Y:,1.026
1507,Image Operations,es,Spanish,qwen2.5-coder:7b,Operaciones de Imagen,1.024
1508,& Ascending,es,Spanish,qwen2.5-coder:7b,& Ascendente,1.074
1509,Website Validators,es,Spanish,qwen2.5-coder:7b,Validadores de Sitio Web,1.506
1510,Entity & name:,es,Spanish,qwen2.5-coder:7b,Entidad & nombre:,1.198
1511,Payout,es,Spanish,qwen2.5-coder:7b,Pago,0.76
1512,& Environment,es,Spanish,qwen2.5-coder:7b,& Ambiente,0.786
1513,untitled. step,es,Spanish,qwen2.5-coder:7b,sin título. paso,1.179
1514,Street,es,Spanish,qwen2.5-coder:7b,Calle,0.694
1515,& Preview cmd:,es,Spanish,qwen2.5-coder:7b,& Vista previa cmd:,1.338
1516,Visit homepage...,es,Spanish,qwen2.5-coder:7b,Visita la página principal...,1.248
1517,Woman Shape,es,Spanish,qwen2.5-coder:7b,Forma de Mujer,1.11
1518,Pop-up Notes,es,Spanish,qwen2.5-coder:7b,Notas emergentes,0.846
1519,developer (JavaScript),es,Spanish,qwen2.5-coder:7b,desarrollador (JavaScript),1.15
1520,Charcoal Drawing...,es,Spanish,qwen2.5-coder:7b,Gráfica de Carcasa...,1.314
1521,Trash Settings.,es,Spanish,qwen2.5-coder:7b,Ajustes de Papelera.,1.21
1522,Is End,es,Spanish,qwen2.5-coder:7b,¿Es Final?,0.919
1523,DCC Receive,es,Spanish,qwen2.5-coder:7b,DCC Recibir,0.964
1524,Hor. Policy,es,Spanish,qwen2.5-coder:7b,Política Horario,0.863
1525,Ingredient,es,Spanish,qwen2.5-coder:7b,Ingrediente,0.689
1526,Crosshair,es,Spanish,qwen2.5-coder:7b,Cursor,0.756
1527,Deletions,es,Spanish,qwen2.5-coder:7b,Borrados,0.893
1528,The Thesaurus Tab,es,Spanish,qwen2.5-coder:7b,La Pestaña del Sinónimo,1.556
1529,Toggle equalizer.,es,Spanish,qwen2.5-coder:7b,Alternar equalizador.,1.115
1530,Gold Mesh,es,Spanish,qwen2.5-coder:7b,Malla de Oro,0.834
1531,Current Frame,es,Spanish,qwen2.5-coder:7b,Marco Actual,0.826
1532,Pan Flute,es,Spanish,qwen2.5-coder:7b,Flauta de Pan,0.958
1533,Filter out accounts,es,Spanish,qwen2.5-coder:7b,Filtra cuentas,1.108
1534,Painterly Color Mixer,es,Spanish,qwen2.5-coder:7b,Mezclador de Colores Pintorescos,1.834
1535,Master volume,es,Spanish,qwen2.5-coder:7b,Volumen maestro,1.193
1536,"& kicker;, the & kde; Panel",es,Spanish,qwen2.5-coder:7b,"& kicker;, el & kde; Panel",1.741
1537,DCOP Call,es,Spanish,qwen2.5-coder:7b,Llamada DCOP,1.033
1538,NT SMB support,es,Spanish,qwen2.5-coder:7b,Apoyo NT SMB,1.061
1539,Bottom Center,es,Spanish,qwen2.5-coder:7b,Centro Inferior,1.032
1540,Memory Configuration,es,Spanish,qwen2.5-coder:7b,Configuración de Memoria,1.043
1541,female,es,Spanish,qwen2.5-coder:7b,femenino,0.801
1542,& Shift; Right Arrow,es,Spanish,qwen2.5-coder:7b,& Shift; Flecha derecha,1.36
1543,Opening,es,Spanish,qwen2.5-coder:7b,Abriendo,0.946
1544,sky sphere declaration,es,Spanish,qwen2.5-coder:7b,declaración de esfera celeste,1.476
1545,units,es,Spanish,qwen2.5-coder:7b,unidades,0.839
1546,High Gloss Film,es,Spanish,qwen2.5-coder:7b,Pelicula de Alta Glosura,1.279
1547,Inserting Widget,es,Spanish,qwen2.5-coder:7b,Insertando Widget,0.998
1548,Main & Demo,es,Spanish,qwen2.5-coder:7b,Principal & Demo,1.001
1549,Job Billing,es,Spanish,qwen2.5-coder:7b,Facturación de Trabajo,1.062
1550,ImagePlugin_LocalContrast,es,Spanish,qwen2.5-coder:7b,Plugin de Contraste Local de Imagen,1.547
1551,Bracketing to HDR,es,Spanish,qwen2.5-coder:7b,Brackets a HDR,1.098
1552,No tasks,es,Spanish,qwen2.5-coder:7b,No hay tareas,0.914
1553,Use large file support,es,Spanish,qwen2.5-coder:7b,Use soporte de archivos grandes,1.265
1554,System peripheral,es,Spanish,qwen2.5-coder:7b,Periférico del sistema,1.189
1555,Colony shape,es,Spanish,qwen2.5-coder:7b,Forma de colonia,1.154
1556,Memory Speed,es,Spanish,qwen2.5-coder:7b,Velocidad de Memoria,1.19
1557,KMobileTools Device Manager,es,Spanish,qwen2.5-coder:7b,KMobileTools Administrador de Dispositivos,1.612
1558,Usenet Newsgroups (NNTP),es,Spanish,qwen2.5-coder:7b,Grupos de noticias de Usenet (NNTP),1.709
1559,& Description:,es,Spanish,qwen2.5-coder:7b,& Descripción:,0.965
1560,Black,es,Spanish,qwen2.5-coder:7b,Negro,0.63
1561,Assigned Tags,es,Spanish,qwen2.5-coder:7b,Etiquetas Asignadas,0.995
1562,New Zealand dollar,es,Spanish,qwen2.5-coder:7b,Dólar de Nueva Zelanda,1.341
1563,Pencil color:,es,Spanish,qwen2.5-coder:7b,Color de lápiz:,1.214
1564,Activate time,es,Spanish,qwen2.5-coder:7b,Activar tiempo,0.91
1565,Photos Data Engine,es,Spanish,qwen2.5-coder:7b,Motor de Datos de Fotos,1.116
1566,Good,es,Spanish,qwen2.5-coder:7b,Bueno,0.793
1567,Image Effects...,es,Spanish,qwen2.5-coder:7b,Efectos de Imagen...,1.099
1568,KSpread Spreadsheet,es,Spanish,qwen2.5-coder:7b,Hoja de Cálculo de KSpread,1.336
1569,TeX Group,es,Spanish,qwen2.5-coder:7b,Grup TeX,1.002
1570,From File...,es,Spanish,qwen2.5-coder:7b,Desde Archivo...,0.957
1571,Line width:,es,Spanish,qwen2.5-coder:7b,Ancho de línea:,1.063
1572,Package collections,es,Spanish,qwen2.5-coder:7b,Colecciones de paquetes,1.294
1573,Transfer Details,es,Spanish,qwen2.5-coder:7b,Detalles de Transferencia,1.143
1574,Main Settings,es,Spanish,qwen2.5-coder:7b,Ajustes Principales,1.017
1575,Unknown Context,es,Spanish,qwen2.5-coder:7b,Contexto Desconocido,1.004
1576,Icelandic,es,Spanish,qwen2.5-coder:7b,Islandés,0.768
1577,User-Defined Tags,es,Spanish,qwen2.5-coder:7b,Etiquetas Definidas por el Usuario,1.432
1578,Kate Session Launcher,es,Spanish,qwen2.5-coder:7b,Lanzador de Sesión Kate,1.293
1579,Valid to:,es,Spanish,qwen2.5-coder:7b,Válido hasta:,0.952
1580,Getting Started,es,Spanish,qwen2.5-coder:7b,Empezando,0.94
1581,European Foolscap,es,Spanish,qwen2.5-coder:7b,European Foolscap,1.132
1582,Before,es,Spanish,qwen2.5-coder:7b,Antes,0.817
1583,Do Not Disturb,es,Spanish,qwen2.5-coder:7b,No Disturbiar,1.159
1584,Document View,es,Spanish,qwen2.5-coder:7b,Vista del Documento,1.145
1585,Disk Full,es,Spanish,qwen2.5-coder:7b,Disco Lleno,1.141
1586,Fire,es,Spanish,qwen2.5-coder:7b,Quema,0.786
1587,more,es,Spanish,qwen2.5-coder:7b,más,0.773
1588,%1 points: Bonus,es,Spanish,qwen2.5-coder:7b,%1 puntos: Bono,1.214
1589,Player & 1,es,Spanish,qwen2.5-coder:7b,Jugador & 1,1.301
1590,DateTime Functions,es,Spanish,qwen2.5-coder:7b,Funciones de Fecha y Hora,1.156
1591,Display Properties,es,Spanish,qwen2.5-coder:7b,Propiedades de Visualización,1.158
1592,Signature file,es,Spanish,qwen2.5-coder:7b,Archivo de firma,0.953
1593,Game Rules,es,Spanish,qwen2.5-coder:7b,Reglas del Juego,0.917
1594,Drag time (1/ 10 sec):,es,Spanish,qwen2.5-coder:7b,Arrastra el tiempo (1/10 seg):,2.016
1595,Bitrate: %1 Mbit/ s,es,Spanish,qwen2.5-coder:7b,Bitrate: %1 Mbit/s,1.634
1596,Remote network,es,Spanish,qwen2.5-coder:7b,Red remota,0.892
1597,& LDAP Requests,es,Spanish,qwen2.5-coder:7b,& Solicitudes LDAP,0.88
1598,Light Table,es,Spanish,qwen2.5-coder:7b,Escritorio Luminoso,1.252
1599,Set Point 2,es,Spanish,qwen2.5-coder:7b,Punto de Ajuste 2,1.253
1600,Instructions,es,Spanish,qwen2.5-coder:7b,Instrucciones,0.686
1601,Pass through,es,Spanish,qwen2.5-coder:7b,Transitar,0.825
1602,Cubic,es,Spanish,qwen2.5-coder:7b,Cúbico,0.714
1603,Newsgroup,es,Spanish,qwen2.5-coder:7b,Foro,0.665
1604,File Transfers,es,Spanish,qwen2.5-coder:7b,Transferencias de Archivos,0.942
1605,Developer (2005-2006),es,Spanish,qwen2.5-coder:7b,Desarrollador (2005-2006),2.284
1606,Port number:,es,Spanish,qwen2.5-coder:7b,Número de puerto:,0.927
1607,Start a shell,es,Spanish,qwen2.5-coder:7b,Comenzar una shell,1.135
1608,Attraction,es,Spanish,qwen2.5-coder:7b,Atracción,0.713
1609,Spiral Shape,es,Spanish,qwen2.5-coder:7b,Forma Espiral,1.013
1610,Remove feeds,es,Spanish,qwen2.5-coder:7b,Eliminar fuentes,0.948
1611,Cut Sheet Bin 2,es,Spanish,qwen2.5-coder:7b,Recorte Fila 2,1.396
1612,Template:,es,Spanish,qwen2.5-coder:7b,Plantilla:,0.837
1613,Brazil/ West,es,Spanish,qwen2.5-coder:7b,Brazil/Oeste,1.056
1614,Default (XFree 4),es,Spanish,qwen2.5-coder:7b,Predeterminado (XFree 4),1.549
1615,Size,es,Spanish,qwen2.5-coder:7b,Tamaño,0.595
1616,Order,es,Spanish,qwen2.5-coder:7b,Orden,0.684
1617,Expiration,es,Spanish,qwen2.5-coder:7b,Expiración,0.883
1618,Previous window,es,Spanish,qwen2.5-coder:7b,Ventana anterior,0.734
1619,Information Functions,es,Spanish,qwen2.5-coder:7b,Funciones de Información,0.938
1620,Open File,es,Spanish,qwen2.5-coder:7b,Abrir Archivo,0.841
1621,Label color:,es,Spanish,qwen2.5-coder:7b,Color de etiqueta:,1.099
1622,Updates,es,Spanish,qwen2.5-coder:7b,Actualizaciones,0.704
1623,Average bitrate,es,Spanish,qwen2.5-coder:7b,Bitrate promedio,1.013
1624,overline,es,Spanish,qwen2.5-coder:7b,subrayado,0.93
1625,Property Editor,es,Spanish,qwen2.5-coder:7b,Editor de Propiedades,0.862
1626,Marking color,es,Spanish,qwen2.5-coder:7b,Color de marcado,1.073
1627,KDE Theme Manager,es,Spanish,qwen2.5-coder:7b,Administrador de Temas de KDE,1.417
1628,line,es,Spanish,qwen2.5-coder:7b,línea,0.628
1629,& Operating Systems,es,Spanish,qwen2.5-coder:7b,& Sistemas Operativos,1.163
1630,Tile size:,es,Spanish,qwen2.5-coder:7b,Tamaño de la mosaico:,1.307
1631,"Letter, Color",es,Spanish,qwen2.5-coder:7b,"Letra, Color",1.077
1632,Deactivate Script,es,Spanish,qwen2.5-coder:7b,Desactivar Script,1.033
1633,"5 for & RedHat; 3. x and later, and for & Mandrake;",es,Spanish,qwen2.5-coder:7b,"5 para & RedHat; 3. x y posteriores, y para & Mandrake;",3.361
1634,Flip,es,Spanish,qwen2.5-coder:7b,Girar,0.71
1635,Time:,es,Spanish,qwen2.5-coder:7b,Tiempo:,0.798
1636,Activity Diagram,es,Spanish,qwen2.5-coder:7b,Diagrama de Actividad,0.911
1637,Winbind cache time:,es,Spanish,qwen2.5-coder:7b,Tiempo de caché de Winbind:,1.517
1638,chained DMA,es,Spanish,qwen2.5-coder:7b,DMA encadenado,0.933
1639,Local scope keywords:,es,Spanish,qwen2.5-coder:7b,Palabras clave de ámbito local:,1.276
1640,graph,es,Spanish,qwen2.5-coder:7b,gráfico,0.701
1641,Day Duration,es,Spanish,qwen2.5-coder:7b,Duración del Día,0.901
1642,Waiting,es,Spanish,qwen2.5-coder:7b,Esperando,0.698
1643,tracklist,es,Spanish,qwen2.5-coder:7b,lista de reproducción,1.016
1644,Alt vs. Time,es,Spanish,qwen2.5-coder:7b,Alt vs. Tiempo,1.166
1645,"\t""Output file """,es,Spanish,qwen2.5-coder:7b,"\t""Archivo de salida ",1.22
1646,& Group,es,Spanish,qwen2.5-coder:7b,& Grupo,0.619
1647,Colour Intensity,es,Spanish,qwen2.5-coder:7b,Intensidad de Color,1.157
1648,One-sided,es,Spanish,qwen2.5-coder:7b,Unilateral,0.809
1649,Write,es,Spanish,qwen2.5-coder:7b,Escribir,0.713
1650,/ join #channel,es,Spanish,qwen2.5-coder:7b,/ unirse #canal,1.212
1651,Log process & identifier,es,Spanish,qwen2.5-coder:7b,Proceso de registro & identificador,1.471
1652,Young,es,Spanish,qwen2.5-coder:7b,Joven,0.622
1653,Logitech Support,es,Spanish,qwen2.5-coder:7b,Soporte Logitech,0.853
1654,Star Density:,es,Spanish,qwen2.5-coder:7b,Densidad de Estrellas:,1.09
1655,Actions Options,es,Spanish,qwen2.5-coder:7b,Opciones de Acciones,0.902
1656,Decrease Gamma,es,Spanish,qwen2.5-coder:7b,Disminuir Gamma,1.107
1657,Intercept,es,Spanish,qwen2.5-coder:7b,Interceptar,0.836
1658,User Defined,es,Spanish,qwen2.5-coder:7b,Definido por el usuario,1.237
1659,Landscape (90°),es,Spanish,qwen2.5-coder:7b, Paisaje (90°),1.423
1660,& Incoming,es,Spanish,qwen2.5-coder:7b,& Entrante,0.85
1661,Meta-Information,es,Spanish,qwen2.5-coder:7b,Metainformación,1.129
1662,Purchase Date,es,Spanish,qwen2.5-coder:7b,Fecha de Compra,1.061
1663,Skip 10 Forward,es,Spanish,qwen2.5-coder:7b,Saltar 10 hacia adelante,1.487
1664,-u user,es,Spanish,qwen2.5-coder:7b,-u usuario,0.851
1665,Output Format,es,Spanish,qwen2.5-coder:7b,Formato de salida,0.857
1666,annotation,es,Spanish,qwen2.5-coder:7b,anotación,0.686
1667,NT domain name:,es,Spanish,qwen2.5-coder:7b,Nombre de dominio NT:,1.104
1668,large,es,Spanish,qwen2.5-coder:7b,grande,0.837
1669,NetBIOS scope:,es,Spanish,qwen2.5-coder:7b,Ámbito NetBIOS:,1.271
1670,Python data engine,es,Spanish,qwen2.5-coder:7b,Motor de datos de Python,1.126
1671,EXIF Information,es,Spanish,qwen2.5-coder:7b,Información EXIF,1.061
1672,Round Corners Filter,es,Spanish,qwen2.5-coder:7b,Filtro de Esquinas Redondeadas,1.358
1673,6 MB or more,es,Spanish,qwen2.5-coder:7b,6 MB o más,0.908
1674,Rules,es,Spanish,qwen2.5-coder:7b,Reglas,0.615
1675,1st Course,es,Spanish,qwen2.5-coder:7b,1er Curso,0.983
1676,Collections Manager,es,Spanish,qwen2.5-coder:7b,Administrador de Colecciones,1.173
1677,NIS group,es,Spanish,qwen2.5-coder:7b,Grupo NIS,0.983
1678,Agent Identity:,es,Spanish,qwen2.5-coder:7b,Identidad del Agente:,1.149
1679,Completion,es,Spanish,qwen2.5-coder:7b,Completado,0.92
1680,Delete item,es,Spanish,qwen2.5-coder:7b,Eliminar elemento,0.825
1681,Flake device definition,es,Spanish,qwen2.5-coder:7b,Definición de dispositivo Flake,1.087
1682,"Updating ""%1""",es,Spanish,qwen2.5-coder:7b,"Actualizando ""%1",1.075
1683,Document version,es,Spanish,qwen2.5-coder:7b,Versión del documento,1.042
1684,Maximum speed,es,Spanish,qwen2.5-coder:7b,Velocidad máxima,0.829
1685,Triangle,es,Spanish,qwen2.5-coder:7b,Triángulo,0.767
1686,File size is,es,Spanish,qwen2.5-coder:7b,El tamaño del archivo es,1.201
1687,Copy Function,es,Spanish,qwen2.5-coder:7b,Función de Copiar,1.263
1688,Windmills,es,Spanish,qwen2.5-coder:7b,Molinos de viento,1.106
1689,Playground Menu,es,Spanish,qwen2.5-coder:7b,Menú del Parque,1.196
1690,File types:,es,Spanish,qwen2.5-coder:7b,Tipos de archivo:,0.971
1691,FluidBalls,es,Spanish,qwen2.5-coder:7b,BolasFluidas,1.014
1692,new_literal,es,Spanish,qwen2.5-coder:7b,nueva_literal,0.987
1693,%1 (Connected),es,Spanish,qwen2.5-coder:7b,%1 (Conectado),1.158
1694,system monitor,es,Spanish,qwen2.5-coder:7b,monitor de sistema,0.77
1695,Copy Folder,es,Spanish,qwen2.5-coder:7b, Copiar Carpeta ,1.07
1696,New type: racoon,es,Spanish,qwen2.5-coder:7b,Nuevo tipo: zorro,1.272
1697,height field type,es,Spanish,qwen2.5-coder:7b,tipo de campo de altura,1.232
1698,New & Subitem,es,Spanish,qwen2.5-coder:7b,Nuevo & Subelemento,1.227
1699,Exposure,es,Spanish,qwen2.5-coder:7b,Exposición,0.638
1700,Online Source,es,Spanish,qwen2.5-coder:7b,Fuente en Línea,1.24
1701,Resource constraint.,es,Spanish,qwen2.5-coder:7b,Restricción de recursos.,1.17
1702,State,es,Spanish,qwen2.5-coder:7b,Estado,0.513
1703,Entry,es,Spanish,qwen2.5-coder:7b,Entrada,0.693
1704,Issue date,es,Spanish,qwen2.5-coder:7b,Fecha de emisión,0.978
1705,Advanced Filter,es,Spanish,qwen2.5-coder:7b,Filtro Avanzado,0.89
1706,Table of & Contents,es,Spanish,qwen2.5-coder:7b,Tabla de & Contenido,0.888
1707,"Date, Time",es,Spanish,qwen2.5-coder:7b,"Fecha, Hora",0.783
1708,License Agreement,es,Spanish,qwen2.5-coder:7b,Acuerdo de Licencia,1.026
1709,Obtained,es,Spanish,qwen2.5-coder:7b,Obtenido,0.739
1710,out,es,Spanish,qwen2.5-coder:7b,fuera,0.786
1711,Away Message:,es,Spanish,qwen2.5-coder:7b,Mensaje de ausencia:,1.055
1712,Show Advanced,es,Spanish,qwen2.5-coder:7b,Mostrar Avanzado,0.965
1713,& Screen size,es,Spanish,qwen2.5-coder:7b,& Tamaño de pantalla,1.072
1714,XAUTH username: %1,es,Spanish,qwen2.5-coder:7b,Nombre de usuario de XAUTH: %1,2.073
1715,Thumbnail View,es,Spanish,qwen2.5-coder:7b,Vista en miniatura,1.226
1716,Best wishes,es,Spanish,qwen2.5-coder:7b,Mejores deseos,0.944
1717,JavaScript support,es,Spanish,qwen2.5-coder:7b,Soporte de JavaScript,0.835
1718,& occurrence(s),es,Spanish,qwen2.5-coder:7b,& ocurrencia(s),1.033
1719,KLinkStatus - Link Checker,es,Spanish,qwen2.5-coder:7b,KLinkStatus - Verificador de Enlaces,1.539
1720,Copy Here,es,Spanish,qwen2.5-coder:7b,Compartir Aquí,1.216
1721,Left Edge:,es,Spanish,qwen2.5-coder:7b,Límite Izquierdo:,1.235
1722,Collator,es,Spanish,qwen2.5-coder:7b,Recollector,1.068
1723,Show Previous,es,Spanish,qwen2.5-coder:7b,Mostrar Anterior,0.861
1724,Scope & Flags:,es,Spanish,qwen2.5-coder:7b,Ámbito & Marcadores:,1.353
1725,Unknown (%1),es,Spanish,qwen2.5-coder:7b,Desconocido (%1),1.161
1726,tracking noise,es,Spanish,qwen2.5-coder:7b,ruido de seguimiento,0.921
1727,IPTC character set:,es,Spanish,qwen2.5-coder:7b,Conjunto de caracteres IPTC:,1.49
1728,String Replacers.,es,Spanish,qwen2.5-coder:7b,Reemplazadores de Cadenas.,1.379
1729,View Filter,es,Spanish,qwen2.5-coder:7b,Ver Filtro,0.913
1730,Edit protocol,es,Spanish,qwen2.5-coder:7b,Editar protocolo,0.916
1731,Display the table view,es,Spanish,qwen2.5-coder:7b,Mostrar la vista de tabla,1.301
1732,Write Flags,es,Spanish,qwen2.5-coder:7b,Escribir Banderas,0.9
1733,Decryption,es,Spanish,qwen2.5-coder:7b,Desencriptación,0.84
1734,comment,es,Spanish,qwen2.5-coder:7b,comentario,0.833
1735,Language English,es,Spanish,qwen2.5-coder:7b,Idioma Inglés,1.028
1736,Sound effects,es,Spanish,qwen2.5-coder:7b,Efectos de sonido,0.999
1737,Multiple input method switcher,es,Spanish,qwen2.5-coder:7b,Alternador de métodos de entrada múltiples,1.689
1738,Element Add Add 1x2 Matrix,es,Spanish,qwen2.5-coder:7b,Elemento Añadir Añadir 1x2 Matriz,2.304
1739,Referenced Entity,es,Spanish,qwen2.5-coder:7b,Entidad Referenciada,1.196
1740,Device driver,es,Spanish,qwen2.5-coder:7b,Controlador de dispositivo,0.841
1741,Negative offset:,es,Spanish,qwen2.5-coder:7b,Offset negativo:,0.954
1742,Browse,es,Spanish,qwen2.5-coder:7b,Explorar,0.921
1743,AMS Arrows,es,Spanish,qwen2.5-coder:7b, Flechas AMS,0.952
1744,Remove Widgets...,es,Spanish,qwen2.5-coder:7b,Eliminar Widgets...,0.813
1745,Time Tracker,es,Spanish,qwen2.5-coder:7b,Seguimiento de Tiempo,1.208
1746,Scientific,es,Spanish,qwen2.5-coder:7b,Científico,0.868
1747,Chamber Music,es,Spanish,qwen2.5-coder:7b,Musica de Cuarteto,1.322
1748,Password dialog,es,Spanish,qwen2.5-coder:7b,Diálogo de contraseña,1.162
1749,Surname:,es,Spanish,qwen2.5-coder:7b,Apellido:,0.62
1750,"Europe, Southern",es,Spanish,qwen2.5-coder:7b,"Europa, Sur",1.084
1751,Play Media,es,Spanish,qwen2.5-coder:7b,Reproducir Medio,1.221
1752,Path Selection,es,Spanish,qwen2.5-coder:7b,Selección de Ruta,0.905
1753,Channel ownership mode patch,es,Spanish,qwen2.5-coder:7b,Modo de propiedad de canal parche,1.453
1754,lion,es,Spanish,qwen2.5-coder:7b,león,0.634
1755,Previous Book,es,Spanish,qwen2.5-coder:7b,Libro Anterior,0.99
1756,Greece,es,Spanish,qwen2.5-coder:7b,Grecia,0.716
1757,Create soft body items,es,Spanish,qwen2.5-coder:7b,Crear objetos de cuerpo suave,1.262
1758,Wine Collection,es,Spanish,qwen2.5-coder:7b,Colección de Vinos,1.182
1759,BlueViolet,es,Spanish,qwen2.5-coder:7b,AzulVioleta,1.01
1760,Current node:,es,Spanish,qwen2.5-coder:7b,Nodo actual:,0.821
1761,Unknown,es,Spanish,qwen2.5-coder:7b,Desconocido,0.776
1762,Practice & Counts,es,Spanish,qwen2.5-coder:7b,Práctica & Conteos,1.222
1763,Destination Line,es,Spanish,qwen2.5-coder:7b,Línea de Destino,1.106
1764,Balloons,es,Spanish,qwen2.5-coder:7b,Balones,0.661
1765,Block transfer,es,Spanish,qwen2.5-coder:7b,Transferencia de bloque,0.831
1766,& Country:,es,Spanish,qwen2.5-coder:7b,& País:,0.713
1767,thunderstorm,es,Spanish,qwen2.5-coder:7b, tormenta,0.889
1768,Extracting %1,es,Spanish,qwen2.5-coder:7b,Extrayendo %1,1.318
1769,GravitationForce,es,Spanish,qwen2.5-coder:7b,FuerzaGravitacional,1.133
1770,Black point:,es,Spanish,qwen2.5-coder:7b,Punto negro:,0.855
1771,Vector class,es,Spanish,qwen2.5-coder:7b,Clase de vector,0.873
1772,Thread Starters,es,Spanish,qwen2.5-coder:7b,Iniciadores de hilos,1.213
1773,DTD; Change the & DTD;...,es,Spanish,qwen2.5-coder:7b,DTD; Cambia el & DTD;...,1.657
1774,File location:,es,Spanish,qwen2.5-coder:7b,Ubicación del archivo:,1.138
1775,Subproject Leader,es,Spanish,qwen2.5-coder:7b,Líder de Subproyecto,1.311
1776,Konversation Channel List: %1 - %2,es,Spanish,qwen2.5-coder:7b,Lista de Canales de Conversación: %1 - %2,2.262
1777,Search for:,es,Spanish,qwen2.5-coder:7b,Buscar:,0.767
1778,Payment,es,Spanish,qwen2.5-coder:7b,Pago,0.51
1779,(EmptyName),es,Spanish,qwen2.5-coder:7b,(Nombre Vacío),0.968
1780,restLength,es,Spanish,qwen2.5-coder:7b,longitudRestante,1.099
1781,Images,es,Spanish,qwen2.5-coder:7b,Imágenes,0.624
1782,L2 Data Write Miss,es,Spanish,qwen2.5-coder:7b,L2 Data Write Miss,1.142
1783,Optional,es,Spanish,qwen2.5-coder:7b,Opcional,0.705
1784,Result,es,Spanish,qwen2.5-coder:7b,Resultado,0.692
1785,Find In Files,es,Spanish,qwen2.5-coder:7b,Buscar en Archivos,1.036
1786,Current: %1,es,Spanish,qwen2.5-coder:7b,Actual: %1,1.07
1787,Delete emoticon,es,Spanish,qwen2.5-coder:7b,Eliminar emoticon,0.965
1788,Music,es,Spanish,qwen2.5-coder:7b,Música,0.716
1789,Build & Target,es,Spanish,qwen2.5-coder:7b,Construir & Destino,1.237
1790,Read Accesses,es,Spanish,qwen2.5-coder:7b,Accesos de Lectura,1.069
1791,& Enterprise Headers,es,Spanish,qwen2.5-coder:7b,& Encabezados de Empresa,1.029
1792,tools,es,Spanish,qwen2.5-coder:7b,herramientas,0.851
1793,Ignored,es,Spanish,qwen2.5-coder:7b,Ignorado,0.641
1794,Project Options,es,Spanish,qwen2.5-coder:7b,Opciones del Proyecto,0.934
1795,Suspend Compositing,es,Spanish,qwen2.5-coder:7b,Suspender Composición,1.135
1796,Glossary of Terms,es,Spanish,qwen2.5-coder:7b,Glosario de Términos,1.287
1797,Searching,es,Spanish,qwen2.5-coder:7b,Buscando,0.922
1798,Color depth:,es,Spanish,qwen2.5-coder:7b,Profundidad de color:,1.169
1799,Using & kfloppy;,es,Spanish,qwen2.5-coder:7b,Usando & kfloppy;,1.407
1800,Preliminary,es,Spanish,qwen2.5-coder:7b,Prueba,0.89
1801,Fade effect,es,Spanish,qwen2.5-coder:7b,Efecto de desvanecimiento,1.261
1802,Daemons' Logs,es,Spanish,qwen2.5-coder:7b,Registros de Demonios,1.253
1803,Migrate,es,Spanish,qwen2.5-coder:7b,Migrar,0.736
1804,Create & QTest,es,Spanish,qwen2.5-coder:7b,Crear & QTest,0.95
1805,Admin tools,es,Spanish,qwen2.5-coder:7b,Herramientas de administración,1.104
1806,Field Name,es,Spanish,qwen2.5-coder:7b,Nombre del Campo,0.739
1807,& Later,es,Spanish,qwen2.5-coder:7b,& Más tarde,0.826
1808,Distribution Lists,es,Spanish,qwen2.5-coder:7b,Listas de Distribución,0.954
1809,%1's birthday,es,Spanish,qwen2.5-coder:7b,%1 cumpleaños,1.19
1810,Median,es,Spanish,qwen2.5-coder:7b,Mediana,0.867
1811,& Amount,es,Spanish,qwen2.5-coder:7b,& Cantidad,0.737
1812,Placemarks Plugin,es,Spanish,qwen2.5-coder:7b,Complemento de Marcadores,1.306
1813,Add mirror,es,Spanish,qwen2.5-coder:7b,Añadir espejo,1.153
1814,Number Format,es,Spanish,qwen2.5-coder:7b,Formato de número,0.833
1815,Uzbek,es,Spanish,qwen2.5-coder:7b,Uzbek,0.634
1816,& Edit,es,Spanish,qwen2.5-coder:7b,& Editar,0.81
1817,& Office #1:,es,Spanish,qwen2.5-coder:7b,& Oficina #1:,1.118
1818,Uric Acid,es,Spanish,qwen2.5-coder:7b,Ácido Urico,0.944
1819,User Settings,es,Spanish,qwen2.5-coder:7b,Ajustes del Usuario,1.04
1820,Version:,es,Spanish,qwen2.5-coder:7b,Versión:,0.724
1821,GIMP Native Image Format (. xcf),es,Spanish,qwen2.5-coder:7b,Formato de imagen nativo de GIMP (. xcf),1.876
1822,Bandwidth Scheduler,es,Spanish,qwen2.5-coder:7b,Programador de Ancho de Banda,1.516
1823,Search...,es,Spanish,qwen2.5-coder:7b,Buscar...,0.724
1824,X length,es,Spanish,qwen2.5-coder:7b,Longitud X,0.961
1825,Button Order,es,Spanish,qwen2.5-coder:7b,Botón Orden,0.954
1826,Configure Image Save Assistant,es,Spanish,qwen2.5-coder:7b,Configurar Asistente de Guardado de Imágenes,1.805
1827,Edited as %1,es,Spanish,qwen2.5-coder:7b,Editado como %1,1.2
1828,SDP UUid:,es,Spanish,qwen2.5-coder:7b,UUID SDP:,1.042
1829,Netbios Log Files,es,Spanish,qwen2.5-coder:7b,Archivos de registro de Netbios,1.417
1830,Zoom to 50%,es,Spanish,qwen2.5-coder:7b,Zoom a 50%,1.258
1831,& English To,es,Spanish,qwen2.5-coder:7b,& Inglés A,0.986
1832,GMX address book file (*. gmxa),es,Spanish,qwen2.5-coder:7b,Archivo de libreta de direcciones GMX (*. gmxa),2.151
1833,Protocols:,es,Spanish,qwen2.5-coder:7b,Protocolos:,0.746
1834,Contents Head 1,es,Spanish,qwen2.5-coder:7b,Encabezado de Contenido 1,1.54
1835,Options Bookmark,es,Spanish,qwen2.5-coder:7b,Opciones Marcador,1.039
1836,Parallel Diagonal,es,Spanish,qwen2.5-coder:7b,Diagonal Paralela,0.992
1837,Address Book Component,es,Spanish,qwen2.5-coder:7b,Componente de Libreta de Direcciones,1.513
1838,Padding,es,Spanish,qwen2.5-coder:7b,Relleno,0.691
1839,Extended,es,Spanish,qwen2.5-coder:7b,Extendido,0.803
1840,Panel layout,es,Spanish,qwen2.5-coder:7b,Disposición del panel,1.034
1841,Page Output,es,Spanish,qwen2.5-coder:7b,Salida de la página,1.101
1842,Output Mode,es,Spanish,qwen2.5-coder:7b,Modo de Salida,1.122
1843,Stop the turtle,es,Spanish,qwen2.5-coder:7b,Detén la tortuga,0.98
1844,Player 4:,es,Spanish,qwen2.5-coder:7b,Jugador 4:,0.974
1845,Romanized Hindi sounds,es,Spanish,qwen2.5-coder:7b,Sonidos de hindi romanizados,1.333
1846,Developers,es,Spanish,qwen2.5-coder:7b,Desarrolladores,0.847
1847,PCL3GUI Language Mode,es,Spanish,qwen2.5-coder:7b,Modo de Idioma PCL3GUI,1.845
1848,Gutter size,es,Spanish,qwen2.5-coder:7b,Tamaño de margen,1.086
1849,List View Settings,es,Spanish,qwen2.5-coder:7b,Configuración de Vista de Lista,1.381
1850,Brush size,es,Spanish,qwen2.5-coder:7b,Tamaño del pincel,1.101
1851,Effect name,es,Spanish,qwen2.5-coder:7b,Nombre del efecto,0.857
1852,Top Arrow,es,Spanish,qwen2.5-coder:7b,Flecha Arriba,0.924
1853,Pictures Adjustments,es,Spanish,qwen2.5-coder:7b,Ajustes de Imágenes,1.101
1854,From & cursor,es,Spanish,qwen2.5-coder:7b,Desde & cursor,1.008
1855,Appearance Configuration,es,Spanish,qwen2.5-coder:7b,Configuración de Apariencia,1.322
1856,Lyrics,es,Spanish,qwen2.5-coder:7b,Letras,0.646
1857,Match case,es,Spanish,qwen2.5-coder:7b,Coincidir mayúsculas y minúsculas,1.816
1858,& KDE help,es,Spanish,qwen2.5-coder:7b,& Ayuda de KDE,1.001
1859,Gas particle,es,Spanish,qwen2.5-coder:7b,Partícula de gas,1.024
1860,Front Cover,es,Spanish,qwen2.5-coder:7b,Portada,0.659
1861,often,es,Spanish,qwen2.5-coder:7b,a menudo,0.818
1862,BasePolygon,es,Spanish,qwen2.5-coder:7b,PolígonoBase,0.845
1863,Space (GL),es,Spanish,qwen2.5-coder:7b,Espacio (GL),1.033
1864,Maximized,es,Spanish,qwen2.5-coder:7b,Maximizado,0.946
1865,Function:,es,Spanish,qwen2.5-coder:7b,Función:,0.792
1866,Game Configuration,es,Spanish,qwen2.5-coder:7b,Configuración del Juego,0.993
1867,S/ MIME-Sign...,es,Spanish,qwen2.5-coder:7b,S/ MIME-Sign...,1.112
1868,File Indexing,es,Spanish,qwen2.5-coder:7b,Índice de Archivos,1.285
1869,Click Actions,es,Spanish,qwen2.5-coder:7b,Haz clic en Acciones,0.918
1870,Color settings,es,Spanish,qwen2.5-coder:7b,Ajustes de color,0.996
1871,Added Tags:,es,Spanish,qwen2.5-coder:7b,Etiquetas Añadidas:,1.35
1872,Move Y:,es,Spanish,qwen2.5-coder:7b,Mover Y:,0.862
1873,Thumbnail Cache,es,Spanish,qwen2.5-coder:7b,Cache de miniaturas,1.041
1874,Capitalization:,es,Spanish,qwen2.5-coder:7b,Capitalización:,0.815
1875,South Khorasan,es,Spanish,qwen2.5-coder:7b,Sur Khorasan,0.895
1876,Desert Theme,es,Spanish,qwen2.5-coder:7b,Temática Desértica,1.131
1877,Standard Deviation,es,Spanish,qwen2.5-coder:7b,Desviación Estándar,1.084
1878,Cisco - Router in building,es,Spanish,qwen2.5-coder:7b,Cisco - Roteador en el edificio,1.4
1879,Extending & ktouch;,es,Spanish,qwen2.5-coder:7b,Extendiendo & ktouch;,1.192
1880,Realization,es,Spanish,qwen2.5-coder:7b,Realización,0.621
1881,(write protected),es,Spanish,qwen2.5-coder:7b,(protegido de escritura),1.309
1882,Price:,es,Spanish,qwen2.5-coder:7b,Precio:,0.742
1883,Color contrast,es,Spanish,qwen2.5-coder:7b,Contraste de color,1.018
1884,stored:,es,Spanish,qwen2.5-coder:7b,almacenado:,0.869
1885,ArtisticTextShape,es,Spanish,qwen2.5-coder:7b,Forma de Texto Artístico,1.348
1886,& Report Bug,es,Spanish,qwen2.5-coder:7b,& Reportar Error,0.893
1887,Quotes:,es,Spanish,qwen2.5-coder:7b,Comillas:,0.862
1888,Developer (HTML rendering engine),es,Spanish,qwen2.5-coder:7b,Desarrollador (motor de renderizado HTML),1.757
1889,Short Name,es,Spanish,qwen2.5-coder:7b,Nombre Corto,0.862
1890,SquareDithering,es,Spanish,qwen2.5-coder:7b,DitheringCuadrado,1.127
1891,%1 after the end,es,Spanish,qwen2.5-coder:7b,%1 después del final,1.15
1892,1440 x 2880 DPI Emulated,es,Spanish,qwen2.5-coder:7b,1440 x 2880 DPI Emulado,2.438
1893,Wake Island,es,Spanish,qwen2.5-coder:7b,Isla Despertar,0.968
1894,Draw Uranus?,es,Spanish,qwen2.5-coder:7b,¿Dibujar Urano?,1.402
1895,Integral step:,es,Spanish,qwen2.5-coder:7b,Paso integral:,0.847
1896,Verifying: %1...,es,Spanish,qwen2.5-coder:7b,Verificando: %1...,1.341
1897,Postprocessing,es,Spanish,qwen2.5-coder:7b,Posprocesamiento,1.077
1898,Task Execution,es,Spanish,qwen2.5-coder:7b,Ejecución de Tarea,1.13
1899,Configure Quiz,es,Spanish,qwen2.5-coder:7b,Configurar Cuestionario,1.089
1900,Country:,es,Spanish,qwen2.5-coder:7b,País:,0.813
1901,Subject: %1,es,Spanish,qwen2.5-coder:7b,Asunto: %1,1.002
1902,x rotation:,es,Spanish,qwen2.5-coder:7b,Rotación en X:,1.005
1903,Relations:,es,Spanish,qwen2.5-coder:7b,Relaciones:,0.776
1904,Go On,es,Spanish,qwen2.5-coder:7b,Continuar,0.618
1905,Observing List,es,Spanish,qwen2.5-coder:7b,Lista de Observación,1.029
1906,Master abort,es,Spanish,qwen2.5-coder:7b,Abortar,0.848
1907,Error reading address book,es,Spanish,qwen2.5-coder:7b,Error al leer la agenda de direcciones,1.478
1908,Support,es,Spanish,qwen2.5-coder:7b,Soporte,0.585
1909,Max food,es,Spanish,qwen2.5-coder:7b,Comida máxima,0.939
1910,File Settings,es,Spanish,qwen2.5-coder:7b,Ajustes del archivo,0.999
1911,Running,es,Spanish,qwen2.5-coder:7b,Ejecutando,0.798
1912,Step & down,es,Spanish,qwen2.5-coder:7b,Desplazar hacia abajo,1.3
1913,Username,es,Spanish,qwen2.5-coder:7b,Nombre de usuario,0.702
1914,78 Points,es,Spanish,qwen2.5-coder:7b,78 Puntos,0.851
1915,Designer,es,Spanish,qwen2.5-coder:7b,Diseñador,0.771
1916,Page Look,es,Spanish,qwen2.5-coder:7b,Aspecto de la página,1.159
1917,Computer Plays,es,Spanish,qwen2.5-coder:7b,Computadora Juega,1.165
1918,Top Developers,es,Spanish,qwen2.5-coder:7b,Desarrolladores Top,0.961
1919,Auto Detect,es,Spanish,qwen2.5-coder:7b,Auto Detect,0.894
1920,Merge data,es,Spanish,qwen2.5-coder:7b,Combinar datos,1.046
1921,Office Documents,es,Spanish,qwen2.5-coder:7b,Documentos de Oficina,0.919
1922,Degrees of freedom 1,es,Spanish,qwen2.5-coder:7b,Grados de libertad 1,1.394
1923,Using & kfilereplace;,es,Spanish,qwen2.5-coder:7b,Usando & kfilereplace;,1.43
1924,Segment Color,es,Spanish,qwen2.5-coder:7b,Color de Segmento,1.041
1925,Editor Chooser,es,Spanish,qwen2.5-coder:7b,Escogedor de Editor,1.178
1926,Design object,es,Spanish,qwen2.5-coder:7b,Objeto de diseño,1.026
1927,Roll Feed,es,Spanish,qwen2.5-coder:7b,Entrada de Rollos,1.122
1928,Backup System,es,Spanish,qwen2.5-coder:7b, Sistema de Respaldo ,1.09
1929,DVD-RW Sequential,es,Spanish,qwen2.5-coder:7b,CD-RW Secuencial,1.334
1930,Popsquares,es,Spanish,qwen2.5-coder:7b,Cuadrados Pop,0.881
1931,Three,es,Spanish,qwen2.5-coder:7b,Tres,0.579
1932,Signal Plotter,es,Spanish,qwen2.5-coder:7b,Gráfico de Señal,1.233
1933,Initial Point,es,Spanish,qwen2.5-coder:7b,Punto Inicial,0.806
1934,Frequency,es,Spanish,qwen2.5-coder:7b,Frecuencia,0.696
1935,Conjunctions,es,Spanish,qwen2.5-coder:7b,Conjunciones,0.852
1936,First Name,es,Spanish,qwen2.5-coder:7b,Nombre,0.528
1937,Blackbox Logic Game,es,Spanish,qwen2.5-coder:7b,Juego de Lógica en Caja Negra,1.531
1938,& Tools,es,Spanish,qwen2.5-coder:7b,& Herramientas,0.837
1939,Open with:,es,Spanish,qwen2.5-coder:7b,Abrir con:,1.033
1940,New profile wizard cisco,es,Spanish,qwen2.5-coder:7b,Nuevo asistente de perfil cisco,1.592
1941,Image files,es,Spanish,qwen2.5-coder:7b,Archivos de imagen,1.051
1942,User ID,es,Spanish,qwen2.5-coder:7b,ID de usuario,0.782
1943,Acceleration & time:,es,Spanish,qwen2.5-coder:7b,Aceleración & tiempo:,1.14
1944,Plasma Geolocation Provider,es,Spanish,qwen2.5-coder:7b,Proveedor de Geolocalización Plasma,1.426
1945,Sound Mixer,es,Spanish,qwen2.5-coder:7b,Mezclador de Sonido,1.398
1946,positionVariance,es,Spanish,qwen2.5-coder:7b,varianzaPosición,1.176
1947,Column Properties,es,Spanish,qwen2.5-coder:7b,Propiedades de la columna,0.913
1948,& Time:,es,Spanish,qwen2.5-coder:7b,& Tiempo:,0.845
1949,Cemetery,es,Spanish,qwen2.5-coder:7b,Cementerio,0.869
1950,Stop Editor,es,Spanish,qwen2.5-coder:7b,Detener Editor,0.746
1951,port,es,Spanish,qwen2.5-coder:7b,puerto,0.674
1952,State of Matter,es,Spanish,qwen2.5-coder:7b,Estado de la Materia,1.117
1953,joint stereo,es,Spanish,qwen2.5-coder:7b,stéreo joint,0.875
1954,Keyboard Edit Options,es,Spanish,qwen2.5-coder:7b,Opciones de Edición de Teclado,1.581
1955,K3b SoX Audio Encoder,es,Spanish,qwen2.5-coder:7b,K3b Codificador de Audio SoX,1.798
1956,Friday,es,Spanish,qwen2.5-coder:7b,Viernes,0.62
1957,BMP Image (. bmp),es,Spanish,qwen2.5-coder:7b,Imagen BMP (.bmp),1.176
1958,Theme Manager,es,Spanish,qwen2.5-coder:7b,Administrador de Temas,1.16
1959,Identities,es,Spanish,qwen2.5-coder:7b,Identidades,0.659
1960,Granatier is a Bomberman Clone!,es,Spanish,qwen2.5-coder:7b,Granatier es un clon de Bomberman!,1.917
1961,Fade power:,es,Spanish,qwen2.5-coder:7b,Potencia de desvanecimiento:,1.441
1962,JPEG quality %1,es,Spanish,qwen2.5-coder:7b,Calidad JPEG %1,1.019
1963,Target Image,es,Spanish,qwen2.5-coder:7b,Imagen Destino,0.737
1964,Biosphere,es,Spanish,qwen2.5-coder:7b,Biosfera,0.963
1965,Data Tools,es,Spanish,qwen2.5-coder:7b,Herramientas de Datos,1.064
1966,Typing line,es,Spanish,qwen2.5-coder:7b,Escritura de línea,1.194
1967,Tajik data files,es,Spanish,qwen2.5-coder:7b,Archivos de datos tajik,1.394
1968,Reference Point Offset,es,Spanish,qwen2.5-coder:7b,Desplazamiento del Punto de Referencia,1.651
1969,New Download,es,Spanish,qwen2.5-coder:7b,Nuevo Descarga,0.967
1970,Spiral,es,Spanish,qwen2.5-coder:7b,Espiral,0.777
1971,Black Level,es,Spanish,qwen2.5-coder:7b,Nivel Oscuro,0.795
1972,QuickPreview,es,Spanish,qwen2.5-coder:7b,VistaPreviaRápida,1.107
1973,& Close Path,es,Spanish,qwen2.5-coder:7b,& Cerrar Ruta,1.14
1974,Not shared,es,Spanish,qwen2.5-coder:7b,No compartido,1.073
1975,file,es,Spanish,qwen2.5-coder:7b,&Archivo,0.88
1976,SortColumnInvisible,es,Spanish,qwen2.5-coder:7b,OrdenarColumnaInvisible,1.703
1977,LaTeX Reference,es,Spanish,qwen2.5-coder:7b,Referencia LaTeX,0.994
1978,Phone number:,es,Spanish,qwen2.5-coder:7b,Número de teléfono:,1.004
1979,trash:,es,Spanish,qwen2.5-coder:7b,basura:,1.062
1980,Not Scheduled,es,Spanish,qwen2.5-coder:7b,No Programado,0.913
1981,Others:,es,Spanish,qwen2.5-coder:7b,Otros:,0.714
1982,New host,es,Spanish,qwen2.5-coder:7b,Nuevo anfitrión,1.156
1983,The directory %1 does not exist,es,Spanish,qwen2.5-coder:7b,El directorio %1 no existe,1.624
1984,slope map,es,Spanish,qwen2.5-coder:7b,mapa de pendiente,1.223
1985,Mass Storage Device,es,Spanish,qwen2.5-coder:7b,Dispositivo de Almacenamiento de Masas,1.767
1986,CornflowerBlue,es,Spanish,qwen2.5-coder:7b,Azul de lavanda,1.314
1987,Head motion,es,Spanish,qwen2.5-coder:7b,Movimiento de cabeza,1.105
1988,Template Scopes,es,Spanish,qwen2.5-coder:7b,Ámbitos de Plantilla,1.41
1989,RTF Files,es,Spanish,qwen2.5-coder:7b,Archivos RTF,1.165
1990,& Tabular Environment,es,Spanish,qwen2.5-coder:7b,& Entorno Tabular,1.422
1991,Transparency:,es,Spanish,qwen2.5-coder:7b,Transparencia:,1.271
1992,Help,es,Spanish,qwen2.5-coder:7b,Ayuda,0.8
1993,& DOC file:,es,Spanish,qwen2.5-coder:7b,& Archivo DOC:,1.342
1994,Raise Mask,es,Spanish,qwen2.5-coder:7b,Elevar Máscara,1.113
1995,& Bookmark,es,Spanish,qwen2.5-coder:7b,& Marcar,0.659
1996,Alternatives,es,Spanish,qwen2.5-coder:7b,Alternativas,0.651
1997,Extract,es,Spanish,qwen2.5-coder:7b,Extraer,0.596
1998,New SMS,es,Spanish,qwen2.5-coder:7b,Nuevo SMS,0.878
1999,Preview Type,es,Spanish,qwen2.5-coder:7b,Vista Previa,1.115
2000,Connection 09,es,Spanish,qwen2.5-coder:7b,Conexión 09,1.165
2001,Advanced...,es,Spanish,qwen2.5-coder:7b,Avanzado...,0.942
2002,OEM Code Page,es,Spanish,qwen2.5-coder:7b,Código de página OEM,1.023
2003,Polygonal Selection,es,Spanish,qwen2.5-coder:7b,Selección Poligonal,1.039
2004,ImagePlugin_InPainting,es,Spanish,qwen2.5-coder:7b,ImagePlugin_Pintura,1.298
2005,Move up,es,Spanish,qwen2.5-coder:7b,Mover arriba,0.957
2006,GPG encryption,es,Spanish,qwen2.5-coder:7b,Encriptación GPG,1.32
2007,Target position:,es,Spanish,qwen2.5-coder:7b,Posición objetivo:,1.065
2008,Calendar Manager,es,Spanish,qwen2.5-coder:7b,Administrador de Calendario,1.397
2009,Draw,es,Spanish,qwen2.5-coder:7b,Dibujar,0.862
2010,State...,es,Spanish,qwen2.5-coder:7b,Estado...,0.654
2011,Role,es,Spanish,qwen2.5-coder:7b,Rol,0.752
2012,Castle,es,Spanish,qwen2.5-coder:7b,Castillo,0.666
2013,Samba log file:,es,Spanish,qwen2.5-coder:7b,Archivo de registro de Samba:,1.334
2014,Low Saxon,es,Spanish,qwen2.5-coder:7b,Saxon Alemán,1.016
2015,Resources,es,Spanish,qwen2.5-coder:7b,Recursos,0.677
2016,System Capabilities,es,Spanish,qwen2.5-coder:7b,Capacidades del Sistema,1.243
2017,Last row,es,Spanish,qwen2.5-coder:7b,Última fila,1.108
2018,Network Settings,es,Spanish,qwen2.5-coder:7b,Configuración de Red,0.962
2019,CJK Compatibility Forms,es,Spanish,qwen2.5-coder:7b,Formas deCompatibilidad CJK,1.206
2020,Dial & string:,es,Spanish,qwen2.5-coder:7b,Marque & cadena:,1.203
2021,Work Address,es,Spanish,qwen2.5-coder:7b,Dirección de Trabajo,1.211
2022,Development Tools,es,Spanish,qwen2.5-coder:7b,Herramientas de Desarrollo,1.306
2023,Contents Head 3,es,Spanish,qwen2.5-coder:7b,Encabezado de Contenido 3,1.644
2024,Link Validator,es,Spanish,qwen2.5-coder:7b,Validador de Enlaces,1.141
2025,Performance Options,es,Spanish,qwen2.5-coder:7b,Opciones de rendimiento,0.934
2026,& Speed:,es,Spanish,qwen2.5-coder:7b,& Velocidad:,1.136
2027,Only the label,es,Spanish,qwen2.5-coder:7b,Solo la etiqueta,1.273
2028,Zimbabwean Dollar A/ 06,es,Spanish,qwen2.5-coder:7b,Dólar zimbabuano A/ 06,2.133
2029,& Edit Message,es,Spanish,qwen2.5-coder:7b,& Editar Mensaje,1.168
2030,Game Screen,es,Spanish,qwen2.5-coder:7b,Pantalla del Juego,1.224
2031,& kwrite; Copyright 2001 by the & kate; team.,es,Spanish,qwen2.5-coder:7b,& kwrite; Derechos de autor 2001 por el equipo de & kate;.,3.445
2032,Line Spacing:,es,Spanish,qwen2.5-coder:7b,Espaciado de líneas:,1.305
2033,Local Serial Printer,es,Spanish,qwen2.5-coder:7b,Impresora Serial Local,0.989
2034,YW rotation,es,Spanish,qwen2.5-coder:7b,Rotación YW,1.029
2035,Previous (wml),es,Spanish,qwen2.5-coder:7b,Anterior (wml),0.88
2036,System Configuration,es,Spanish,qwen2.5-coder:7b,Configuración del Sistema,0.837
2037,StructureTree,es,Spanish,qwen2.5-coder:7b,Árbol de Estructura,1.182
2038,More Actions,es,Spanish,qwen2.5-coder:7b,Más acciones,0.784
2039,As Root,es,Spanish,qwen2.5-coder:7b,Como Root,0.807
2040,Outward,es,Spanish,qwen2.5-coder:7b,Exterior,0.815
2041,Filemanager,es,Spanish,qwen2.5-coder:7b,Administrador de archivos,0.84
2042,Last used,es,Spanish,qwen2.5-coder:7b,Último uso,1.012
2043,16.999 Rsh 2 = also gives 4.,es,Spanish,qwen2.5-coder:7b,16.999 Rsh 2 = también da 4.,2.511
2044,Default operation scope:,es,Spanish,qwen2.5-coder:7b,Ámbito de operación predeterminado:,1.52
2045,Rotation X:,es,Spanish,qwen2.5-coder:7b,Rotación X:,0.897
2046,Print Preview,es,Spanish,qwen2.5-coder:7b,Vista previa de impresión,1.263
2047,Surface Depth,es,Spanish,qwen2.5-coder:7b,Profundidad de la superficie,1.287
2048,& Clone Layer,es,Spanish,qwen2.5-coder:7b,& Clonar Capa,1.123
2049,& Quit SuperKaramba,es,Spanish,qwen2.5-coder:7b,& Salir SuperKaramba,1.352
2050,Copy Value,es,Spanish,qwen2.5-coder:7b,Valor Copiar,0.943
2051,Abort Quiz,es,Spanish,qwen2.5-coder:7b,Cancelar Cuestionario,1.006
2052,Tracing Configuration,es,Spanish,qwen2.5-coder:7b,Configuración de Rastreo,1.356
2053,depthVariance,es,Spanish,qwen2.5-coder:7b,varianzaDeProfundidad,1.33
2054,User4,es,Spanish,qwen2.5-coder:7b,Usuario4,0.635
2055,for example txt,es,Spanish,qwen2.5-coder:7b,por ejemplo txt,0.974
2056,Not loaded,es,Spanish,qwen2.5-coder:7b,No cargado,0.741
2057,Using & kturtle;,es,Spanish,qwen2.5-coder:7b,Usando & kturtle;,1.243
2058,Increase & Contrast,es,Spanish,qwen2.5-coder:7b,Aumentar & Contraste,1.171
2059,& Search...,es,Spanish,qwen2.5-coder:7b,& Buscar...,0.821
2060,Density List,es,Spanish,qwen2.5-coder:7b,Lista de Densidad,1.138
2061,contributor,es,Spanish,qwen2.5-coder:7b,colaborador,0.917
2062,desktop search,es,Spanish,qwen2.5-coder:7b,búsqueda de escritorio,1.107
2063,Yellow only,es,Spanish,qwen2.5-coder:7b,Solamente amarillo,1.107
2064,places,es,Spanish,qwen2.5-coder:7b,lugar,0.771
2065,SkyBlue,es,Spanish,qwen2.5-coder:7b,CieloAzul,0.933
2066,Redemption,es,Spanish,qwen2.5-coder:7b,Redención,0.822
2067,Clipped By,es,Spanish,qwen2.5-coder:7b,Recortado por,1.064
2068,Flash opacity:,es,Spanish,qwen2.5-coder:7b,Opacidad de Flash:,1.044
2069,BatchProcessImages,es,Spanish,qwen2.5-coder:7b,ProcesarImágenesEnLote,1.245
2070,Host/ User:,es,Spanish,qwen2.5-coder:7b,Servidor/ Usuario:,1.038
2071,Gravitational Constant,es,Spanish,qwen2.5-coder:7b,Constante Gravitacional,1.212
2072,cutoff,es,Spanish,qwen2.5-coder:7b,corte,0.651
2073,Working,es,Spanish,qwen2.5-coder:7b,Trabajando,0.712
2074,Class Composition,es,Spanish,qwen2.5-coder:7b,Composición de Clase,1.199
2075,CD Read Speed,es,Spanish,qwen2.5-coder:7b,Velocidad de lectura de CD,1.266
2076,_Username:,es,Spanish,qwen2.5-coder:7b,Nombre de usuario:,0.834
2077,Transfer group:,es,Spanish,qwen2.5-coder:7b,Transferir grupo:,0.975
2078,"Resource management,",es,Spanish,qwen2.5-coder:7b,"Gestión de recursos,",1.048
2079,play,es,Spanish,qwen2.5-coder:7b,reproducir,1.063
2080,Contributor,es,Spanish,qwen2.5-coder:7b,Contribuyente,0.733
2081,openDesktop Activities,es,Spanish,qwen2.5-coder:7b,Actividades de openDesktop,1.14
2082,Down Speed,es,Spanish,qwen2.5-coder:7b,Velocidad Descarga,0.892
2083,Suspend To Disk,es,Spanish,qwen2.5-coder:7b,Suspender a Disco,1.128
2084,between tag:,es,Spanish,qwen2.5-coder:7b,entre etiqueta:,0.926
2085,& Support KVpnc...,es,Spanish,qwen2.5-coder:7b,& Apoyo KVpnc...,1.28
2086,Total Time: 00:00:00,es,Spanish,qwen2.5-coder:7b,Tiempo Total: 00:00:00,2.127
2087,NoPCL3GUI,es,Spanish,qwen2.5-coder:7b,NoPCL3GUI,1.049
2088,General,es,Spanish,qwen2.5-coder:7b,General,0.523
2089,Per Resource,es,Spanish,qwen2.5-coder:7b,Por Recurso,1.093
2090,& Encoding:,es,Spanish,qwen2.5-coder:7b,& Codificación:,0.866
2091,Host:,es,Spanish,qwen2.5-coder:7b,Servidor:,0.829
2092,Night duration: %1,es,Spanish,qwen2.5-coder:7b,Duración nocturna: %1,1.47
2093,Languages,es,Spanish,qwen2.5-coder:7b,Idiomas,0.725
2094,Quits the & ksnapshot; application.,es,Spanish,qwen2.5-coder:7b,Sale de la aplicación & ksnapshot;.,1.636
2095,& Identities...,es,Spanish,qwen2.5-coder:7b,& Identidades...,0.87
2096,Image Border Color,es,Spanish,qwen2.5-coder:7b,Color del Borde de la Imagen,1.492
2097,Application icon,es,Spanish,qwen2.5-coder:7b,Icono de la aplicación,0.91
2098,stiffnessVariance,es,Spanish,qwen2.5-coder:7b,varianzaRigidez,1.39
2099,& Comment:,es,Spanish,qwen2.5-coder:7b,& Comentario:,0.849
2100,Certificate format,es,Spanish,qwen2.5-coder:7b,Formato de certificado,1.008
2101,required by,es,Spanish,qwen2.5-coder:7b,requerido por,1.016
2102,Title Page,es,Spanish,qwen2.5-coder:7b,Portada,0.832
2103,& Nickname:,es,Spanish,qwen2.5-coder:7b,& Apodo:,0.868
2104,Data size:,es,Spanish,qwen2.5-coder:7b,Tamaño de datos:,0.977
2105,Best Score,es,Spanish,qwen2.5-coder:7b,Mejor Puntuación,1.042
2106,Cisco (proprietary),es,Spanish,qwen2.5-coder:7b,Cisco (propiedad),1.019
2107,Line Order,es,Spanish,qwen2.5-coder:7b,Orden de Líneas,1.111
2108,Using Festival-Czech,es,Spanish,qwen2.5-coder:7b,Usando Festival-Czech,1.235
2109,Binocular,es,Spanish,qwen2.5-coder:7b,Lupas,0.754
2110,Manage Link...,es,Spanish,qwen2.5-coder:7b,Administrar Enlace...,1.045
2111,Set of characters,es,Spanish,qwen2.5-coder:7b,Conjunto de caracteres,0.978
2112,Network Profiles,es,Spanish,qwen2.5-coder:7b,Perfiles de Red,0.859
2113,Sound Properties,es,Spanish,qwen2.5-coder:7b,Propiedades de Sonido,0.937
2114,Finished...,es,Spanish,qwen2.5-coder:7b,Hecho...,0.738
2115,Individual,es,Spanish,qwen2.5-coder:7b,Individual,0.518
2116,Timer Configuration,es,Spanish,qwen2.5-coder:7b,Configuración del temporizador,1.006
2117,Revision B:,es,Spanish,qwen2.5-coder:7b,Revisión B:,0.821
2118,& DOS file mode,es,Spanish,qwen2.5-coder:7b,& modo de archivo DOS,1.111
2119,Only the & label,es,Spanish,qwen2.5-coder:7b,Solo la etiqueta &,1.245
2120,lsm file,es,Spanish,qwen2.5-coder:7b,archivo lsm,0.95
2121,Configuration:,es,Spanish,qwen2.5-coder:7b,Configuración:,0.871
2122,& Encrypt,es,Spanish,qwen2.5-coder:7b,& Encriptar,0.802
2123,Table Environment,es,Spanish,qwen2.5-coder:7b,Entorno de Tabla,1.142
2124,Show tabs,es,Spanish,qwen2.5-coder:7b,Mostrar pestañas,0.926
2125,Incidence Serializer,es,Spanish,qwen2.5-coder:7b,Serializador de Incidencia,1.314
2126,KsirK - Goal Display,es,Spanish,qwen2.5-coder:7b,KsirK - Pantalla de Objetivos,1.746
2127,& Keep,es,Spanish,qwen2.5-coder:7b,& Mantén,0.732
2128,ascending,es,Spanish,qwen2.5-coder:7b,ascendente,0.746
2129,Section Level 1,es,Spanish,qwen2.5-coder:7b,Sección Nivel 1,1.368
2130,Logon path:,es,Spanish,qwen2.5-coder:7b,Ruta de inicio de sesión:,1.243
2131,& Never,es,Spanish,qwen2.5-coder:7b,& Nunca,0.697
2132,weightConstVariance,es,Spanish,qwen2.5-coder:7b,varianzaConstWeight,1.213
2133,Attach,es,Spanish,qwen2.5-coder:7b,Adjuntar,0.698
2134,Forwarded: %1,es,Spanish,qwen2.5-coder:7b,Reenviado: %1,1.4
2135,account,es,Spanish,qwen2.5-coder:7b,cuenta,0.604
2136,Public key:,es,Spanish,qwen2.5-coder:7b,Clave pública:,0.8
2137,Application first run,es,Spanish,qwen2.5-coder:7b,Primer uso de la aplicación,1.231
2138,Owner,es,Spanish,qwen2.5-coder:7b,Propietario,0.773
2139,Yi Radicals,es,Spanish,qwen2.5-coder:7b,Radicales Yi,1.13
2140,Auto Synchronization,es,Spanish,qwen2.5-coder:7b,Sincronización Automática,1.041
2141,system tray,es,Spanish,qwen2.5-coder:7b,bandeja del sistema,0.909
2142,Destination Server Info,es,Spanish,qwen2.5-coder:7b,Info del Servidor Destino,1.215
2143,Obsoletes,es,Spanish,qwen2.5-coder:7b,Obsoleta,0.981
2144,Scrollback,es,Spanish,qwen2.5-coder:7b,Desplazamiento,0.826
2145,Organization name:,es,Spanish,qwen2.5-coder:7b,Nombre de la organización:,0.963
2146,User filter:,es,Spanish,qwen2.5-coder:7b,Filtro de usuario:,0.945
2147,Pixar deflate,es,Spanish,qwen2.5-coder:7b,Pixar desinflar,1.281
2148,Release Info,es,Spanish,qwen2.5-coder:7b,Info de Liberación,1.081
2149,Filter Images manual,es,Spanish,qwen2.5-coder:7b,Manual de Filtros de Imágenes,1.487
2150,sqrt X,es,Spanish,qwen2.5-coder:7b,raíz cuadrada de X,1.5
2151,group,es,Spanish,qwen2.5-coder:7b,grupo,0.731
2152,Postcondition:,es,Spanish,qwen2.5-coder:7b,Poscondición:,0.915
2153,Data rate,es,Spanish,qwen2.5-coder:7b,Velocidad de datos,1.115
2154,Choose a file,es,Spanish,qwen2.5-coder:7b,Elige un archivo,1.041
2155,minimum size,es,Spanish,qwen2.5-coder:7b,tamaño mínimo,0.901
2156,IT8 linework RLE,es,Spanish,qwen2.5-coder:7b,IT8 línea de trabajo RLE,1.493
2157,Sound Controls,es,Spanish,qwen2.5-coder:7b,Controles de Sonido,1.123
2158,approximately %1,es,Spanish,qwen2.5-coder:7b,aproximadamente %1,1.24
2159,Impossible?,es,Spanish,qwen2.5-coder:7b,Imposible?,0.808
2160,Audio Section,es,Spanish,qwen2.5-coder:7b,Sección de Audio,0.814
2161,operating system,es,Spanish,qwen2.5-coder:7b,sistema operativo,0.836
2162,Has voice,es,Spanish,qwen2.5-coder:7b,Tienes voz,0.808
2163,Main developers,es,Spanish,qwen2.5-coder:7b,Desarrolladores principales,0.962
2164,Frame color:,es,Spanish,qwen2.5-coder:7b,Color del marco:,1.039
2165,The Project Menu,es,Spanish,qwen2.5-coder:7b,El Menú del Proyecto,1.278
2166,& Document class options:,es,Spanish,qwen2.5-coder:7b,& Opciones de clase de documento:,1.296
2167,Thumbnail Size:,es,Spanish,qwen2.5-coder:7b,Tamaño de miniatura:,1.049
2168,PhoneBook,es,Spanish,qwen2.5-coder:7b,Agenda Telefónica,1.157
2169,Shooting time,es,Spanish,qwen2.5-coder:7b,Tiempo de disparo,0.971
2170,"Remove From ""%1""",es,Spanish,qwen2.5-coder:7b,"Quitar de ""%1",1.246
2171,changed,es,Spanish,qwen2.5-coder:7b,cambiado,0.9
2172,Main angle:,es,Spanish,qwen2.5-coder:7b,Ángulo principal:,1.049
2173,& Files,es,Spanish,qwen2.5-coder:7b,& Archivos,0.719
2174,Item overwritten...,es,Spanish,qwen2.5-coder:7b,Elemento sobrescrito...,1.207
2175,Activation Gestures,es,Spanish,qwen2.5-coder:7b,Gestos de Activación,1.011
2176,Swirl,es,Spanish,qwen2.5-coder:7b,Vuelta,0.882
2177,& Unscramble (Rot 13),es,Spanish,qwen2.5-coder:7b,& Desencriptar (Rot 13),1.718
2178,Unpacking,es,Spanish,qwen2.5-coder:7b,Desempaquetando,0.95
2179,Widget Configuration,es,Spanish,qwen2.5-coder:7b,Configuración del Widget,0.908
2180,Audio Files,es,Spanish,qwen2.5-coder:7b,Archivos de Audio,0.995
2181,Color Registration,es,Spanish,qwen2.5-coder:7b,Registro de Color,0.934
2182,Play Track,es,Spanish,qwen2.5-coder:7b,Reproducir Pista,1.198
2183,Name of variable:,es,Spanish,qwen2.5-coder:7b,Nombre de la variable:,1.063
2184,English (Belize),es,Spanish,qwen2.5-coder:7b,Inglés (Belice),1.171
2185,Administrator,es,Spanish,qwen2.5-coder:7b,Administrador,0.611
2186,Proxy Collection,es,Spanish,qwen2.5-coder:7b,Recolección de Proxies,1.195
2187,Extended booleans,es,Spanish,qwen2.5-coder:7b,Booleanos extendidos,1.025
2188,EcoBlack,es,Spanish,qwen2.5-coder:7b,EcoBlack,0.779
2189,Middle Name,es,Spanish,qwen2.5-coder:7b,Nombre del medio,0.726
2190,Progress:,es,Spanish,qwen2.5-coder:7b,Progreso:,0.767
2191,The WBS,es,Spanish,qwen2.5-coder:7b,El WBS,0.951
2192,*** Aborted ***,es,Spanish,qwen2.5-coder:7b,*** Abortado ***,1.11
2193,Stacking order,es,Spanish,qwen2.5-coder:7b,Orden de superposición,1.146
2194,Using & kmousetool;,es,Spanish,qwen2.5-coder:7b,Usando & kmousetool;,1.508
2195,Copy rule,es,Spanish,qwen2.5-coder:7b,Repetir regla,1.169
2196,Wood,es,Spanish,qwen2.5-coder:7b,Madera,0.608
2197,Head 2,es,Spanish,qwen2.5-coder:7b,Encabezado 2,1.141
2198,In weeks,es,Spanish,qwen2.5-coder:7b,En semanas,0.834
2199,Number Forms,es,Spanish,qwen2.5-coder:7b,Formas Numéricas,0.892
2200,Card Deck Selection,es,Spanish,qwen2.5-coder:7b,Selección de Mazo de Cartas,1.227
2201,Open Cube,es,Spanish,qwen2.5-coder:7b,Abrir Cubo,0.866
2202,Point at,es,Spanish,qwen2.5-coder:7b,Apunta a,0.946
2203,Test Sync,es,Spanish,qwen2.5-coder:7b,Prueba Sincronización,1.213
2204,Device name,es,Spanish,qwen2.5-coder:7b,Nombre del dispositivo,0.76
2205,KGpg - encryption tool,es,Spanish,qwen2.5-coder:7b,KGpg - herramienta de cifrado,1.379
2206,Initial activity,es,Spanish,qwen2.5-coder:7b,Actividad inicial,0.951
2207,Markers,es,Spanish,qwen2.5-coder:7b,Marcadores,0.592
2208,Account & disabled,es,Spanish,qwen2.5-coder:7b,Cuenta & desactivada,1.15
2209,Remove Torrent,es,Spanish,qwen2.5-coder:7b,Eliminar Torrent,0.797
2210,Leo,es,Spanish,qwen2.5-coder:7b,Leo,0.485
2211,Versions,es,Spanish,qwen2.5-coder:7b,Versiones,0.587
2212,Multiple monitors,es,Spanish,qwen2.5-coder:7b,Monitores múltiples,1.056
2213,Button name:,es,Spanish,qwen2.5-coder:7b,Nombre del botón:,1.064
2214,2 Weeks,es,Spanish,qwen2.5-coder:7b,2 Semanas,0.734
2215,HP Iron-on T-shirt Transfers,es,Spanish,qwen2.5-coder:7b,Transferencias de camisetas de acrílico HP,1.837
2216,Terminal Features,es,Spanish,qwen2.5-coder:7b,Características del Terminal,1.152
2217,Template Actions,es,Spanish,qwen2.5-coder:7b,Acciones de Plantilla,1.143
2218,Software Management,es,Spanish,qwen2.5-coder:7b,Gestión de Software,1.079
2219,CD Configuration,es,Spanish,qwen2.5-coder:7b,Configuración de CD,0.946
2220,Gamma Black,es,Spanish,qwen2.5-coder:7b,Gamma Negra,0.716
2221,"Unable to find ""%1"".",es,Spanish,qwen2.5-coder:7b,"No se encuentra ""%1"".",1.146
2222,Cut-off distance,es,Spanish,qwen2.5-coder:7b,Distancia de corte,0.966
2223,KDE-Classic,es,Spanish,qwen2.5-coder:7b,KDE-Clásico,1.089
2224,Late Finish,es,Spanish,qwen2.5-coder:7b,Terminado tarde,1.022
2225,File Selector,es,Spanish,qwen2.5-coder:7b,Selector de Archivos,0.874
2226,Device,es,Spanish,qwen2.5-coder:7b,Dispositivo,0.71
2227,Five,es,Spanish,qwen2.5-coder:7b,Cinco,0.696
2228,Last,es,Spanish,qwen2.5-coder:7b,Último,0.879
2229,KDE network manager,es,Spanish,qwen2.5-coder:7b,Administrador de red KDE,1.189
2230,KResource Migration Tool,es,Spanish,qwen2.5-coder:7b,KResource Migration Tool,1.1
2231,DeskJet 970C with Duplexer,es,Spanish,qwen2.5-coder:7b,DeskJet 970C con Dobladora,2.019
2232,Fancy Formatting,es,Spanish,qwen2.5-coder:7b,Formato Atractivo,0.963
2233,Health Information,es,Spanish,qwen2.5-coder:7b,Información de Salud,0.944
2234,Navigate,es,Spanish,qwen2.5-coder:7b,Navegar,0.789
2235,Separator,es,Spanish,qwen2.5-coder:7b,Separador,0.588
2236,countries,es,Spanish,qwen2.5-coder:7b,países,0.59
2237,Lower boundary,es,Spanish,qwen2.5-coder:7b,Limite inferior,0.901
2238,AstroInfo: Table of Contents,es,Spanish,qwen2.5-coder:7b,AstroInfo: Índice,1.424
2239,Minimum width:,es,Spanish,qwen2.5-coder:7b,Ancho mínimo:,0.963
2240,Difficulty level:,es,Spanish,qwen2.5-coder:7b,nivel de dificultad:,1.216
2241,Info Data Engine,es,Spanish,qwen2.5-coder:7b,Motor de Datos de Información,1.28
2242,Circular Arrow,es,Spanish,qwen2.5-coder:7b, Flecha Circular ,0.95
2243,Samba Status Information,es,Spanish,qwen2.5-coder:7b,Estado de Información de Samba,1.355
2244,KDevelop4 Project Files,es,Spanish,qwen2.5-coder:7b,Archivos de Proyecto KDevelop4,1.498
2245,Hor. Stretch,es,Spanish,qwen2.5-coder:7b,H. Estirar,1.013
2246,Your version (A):,es,Spanish,qwen2.5-coder:7b,Tu versión (A):,1.186
2247,Filter Optimization,es,Spanish,qwen2.5-coder:7b,Optimización de Filtros,1.308
2248,Target,es,Spanish,qwen2.5-coder:7b,Objetivo,0.67
2249,Window Action,es,Spanish,qwen2.5-coder:7b,Acción de ventana,1.044
2250,Canvas color:,es,Spanish,qwen2.5-coder:7b,Color del lienzo:,0.999
2251,The & k3b; & DCOP; Interface,es,Spanish,qwen2.5-coder:7b,La interfaz & k3b; & DCOP;,2.005
2252,KWin helper utility,es,Spanish,qwen2.5-coder:7b,Utilidad de asistente de KWin,1.614
2253,"Bug: who should be 0, 1 or 2.",es,Spanish,qwen2.5-coder:7b,"Error: quién debe ser 0, 1 o 2.",2.361
2254,Shading,es,Spanish,qwen2.5-coder:7b,Sombreado,0.731
2255,Crosses,es,Spanish,qwen2.5-coder:7b,Intersecciones,0.943
2256,Mtp Device,es,Spanish,qwen2.5-coder:7b,Dispositivo MTP,1.197
2257,Raw Image Converter,es,Spanish,qwen2.5-coder:7b,Convertidor de Imágenes Raw,1.326
2258,Bank number,es,Spanish,qwen2.5-coder:7b,Número de banco,0.742
2259,Cleared: %1,es,Spanish,qwen2.5-coder:7b,Borrado: %1,1.235
2260,Summaries,es,Spanish,qwen2.5-coder:7b,Resúmenes,0.838
2261,Item skipped...,es,Spanish,qwen2.5-coder:7b,Elemento omitido...,1.025
2262,Segment Axis,es,Spanish,qwen2.5-coder:7b,Eje de Segmentación,0.966
2263,Books,es,Spanish,qwen2.5-coder:7b,Libros,0.595
2264,Mýrdalsjökull Glacier,es,Spanish,qwen2.5-coder:7b,Glaciar Mýrdalsjökull,1.557
2265,turn off,es,Spanish,qwen2.5-coder:7b,apagar,0.819
2266,Max. Packet Size %1,es,Spanish,qwen2.5-coder:7b,Max. Tamaño de Paquete %1,1.688
2267,System Info Center,es,Spanish,qwen2.5-coder:7b,Centro de Información del Sistema,1.402
2268,Target port,es,Spanish,qwen2.5-coder:7b,Puerto objetivo,0.734
2269,Length: %1,es,Spanish,qwen2.5-coder:7b,Longitud: %1,1.258
2270,Candle,es,Spanish,qwen2.5-coder:7b,Candle,0.648
2271,& Temperature:,es,Spanish,qwen2.5-coder:7b,& Temperatura:,0.847
2272,OpenVPN selection,es,Spanish,qwen2.5-coder:7b,Selección de OpenVPN,1.0
2273,Real Name:,es,Spanish,qwen2.5-coder:7b,Nombre Real:,0.707
2274,Fruit Tea,es,Spanish,qwen2.5-coder:7b,Té de Fruta,0.928
2275,Publisher,es,Spanish,qwen2.5-coder:7b,Editorial,0.579
2276,Kolab server name,es,Spanish,qwen2.5-coder:7b,Nombre del servidor Kolab,0.988
2277,Layout Tool,es,Spanish,qwen2.5-coder:7b,Herramienta de Diseño,1.2
2278,Delete,es,Spanish,qwen2.5-coder:7b,Eliminar,0.728
2279,Replied,es,Spanish,qwen2.5-coder:7b,Respondió,0.615
2280,Unsubscribe,es,Spanish,qwen2.5-coder:7b,Desuscribirse,1.083
2281,Directory Merge,es,Spanish,qwen2.5-coder:7b,Mezcla de Carpetas,1.181
2282,Mid Point,es,Spanish,qwen2.5-coder:7b,Punto Medio,0.822
2283,50% of Node,es,Spanish,qwen2.5-coder:7b,50% de Nodo,1.287
2284,Above:,es,Spanish,qwen2.5-coder:7b,Arriba:,0.811
2285,XML Completion,es,Spanish,qwen2.5-coder:7b,Completado de XML,1.175
2286,Preparer:,es,Spanish,qwen2.5-coder:7b,Preparar:,0.956
2287,Location: %1,es,Spanish,qwen2.5-coder:7b,Ubicación: %1,1.332
2288,Choqok - Disabled,es,Spanish,qwen2.5-coder:7b,Choqok - Desactivado,1.257
2289,Plugin development,es,Spanish,qwen2.5-coder:7b,Desarrollo de complementos,1.105
2290,Root Directory...,es,Spanish,qwen2.5-coder:7b,Directorio Raíz...,1.108
2291,Source name,es,Spanish,qwen2.5-coder:7b,Nombre de origen,0.696
2292,In Use,es,Spanish,qwen2.5-coder:7b,En Uso,0.709
2293,Average value:,es,Spanish,qwen2.5-coder:7b,Valor promedio:,0.901
2294,Delete item '%1 '?,es,Spanish,qwen2.5-coder:7b,¿Eliminar elemento '%1'?,1.337
2295,Frequency: %1,es,Spanish,qwen2.5-coder:7b,Frequencia: %1,1.198
2296,SO-30 Bulk Sorter,es,Spanish,qwen2.5-coder:7b,SO-30 Ordenador de Lote,1.686
2297,of Aban,es,Spanish,qwen2.5-coder:7b,de Aban,0.804
2298,Town,es,Spanish,qwen2.5-coder:7b,Ciudad,0.587
2299,French Horn,es,Spanish,qwen2.5-coder:7b,Trompeta francesa,1.076
2300,British English (en-gb),es,Spanish,qwen2.5-coder:7b,English británico (en-gb),1.507
2301,flashcard,es,Spanish,qwen2.5-coder:7b,tarjeta de repaso,0.965
2302,Border Preview,es,Spanish,qwen2.5-coder:7b,Vista previa del borde,1.297
2303,& Nickname; watch list.,es,Spanish,qwen2.5-coder:7b,& Apodo; lista de vigilancia.,1.426
2304,User workstations:,es,Spanish,qwen2.5-coder:7b,Estaciones de trabajo del usuario:,1.238
2305,Boring blue,es,Spanish,qwen2.5-coder:7b,Azul aburrido,0.954
2306,Blend,es,Spanish,qwen2.5-coder:7b,Mezclar,0.709
2307,The Canvas,es,Spanish,qwen2.5-coder:7b,El lienzo,0.934
2308,Capacity: %1,es,Spanish,qwen2.5-coder:7b,Capacidad: %1,1.175
2309,LightSteelBlue2,es,Spanish,qwen2.5-coder:7b,AzulMetalico2,1.186
2310,Monday,es,Spanish,qwen2.5-coder:7b,Lunes,0.581
2311,"Ndebele, South",es,Spanish,qwen2.5-coder:7b,"Ndebele, Sudáfrica",1.327
2312,(unknown),es,Spanish,qwen2.5-coder:7b,(Desconocido),0.983
2313,& Create,es,Spanish,qwen2.5-coder:7b,& Crear,0.865
2314,Indent:,es,Spanish,qwen2.5-coder:7b,Indentación:,0.829
2315,Bagpipe,es,Spanish,qwen2.5-coder:7b,Baguette,0.936
2316,Scale to,es,Spanish,qwen2.5-coder:7b,Escalar a,0.761
2317,Translation & Memory,es,Spanish,qwen2.5-coder:7b,Traducción & Memoria,1.197
2318,DNG Image Converter,es,Spanish,qwen2.5-coder:7b,Conversor de Imágenes DNG,1.501
2319,Mail Alert,es,Spanish,qwen2.5-coder:7b,Alerta de Correo,0.917
2320,Snapping,es,Spanish,qwen2.5-coder:7b,Ajuste,0.747
2321,show,es,Spanish,qwen2.5-coder:7b,mostrar,0.81
2322,& Entity Relationship Diagram...,es,Spanish,qwen2.5-coder:7b,& Diagrama de Relación de Entidades...,1.526
2323,ImagePlugin_FilmGrain,es,Spanish,qwen2.5-coder:7b,Plugin_FilmGrain,1.321
2324,Blue:,es,Spanish,qwen2.5-coder:7b,Azul:,0.682
2325,training,es,Spanish,qwen2.5-coder:7b,entrenamiento,0.712
2326,Search Scope,es,Spanish,qwen2.5-coder:7b,Ámbito de Búsqueda,1.166
2327,& Visibility:,es,Spanish,qwen2.5-coder:7b,& Visibilidad:,0.817
2328,Docbook List Wizard,es,Spanish,qwen2.5-coder:7b,Asistente de Lista de Docbook,1.347
2329,Rate:,es,Spanish,qwen2.5-coder:7b,Calificar:,0.814
2330,Gantt Chart,es,Spanish,qwen2.5-coder:7b,Gráfico de Gantt,0.938
2331,Brown Tone,es,Spanish,qwen2.5-coder:7b,Tonos marrones,1.076
2332,Default folder:,es,Spanish,qwen2.5-coder:7b,Carpetilla predeterminada:,1.213
2333,Education,es,Spanish,qwen2.5-coder:7b,Educación,0.78
2334,Silent,es,Spanish,qwen2.5-coder:7b,Silencio,0.717
2335,Black hole,es,Spanish,qwen2.5-coder:7b,Agujero negro,0.795
2336,New:,es,Spanish,qwen2.5-coder:7b,Nuevo:,0.723
2337,& New Game...,es,Spanish,qwen2.5-coder:7b,& Nuevo Juego...,1.003
2338,Entity Constraints,es,Spanish,qwen2.5-coder:7b,Restricciones de Entidad,1.185
2339,84 Points,es,Spanish,qwen2.5-coder:7b,84 Puntos,0.893
2340,Partition Editor,es,Spanish,qwen2.5-coder:7b,Editor de Particiones,0.837
2341,Data Mode,es,Spanish,qwen2.5-coder:7b,Modo de Datos,1.027
2342,Class of printers,es,Spanish,qwen2.5-coder:7b,Clase de impresoras,0.949
2343,Used Mirrors:,es,Spanish,qwen2.5-coder:7b,Espejos Usados:,1.134
2344,Ships,es,Spanish,qwen2.5-coder:7b,Barcos,0.8
2345,& Update interval:,es,Spanish,qwen2.5-coder:7b,& Intervalo de actualización:,1.17
2346,As Child,es,Spanish,qwen2.5-coder:7b,Como Niño,0.976
2347,Amazon (Germany),es,Spanish,qwen2.5-coder:7b,Amazon (Alemania),0.978
2348,Variable,es,Spanish,qwen2.5-coder:7b,Variable,0.505
2349,June,es,Spanish,qwen2.5-coder:7b,Junio,0.622
2350,Recurrence Range,es,Spanish,qwen2.5-coder:7b,Rango de Repetición,1.239
2351,System Activity,es,Spanish,qwen2.5-coder:7b,Actividad del Sistema,0.997
2352,System Information,es,Spanish,qwen2.5-coder:7b,Información del Sistema,0.954
2353,Sides:,es,Spanish,qwen2.5-coder:7b,Lados:,0.71
2354,Total Time,es,Spanish,qwen2.5-coder:7b,Tiempo Total,0.701
2355,Black Tea,es,Spanish,qwen2.5-coder:7b,Té negro,0.708
2356,Orbital mode,es,Spanish,qwen2.5-coder:7b,Modo orbital,0.965
2357,Disabled Burnfree,es,Spanish,qwen2.5-coder:7b,Desactivado Burnfree,1.196
2358,Selection Tools,es,Spanish,qwen2.5-coder:7b,Herramientas de Selección,1.159
2359,Centering,es,Spanish,qwen2.5-coder:7b,Centrado,0.644
2360,& Tense:,es,Spanish,qwen2.5-coder:7b,& Tensión:,0.944
2361,No Items,es,Spanish,qwen2.5-coder:7b,No hay elementos,0.866
2362,Isobars,es,Spanish,qwen2.5-coder:7b,Isóbaras,0.873
2363,"(c) 2002-2010, digiKam developers team",es,Spanish,qwen2.5-coder:7b,"(c) 2002-2010, equipo de desarrolladores de digiKam",3.51
2364,AAC sound,es,Spanish,qwen2.5-coder:7b,Sonido AAC,0.998
2365,HSV Adjustment,es,Spanish,qwen2.5-coder:7b,Ajuste HSV,0.858
2366,Duplexing,es,Spanish,qwen2.5-coder:7b,Duplicado,0.776
2367,Word Processor,es,Spanish,qwen2.5-coder:7b,Procesador de Texto,1.068
2368,Enhanced,es,Spanish,qwen2.5-coder:7b,Mejorado,0.73
2369,Session Preferences,es,Spanish,qwen2.5-coder:7b,Preferencias de Sesión,1.251
2370,Custom 8,es,Spanish,qwen2.5-coder:7b,Personalizado 8,1.067
2371,Color Transfer,es,Spanish,qwen2.5-coder:7b,Transferencia de Color,0.808
2372,Actions,es,Spanish,qwen2.5-coder:7b,Acciones,0.593
2373,Difference,es,Spanish,qwen2.5-coder:7b,Diferencia,0.764
2374,Directory Size,es,Spanish,qwen2.5-coder:7b,Tamaño del directorio,1.022
2375,Certificate Dump,es,Spanish,qwen2.5-coder:7b,Volcado de Certificado,1.199
2376,ATM Networking,es,Spanish,qwen2.5-coder:7b,Red de cajeros automáticos,1.328
2377,Desktop Overview,es,Spanish,qwen2.5-coder:7b,Resumen del Escritorio,1.274
2378,Lao Kip,es,Spanish,qwen2.5-coder:7b,Lao Kip,0.898
2379,Algerian Dinar,es,Spanish,qwen2.5-coder:7b,Dinar algerino,1.029
2380,Media Source,es,Spanish,qwen2.5-coder:7b,Fuente de Medio,1.1
2381,Life time,es,Spanish,qwen2.5-coder:7b,Tiempo de vida,1.061
2382,Extrusion,es,Spanish,qwen2.5-coder:7b,Extrusión,0.876
2383,Look,es,Spanish,qwen2.5-coder:7b,Ver,0.709
2384,Policy,es,Spanish,qwen2.5-coder:7b,Política,0.651
2385,Flip Over,es,Spanish,qwen2.5-coder:7b,Girar,0.729
2386,Value in Y,es,Spanish,qwen2.5-coder:7b,Valor en Y,0.982
2387,& Rating,es,Spanish,qwen2.5-coder:7b,& Calificación,0.731
2388,Notification from %1,es,Spanish,qwen2.5-coder:7b,Notificación de %1,1.117
2389,Rotation:,es,Spanish,qwen2.5-coder:7b,Rotación:,0.818
2390,Bridges,es,Spanish,qwen2.5-coder:7b,Puentes,0.765
2391,March,es,Spanish,qwen2.5-coder:7b,Marzo,0.62
2392,Dig Deep,es,Spanish,qwen2.5-coder:7b,Descubre Profundo,1.05
2393,KSnake: Single player,es,Spanish,qwen2.5-coder:7b,KSnake: Juego solo,1.124
2394,Certification,es,Spanish,qwen2.5-coder:7b,Certificación,0.647
2395,Blue Curve,es,Spanish,qwen2.5-coder:7b,Curva Azul,0.835
2396,& General MIDI,es,Spanish,qwen2.5-coder:7b,& General MIDI,0.85
2397,Finishings:,es,Spanish,qwen2.5-coder:7b,Terminaciones:,0.947
2398,Asia/ Manila,es,Spanish,qwen2.5-coder:7b,Asia/ Manila,0.737
2399,Connected:,es,Spanish,qwen2.5-coder:7b,Conectado:,0.873
2400,wait X,es,Spanish,qwen2.5-coder:7b,espera X,0.904
2401,Brackets,es,Spanish,qwen2.5-coder:7b,Paréntesis,0.839
2402,KHelpCenter Index Builder,es,Spanish,qwen2.5-coder:7b,Construyador de Índice de KHelpCenter,2.08
2403,Case Insensitive,es,Spanish,qwen2.5-coder:7b,Insensibilidad a Mayúsculas/Minúsculas,2.01
2404,Keyboard,es,Spanish,qwen2.5-coder:7b,Teclado,0.59
2405,& QuickBuild configuration:,es,Spanish,qwen2.5-coder:7b,& Configuración rápida de Build:,1.253
2406,Spanish peseta,es,Spanish,qwen2.5-coder:7b,peseta española,0.911
2407,libssh2 Developers,es,Spanish,qwen2.5-coder:7b,Desarrolladores de libssh2,1.371
2408,currentValue,es,Spanish,qwen2.5-coder:7b,valorActual,0.826
2409,History size:,es,Spanish,qwen2.5-coder:7b,Tamaño de la historia:,1.017
2410,& New,es,Spanish,qwen2.5-coder:7b,& Nuevo,0.619
2411,Cell Format,es,Spanish,qwen2.5-coder:7b,Formato de Celda,0.939
2412,Placement:,es,Spanish,qwen2.5-coder:7b,Ubicación:,0.884
2413,quick start,es,Spanish,qwen2.5-coder:7b,inicio rápido,0.834
2414,Free/ busy,es,Spanish,qwen2.5-coder:7b,Libre/ ocupado,1.171
2415,Bracket highlight:,es,Spanish,qwen2.5-coder:7b,Resaltado de paréntesis:,1.481
2416,& Remove Sensor,es,Spanish,qwen2.5-coder:7b,& Eliminar Sensor,0.948
2417,Symmetric Point,es,Spanish,qwen2.5-coder:7b,Punto Simétrico,0.954
2418,& User,es,Spanish,qwen2.5-coder:7b,& Usuario,0.603
2419,Close Object,es,Spanish,qwen2.5-coder:7b,Cerrar Objeto,0.731
2420,Adblock disabled,es,Spanish,qwen2.5-coder:7b,Desbloqueo de Adblock desactivado,1.832
2421,Nepomuk PIMO Resource Editor,es,Spanish,qwen2.5-coder:7b,Editor de Recursos PIMO de Nepomuk,1.676
2422,& Selected Addresses,es,Spanish,qwen2.5-coder:7b,& Direcciones Seleccionadas,1.167
2423,Solution Moves,es,Spanish,qwen2.5-coder:7b,Movimientos de Solución,1.199
2424,helpviewer,es,Spanish,qwen2.5-coder:7b,visordeayuda,1.05
2425,Caps Lock is enabled,es,Spanish,qwen2.5-coder:7b,Mayúsculas activadas,1.257
2426,Temperature Unit,es,Spanish,qwen2.5-coder:7b,Unidad de Temperatura,1.086
2427,Updated,es,Spanish,qwen2.5-coder:7b,Actualizado,0.569
2428,Star Tool,es,Spanish,qwen2.5-coder:7b,Herramienta de Estrella,1.1
2429,of Muharram,es,Spanish,qwen2.5-coder:7b,de Muharram,1.037
2430,Ratings,es,Spanish,qwen2.5-coder:7b,Calificaciones,0.629
2431,Activity Transition,es,Spanish,qwen2.5-coder:7b,Transición de Actividad,0.896
2432,Report Design,es,Spanish,qwen2.5-coder:7b,Diseño de Informe,1.094
2433,"Artist ""%1"" from %2",es,Spanish,qwen2.5-coder:7b,"Artista ""%1"" de %2",1.607
2434,24-hour format,es,Spanish,qwen2.5-coder:7b,Formato de 24 horas,1.175
2435,KGame Pointer,es,Spanish,qwen2.5-coder:7b,Apuntador de KGame,1.315
2436,Newspaper activity,es,Spanish,qwen2.5-coder:7b,Actividad de periódico,1.282
2437,Girl,es,Spanish,qwen2.5-coder:7b,Niña,0.58
2438,Resource:,es,Spanish,qwen2.5-coder:7b,Recurso:,0.792
2439,World Domination Strategy Game,es,Spanish,qwen2.5-coder:7b,Juego de Estrategia para Dominar el Mundo,1.763
2440,Other,es,Spanish,qwen2.5-coder:7b,Otros,0.601
2441,Recording folder:,es,Spanish,qwen2.5-coder:7b,Carpetas de grabación:,1.28
2442,& Highlighting,es,Spanish,qwen2.5-coder:7b,& Resaltado,0.873
2443,& Fine Tuning,es,Spanish,qwen2.5-coder:7b,& Ajuste Fino,1.185
2444,Tea List,es,Spanish,qwen2.5-coder:7b,Lista de té,1.032
2445,Unit management,es,Spanish,qwen2.5-coder:7b,Gestión de unidades,1.063
2446,Picture Properties,es,Spanish,qwen2.5-coder:7b,Propiedades de la Imagen,1.014
2447,Save License,es,Spanish,qwen2.5-coder:7b,Guardar Licencia,0.904
2448,HTMLPreview,es,Spanish,qwen2.5-coder:7b,Vista previa HTML,1.077
2449,Show a Contact,es,Spanish,qwen2.5-coder:7b,Mostrar un Contacto,1.199
2450,Date & & Time,es,Spanish,qwen2.5-coder:7b,Fecha & & Hora,1.223
2451,Cisco - Workgroup switch,es,Spanish,qwen2.5-coder:7b,Cisco - Conmutador de grupo de trabajo,1.442
2452,Pay to,es,Spanish,qwen2.5-coder:7b,Pagar a,0.949
2453,< Generic >,es,Spanish,qwen2.5-coder:7b,< General >,0.908
2454,slider,es,Spanish,qwen2.5-coder:7b,deslizador,0.733
2455,"Yellow, Black",es,Spanish,qwen2.5-coder:7b,"Amarillo, Negro",1.065
2456,of Shvat,es,Spanish,qwen2.5-coder:7b,de Shvat,0.772
2457,Main directory,es,Spanish,qwen2.5-coder:7b,Directorio principal,0.967
2458,Interpolate,es,Spanish,qwen2.5-coder:7b,Interpolar,0.961
2459,Update Source,es,Spanish,qwen2.5-coder:7b,Actualizar Fuente,0.948
2460,0x00 (None),es,Spanish,qwen2.5-coder:7b,0x00 (Ninguno),1.552
2461,Left of,es,Spanish,qwen2.5-coder:7b,IZQ. DE,1.074
2462,SXM Files,es,Spanish,qwen2.5-coder:7b,Archivos SXM,0.9
2463,In-Painting,es,Spanish,qwen2.5-coder:7b,Relleno,0.972
2464,of November,es,Spanish,qwen2.5-coder:7b,de noviembre,0.742
2465,Dependencies:,es,Spanish,qwen2.5-coder:7b,Dependencias:,0.88
2466,Quick search:,es,Spanish,qwen2.5-coder:7b,Busca rápido:,0.897
2467,DVD-R Sequential,es,Spanish,qwen2.5-coder:7b,DVD-R Secuencial,1.215
2468,Single Player,es,Spanish,qwen2.5-coder:7b,Jugador Único,1.018
2469,Forest,es,Spanish,qwen2.5-coder:7b,Bosque,0.765
2470,Xsldbg Entities,es,Spanish,qwen2.5-coder:7b,Entidades Xsldbg,1.096
2471,Conclusion,es,Spanish,qwen2.5-coder:7b,Conclusión,0.703
2472,Purchase,es,Spanish,qwen2.5-coder:7b,Comprar,0.599
2473,interface skin,es,Spanish,qwen2.5-coder:7b,interfaz de piel,1.092
2474,knots,es,Spanish,qwen2.5-coder:7b,nudos,0.648
2475,XY grid resolution,es,Spanish,qwen2.5-coder:7b,Resolución de cuadrícula XY,1.447
2476,Bond Length,es,Spanish,qwen2.5-coder:7b,Longitud de Enlace,0.916
2477,Logic Game,es,Spanish,qwen2.5-coder:7b,Juego Lógico,0.906
2478,Upload Lists,es,Spanish,qwen2.5-coder:7b,Subir Listas,0.832
2479,Background object color:,es,Spanish,qwen2.5-coder:7b,Color de objeto de fondo:,1.23
2480,Destination File,es,Spanish,qwen2.5-coder:7b,Archivo de Destino,1.039
2481,Dialogs,es,Spanish,qwen2.5-coder:7b,Diálogos,0.838
2482,Current,es,Spanish,qwen2.5-coder:7b,Actual,0.683
2483,Keyboard controller,es,Spanish,qwen2.5-coder:7b,Controlador de teclado,0.989
2484,Softest,es,Spanish,qwen2.5-coder:7b,Masajoso,0.947
2485,New Item,es,Spanish,qwen2.5-coder:7b,Nuevo Elemento,0.919
2486,is between '#V1S# 'and '#V2S#',es,Spanish,qwen2.5-coder:7b,está entre '#V1S#' y '#V2S#,2.398
2487,Collection,es,Spanish,qwen2.5-coder:7b,Colección,0.814
2488,Rolled back,es,Spanish,qwen2.5-coder:7b,Revertido,0.957
2489,Structure beginning:,es,Spanish,qwen2.5-coder:7b,Comienzo de la estructura:,1.275
2490,Group Section Editor,es,Spanish,qwen2.5-coder:7b,Editor de Sección de Grupo,1.021
2491,Does Not Contain,es,Spanish,qwen2.5-coder:7b,No Contiene,0.866
2492,& Response,es,Spanish,qwen2.5-coder:7b,& Respuesta,0.757
2493,Config file:,es,Spanish,qwen2.5-coder:7b,Archivo de configuración:,1.092
2494,Details for: %1,es,Spanish,qwen2.5-coder:7b,Detalles para: %1,1.297
2495,Aperture priority,es,Spanish,qwen2.5-coder:7b,Prioridad de apertura,1.135
2496,Signs,es,Spanish,qwen2.5-coder:7b,Señales,0.947
2497,Phonebook,es,Spanish,qwen2.5-coder:7b,Agenda telefónica,1.154
2498,User1,es,Spanish,qwen2.5-coder:7b,Usuario1,0.648
2499,Border size (pixels):,es,Spanish,qwen2.5-coder:7b,Tamaño de borde (píxeles):,1.697
2500,& Copy Folders To,es,Spanish,qwen2.5-coder:7b,& Copiar Carpetas A,1.232
2501,Multiple,es,Spanish,qwen2.5-coder:7b,Múltiples,0.88
2502,Null passwords,es,Spanish,qwen2.5-coder:7b,Contraseñas nulas,0.952
2503,Sampler Example:,es,Spanish,qwen2.5-coder:7b,Sampler Ejemplo:,0.944
2504,LastFM Data Engine,es,Spanish,qwen2.5-coder:7b,Motor de Datos de LastFM,1.349
2505,developer (HTML rendering engine),es,Spanish,qwen2.5-coder:7b,desarrollador (motor de renderizado HTML),1.762
2506,Trusted,es,Spanish,qwen2.5-coder:7b,Confiable,0.824
2507,Developer (JavaScript),es,Spanish,qwen2.5-coder:7b,Desarrollador (JavaScript),1.151
2508,Dither Algorithm,es,Spanish,qwen2.5-coder:7b,Algoritmo de Dithering,1.131
2509,Rotation degree,es,Spanish,qwen2.5-coder:7b,Grado de rotación,1.116
2510,Online Since:,es,Spanish,qwen2.5-coder:7b,En línea desde:,0.926
2511,Finisher Installed,es,Spanish,qwen2.5-coder:7b,Instalador Finalizado,0.963
2512,Service ID:,es,Spanish,qwen2.5-coder:7b,ID del Servicio:,1.068
2513,Maximum seeds:,es,Spanish,qwen2.5-coder:7b,Semillas máximas:,1.156
2514,DodgerBlue,es,Spanish,qwen2.5-coder:7b,DodgerBlue,0.818
2515,& Name:,es,Spanish,qwen2.5-coder:7b,& Nombre:,0.771
2516,Enrollment progress,es,Spanish,qwen2.5-coder:7b,Progreso de inscripción,1.351
2517,Current Document,es,Spanish,qwen2.5-coder:7b,Documento Actual,0.861
2518,theta,es,Spanish,qwen2.5-coder:7b,theta,0.494
2519,Environment:,es,Spanish,qwen2.5-coder:7b,Entorno:,0.84
2520,of Ramadan,es,Spanish,qwen2.5-coder:7b,de Ramadán,0.816
2521,< < Previous,es,Spanish,qwen2.5-coder:7b,< < Anterior,0.953
2522,Phone numbers,es,Spanish,qwen2.5-coder:7b,Números de teléfono,0.944
2523,Network Management Backend,es,Spanish,qwen2.5-coder:7b,Backend de Gestión de Red,1.23
2524,PolicyKit Authorization,es,Spanish,qwen2.5-coder:7b,Política de Autorización de PolicyKit,1.411
2525,Filesystems,es,Spanish,qwen2.5-coder:7b,Sistemas de archivos,0.906
2526,Line Color...,es,Spanish,qwen2.5-coder:7b,Color de línea...,0.929
2527,Playlist Layouts,es,Spanish,qwen2.5-coder:7b, diseños de lista de reproducción,1.4
2528,& Edit Feed...,es,Spanish,qwen2.5-coder:7b,& Editar Fuente...,1.083
2529,Decrypt,es,Spanish,qwen2.5-coder:7b,Desencriptar,1.106
2530,Overcrowding,es,Spanish,qwen2.5-coder:7b,Sobrecarga,0.875
2531,& Search Directory Service,es,Spanish,qwen2.5-coder:7b,& Buscar Servicio de Directorio,1.424
2532,& Extended,es,Spanish,qwen2.5-coder:7b,& Ampliado,0.825
2533,Skymap Options,es,Spanish,qwen2.5-coder:7b,Opciones de Mapa Aéreo,1.335
2534,Game Done!,es,Spanish,qwen2.5-coder:7b,Juego terminado!,0.927
2535,Unsticky,es,Spanish,qwen2.5-coder:7b,Despegable,0.906
2536,%1 by Flag,es,Spanish,qwen2.5-coder:7b,%1 por Bandera,1.061
2537,Notes color:,es,Spanish,qwen2.5-coder:7b,Color de notas:,0.92
2538,Adept Updater,es,Spanish,qwen2.5-coder:7b,Actualizador Adepto,1.196
2539,Remove applet,es,Spanish,qwen2.5-coder:7b,Eliminar applet,0.944
2540,site_,es,Spanish,qwen2.5-coder:7b,sitio_,0.828
2541,Apply filter,es,Spanish,qwen2.5-coder:7b,Aplicar filtro,1.025
2542,Leader name,es,Spanish,qwen2.5-coder:7b,Nombre del líder,0.793
2543,23rd Last,es,Spanish,qwen2.5-coder:7b,23º Último,1.38
2544,Page: XX of XX,es,Spanish,qwen2.5-coder:7b,Page: XX de XX,1.212
2545,& Charge,es,Spanish,qwen2.5-coder:7b,&Cargar,0.62
2546,Here exact,es,Spanish,qwen2.5-coder:7b,Aquí exacto,0.855
2547,Work Week View,es,Spanish,qwen2.5-coder:7b,Vista Semanal de Trabajo,1.348
2548,Template Class,es,Spanish,qwen2.5-coder:7b,Clase de Plantilla,0.912
2549,Power,es,Spanish,qwen2.5-coder:7b,Poder,0.702
2550,segment,es,Spanish,qwen2.5-coder:7b,segmento,0.767
2551,Review Copy,es,Spanish,qwen2.5-coder:7b,Revisión de Copia,1.093
2552,Nepomuk Desktop Search Configuration,es,Spanish,qwen2.5-coder:7b,Configuración de la búsqueda de escritorio de Nepomuk,1.89
2553,System Tray Mode,es,Spanish,qwen2.5-coder:7b,Modo de bandeja del sistema,1.413
2554,Australia/ West,es,Spanish,qwen2.5-coder:7b,Australia/Oeste,1.02
2555,Run in terminal,es,Spanish,qwen2.5-coder:7b,Ejecutar en terminal,1.002
2556,Unknown Applet,es,Spanish,qwen2.5-coder:7b,Aplicación Desconocida,1.3
2557,MaximumAttachmentSize,es,Spanish,qwen2.5-coder:7b,TamañoMáximoDeAnexo,1.231
2558,Font Type Selection,es,Spanish,qwen2.5-coder:7b,Selección de Tipo de Fuente,1.172
2559,Finish,es,Spanish,qwen2.5-coder:7b,Terminar,0.899
2560,User Processes,es,Spanish,qwen2.5-coder:7b,Procesos de Usuario,0.905
2561,Faeroe Islands,es,Spanish,qwen2.5-coder:7b,Islas Faroés,0.988
2562,Choose pixmap:,es,Spanish,qwen2.5-coder:7b,Elige pixmap:,0.91
2563,vertices,es,Spanish,qwen2.5-coder:7b,vértices,0.714
2564,CA Expired,es,Spanish,qwen2.5-coder:7b,CA Expirado,1.116
2565,XY rotation,es,Spanish,qwen2.5-coder:7b,Rotación XY,0.933
2566,Height 1:,es,Spanish,qwen2.5-coder:7b,Altura 1:,1.057
2567,Contents,es,Spanish,qwen2.5-coder:7b,Contenido,0.577
2568,Anyone:,es,Spanish,qwen2.5-coder:7b,¿Cualquiera:,1.083
2569,homeaddress,es,Spanish,qwen2.5-coder:7b,dirección de casa,1.068
2570,DarkGrey,es,Spanish,qwen2.5-coder:7b,GrisOscuro,0.954
2571,Board Size,es,Spanish,qwen2.5-coder:7b,Tamaño del Tablero,1.056
2572,ProjectTree Description,es,Spanish,qwen2.5-coder:7b,Descripción del Árbol de Proyectos,1.565
2573,Config Editor,es,Spanish,qwen2.5-coder:7b,Editor de Configuración,0.94
2574,User password,es,Spanish,qwen2.5-coder:7b,Contraseña del usuario,0.867
2575,To Shortest,es,Spanish,qwen2.5-coder:7b,Para el más corto,1.194
2576,LightSlateGrey,es,Spanish,qwen2.5-coder:7b,GrisClaro,0.882
2577,3D look,es,Spanish,qwen2.5-coder:7b,Vista 3D,1.129
2578,Access key:,es,Spanish,qwen2.5-coder:7b,Clave de acceso:,1.009
2579,Tool:,es,Spanish,qwen2.5-coder:7b,Herramienta:,0.898
2580,Selection mode:,es,Spanish,qwen2.5-coder:7b,Modo de selección:,1.137
2581,Cooperation?,es,Spanish,qwen2.5-coder:7b,Colaboración?,0.912
2582,User Profiles,es,Spanish,qwen2.5-coder:7b,Perfiles de Usuario,0.813
2583,A screenshot of & kolorlines;,es,Spanish,qwen2.5-coder:7b,Una captura de pantalla de & kolorlines;,1.846
2584,Speech,es,Spanish,qwen2.5-coder:7b,Voz,0.81
2585,Transaction error,es,Spanish,qwen2.5-coder:7b,Error de transacción,1.066
2586,unitsY,es,Spanish,qwen2.5-coder:7b,unidadesY,0.952
2587,Collection Manager,es,Spanish,qwen2.5-coder:7b,Administrador de Colección,1.119
2588,Direct Line,es,Spanish,qwen2.5-coder:7b,Línea Directa,0.912
2589,Outline Selection,es,Spanish,qwen2.5-coder:7b,Resaltar Selección,1.042
2590,Painterly Mixer,es,Spanish,qwen2.5-coder:7b,Mezclador Pintorilho,1.575
2591,Data Ranges...,es,Spanish,qwen2.5-coder:7b,Rangos de Datos...,1.214
2592,Base Tools,es,Spanish,qwen2.5-coder:7b,Herramientas Básicas,1.175
2593,Unencoded,es,Spanish,qwen2.5-coder:7b,Sin codificar,0.965
2594,& kde; News Resource,es,Spanish,qwen2.5-coder:7b,& kde; Recurso de Noticias,1.61
2595,& Line graph,es,Spanish,qwen2.5-coder:7b,& Gráfico de líneas,1.095
2596,Key frame:,es,Spanish,qwen2.5-coder:7b,Clave:,0.839
2597,Twitter username:,es,Spanish,qwen2.5-coder:7b,Nombre de usuario de Twitter:,1.039
2598,Spread Sheet,es,Spanish,qwen2.5-coder:7b,Hoja de Cálculo,1.021
2599,Marked: 0,es,Spanish,qwen2.5-coder:7b,Marcado: 0,1.007
2600,Printer identification,es,Spanish,qwen2.5-coder:7b,Identificación de impresora,0.935
2601,File System Type,es,Spanish,qwen2.5-coder:7b,Tipo de Sistema de Archivos,1.056
2602,Authentication CUPS; IPP SSL TLS,es,Spanish,qwen2.5-coder:7b,Autenticación CUPS; IPP SSL TLS,1.649
2603,increasing Y,es,Spanish,qwen2.5-coder:7b,incrementando Y,0.928
2604,Time-stamping,es,Spanish,qwen2.5-coder:7b,Añadir marca de tiempo,1.193
2605,Disabled plugins,es,Spanish,qwen2.5-coder:7b,Complementos desactivados,1.208
2606,To Bottom,es,Spanish,qwen2.5-coder:7b,Hacia Abajo,0.901
2607,Print,es,Spanish,qwen2.5-coder:7b,Imprimir,0.577
2608,Close Nevertheless,es,Spanish,qwen2.5-coder:7b,Cerrar Todavía,1.001
2609,may,es,Spanish,qwen2.5-coder:7b,podría,0.815
2610,Eastern Europe,es,Spanish,qwen2.5-coder:7b,Europa Oriental,0.945
2611,Excluded:,es,Spanish,qwen2.5-coder:7b,Excluido:,0.934
2612,Taskbar & Notification,es,Spanish,qwen2.5-coder:7b,Barra de tareas & Notificaciones,1.491
2613,Layer,es,Spanish,qwen2.5-coder:7b,Capa,0.617
2614,EXIF: digitized,es,Spanish,qwen2.5-coder:7b,EXIF: digitalizado,1.03
2615,Accelerator:,es,Spanish,qwen2.5-coder:7b,Acelerador:,0.908
2616,Communication,es,Spanish,qwen2.5-coder:7b,Comunicación,0.668
2617,Player 1 name,es,Spanish,qwen2.5-coder:7b,Nombre del Jugador 1,1.057
2618,Block Size,es,Spanish,qwen2.5-coder:7b,Tamaño del Bloque,1.02
2619,Global Shortcut Registration,es,Spanish,qwen2.5-coder:7b,Registro de Atajo Global,1.186
2620,SUBTOTAL(9; A1: A5) returns 119,es,Spanish,qwen2.5-coder:7b,SUBTOTAL(9; A1: A5) devuelve 119,2.758
2621,tv device,es,Spanish,qwen2.5-coder:7b,dispositivo de televisión,1.233
2622,& Run Speed,es,Spanish,qwen2.5-coder:7b,& Velocidad de Ejecución,1.324
2623,Maze of Ladders,es,Spanish,qwen2.5-coder:7b,Laberinto de Escaleras,1.218
2624,Text-to-Speech Frontend,es,Spanish,qwen2.5-coder:7b,Interfaz de Texto a Voz,1.605
2625,Bottom Margin,es,Spanish,qwen2.5-coder:7b,Margen Inferior,0.827
2626,Activity name:,es,Spanish,qwen2.5-coder:7b,Nombre de la actividad:,0.947
2627,No carrier response:,es,Spanish,qwen2.5-coder:7b,No respuesta del proveedor:,1.027
2628,Constraint Start,es,Spanish,qwen2.5-coder:7b,Restricción Inicio,1.171
2629,Unbeatable,es,Spanish,qwen2.5-coder:7b,Inalcanzable,0.988
2630,Preferred account,es,Spanish,qwen2.5-coder:7b,Cuenta preferida,0.833
2631,Main Area,es,Spanish,qwen2.5-coder:7b,Área Principal,0.727
2632,Mexican peso,es,Spanish,qwen2.5-coder:7b,peso mexicano,0.967
2633,ImagePlugin_Core,es,Spanish,qwen2.5-coder:7b,Plugin de Imagen,1.061
2634,Screen Size,es,Spanish,qwen2.5-coder:7b,Tamaño de Pantalla,1.051
2635,Group,es,Spanish,qwen2.5-coder:7b,Grupo,0.701
2636,Gain,es,Spanish,qwen2.5-coder:7b,Gana,0.607
2637,& Quiz,es,Spanish,qwen2.5-coder:7b,& Prueba,0.712
2638,Colon,es,Spanish,qwen2.5-coder:7b,Colon,0.544
2639,KMail Question,es,Spanish,qwen2.5-coder:7b,Pregunta de KMail,1.042
2640,Launch plugin-configuration dialog,es,Spanish,qwen2.5-coder:7b,Abrir diálogo de configuración de complemento,1.569
2641,Music Box,es,Spanish,qwen2.5-coder:7b,Caja de Música,0.995
2642,Master Slide...,es,Spanish,qwen2.5-coder:7b,Diapositiva Maestra...,1.385
2643,Unknown Host,es,Spanish,qwen2.5-coder:7b,Host Desconocido,1.155
2644,Gallery:,es,Spanish,qwen2.5-coder:7b,Galería:,0.798
2645,Grid size,es,Spanish,qwen2.5-coder:7b,Tamaño de la cuadrícula,1.311
2646,Sky Walker,es,Spanish,qwen2.5-coder:7b,Sky Walker,0.815
2647,Custom Type 5,es,Spanish,qwen2.5-coder:7b,Tipo Personalizado 5,0.966
2648,Collections,es,Spanish,qwen2.5-coder:7b,Colecciones,0.577
2649,VmSize,es,Spanish,qwen2.5-coder:7b,Tamaño de VM,0.855
2650,Midpoint,es,Spanish,qwen2.5-coder:7b,Punto Medio,0.844
2651,Draw goal,es,Spanish,qwen2.5-coder:7b,Marcar meta,0.93
2652,Friction,es,Spanish,qwen2.5-coder:7b,Fricción,0.714
2653,& Option:,es,Spanish,qwen2.5-coder:7b,& Opción:,0.817
2654,The Grid,es,Spanish,qwen2.5-coder:7b,La Cuadrícula,0.912
2655,Opposites,es,Spanish,qwen2.5-coder:7b,Opositos,0.993
2656,Signal:,es,Spanish,qwen2.5-coder:7b,Señal:,0.781
2657,Little Worm,es,Spanish,qwen2.5-coder:7b,Pequeña Abeja,1.095
2658,Running in Kile,es,Spanish,qwen2.5-coder:7b,Corriendo en Kile,1.249
2659,A. I. Configuration,es,Spanish,qwen2.5-coder:7b,Configuración de IA,1.036
2660,chargeVariance,es,Spanish,qwen2.5-coder:7b,diferenciaDeCarga,1.077
2661,South African Rand,es,Spanish,qwen2.5-coder:7b,Rand Sudáfrica,0.851
2662,Drawings,es,Spanish,qwen2.5-coder:7b,Dibujos,0.847
2663,Multicast Packet Rate,es,Spanish,qwen2.5-coder:7b,Velocidad de Paquete Multicast,1.527
2664,Spreadsheet,es,Spanish,qwen2.5-coder:7b,Hoja de cálculo,1.09
2665,Please change & name:,es,Spanish,qwen2.5-coder:7b,"Por favor, cambia & nombre:",1.43
2666,Pattern,es,Spanish,qwen2.5-coder:7b,Patrón,0.687
2667,KoProperty Test,es,Spanish,qwen2.5-coder:7b,Prueba de KoProperty,0.958
2668,Title Definition,es,Spanish,qwen2.5-coder:7b,Definición del Título,1.188
2669,Thumbnail Handler,es,Spanish,qwen2.5-coder:7b,Manejador de miniaturas,1.034
2670,Icelandic (is),es,Spanish,qwen2.5-coder:7b,Islandés (is),1.21
2671,Scaling mode,es,Spanish,qwen2.5-coder:7b,Modo de escalado,1.085
2672,Open with & Konqueror,es,Spanish,qwen2.5-coder:7b,Abrir con & Konqueror,1.509
2673,Belarusian,es,Spanish,qwen2.5-coder:7b,Bielorruso,0.965
2674,Panel Tool Box,es,Spanish,qwen2.5-coder:7b,Panel Herramientas,1.066
2675,Speed down/ up,es,Spanish,qwen2.5-coder:7b,Reducir/Acelerar,1.257
2676,G Major,es,Spanish,qwen2.5-coder:7b,G Mayor,0.64
2677,Icon Editor,es,Spanish,qwen2.5-coder:7b,Editor de Iconos,0.808
2678,Job Description,es,Spanish,qwen2.5-coder:7b,Descripción del Trabajo,1.094
2679,CUPS Server Configuration,es,Spanish,qwen2.5-coder:7b,Configuración del Servidor CUPS,1.271
2680,Access Permissions,es,Spanish,qwen2.5-coder:7b,Permisos de Acceso,1.001
2681,Lesson descriptions,es,Spanish,qwen2.5-coder:7b,Descripciones de lecciones,1.082
2682,Folder Properties,es,Spanish,qwen2.5-coder:7b,Propiedades de la carpeta,1.019
2683,Root Folder,es,Spanish,qwen2.5-coder:7b,Carpeta Raíz,1.077
2684,No Constraint,es,Spanish,qwen2.5-coder:7b,Sin restricción,0.834
2685,Ink Drying Time (sec),es,Spanish,qwen2.5-coder:7b,Tiempo de Secado del Tinta (seg),1.632
2686,Main author,es,Spanish,qwen2.5-coder:7b,Autor principal,0.793
2687,Attachment List,es,Spanish,qwen2.5-coder:7b,Lista de Adjuntos,1.032
2688,Motion blur,es,Spanish,qwen2.5-coder:7b,Desfase de movimiento,0.953
2689,sphere sweep,es,Spanish,qwen2.5-coder:7b,desplazamiento esférico,1.46
2690,Configuration Wizard,es,Spanish,qwen2.5-coder:7b,Asistente de Configuración,1.154
2691,Steps:,es,Spanish,qwen2.5-coder:7b,Pasos:,0.835
2692,Unknown type,es,Spanish,qwen2.5-coder:7b,Tipo desconocido,0.841
2693,Enter for example sys.,es,Spanish,qwen2.5-coder:7b,Introduce por ejemplo sys.,1.093
2694,Case sensitive,es,Spanish,qwen2.5-coder:7b,Distinción entre mayúsculas y minúsculas,1.908
2695,Time Tunnel,es,Spanish,qwen2.5-coder:7b,Vía Tiempo,1.019
2696,Installation directory:,es,Spanish,qwen2.5-coder:7b,Directorio de instalación:,1.118
2697,Specified:,es,Spanish,qwen2.5-coder:7b,Especificado:,0.802
2698,XVideo port,es,Spanish,qwen2.5-coder:7b,puerto XVideo,1.101
2699,Bit Rate:,es,Spanish,qwen2.5-coder:7b,Velocidad de bits:,1.112
2700,Structure Tree Plugin,es,Spanish,qwen2.5-coder:7b,Plugin de Árbol de Estructura,1.528
2701,Connection specific:: OpenVPN,es,Spanish,qwen2.5-coder:7b,Conexión específica:: OpenVPN,1.387
2702,Samoan,es,Spanish,qwen2.5-coder:7b,Samoano,0.74
2703,Very Large (1600x1200),es,Spanish,qwen2.5-coder:7b,Muy Grande (1600x1200),2.267
2704,Building Shapes,es,Spanish,qwen2.5-coder:7b,Formas de Construcción,1.15
2705,News,es,Spanish,qwen2.5-coder:7b,Noticias,0.61
2706,Presentation Quality,es,Spanish,qwen2.5-coder:7b,Calidad de Presentación,0.902
2707,"(#034;) Quotation mark
Access Control
High
Some
ROW(reference)
Grid Settings
Impose
Power Profile
Preview Image:
Size: %1
(C) 1997-2008, KDE Developers
Category Animals
Artifact & name:
Network Tool
Certificate authority
Magic output:
3D view type:
Complete Files
& Work path:
Scheduling constraint:
Indentation Amount
CSV Data
Access:
xsltproc & executable:
Environments
Volume set name:
printed: %1
Shred
Ball Game
Maintenance
Texture:
Developer
& No scaling
Domain name:
Keyring Settings
Custom 5
KGet Transfer List
Lightness Adjustments
ExtensionsManager
Screw
Temperature:
Holiday color
Settings Show Toolbar
Network Port
PolicyKit KDE Authorization
%1 are empty
Album Properties
Size of One Page
Samba Access Log Files
Share modes
Default DTD:
Text Settings
& Scale Bar
Regular expression\t(Alt+4)
File Info
Do It
Override Type
VideoCD on CD-i
Reflection print scanner
& Pen width:
Hebrew (he)
Save Location:
Access (wml)
Weather condition
Movie player
Playlist Options
Accounts
KEnvy24 Main Part
North-East
Non-ready
Chat text:
History...
Milestone Gantt View
Morning
Rechargeable
Rename Object
Online Reader Configuration
Image quality:
Media ID:
See-through bands
Document Settings
Unable to open '%1 '
Usenet News
Referenced
Browsing With & konqueror;
British Pound
Calendar & Support
MusicBrainz Query
PhoneIn
Every %1 minutes
Center Right
In progress
& Queued:
Using Stencils
Calculation
CadetBlue2
Page:
ImagePlugin_RainDrop
User Images
Alert
LightBlue1
& Templates folder:
Tenor Sax
deleted
Edit Item
Retry
language
Example sentence
KDE User's Manual
& Rename
Access Rights
Start Position: %1
Reverted %1.
Parser problem
Result Preview
24 fifteen
& Keyboard Layout
SO-6 Bulk Sorter
Gilbert Islands
& Typeface size:
built-in
Translucency:
Pentagon
Copy To...
Orbit Trails
Very Big (1280 pixels)
Version Control
Read-write
Project Overview
& Profile Properties
No Logging
Graph Style
Output was: %1
C++ Support
Clock Speeds
Below:
Per Amount
Aborted.
& Placement:
SVN Delete
point
Gradient: Melting point
Outgoing Transfers
& Settings
Selection Mode
How to obtain & kwordquiz;
Event history
Particle type
calculate
Thumbnail viewer
Remote Addr:
& Resources
Cascade
Interruption
blue2
The Horizon
New & Tab
Show Next
Group 8:
Main developer
Chrominance filtering
Appearance:
maximum size
System Configuration Problems
Handheld - > PC
Activity Bar
Generator Layer Properties
{expected
Report for %1
At %1, you wrote:
Color chooser
Corner point
Move down
Folder type:
Azerbaijani Manat
Zeroconf enhancements
ImagePlugin_ShearTool
Collisions
City
Pressure development: %1
Update Ban
Receipt:
New Game
Follow cursor
& New Item
& Change
Printer driver file:
Artwork directory
Venezuelian bolivar
rectMeanParticleMassVariance
west Uzbekistan
Customizing
Docbook Image Wizard
Level stats
Blur Effects
Start Time:
Dialog to print
lengthVariance
Shortcut name: w
Place names
Update?
Swiss French (fr-ch)
Sky culture:
memory allocation failure
Use PFS:
Paste As
Flood Fill
Ukrainian (Ukraine)
Tuning
Suspend KTorrent
Exit Options
Server binaries:
User5
Contains
& Connection name:
Group & Properties
Data Area
Window-Specific
Acceptance delay:
DodgerBlue3
& Quote indicator:
New Model
Subtraction:
English (Zimbabwe)
Practice
Completion code
Nepomuk resource inspector
Processing document...
Block size:
underscore
Window Identification
& Bookmarks
Game speed:
Chord
OpenPGP Signing Certificate:
Parsing
Appendable:
Top Right
Tiled
Show name
Distinguished Name
Floaters
Remote network:
CCSGraph
*. rc_BAR_DTEP Description
Search Scripts
Max size: %1
3 Weeks
Checkout From Repository...
Project Edit Accounts...
Particle density
Hardware information
Irish
& Opacity:
cD galaxies:
passwords
Resource Cache Settings
Ambient light:
Add Record
Template Manager
& Publisher:
Computer Name
Hydrophobicity
Iceland
Quality Type
Color Matching
Printcap name:
PowderBlue
awesome
Diff Ext for Windows
OpenVPN profile file
Points
Stretch Contrast
Unmount command:
F9 Rename
Encoder priority
Loved Tracks
Player name
The Buttons
& New Album
Power management
Management
Forecast:
Code Viewer
Player5
Active Torrents
Code Verbosity
KickBan
Mountain Time - south Idaho & east Oregon
Seeders:
(6) Games
Falkland Islands
Closed Captioning Plugin
Service Toolbar
LibParted Exception: %1
Flemish Brabant
Congratulations
UADescription (Wget 1.11.4)
Favorite
Scope & Flags
CJK Compatibility Ideographs
& Billing information:
Model Properties
sound
Cisco - Truck
3D View
File size:
Particle Fountain (GL)
French (fr)
PEAP & Version:
Address book:
Simple_action
Tandem Configuration
Task Leader
Corrupted torrent.
Target File
& Quality:
How to obtain & ark;
DarkSlateGrey
New & Task...
aquamarine1
points
Queue Length
Initial Activity
Folder View Properties
Calendar Plugin Interface
Autoinclude
Filename extension:
First GID
Interrupts for 16-bit cards
Paper source:
Command Toolbar
Generation Progress
KJots Books
Bills
Delete Diagram?
& History size:
Layer Profile:
Rounding
File Preview
Side-band addressing
Documentation Window
Exiting
Charcoal Drawing
Calculating...
Rename Item...
Contact Manager
Eighths 1/ 8
& smime; encryption certificate
Datatrack Mode
Finished stylesheet
CDMA network devices
Saved
Search text:
Append
Halftone Images
Konqueror Integration
%1 (Encrypted)
Diff Output
Convert:
Server response color:
Advanced Dump
lieutenant
Template Properties
& Device
Music/ Audio
Near
Player Name
Did it work?
Center Of Curvature
Sphere Sweep
Background theme
client GLX vendor
False Color
Line segments
Description:
Listen port
File system browser
Bookmark Sync
Phong size:
Skip 1000 Forward
Frame Rate
& Audio languages
Interior view
Favorites
Game Show Standings
%1 (AI player)
Contents:
Agressive
Quiz
Smoothness
DATE(year; month; date)
Size Settings
verticalBox
1440 x 1440 DPI Emulated
< Unchanged >
Large
Player
Bouncing Cursor
Control polygon
Billing Periods
complete
Last Year
Search on Wikitravel
Processing
Size:
Photobook
Administrator Authentication
Glare of Sun:
Character...
Dual
Alternate (H)
Dimensions:
KDE Wallet Management Tool
Text property.
Interrupt Request (IRQ) Lines
KDE 4 Porting
DeepSkyBlue1
Proof
Delete Frame
Equation:
Outset
Arc file:
CA file
Transfers:
Scribo annotation plugin
Subject Change
Regular
Min password length:
Rename
Breakpoint
Yield
Your names
Right Arrow
KWordQuiz vocabulary
command-output
Stop color:
Image View
developer (HTML rendering engine, JavaScript)
deprecated
Shutdown script:
Turkey
Draw skin
Lightness:
Drop Down Box
Image Position
Search Preferences
Move right
Solve Problem
Gunshot
3D - filled
SpeedMine
Waiting...
Glsl Image
Installation Error
Using & knetattach;
Step Down
File System
F5 File Status
angularVelocityVariance
Audio CD inserted
Keyboard Mouse Battery
Volume Name
Crop Settings
Move Repository
ICC profile
uidNumber
Action...
Magenta, Yellow, Black
Recursive
CJK Strokes
SECOND(time)
arcade
Libya
FreeTTS speech synthesizer
of Sha`ban
Requests
Maximizing
& between
& New Entry...
Subscription Date:
Environment variables
Screen Captures
thistle1
Concentration Calculator
Uses of
& Completion mode:
X magnification
& Theme name:
Max height
Database Selector
Correction Mask
for example > 1999-10-10
& East
48 Points
System Theme
Position
Australia/ NSW
Version Message:
Motion Blur
Edit Referrer
KOffice Word Processor
Acidic Behaviour
Czechia
Distortion Effects...
Plasma group
Settings Beginner Speed
Deny
& Breakpoints
Java Code Generation
Brilliance:
Cycleway
Refresh:
Quick Select:
Matabeleland south
Source File:
New camera
picture
(c) 1999-2002 KDE Developers
Unknown error occurred.
Permissions Check
Execution time: %1 ms
Hardback
, but got '
KWeather Interfaces
buttonGroup
Parity
6th Last
Do Not Fetch
Cambodia
Hotpluggable
Networktransparency via KIO
Mount Point:
family
Shadow password file
Weak (fastest)
Cisco selection
Action list:
16 Cards
Searchers
Flat (faster)
Log Printing
Wetness
& User name:
Threshold
& Observation
Get Cover From & Internet...
Debugger Breakpoints
Network Clients Configuration
System Time
Network Configuration
Difficulty level.
Supporting KDE
WAV Info
Collection Setup
Configuring & kalarm;
Gamma Yellow
Certificate Information
Profile Information
Calendar events
Busy
player
Blockable items:
Cayman Islands Dollar
Non-digit
£(#163;) Pound sign
Transfer Settings
Window List
Not Filled
Maximum blink dwell time
Shortcut name: h
Select
Track name:
Message List
Fading duration:
Import Statistics
12 Months
purple
& Previous
¢(#162;) Cent sign
Admin Authentication
Sound
Account
Contributions
Command Reference
DVB Unknown
Period Definition
Tel No.
User Tag Radio: %1""",es,Spanish,qwen2.5-coder:7b,"("") Comillas
Control de Acceso
Alto
Algunos
Fila de Referencia
Configuración de la Cuadrícula
Imponer
Perfil de Potencia
Vista previa de la imagen:
Tamaño: %1
(C) 1997-2008, Desarrolladores de KDE
Categoría Animales
Artefacto & nombre:
Herramienta de Red
Autoridad de",14.024
2708,Colour mode,es,Spanish,qwen2.5-coder:7b,Modo de color,1.058
2709,Server Log,es,Spanish,qwen2.5-coder:7b,Registro del Servidor,1.009
2710,Tropic of Cancer,es,Spanish,qwen2.5-coder:7b,Trópico de Cáncer,1.478
2711,EXIF viewer,es,Spanish,qwen2.5-coder:7b,Visualizador EXIF,1.094
2712,SSL(3) encryption,es,Spanish,qwen2.5-coder:7b,Encriptación SSL(3),1.325
2713,Lens Correction,es,Spanish,qwen2.5-coder:7b,Corrección de Lente,1.078
2714,First row,es,Spanish,qwen2.5-coder:7b,Primera fila,0.977
2715,Selected,es,Spanish,qwen2.5-coder:7b,Seleccionado,0.613
2716,Stock%1,es,Spanish,qwen2.5-coder:7b,Stock%1,0.98
2717,& Collections,es,Spanish,qwen2.5-coder:7b,&Colecciones,0.726
2718,Video device:,es,Spanish,qwen2.5-coder:7b,Dispositivo de video:,1.144
2719,Join,es,Spanish,qwen2.5-coder:7b,Unirse,0.581
2720,Group filter:,es,Spanish,qwen2.5-coder:7b,Grupo de filtro:,0.915
2721,& Add Watch...,es,Spanish,qwen2.5-coder:7b,& Añadir Reloj...,1.121
2722,"Summit, peak",es,Spanish,qwen2.5-coder:7b,"Montaña, cumbre",1.325
2723,Text direction:,es,Spanish,qwen2.5-coder:7b,Dirigir texto:,1.013
2724,New,es,Spanish,qwen2.5-coder:7b,Nuevo,0.673
2725,Enrollment method,es,Spanish,qwen2.5-coder:7b,Metodo de inscripción,1.247
2726,prev,es,Spanish,qwen2.5-coder:7b,anterior,0.823
2727,Glow,es,Spanish,qwen2.5-coder:7b,Brillar,0.752
2728,Main Webpage,es,Spanish,qwen2.5-coder:7b,Web principal,0.841
2729,Enabled,es,Spanish,qwen2.5-coder:7b,Habilitado,0.679
2730,creating,es,Spanish,qwen2.5-coder:7b,creando,0.774
2731,"Taiwan, Province Of China",es,Spanish,qwen2.5-coder:7b,"Taiwán, Provincia de China",1.346
2732,IPSec selection,es,Spanish,qwen2.5-coder:7b,Selección de IPSec,0.966
2733,"The database ""%1"" does not exist.",es,Spanish,qwen2.5-coder:7b,"La base de datos ""%1"" no existe.",1.696
2734,Action Editor,es,Spanish,qwen2.5-coder:7b,Editor de Acciones,0.846
2735,HTTP Response:,es,Spanish,qwen2.5-coder:7b,Respuesta HTTP:,0.983
2736,Ring response:,es,Spanish,qwen2.5-coder:7b,Respuesta del timbre:,1.149
2737,three,es,Spanish,qwen2.5-coder:7b,tres,0.496
2738,German Mark,es,Spanish,qwen2.5-coder:7b,Marco alemán,1.108
2739,Selected Processor,es,Spanish,qwen2.5-coder:7b,Procesador Seleccionado,1.187
2740,& Groups:,es,Spanish,qwen2.5-coder:7b,& Grupos:,0.811
2741,Envelope Feed,es,Spanish,qwen2.5-coder:7b,Entrada de Envolventes,1.389
2742,Usability,es,Spanish,qwen2.5-coder:7b,Usabilidad,0.646
2743,& License:,es,Spanish,qwen2.5-coder:7b,& Licencia:,0.83
2744,busy,es,Spanish,qwen2.5-coder:7b,ocupado,0.625
2745,& Jens. Hoefkens. mail;,es,Spanish,qwen2.5-coder:7b,& Jens. Hoefkens. correo electrónico;,1.808
2746,& Alignment,es,Spanish,qwen2.5-coder:7b,& Alineación,0.797
2747,Shadow Color:,es,Spanish,qwen2.5-coder:7b,Color de Sombra:,1.168
2748,KCachegrind Configuration,es,Spanish,qwen2.5-coder:7b,Configuración de KCachegrind,1.557
2749,Latest,es,Spanish,qwen2.5-coder:7b,Último,0.924
2750,Saving to:,es,Spanish,qwen2.5-coder:7b,Guardando en:,0.822
2751,Separator:,es,Spanish,qwen2.5-coder:7b,Separador:,0.769
2752,Remove server,es,Spanish,qwen2.5-coder:7b,Eliminar servidor,0.83
2753,My Tags,es,Spanish,qwen2.5-coder:7b,Mis Etiquetas,0.81
2754,note,es,Spanish,qwen2.5-coder:7b,Nota,0.503
2755,Character Selector,es,Spanish,qwen2.5-coder:7b,Selector de Personajes,1.015
2756,Preparation Methods,es,Spanish,qwen2.5-coder:7b,Métodos de Preparación,1.226
2757,Sensitivity:,es,Spanish,qwen2.5-coder:7b,Sensibilidad:,0.802
2758,Event,es,Spanish,qwen2.5-coder:7b,Evento,0.499
2759,Quitting & kalarm;,es,Spanish,qwen2.5-coder:7b,Saliendo & kalarm;,1.218
2760,KDE file find utility,es,Spanish,qwen2.5-coder:7b,Utilidad de búsqueda de archivos KDE,1.404
2761,Dark Yellow,es,Spanish,qwen2.5-coder:7b,Amarillo Oscuro,0.926
2762,more than one monitor.,es,Spanish,qwen2.5-coder:7b,más de un monitor.,1.25
2763,Alignment,es,Spanish,qwen2.5-coder:7b,Alineación,0.732
2764,Game difficulty level.,es,Spanish,qwen2.5-coder:7b,Nivel de dificultad del juego.,1.383
2765,Tools,es,Spanish,qwen2.5-coder:7b,Herramientas,0.792
2766,2 - 2 Output Expanders,es,Spanish,qwen2.5-coder:7b,2 - 2 Expandidores de Salida,1.73
2767,A vs. B Overview,es,Spanish,qwen2.5-coder:7b,A vs. B Resumen,1.197
2768,Ctrl; N New,es,Spanish,qwen2.5-coder:7b,Ctrl; N Nuevo,1.092
2769,Using & plasma;,es,Spanish,qwen2.5-coder:7b,Usando & plasma;,1.044
2770,Kolor Management Settings,es,Spanish,qwen2.5-coder:7b,Configuración de Gestión de Colores,1.538
2771,Image Name,es,Spanish,qwen2.5-coder:7b,Nombre de la Imagen,0.938
2772,Address book,es,Spanish,qwen2.5-coder:7b,Libreta de direcciones,1.099
2773,Print Width:,es,Spanish,qwen2.5-coder:7b,Ancho de Impresión:,1.133
2774,& Language:,es,Spanish,qwen2.5-coder:7b,& Idioma:,0.894
2775,Responsible:,es,Spanish,qwen2.5-coder:7b,Responsable:,0.838
2776,Use rhosts,es,Spanish,qwen2.5-coder:7b,Usar rhosts,1.033
2777,Device:,es,Spanish,qwen2.5-coder:7b,Dispositivo:,0.87
2778,Ultimately,es,Spanish,qwen2.5-coder:7b,Finalmente,0.764
2779,Seasons:,es,Spanish,qwen2.5-coder:7b,Estaciones:,0.819
2780,Fleet No.,es,Spanish,qwen2.5-coder:7b,Número de flota,1.05
2781,Certify...,es,Spanish,qwen2.5-coder:7b,Certificar...,0.829
2782,Kaleidescope,es,Spanish,qwen2.5-coder:7b,Kaleidoscope,1.089
2783,Capture Date,es,Spanish,qwen2.5-coder:7b,Fecha de Captura,1.01
2784,char examples,es,Spanish,qwen2.5-coder:7b,ejemplos de caracteres,1.089
2785,Layer Size,es,Spanish,qwen2.5-coder:7b,Size de Capa,1.053
2786,disable XIM,es,Spanish,qwen2.5-coder:7b,desactivar XIM,1.158
2787,of Adar II,es,Spanish,qwen2.5-coder:7b,de Adar II,0.895
2788,& AMS Math Environments,es,Spanish,qwen2.5-coder:7b,& Entornos de Matemáticas AMS,1.475
2789,Scripting in & kile;,es,Spanish,qwen2.5-coder:7b,Scripting in & kile;,1.44
2790,Unknown object %1,es,Spanish,qwen2.5-coder:7b,Objeto desconocido %1,1.378
2791,Friends,es,Spanish,qwen2.5-coder:7b,Amigos,0.593
2792,Album & name:,es,Spanish,qwen2.5-coder:7b,Álbum & nombre:,1.102
2793,Deutsche mark (DEM),es,Spanish,qwen2.5-coder:7b,Deutsche Mark (DEM),1.245
2794,Property 1,es,Spanish,qwen2.5-coder:7b,Propiedad 1,0.899
2795,Players,es,Spanish,qwen2.5-coder:7b,Jugadores,0.705
2796,thistle4,es,Spanish,qwen2.5-coder:7b,espinosa4,1.075
2797,Scripts Tree,es,Spanish,qwen2.5-coder:7b,Árbol de Scripts,0.958
2798,Add Feed,es,Spanish,qwen2.5-coder:7b,Añadir Fuente,1.033
2799,Domain master,es,Spanish,qwen2.5-coder:7b,Maestro de dominio,1.181
2800,How to obtain & klinkstatus;,es,Spanish,qwen2.5-coder:7b,¿Cómo obtener & klinkstatus;,1.53
2801,Frame rate,es,Spanish,qwen2.5-coder:7b,FPS,0.74
2802,CRL missing,es,Spanish,qwen2.5-coder:7b,Firma digital no encontrada,1.159
2803,& Size,es,Spanish,qwen2.5-coder:7b,& Tamaño,0.728
2804,Student ID Card,es,Spanish,qwen2.5-coder:7b,Tarjeta de Identidad Estudiantil,1.329
2805,Delay:,es,Spanish,qwen2.5-coder:7b,Retraso:,0.904
2806,Location Bar,es,Spanish,qwen2.5-coder:7b,Barra de Ubicación,1.195
2807,7th Last,es,Spanish,qwen2.5-coder:7b,7º Último,1.315
2808,MD5 shadow passwords,es,Spanish,qwen2.5-coder:7b,Contraseñas de sombra MD5,1.557
2809,DeepSkyBlue2,es,Spanish,qwen2.5-coder:7b,AzulOscuro2,1.157
2810,House,es,Spanish,qwen2.5-coder:7b,Casa,0.612
2811,Kompare icon artist,es,Spanish,qwen2.5-coder:7b,Artista de iconos Kompare,1.398
2812,Profile Error,es,Spanish,qwen2.5-coder:7b,Error de Perfil,0.83
2813,Movement:,es,Spanish,qwen2.5-coder:7b,Movimiento:,0.786
2814,Perspective Grid Tool,es,Spanish,qwen2.5-coder:7b,Herramienta de Cuadrícula de Perspectiva,1.867
2815,Amount:,es,Spanish,qwen2.5-coder:7b,Importe:,0.784
2816,Copying,es,Spanish,qwen2.5-coder:7b,Copiando,0.787
2817,Game is Running,es,Spanish,qwen2.5-coder:7b,Juego está en ejecución,1.059
2818,Font Configuration,es,Spanish,qwen2.5-coder:7b,Configuración de Fuente,1.07
2819,current & Layer,es,Spanish,qwen2.5-coder:7b,Capa actual & Capa,1.237
2820,East Timor,es,Spanish,qwen2.5-coder:7b,Timor Oriental,0.78
2821,& English,es,Spanish,qwen2.5-coder:7b,& Inglés,0.826
2822,Rename Item (%1),es,Spanish,qwen2.5-coder:7b,Renombrar Elemento (%1),1.54
2823,FDDI network controller,es,Spanish,qwen2.5-coder:7b,Controlador de red FDDI,1.291
2824,& Last,es,Spanish,qwen2.5-coder:7b,& Último,1.05
2825,Connection side image,es,Spanish,qwen2.5-coder:7b,Imagen del lado de la conexión,1.313
2826,Option:,es,Spanish,qwen2.5-coder:7b,Opción:,0.694
2827,Lives:,es,Spanish,qwen2.5-coder:7b,Vidas:,0.721
2828,Painting assistants,es,Spanish,qwen2.5-coder:7b,Asistentes de pintura,1.046
2829,Yearly,es,Spanish,qwen2.5-coder:7b,Anual,0.649
2830,& Download Checked,es,Spanish,qwen2.5-coder:7b,& Descargar Seleccionados,1.174
2831,& File location:,es,Spanish,qwen2.5-coder:7b,& Ubicación del archivo:,1.14
2832,Performing,es,Spanish,qwen2.5-coder:7b,Realizando,0.95
2833,Color tool:,es,Spanish,qwen2.5-coder:7b, Herramienta de color:,1.153
2834,Exercises,es,Spanish,qwen2.5-coder:7b,Ejercicios,0.811
2835,Panel Alignment,es,Spanish,qwen2.5-coder:7b,Alineación del Panel,0.913
2836,Unknown directive,es,Spanish,qwen2.5-coder:7b,Directiva desconocida,1.115
2837,Alphabetically,es,Spanish,qwen2.5-coder:7b,Alfabéticamente,1.058
2838,Edit Printer,es,Spanish,qwen2.5-coder:7b,Editar Impresora,1.01
2839,Max file size:,es,Spanish,qwen2.5-coder:7b,Tamaño máximo de archivo:,1.037
2840,Preserve Carriage Return:,es,Spanish,qwen2.5-coder:7b,Preserve Retorno de Carro:,1.389
2841,1 running,es,Spanish,qwen2.5-coder:7b,1 ejecutando,1.003
2842,Action name:,es,Spanish,qwen2.5-coder:7b,Nombre de la acción:,0.952
2843,Project name:,es,Spanish,qwen2.5-coder:7b,Nombre del proyecto:,0.85
2844,Sound Policy Server,es,Spanish,qwen2.5-coder:7b,Servidor de Política de Sonido,1.211
2845,Server URL:,es,Spanish,qwen2.5-coder:7b,URL del Servidor:,1.077
2846,Trusted:,es,Spanish,qwen2.5-coder:7b,Confiable:,0.835
2847,Go Go Forward,es,Spanish,qwen2.5-coder:7b,Adelante Adelante,1.225
2848,User canceled the installation,es,Spanish,qwen2.5-coder:7b,El usuario canceló la instalación,1.428
2849,Fingerprint Verification,es,Spanish,qwen2.5-coder:7b,Verificación de Huella Dactilar,1.34
2850,letter is expected,es,Spanish,qwen2.5-coder:7b,se espera una letra,1.081
2851,Verifying:,es,Spanish,qwen2.5-coder:7b,Verificando:,0.961
2852,Point size,es,Spanish,qwen2.5-coder:7b,Tamaño del punto,0.847
2853,& Reply-to address:,es,Spanish,qwen2.5-coder:7b,& Dirección de respuesta:,1.097
2854,Bezier Painting Tool,es,Spanish,qwen2.5-coder:7b,Herramienta de Pintura Bezier,1.565
2855,& Search by Product...,es,Spanish,qwen2.5-coder:7b,& Buscar por Producto...,1.132
2856,Please enter name:,es,Spanish,qwen2.5-coder:7b,"Por favor, ingrese su nombre:",1.285
2857,Certifications,es,Spanish,qwen2.5-coder:7b,Certificaciones,0.635
2858,Data Sources,es,Spanish,qwen2.5-coder:7b,Orígenes de Datos,1.107
2859,Percentage Format,es,Spanish,qwen2.5-coder:7b,Formato de Porcentaje,0.917
2860,Software Updates,es,Spanish,qwen2.5-coder:7b,Actualizaciones de Software,0.931
2861,Exclude,es,Spanish,qwen2.5-coder:7b,Excluir,0.63
2862,Tag List,es,Spanish,qwen2.5-coder:7b,Lista de Etiquetas,1.116
2863,File Naming,es,Spanish,qwen2.5-coder:7b,Nombre de archivo,0.914
2864,Skip 100 Forward,es,Spanish,qwen2.5-coder:7b,Saltar 100 hacia adelante,1.647
2865,Project description,es,Spanish,qwen2.5-coder:7b,Descripción del proyecto,1.009
2866,Saturday,es,Spanish,qwen2.5-coder:7b,Sábado,0.613
2867,Recycle Bin,es,Spanish,qwen2.5-coder:7b,Reciclaje,0.965
2868,Square Bullet,es,Spanish,qwen2.5-coder:7b,Bullet Cuadrado,1.014
2869,Text Functions,es,Spanish,qwen2.5-coder:7b,Funciones de Texto,0.982
2870,Comic Book Collection,es,Spanish,qwen2.5-coder:7b,Recopilación de cómics,1.478
2871,Frame Width,es,Spanish,qwen2.5-coder:7b,Ancho del marco,0.955
2872,Cuneiform,es,Spanish,qwen2.5-coder:7b,Cuneiform,0.741
2873,tiles,es,Spanish,qwen2.5-coder:7b,mosaicos,0.865
2874,... newsgroups?,es,Spanish,qwen2.5-coder:7b,... foros de noticias?,1.085
2875,Could not get socket nonce: %1,es,Spanish,qwen2.5-coder:7b,No se pudo obtener el nonce del socket: %1,1.928
2876,vold is not running.,es,Spanish,qwen2.5-coder:7b,vold no está ejecutándose.,1.448
2877,Withdraw freqency,es,Spanish,qwen2.5-coder:7b,Frecuencia de retiro,1.081
2878,Cups Access Log Files,es,Spanish,qwen2.5-coder:7b,Archivos de registro de acceso de Cups,1.53
2879,Single color,es,Spanish,qwen2.5-coder:7b,Color único,0.648
2880,Environment,es,Spanish,qwen2.5-coder:7b,Entorno,0.625
2881,Close view,es,Spanish,qwen2.5-coder:7b,Cerrar vista,0.864
2882,Top Left Diagonal,es,Spanish,qwen2.5-coder:7b,Diagonal Superior Izquierda,1.007
2883,& Remove Server,es,Spanish,qwen2.5-coder:7b,& Eliminar Servidor,1.038
2884,View back,es,Spanish,qwen2.5-coder:7b,Ver atrás,0.845
2885,& Property Editor,es,Spanish,qwen2.5-coder:7b,& Editor de Propiedades,1.09
2886,Print Finish,es,Spanish,qwen2.5-coder:7b,Terminación de Impresión,1.338
2887,equal to,es,Spanish,qwen2.5-coder:7b,igual a,0.723
2888,& Admin access,es,Spanish,qwen2.5-coder:7b,& Acceso administrativo,1.101
2889,DAAP Collection,es,Spanish,qwen2.5-coder:7b,Recolección DAAP,1.174
2890,& Unlimited,es,Spanish,qwen2.5-coder:7b,& Ilimitado,0.807
2891,Plasma Package Manager,es,Spanish,qwen2.5-coder:7b,Administrador de Paquetes Plasma,1.454
2892,At Most,es,Spanish,qwen2.5-coder:7b,Al Mismo Tiempo,1.112
2893,uninterrupted,es,Spanish,qwen2.5-coder:7b,sin interrupción,1.084
2894,Profile Configuration,es,Spanish,qwen2.5-coder:7b,Configuración de Perfil,1.01
2895,Compact,es,Spanish,qwen2.5-coder:7b,Compacto,0.582
2896,Service/ File:,es,Spanish,qwen2.5-coder:7b,Servicio/ Archivo:,1.141
2897,Scrollback Options,es,Spanish,qwen2.5-coder:7b,Opciones de desplazamiento,1.16
2898,IP filter file:,es,Spanish,qwen2.5-coder:7b,Archivo de filtro IP:,1.094
2899,Swiss German (de-ch),es,Spanish,qwen2.5-coder:7b,Alemán suizo (de-ch),1.551
2900,Stamp Symbol,es,Spanish,qwen2.5-coder:7b,Símbolo de Firma,1.168
2901,Encryption,es,Spanish,qwen2.5-coder:7b,Encriptación,0.941
2902,Start record:,es,Spanish,qwen2.5-coder:7b,Comenzar grabación:,1.155
2903,Correlation:,es,Spanish,qwen2.5-coder:7b,Correlación:,0.946
2904,List View,es,Spanish,qwen2.5-coder:7b,Vista de Lista,1.019
2905,& smime; Validation,es,Spanish,qwen2.5-coder:7b,& smime; Validación,1.292
2906,Sample rate:,es,Spanish,qwen2.5-coder:7b,Velocidad de muestreo:,1.381
2907,Creation error,es,Spanish,qwen2.5-coder:7b,Error de creación,1.079
2908,DivineProportion tool,es,Spanish,qwen2.5-coder:7b,ProporciónDivina herramienta,1.463
2909,(unnamed),es,Spanish,qwen2.5-coder:7b,(sin nombre),0.903
2910,Function 10:,es,Spanish,qwen2.5-coder:7b,Función 10:,1.125
2911,High Gloss,es,Spanish,qwen2.5-coder:7b,Alta Brillo,0.991
2912,Edit Server,es,Spanish,qwen2.5-coder:7b,Editar Servidor,0.905
2913,Flat,es,Spanish,qwen2.5-coder:7b,Plano,0.804
2914,Input Color Profile:,es,Spanish,qwen2.5-coder:7b,Perfil de Color de Entrada:,1.268
2915,Pink,es,Spanish,qwen2.5-coder:7b,Rosado,0.598
2916,Capacity:,es,Spanish,qwen2.5-coder:7b,Capacidad:,0.817
2917,Head image,es,Spanish,qwen2.5-coder:7b,Imagen principal,0.638
2918,n of n,es,Spanish,qwen2.5-coder:7b,n de n,0.946
2919,Flake shapes %1,es,Spanish,qwen2.5-coder:7b,Formas de grana %1,1.419
2920,Erroneous,es,Spanish,qwen2.5-coder:7b,Error,0.794
2921,Hofsjökull Glacier,es,Spanish,qwen2.5-coder:7b,Glaciar Hofsjökull,1.281
2922,Security Information,es,Spanish,qwen2.5-coder:7b,Información de Seguridad,1.165
2923,Revision:,es,Spanish,qwen2.5-coder:7b,Revisión:,0.701
2924,Wire frame:,es,Spanish,qwen2.5-coder:7b,Esquema:,0.922
2925,Action program,es,Spanish,qwen2.5-coder:7b,Programa de acción,1.012
2926,X innie,es,Spanish,qwen2.5-coder:7b,X innie,0.808
2927,& Lens Correction...,es,Spanish,qwen2.5-coder:7b,& Corrección de Lente...,1.297
2928,Build Index,es,Spanish,qwen2.5-coder:7b,Construir Índice,1.414
2929,Profession,es,Spanish,qwen2.5-coder:7b,Profesión,0.78
2930,Australia/ ACT,es,Spanish,qwen2.5-coder:7b,Australia/ ACT,0.971
2931,& Reply-To address:,es,Spanish,qwen2.5-coder:7b,& Dirección de respuesta:,1.106
2932,Backgound color:,es,Spanish,qwen2.5-coder:7b,Color de fondo:,1.065
2933,never,es,Spanish,qwen2.5-coder:7b,nunca,0.897
2934,(La)TeX development environment,es,Spanish,qwen2.5-coder:7b,Entorno de desarrollo (La)TeX,1.336
2935,Glossary:,es,Spanish,qwen2.5-coder:7b,Glosario:,0.884
2936,New type: pptp,es,Spanish,qwen2.5-coder:7b,Nuevo tipo: pptp,1.253
2937,client GLX version,es,Spanish,qwen2.5-coder:7b,versión GLX del cliente,1.266
2938,Anchor Points,es,Spanish,qwen2.5-coder:7b,Puntos de Anclaje,1.0
2939,expenses,es,Spanish,qwen2.5-coder:7b,gastos,0.598
2940,New name,es,Spanish,qwen2.5-coder:7b,Nombre nuevo,0.626
2941,Multiple Monitors,es,Spanish,qwen2.5-coder:7b,Monitores Múltiples,1.165
2942,Grid Spacing,es,Spanish,qwen2.5-coder:7b,Espaciado de cuadrícula,1.249
2943,Input Area,es,Spanish,qwen2.5-coder:7b,Área de Entrada,1.162
2944,atmospheres,es,Spanish,qwen2.5-coder:7b,atmósferas,1.188
2945,conditional-head2,es,Spanish,qwen2.5-coder:7b,condicional-título2,1.204
2946,Data Write Access,es,Spanish,qwen2.5-coder:7b,Acceso de Escritura de Datos,1.489
2947,Y offset:,es,Spanish,qwen2.5-coder:7b,Y desplazamiento:,1.205
2948,Green:,es,Spanish,qwen2.5-coder:7b,Verde:,0.702
2949,Smartcards,es,Spanish,qwen2.5-coder:7b,Tarjetas inteligentes,0.92
2950,Breakpoints,es,Spanish,qwen2.5-coder:7b,Puntos de interrupción,0.991
2951,Twirl,es,Spanish,qwen2.5-coder:7b,Girar,0.733
2952,The question,es,Spanish,qwen2.5-coder:7b,La pregunta,0.86
2953,Album Cover Manager,es,Spanish,qwen2.5-coder:7b,Administrador de Portadas de Álbumes,1.649
2954,Total,es,Spanish,qwen2.5-coder:7b,Total,0.476
2955,(No function selected),es,Spanish,qwen2.5-coder:7b,(Ninguna función seleccionada),1.241
2956,Key Direction:,es,Spanish,qwen2.5-coder:7b,Dirección de la Clave:,1.298
2957,KDE Repository Accounts,es,Spanish,qwen2.5-coder:7b,Accounts de Repositorio KDE,1.234
2958,DCC Receive Question,es,Spanish,qwen2.5-coder:7b,DCC Recibir Pregunta,1.211
2959,Custom Type 4,es,Spanish,qwen2.5-coder:7b,Tipo Personalizado 4,1.05
2960,KOrganizer event duration,es,Spanish,qwen2.5-coder:7b,Duración del evento de KOrganizer,1.538
2961,Log Viewer,es,Spanish,qwen2.5-coder:7b,Visualizador de Logs,1.007
2962,Auto Correction,es,Spanish,qwen2.5-coder:7b,Corrección Automática,0.904
2963,Paint ladders,es,Spanish,qwen2.5-coder:7b,Escaleras de pintura,1.018
2964,massVariance,es,Spanish,qwen2.5-coder:7b,varianzaMasa,1.12
2965,"Fatal error: Unable to load the pictures, aborting.",es,Spanish,qwen2.5-coder:7b,"Error fatal: No se pueden cargar las imágenes, abortando.",2.187
2966,& Paper size:,es,Spanish,qwen2.5-coder:7b,&Tamaño de papel:,0.974
2967,Min. Call Cost,es,Spanish,qwen2.5-coder:7b,Costo Mínimo de Llamada,1.619
2968,X speed,es,Spanish,qwen2.5-coder:7b,Velocidad X,1.026
2969,Score,es,Spanish,qwen2.5-coder:7b,Puntuación,0.677
2970,pink (bold),es,Spanish,qwen2.5-coder:7b,rosa (negrita),1.047
2971,CCITT Modified Huffman RLE,es,Spanish,qwen2.5-coder:7b,CCITT Modificado Huffman RLE,1.422
2972,Australia/ Adelaide,es,Spanish,qwen2.5-coder:7b,Australia/ Adelaida,1.161
2973,Comic,es,Spanish,qwen2.5-coder:7b,Comic,0.692
2974,Removing,es,Spanish,qwen2.5-coder:7b,Eliminando,0.856
2975,Fade Curve,es,Spanish,qwen2.5-coder:7b,Curva de Desvanecimiento,1.067
2976,Gravitation,es,Spanish,qwen2.5-coder:7b,Gravedad,0.739
2977,Bit Rate,es,Spanish,qwen2.5-coder:7b,Tasa de bits,0.794
2978,Rename Filter,es,Spanish,qwen2.5-coder:7b,Renombrar Filtro,1.224
2979,Again,es,Spanish,qwen2.5-coder:7b,De nuevo,0.765
2980,dark yellow,es,Spanish,qwen2.5-coder:7b,amarillo oscuro,0.847
2981,& Application:,es,Spanish,qwen2.5-coder:7b,& Aplicación:,0.907
2982,Group tracks,es,Spanish,qwen2.5-coder:7b,Agrupa pistas,1.031
2983,& New Entry,es,Spanish,qwen2.5-coder:7b,& Nuevo Entrada,0.833
2984,GDB integration,es,Spanish,qwen2.5-coder:7b,Integración de GDB,1.067
2985,Background Color,es,Spanish,qwen2.5-coder:7b,Color de fondo,0.755
2986,Profile name: %1,es,Spanish,qwen2.5-coder:7b,Nombre del perfil: %1,1.136
2987,& Pointing,es,Spanish,qwen2.5-coder:7b,& Puntero,0.95
2988,Abbreviation,es,Spanish,qwen2.5-coder:7b,Acrónimo,0.987
2989,Key shape,es,Spanish,qwen2.5-coder:7b,Forma principal,0.7
2990,Costa Rican Colon,es,Spanish,qwen2.5-coder:7b,Colón costarricense,0.963
2991,Tightness:,es,Spanish,qwen2.5-coder:7b,Tightness:,0.877
2992,Page Preview,es,Spanish,qwen2.5-coder:7b,Vista Previa de la Página,1.37
2993,Advance,es,Spanish,qwen2.5-coder:7b,Avanzar,0.699
2994,The & kate; team:,es,Spanish,qwen2.5-coder:7b,El equipo de & kate;:,1.439
2995,Printer %1 does not exist.,es,Spanish,qwen2.5-coder:7b,La impresora %1 no existe.,1.493
2996,Accessories,es,Spanish,qwen2.5-coder:7b,Accesorios,0.741
2997,Media Player Menu,es,Spanish,qwen2.5-coder:7b,Menú del Reproductor Multimedia,1.45
2998,Natural,es,Spanish,qwen2.5-coder:7b,Natural,0.515
2999,Selection Background,es,Spanish,qwen2.5-coder:7b,Color de fondo de selección,1.222
3000,Needs Patch,es,Spanish,qwen2.5-coder:7b,Requiere parche,1.09
3001,& Continuous,es,Spanish,qwen2.5-coder:7b,& Continuo,0.803
3002,Iridiscence wave length:,es,Spanish,qwen2.5-coder:7b,Longitud de onda iridiscente:,1.645
3003,States,es,Spanish,qwen2.5-coder:7b,Estados,0.602
3004,Delete Record,es,Spanish,qwen2.5-coder:7b,Eliminar Registro,0.856
3005,Delimiter Line,es,Spanish,qwen2.5-coder:7b,Linea delimitadora,1.121
3006,Decline,es,Spanish,qwen2.5-coder:7b,Rechazar,0.713
3007,Camera Configuration,es,Spanish,qwen2.5-coder:7b,Configuración de la Cámara,1.09
3008,Vertex-vertex behavior,es,Spanish,qwen2.5-coder:7b,Comportamiento vértice-vértice,1.647
3009,Kenyan Shilling,es,Spanish,qwen2.5-coder:7b,Chelín Keniano,1.024
3010,The Moon,es,Spanish,qwen2.5-coder:7b,La Luna,0.625
3011,"\t""XML data """,es,Spanish,qwen2.5-coder:7b,"\t""Datos XML ",1.097
3012,S peed,es,Spanish,qwen2.5-coder:7b,Velocidad,0.976
3013,LILO Configuration,es,Spanish,qwen2.5-coder:7b,Configuración de LILO,1.013
3014,Vtun profile name,es,Spanish,qwen2.5-coder:7b,Nombre del perfil de Vtun,1.206
3015,Rear,es,Spanish,qwen2.5-coder:7b,Trasero,0.931
3016,kmines; Preferences,es,Spanish,qwen2.5-coder:7b,kmines; Preferencias,1.266
3017,Authentication,es,Spanish,qwen2.5-coder:7b,Autenticación,0.727
3018,Close Script,es,Spanish,qwen2.5-coder:7b,Cerrar Script,0.836
3019,Continue?,es,Spanish,qwen2.5-coder:7b,¿Continuar?,0.911
3020,SDL - Function,es,Spanish,qwen2.5-coder:7b,SDL - Función,0.903
3021,& GUI; description,es,Spanish,qwen2.5-coder:7b,& GUI; descripción,1.078
3022,& Bullets,es,Spanish,qwen2.5-coder:7b,& Balones,0.711
3023,entity relationship diagram,es,Spanish,qwen2.5-coder:7b,diagrama de relación de entidades,1.449
3024,Security Warning,es,Spanish,qwen2.5-coder:7b,Aviso de Seguridad,0.917
3025,Line/ Curve,es,Spanish,qwen2.5-coder:7b,Linea/ Curva,1.21
3026,Solid Device,es,Spanish,qwen2.5-coder:7b,Dispositivo sólido,1.041
3027,& Section:,es,Spanish,qwen2.5-coder:7b,& Sección:,0.876
3028,decreaseShortcut,es,Spanish,qwen2.5-coder:7b,disminuirAtajo,1.226
3029,Script action,es,Spanish,qwen2.5-coder:7b,Acción de script,1.065
3030,Underline (wml),es,Spanish,qwen2.5-coder:7b,Subrayar (wml),1.312
3031,Probed,es,Spanish,qwen2.5-coder:7b,Probado,0.833
3032,Random (modified),es,Spanish,qwen2.5-coder:7b,Aleatorio (modificado),1.127
3033,User Commands,es,Spanish,qwen2.5-coder:7b,Comandos de Usuario,1.099
3034,Look Sea Theme,es,Spanish,qwen2.5-coder:7b,Ver Tema Mar,1.027
3035,UI Design,es,Spanish,qwen2.5-coder:7b,Diseño de Interfaz,1.161
3036,Group:,es,Spanish,qwen2.5-coder:7b,Grupo:,0.72
3037,Read,es,Spanish,qwen2.5-coder:7b,Leer,0.615
3038,Initial Conditions,es,Spanish,qwen2.5-coder:7b,Condiciones Iniciales,1.017
3039,Performance indexes,es,Spanish,qwen2.5-coder:7b,Índices de rendimiento,1.0
3040,Run with realtime & scheduling,es,Spanish,qwen2.5-coder:7b,Ejecutar con tiempo real y programación,1.576
3041,Relative,es,Spanish,qwen2.5-coder:7b,Relativo,0.794
3042,Scatter Chart,es,Spanish,qwen2.5-coder:7b,Gráfico de dispersión,0.929
3043,of Rabi ` al-Thaani,es,Spanish,qwen2.5-coder:7b,de Rabi ` al-Thaani,1.386
3044,Lines,es,Spanish,qwen2.5-coder:7b,Líneas,0.737
3045,Disable IPX protocol:,es,Spanish,qwen2.5-coder:7b,Desactivar protocolo IPX:,1.409
3046,5th Last,es,Spanish,qwen2.5-coder:7b,5º Último,1.275
3047,Port Number,es,Spanish,qwen2.5-coder:7b,Número de puerto,0.755
3048,Positioning Indices,es,Spanish,qwen2.5-coder:7b,Índices de Posicionamiento,1.41
3049,Write Capabilities:,es,Spanish,qwen2.5-coder:7b,Capacidades de Escritura:,1.403
3050,By class,es,Spanish,qwen2.5-coder:7b,Por clase,0.862
3051,Help Documents,es,Spanish,qwen2.5-coder:7b,Documentos de Ayuda,1.005
3052,Create site,es,Spanish,qwen2.5-coder:7b,Crear sitio,0.839
3053,is between #V1# and #V2#,es,Spanish,qwen2.5-coder:7b,está entre #V1# y #V2#,1.988
3054,SeaGreen4,es,Spanish,qwen2.5-coder:7b,SeaGreen4,0.776
3055,Italic (wml),es,Spanish,qwen2.5-coder:7b,Cursiva (wml),1.214
3056,& HMAC Authentication:,es,Spanish,qwen2.5-coder:7b,& Autenticación HMAC:,1.096
3057,Quick search...,es,Spanish,qwen2.5-coder:7b,Búsqueda rápida...,0.895
3058,Podcast Configuration,es,Spanish,qwen2.5-coder:7b,Configuración de Podcast,0.995
3059,"Break point related: break, showbreak, delete, enable",es,Spanish,qwen2.5-coder:7b,"Punto de interrupción relacionado: interrumpir, mostrar interrupción, eliminar, habilitar",3.319
3060,Preconfiguration file,es,Spanish,qwen2.5-coder:7b,Archivo de configuración previa,1.29
3061,Layer view,es,Spanish,qwen2.5-coder:7b,Vista de capa,1.098
3062,Cover File,es,Spanish,qwen2.5-coder:7b,Archivo de cubierta,0.889
3063,"Amundsen-Scott Station, South Pole",es,Spanish,qwen2.5-coder:7b,"Estación Amundsen-Scott, Polo Sur",1.743
3064,Quilt controls:,es,Spanish,qwen2.5-coder:7b,Controles de la alfombrilla:,1.446
3065,Snippet Repository:,es,Spanish,qwen2.5-coder:7b,Repositorio de Fragmentos:,1.188
3066,Sequence Number (start),es,Spanish,qwen2.5-coder:7b,Número de Secuencia (inicio),1.255
3067,Group Password,es,Spanish,qwen2.5-coder:7b,Contraseña del Grupo,0.814
3068,Shutdown Toolbar,es,Spanish,qwen2.5-coder:7b,Barra de Apagón,1.26
3069,Degrees of freedom,es,Spanish,qwen2.5-coder:7b,Grados de libertad,0.985
3070,Archiving,es,Spanish,qwen2.5-coder:7b,Archivando,0.976
3071,landscape,es,Spanish,qwen2.5-coder:7b,paisaje,0.637
3072,GravitationForceErrors,es,Spanish,qwen2.5-coder:7b,ErroresDeFuerzaGravitacional,1.597
3073,Mass Conversions,es,Spanish,qwen2.5-coder:7b,Conversiones masivas,0.84
3074,Choose Brush to Add,es,Spanish,qwen2.5-coder:7b,Elige Pincel para Añadir,1.651
3075,SkyBlue1,es,Spanish,qwen2.5-coder:7b,Aqua,0.661
3076,New program %1,es,Spanish,qwen2.5-coder:7b,Nuevo programa %1,1.13
3077,& Library,es,Spanish,qwen2.5-coder:7b,& Biblioteca,0.713
3078,& Documentation path:,es,Spanish,qwen2.5-coder:7b,& Ruta de la documentación:,1.192
3079,Session name:,es,Spanish,qwen2.5-coder:7b,Nombre de la sesión:,1.086
3080,Predefined Timers,es,Spanish,qwen2.5-coder:7b,Tiempo Predefinido,1.298
3081,Writing speed: %1 KB/ s (%2x),es,Spanish,qwen2.5-coder:7b,Velocidad de escritura: %1 KB/s (%2x),2.209
3082,Music path:,es,Spanish,qwen2.5-coder:7b,Ruta de música:,1.02
3083,Windows Shares,es,Spanish,qwen2.5-coder:7b,Compartimentos de Windows,0.959
3084,Map & theme:,es,Spanish,qwen2.5-coder:7b,Mapa & tema:,1.075
3085,Supporting & kde;,es,Spanish,qwen2.5-coder:7b,Apoyando & kde;,1.338
3086,Away & message:,es,Spanish,qwen2.5-coder:7b,Away & mensaje:,1.004
3087,Page border:,es,Spanish,qwen2.5-coder:7b,Margen de la página:,1.164
3088,& Volume:,es,Spanish,qwen2.5-coder:7b,& Volumen:,0.929
3089,LaTeX environments:,es,Spanish,qwen2.5-coder:7b,Entornos LaTeX:,1.117
3090,Dimensions: %1x%2,es,Spanish,qwen2.5-coder:7b,Dimensiones: %1x%2,1.598
3091,Spanish (Puerto Rico),es,Spanish,qwen2.5-coder:7b,Español (Puerto Rico),1.387
3092,Remove filter,es,Spanish,qwen2.5-coder:7b,Quitar filtro,0.968
3093,LDAP User container,es,Spanish,qwen2.5-coder:7b,Contenedor de usuario LDAP,1.167
3094,Cancer,es,Spanish,qwen2.5-coder:7b,Cáncer,0.857
3095,Text editing tool,es,Spanish,qwen2.5-coder:7b,Herramienta de edición de texto,1.391
3096,PIM Presence,es,Spanish,qwen2.5-coder:7b,Presencia PIM,1.078
3097,Statistics:,es,Spanish,qwen2.5-coder:7b,Estadísticas:,0.769
3098,ends with,es,Spanish,qwen2.5-coder:7b,termina con,0.709
3099,Example output:,es,Spanish,qwen2.5-coder:7b,Salida de ejemplo:,1.008
3100,Frame duration:,es,Spanish,qwen2.5-coder:7b,Duración del marco:,1.11
3101,South African rand,es,Spanish,qwen2.5-coder:7b,rand sudafricano,1.094
3102,previous,es,Spanish,qwen2.5-coder:7b,anterior,0.825
3103,Swedish (Finland),es,Spanish,qwen2.5-coder:7b,Sueco (Finlandia),1.337
3104,Selection: -,es,Spanish,qwen2.5-coder:7b,Selección: -,0.867
3105,Comic Package Structure,es,Spanish,qwen2.5-coder:7b,Estructura del Paquete de Comic,1.251
3106,& Chapters,es,Spanish,qwen2.5-coder:7b,& Capítulos,0.801
3107,Output file name,es,Spanish,qwen2.5-coder:7b,Nombre del archivo de salida,0.984
3108,Answer response:,es,Spanish,qwen2.5-coder:7b,Respuesta:,0.795
3109,Message Preview Pane,es,Spanish,qwen2.5-coder:7b,Vista previa del mensaje,1.245
3110,Summary View,es,Spanish,qwen2.5-coder:7b,Vista Resumen,1.019
3111,Pointer acceleration:,es,Spanish,qwen2.5-coder:7b,Aceleración del puntero:,1.245
3112,Protected,es,Spanish,qwen2.5-coder:7b,Protegido,0.8
3113,%1 armies to place,es,Spanish,qwen2.5-coder:7b,%1 ejércitos para colocar,1.442
3114,Draw cell,es,Spanish,qwen2.5-coder:7b,Marcar celda,1.034
3115,Open a KMyMoney document,es,Spanish,qwen2.5-coder:7b,Abre un documento de KMyMoney,1.609
3116,Brightness correction:,es,Spanish,qwen2.5-coder:7b,Corrección de brillo:,1.202
3117,& XSL; source files,es,Spanish,qwen2.5-coder:7b,& Archivos de origen XSL;,1.328
3118,Contact Information,es,Spanish,qwen2.5-coder:7b,Información de Contacto,0.996
3119,Bluish,es,Spanish,qwen2.5-coder:7b,Azulado,0.625
3120,Occurrence,es,Spanish,qwen2.5-coder:7b,Ocurrencia,0.819
3121,Password Hint:,es,Spanish,qwen2.5-coder:7b,Consejo de contraseña:,1.035
3122,Exercise:,es,Spanish,qwen2.5-coder:7b,Ejercicio:,0.808
3123,Ctrl; Shift; F9 View VPL; Editor,es,Spanish,qwen2.5-coder:7b,Ctrl; Shift; F9 Ver VPL; Editor,1.995
3124,ColorFX,es,Spanish,qwen2.5-coder:7b,ColorFX,0.634
3125,Aerial view,es,Spanish,qwen2.5-coder:7b,Vista aérea,0.927
3126,Enable filters,es,Spanish,qwen2.5-coder:7b,Activar filtros,1.017
3127,HAL-Power,es,Spanish,qwen2.5-coder:7b,HAL-Power,0.953
3128,JPEG quality:,es,Spanish,qwen2.5-coder:7b,Calidad JPEG:,0.921
3129,Canvas decorations,es,Spanish,qwen2.5-coder:7b,Decoraciones de lienzo,1.142
3130,performance,es,Spanish,qwen2.5-coder:7b,rendimiento,0.604
3131,Properties:,es,Spanish,qwen2.5-coder:7b,Propiedades:,0.687
3132,Search Options,es,Spanish,qwen2.5-coder:7b,Opciones de búsqueda,0.796
3133,Arena Name,es,Spanish,qwen2.5-coder:7b,Nombre de la Arena,0.801
3134,Rating: %1,es,Spanish,qwen2.5-coder:7b,Calificación: %1,1.209
3135,Question - Cantor,es,Spanish,qwen2.5-coder:7b,Pregunta - Cantor,1.048
3136,Media Management,es,Spanish,qwen2.5-coder:7b,Gestión de Medios,1.074
3137,Packet size,es,Spanish,qwen2.5-coder:7b,Tamaño del paquete,0.986
3138,Fill color:,es,Spanish,qwen2.5-coder:7b,Color de relleno:,1.124
3139,Bandwidth Monitor,es,Spanish,qwen2.5-coder:7b,Monitor de Ancho de Banda,1.151
3140,& Keyboard layout:,es,Spanish,qwen2.5-coder:7b,& Distribución del teclado:,1.154
3141,Prev,es,Spanish,qwen2.5-coder:7b,Anterior,0.835
3142,How to obtain & marble;,es,Spanish,qwen2.5-coder:7b,¿Cómo obtener & mármore;,1.313
3143,length,es,Spanish,qwen2.5-coder:7b,longitud,0.597
3144,Cluster Groups,es,Spanish,qwen2.5-coder:7b,Grupos de Clúster,0.992
3145,Next Document,es,Spanish,qwen2.5-coder:7b,Próximo Documento,1.093
3146,File Management,es,Spanish,qwen2.5-coder:7b,Gestión de Archivos,1.136
3147,Read Data,es,Spanish,qwen2.5-coder:7b,Leer Datos,0.988
3148,User Scripts,es,Spanish,qwen2.5-coder:7b,Scripts de Usuario,0.938
3149,Invoice,es,Spanish,qwen2.5-coder:7b,Factura,0.594
3150,Playlist:,es,Spanish,qwen2.5-coder:7b,Lista de reproducción:,1.015
3151,Uganda,es,Spanish,qwen2.5-coder:7b,Uganda,0.792
3152,new time event,es,Spanish,qwen2.5-coder:7b,nuevo evento de tiempo,1.157
3153,KPlato Resources,es,Spanish,qwen2.5-coder:7b,Recursos de KPlato,1.091
3154,Table field,es,Spanish,qwen2.5-coder:7b,Campo de tabla,0.897
3155,Exercise Dialog,es,Spanish,qwen2.5-coder:7b,Diálogo de Ejercicio,1.24
3156,Encryption controller,es,Spanish,qwen2.5-coder:7b,Controlador de encriptación,1.059
3157,Can Read,es,Spanish,qwen2.5-coder:7b,Se Puede Leer,1.017
3158,Head 1,es,Spanish,qwen2.5-coder:7b,Encabezado 1,0.984
3159,"Unfortunately, & kde; can not:",es,Spanish,qwen2.5-coder:7b,"Desafortunadamente, & kde; no puede:",2.014
3160,Tea Properties,es,Spanish,qwen2.5-coder:7b,Propiedades del té,0.917
3161,Highscore List,es,Spanish,qwen2.5-coder:7b,Lista de Puntuaciones Altas,1.394
3162,Attack 1,es,Spanish,qwen2.5-coder:7b,Ataque 1,0.87
3163,Black Cartridge,es,Spanish,qwen2.5-coder:7b,Cartucho negro,1.05
3164,Request,es,Spanish,qwen2.5-coder:7b,Solicitud,0.601
3165,29th Last,es,Spanish,qwen2.5-coder:7b,29th Último,1.385
3166,FITS Viewer,es,Spanish,qwen2.5-coder:7b,Visualizador FITS,1.022
3167,"Color, fast, RGB",es,Spanish,qwen2.5-coder:7b,"Color, rápido, RGB",1.263
3168,Polling interval,es,Spanish,qwen2.5-coder:7b,Intervalo de sondeo,0.956
3169,DoubleSided,es,Spanish,qwen2.5-coder:7b,Doble Cara,0.736
3170,Coffee sponsoring,es,Spanish,qwen2.5-coder:7b,Sponsoring de café,1.006
3171,& Text file:,es,Spanish,qwen2.5-coder:7b,& Archivo de texto:,1.064
3172,at most,es,Spanish,qwen2.5-coder:7b,máximo,0.952
3173,4th Last,es,Spanish,qwen2.5-coder:7b,4º Último,1.255
3174,medium size,es,Spanish,qwen2.5-coder:7b,tamaño medio,0.949
3175,& Scan,es,Spanish,qwen2.5-coder:7b,& Escanear,0.967
3176,Network Manager,es,Spanish,qwen2.5-coder:7b,Administrador de Red,1.086
3177,Command Name,es,Spanish,qwen2.5-coder:7b,Nombre del Comando,0.828
3178,Execution,es,Spanish,qwen2.5-coder:7b,Ejecución,0.798
3179,Modify filter,es,Spanish,qwen2.5-coder:7b,Modificar filtro,0.813
3180,CPU usage,es,Spanish,qwen2.5-coder:7b,Uso de CPU,0.808
3181,Font Installer,es,Spanish,qwen2.5-coder:7b,Instalador de Fuentes,0.982
3182,Track 1 of 1,es,Spanish,qwen2.5-coder:7b,Ruta 1 de 1,1.504
3183,Iron Seal,es,Spanish,qwen2.5-coder:7b,Martillo de Hierro,0.925
3184,Tool Options,es,Spanish,qwen2.5-coder:7b,Opciones de Herramienta,1.065
3185,Line Break - \\linebreak,es,Spanish,qwen2.5-coder:7b,Salto de línea - \\linebreak,1.589
3186,Package & name:,es,Spanish,qwen2.5-coder:7b,Paquete & nombre:,1.125
3187,Projection system: %1,es,Spanish,qwen2.5-coder:7b, Sistema de proyección: %1,1.582
3188,is empty,es,Spanish,qwen2.5-coder:7b,está vacío,0.812
3189,Sound & file:,es,Spanish,qwen2.5-coder:7b,Sonido & archivo:,1.033
3190,CardBus bridge,es,Spanish,qwen2.5-coder:7b,Puente CardBus,0.86
3191,ColorSmartCRD Graphics,es,Spanish,qwen2.5-coder:7b,ColorSmartCRD Gráficos,1.388
3192,Show & Acid Behavior,es,Spanish,qwen2.5-coder:7b,Mostrar & Comportamiento Ácido,1.467
3193,Yields,es,Spanish,qwen2.5-coder:7b,Producción,0.836
3194,Byline:,es,Spanish,qwen2.5-coder:7b,Byline:,0.8
3195,Schedule Handler,es,Spanish,qwen2.5-coder:7b,Manejador de Horarios,0.998
3196,Ring Chart,es,Spanish,qwen2.5-coder:7b,Gráfico de Anillo,0.889
3197,lines,es,Spanish,qwen2.5-coder:7b,líneas,0.626
3198,Receiver,es,Spanish,qwen2.5-coder:7b,Receptor,0.616
3199,%1 start failed.,es,Spanish,qwen2.5-coder:7b,%1 inicio fallido.,1.079
3200,Feather Selection,es,Spanish,qwen2.5-coder:7b,Selección de plumas,0.973
3201,files,es,Spanish,qwen2.5-coder:7b,archivos,0.606
3202,goal type,es,Spanish,qwen2.5-coder:7b,tipo de objetivo,0.914
3203,Queue:,es,Spanish,qwen2.5-coder:7b,Cola:,0.774
3204,& Weekly,es,Spanish,qwen2.5-coder:7b,& Semanal,0.817
3205,Screen resolution: %1 dpi,es,Spanish,qwen2.5-coder:7b,Resolución de pantalla: %1 dpi,1.64
3206,KAB CSV XXPort Plugin,es,Spanish,qwen2.5-coder:7b,KAB CSV XXPort Plugin,1.389
3207,Screens hot,es,Spanish,qwen2.5-coder:7b,Pantallas calientes,0.924
3208,Warning,es,Spanish,qwen2.5-coder:7b,Aviso,0.606
3209,good,es,Spanish,qwen2.5-coder:7b,bueno,0.696
3210,File Shell,es,Spanish,qwen2.5-coder:7b,Shell de Archivo,1.061
3211,The Game,es,Spanish,qwen2.5-coder:7b,El Juego,0.697
3212,Advanced,es,Spanish,qwen2.5-coder:7b,Avanzado,0.678
3213,Completion Files,es,Spanish,qwen2.5-coder:7b,Archivos de Completado,1.186
3214,Lyx Files,es,Spanish,qwen2.5-coder:7b,Archivos de Lyx,1.008
3215,Subject,es,Spanish,qwen2.5-coder:7b,Asunto,0.598
3216,Authentication algorithm,es,Spanish,qwen2.5-coder:7b,Algoritmo de autenticación,1.096
3217,State Value,es,Spanish,qwen2.5-coder:7b,Valor del Estado,0.893
3218,YZ rotation speed,es,Spanish,qwen2.5-coder:7b,Velocidad de rotación de YZ,1.611
3219,Zig Zag,es,Spanish,qwen2.5-coder:7b,Zig Zag,0.768
3220,Clear,es,Spanish,qwen2.5-coder:7b,Limpiar,0.807
3221,& Remove Item,es,Spanish,qwen2.5-coder:7b,& Eliminar Elemento,1.078
3222,Distribution List,es,Spanish,qwen2.5-coder:7b,Lista de Distribución,1.127
3223,Color rate:,es,Spanish,qwen2.5-coder:7b,Calidad de color:,1.002
3224,Back Cover,es,Spanish,qwen2.5-coder:7b,Portada Trasera,1.086
3225,Launch plugin configuration dialog,es,Spanish,qwen2.5-coder:7b,Abrir el cuadro de diálogo de configuración del complemento,1.906
3226,Animation speed,es,Spanish,qwen2.5-coder:7b,Velocidad de animación,1.17
3227,help,es,Spanish,qwen2.5-coder:7b,ayuda,0.606
3228,Carpet size,es,Spanish,qwen2.5-coder:7b,Medida de la alfombra,1.391
3229,Download Selection,es,Spanish,qwen2.5-coder:7b,Descargar Selección,0.812
3230,Spanish Peseta,es,Spanish,qwen2.5-coder:7b,Peseta Española,0.835
3231,& Multimedia keys,es,Spanish,qwen2.5-coder:7b,& Teclas multimedia,0.836
3232,Stiffness,es,Spanish,qwen2.5-coder:7b,Rígidez,0.875
3233,"Regards,",es,Spanish,qwen2.5-coder:7b,"Saludos,",0.805
3234,"S & SE Brazil (GO, DF, MG, ES, RJ, SP, PR, SC, RS)",es,Spanish,qwen2.5-coder:7b,"S & SE Brasil (GO, DF, MG, ES, RJ, SP, PR, SC, RS)",3.485
3235,SeaGreen1,es,Spanish,qwen2.5-coder:7b,VerdeMar1,0.891
3236,(modified),es,Spanish,qwen2.5-coder:7b,(modificado),0.753
3237,Signatures,es,Spanish,qwen2.5-coder:7b,Firmas,0.78
3238,Backend name:,es,Spanish,qwen2.5-coder:7b,Nombre del backend:,0.864
3239,Mouse pressure,es,Spanish,qwen2.5-coder:7b,Presión del mouse,0.83
3240,Shortcut name: ent,es,Spanish,qwen2.5-coder:7b,Nombre del atajo: ent,1.324
3241,German (Liechtenstein),es,Spanish,qwen2.5-coder:7b,Alemán (Liechtenstein),1.321
3242,Utility Window,es,Spanish,qwen2.5-coder:7b,Ventana de Utilidad,0.909
3243,Fan Speed (%),es,Spanish,qwen2.5-coder:7b,Velocidad del ventilador (%),1.327
3244,Business,es,Spanish,qwen2.5-coder:7b,Negocio,0.606
3245,Audio Capture,es,Spanish,qwen2.5-coder:7b,Captura de Audio,0.829
3246,Flatten,es,Spanish,qwen2.5-coder:7b,Aplanar,0.731
3247,Aspect & Ratio,es,Spanish,qwen2.5-coder:7b,Relación & Proporción,1.315
3248,Satire,es,Spanish,qwen2.5-coder:7b,sátira,0.645
3249,Update frequency:,es,Spanish,qwen2.5-coder:7b,Frecuencia de actualización:,1.101
3250,Read-Only,es,Spanish,qwen2.5-coder:7b,Solo Lectura,0.932
3251,& Projection:,es,Spanish,qwen2.5-coder:7b,& Proyección:,0.959
3252,Error description:,es,Spanish,qwen2.5-coder:7b,Descripción del error:,1.084
3253,back,es,Spanish,qwen2.5-coder:7b,atrás,0.798
3254,Opening Order,es,Spanish,qwen2.5-coder:7b,Orden de Apertura,1.066
3255,Keep Encryption,es,Spanish,qwen2.5-coder:7b,Mantén la Encriptación,1.259
3256,Castilian Spanish Male,es,Spanish,qwen2.5-coder:7b,Español Castellano Masculino,1.652
3257,Conversation ID,es,Spanish,qwen2.5-coder:7b,ID de la conversación,1.166
3258,Synchronization Mode,es,Spanish,qwen2.5-coder:7b,Modo de Sincronización,1.413
3259,Declination:,es,Spanish,qwen2.5-coder:7b,Declinación:,0.961
3260,The tag %1 already exists,es,Spanish,qwen2.5-coder:7b,La etiqueta %1 ya existe,1.518
3261,(Custom),es,Spanish,qwen2.5-coder:7b,(Personalizado),0.841
3262,AntMaze,es,Spanish,qwen2.5-coder:7b,AntMaze,0.792
3263,Interactive,es,Spanish,qwen2.5-coder:7b,Interactivo,0.593
3264,KDE Screen Ruler,es,Spanish,qwen2.5-coder:7b,Regulador de Pantalla KDE,1.441
3265,Transfer protocols,es,Spanish,qwen2.5-coder:7b,Protocolos de transferencia,0.921
3266,Color Space,es,Spanish,qwen2.5-coder:7b,Espacio de Color,0.82
3267,Baritone Sax,es,Spanish,qwen2.5-coder:7b,Saxofón barítono,1.216
3268,& Window Decoration,es,Spanish,qwen2.5-coder:7b,& Decoración de Ventana,1.026
3269,Mail Summary Configuration Dialog,es,Spanish,qwen2.5-coder:7b,Configuración del Resumen de Correo,1.615
3270,4. Playing Piles,es,Spanish,qwen2.5-coder:7b,4. Jugar Pilas,1.415
3271,Group shapes,es,Spanish,qwen2.5-coder:7b,Agrupa formas,0.904
3272,Last step,es,Spanish,qwen2.5-coder:7b,Último paso,1.031
3273,Artist Name:,es,Spanish,qwen2.5-coder:7b,Nombre del Artista:,0.953
3274,Addressee Serializer,es,Spanish,qwen2.5-coder:7b,Serializador de Destinatario,1.389
3275,User-IDs,es,Spanish,qwen2.5-coder:7b,Identificadores de usuario,1.154
3276,position1Variance,es,Spanish,qwen2.5-coder:7b,varianza1Posición,1.345
3277,Ruler,es,Spanish,qwen2.5-coder:7b,Regla,0.627
3278,Netherlands,es,Spanish,qwen2.5-coder:7b,Holanda,0.61
3279,New type: freeswan,es,Spanish,qwen2.5-coder:7b,Nuevo tipo: freeswan,1.196
3280,to space characters,es,Spanish,qwen2.5-coder:7b,carácteres a espacio,1.278
3281,KThesaurus - List synonyms,es,Spanish,qwen2.5-coder:7b,KThesaurus - Lista sinónimos,1.777
3282,Virgin Islands,es,Spanish,qwen2.5-coder:7b,Islas Vírgenes,1.066
3283,Shortcut name: watches,es,Spanish,qwen2.5-coder:7b,Nombre del atajo: relojes,1.512
3284,Coloring,es,Spanish,qwen2.5-coder:7b,Colorear,0.968
3285,New Folder,es,Spanish,qwen2.5-coder:7b,Nueva carpeta,0.957
3286,Table editing tool,es,Spanish,qwen2.5-coder:7b,Herramienta de edición de tablas,1.471
3287,Serbia and Montenegro,es,Spanish,qwen2.5-coder:7b,Serbia y Montenegro,1.02
3288,Delete A & & B,es,Spanish,qwen2.5-coder:7b,Eliminar A & & B,1.181
3289,Owner: %1,es,Spanish,qwen2.5-coder:7b,Propietario: %1,1.314
3290,DodgerBlue1,es,Spanish,qwen2.5-coder:7b,DodgerBlue1,0.912
3291,Slider algorithm,es,Spanish,qwen2.5-coder:7b,Algoritmo de deslizador,1.327
3292,A arrow,es,Spanish,qwen2.5-coder:7b,La flecha,0.933
3293,Write Error,es,Spanish,qwen2.5-coder:7b,Error de Escritura,1.129
3294,& Permissions,es,Spanish,qwen2.5-coder:7b,& Permisos,0.798
3295,Subjects,es,Spanish,qwen2.5-coder:7b,Asuntos,0.64
3296,Place:,es,Spanish,qwen2.5-coder:7b,Ubicación:,0.924
3297,Edit Account:,es,Spanish,qwen2.5-coder:7b,Editar Cuenta:,0.985
3298,ILM EXR Image (. exr),es,Spanish,qwen2.5-coder:7b,ILM EXR Imagen (.exr),1.786
3299,Bookmark Editor,es,Spanish,qwen2.5-coder:7b,Editor de Marcadores,0.84
3300,Head 3,es,Spanish,qwen2.5-coder:7b,Encabezado 3,0.958
3301,Label color,es,Spanish,qwen2.5-coder:7b,Color de etiqueta,1.062
3302,Network Status,es,Spanish,qwen2.5-coder:7b,Estado de la Red,0.851
3303,User name:,es,Spanish,qwen2.5-coder:7b,Nombre de usuario:,0.824
3304,KDE SSL Certificate Dialog,es,Spanish,qwen2.5-coder:7b,Diálogo de Certificado SSL de KDE,1.581
3305,Down Arrow,es,Spanish,qwen2.5-coder:7b,Flecha Abajo,0.938
3306,Forbidden,es,Spanish,qwen2.5-coder:7b,Prohibido,0.677
3307,Graphical artwork,es,Spanish,qwen2.5-coder:7b,Trabajo gráfico,1.024
3308,Build up,es,Spanish,qwen2.5-coder:7b,Construir,0.9
3309,Star speed,es,Spanish,qwen2.5-coder:7b,Velocidad de estrella,1.078
3310,Project Manager,es,Spanish,qwen2.5-coder:7b,Gerente de Proyecto,1.095
3311,Profile Name,es,Spanish,qwen2.5-coder:7b,Nombre del Perfil,0.803
3312,Misc,es,Spanish,qwen2.5-coder:7b,Otros,0.803
3313,& NT Domain:,es,Spanish,qwen2.5-coder:7b,& Dominio NT:,0.979
3314,Simplify,es,Spanish,qwen2.5-coder:7b,Mejorar,1.059
3315,Adjustment Type,es,Spanish,qwen2.5-coder:7b,Tipo de Ajuste,0.954
3316,Strength,es,Spanish,qwen2.5-coder:7b,Fuerza,0.672
3317,Scaling Algorithm,es,Spanish,qwen2.5-coder:7b,Algoritmo de Escalado,1.079
3318,Paper width (cm):,es,Spanish,qwen2.5-coder:7b,Ancho del papel (cm):,1.386
3319,Rupiah,es,Spanish,qwen2.5-coder:7b,Rupiah,0.763
3320,five,es,Spanish,qwen2.5-coder:7b,cinco,0.62
3321,Subject:,es,Spanish,qwen2.5-coder:7b,Asunto:,0.685
3322,Client signing:,es,Spanish,qwen2.5-coder:7b,Cliente firmado:,0.922
3323,Horizontally in & Splitter,es,Spanish,qwen2.5-coder:7b,Horizontalmente en & Divisor,1.315
3324,Ready,es,Spanish,qwen2.5-coder:7b,Listo,0.585
3325,Remove Display,es,Spanish,qwen2.5-coder:7b,Eliminar Pantalla,0.962
3326,My Downloads,es,Spanish,qwen2.5-coder:7b,Mis Descargas,0.726
3327,Cups Page Log Files,es,Spanish,qwen2.5-coder:7b,Archivos de registro de la página de tazas,1.816
3328,& Previous Hole,es,Spanish,qwen2.5-coder:7b,& Anterior Agujero,1.161
3329,Unknown host %1,es,Spanish,qwen2.5-coder:7b,Host desconocido %1,1.38
3330,& Statistics...,es,Spanish,qwen2.5-coder:7b,& Estadísticas...,0.917
3331,Monthly Log,es,Spanish,qwen2.5-coder:7b,Registro Mensual,0.954
3332,My Neighborhood,es,Spanish,qwen2.5-coder:7b,Mi vecindario,1.034
3333,Network name,es,Spanish,qwen2.5-coder:7b,Nombre de la red,0.873
3334,Custom 3,es,Spanish,qwen2.5-coder:7b,Personalizado 3,1.132
3335,Printing,es,Spanish,qwen2.5-coder:7b,Impresión,0.739
3336,Energy amount:,es,Spanish,qwen2.5-coder:7b,Cantidad de energía:,0.93
3337,Picture,es,Spanish,qwen2.5-coder:7b,Imagen,0.696
3338,Marking improvements,es,Spanish,qwen2.5-coder:7b,Mejoras marcadas,1.165
3339,locale,es,Spanish,qwen2.5-coder:7b,localización,0.794
3340,Running Account,es,Spanish,qwen2.5-coder:7b,Cuenta Corriente,0.907
3341,D2 support,es,Spanish,qwen2.5-coder:7b,D2 soporte,0.933
3342,Off,es,Spanish,qwen2.5-coder:7b,Apagado,0.667
3343,Device & name,es,Spanish,qwen2.5-coder:7b,Dispositivo & nombre,1.146
3344,User:,es,Spanish,qwen2.5-coder:7b,Usuario:,0.699
3345,Iron,es,Spanish,qwen2.5-coder:7b,Hierro,0.603
3346,& Username:,es,Spanish,qwen2.5-coder:7b,& Nombre de usuario:,0.894
3347,Row number,es,Spanish,qwen2.5-coder:7b,Número de fila,0.767
3348,ImagePlugin_AntiVignetting,es,Spanish,qwen2.5-coder:7b,Plugin_AntiVerguenza,1.65
3349,Set Initial PIN (NKS),es,Spanish,qwen2.5-coder:7b,Establecer PIN Inicial (NKS),1.684
3350,Channel Password,es,Spanish,qwen2.5-coder:7b,Contraseña del Canal,0.877
3351,Swiss Franc,es,Spanish,qwen2.5-coder:7b,Franc Suizo,0.783
3352,Texture preview:,es,Spanish,qwen2.5-coder:7b,Vista previa de textura:,1.337
3353,Defined macros,es,Spanish,qwen2.5-coder:7b,Macros definidas,0.854
3354,& Pitch:,es,Spanish,qwen2.5-coder:7b,& Acorde:,0.953
3355,Attack 2,es,Spanish,qwen2.5-coder:7b,Ataque 2,0.901
3356,Price,es,Spanish,qwen2.5-coder:7b,Precio,0.509
3357,Image size:,es,Spanish,qwen2.5-coder:7b,Tamaño de la imagen:,1.084
3358,Normalized,es,Spanish,qwen2.5-coder:7b,Normalizado,0.596
3359,Files,es,Spanish,qwen2.5-coder:7b,Archivos,0.625
3360,& Subtitles,es,Spanish,qwen2.5-coder:7b,& Subtítulos,0.944
3361,X resolution,es,Spanish,qwen2.5-coder:7b,Resolución X,0.929
3362,2: Real Part,es,Spanish,qwen2.5-coder:7b,2: Parte Real,1.217
3363,Non-Proportional,es,Spanish,qwen2.5-coder:7b,No Proporcional,0.905
3364,moving,es,Spanish,qwen2.5-coder:7b,moviendo,0.82
3365,& Filename:,es,Spanish,qwen2.5-coder:7b,& Nombre de archivo:,0.919
3366,Wikipedia localization,es,Spanish,qwen2.5-coder:7b,Localización de Wikipedia,1.064
3367,XML Bookmark file,es,Spanish,qwen2.5-coder:7b,Archivo de marcador XML,1.128
3368,& Grant,es,Spanish,qwen2.5-coder:7b,& Otorgar,0.944
3369,Course Information,es,Spanish,qwen2.5-coder:7b,Información del Curso,1.106
3370,& Transfer Settings,es,Spanish,qwen2.5-coder:7b,& Transferir Configuraciones,1.143
3371,Structure delimiting:,es,Spanish,qwen2.5-coder:7b,Structura limitante:,1.109
3372,Pen Size,es,Spanish,qwen2.5-coder:7b,Tamaño de Lápiz,1.094
3373,From Parent Role,es,Spanish,qwen2.5-coder:7b,Desde Rol Padre,1.085
3374,Derivatives,es,Spanish,qwen2.5-coder:7b,Derivados,0.792
3375,Track Encoded,es,Spanish,qwen2.5-coder:7b,Seguimiento Codificado,1.203
3376,& Ctrl; Space,es,Spanish,qwen2.5-coder:7b,& Ctrl; Espacio,1.103
3377,Verification Settings,es,Spanish,qwen2.5-coder:7b,Ajustes de Verificación,1.188
3378,printing,es,Spanish,qwen2.5-coder:7b,impresión,0.723
3379,Storage Drive,es,Spanish,qwen2.5-coder:7b,Unidad de Almacenamiento,1.278
3380,Button Background,es,Spanish,qwen2.5-coder:7b,Color de fondo del botón,1.256
3381,Guard time (sec/ 50):,es,Spanish,qwen2.5-coder:7b,Tiempo de guardia (seg/ 50):,1.808
3382,Gather,es,Spanish,qwen2.5-coder:7b,Reúna,0.692
3383,Contone (4096 colors),es,Spanish,qwen2.5-coder:7b,Contone (4096 colores),1.775
3384,Floating-point precision:,es,Spanish,qwen2.5-coder:7b,Precisión de punto flotante:,1.361
3385,Dump reason:,es,Spanish,qwen2.5-coder:7b,Razón de la volcada:,1.425
3386,Security,es,Spanish,qwen2.5-coder:7b,Seguridad,0.592
3387,Groups:,es,Spanish,qwen2.5-coder:7b,Grupos:,0.68
3388,lightyear,es,Spanish,qwen2.5-coder:7b,año luz,0.711
3389,%1 (capture),es,Spanish,qwen2.5-coder:7b,%1 (captura),1.131
3390,Stapler Option,es,Spanish,qwen2.5-coder:7b,Opción de Clavijero,1.261
3391,Looks,es,Spanish,qwen2.5-coder:7b,Ve,0.699
3392,Area,es,Spanish,qwen2.5-coder:7b,Área,0.576
3393,Default paint operations,es,Spanish,qwen2.5-coder:7b,Operaciones de pintura predeterminadas,1.256
3394,Battery Actions,es,Spanish,qwen2.5-coder:7b,Acciones de Batería,1.273
3395,& Next tab,es,Spanish,qwen2.5-coder:7b,& Siguiente pestaña,1.186
3396,Level number:,es,Spanish,qwen2.5-coder:7b,Número de nivel:,1.008
3397,Print Index - \\printindex,es,Spanish,qwen2.5-coder:7b,Imprimir Índice - \\imprimiríndice,2.055
3398,DVD titles pattern,es,Spanish,qwen2.5-coder:7b,Patrón de títulos de DVD,1.579
3399,Views,es,Spanish,qwen2.5-coder:7b,Vistas,0.796
3400,Network interface information,es,Spanish,qwen2.5-coder:7b,Información de la interfaz de red,1.423
3401,Air speed,es,Spanish,qwen2.5-coder:7b,Velocidad aérea,1.068
3402,Kate Styles,es,Spanish,qwen2.5-coder:7b,Kate Styles,0.639
3403,Track Progression,es,Spanish,qwen2.5-coder:7b,Seguimiento de Progreso,1.233
3404,myTurn,es,Spanish,qwen2.5-coder:7b,miTurno,0.899
3405,Playing order:,es,Spanish,qwen2.5-coder:7b,Orden de juego:,0.909
3406,Scripting.,es,Spanish,qwen2.5-coder:7b,Scripting.,0.858
3407,Network Proxy,es,Spanish,qwen2.5-coder:7b,Proxy de Red,0.767
3408,of January,es,Spanish,qwen2.5-coder:7b,de enero,0.755
3409,KMail Migration Tool,es,Spanish,qwen2.5-coder:7b,Herramienta de Migración de KMail,1.588
3410,Track announcement popups,es,Spanish,qwen2.5-coder:7b,Anuncios de seguimiento emergentes,1.218
3411,Download speed:,es,Spanish,qwen2.5-coder:7b,Velocidad de descarga:,1.265
3412,CD Encoded,es,Spanish,qwen2.5-coder:7b,CD Codificado,1.02
3413,German (de),es,Spanish,qwen2.5-coder:7b,Alemán (de),1.089
3414,Custom 2,es,Spanish,qwen2.5-coder:7b,Personalizado 2,1.093
3415,Your name:,es,Spanish,qwen2.5-coder:7b,Tu nombre:,0.843
3416,& Driver:,es,Spanish,qwen2.5-coder:7b,& Conductor:,0.835
3417,_Release,es,Spanish,qwen2.5-coder:7b,Lanzar,0.821
3418,Seeding,es,Spanish,qwen2.5-coder:7b,Sembrando,0.954
3419,Calendar system:,es,Spanish,qwen2.5-coder:7b, Sistema de calendario:,1.005
3420,Upper Austria,es,Spanish,qwen2.5-coder:7b,Austria Superior,0.704
3421,This month,es,Spanish,qwen2.5-coder:7b,Este mes,0.607
3422,Project,es,Spanish,qwen2.5-coder:7b,Proyecto,0.824
3423,Formatting Characters,es,Spanish,qwen2.5-coder:7b,Caracteres de Formato,1.248
3424,Plotting Range,es,Spanish,qwen2.5-coder:7b,Rango de Gráfica,1.248
3425,Identities Page,es,Spanish,qwen2.5-coder:7b,Pagina de Identidades,1.143
3426,Immediately,es,Spanish,qwen2.5-coder:7b,Inmediatamente,0.816
3427,Use Sendmail,es,Spanish,qwen2.5-coder:7b,Use Sendmail,0.964
3428,Shortcut name: style,es,Spanish,qwen2.5-coder:7b,Nombre del atajo: estilo,1.26
3429,Call Chain,es,Spanish,qwen2.5-coder:7b,Cadena de Llamadas,0.986
3430,Sounds tuning,es,Spanish,qwen2.5-coder:7b,Ajuste de sonido,1.026
3431,Scrolling,es,Spanish,qwen2.5-coder:7b,Desplazamiento,0.83
3432,Value Options,es,Spanish,qwen2.5-coder:7b,Opciones de Valor,0.804
3433,Optimized,es,Spanish,qwen2.5-coder:7b,Optimizado,0.954
3434,Placement,es,Spanish,qwen2.5-coder:7b,Ubicación,0.9
3435,Always Best,es,Spanish,qwen2.5-coder:7b,Siempre Mejor,1.01
3436,Capture from %1,es,Spanish,qwen2.5-coder:7b,Capturar desde %1,1.185
3437,Deleted,es,Spanish,qwen2.5-coder:7b,Eliminado,0.664
3438,Binary Tree,es,Spanish,qwen2.5-coder:7b,Árbol Binario,0.902
3439,South Bohemia,es,Spanish,qwen2.5-coder:7b,Sur Bohemia,0.967
3440,Liberian Dollar,es,Spanish,qwen2.5-coder:7b,Dólar Liberiano,1.038
3441,Orca Speech,es,Spanish,qwen2.5-coder:7b,Orca Speech,0.986
3442,Mexican Peso,es,Spanish,qwen2.5-coder:7b,Peso Mexicano,1.016
3443,of September,es,Spanish,qwen2.5-coder:7b,de septiembre,0.745
3444,Peak Speed:,es,Spanish,qwen2.5-coder:7b,Velocidad Máxima:,1.147
3445,A vs. C Overview,es,Spanish,qwen2.5-coder:7b,A vs. C Resumen,1.263
3446,Piece glued,es,Spanish,qwen2.5-coder:7b,Trozo pegado,1.071
3447,Variable name.,es,Spanish,qwen2.5-coder:7b,Nombre de variable.,0.838
3448,single channel,es,Spanish,qwen2.5-coder:7b,canal único,0.939
3449,Note Actions,es,Spanish,qwen2.5-coder:7b,Notas de Acciones,1.032
3450,icon design,es,Spanish,qwen2.5-coder:7b,diseno de icono,1.18
3451,Video Record,es,Spanish,qwen2.5-coder:7b,Grabación de Video,1.038
3452,Strings:,es,Spanish,qwen2.5-coder:7b,Cadenas:,0.798
3453,Midi effects,es,Spanish,qwen2.5-coder:7b,Efectos MIDI,0.844
3454,Image Type,es,Spanish,qwen2.5-coder:7b,Tipo de Imagen,0.815
3455,property,es,Spanish,qwen2.5-coder:7b,propiedad,0.58
3456,Symbol rate (kS/ s):,es,Spanish,qwen2.5-coder:7b,Velocidad simbólica (kS/s):,1.864
3457,Bolivian Mvdol,es,Spanish,qwen2.5-coder:7b,Bolivian Mvdol,1.353
3458,& lt; size in bytesgt;,es,Spanish,qwen2.5-coder:7b,&lt; tamaño en bytes&gt;,1.379
3459,Custom Type 1,es,Spanish,qwen2.5-coder:7b,Tipo Personalizado 1,0.993
3460,Encrypting,es,Spanish,qwen2.5-coder:7b,Encriptando,0.926
3461,Frequency:,es,Spanish,qwen2.5-coder:7b,Frecuencia:,0.775
3462,Or Between Tags,es,Spanish,qwen2.5-coder:7b,O entre etiquetas,1.025
3463,Christian Gangsta Rap,es,Spanish,qwen2.5-coder:7b,Rap Gangster Cristiano,1.194
3464,Scripting interface,es,Spanish,qwen2.5-coder:7b,Interfaz de scripting,0.933
3465,Disk Buffers,es,Spanish,qwen2.5-coder:7b,Buffers de Disco,0.946
3466,Interface Overview,es,Spanish,qwen2.5-coder:7b,Resumen de la Interfaz,1.305
3467,Omani Rial,es,Spanish,qwen2.5-coder:7b,Rial Ománico,1.009
3468,& Norwegian,es,Spanish,qwen2.5-coder:7b,& Noruego,0.753
3469,z rotation:,es,Spanish,qwen2.5-coder:7b,rotación en z:,1.071
3470,Signing,es,Spanish,qwen2.5-coder:7b,Registrando,0.785
3471,source,es,Spanish,qwen2.5-coder:7b,fuente,0.786
3472,Look for:,es,Spanish,qwen2.5-coder:7b,Buscar:,0.772
3473,pigment declaration,es,Spanish,qwen2.5-coder:7b,declaración de pigmento,1.187
3474,Project version,es,Spanish,qwen2.5-coder:7b,Versión del proyecto,0.846
3475,new Signal,es,Spanish,qwen2.5-coder:7b,nueva Señal,1.142
3476,Online Certificate Validation,es,Spanish,qwen2.5-coder:7b,Validación de Certificado en Línea,1.581
3477,no file,es,Spanish,qwen2.5-coder:7b,ningún archivo,0.93
3478,Templates Settings,es,Spanish,qwen2.5-coder:7b,Configuración de plantillas,1.219
3479,1200 Image Quality,es,Spanish,qwen2.5-coder:7b,1200 Calidad de Imagen,1.603
3480,Icon size: %1 pixels,es,Spanish,qwen2.5-coder:7b,Icon size: %1 píxeles,1.602
3481,Profile Management,es,Spanish,qwen2.5-coder:7b,Gestión de Perfiles,1.185
3482,& Statistics,es,Spanish,qwen2.5-coder:7b,& Estadísticas,0.822
3483,Definition List,es,Spanish,qwen2.5-coder:7b,Lista de Definiciones,1.146
3484,Conflict Detected,es,Spanish,qwen2.5-coder:7b,Conflicto Detectado,1.118
3485,Data Project,es,Spanish,qwen2.5-coder:7b,Proyecto de Datos,0.977
3486,& Crop,es,Spanish,qwen2.5-coder:7b,&Cortar,0.742
3487,Print Engine Select (Printer 1),es,Spanish,qwen2.5-coder:7b,Seleccionador de Motor de Impresión (Impresora 1),2.269
3488,"Developer (HTML rendering engine, JavaScript)",es,Spanish,qwen2.5-coder:7b,"Desarrollador (motor de renderizado HTML, JavaScript)",2.048
3489,Turkish Lira,es,Spanish,qwen2.5-coder:7b,Lira turca,0.912
3490,& feminine,es,Spanish,qwen2.5-coder:7b,& femenino,0.845
3491,Green Tone,es,Spanish,qwen2.5-coder:7b,Tono Verde,0.787
3492,Outgoing,es,Spanish,qwen2.5-coder:7b,Saliente,0.873
3493,Color Space Conversion,es,Spanish,qwen2.5-coder:7b,Conversión de Espacio de Color,1.429
3494,Sample Width,es,Spanish,qwen2.5-coder:7b,Ancho de muestra,0.846
3495,corrupted chunks,es,Spanish,qwen2.5-coder:7b,trozos corruptos,1.087
3496,Romanian Leu A/ 05,es,Spanish,qwen2.5-coder:7b,Leu romeno A/ 05,1.702
3497,Applications,es,Spanish,qwen2.5-coder:7b,Aplicaciones,0.67
3498,Deviation,es,Spanish,qwen2.5-coder:7b,Desviación,0.72
3499,new_fkey_constraint,es,Spanish,qwen2.5-coder:7b,nueva_constrainta_de_clave_foránea,1.697
3500,Track Length,es,Spanish,qwen2.5-coder:7b,Duración de la pista,1.261
3501,Example,es,Spanish,qwen2.5-coder:7b,Ejemplo,0.707
3502,"Paste ""%1"" to input",es,Spanish,qwen2.5-coder:7b,"Pega ""%1"" en el campo de entrada",1.628
3503,Typewriter,es,Spanish,qwen2.5-coder:7b,Maquinaria de escribir,1.262
3504,Next Track,es,Spanish,qwen2.5-coder:7b,Próxima Pista,1.114
3505,My Bugs,es,Spanish,qwen2.5-coder:7b,Mis Errores,0.84
3506,X.509 Certificate,es,Spanish,qwen2.5-coder:7b,Certificado X.509,1.283
3507,Selection Mode:,es,Spanish,qwen2.5-coder:7b,Modo de Selección:,1.137
3508,density map declaration,es,Spanish,qwen2.5-coder:7b,declaración de mapa de densidad,1.371
3509,Keyword,es,Spanish,qwen2.5-coder:7b,Palabra clave,0.889
3510,Record,es,Spanish,qwen2.5-coder:7b,Registro,0.686
3511,Delete all,es,Spanish,qwen2.5-coder:7b,Eliminar todo,0.82
3512,Liability,es,Spanish,qwen2.5-coder:7b,Responsabilidad,0.63
3513,Line Spacing,es,Spanish,qwen2.5-coder:7b,Espaciado de líneas,1.084
3514,power governor %1,es,Spanish,qwen2.5-coder:7b,jefe de potencia %1,1.402
3515,Extension Information,es,Spanish,qwen2.5-coder:7b,Información de la extensión,1.348
3516,Password Manager,es,Spanish,qwen2.5-coder:7b,Gestor de Contraseñas,1.17
3517,Dialog Editor,es,Spanish,qwen2.5-coder:7b,Editor de Diálogos,1.016
3518,Window title,es,Spanish,qwen2.5-coder:7b,Titulo de la ventana,1.01
3519,Scheduled Time:,es,Spanish,qwen2.5-coder:7b,Hora Programada:,0.928
3520,Changed,es,Spanish,qwen2.5-coder:7b,Modificado,0.785
3521,Forty & Eight,es,Spanish,qwen2.5-coder:7b,Cuarenta y Ocho,1.078
3522,Bolivian Boliviano,es,Spanish,qwen2.5-coder:7b,Boliviano boliviano,1.261
3523,Volume,es,Spanish,qwen2.5-coder:7b,Volumen,0.67
3524,Chapters,es,Spanish,qwen2.5-coder:7b,Capítulos,0.71
3525,Connection specific:: Racoon,es,Spanish,qwen2.5-coder:7b,Conexión específica:: Raccoon,1.498
3526,Opening date,es,Spanish,qwen2.5-coder:7b,Fecha de apertura,0.998
3527,Overlaying Stencils,es,Spanish,qwen2.5-coder:7b,Superposición de Stencils,1.286
3528,Start Parley first.,es,Spanish,qwen2.5-coder:7b,Comienza la conversación primero.,1.317
3529,Personal,es,Spanish,qwen2.5-coder:7b,Personal,0.511
3530,Minimum size:,es,Spanish,qwen2.5-coder:7b,Tamaño mínimo:,0.829
3531,Romanian Leu,es,Spanish,qwen2.5-coder:7b,Leu Rumano,1.162
3532,Edit Formula,es,Spanish,qwen2.5-coder:7b,Editar Fórmula,1.18
3533,of R. Awal,es,Spanish,qwen2.5-coder:7b,de R. Awal,1.019
3534,Escape response:,es,Spanish,qwen2.5-coder:7b,Respuesta de escape:,1.0
3535,Croatia,es,Spanish,qwen2.5-coder:7b,Croacia,0.667
3536,Show as: Free,es,Spanish,qwen2.5-coder:7b,Mostrar como: Gratuita,1.34
3537,OpenPGP export file:,es,Spanish,qwen2.5-coder:7b,Exportar archivo OpenPGP:,1.315
3538,Ctrl; H Game,es,Spanish,qwen2.5-coder:7b,Ctrl; H Juego,1.17
3539,Selected 2,es,Spanish,qwen2.5-coder:7b,Seleccionado 2,1.11
3540,Nuke,es,Spanish,qwen2.5-coder:7b,Eliminar,0.743
3541,Recommended,es,Spanish,qwen2.5-coder:7b,Recomendado,0.976
3542,active,es,Spanish,qwen2.5-coder:7b,activo,0.683
3543,Red Player,es,Spanish,qwen2.5-coder:7b,Reproductor de Red,0.905
3544,Northern Europe,es,Spanish,qwen2.5-coder:7b,Europa del Norte,0.984
3545,Host (server) name,es,Spanish,qwen2.5-coder:7b,Nombre del servidor (host),1.157
3546,Configuration Files,es,Spanish,qwen2.5-coder:7b,Archivos de Configuración,1.242
3547,current,es,Spanish,qwen2.5-coder:7b,actual,0.691
3548,& Bold,es,Spanish,qwen2.5-coder:7b,& Negrita,0.716
3549,interior,es,Spanish,qwen2.5-coder:7b,interior,0.65
3550,LDAP delete dn,es,Spanish,qwen2.5-coder:7b,Eliminar DN LDAP,1.005
3551,Add Script,es,Spanish,qwen2.5-coder:7b,Añadir Script,0.944
3552,Image Restoration Tools,es,Spanish,qwen2.5-coder:7b,Herramientas de Restauración de Imágenes,1.589
3553,Ascorbic acid,es,Spanish,qwen2.5-coder:7b,Ácido ascórbico,1.121
3554,Navigation Toolbar,es,Spanish,qwen2.5-coder:7b,Barra de Navegación,1.333
3555,Alignment:,es,Spanish,qwen2.5-coder:7b,Alineación:,0.783
3556,Polygons,es,Spanish,qwen2.5-coder:7b,Polígonos,0.859
3557,green,es,Spanish,qwen2.5-coder:7b,verde,0.594
3558,Deep Blue,es,Spanish,qwen2.5-coder:7b,Azul Profundo,0.862
3559,system performance,es,Spanish,qwen2.5-coder:7b,rendimiento del sistema,0.85
3560,Interpolation:,es,Spanish,qwen2.5-coder:7b,Interpolación:,0.909
3561,& Frame Color:,es,Spanish,qwen2.5-coder:7b,& Color de Marco:,0.95
3562,Power state,es,Spanish,qwen2.5-coder:7b,Estado de potencia,0.87
3563,LEAP Username,es,Spanish,qwen2.5-coder:7b,Nombre de usuario de LEAP,1.068
3564,No Project,es,Spanish,qwen2.5-coder:7b,No Proyecto,0.792
3565,Astrocalculator,es,Spanish,qwen2.5-coder:7b,Astrocalcuadora,1.023
3566,Unknown Type,es,Spanish,qwen2.5-coder:7b,Tipo Desconocido,0.904
3567,(unknown call),es,Spanish,qwen2.5-coder:7b,(Llamada desconocida),1.16
3568,Destination Folder,es,Spanish,qwen2.5-coder:7b,Carpetas de Destino,1.221
3569,digiKam Core Image Plugin,es,Spanish,qwen2.5-coder:7b,Plugin de Imagen del Núcleo de digiKam,2.181
3570,Filter Applied,es,Spanish,qwen2.5-coder:7b,Filtro Aplicado,0.975
3571,Print Engine Select (Printer 2),es,Spanish,qwen2.5-coder:7b,Selector de Motor de Impresión (Impresora 2),2.218
3572,(2) System Calls,es,Spanish,qwen2.5-coder:7b,(2) Llamadas al Sistema,1.474
3573,Shutdown,es,Spanish,qwen2.5-coder:7b,Apagar,0.632
3574,loop,es,Spanish,qwen2.5-coder:7b,bucle,0.769
3575,Next Conflict,es,Spanish,qwen2.5-coder:7b,Próximo conflicto,1.087
3576,Serial,es,Spanish,qwen2.5-coder:7b,Serial,0.679
3577,KMyMoney files,es,Spanish,qwen2.5-coder:7b,Archivos de KMyMoney,1.35
3578,Action:,es,Spanish,qwen2.5-coder:7b,Acción:,0.816
3579,Time coherent,es,Spanish,qwen2.5-coder:7b,Tiempo coherente,1.142
3580,A hundred,es,Spanish,qwen2.5-coder:7b,Un cien,0.95
3581,19th Last,es,Spanish,qwen2.5-coder:7b,19º Último,1.419
3582,Monthly Budget,es,Spanish,qwen2.5-coder:7b,Presupuesto Mensual,0.96
3583,License:,es,Spanish,qwen2.5-coder:7b,Licencia:,0.779
3584,Marble Map,es,Spanish,qwen2.5-coder:7b,Mapa de Mármore,1.025
3585,Background image:,es,Spanish,qwen2.5-coder:7b,Imagen de fondo:,0.907
3586,visited,es,Spanish,qwen2.5-coder:7b,visitado,0.579
3587,ImagePlugin_AdjustLevels,es,Spanish,qwen2.5-coder:7b,Ajustar Niveles de Imagen,1.451
3588,Delete A & B,es,Spanish,qwen2.5-coder:7b,Eliminar A & B,1.115
3589,Romanian,es,Spanish,qwen2.5-coder:7b,Rumano,0.741
3590,& Copy Content,es,Spanish,qwen2.5-coder:7b,& Copiar Contenido,1.092
3591,Fuzziness:,es,Spanish,qwen2.5-coder:7b,Desviación:,1.0
3592,Fan Control,es,Spanish,qwen2.5-coder:7b,Control de Ventilador,0.924
3593,Open Calais registration key,es,Spanish,qwen2.5-coder:7b,Abre la clave de registro de Calais,1.646
3594,Attribute Properties,es,Spanish,qwen2.5-coder:7b,Propiedades del Atributo,1.013
3595,Track,es,Spanish,qwen2.5-coder:7b,Seguimiento,0.915
3596,Card Collection,es,Spanish,qwen2.5-coder:7b,Recolección de Tarjetas,1.311
3597,In Progress,es,Spanish,qwen2.5-coder:7b,En Progreso,0.741
3598,Until,es,Spanish,qwen2.5-coder:7b,Hasta,0.717
3599,& User:,es,Spanish,qwen2.5-coder:7b,& Usuario:,0.725
3600,Passing Direction,es,Spanish,qwen2.5-coder:7b,Sentido de Paso,1.072
3601,End Time:,es,Spanish,qwen2.5-coder:7b,Tiempo Final:,0.9
3602,Tidy by Kommander,es,Spanish,qwen2.5-coder:7b,Ordenar con Kommander,1.409
3603,Always Off,es,Spanish,qwen2.5-coder:7b,Siempre Apagado,1.164
3604,Minimum length:,es,Spanish,qwen2.5-coder:7b,Longitud mínima:,1.071
3605,Timeline,es,Spanish,qwen2.5-coder:7b,Linea de tiempo,1.045
3606,Option Group (wml),es,Spanish,qwen2.5-coder:7b,Grupo de Opciones (wml),1.512
3607,USB device,es,Spanish,qwen2.5-coder:7b,Dispositivo USB,1.045
3608,Key type:,es,Spanish,qwen2.5-coder:7b,Tipo de clave:,0.92
3609,& Text-to-Speech,es,Spanish,qwen2.5-coder:7b,& Texto a Voz,1.104
3610,not,es,Spanish,qwen2.5-coder:7b,no,0.722
3611,File extensions:,es,Spanish,qwen2.5-coder:7b,Extensiones de archivo:,1.021
3612,Current score:,es,Spanish,qwen2.5-coder:7b,Puntuación actual:,0.952
3613,Read bmpx,es,Spanish,qwen2.5-coder:7b,Leer bmpx,1.135
3614,& Unmount,es,Spanish,qwen2.5-coder:7b,& Desmontar,0.882
3615,History-based,es,Spanish,qwen2.5-coder:7b,Basado en historial,1.168
3616,Average:,es,Spanish,qwen2.5-coder:7b,Promedio:,0.797
3617,Outgoing:,es,Spanish,qwen2.5-coder:7b,Saliente:,0.877
3618,Enter Signal,es,Spanish,qwen2.5-coder:7b,Introduce Señal,1.168
3619,Spikes:,es,Spanish,qwen2.5-coder:7b,Salientes:,0.867
3620,Domain Name:,es,Spanish,qwen2.5-coder:7b,Nombre de Dominio:,0.935
3621,Change Board Layout,es,Spanish,qwen2.5-coder:7b,Cambiar la disposición del tablero,1.409
3622,Time Calculators,es,Spanish,qwen2.5-coder:7b,Calculadoras de Tiempo,0.971
3623,spacing:,es,Spanish,qwen2.5-coder:7b,espaciado:,0.873
3624,KHTML Userscript Installer,es,Spanish,qwen2.5-coder:7b,Instalador de Usuarios de KHTML,1.523
3625,Edit Host,es,Spanish,qwen2.5-coder:7b,Editar Host,0.848
3626,Title & Alignment,es,Spanish,qwen2.5-coder:7b,Titulo & Alineación,1.174
3627,Circuit,es,Spanish,qwen2.5-coder:7b,Circuito,0.718
3628,LightBlue3,es,Spanish,qwen2.5-coder:7b,AzulClaro3,0.953
3629,Access log file,es,Spanish,qwen2.5-coder:7b,Archivo de registro de acceso,1.202
3630,User Help,es,Spanish,qwen2.5-coder:7b,Ayuda del Usuario,0.854
3631,User certificate:,es,Spanish,qwen2.5-coder:7b,Certificado de usuario:,1.02
3632,Line Break,es,Spanish,qwen2.5-coder:7b,Salto de línea,1.052
3633,Trigonometry Functions,es,Spanish,qwen2.5-coder:7b,Funciones Trigonométricas,1.209
3634,Keyboard & Layout:,es,Spanish,qwen2.5-coder:7b,Teclado & Diseño:,1.228
3635,Info window,es,Spanish,qwen2.5-coder:7b,Ventana de información,0.977
3636,Aleutian Islands,es,Spanish,qwen2.5-coder:7b,Islas Aleutianas,1.102
3637,Symbol List,es,Spanish,qwen2.5-coder:7b,Lista de Símbolos,1.344
3638,Content,es,Spanish,qwen2.5-coder:7b,Contenido,0.618
3639,64th,es,Spanish,qwen2.5-coder:7b,64º,0.928
3640,Traffic & Plotter,es,Spanish,qwen2.5-coder:7b,Tráfico & Gráfico,1.172
3641,Members:,es,Spanish,qwen2.5-coder:7b,Miembros:,0.767
3642,Account balance=%1,es,Spanish,qwen2.5-coder:7b,Saldo de cuenta=%1,1.278
3643,Skipping %1,es,Spanish,qwen2.5-coder:7b,Omitiendo %1,1.167
3644,Adjust Volume,es,Spanish,qwen2.5-coder:7b,Ajustar Volumen,1.022
3645,Ball Bouncing Game,es,Spanish,qwen2.5-coder:7b,Juego de Pelota Rebotando,1.302
3646,Already Running,es,Spanish,qwen2.5-coder:7b,Ya en Ejecución,0.973
3647,Browseable,es,Spanish,qwen2.5-coder:7b,Navegable,0.839
3648,Contact Actions,es,Spanish,qwen2.5-coder:7b,Acciones de Contacto,1.154
3649,of Kislev,es,Spanish,qwen2.5-coder:7b,de Kislev,0.76
3650,Subtitle,es,Spanish,qwen2.5-coder:7b,Subtítulo,0.687
3651,Certificate Password,es,Spanish,qwen2.5-coder:7b,Contraseña del Certificado,0.903
3652,Owning Group,es,Spanish,qwen2.5-coder:7b,Grupo Propietario,1.095
3653,Style Script,es,Spanish,qwen2.5-coder:7b,Script de Estilo,1.063
3654,Print range,es,Spanish,qwen2.5-coder:7b,Imprimir rango,0.885
3655,Run Project via KXSLDbg,es,Spanish,qwen2.5-coder:7b,Ejecutar Proyecto con KXSLDbg,1.857
3656,Colorize,es,Spanish,qwen2.5-coder:7b,Colorizar,0.871
3657,PPTP settings,es,Spanish,qwen2.5-coder:7b,Configuración PPTP,1.436
3658,Modify Host,es,Spanish,qwen2.5-coder:7b,Modificar Host,0.821
3659,Section Level 3,es,Spanish,qwen2.5-coder:7b,Sección Nivel 3,1.094
3660,LocalDomainFilter,es,Spanish,qwen2.5-coder:7b,FiltroDeDominioLocal,1.043
3661,RosyBrown2,es,Spanish,qwen2.5-coder:7b,RosyBrown2,0.889
3662,Resize Row,es,Spanish,qwen2.5-coder:7b,Redimensionar Fila,1.134
3663,Forward,es,Spanish,qwen2.5-coder:7b,Adelante,0.881
3664,Screen Manager,es,Spanish,qwen2.5-coder:7b,Administrador de Pantallas,1.091
3665,DVD Size,es,Spanish,qwen2.5-coder:7b,Tamaño de DVD,0.925
3666,LightSkyBlue3,es,Spanish,qwen2.5-coder:7b,Aqua,0.703
3667,Multi-Channel,es,Spanish,qwen2.5-coder:7b,Multi-Canal,1.024
3668,& None,es,Spanish,qwen2.5-coder:7b,& Ninguno,0.698
3669,Fibers,es,Spanish,qwen2.5-coder:7b,Fibra,0.805
3670,& Fleet Overview,es,Spanish,qwen2.5-coder:7b,& Vista General de la Flota,1.231
3671,& Pitch,es,Spanish,qwen2.5-coder:7b,& Acorde,0.766
3672,DST rule:,es,Spanish,qwen2.5-coder:7b,Regla DST:,0.953
3673,QMake Binary:,es,Spanish,qwen2.5-coder:7b,Binario de QMake:,1.116
3674,Hip-Hop,es,Spanish,qwen2.5-coder:7b,Hip-Hop,0.758
3675,27th Last,es,Spanish,qwen2.5-coder:7b,27º Último,1.369
3676,Emphasize (wml),es,Spanish,qwen2.5-coder:7b,Destacar (wml),1.396
3677,Filename:,es,Spanish,qwen2.5-coder:7b,Nombre de archivo:,0.808
3678,& General,es,Spanish,qwen2.5-coder:7b,& General,0.738
3679,& Blue,es,Spanish,qwen2.5-coder:7b,& Azul,0.69
3680,& Edit Sensor...,es,Spanish,qwen2.5-coder:7b,& Editar Sensor...,0.92
3681,Navigation Panel,es,Spanish,qwen2.5-coder:7b,Panel de Navegación,1.009
3682,Bond length,es,Spanish,qwen2.5-coder:7b,Longitud de enlace,0.917
3683,Instruction Jump,es,Spanish,qwen2.5-coder:7b,Salto de Instrucción,1.245
3684,Warnings,es,Spanish,qwen2.5-coder:7b,Avisos,0.721
3685,StorageInfo,es,Spanish,qwen2.5-coder:7b,Info de Almacenamiento,1.171
3686,Form Completion,es,Spanish,qwen2.5-coder:7b,Completado del Formulario,1.212
3687,ConstraintSolver,es,Spanish,qwen2.5-coder:7b,Solver de Restricciones,1.008
3688,& Keyboard Layout:,es,Spanish,qwen2.5-coder:7b,& DISTRIBUCIÓN DE TECLAS:,1.496
3689,& Right Side,es,Spanish,qwen2.5-coder:7b,& Derecha,0.806
3690,logout,es,Spanish,qwen2.5-coder:7b,cerrar sesión,0.918
3691,Table Shape,es,Spanish,qwen2.5-coder:7b,Forma de la tabla,1.083
3692,Income,es,Spanish,qwen2.5-coder:7b,Ingresos,0.677
3693,To amount,es,Spanish,qwen2.5-coder:7b,Para la cantidad,0.937
3694,KColorScheme configuration file,es,Spanish,qwen2.5-coder:7b,Archivo de configuración de KColorScheme,1.51
3695,F5 Copy,es,Spanish,qwen2.5-coder:7b,F5 Copiar,0.869
3696,& Standard Headers,es,Spanish,qwen2.5-coder:7b,& Cabeceras Estándar,1.132
3697,& Copy To,es,Spanish,qwen2.5-coder:7b,& Copiar A,0.905
3698,Reply-To address,es,Spanish,qwen2.5-coder:7b,Dirección de respuesta,1.13
3699,Extraction Dialog,es,Spanish,qwen2.5-coder:7b,Diálogo de Extracción,1.278
3700,(Away),es,Spanish,qwen2.5-coder:7b,(Away),0.73
3701,Overwrite Mode,es,Spanish,qwen2.5-coder:7b,Modo de Sobrescritura,1.371
3702,Credits,es,Spanish,qwen2.5-coder:7b,Créditos,0.666
3703,fade curve,es,Spanish,qwen2.5-coder:7b,curva de desvanecimiento,1.115
3704,Afghanistan Afghani,es,Spanish,qwen2.5-coder:7b,Afghanistán Afghani,1.422
3705,Mutt dotlock privileged,es,Spanish,qwen2.5-coder:7b,Permisos de Mutt dotlock,1.538
3706,New profile wizard PPTP,es,Spanish,qwen2.5-coder:7b,Nuevo asistente de perfil PPTP,1.612
3707,Fraction,es,Spanish,qwen2.5-coder:7b,Fracción,0.576
3708,WiFi Geolocation,es,Spanish,qwen2.5-coder:7b,Geolocalización de WiFi,1.063
3709,Angle (degrees),es,Spanish,qwen2.5-coder:7b,Ángulo (grados),1.225
3710,Key Management,es,Spanish,qwen2.5-coder:7b,Gestión de Claves,1.072
3711,JourneysArr,es,Spanish,qwen2.5-coder:7b,Viajes,0.702
3712,Maximum Request Size,es,Spanish,qwen2.5-coder:7b,Tamaño Máximo de Petición,1.175
3713,"DCOPID=`dcop _BAR_ grep karm ` if [$DCOPID] then dcop $DCOPID KarmDCOPIface else echo ""karm; not running"" fi",es,Spanish,qwen2.5-coder:7b,"DCOPID=`dcop _BAR_ grep karm ` if [$DCOPID] then dcop $DCOPID KarmDCOPIface else echo ""karm; no está ejecutando"" fi",3.806
3714,Document Properties,es,Spanish,qwen2.5-coder:7b,Propiedades del Documento,0.862
3715,Kernel change notify,es,Spanish,qwen2.5-coder:7b,Actualización del núcleo notificada,1.505
3716,Management card,es,Spanish,qwen2.5-coder:7b,Tarjeta de gestión,0.835
3717,Colour Correction,es,Spanish,qwen2.5-coder:7b,Corrección de Color,1.154
3718,Style area,es,Spanish,qwen2.5-coder:7b,Área de estilo,1.051
3719,Velocity X:,es,Spanish,qwen2.5-coder:7b,Velocidad X:,1.051
3720,Article List Colors,es,Spanish,qwen2.5-coder:7b,Lista de Colores de Artículos,1.394
3721,Brazil/ DeNoronha,es,Spanish,qwen2.5-coder:7b,Brazil/ DeNoronha,1.365
3722,Open Files,es,Spanish,qwen2.5-coder:7b,Abrir Archivos,0.874
3723,Node Properties,es,Spanish,qwen2.5-coder:7b,Propiedades del Nodo,0.901
3724,Terminal-based,es,Spanish,qwen2.5-coder:7b,Basado en terminal,0.987
3725,Quits & kgeography;,es,Spanish,qwen2.5-coder:7b,Sale & kgeography;,1.3
3726,PHP Manual Integration,es,Spanish,qwen2.5-coder:7b,Integración del Manual de PHP,1.161
3727,XSLT file:,es,Spanish,qwen2.5-coder:7b,Archivo XSLT:,1.122
3728,The URL %1 does not contain {searchTerms}.,es,Spanish,qwen2.5-coder:7b,La URL %1 no contiene {searchTerms}.,2.0
3729,Serial controller,es,Spanish,qwen2.5-coder:7b,Controlador de serie,0.844
3730,Card,es,Spanish,qwen2.5-coder:7b,Tarjeta,0.62
3731,Acetyle salicylic acid,es,Spanish,qwen2.5-coder:7b,Ácido salicílico acetilado,1.519
3732,localPosition2Variance,es,Spanish,qwen2.5-coder:7b,localPosition2Varianza,1.329
3733,Show scrollbar,es,Spanish,qwen2.5-coder:7b,Mostrar barra de desplazamiento,1.483
3734,Filters (Advanced),es,Spanish,qwen2.5-coder:7b,Filtros (Avanzado),1.237
3735,ImagePlugin_Texture,es,Spanish,qwen2.5-coder:7b,Plugin_Textura,0.979
3736,Tunneled TLS,es,Spanish,qwen2.5-coder:7b,TLS Encaminado,0.905
3737,Textual,es,Spanish,qwen2.5-coder:7b,Texto,0.514
3738,Do not Know,es,Spanish,qwen2.5-coder:7b,No sabes,0.744
3739,Final,es,Spanish,qwen2.5-coder:7b,Final,0.512
3740,Factory shape,es,Spanish,qwen2.5-coder:7b,Forma de fábrica,1.305
3741,Nordic,es,Spanish,qwen2.5-coder:7b,Nordico,0.745
3742,First element:,es,Spanish,qwen2.5-coder:7b,Primer elemento:,0.945
3743,CA domain,es,Spanish,qwen2.5-coder:7b,dominio CA,0.825
3744,Outline Quality,es,Spanish,qwen2.5-coder:7b,Calidad del Esquema,0.995
3745,X resolution:,es,Spanish,qwen2.5-coder:7b,Resolución X:,0.942
3746,Rotate photo,es,Spanish,qwen2.5-coder:7b,Girar foto,0.886
3747,%1 does not exist.,es,Spanish,qwen2.5-coder:7b,%1 no existe.,0.999
3748,Serial Port #1 (NetBSD),es,Spanish,qwen2.5-coder:7b,Serial Port #1 (NetBSD),1.563
3749,Plugins,es,Spanish,qwen2.5-coder:7b,Complementos,0.874
3750,Sound bell,es,Spanish,qwen2.5-coder:7b,Sonar campana,1.096
3751,Temperature (December),es,Spanish,qwen2.5-coder:7b,Temperatura (Diciembre),1.36
3752,Data Store shape,es,Spanish,qwen2.5-coder:7b,Forma del Almacén de Datos,1.414
3753,Conics,es,Spanish,qwen2.5-coder:7b,Conicas,0.797
3754,***** output file:,es,Spanish,qwen2.5-coder:7b,***** archivo de salida:,1.041
3755,Log level:,es,Spanish,qwen2.5-coder:7b,Nivel de registro:,0.893
3756,Residue Color Settings,es,Spanish,qwen2.5-coder:7b,Ajustes de Color de Residuo,1.471
3757,Background Color:,es,Spanish,qwen2.5-coder:7b,Color de fondo:,0.911
3758,Paper size (cm):,es,Spanish,qwen2.5-coder:7b,Tamaño de papel (cm):,1.292
3759,Rectangle Shape,es,Spanish,qwen2.5-coder:7b,Forma Rectangular,0.99
3760,My Games,es,Spanish,qwen2.5-coder:7b,Mis Juegos,0.735
3761,PPD Version,es,Spanish,qwen2.5-coder:7b,Versión PPD,0.84
3762,Prussia,es,Spanish,qwen2.5-coder:7b,Prusia,0.713
3763,Print Geometry,es,Spanish,qwen2.5-coder:7b,Imprimir Geometría,0.965
3764,Ctrl; Q Quit,es,Spanish,qwen2.5-coder:7b,Ctrl; Q Salir,1.217
3765,merge,es,Spanish,qwen2.5-coder:7b,fusionar,0.786
3766,Ssh User name,es,Spanish,qwen2.5-coder:7b,Nombre de usuario SSH,1.079
3767,Profile Assignment,es,Spanish,qwen2.5-coder:7b,Asignación de Perfil,1.067
3768,& Delete,es,Spanish,qwen2.5-coder:7b,& Eliminar,0.841
3769,Image Preview,es,Spanish,qwen2.5-coder:7b,Vista previa de imagen,1.261
3770,Album View,es,Spanish,qwen2.5-coder:7b,Vista de Álbum,1.264
3771,LDAP Requests,es,Spanish,qwen2.5-coder:7b,Requisitos LDAP,1.027
3772,Remove Script,es,Spanish,qwen2.5-coder:7b,Eliminar Script,0.807
3773,Finish wizard,es,Spanish,qwen2.5-coder:7b,Terminar asistente,1.186
3774,Valid Until,es,Spanish,qwen2.5-coder:7b,Válido Hasta,0.992
3775,Repeat Tool,es,Spanish,qwen2.5-coder:7b,Herramienta de Repetición,1.315
3776,internal part,es,Spanish,qwen2.5-coder:7b,parte interna,0.993
3777,Change Tracker,es,Spanish,qwen2.5-coder:7b,Seguimiento de Cambios,1.244
3778,Control Center,es,Spanish,qwen2.5-coder:7b,Centro de Control,0.87
3779,Phishing Alert,es,Spanish,qwen2.5-coder:7b,Alerta de Phishing,0.973
3780,Execute on all operations,es,Spanish,qwen2.5-coder:7b,Ejecutar en todas las operaciones,1.384
3781,Vibraphone,es,Spanish,qwen2.5-coder:7b,Vibraphone,0.922
3782,Clipboard history,es,Spanish,qwen2.5-coder:7b,Historial del portapapeles,1.354
3783,Far Blur,es,Spanish,qwen2.5-coder:7b,Lejano Desenfoque,1.343
3784,& Additional Comments:,es,Spanish,qwen2.5-coder:7b,& Comentarios Adicionales:,1.167
3785,South Korea,es,Spanish,qwen2.5-coder:7b,Corea del Sur,0.862
3786,Tape size:,es,Spanish,qwen2.5-coder:7b,Tamaño de cinta:,1.036
3787,Contents Settings,es,Spanish,qwen2.5-coder:7b,Ajustes de Contenido,1.141
3788,Profile path:,es,Spanish,qwen2.5-coder:7b,Ruta del perfil:,1.006
3789,Assembly file,es,Spanish,qwen2.5-coder:7b,Archivo de ensamblaje,1.004
3790,Ignore unsafe symlinks,es,Spanish,qwen2.5-coder:7b,Ignora enlaces simbólicos inseguros,1.797
3791,As & Web,es,Spanish,qwen2.5-coder:7b,Como & Web,0.984
3792,Bulgarian Lev,es,Spanish,qwen2.5-coder:7b,Bulgar Lev,0.896
3793,Kexi Relation Design,es,Spanish,qwen2.5-coder:7b, Diseño de Relación Kexi,1.514
3794,%1: Operation Report,es,Spanish,qwen2.5-coder:7b,%1: Informe de Operación,1.402
3795,& Delete Feed,es,Spanish,qwen2.5-coder:7b,& Eliminar Fuente,1.086
3796,F8 Delete,es,Spanish,qwen2.5-coder:7b,F8 Eliminar,0.887
3797,Count:,es,Spanish,qwen2.5-coder:7b,Contar:,0.786
3798,Copy budget,es,Spanish,qwen2.5-coder:7b,Compartir presupuesto,1.102
3799,Master Volume,es,Spanish,qwen2.5-coder:7b,Volumen Maestro,1.139
3800,Rename object,es,Spanish,qwen2.5-coder:7b,Renombrar objeto,1.18
3801,CadetBlue1,es,Spanish,qwen2.5-coder:7b,CadetBlue1,0.897
3802,Remove Mask,es,Spanish,qwen2.5-coder:7b,Quitar Máscara,1.128
3803,To Narrowest,es,Spanish,qwen2.5-coder:7b,Al Mínimo,1.089
3804,& View Source,es,Spanish,qwen2.5-coder:7b,& Ver Código Fuente,1.04
3805,NT domain name,es,Spanish,qwen2.5-coder:7b,Nombre de dominio NT,1.021
3806,Albums by %1,es,Spanish,qwen2.5-coder:7b,Álbumes de %1,1.258
3807,TCP Port,es,Spanish,qwen2.5-coder:7b,Puerto TCP,0.75
3808,Under-Exposure Indicator,es,Spanish,qwen2.5-coder:7b,Indicador de Exposición Insuficiente,1.513
3809,Upload Profiles,es,Spanish,qwen2.5-coder:7b,Subir Perfiles,0.853
3810,Directory %1 does not exist!,es,Spanish,qwen2.5-coder:7b,El directorio %1 no existe!,1.529
3811,Text actions,es,Spanish,qwen2.5-coder:7b,Acciones de texto,1.062
3812,Play & Recent,es,Spanish,qwen2.5-coder:7b,Reproducir & Recientes,1.334
3813,Quality:,es,Spanish,qwen2.5-coder:7b,Calidad:,0.682
3814,Postponed:,es,Spanish,qwen2.5-coder:7b,Reprogramado:,1.022
3815,notification dialogs,es,Spanish,qwen2.5-coder:7b,diálogos de notificación,1.362
3816,& Turn off computer,es,Spanish,qwen2.5-coder:7b,& Apagar computadora,1.112
3817,Database Permissions,es,Spanish,qwen2.5-coder:7b,Permisos de la Base de Datos,1.33
3818,Time Seeded,es,Spanish,qwen2.5-coder:7b,Semilla de Tiempo,1.17
3819,position2Variance,es,Spanish,qwen2.5-coder:7b,varianza2Posición,1.324
3820,& Minimum movement:,es,Spanish,qwen2.5-coder:7b,& Movimiento mínimo:,0.987
3821,City name,es,Spanish,qwen2.5-coder:7b,Nombre de la ciudad,0.871
3822,Feed Properties,es,Spanish,qwen2.5-coder:7b,Propiedades del Flujo,0.946
3823,Question,es,Spanish,qwen2.5-coder:7b,Pregunta,0.693
3824,Widescreen,es,Spanish,qwen2.5-coder:7b,Pantalla amplia,0.96
3825,Deform brush,es,Spanish,qwen2.5-coder:7b,Pincel deformado,0.979
3826,Retry search,es,Spanish,qwen2.5-coder:7b,Reintentar búsqueda,0.813
3827,& Quit reason:,es,Spanish,qwen2.5-coder:7b,& Motivo de salida:,1.034
3828,Print Progress,es,Spanish,qwen2.5-coder:7b,Progreso de Impresión,1.206
3829,& Subnetwork:,es,Spanish,qwen2.5-coder:7b,& Subred:,0.883
3830,Annotations:,es,Spanish,qwen2.5-coder:7b,Anotaciones:,0.869
3831,Observing List Wizard,es,Spanish,qwen2.5-coder:7b,Guía de Lista de Observación,1.431
3832,Light yellow,es,Spanish,qwen2.5-coder:7b,Amarillo claro,0.834
3833,& Frequency,es,Spanish,qwen2.5-coder:7b,& Frecuencia,0.833
3834,Image size: %1 x %2,es,Spanish,qwen2.5-coder:7b,Tamaño de imagen: %1 x %2,1.828
3835,Pattern tool,es,Spanish,qwen2.5-coder:7b,Herramienta de patrón,1.362
3836,American Samoa,es,Spanish,qwen2.5-coder:7b,Samoa Americana,0.864
3837,Documentation,es,Spanish,qwen2.5-coder:7b,Documentación,0.821
3838,Unknown processor,es,Spanish,qwen2.5-coder:7b,Procesador desconocido,1.041
3839,Finished:,es,Spanish,qwen2.5-coder:7b,Terminado:,0.872
3840,Quick Select,es,Spanish,qwen2.5-coder:7b,Selección Rápida,0.895
3841,& German,es,Spanish,qwen2.5-coder:7b,& Aleman,0.718
3842,Stop search,es,Spanish,qwen2.5-coder:7b,Detener búsqueda,0.987
3843,Descending,es,Spanish,qwen2.5-coder:7b,Descendente,0.868
3844,Seldom,es,Spanish,qwen2.5-coder:7b,A veces,0.708
3845,window settings,es,Spanish,qwen2.5-coder:7b,configuración de la ventana,1.21
3846,Ready.,es,Spanish,qwen2.5-coder:7b,Listo.,0.7
3847,Drippiness,es,Spanish,qwen2.5-coder:7b,Escamas,0.924
3848,Custom (%1),es,Spanish,qwen2.5-coder:7b,Personalizado (%1),1.081
3849,Function Plotter,es,Spanish,qwen2.5-coder:7b,Gráfico de Función,1.199
3850,white space,es,Spanish,qwen2.5-coder:7b,espacio blanco,0.733
3851,Game Status,es,Spanish,qwen2.5-coder:7b,Estado del Juego,0.811
3852,Mount,es,Spanish,qwen2.5-coder:7b,Montar,0.583
3853,Popup,es,Spanish,qwen2.5-coder:7b,Ventana emergente,1.022
3854,umbrello; 's User Interface,es,Spanish,qwen2.5-coder:7b,umbrello; 's Interfaz de Usuario,1.855
3855,image %1,es,Spanish,qwen2.5-coder:7b,imagen %1,1.012
3856,(Current field),es,Spanish,qwen2.5-coder:7b,(Campo actual),0.874
3857,Subscript,es,Spanish,qwen2.5-coder:7b,Subíndice,0.872
3858,Table Row (wml),es,Spanish,qwen2.5-coder:7b,Tabla de Fila (wml),1.459
3859,& Phone Contacts,es,Spanish,qwen2.5-coder:7b,& Contactos de Teléfono,1.109
3860,Fear Circle,es,Spanish,qwen2.5-coder:7b,Círculo de Miedo,1.128
3861,X Server Information,es,Spanish,qwen2.5-coder:7b,Información del Servidor X,1.193
3862,Grandfather,es,Spanish,qwen2.5-coder:7b,Abuelo,0.946
3863,Phone Call,es,Spanish,qwen2.5-coder:7b,Llamada telefónica,1.063
3864,Panel Settings,es,Spanish,qwen2.5-coder:7b,Ajustes del Panel,1.038
3865,Moving Stencils,es,Spanish,qwen2.5-coder:7b,Moviendo Stencil,1.076
3866,Next Target >,es,Spanish,qwen2.5-coder:7b,Próximo Objetivo >,1.332
3867,Arcade Game,es,Spanish,qwen2.5-coder:7b,Juego de Arcade,0.956
3868,Pictures directory:,es,Spanish,qwen2.5-coder:7b,Directorio de imágenes:,0.993
3869,Manager,es,Spanish,qwen2.5-coder:7b,Administrador,0.777
3870,Line Width,es,Spanish,qwen2.5-coder:7b,Ancho de línea,0.849
3871,Y speed,es,Spanish,qwen2.5-coder:7b,Y velocidad,0.842
3872,lathe,es,Spanish,qwen2.5-coder:7b,lathe,0.633
3873,Property,es,Spanish,qwen2.5-coder:7b,Propiedad,0.59
3874,Bounce,es,Spanish,qwen2.5-coder:7b,Rebotar,0.721
3875,Open With,es,Spanish,qwen2.5-coder:7b,Abrir con,0.717
3876,Connection & name:,es,Spanish,qwen2.5-coder:7b,Conexión & nombre:,1.121
3877,Table Body,es,Spanish,qwen2.5-coder:7b,Cuerpo de la tabla,1.009
3878,& Volume name:,es,Spanish,qwen2.5-coder:7b,& Nombre del volumen:,1.03
3879,Read Only,es,Spanish,qwen2.5-coder:7b,Solo Lectura,0.937
3880,Bit Order,es,Spanish,qwen2.5-coder:7b,Orden de Bits,0.733
3881,of Rajab,es,Spanish,qwen2.5-coder:7b,de Rajab,0.773
3882,Network Type,es,Spanish,qwen2.5-coder:7b,Tipo de Red,0.931
3883,Grabber Widget Based,es,Spanish,qwen2.5-coder:7b,Widget de Capturador,1.223
3884,No Date,es,Spanish,qwen2.5-coder:7b,No Fecha,0.739
3885,lost+found,es,Spanish,qwen2.5-coder:7b,perdidos+yencontrados,1.316
3886,SeaGreen,es,Spanish,qwen2.5-coder:7b,VerdeMarino,0.802
3887,Cordless Optical TrackMan,es,Spanish,qwen2.5-coder:7b,TrackMan Inalámbrico Óptico,1.762
3888,String Matching,es,Spanish,qwen2.5-coder:7b,Coincidencia de Cadenas,1.099
3889,& Numbers:,es,Spanish,qwen2.5-coder:7b,& Números:,0.795
3890,Interior,es,Spanish,qwen2.5-coder:7b,Interior,0.521
3891,My Comic Books,es,Spanish,qwen2.5-coder:7b,Mis cómics,0.916
3892,& Center,es,Spanish,qwen2.5-coder:7b,& Centro,0.665
3893,Matching anything,es,Spanish,qwen2.5-coder:7b,Coincidiendo con cualquier cosa,1.319
3894,Do n't rotate,es,Spanish,qwen2.5-coder:7b,No gire,0.869
3895,Complete:,es,Spanish,qwen2.5-coder:7b,Completar:,0.849
3896,Light Blue,es,Spanish,qwen2.5-coder:7b,Azul Claro,0.828
3897,& Validate,es,Spanish,qwen2.5-coder:7b,& Validar,0.739
3898,æ (#230;) Small ae ligature,es,Spanish,qwen2.5-coder:7b,æ (#230;) Ligatura pequeña de 'ae,2.17
3899,Geolocation IP,es,Spanish,qwen2.5-coder:7b,Geolocalización IP,1.214
3900,& Open Certificate Manager...,es,Spanish,qwen2.5-coder:7b,& Abrir Administrador de Certificados...,1.412
3901,Not started,es,Spanish,qwen2.5-coder:7b,No iniciado,0.877
3902,Tabulature,es,Spanish,qwen2.5-coder:7b,Tablatura,0.993
3903,%1: Connected,es,Spanish,qwen2.5-coder:7b,%1: Conectado,1.18
3904,General Options,es,Spanish,qwen2.5-coder:7b,Opciones Generales,0.872
3905,Peruvian Nuevo Sol,es,Spanish,qwen2.5-coder:7b,Sol peruano,0.814
3906,Zoom level:,es,Spanish,qwen2.5-coder:7b,Nivel de zoom:,0.97
3907,Output File:,es,Spanish,qwen2.5-coder:7b,Archivo de salida:,0.921
3908,Please wait,es,Spanish,qwen2.5-coder:7b,"Por favor, espere",0.913
3909,Layer name:,es,Spanish,qwen2.5-coder:7b,Nombre de la capa:,1.101
3910,Do not wait,es,Spanish,qwen2.5-coder:7b,No esperes,0.756
3911,Ryan Cumming (ryan at kde org): Core developer,es,Spanish,qwen2.5-coder:7b,Ryan Cumming (ryan at kde org): Desarrollador principal,2.451
3912,Math mode,es,Spanish,qwen2.5-coder:7b,Modo matemático,1.168
3913,Festival speech synthesizer,es,Spanish,qwen2.5-coder:7b,Synthesizador de discursos de festival,1.502
3914,WBS Definition,es,Spanish,qwen2.5-coder:7b,Definición de WBS,1.024
3915,MPlayerThumbs Configuration Utility,es,Spanish,qwen2.5-coder:7b,Utilidad de Configuración de MPlayerThumbs,1.788
3916,finish,es,Spanish,qwen2.5-coder:7b,terminar,0.815
3917,"Could not open project ""%1"".",es,Spanish,qwen2.5-coder:7b,"No se pudo abrir el proyecto ""%1"".",1.443
3918,Color Similarity,es,Spanish,qwen2.5-coder:7b,Similitud de Color,1.116
3919,PixiePlus Image Manager,es,Spanish,qwen2.5-coder:7b,Administrador de Imágenes PixiePlus,1.555
3920,This year,es,Spanish,qwen2.5-coder:7b,Este año,0.633
3921,GroupingPanel,es,Spanish,qwen2.5-coder:7b,Panel de Agrupación,0.982
3922,Working with & knode;,es,Spanish,qwen2.5-coder:7b,Trabajando con & knode;,1.441
3923,Birds-eye View,es,Spanish,qwen2.5-coder:7b,Vista Aérea,1.033
3924,Entertainment encryption device,es,Spanish,qwen2.5-coder:7b,Dispositivo de cifrado de entretenimiento,1.721
3925,Class Associations,es,Spanish,qwen2.5-coder:7b,Asociaciones de Clases,1.142
3926,Content:,es,Spanish,qwen2.5-coder:7b,Contenido:,0.808
3927,Audio Recorder,es,Spanish,qwen2.5-coder:7b,Grabadora de Audio,1.073
3928,Storage Media Notifications,es,Spanish,qwen2.5-coder:7b,Notificaciones de Medios de Almacenamiento,1.432
3929,feet,es,Spanish,qwen2.5-coder:7b,pies,0.526
3930,Compositing is disabled,es,Spanish,qwen2.5-coder:7b,El composición está desactivada,1.371
3931,Revert,es,Spanish,qwen2.5-coder:7b,Revertir,0.713
3932,Asia/ Singapore,es,Spanish,qwen2.5-coder:7b,Asia/ Singapur,0.87
3933,Master Page,es,Spanish,qwen2.5-coder:7b,Pagina Maestra,1.136
3934,KSysGuard Developers,es,Spanish,qwen2.5-coder:7b,Desarrolladores de KSysGuard,1.338
3935,HalfTone,es,Spanish,qwen2.5-coder:7b,HalfTone,1.003
3936,Altar,es,Spanish,qwen2.5-coder:7b,Altar,0.627
3937,24-bit Color,es,Spanish,qwen2.5-coder:7b,Color de 24 bits,1.266
3938,Passive Downloads,es,Spanish,qwen2.5-coder:7b,Descargas Pasivas,0.86
3939,Receive,es,Spanish,qwen2.5-coder:7b,Recibir,0.6
3940,forty,es,Spanish,qwen2.5-coder:7b,cuarenta,0.739
3941,& Random Hole,es,Spanish,qwen2.5-coder:7b,& hueco aleatorio,0.925
3942,Raw Colors:,es,Spanish,qwen2.5-coder:7b,Colores Raw:,0.93
3943,Unions,es,Spanish,qwen2.5-coder:7b,Uniones,0.612
3944,session,es,Spanish,qwen2.5-coder:7b,sesión,0.596
3945,Insert in Project,es,Spanish,qwen2.5-coder:7b,Insertar en Proyecto,1.144
3946,& New:,es,Spanish,qwen2.5-coder:7b,& Nuevo:,0.708
3947,KTouch keyboard editor,es,Spanish,qwen2.5-coder:7b,Editor de teclado de KTouch,1.445
3948,Nepomuk store size:,es,Spanish,qwen2.5-coder:7b,Tamaño del almacén de Nepomuk:,1.605
3949,Unlisted Shell,es,Spanish,qwen2.5-coder:7b,Shell Deslistado,1.057
3950,Function Optimizer...,es,Spanish,qwen2.5-coder:7b,Optimizador de Funciones...,1.298
3951,Other folder:,es,Spanish,qwen2.5-coder:7b,Otra carpeta:,1.048
3952,Default maximum share ratio:,es,Spanish,qwen2.5-coder:7b,Proporción máxima predeterminada:,1.437
3953,Custom filter rules:,es,Spanish,qwen2.5-coder:7b,Reglas de filtro personalizadas:,1.289
3954,Not managed,es,Spanish,qwen2.5-coder:7b,No gestionado,0.701
3955,Output Levels,es,Spanish,qwen2.5-coder:7b,Niveles de Salida,0.985
3956,Encrypt...,es,Spanish,qwen2.5-coder:7b,Encriptar...,0.894
3957,"MID(""KOffice ""; 2) returns"" Office """,es,Spanish,qwen2.5-coder:7b,"MID(""KOffice ""; 2) devuelve"" Office ",2.142
3958,honeydew4,es,Spanish,qwen2.5-coder:7b,honeydew4,1.046
3959,Organizational unit:,es,Spanish,qwen2.5-coder:7b,Unidad organizacional:,1.119
3960,Quit & kspaceduel;,es,Spanish,qwen2.5-coder:7b,Abandonar & kspaceduel;,1.583
3961,& Constellation lines,es,Spanish,qwen2.5-coder:7b,& Líneas de constelación,1.427
3962,Copy of,es,Spanish,qwen2.5-coder:7b,Copia de,0.876
3963,& Foreground color:,es,Spanish,qwen2.5-coder:7b,& Color de primer plano:,1.124
3964,Revision Date,es,Spanish,qwen2.5-coder:7b,Fecha de Revisión,1.069
3965,Thanks to,es,Spanish,qwen2.5-coder:7b,Gracias a,1.024
3966,Search for '%1 'with,es,Spanish,qwen2.5-coder:7b,Buscar '%1' con,1.283
3967,polygon,es,Spanish,qwen2.5-coder:7b,polígono,0.699
3968,Paused,es,Spanish,qwen2.5-coder:7b,En pausa,0.893
3969,Texture filter:,es,Spanish,qwen2.5-coder:7b,Filter de textura:,0.998
3970,Configuration dialog,es,Spanish,qwen2.5-coder:7b,Diálogo de configuración,1.246
3971,Identifier expected,es,Spanish,qwen2.5-coder:7b,Se espera un identificador,1.141
3972,Tolerance,es,Spanish,qwen2.5-coder:7b,Tolerancia,0.751
3973,Sliding popups,es,Spanish,qwen2.5-coder:7b,Popups deslizantes,1.309
3974,Pad 6 - Metallic,es,Spanish,qwen2.5-coder:7b,Placa 6 - Metálica,1.527
3975,Population size,es,Spanish,qwen2.5-coder:7b,Tamaño de la población,1.051
3976,"Failed to read ""%1"".",es,Spanish,qwen2.5-coder:7b,"Error al leer ""%1"".",1.289
3977,Glossary - \\makeglossary,es,Spanish,qwen2.5-coder:7b,Glosario - \\makeglossary,1.604
3978,house_number,es,Spanish,qwen2.5-coder:7b,número_de_casa,1.146
3979,WPA-PSK Encryption,es,Spanish,qwen2.5-coder:7b,Encriptación WPA-PSK,1.637
3980,time(s),es,Spanish,qwen2.5-coder:7b,tiempo(s),0.922
3981,Development,es,Spanish,qwen2.5-coder:7b,Desarrollo,0.684
3982,& Speak,es,Spanish,qwen2.5-coder:7b,& Hablar,0.702
3983,Indentation width:,es,Spanish,qwen2.5-coder:7b,Ancho de indentación:,1.18
3984,Accessors are inline,es,Spanish,qwen2.5-coder:7b,Los accesores son en línea,1.277
3985,Color List,es,Spanish,qwen2.5-coder:7b,Lista de Colores,0.983
3986,Reduced form:,es,Spanish,qwen2.5-coder:7b,Forma reducida:,1.106
3987,Signal,es,Spanish,qwen2.5-coder:7b,Señal,0.692
3988,Run make,es,Spanish,qwen2.5-coder:7b,Ejecutar make,0.923
3989,By & Name,es,Spanish,qwen2.5-coder:7b,Por & Nombre,0.962
3990,& Mailing List Management...,es,Spanish,qwen2.5-coder:7b,& Gestión de Listas de Correo...,1.532
3991,& XSL; Processing,es,Spanish,qwen2.5-coder:7b,& Procesamiento XSL;,1.198
3992,Tile Game,es,Spanish,qwen2.5-coder:7b,Juego de Mosaico,1.112
3993,"Selection: - Cursor: x: 0, y: 0",es,Spanish,qwen2.5-coder:7b,"Selección: - Cursor: x: 0, y: 0",2.338
3994,Print Error,es,Spanish,qwen2.5-coder:7b,Error de Impresión,1.14
3995,Allocation,es,Spanish,qwen2.5-coder:7b,Asignación,0.699
3996,300 DPI Grayscale,es,Spanish,qwen2.5-coder:7b,300 DPI Gris Escala,1.377
3997,& Fuzziness:,es,Spanish,qwen2.5-coder:7b,& Fuzziness:,0.996
3998,Lists,es,Spanish,qwen2.5-coder:7b,Listas,0.63
3999,Locale,es,Spanish,qwen2.5-coder:7b,Ubicación,0.892
4000,Service Discovery,es,Spanish,qwen2.5-coder:7b,Descubrimiento de Servicios,1.3
4001,Document Statistics,es,Spanish,qwen2.5-coder:7b,Estadísticas del Documento,1.188
4002,Gray,es,Spanish,qwen2.5-coder:7b,Gris,0.606
4003,Field Properties,es,Spanish,qwen2.5-coder:7b,Propiedades del Campo,0.84
4004,Source folder,es,Spanish,qwen2.5-coder:7b,Carpetas de origen,1.13
4005,Profile Part,es,Spanish,qwen2.5-coder:7b,Parte del Perfil,1.125
4006,Main sequence,es,Spanish,qwen2.5-coder:7b,Secuencia principal,0.92
4007,Places,es,Spanish,qwen2.5-coder:7b,Ubicaciones,0.862
4008,Connection specific,es,Spanish,qwen2.5-coder:7b,Conexión específica,1.002
4009,Production: %1,es,Spanish,qwen2.5-coder:7b,Producción: %1,0.97
4010,No Borders,es,Spanish,qwen2.5-coder:7b,Sin fronteras,0.829
4011,Focus Decoration,es,Spanish,qwen2.5-coder:7b,Decoración de Enfoque,1.226
4012,Arabia,es,Spanish,qwen2.5-coder:7b,África,0.676
4013,No active document,es,Spanish,qwen2.5-coder:7b,No documento activo,0.998
4014,Reference Unit:,es,Spanish,qwen2.5-coder:7b,Unidad de Referencia:,1.194
4015,XSync Support,es,Spanish,qwen2.5-coder:7b,Soporte de XSync,1.001
4016,Line & width:,es,Spanish,qwen2.5-coder:7b,Linea & ancho:,1.236
4017,Personal SSL,es,Spanish,qwen2.5-coder:7b,SSL Personal,0.836
4018,& Lines,es,Spanish,qwen2.5-coder:7b,& Líneas,0.921
4019,Previous year,es,Spanish,qwen2.5-coder:7b,Año anterior,0.847
4020,US A2 Invitation,es,Spanish,qwen2.5-coder:7b,Invitación A2 EE.UU.,1.463
4021,Latex style,es,Spanish,qwen2.5-coder:7b,Estilo LaTeX,0.742
4022,Light green,es,Spanish,qwen2.5-coder:7b,Verde claro,0.747
4023,Reflect in Line,es,Spanish,qwen2.5-coder:7b,Reflejar en línea,0.974
4024,X Alignment,es,Spanish,qwen2.5-coder:7b,Alineación X,0.828
4025,Equal button (=),es,Spanish,qwen2.5-coder:7b,Botón Igual (=),1.207
4026,S/ MIME signing certificate:,es,Spanish,qwen2.5-coder:7b,Certificado de firma S/MIME:,1.406
4027,Minor,es,Spanish,qwen2.5-coder:7b,Menor,0.763
4028,Upper Bitrate,es,Spanish,qwen2.5-coder:7b,Bitrate Superior,0.995
4029,Unknown album,es,Spanish,qwen2.5-coder:7b,Álbum desconocido,1.062
4030,World Clock,es,Spanish,qwen2.5-coder:7b,Reloj mundial,0.725
4031,Figure 1,es,Spanish,qwen2.5-coder:7b,Figura 1,0.868
4032,Visualization,es,Spanish,qwen2.5-coder:7b,Visualización,0.616
4033,Color-blindness simulation,es,Spanish,qwen2.5-coder:7b,Simulación de daltonismo,1.172
4034,Authentication Log File,es,Spanish,qwen2.5-coder:7b,Archivo de Registro de Autenticación,1.347
4035,Edit Tag,es,Spanish,qwen2.5-coder:7b,Editar Etiqueta,0.955
4036,Cisco - Man/ Woman,es,Spanish,qwen2.5-coder:7b,Cisco - Hombre/Mujer,1.237
4037,Work Area,es,Spanish,qwen2.5-coder:7b,Área de Trabajo,0.975
4038,Certificate Manager,es,Spanish,qwen2.5-coder:7b,Administrador de Certificados,1.153
4039,Saudi Arabia,es,Spanish,qwen2.5-coder:7b,Arabia Saudita,0.916
4040,Color Balance,es,Spanish,qwen2.5-coder:7b,Equilibrio de Color,0.89
4041,& Kernel filename:,es,Spanish,qwen2.5-coder:7b,& Nombre de archivo del kernel:,1.2
4042,Align Center (Horizontal),es,Spanish,qwen2.5-coder:7b,Alinear Centro (Horizontal),1.154
4043,Total:,es,Spanish,qwen2.5-coder:7b,Total:,0.729
4044,KGoldRunner Default,es,Spanish,qwen2.5-coder:7b,KGoldRunner Predeterminado,1.285
4045,Set beginners' speed.,es,Spanish,qwen2.5-coder:7b,Establecer velocidad para principiantes.,1.449
4046,Difficulty:,es,Spanish,qwen2.5-coder:7b,Dificultad:,0.862
4047,Remove Tabulator,es,Spanish,qwen2.5-coder:7b,Eliminar Tabulador,1.07
4048,Expiring,es,Spanish,qwen2.5-coder:7b,Expirando,0.75
4049,Adhesive Labels,es,Spanish,qwen2.5-coder:7b,Etiquetas Adhesivas,1.07
4050,File List Description,es,Spanish,qwen2.5-coder:7b,Descripción de la lista de archivos,1.313
4051,East Caribbean Dollar,es,Spanish,qwen2.5-coder:7b,Dólar del Caribe Oriental,1.176
4052,Goal following,es,Spanish,qwen2.5-coder:7b,Seguimiento de objetivos,1.045
4053,Encoder Priority,es,Spanish,qwen2.5-coder:7b,Prioridad del Codificador,1.131
4054,Group password:,es,Spanish,qwen2.5-coder:7b,Contraseña del grupo:,1.032
4055,Settings Full Screen Mode,es,Spanish,qwen2.5-coder:7b,Modo Pantalla Completa,1.261
4056,Features,es,Spanish,qwen2.5-coder:7b,Características,0.667
4057,& UML; Association,es,Spanish,qwen2.5-coder:7b,& UML; Asociación,1.358
4058,Script actions,es,Spanish,qwen2.5-coder:7b,Acciones de script,1.083
4059,Desert,es,Spanish,qwen2.5-coder:7b,Desierto,0.736
4060,Quit & ktouch;,es,Spanish,qwen2.5-coder:7b,Sal & ktouch;,1.101
4061,Prime:,es,Spanish,qwen2.5-coder:7b,Primero:,0.828
4062,Administer,es,Spanish,qwen2.5-coder:7b,Administrar,0.645
4063,Society Islands,es,Spanish,qwen2.5-coder:7b,Islas Sociedad,0.854
4064,User Name,es,Spanish,qwen2.5-coder:7b,Nombre de Usuario,0.715
4065,KXSLDbg Output,es,Spanish,qwen2.5-coder:7b,Salida KXSLDbg,1.531
4066,Size of the window:,es,Spanish,qwen2.5-coder:7b,Tamaño de la ventana:,1.085
4067,LightSteelBlue4,es,Spanish,qwen2.5-coder:7b,LightSteelBlue4,0.867
4068,An Instant Messenger,es,Spanish,qwen2.5-coder:7b,Un Mensajero Instantáneo,1.392
4069,& Forward,es,Spanish,qwen2.5-coder:7b,& Adelante,0.84
4070,Nickname List,es,Spanish,qwen2.5-coder:7b,Lista de Apodos,1.104
4071,Path editing tool,es,Spanish,qwen2.5-coder:7b,Herramienta de edición de rutas,1.482
4072,Quiz mode,es,Spanish,qwen2.5-coder:7b,Modo de cuestionario,1.262
4073,& Application,es,Spanish,qwen2.5-coder:7b,& Aplicación,0.927
4074,Default resolution:,es,Spanish,qwen2.5-coder:7b,Resolución predeterminada:,1.194
4075,Validity,es,Spanish,qwen2.5-coder:7b,Valididad,0.784
4076,Entity Relationship Diagram,es,Spanish,qwen2.5-coder:7b,Diagrama de Relación de Entidades,1.253
4077,Compound Tool,es,Spanish,qwen2.5-coder:7b,Herramienta Compuesta,1.18
4078,Discovered,es,Spanish,qwen2.5-coder:7b,Descubierto,0.732
4079,Course Name,es,Spanish,qwen2.5-coder:7b,Nombre del curso,0.759
4080,& Master document:,es,Spanish,qwen2.5-coder:7b,& Document maestro:,0.976
4081,Online game,es,Spanish,qwen2.5-coder:7b,Juego en línea,0.884
4082,Add only,es,Spanish,qwen2.5-coder:7b,Añadir solo,0.942
4083,Document Relations,es,Spanish,qwen2.5-coder:7b,Relaciones de Documentos,0.922
4084,ImagePlugin_Charcoal,es,Spanish,qwen2.5-coder:7b,Plugin de Carcajolado,1.335
4085,Talker Configuration,es,Spanish,qwen2.5-coder:7b,Configuración del Hablador,1.125
4086,Output Darkness,es,Spanish,qwen2.5-coder:7b,Salida oscura,1.024
4087,Fixed Point,es,Spanish,qwen2.5-coder:7b,Punto Fijo,0.824
4088,File logging settings,es,Spanish,qwen2.5-coder:7b,Ajustes de registro de archivo,1.274
4089,Not Running,es,Spanish,qwen2.5-coder:7b,No Ejecutando,1.055
4090,running,es,Spanish,qwen2.5-coder:7b,ejecutando,1.043
4091,A count,es,Spanish,qwen2.5-coder:7b,Un conteo,0.911
4092,Thiophene,es,Spanish,qwen2.5-coder:7b,Tifeno,0.787
4093,Phone details,es,Spanish,qwen2.5-coder:7b,Detalles del teléfono,1.009
4094,Rendering...,es,Spanish,qwen2.5-coder:7b,Renderizando...,0.762
4095,Revision (0 for HEAD):,es,Spanish,qwen2.5-coder:7b,Revisión (0 para HEAD):,1.22
4096,Traditional,es,Spanish,qwen2.5-coder:7b,Tradicional,0.894
4097,Australia/ Victoria,es,Spanish,qwen2.5-coder:7b,Australia/Victoria,1.095
4098,Auth Class:,es,Spanish,qwen2.5-coder:7b,Clase de Autenticación:,1.228
4099,mailreader,es,Spanish,qwen2.5-coder:7b,lector de correo electrónico,1.032
4100,Action name,es,Spanish,qwen2.5-coder:7b,Nombre de la acción,0.81
4101,Device Manual,es,Spanish,qwen2.5-coder:7b,Manual del Dispositivo,0.89
4102,Activity type:,es,Spanish,qwen2.5-coder:7b,Tipo de actividad:,0.917
4103,Zambian Kwacha,es,Spanish,qwen2.5-coder:7b,Zambian Kwacha,1.066
4104,Truevision Targa image,es,Spanish,qwen2.5-coder:7b,Imagen Truevision Targa,1.233
4105,< Unknown >,es,Spanish,qwen2.5-coder:7b,< Desconocido >,1.06
4106,Message Copy To,es,Spanish,qwen2.5-coder:7b,Mensaje Copiar A,1.083
4107,Customize...,es,Spanish,qwen2.5-coder:7b,Personalizar...,0.818
4108,Open System,es,Spanish,qwen2.5-coder:7b,Abrir Sistema,0.741
4109,Black:,es,Spanish,qwen2.5-coder:7b,Negro:,0.699
4110,Music Shape,es,Spanish,qwen2.5-coder:7b,Forma Musical,0.893
4111,Operation mode:,es,Spanish,qwen2.5-coder:7b,Modo de operación:,1.122
4112,Remove this display?,es,Spanish,qwen2.5-coder:7b,¿Eliminar esta pantalla?,1.052
4113,schedule,es,Spanish,qwen2.5-coder:7b,programar,0.792
4114,comboBox,es,Spanish,qwen2.5-coder:7b,comboBox,0.492
4115,between,es,Spanish,qwen2.5-coder:7b,entre,0.73
4116,View Options,es,Spanish,qwen2.5-coder:7b,Ver Opciones,0.911
4117,Title,es,Spanish,qwen2.5-coder:7b,Título,0.586
4118,DMA Channel Information,es,Spanish,qwen2.5-coder:7b,Información del Canal DMA,1.135
4119,Show Name,es,Spanish,qwen2.5-coder:7b,Mostrar Nombre,0.717
4120,Idle Detection,es,Spanish,qwen2.5-coder:7b,Detección de Inactividad,1.099
4121,Passive Uploads,es,Spanish,qwen2.5-coder:7b,Subidas Pasivas,0.88
4122,Center Top,es,Spanish,qwen2.5-coder:7b,Centro Superior,0.898
4123,SlateBlue4,es,Spanish,qwen2.5-coder:7b,SlateBlue4,0.892
4124,Network printer (TCP),es,Spanish,qwen2.5-coder:7b,Imprimir en red (TCP),1.234
4125,Active filters:,es,Spanish,qwen2.5-coder:7b,Filtros activos:,0.981
4126,Button Size,es,Spanish,qwen2.5-coder:7b,Size del Botón,1.022
4127,Sri Lanka Rupee,es,Spanish,qwen2.5-coder:7b,Rupia de Sri Lanka,1.106
4128,S/ MIME encryption certificate:,es,Spanish,qwen2.5-coder:7b,Certificado de encriptación S/MIME:,1.643
4129,Edit Listbox,es,Spanish,qwen2.5-coder:7b,Editar Lista,0.884
4130,Using & kxkb;,es,Spanish,qwen2.5-coder:7b,Usando & kxkb;,1.31
4131,Modified.,es,Spanish,qwen2.5-coder:7b,Modificado.,0.74
4132,Prev Conflict,es,Spanish,qwen2.5-coder:7b,Conflicto Previo,1.182
4133,Change Account,es,Spanish,qwen2.5-coder:7b,Cambiar Cuenta,0.84
4134,Fade Time,es,Spanish,qwen2.5-coder:7b,Tiempo de Desvanecimiento,1.158
4135,Diff deletion:,es,Spanish,qwen2.5-coder:7b,Diferencia eliminada:,1.103
4136,Callback phone number,es,Spanish,qwen2.5-coder:7b,Número de teléfono de devolución de llamada,1.321
4137,KDE Dot News,es,Spanish,qwen2.5-coder:7b,Noticias KDE,0.871
4138,Activate time:,es,Spanish,qwen2.5-coder:7b,Activar tiempo:,0.895
4139,Not available.,es,Spanish,qwen2.5-coder:7b,No disponible.,0.7
4140,ID found: %1,es,Spanish,qwen2.5-coder:7b,ID encontrado: %1,1.226
4141,Personal Details,es,Spanish,qwen2.5-coder:7b,Detalles Personales,0.839
4142,Rate change,es,Spanish,qwen2.5-coder:7b,Cambio de tasa,1.007
4143,& Update,es,Spanish,qwen2.5-coder:7b,& Actualizar,0.803
4144,Ctrl; E Hole Edit,es,Spanish,qwen2.5-coder:7b,Ctrl; E Editar Agujero,1.524
4145,& Calculate,es,Spanish,qwen2.5-coder:7b,& Calcular,0.799
4146,Game Basics,es,Spanish,qwen2.5-coder:7b,Conceptos Básicos del Juego,1.426
4147,Image Properties,es,Spanish,qwen2.5-coder:7b,Propiedades de la Imagen,1.003
4148,& Delete Account,es,Spanish,qwen2.5-coder:7b,& Eliminar Cuenta,1.052
4149,New game,es,Spanish,qwen2.5-coder:7b,Nuevo juego,0.877
4150,England,es,Spanish,qwen2.5-coder:7b,Reino Unido,0.815
4151,Symbol color:,es,Spanish,qwen2.5-coder:7b,Color de símbolo:,1.134
4152,Compute,es,Spanish,qwen2.5-coder:7b,Calcular,0.598
4153,Not Loaded,es,Spanish,qwen2.5-coder:7b,No Cargado,0.829
4154,Fade distance:,es,Spanish,qwen2.5-coder:7b,Distancia de desvanecimiento:,1.402
4155,accelerationVariance,es,Spanish,qwen2.5-coder:7b,varianzaDeAceleración,1.488
4156,Removing extra route: %1 over %2 gw %3,es,Spanish,qwen2.5-coder:7b,Eliminando ruta extra: %1 a través de %2 gw %3,2.563
4157,Statistics...,es,Spanish,qwen2.5-coder:7b,Estadísticas...,0.818
4158,& Create Filter,es,Spanish,qwen2.5-coder:7b,& Crear Filtro,1.049
4159,& Operation sign:,es,Spanish,qwen2.5-coder:7b,& Signo de operación:,1.145
4160,Plot Area...,es,Spanish,qwen2.5-coder:7b,Área de Gráfica...,1.25
4161,Paper format:,es,Spanish,qwen2.5-coder:7b,Formato de papel:,1.04
4162,Plugin Selection,es,Spanish,qwen2.5-coder:7b,Selección de complementos,0.943
4163,Tint Level:,es,Spanish,qwen2.5-coder:7b,Nivel de Tinte:,1.076
4164,Temperature alarm!,es,Spanish,qwen2.5-coder:7b,Alerta de temperatura!,1.092
4165,Phosphoric Acid,es,Spanish,qwen2.5-coder:7b,Ácido Fósforico,1.152
4166,Stop color.,es,Spanish,qwen2.5-coder:7b,Detener color.,0.953
4167,Take Shot,es,Spanish,qwen2.5-coder:7b,Tomar foto,0.976
4168,Shear Tool,es,Spanish,qwen2.5-coder:7b,Herramienta de Corte,1.216
4169,& Text Events,es,Spanish,qwen2.5-coder:7b,& Eventos de Texto,1.095
4170,X Session Log,es,Spanish,qwen2.5-coder:7b,Registro de Sesión X,1.214
4171,Started late,es,Spanish,qwen2.5-coder:7b,Comenzó tarde,1.012
4172,Working with & kivio;,es,Spanish,qwen2.5-coder:7b,Trabajando con & kivio;,1.44
4173,Connection established.,es,Spanish,qwen2.5-coder:7b,Conexión establecida.,1.216
4174,MINUTE(time),es,Spanish,qwen2.5-coder:7b,MINUTO(tiempo),1.091
4175,Plotting Area,es,Spanish,qwen2.5-coder:7b,Área de Gráfico,0.983
4176,Non-empty,es,Spanish,qwen2.5-coder:7b,No vacío,0.714
4177,Sharp,es,Spanish,qwen2.5-coder:7b,Afilado,0.691
4178,Clipboard Viewer,es,Spanish,qwen2.5-coder:7b,Visualizador de Portapapeles,1.303
4179,Big (wml),es,Spanish,qwen2.5-coder:7b,Grande (wml),1.089
4180,Making directory: %1,es,Spanish,qwen2.5-coder:7b,Creando directorio: %1,1.453
4181,Server Authentication,es,Spanish,qwen2.5-coder:7b,Autenticación del Servidor,1.054
4182,Equator,es,Spanish,qwen2.5-coder:7b,Ecuador,0.954
4183,Could not read %1,es,Spanish,qwen2.5-coder:7b,No se pudo leer %1,1.264
4184,image,es,Spanish,qwen2.5-coder:7b,imagen,0.518
4185,next,es,Spanish,qwen2.5-coder:7b,siguiente,0.904
4186,X offset:,es,Spanish,qwen2.5-coder:7b,Desplazamiento X:,1.089
4187,& Shutdown Kleopatra,es,Spanish,qwen2.5-coder:7b,& Apagar Kleopatra,1.184
4188,Backlinks:,es,Spanish,qwen2.5-coder:7b,Enlaces de vuelta:,1.086
4189,Section Authors,es,Spanish,qwen2.5-coder:7b,Sección Autores,1.037
4190,Group identities,es,Spanish,qwen2.5-coder:7b,Identidades de grupo,1.039
4191,Printing Status - %1,es,Spanish,qwen2.5-coder:7b,Estado de Impresión - %1,1.631
4192,Launch frequency,es,Spanish,qwen2.5-coder:7b,Frecuencia de inicio,0.908
4193,Length measurement,es,Spanish,qwen2.5-coder:7b,Medición de longitud,0.822
4194,& Neighbor groups:,es,Spanish,qwen2.5-coder:7b,& Grupos de vecinos:,1.128
4195,Border width:,es,Spanish,qwen2.5-coder:7b,Ancho de borde:,1.02
4196,vertically,es,Spanish,qwen2.5-coder:7b,verticalmente,0.851
4197,Conjugation,es,Spanish,qwen2.5-coder:7b,Conjugación,0.959
4198,Player & 2,es,Spanish,qwen2.5-coder:7b,Jugador & 2,1.172
4199,Virtualization,es,Spanish,qwen2.5-coder:7b,Virtualización,0.812
4200,& Placemarks Plugin,es,Spanish,qwen2.5-coder:7b,& Plugin de Marcadores,1.119
4201,Data source scripts,es,Spanish,qwen2.5-coder:7b,Scripts de origen de datos,1.155
4202,Refresh time:,es,Spanish,qwen2.5-coder:7b,Tiempo de refresco:,1.226
4203,KDE Image libraries,es,Spanish,qwen2.5-coder:7b,Librerías de imágenes KDE,1.309
4204,color map declaration,es,Spanish,qwen2.5-coder:7b,declaración de mapa de color,1.282
4205,Australia/ Melbourne,es,Spanish,qwen2.5-coder:7b,Australia/Melbourne,1.016
4206,System,es,Spanish,qwen2.5-coder:7b,Sistema,0.592
4207,ships,es,Spanish,qwen2.5-coder:7b,barcos,0.774
4208,By position,es,Spanish,qwen2.5-coder:7b,Por posición,0.819
4209,& 3D Graph,es,Spanish,qwen2.5-coder:7b,& 3D Gráfico,1.222
4210,Using & irkick;,es,Spanish,qwen2.5-coder:7b,Usando & irkick;,1.285
4211,%1 is still alive...,es,Spanish,qwen2.5-coder:7b,%1 aún está vivo...,1.101
4212,Printer Corrected,es,Spanish,qwen2.5-coder:7b,Imprimir Corregido,1.182
4213,Dark Gray,es,Spanish,qwen2.5-coder:7b,Gris Oscuro,0.838
4214,Traffic Notifications,es,Spanish,qwen2.5-coder:7b,Notificaciones de Tráfico,0.913
4215,Dissolve,es,Spanish,qwen2.5-coder:7b,Disolver,0.832
4216,Device Manager,es,Spanish,qwen2.5-coder:7b,Administrador de Dispositivos,1.18
4217,Line,es,Spanish,qwen2.5-coder:7b,Linea,0.798
4218,IO-Ports,es,Spanish,qwen2.5-coder:7b,Puertos IO,0.786
4219,Connection Time:,es,Spanish,qwen2.5-coder:7b,Tiempo de Conexión:,1.128
4220,& Justify,es,Spanish,qwen2.5-coder:7b,& Alinear,0.858
4221,(Black %1),es,Spanish,qwen2.5-coder:7b,(Negro %1),1.115
4222,"Ì (#204;) Capital I, grave accent",es,Spanish,qwen2.5-coder:7b,"Ì (#204;) Capital I, acento grave",2.166
4223,Vertical BGR,es,Spanish,qwen2.5-coder:7b,Vertical BGR,0.995
4224,PNG compression:,es,Spanish,qwen2.5-coder:7b,Comprimición PNG:,1.07
4225,Printer Default,es,Spanish,qwen2.5-coder:7b,Imprimir Predeterminado,1.157
4226,Player3,es,Spanish,qwen2.5-coder:7b,Jugador3,0.728
4227,Printout Quality,es,Spanish,qwen2.5-coder:7b,Calidad de Impresión,1.126
4228,Draft,es,Spanish,qwen2.5-coder:7b,Borrador,0.708
4229,Presence,es,Spanish,qwen2.5-coder:7b,Presencia,0.781
4230,Frozen,es,Spanish,qwen2.5-coder:7b,Congelado,0.681
4231,Data mode:,es,Spanish,qwen2.5-coder:7b,Modo de datos:,0.972
4232,Samples,es,Spanish,qwen2.5-coder:7b,Muestras,0.674
4233,Examples,es,Spanish,qwen2.5-coder:7b,Ejemplos,0.801
4234,active task,es,Spanish,qwen2.5-coder:7b,tarea activa,1.055
4235,Talker Chooser,es,Spanish,qwen2.5-coder:7b,Selector de Hablante,1.158
4236,Remove Webseed,es,Spanish,qwen2.5-coder:7b,Eliminar Webseed,0.957
4237,Encryption Tool,es,Spanish,qwen2.5-coder:7b,Herramienta de Encriptación,1.288
4238,Permissions:,es,Spanish,qwen2.5-coder:7b,Permisos:,0.773
4239,Capability list,es,Spanish,qwen2.5-coder:7b,Lista de capacidades,1.017
4240,Synchronization 1,es,Spanish,qwen2.5-coder:7b,Sincronización 1,1.071
4241,Bump size:,es,Spanish,qwen2.5-coder:7b,Tamaño de incremento:,1.114
4242,Decrypting: %1...,es,Spanish,qwen2.5-coder:7b,Desencriptando: %1...,1.445
4243,errorsCalculation,es,Spanish,qwen2.5-coder:7b,erroresDeCálculo,1.262
4244,LEAP Password,es,Spanish,qwen2.5-coder:7b,Contraseña de LEAP,1.005
4245,Reshape Histogram,es,Spanish,qwen2.5-coder:7b,Reformar Histograma,1.19
4246,Polygon,es,Spanish,qwen2.5-coder:7b,Polígono,0.723
4247,IRC channels:,es,Spanish,qwen2.5-coder:7b,Canales IRC:,0.97
4248,Power management applet,es,Spanish,qwen2.5-coder:7b,Apliclet de gestión de energía,1.414
4249,Playlist Files on Disk,es,Spanish,qwen2.5-coder:7b,Archivos de la lista de reproducción en el disco,1.813
4250,Maximize Button,es,Spanish,qwen2.5-coder:7b,Botón Maximizar,1.077
4251,Faeroese (Faero Islands),es,Spanish,qwen2.5-coder:7b,Faeroés (Islas Faroe),1.617
4252,Perspective Transformation,es,Spanish,qwen2.5-coder:7b,Transformación de Perspectiva,1.072
4253,Scroll Bar,es,Spanish,qwen2.5-coder:7b,Barra de desplazamiento,1.081
4254,general,es,Spanish,qwen2.5-coder:7b,general,0.486
4255,First Slide,es,Spanish,qwen2.5-coder:7b,Primera Diapositiva,1.17
4256,Sun shading:,es,Spanish,qwen2.5-coder:7b,Sombrado solar:,0.995
4257,Search in subdirectories,es,Spanish,qwen2.5-coder:7b,Buscar en subdirectorios,1.181
4258,Default Transport,es,Spanish,qwen2.5-coder:7b,Transporte Predeterminado,1.121
4259,Information:,es,Spanish,qwen2.5-coder:7b,Información:,0.777
4260,Tools Toolbar,es,Spanish,qwen2.5-coder:7b,Barra de Herramientas,1.187
4261,Open with %1,es,Spanish,qwen2.5-coder:7b,Abrir con %1,1.21
4262,Moving average,es,Spanish,qwen2.5-coder:7b,Media móvil,0.626
4263,Reference pattern,es,Spanish,qwen2.5-coder:7b,Patrón de referencia,0.911
4264,Size of project:,es,Spanish,qwen2.5-coder:7b,Tamaño del proyecto:,0.941
4265,of Esfand,es,Spanish,qwen2.5-coder:7b,de Febrero,0.772
4266,Case Sensitive:,es,Spanish,qwen2.5-coder:7b,Distinción entre mayúsculas y minúsculas:,1.931
4267,Year,es,Spanish,qwen2.5-coder:7b,Año,0.711
4268,Trash folder:,es,Spanish,qwen2.5-coder:7b,Carpeta de Papelera:,1.283
4269,LaTeX Environments,es,Spanish,qwen2.5-coder:7b,Entornos LaTeX,1.108
4270,time,es,Spanish,qwen2.5-coder:7b,tiempo,0.808
4271,Source language,es,Spanish,qwen2.5-coder:7b,Idioma fuente,1.135
4272,Plasma Wallpaper Viewer,es,Spanish,qwen2.5-coder:7b,Visualizador de Fondos de Pantalla Plasma,1.548
4273,Aborting...,es,Spanish,qwen2.5-coder:7b,Abortando...,0.81
4274,Bump size,es,Spanish,qwen2.5-coder:7b,Ajustar tamaño,0.951
4275,& Color Adjustment curves...,es,Spanish,qwen2.5-coder:7b,& Ajuste de curvas de color...,1.477
4276,Head Separation,es,Spanish,qwen2.5-coder:7b,Separación de Cabezas,1.107
4277,Files Tree,es,Spanish,qwen2.5-coder:7b,Árbol de Archivos,0.999
4278,"NE Brazil (MA, PI, CE, RN, PB)",es,Spanish,qwen2.5-coder:7b,"Nordeste do Brasil (MA, PI, CE, RN, PB)",2.437
4279,Market interest rate,es,Spanish,qwen2.5-coder:7b,Tasa de interés del mercado,1.098
4280,CPU Information,es,Spanish,qwen2.5-coder:7b,Información del CPU,1.057
4281,Destination Image,es,Spanish,qwen2.5-coder:7b,Imagen Destino,0.935
4282,Online comic strips,es,Spanish,qwen2.5-coder:7b,Strips de cómics en línea,1.418
4283,This month:,es,Spanish,qwen2.5-coder:7b,Este mes:,0.822
4284,¶ (#182;) Paragraph sign,es,Spanish,qwen2.5-coder:7b,¶ (#182;) Signo de párrafo,2.168
4285,Teaching Tools,es,Spanish,qwen2.5-coder:7b,Herramientas de Enseñanza,1.351
4286,Single sided,es,Spanish,qwen2.5-coder:7b,Un solo lado,0.916
4287,Height (%),es,Spanish,qwen2.5-coder:7b,Altura (%),0.931
4288,Center Bottom,es,Spanish,qwen2.5-coder:7b,Centro Inferior,0.792
4289,miles,es,Spanish,qwen2.5-coder:7b,miles,0.806
4290,Class operation:,es,Spanish,qwen2.5-coder:7b,Operación de clase:,1.055
4291,Moroccan Dirham,es,Spanish,qwen2.5-coder:7b,Dirham Marroquino,1.11
4292,Justify Center,es,Spanish,qwen2.5-coder:7b,Justificar Centro,0.988
4293,Variable group,es,Spanish,qwen2.5-coder:7b,Grupo de variables,0.95
4294,Music:,es,Spanish,qwen2.5-coder:7b,Musica:,0.784
4295,Blue Filter,es,Spanish,qwen2.5-coder:7b,Filtro Azul,0.837
4296,Selection Text,es,Spanish,qwen2.5-coder:7b,Texto de Selección,1.016
4297,Your emails,es,Spanish,qwen2.5-coder:7b, Tus correos electrónicos ,1.245
4298,Standard Folder,es,Spanish,qwen2.5-coder:7b,Carpetilla estándar,1.241
4299,& Player List,es,Spanish,qwen2.5-coder:7b,& Lista de Jugadores,1.052
4300,Unknown client,es,Spanish,qwen2.5-coder:7b,Cliente desconocido,0.858
4301,Current Time,es,Spanish,qwen2.5-coder:7b,Hora Actual,0.832
4302,View Histogram,es,Spanish,qwen2.5-coder:7b,Ver Histograma,0.95
4303,HTTP Request,es,Spanish,qwen2.5-coder:7b,Solicitud HTTP,0.731
4304,Network communication error,es,Spanish,qwen2.5-coder:7b,Error de comunicación de red,1.207
4305,"February 1st, 2005 K Desktop Environment",es,Spanish,qwen2.5-coder:7b,1 de febrero de 2005 K Entorno de Escritorio,2.565
4306,Gimmicks,es,Spanish,qwen2.5-coder:7b,Trucos,0.759
4307,Opponent,es,Spanish,qwen2.5-coder:7b,Oponente,0.911
4308,Data Source Properties,es,Spanish,qwen2.5-coder:7b,Propiedades de la Fuente de Datos,1.267
4309,Picture Tool,es,Spanish,qwen2.5-coder:7b,Herramienta de Imagen,1.276
4310,(current),es,Spanish,qwen2.5-coder:7b,(actual),0.632
4311,Profile:,es,Spanish,qwen2.5-coder:7b,Perfil:,0.699
4312,W Pointing West,es,Spanish,qwen2.5-coder:7b,Punto hacia el Oeste,1.165
4313,Deactivated,es,Spanish,qwen2.5-coder:7b,Desactivado,0.708
4314,Remove Record,es,Spanish,qwen2.5-coder:7b,Eliminar Registro,0.793
4315,Maximum distance:,es,Spanish,qwen2.5-coder:7b,Distancia máxima:,0.906
4316,RosyBrown1,es,Spanish,qwen2.5-coder:7b,RosyBrown1,0.874
4317,Ejected,es,Spanish,qwen2.5-coder:7b,Expulsado,0.7
4318,Album Library,es,Spanish,qwen2.5-coder:7b,Librería de Álbumes,1.408
4319,KAlarm version,es,Spanish,qwen2.5-coder:7b,Versión de KAlarm,1.195
4320,Not ready,es,Spanish,qwen2.5-coder:7b,No listo,0.866
4321,Job Billing:,es,Spanish,qwen2.5-coder:7b,Facturación de Trabajo:,1.103
4322,Moldova,es,Spanish,qwen2.5-coder:7b,Moldavia,0.749
4323,You have to choose a directory.,es,Spanish,qwen2.5-coder:7b,Tienes que elegir un directorio.,1.493
4324,Printing Manager,es,Spanish,qwen2.5-coder:7b,Administrador de Impresión,1.216
4325,Library Paths,es,Spanish,qwen2.5-coder:7b,Rutas de la Biblioteca,1.031
4326,direction,es,Spanish,qwen2.5-coder:7b,dirección,0.827
4327,K3b External Audio Encoder,es,Spanish,qwen2.5-coder:7b,K3b Codificador de Audio Externo,1.807
4328,velocity variance,es,Spanish,qwen2.5-coder:7b,varianza de velocidad,0.95
4329,& Invite...,es,Spanish,qwen2.5-coder:7b,& Invitar...,0.809
4330,Keybinding Reference,es,Spanish,qwen2.5-coder:7b,Referencia de Atajos de Teclado,1.56
4331,& Merge,es,Spanish,qwen2.5-coder:7b,& Mezclar,0.913
4332,1200 Quality,es,Spanish,qwen2.5-coder:7b,1200 Calidad,1.398
4333,Release:,es,Spanish,qwen2.5-coder:7b,Lanzamiento:,0.763
4334,Fuji digital camera RAW file format,es,Spanish,qwen2.5-coder:7b,Formato de archivo RAW de la cámara digital Fuji,1.537
4335,filename,es,Spanish,qwen2.5-coder:7b,nombre_de_archivo,0.778
4336,screen capture,es,Spanish,qwen2.5-coder:7b,captura de pantalla,0.851
4337,Incidence details,es,Spanish,qwen2.5-coder:7b,Detalles de incidencia,1.188
4338,Synchronization prefix:,es,Spanish,qwen2.5-coder:7b,Prefijo de sincronización:,1.248
4339,Motorway,es,Spanish,qwen2.5-coder:7b,Carretera,0.908
4340,Critical path,es,Spanish,qwen2.5-coder:7b,Ruta crítica,0.786
4341,Z Matrix Editor...,es,Spanish,qwen2.5-coder:7b,Editor de Matriz Z...,1.167
4342,game,es,Spanish,qwen2.5-coder:7b,juego,0.583
4343,catch expected,es,Spanish,qwen2.5-coder:7b,capturar esperado,1.017
4344,Authentication selection,es,Spanish,qwen2.5-coder:7b,Selección de autenticación,1.044
4345,Dithering Algorithm,es,Spanish,qwen2.5-coder:7b,Algoritmo de Dispersión,1.212
4346,Control points,es,Spanish,qwen2.5-coder:7b,Puntos de control,0.914
4347,Sundanese,es,Spanish,qwen2.5-coder:7b,Sundanés,0.875
4348,Equal,es,Spanish,qwen2.5-coder:7b,Igual,0.689
4349,Plugged In,es,Spanish,qwen2.5-coder:7b,Conectado,0.751
4350,Icon View,es,Spanish,qwen2.5-coder:7b,Vista de Iconos,1.129
4351,Default transition:,es,Spanish,qwen2.5-coder:7b,Transición predeterminada:,1.099
4352,Difficulty,es,Spanish,qwen2.5-coder:7b,Dificultad,0.903
4353,Transit time: %1,es,Spanish,qwen2.5-coder:7b,Tiempo de transito: %1,1.299
4354,Video bit rate (kbit):,es,Spanish,qwen2.5-coder:7b,Velocidad de bits del video (kbit):,1.861
4355,added,es,Spanish,qwen2.5-coder:7b,agregado,0.894
4356,Search for '%1 'with %2,es,Spanish,qwen2.5-coder:7b,Buscar '%1' con %2,1.53
4357,(1) User Commands,es,Spanish,qwen2.5-coder:7b,(1) Comandos de Usuario,1.425
4358,Arrow Keys,es,Spanish,qwen2.5-coder:7b,Teclas de Flecha,1.162
4359,Add Printer Wizard,es,Spanish,qwen2.5-coder:7b,Agregar Asistente de Impresora,1.536
4360,Vocabulary & list,es,Spanish,qwen2.5-coder:7b,Vocabulario & lista,1.183
4361,compiling,es,Spanish,qwen2.5-coder:7b,compilando,0.919
4362,Super User Mode,es,Spanish,qwen2.5-coder:7b,Modo de Usuario Super,1.151
4363,slope map declaration,es,Spanish,qwen2.5-coder:7b,declaración de mapa de pendiente,1.31
4364,Vector-based Drawing Program,es,Spanish,qwen2.5-coder:7b,Programa de Dibujo Basado en Vector,1.677
4365,PrevWord,es,Spanish,qwen2.5-coder:7b,PalabraAnterior,1.045
4366,Now Playing,es,Spanish,qwen2.5-coder:7b,Reproduciendo Ahora,1.251
4367,Make backups,es,Spanish,qwen2.5-coder:7b,Haz copias de seguridad,0.921
4368,System Users,es,Spanish,qwen2.5-coder:7b,Usuarios del Sistema,0.892
4369,XML Paper Specification Info,es,Spanish,qwen2.5-coder:7b,Especificación de Información de Papel XML,1.726
4370,KWSDL Compiler,es,Spanish,qwen2.5-coder:7b,Compilador de KWSDL,1.23
4371,Rename budget,es,Spanish,qwen2.5-coder:7b,Renombrar presupuesto,1.19
4372,ssh is missing,es,Spanish,qwen2.5-coder:7b,ssh está ausente,1.031
4373,gravitationConstVariance,es,Spanish,qwen2.5-coder:7b,constanteGravitacionalVarianza,1.498
4374,WhiteSmoke,es,Spanish,qwen2.5-coder:7b,WhiteSmoke,0.859
4375,Info Center,es,Spanish,qwen2.5-coder:7b,Centro de Información,1.146
4376,Gravity points,es,Spanish,qwen2.5-coder:7b,Puntos de gravedad,1.156
4377,Word Wrap,es,Spanish,qwen2.5-coder:7b,Salto de línea,1.045
4378,Teletext Plugin,es,Spanish,qwen2.5-coder:7b,Complemento de Teletext,1.38
4379,Job Control,es,Spanish,qwen2.5-coder:7b,Control de Trabajo,0.839
4380,Swap Space,es,Spanish,qwen2.5-coder:7b,Espacio de Intercambio,1.071
4381,Anniversary,es,Spanish,qwen2.5-coder:7b,Aniversario,0.765
4382,History,es,Spanish,qwen2.5-coder:7b,Historia,0.824
4383,Soft,es,Spanish,qwen2.5-coder:7b,Suave,0.801
4384,Denmark,es,Spanish,qwen2.5-coder:7b,Dinamarca,0.823
4385,Move Items,es,Spanish,qwen2.5-coder:7b,Mover Elementos,0.899
4386,GDB Support,es,Spanish,qwen2.5-coder:7b,Soporte de GDB,0.923
4387,Events,es,Spanish,qwen2.5-coder:7b,Eventos,0.576
4388,Enumerations,es,Spanish,qwen2.5-coder:7b,Enumeraciones,0.611
4389,Bulgarian,es,Spanish,qwen2.5-coder:7b,Búlgaro,0.868
4390,Completed,es,Spanish,qwen2.5-coder:7b,Completado,0.915
4391,In progress...,es,Spanish,qwen2.5-coder:7b,En progreso...,0.827
4392,Previews,es,Spanish,qwen2.5-coder:7b,Vistas previas,1.014
4393,Without:,es,Spanish,qwen2.5-coder:7b,Sin:,0.732
4394,Position pattern,es,Spanish,qwen2.5-coder:7b,Patrón de posición,0.921
4395,Example Sentences,es,Spanish,qwen2.5-coder:7b,Frases Ejemplo,1.023
4396,Translation Tool,es,Spanish,qwen2.5-coder:7b,Herramienta de Traducción,1.237
4397,Bad signature.,es,Spanish,qwen2.5-coder:7b,Mal firma.,0.826
4398,Soundcard,es,Spanish,qwen2.5-coder:7b,Tarjeta de sonido,0.896
4399,List of channels:,es,Spanish,qwen2.5-coder:7b,Lista de canales:,1.023
4400,ImagePlugin_Perspective,es,Spanish,qwen2.5-coder:7b,Plugin de Perspectiva,1.186
4401,Edit Metadata,es,Spanish,qwen2.5-coder:7b,Editar Metadatos,1.002
4402,Resource Settings,es,Spanish,qwen2.5-coder:7b,Ajustes de Recursos,1.167
4403,Incoming,es,Spanish,qwen2.5-coder:7b,Entrante,0.608
4404,Unknown subtype,es,Spanish,qwen2.5-coder:7b,Subtipo desconocido,0.919
4405,Includes,es,Spanish,qwen2.5-coder:7b,Incluye,0.783
4406,Ctrl; Shift; Z Redo,es,Spanish,qwen2.5-coder:7b,Ctrl; Shift; Z Rehacer,1.396
4407,Prefix:,es,Spanish,qwen2.5-coder:7b,Prefijo:,0.678
4408,Sessions,es,Spanish,qwen2.5-coder:7b,Sesiones,0.697
4409,Black Levels,es,Spanish,qwen2.5-coder:7b,Niveles Negros,0.929
4410,"Error: Could not find script ""%1"".",es,Spanish,qwen2.5-coder:7b,"Error: No se pudo encontrar el script ""%1"".",1.772
4411,United States Dollar (Same Day),es,Spanish,qwen2.5-coder:7b,Dólar de los Estados Unidos (Mismo Día),1.768
4412,Custom:,es,Spanish,qwen2.5-coder:7b,Personalizado:,0.811
4413,Minimum Size,es,Spanish,qwen2.5-coder:7b,Tamaño Mínimo,0.969
4414,Altitude vs. Time Tool,es,Spanish,qwen2.5-coder:7b,Humedad vs. Tiempo Herramienta,1.63
4415,Engineering Functions,es,Spanish,qwen2.5-coder:7b,Funciones de Ingeniería,1.012
4416,Moving,es,Spanish,qwen2.5-coder:7b,Moviendo,0.813
4417,Key Group,es,Spanish,qwen2.5-coder:7b,Grupo de Clave,1.03
4418,S Orientation South,es,Spanish,qwen2.5-coder:7b,Orientación Sur,1.086
4419,few,es,Spanish,qwen2.5-coder:7b,pocos,0.604
4420,Dialog & position:,es,Spanish,qwen2.5-coder:7b,Diálogo & posición:,1.14
4421,Fifteen Puzzle,es,Spanish,qwen2.5-coder:7b,Juego del 15,1.284
4422,Crunchiness,es,Spanish,qwen2.5-coder:7b,Crunchiedad,0.972
4423,Default time for reminders,es,Spanish,qwen2.5-coder:7b,Tiempo predeterminado para recordatorios,1.678
4424,Configuration Error,es,Spanish,qwen2.5-coder:7b,Error de Configuración,0.957
4425,Association Error,es,Spanish,qwen2.5-coder:7b,Error de Asociación,1.177
4426,Getting the token,es,Spanish,qwen2.5-coder:7b,Obteniendo el token,1.181
4427,Whale speed,es,Spanish,qwen2.5-coder:7b,Velocidad de ballena,1.088
4428,Initial Caps,es,Spanish,qwen2.5-coder:7b,Mayúsculas Iniciales,1.34
4429,Travel,es,Spanish,qwen2.5-coder:7b,Viajar,0.589
4430,Best,es,Spanish,qwen2.5-coder:7b,Mejor,0.741
4431,Signature,es,Spanish,qwen2.5-coder:7b,Firma,0.587
4432,Copy Mode,es,Spanish,qwen2.5-coder:7b,Modo de Copia,1.096
4433,%1 (current),es,Spanish,qwen2.5-coder:7b,%1 (actual),0.967
4434,The Rose,es,Spanish,qwen2.5-coder:7b,La Rosa,0.66
4435,Open with & Mozilla,es,Spanish,qwen2.5-coder:7b,Abrir con & Mozilla,1.178
4436,No Label,es,Spanish,qwen2.5-coder:7b,Sin Etiqueta,0.701
4437,Percent Bar Chart,es,Spanish,qwen2.5-coder:7b,Gráfico de Barras de Porcentaje,1.239
4438,Previous,es,Spanish,qwen2.5-coder:7b,Anterior,0.602
4439,Assembly Code,es,Spanish,qwen2.5-coder:7b,Código de Ensamblaje,1.099
4440,(always),es,Spanish,qwen2.5-coder:7b,( siempre ),0.703
4441,Password file:,es,Spanish,qwen2.5-coder:7b,Archivo de contraseña:,0.975
4442,Binding Edge:,es,Spanish,qwen2.5-coder:7b,Margen de Enlace:,1.189
4443,Select Filters,es,Spanish,qwen2.5-coder:7b,Seleccionar Filtros,1.157
4444,Face editor,es,Spanish,qwen2.5-coder:7b,Editor de cara,0.714
4445,How to Obtain & kgoldrunner;,es,Spanish,qwen2.5-coder:7b,¿Cómo obtener & kgoldrunner;,1.443
4446,Contains Test,es,Spanish,qwen2.5-coder:7b,Contiene Prueba,0.984
4447,Response,es,Spanish,qwen2.5-coder:7b,Respuesta,0.795
4448,Connection specific:: Cisco,es,Spanish,qwen2.5-coder:7b,Conexión específica:: Cisco,1.293
4449,Povray User Documentation,es,Spanish,qwen2.5-coder:7b,Documentación del Usuario de Povray,1.483
4450,random (rnd),es,Spanish,qwen2.5-coder:7b,aleatorio (rnd),1.092
4451,DTD - > DTEP Conversion,es,Spanish,qwen2.5-coder:7b,DTD -> DTEP Conversión,1.477
4452,Closed,es,Spanish,qwen2.5-coder:7b,Cerrado,0.667
4453,Above,es,Spanish,qwen2.5-coder:7b,Arriba,0.765
4454,Yellow Level,es,Spanish,qwen2.5-coder:7b,Nivel Amarillo,0.788
4455,CMYK Inks,es,Spanish,qwen2.5-coder:7b,Tintas CMYK,1.194
4456,undefined,es,Spanish,qwen2.5-coder:7b,desdefinido,1.018
4457,Root Directory,es,Spanish,qwen2.5-coder:7b,Directorio Raíz,1.13
4458,New name #,es,Spanish,qwen2.5-coder:7b,Nuevo nombre #,0.863
4459,Uncompressed,es,Spanish,qwen2.5-coder:7b,Descomprimido,0.829
4460,Size Canvas,es,Spanish,qwen2.5-coder:7b,Dimensionar lienzo,1.067
4461,Bulgarian lev,es,Spanish,qwen2.5-coder:7b,Lev búlgaro,1.195
4462,& Preview,es,Spanish,qwen2.5-coder:7b,& Previsualizar,0.811
4463,Certificate & file:,es,Spanish,qwen2.5-coder:7b,Certificado & archivo:,1.068
4464,Game Keys,es,Spanish,qwen2.5-coder:7b,Claves del Juego,0.945
4465,Appellation,es,Spanish,qwen2.5-coder:7b,Denominación,0.772
4466,Bookmark serializer,es,Spanish,qwen2.5-coder:7b,Serializador de marcadores,1.159
4467,Austria,es,Spanish,qwen2.5-coder:7b,Austria,0.618
4468,Appendix,es,Spanish,qwen2.5-coder:7b,Anexo,0.791
4469,& Company:,es,Spanish,qwen2.5-coder:7b,& Compañía:,0.898
4470,Marquee image,es,Spanish,qwen2.5-coder:7b,Imagen de carrusel,1.169
4471,& Remove Host,es,Spanish,qwen2.5-coder:7b,& Eliminar Host,0.943
4472,& kexi; Copyright 2002-2006 The & kexi; Team,es,Spanish,qwen2.5-coder:7b,& kexi; Derechos de autor 2002-2006 El equipo de & kexi;,3.973
4473,Destination:,es,Spanish,qwen2.5-coder:7b,Destino:,0.806
4474,Authorization manager,es,Spanish,qwen2.5-coder:7b,Administrador de autorización,1.091
4475,Option 4:,es,Spanish,qwen2.5-coder:7b,Opción 4:,0.922
4476,Color Model,es,Spanish,qwen2.5-coder:7b,Modelo de Color,1.023
4477,Next week,es,Spanish,qwen2.5-coder:7b,Próxima semana,0.994
4478,Paint with curves,es,Spanish,qwen2.5-coder:7b,Pinta con curvas,1.075
4479,Title & alignment,es,Spanish,qwen2.5-coder:7b,Nombre & alineación,1.184
4480,& to,es,Spanish,qwen2.5-coder:7b,& a,0.732
4481,Task type,es,Spanish,qwen2.5-coder:7b,Tipo de tarea,0.98
4482,Copy of %1,es,Spanish,qwen2.5-coder:7b,Copia de %1,1.118
4483,24th Last,es,Spanish,qwen2.5-coder:7b,24º Último,1.356
4484,Stay Offline,es,Spanish,qwen2.5-coder:7b,Mantente Desconectado,1.077
4485,Exposure Program,es,Spanish,qwen2.5-coder:7b,Programa de Expuesta,1.141
4486,Object classes,es,Spanish,qwen2.5-coder:7b,Clases de objetos,0.816
4487,Solid User Interface Server,es,Spanish,qwen2.5-coder:7b,Servidor de Interfaz de Usuario Solido,1.466
4488,CPU Frequency: %1,es,Spanish,qwen2.5-coder:7b,CPU Frequency: %1,1.2
4489,ImagePlugin_NoiseReduction,es,Spanish,qwen2.5-coder:7b,ImagePlugin_ReducciónDeRuido,1.53
4490,Print warning,es,Spanish,qwen2.5-coder:7b,Imprimir advertencia,1.071
4491,Fading,es,Spanish,qwen2.5-coder:7b,Desvanecimiento,1.047
4492,Server response:,es,Spanish,qwen2.5-coder:7b,Respuesta del servidor:,1.015
4493,Preprocessed body:,es,Spanish,qwen2.5-coder:7b,Corpo preprocesado:,1.292
4494,of Shahrivar,es,Spanish,qwen2.5-coder:7b,de Shahrivar,0.877
4495,Replace backwards.,es,Spanish,qwen2.5-coder:7b,Reemplazar hacia atrás.,1.086
4496,Duplicate current Layer,es,Spanish,qwen2.5-coder:7b,Duplicar la capa actual,1.231
4497,Series,es,Spanish,qwen2.5-coder:7b,Series,0.679
4498,Browse List,es,Spanish,qwen2.5-coder:7b,Explorar Lista,1.018
4499,acceleration,es,Spanish,qwen2.5-coder:7b,aceleración,0.932
4500,Per transfer:,es,Spanish,qwen2.5-coder:7b,Para transferir:,0.91
4501,Delete Scripts,es,Spanish,qwen2.5-coder:7b,Eliminar Scripts,0.786
4502,Poster size:,es,Spanish,qwen2.5-coder:7b,Tamaño del poster:,0.926
4503,moderated,es,Spanish,qwen2.5-coder:7b,moderado,0.805
4504,Microblog Serializer,es,Spanish,qwen2.5-coder:7b,Serializador de Microblog,0.974
4505,Icy Tree,es,Spanish,qwen2.5-coder:7b,Árbol Congelado,1.062
4506,& Player,es,Spanish,qwen2.5-coder:7b,& Jugador,0.741
4507,complete medium,es,Spanish,qwen2.5-coder:7b,completo medio,1.1
4508,Software sources,es,Spanish,qwen2.5-coder:7b,Origenes del software,1.145
4509,Always,es,Spanish,qwen2.5-coder:7b,Siempre,0.775
4510,Auto Detection,es,Spanish,qwen2.5-coder:7b,Detección Automática,0.919
4511,Departmental,es,Spanish,qwen2.5-coder:7b,Departamental,0.835
4512,No Artist,es,Spanish,qwen2.5-coder:7b,No Artista,0.832
4513,Added %1,es,Spanish,qwen2.5-coder:7b,Añadido %1,1.136
4514,List,es,Spanish,qwen2.5-coder:7b,Lista,0.682
4515,redirection,es,Spanish,qwen2.5-coder:7b,redirección,0.779
4516,Ease of Preparation,es,Spanish,qwen2.5-coder:7b,Facilidad de Preparación,1.188
4517,Security Settings,es,Spanish,qwen2.5-coder:7b,Ajustes de Seguridad,1.103
4518,& Line termination:,es,Spanish,qwen2.5-coder:7b,& Fin de línea:,0.937
4519,Script Manager,es,Spanish,qwen2.5-coder:7b,Administrador de Scripts,1.077
4520,The options will be saved automatically.,es,Spanish,qwen2.5-coder:7b,Las opciones se guardarán automáticamente.,1.414
4521,Command Output,es,Spanish,qwen2.5-coder:7b,Salida del Comando,1.128
4522,exactly one,es,Spanish,qwen2.5-coder:7b,exactamente uno,0.735
4523,Example curves tool,es,Spanish,qwen2.5-coder:7b, Herramienta de curvas de ejemplo,1.497
4524,Main window,es,Spanish,qwen2.5-coder:7b,Ventana principal,0.751
4525,Cover for HP DeskJet 3425,es,Spanish,qwen2.5-coder:7b,Porta para HP DeskJet 3425,2.019
4526,momentum variance,es,Spanish,qwen2.5-coder:7b,varianza de momentum,0.969
4527,Wikipedia Page,es,Spanish,qwen2.5-coder:7b,Pagina de Wikipedia,1.105
4528,DarkOliveGreen2,es,Spanish,qwen2.5-coder:7b,VerdeOscuro2,1.344
4529,Banner Settings,es,Spanish,qwen2.5-coder:7b,Ajustes de Banner,1.028
4530,Paper Size,es,Spanish,qwen2.5-coder:7b,Tamaño de Papel,1.03
4531,Line break,es,Spanish,qwen2.5-coder:7b,Salto de línea,0.844
4532,KDE Text-to-Speech,es,Spanish,qwen2.5-coder:7b,KDE Text-to-Speech,1.319
4533,Structure Definitions,es,Spanish,qwen2.5-coder:7b,Definiciones de Estructura,1.09
4534,Game over,es,Spanish,qwen2.5-coder:7b,Juego terminado,0.808
4535,The Plugins Menu,es,Spanish,qwen2.5-coder:7b,El Menú de Complementos,1.373
4536,Stiffness variance,es,Spanish,qwen2.5-coder:7b,Varianza de rigidez,1.428
4537,Relief:,es,Spanish,qwen2.5-coder:7b,Alivio:,0.952
4538,Session Management,es,Spanish,qwen2.5-coder:7b,Gestión de Sesiones,1.102
4539,Game name:,es,Spanish,qwen2.5-coder:7b,Nombre del juego:,0.823
4540,Previous Tab,es,Spanish,qwen2.5-coder:7b,Otra pestaña,1.146
4541,Copy,es,Spanish,qwen2.5-coder:7b,Compartir,0.932
4542,Via telephone,es,Spanish,qwen2.5-coder:7b,Por teléfono,0.823
4543,Qt Designer Files,es,Spanish,qwen2.5-coder:7b,Archivos de Diseñador Qt,1.344
4544,Sproingies,es,Spanish,qwen2.5-coder:7b,Sproingies,0.915
4545,New Album From Selection,es,Spanish,qwen2.5-coder:7b,Nuevo Álbum de la Selección,1.478
4546,Announce version:,es,Spanish,qwen2.5-coder:7b,Anunciar versión:,0.925
4547,Nepomuk Task Manager,es,Spanish,qwen2.5-coder:7b,Administrador de Tareas Nepomuk,1.5
4548,Polyline Tool,es,Spanish,qwen2.5-coder:7b,Herramienta de Polilínea,1.485
4549,Akonadi is running,es,Spanish,qwen2.5-coder:7b,Akonadi está ejecutándose,1.202
4550,Error log:,es,Spanish,qwen2.5-coder:7b,Registro de errores:,0.908
4551,Lithuanian,es,Spanish,qwen2.5-coder:7b,Lithuaniano,0.956
4552,Italic,es,Spanish,qwen2.5-coder:7b,Cursiva,0.724
4553,Go to Line %1,es,Spanish,qwen2.5-coder:7b,Ir a la Línea %1,1.304
4554,New Entry,es,Spanish,qwen2.5-coder:7b,Entrada Nueva,0.984
4555,Partition Usage,es,Spanish,qwen2.5-coder:7b,Uso de Partición,1.074
4556,Album cover manager,es,Spanish,qwen2.5-coder:7b,Administrador de cubiertas de álbumes,1.569
4557,Column Type,es,Spanish,qwen2.5-coder:7b,Tipo de Columna,1.08
4558,Choose a filename to save under,es,Spanish,qwen2.5-coder:7b,Elige un nombre de archivo para guardar,1.597
4559,Neighborhood,es,Spanish,qwen2.5-coder:7b,Vecindario,0.747
4560,Move 10,es,Spanish,qwen2.5-coder:7b,Mover 10,1.17
4561,Animation:,es,Spanish,qwen2.5-coder:7b,Animación:,0.781
4562,Placeholder,es,Spanish,qwen2.5-coder:7b,Reemplazo,0.87
4563,Spectators,es,Spanish,qwen2.5-coder:7b,Espectadores,0.762
4564,Bitrate based,es,Spanish,qwen2.5-coder:7b,Bitrate basado,1.039
4565,Latin'calx 'for'lime',es,Spanish,qwen2.5-coder:7b,Caliza 'para' cal,1.503
4566,reason:,es,Spanish,qwen2.5-coder:7b,razón:,0.799
4567,& Last name:,es,Spanish,qwen2.5-coder:7b,& Apellido:,0.837
4568,Fiji Islands,es,Spanish,qwen2.5-coder:7b,Islas Fijas,0.979
4569,OpenGL extensions,es,Spanish,qwen2.5-coder:7b,Extensiones de OpenGL,1.021
4570,Adjustment:,es,Spanish,qwen2.5-coder:7b,Ajuste:,0.805
4571,Amortization,es,Spanish,qwen2.5-coder:7b,Amortización,0.75
4572,New game.,es,Spanish,qwen2.5-coder:7b,Nuevo juego.,0.789
4573,Playlist,es,Spanish,qwen2.5-coder:7b,Lista de reproducción,0.948
4574,& Text for:,es,Spanish,qwen2.5-coder:7b,& Texto para:,0.92
4575,Field,es,Spanish,qwen2.5-coder:7b,Campo,0.547
4576,Date Format,es,Spanish,qwen2.5-coder:7b,Formato de Fecha,0.833
4577,Profile:: PSK,es,Spanish,qwen2.5-coder:7b,Perfil:: PSK,1.064
4578,Edit Alias,es,Spanish,qwen2.5-coder:7b,Editar Alias,0.835
4579,Cpu Frequency Selector,es,Spanish,qwen2.5-coder:7b,Selector de Frecuencia del CPU,1.166
4580,one,es,Spanish,qwen2.5-coder:7b,uno,0.669
4581,SandyBrown,es,Spanish,qwen2.5-coder:7b,SandyBrown,0.749
4582,New Modem,es,Spanish,qwen2.5-coder:7b,Nuevo Modem,0.924
4583,Category Easy,es,Spanish,qwen2.5-coder:7b,Categoría Fácil,1.02
4584,Enable OpenGL,es,Spanish,qwen2.5-coder:7b,Activar OpenGL,0.933
4585,challenge password,es,Spanish,qwen2.5-coder:7b,contraseña del desafío,1.009
4586,Procmail lockfile:,es,Spanish,qwen2.5-coder:7b,Archivo de bloqueo de Procmail:,1.371
4587,Fireworkx,es,Spanish,qwen2.5-coder:7b,Fuego,0.709
4588,Filter Field,es,Spanish,qwen2.5-coder:7b,Campo de Filtro,0.856
4589,rectConcentration,es,Spanish,qwen2.5-coder:7b,rectConcentration,0.751
4590,Terminate (TERM),es,Spanish,qwen2.5-coder:7b,Terminar (TERM),1.129
4591,No Reason,es,Spanish,qwen2.5-coder:7b,Sin Razón,0.719
4592,Inactive Text,es,Spanish,qwen2.5-coder:7b,Texto Inactivo,0.73
4593,View Properties,es,Spanish,qwen2.5-coder:7b,Ver Propiedades,0.891
4594,Create image,es,Spanish,qwen2.5-coder:7b,Crear imagen,0.792
4595,Focal length,es,Spanish,qwen2.5-coder:7b,Longitud focal,0.745
4596,Admin,es,Spanish,qwen2.5-coder:7b,Administrador,0.782
4597,Sizes,es,Spanish,qwen2.5-coder:7b,Tamaños,0.709
4598,not in,es,Spanish,qwen2.5-coder:7b,no en,0.833
4599,Item Actions,es,Spanish,qwen2.5-coder:7b,Acciones de Elemento,1.124
4600,File Masks,es,Spanish,qwen2.5-coder:7b,Máscaras de archivo,1.049
4601,Delete item(s),es,Spanish,qwen2.5-coder:7b,Eliminar elemento(s),0.949
4602,OpenPGP signing key:,es,Spanish,qwen2.5-coder:7b,Clave de firma OpenPGP:,1.487
4603,Network Meeting,es,Spanish,qwen2.5-coder:7b,Reunión en Red,0.947
4604,Enclosure:,es,Spanish,qwen2.5-coder:7b,Adjunto:,0.832
4605,Between,es,Spanish,qwen2.5-coder:7b,Entre,0.716
4606,Glow preview,es,Spanish,qwen2.5-coder:7b,Vista previa brillante,1.316
4607,Input Password,es,Spanish,qwen2.5-coder:7b,Introduce Contraseña,1.041
4608,Line Art,es,Spanish,qwen2.5-coder:7b,Line Art,0.838
4609,Wavelet Noise Reducer,es,Spanish,qwen2.5-coder:7b,Reducidor de Ruido de Ondaletas,1.51
4610,Fireworks,es,Spanish,qwen2.5-coder:7b,Fuegos artificiales,0.95
4611,KDE LDAP Directory Manager,es,Spanish,qwen2.5-coder:7b,Administrador de directorio LDAP KDE,1.463
4612,Camera File Properties,es,Spanish,qwen2.5-coder:7b,Propiedades del archivo de cámara,1.057
4613,Move Tab Up,es,Spanish,qwen2.5-coder:7b,Mover pestaña arriba,1.25
4614,Slider,es,Spanish,qwen2.5-coder:7b,Deslizador,0.679
4615,Perspective,es,Spanish,qwen2.5-coder:7b,Perspectiva,0.715
4616,DNS address & list:,es,Spanish,qwen2.5-coder:7b,Dirección DNS & lista:,1.164
4617,& Abbreviation:,es,Spanish,qwen2.5-coder:7b,& Abreviatura:,1.115
4618,KritaShape editing tool,es,Spanish,qwen2.5-coder:7b,KritaShape herramienta de edición,1.485
4619,Spin Box,es,Spanish,qwen2.5-coder:7b,Deslizador,0.914
4620,Double,es,Spanish,qwen2.5-coder:7b,Doble,0.588
4621,AliceBlue,es,Spanish,qwen2.5-coder:7b,AliciaBlanco,0.9
4622,Current Source:,es,Spanish,qwen2.5-coder:7b,Fuente Actual:,0.912
4623,SXW Files,es,Spanish,qwen2.5-coder:7b,Archivos SXW,0.851
4624,Ruby Code Generation,es,Spanish,qwen2.5-coder:7b,Generación de Código Ruby,0.919
4625,Cooking Book,es,Spanish,qwen2.5-coder:7b,Libro de Cocina,1.163
4626,Imageviewer,es,Spanish,qwen2.5-coder:7b,Visualizador de imágenes,1.027
4627,Chess Game,es,Spanish,qwen2.5-coder:7b,Juego de Ajedrez,1.045
4628,& First name:,es,Spanish,qwen2.5-coder:7b,& Nombre:,0.765
4629,Confirmation,es,Spanish,qwen2.5-coder:7b,Confirmación,0.627
4630,"Unexpected tag ""%1""",es,Spanish,qwen2.5-coder:7b,"Etiqueta inesperada ""%1",1.341
4631,Self,es,Spanish,qwen2.5-coder:7b,Auto,0.673
4632,Use gateway,es,Spanish,qwen2.5-coder:7b,Usar puerta de enlace,1.335
4633,plane,es,Spanish,qwen2.5-coder:7b,aeropuerto,0.909
4634,Camera response:,es,Spanish,qwen2.5-coder:7b,Respuesta de la cámara:,1.122
4635,Color Adjustment,es,Spanish,qwen2.5-coder:7b,Ajuste de Color,0.913
4636,Userdefined & MTU:,es,Spanish,qwen2.5-coder:7b,Definido por el usuario & MTU:,1.703
4637,& Channel List,es,Spanish,qwen2.5-coder:7b,& Lista de Canales,0.973
4638,Internet Key Exchange mode,es,Spanish,qwen2.5-coder:7b,Modo de Intercambio de Claves de Internet,1.784
4639,Color matrix,es,Spanish,qwen2.5-coder:7b,Matriz de color,0.817
4640,Cipher Wizard,es,Spanish,qwen2.5-coder:7b,El Maestro de Cifrado,1.38
4641,Time signature,es,Spanish,qwen2.5-coder:7b,Indicación de tiempo,1.141
4642,Personal Time Tracker,es,Spanish,qwen2.5-coder:7b,Seguimiento de Tiempo Personal,1.194
4643,Hue Shift,es,Spanish,qwen2.5-coder:7b,Desplazamiento de tono,1.397
4644,Image Size:,es,Spanish,qwen2.5-coder:7b,Tamaño de la imagen:,1.028
4645,Mail Merge - Editor,es,Spanish,qwen2.5-coder:7b,Unión de Correos - Editor,1.532
4646,Communication synchronizer,es,Spanish,qwen2.5-coder:7b,Sincronizador de comunicación,1.105
4647,Preparation,es,Spanish,qwen2.5-coder:7b,Preparación,0.732
4648,Remove items,es,Spanish,qwen2.5-coder:7b,Eliminar elementos,0.833
4649,Acquiring & quantaplus;,es,Spanish,qwen2.5-coder:7b,Adquiriendo & quantaplus;,1.432
4650,Vanishing Point Decoration,es,Spanish,qwen2.5-coder:7b,Punto de Desvanecimiento Decoración,1.38
4651,Preview Program,es,Spanish,qwen2.5-coder:7b,Vista Previa del Programa,1.295
4652,Substep Width:,es,Spanish,qwen2.5-coder:7b,Ancho de subpaso:,1.176
4653,Master Page...,es,Spanish,qwen2.5-coder:7b,Master Page...,0.827
4654,& neutral,es,Spanish,qwen2.5-coder:7b,& neutro,0.71
4655,Link device,es,Spanish,qwen2.5-coder:7b,Enlace dispositivo,0.93
4656,& Mount,es,Spanish,qwen2.5-coder:7b,& Montar,0.692
4657,audio/ x-wav _BAR_Wave Sound Files,es,Spanish,qwen2.5-coder:7b,audio/ x-wav _BAR_Wave Sound Files,2.061
4658,Answer:,es,Spanish,qwen2.5-coder:7b,Respuesta:,0.812
4659,F6 Move,es,Spanish,qwen2.5-coder:7b,Mover F6,0.95
4660,Shift up,es,Spanish,qwen2.5-coder:7b,Mover arriba,0.906
4661,Input levels,es,Spanish,qwen2.5-coder:7b,Niveles de entrada,0.922
4662,Search Later,es,Spanish,qwen2.5-coder:7b,Buscar Más Tarde,1.025
4663,Deform Radius,es,Spanish,qwen2.5-coder:7b,Radio de deformación,0.839
4664,SeaGreen2,es,Spanish,qwen2.5-coder:7b,SeaGreen2,0.764
4665,Menu Updating Tool,es,Spanish,qwen2.5-coder:7b,Herramienta de Actualización de Menú,1.585
4666,Create New,es,Spanish,qwen2.5-coder:7b,Crear Nuevo,0.874
4667,Toys,es,Spanish,qwen2.5-coder:7b,Juguetes,0.833
4668,Disable KWallet?,es,Spanish,qwen2.5-coder:7b,¿Deshabilitar KWallet?,1.33
4669,Code cleaning,es,Spanish,qwen2.5-coder:7b,Limpieza de código,1.099
4670,Audio Preview,es,Spanish,qwen2.5-coder:7b,Vista previa de audio,1.188
4671,Bond order,es,Spanish,qwen2.5-coder:7b,Orden de enlace,0.808
4672,Game artwork,es,Spanish,qwen2.5-coder:7b,Trabajo de arte del juego,1.205
4673,WZ rotation speed,es,Spanish,qwen2.5-coder:7b,Velocidad de rotación de WZ,1.587
4674,%1 removed,es,Spanish,qwen2.5-coder:7b,%1 eliminado,0.942
4675,Variance,es,Spanish,qwen2.5-coder:7b,Desviación,0.735
4676,Exchange mode (%1): %2,es,Spanish,qwen2.5-coder:7b,Modo de intercambio (%1): %2,1.828
4677,Request Help,es,Spanish,qwen2.5-coder:7b,Solicitar Ayuda,1.035
4678,Paths,es,Spanish,qwen2.5-coder:7b,Rutas,0.61
4679,TIFF File Format,es,Spanish,qwen2.5-coder:7b,Formato de archivo TIFF,0.997
4680,Alternate (V),es,Spanish,qwen2.5-coder:7b,Alternar (V),1.05
4681,Fileselector component,es,Spanish,qwen2.5-coder:7b,Componente de selector de archivos,1.257
4682,Memory Information,es,Spanish,qwen2.5-coder:7b,Información de Memoria,1.106
4683,File Size,es,Spanish,qwen2.5-coder:7b,Tamaño del archivo,0.956
4684,Vocabulary collection:,es,Spanish,qwen2.5-coder:7b,Colección de vocabulario:,1.176
4685,Step into,es,Spanish,qwen2.5-coder:7b,Adelante,0.976
4686,File Renamer,es,Spanish,qwen2.5-coder:7b,Renombrador de Archivos,1.176
4687,Wallpaper mode,es,Spanish,qwen2.5-coder:7b,Modo de fondos de pantalla,1.405
4688,Maximum size,es,Spanish,qwen2.5-coder:7b,Tamaño máximo,0.742
4689,RAM memory,es,Spanish,qwen2.5-coder:7b,Memoria RAM,0.93
4690,Wired,es,Spanish,qwen2.5-coder:7b,Conectado,0.91
4691,Open invitations: %1,es,Spanish,qwen2.5-coder:7b,Invitaciones abiertas: %1,1.494
4692,"Jazz, mixed",es,Spanish,qwen2.5-coder:7b,"Jazz, mezclado",0.98
4693,UNIX Passwords,es,Spanish,qwen2.5-coder:7b,Contraseñas de UNIX,0.942
4694,Dialup Networks,es,Spanish,qwen2.5-coder:7b,Redes Dialup,1.1
4695,Next & Week,es,Spanish,qwen2.5-coder:7b,Próxima & Semana,1.236
4696,Turn speed,es,Spanish,qwen2.5-coder:7b,Velocidad de giro,1.001
4697,Spring tension force,es,Spanish,qwen2.5-coder:7b,Fuente de tensión de primavera,1.529
4698,Czech (cs),es,Spanish,qwen2.5-coder:7b,Checo (cs),1.049
4699,Not now,es,Spanish,qwen2.5-coder:7b,No ahora,0.73
4700,DAYOFYEAR(year; month; date),es,Spanish,qwen2.5-coder:7b,DÍAANIO(año; mes; día),1.816
4701,Italian (it),es,Spanish,qwen2.5-coder:7b,Italiano (it),0.998
4702,Date end,es,Spanish,qwen2.5-coder:7b,Fecha final,0.856
4703,Axes labels:,es,Spanish,qwen2.5-coder:7b,Etiquetas de los ejes:,1.204
4704,Open ledger,es,Spanish,qwen2.5-coder:7b,Abrir libro mayor,0.816
4705,& Functions:,es,Spanish,qwen2.5-coder:7b,& Funciones:,0.795
4706,CMY Scale,es,Spanish,qwen2.5-coder:7b,Escala CMY,0.884
4707,Networks,es,Spanish,qwen2.5-coder:7b,Redes,0.874
4708,Desktop communication,es,Spanish,qwen2.5-coder:7b,Comunicación de escritorio,1.251
4709,Config file,es,Spanish,qwen2.5-coder:7b,Archivo de configuración,1.06
4710,High Color (16 Bit),es,Spanish,qwen2.5-coder:7b,Color de Alta Resolución (16 Bits),1.722
4711,Some Fundamentals,es,Spanish,qwen2.5-coder:7b,Algunos Fundamentos,0.967
4712,& Starting banner:,es,Spanish,qwen2.5-coder:7b,& Inicio del banner:,1.045
4713,Pacific/ Tarawa,es,Spanish,qwen2.5-coder:7b,Pacific/Tarawa,1.086
4714,Kaleidoscope,es,Spanish,qwen2.5-coder:7b,Espejo de kaleidoscopio,1.489
4715,Continue & Later,es,Spanish,qwen2.5-coder:7b,Continuar & Más Tarde,1.204
4716,Path:,es,Spanish,qwen2.5-coder:7b,Ruta:,0.777
4717,Phone Numbers,es,Spanish,qwen2.5-coder:7b,Números de Teléfono,1.0
4718,Thumbnails,es,Spanish,qwen2.5-coder:7b,Miniaturas,0.603
4719,Realtime priority,es,Spanish,qwen2.5-coder:7b,Prioridad en tiempo real,1.114
4720,Kashubian,es,Spanish,qwen2.5-coder:7b,Kashubian,0.89
4721,Sync progress:,es,Spanish,qwen2.5-coder:7b,Progreso de sincronización:,1.252
4722,By Type,es,Spanish,qwen2.5-coder:7b,Por Tipo,0.801
4723,Life time:,es,Spanish,qwen2.5-coder:7b,Tiempo de vida:,1.008
4724,File Transfer,es,Spanish,qwen2.5-coder:7b,Transferencia de Archivos,0.936
4725,Overbooking,es,Spanish,qwen2.5-coder:7b,Sobresellado,0.935
4726,Class printers:,es,Spanish,qwen2.5-coder:7b,Imprimidores de clase:,1.099
4727,OpenLook preview,es,Spanish,qwen2.5-coder:7b,Vista previa de OpenLook,1.372
4728,Effective,es,Spanish,qwen2.5-coder:7b,Efectivo,0.693
4729,Staple 1,es,Spanish,qwen2.5-coder:7b,Clamp 1,1.106
4730,Guide lines,es,Spanish,qwen2.5-coder:7b,Líneas guía,0.896
4731,Removing directory: %1,es,Spanish,qwen2.5-coder:7b,Eliminando directorio: %1,1.48
4732,Power Manager,es,Spanish,qwen2.5-coder:7b,Gestor de Potencia,0.998
4733,Input device,es,Spanish,qwen2.5-coder:7b,Dispositivo de entrada,1.075
4734,& Monitor profile:,es,Spanish,qwen2.5-coder:7b,& Perfil de monitor:,1.11
4735,Block Selection Mode,es,Spanish,qwen2.5-coder:7b,Modo de Selección de Bloque,1.526
4736,& Playlists,es,Spanish,qwen2.5-coder:7b,& Listas de reproducción,1.213
4737,Azerbaijanian Manat,es,Spanish,qwen2.5-coder:7b,Manat azerbaijano,1.193
4738,SQL statement:,es,Spanish,qwen2.5-coder:7b,Sentencia SQL:,0.947
4739,Fade Strength,es,Spanish,qwen2.5-coder:7b,Intensidad de Desvanecimiento,1.446
4740,Plugged,es,Spanish,qwen2.5-coder:7b,Conectado,0.74
4741,burning,es,Spanish,qwen2.5-coder:7b,quemando,0.97
4742,Six Staples,es,Spanish,qwen2.5-coder:7b,Seis Clavos,0.951
4743,Northern,es,Spanish,qwen2.5-coder:7b,Northern,0.709
4744,Domain Search List,es,Spanish,qwen2.5-coder:7b,Lista de Búsqueda de Dominios,1.4
4745,4 Weeks,es,Spanish,qwen2.5-coder:7b,4 Semanas,0.733
4746,Output: #234;,es,Spanish,qwen2.5-coder:7b,Salida: #234;,1.46
4747,Cost Item Colors,es,Spanish,qwen2.5-coder:7b,Colores de Elementos de Costo,1.43
4748,Work online.,es,Spanish,qwen2.5-coder:7b,Trabaja en línea.,1.039
4749,Course %1 does not exist.,es,Spanish,qwen2.5-coder:7b,El curso %1 no existe.,1.396
4750,Little Billy,es,Spanish,qwen2.5-coder:7b,Pequeño Billy,0.852
4751,Slovak Koruna,es,Spanish,qwen2.5-coder:7b,Slovaco Corona,0.994
4752,DVD Navigation...,es,Spanish,qwen2.5-coder:7b,Navegación de DVD...,1.094
4753,Trail size,es,Spanish,qwen2.5-coder:7b,Tamaño de la pista,1.094
4754,KDE Development,es,Spanish,qwen2.5-coder:7b,Desarrollo KDE,0.901
4755,Auto-Correction...,es,Spanish,qwen2.5-coder:7b,Corrección Automática...,1.183
4756,--end-time nbsp; end-time,es,Spanish,qwen2.5-coder:7b,--hora final nbsp; hora final,1.395
4757,Sign position:,es,Spanish,qwen2.5-coder:7b,Posición de la firma:,1.208
4758,Weather,es,Spanish,qwen2.5-coder:7b,Tiempo,0.8
4759,Google Summer of Code 2008 Project: Vector Tiles for Marble,es,Spanish,qwen2.5-coder:7b,Proyecto de Google Summer of Code 2008: Mosaicos Vectoriales para Marble,3.137
4760,Formatting,es,Spanish,qwen2.5-coder:7b,Formato,0.809
4761,Tree View,es,Spanish,qwen2.5-coder:7b,Vista de Árbol,1.192
4762,K3b??? Encoder,es,Spanish,qwen2.5-coder:7b,K3b??? Codificador,1.283
4763,Button Action,es,Spanish,qwen2.5-coder:7b,Acción del Botón,1.099
4764,Deployment View,es,Spanish,qwen2.5-coder:7b,Vista de Despliegue,1.333
4765,Grades from %1 to %2,es,Spanish,qwen2.5-coder:7b,Calificaciones desde %1 hasta %2,1.401
4766,RITOn,es,Spanish,qwen2.5-coder:7b,RITOn,0.738
4767,January,es,Spanish,qwen2.5-coder:7b,Enero,0.583
4768,Book Collection,es,Spanish,qwen2.5-coder:7b,Recolección de Libros,1.192
4769,& Directory for this profile:,es,Spanish,qwen2.5-coder:7b,& Directorio para este perfil:,1.248
4770,& Delete Item,es,Spanish,qwen2.5-coder:7b,& Eliminar Elemento,0.999
4771,Use Case Description,es,Spanish,qwen2.5-coder:7b,Descripción del Caso de Uso,1.465
4772,CMake Manager,es,Spanish,qwen2.5-coder:7b,Administrador de CMake,1.127
4773,Transformation Effects,es,Spanish,qwen2.5-coder:7b,Efectos de Transformación,1.006
4774,bookmarks,es,Spanish,qwen2.5-coder:7b,marcadores,0.752
4775,Welcome,es,Spanish,qwen2.5-coder:7b,Bienvenido,0.708
4776,SDL - Decision,es,Spanish,qwen2.5-coder:7b,SDL - Decisión,0.886
4777,File Properties,es,Spanish,qwen2.5-coder:7b,Propiedades del archivo,0.839
4778,& Prefix:,es,Spanish,qwen2.5-coder:7b,& Prefijo:,0.844
4779,Data Overview,es,Spanish,qwen2.5-coder:7b,Resumen de Datos,1.046
4780,Reading,es,Spanish,qwen2.5-coder:7b,Leyendo,0.681
4781,linespecific,es,Spanish,qwen2.5-coder:7b,líneaspecíficas,0.896
4782,Red Leaf,es,Spanish,qwen2.5-coder:7b,Hoja Roja,0.815
4783,dark red,es,Spanish,qwen2.5-coder:7b,rojo oscuro,0.811
4784,Match:,es,Spanish,qwen2.5-coder:7b,Coincidencia:,0.858
4785,Greek,es,Spanish,qwen2.5-coder:7b,Griego,0.668
4786,Responsible,es,Spanish,qwen2.5-coder:7b,Responsable,0.81
4787,Delete %1,es,Spanish,qwen2.5-coder:7b,Eliminar %1,0.941
4788,Bulgarian Lev A/ 99,es,Spanish,qwen2.5-coder:7b,Búlgaro Lev A/ 99,1.718
4789,Adding,es,Spanish,qwen2.5-coder:7b,Añadiendo,0.884
4790,through,es,Spanish,qwen2.5-coder:7b,por,0.675
4791,System Load Viewer,es,Spanish,qwen2.5-coder:7b,Visualizador de Carga del Sistema,1.299
4792,Command-Line Options,es,Spanish,qwen2.5-coder:7b,Opciones de Línea de Comando,1.296
4793,warning,es,Spanish,qwen2.5-coder:7b,advertencia,0.595
4794,Used:,es,Spanish,qwen2.5-coder:7b,Usado:,0.799
4795,Clef,es,Spanish,qwen2.5-coder:7b,Clave,0.606
4796,Logon,es,Spanish,qwen2.5-coder:7b,Inicio de sesión,0.901
4797,Work Offline,es,Spanish,qwen2.5-coder:7b,Trabajar Offline,0.995
4798,Disc #,es,Spanish,qwen2.5-coder:7b,Disco #,0.841
4799,(no caller),es,Spanish,qwen2.5-coder:7b,(sin llamante),0.933
4800,Hover And Press Effect,es,Spanish,qwen2.5-coder:7b,Efecto al Suspender y Presionar,1.462
4801,Ab Major,es,Spanish,qwen2.5-coder:7b,Ab Mayor,0.797
4802,Content type:,es,Spanish,qwen2.5-coder:7b,Tipo de contenido:,0.927
4803,Average Bitrate,es,Spanish,qwen2.5-coder:7b,Bitrate Promedio,1.112
4804,IP Filter List,es,Spanish,qwen2.5-coder:7b,Lista de Filtros IP,1.259
4805,Dithering,es,Spanish,qwen2.5-coder:7b,Dithering,0.743
4806,Project Templates,es,Spanish,qwen2.5-coder:7b,Plantillas de Proyecto,1.112
4807,Track front margin (0..150):,es,Spanish,qwen2.5-coder:7b,Rastrear margen frontal (0..150):,2.097
4808,XML Tools,es,Spanish,qwen2.5-coder:7b,Herramientas XML,0.898
4809,Gray threshold:,es,Spanish,qwen2.5-coder:7b,Umbral grises:,0.898
4810,Docbook Generation Complete...,es,Spanish,qwen2.5-coder:7b,Generación de Docbook Completada...,1.424
4811,Repeat interval,es,Spanish,qwen2.5-coder:7b,Intervalo de repetición,0.923
4812,system,es,Spanish,qwen2.5-coder:7b,sistema,0.583
4813,knot,es,Spanish,qwen2.5-coder:7b,nudo,0.632
4814,No editor,es,Spanish,qwen2.5-coder:7b,No editor,0.721
4815,KNewStuff contributions,es,Spanish,qwen2.5-coder:7b,Contribuciones de KNewStuff,1.041
4816,horizontally,es,Spanish,qwen2.5-coder:7b,horizontalmente,0.592
4817,Lithuanian (lt),es,Spanish,qwen2.5-coder:7b,Lithuanian (lt),1.213
4818,Generate Stub Class,es,Spanish,qwen2.5-coder:7b,Generar Clase Esquema,1.344
4819,Player size,es,Spanish,qwen2.5-coder:7b,Tamaño del jugador,0.897
4820,Read Only account,es,Spanish,qwen2.5-coder:7b,Cuenta de solo lectura,1.099
4821,Table id:,es,Spanish,qwen2.5-coder:7b,Tabla id:,0.836
4822,Kangxi Radicals,es,Spanish,qwen2.5-coder:7b,Radicales de Kangxi,1.325
4823,Vendor's Name,es,Spanish,qwen2.5-coder:7b,Nombre del vendedor,0.854
4824,ColorSmartCRD Images,es,Spanish,qwen2.5-coder:7b,Imágenes ColorSmartCRD,1.306
4825,Looking for %1...,es,Spanish,qwen2.5-coder:7b,Buscando %1...,1.162
4826,Page Edge:,es,Spanish,qwen2.5-coder:7b,Margen de página:,1.023
4827,Dictionary:,es,Spanish,qwen2.5-coder:7b,Diccionario:,0.846
4828,Nature,es,Spanish,qwen2.5-coder:7b, Naturaleza ,0.769
4829,Search Results,es,Spanish,qwen2.5-coder:7b,Resultados de Búsqueda,1.067
4830,Office:,es,Spanish,qwen2.5-coder:7b,Escritorio:,0.914
4831,CSV Files,es,Spanish,qwen2.5-coder:7b,Archivos CSV,0.781
4832,Comment: %1,es,Spanish,qwen2.5-coder:7b,Comentario: %1,1.204
4833,AMiddleLengthText...,es,Spanish,qwen2.5-coder:7b,AMiddleLengthText...,1.105
4834,25th Last,es,Spanish,qwen2.5-coder:7b,25º Último,1.387
4835,Set champions' speed.,es,Spanish,qwen2.5-coder:7b,Establece la velocidad de los campeones.,1.662
4836,Till Adam (till at adam-lilienthal de): Core developer,es,Spanish,qwen2.5-coder:7b,Hasta Adam (till at adam-lilienthal de): Desarrollador principal,2.909
4837,United Kingdom,es,Spanish,qwen2.5-coder:7b,Reino Unido,0.841
4838,ImagePlugin_Restoration,es,Spanish,qwen2.5-coder:7b,Plugin de Restauración de Imágenes,1.567
4839,Script for @%1 is empty.,es,Spanish,qwen2.5-coder:7b,Script para @%1 está vacío.,1.636
4840,ImagePlugin_HotPixels,es,Spanish,qwen2.5-coder:7b,ImagePlugin_PixelesCalientes,1.468
4841,Quick Help,es,Spanish,qwen2.5-coder:7b,Ayuda rápida,0.731
4842,X spin,es,Spanish,qwen2.5-coder:7b,X giro,0.902
4843,Serial number:,es,Spanish,qwen2.5-coder:7b,Número de serie:,0.814
4844,Battery Usage,es,Spanish,qwen2.5-coder:7b,Uso de Batería,1.249
4845,Alphabetical,es,Spanish,qwen2.5-coder:7b,Alfabético,0.984
4846,Quit?,es,Spanish,qwen2.5-coder:7b,¿Desea salir?,1.11
4847,Over-Exposure Indicator,es,Spanish,qwen2.5-coder:7b,Indicador de Exposición Excesiva,1.519
4848,Format Row,es,Spanish,qwen2.5-coder:7b,Formatar Fila,1.022
4849,& Cancel,es,Spanish,qwen2.5-coder:7b,& Cancelar,0.73
4850,Languages:,es,Spanish,qwen2.5-coder:7b,Idiomas:,0.938
4851,& lt; recipientsgt;,es,Spanish,qwen2.5-coder:7b,&lt; destinatarios&gt;,1.384
4852,& Profile:,es,Spanish,qwen2.5-coder:7b,& Perfil:,0.785
4853,Text Length,es,Spanish,qwen2.5-coder:7b,Longitud del Texto,1.138
4854,& Ambient light:,es,Spanish,qwen2.5-coder:7b,& Luz ambiente:,0.87
4855,Gathered - \\begin{gathered},es,Spanish,qwen2.5-coder:7b,Reúno - \\begin{gathered},1.741
4856,Color Scheme,es,Spanish,qwen2.5-coder:7b,Esquema de Color,0.968
4857,Enable OpenGL shaders,es,Spanish,qwen2.5-coder:7b,Activar sombreadores OpenGL,1.216
4858,HTTP proxy settings,es,Spanish,qwen2.5-coder:7b,Ajustes del proxy HTTP,1.16
4859,Strip,es,Spanish,qwen2.5-coder:7b,Eliminar,0.679
4860,Power Control,es,Spanish,qwen2.5-coder:7b,Control de Potencia,0.809
4861,Expenditure:,es,Spanish,qwen2.5-coder:7b,Gasto:,0.733
4862,Sleepy,es,Spanish,qwen2.5-coder:7b,Somnoliento,0.989
4863,anything,es,Spanish,qwen2.5-coder:7b,nada,0.811
4864,conditional,es,Spanish,qwen2.5-coder:7b,condicional,0.596
4865,Delete?,es,Spanish,qwen2.5-coder:7b,¿Eliminar?,0.801
4866,Script Properties,es,Spanish,qwen2.5-coder:7b,Propiedades del Script,0.858
4867,& Join,es,Spanish,qwen2.5-coder:7b,& Unirse,0.741
4868,Planner Summary,es,Spanish,qwen2.5-coder:7b,Resumen del Planificador,0.958
4869,Playlist name:,es,Spanish,qwen2.5-coder:7b,Nombre de la lista de reproducción:,1.202
4870,exit,es,Spanish,qwen2.5-coder:7b,salir,0.804
4871,Help Center,es,Spanish,qwen2.5-coder:7b,Centro de Ayuda,1.13
4872,Deactivate & WINS,es,Spanish,qwen2.5-coder:7b,Desactivar & WINS,1.388
4873,Desktop functions:,es,Spanish,qwen2.5-coder:7b,Funciones del escritorio:,1.034
4874,& Ctrl; Down Arrow,es,Spanish,qwen2.5-coder:7b,& Ctrl; Flecha Abajo,1.343
4875,Blue arrow,es,Spanish,qwen2.5-coder:7b,Flecha azul,1.007
4876,Copy...,es,Spanish,qwen2.5-coder:7b,Compartir...,0.896
4877,Music Location,es,Spanish,qwen2.5-coder:7b,Ubicación de la música,1.215
4878,Shadow group file:,es,Spanish,qwen2.5-coder:7b,Archivo de grupo de sombras:,1.273
4879,Profile Part %1,es,Spanish,qwen2.5-coder:7b,Parte del Perfil %1,1.425
4880,At home,es,Spanish,qwen2.5-coder:7b,En casa,0.658
4881,--- separator ---,es,Spanish,qwen2.5-coder:7b,--- separador ---,1.102
4882,Belarus,es,Spanish,qwen2.5-coder:7b,Bielorrusia,1.118
4883,Developer (2004),es,Spanish,qwen2.5-coder:7b,Desarrollador (2004),1.579
4884,Sells,es,Spanish,qwen2.5-coder:7b,Vende,0.859
4885,Shortcut name: pub,es,Spanish,qwen2.5-coder:7b,Nombre del atajo: pub,1.268
4886,Main Toolbar,es,Spanish,qwen2.5-coder:7b,Barra de Herramientas Principal,1.296
4887,Print Frame,es,Spanish,qwen2.5-coder:7b,Imprimir Marco,0.899
4888,Output intensity.,es,Spanish,qwen2.5-coder:7b,Intensidad de salida.,1.096
4889,Output device profile:,es,Spanish,qwen2.5-coder:7b,Perfil de dispositivo de salida:,1.091
4890,Key properties,es,Spanish,qwen2.5-coder:7b,Propiedades clave,0.738
4891,Swedish (sv),es,Spanish,qwen2.5-coder:7b,Sueco (sv),1.064
4892,Cube Map Texture,es,Spanish,qwen2.5-coder:7b,Textura de Cubo Mapeado,1.198
4893,Custom Type 2,es,Spanish,qwen2.5-coder:7b,Tipo Personalizado 2,0.958
4894,"print ""x""",es,Spanish,qwen2.5-coder:7b,imprimir 'x,1.097
4895,"Letter, Colour",es,Spanish,qwen2.5-coder:7b,"Letra, Color",1.082
4896,& Initial value:,es,Spanish,qwen2.5-coder:7b,& Valor inicial:,0.881
4897,This Week,es,Spanish,qwen2.5-coder:7b,Esta Semana,0.943
4898,Main Window,es,Spanish,qwen2.5-coder:7b,Ventana Principal,0.701
4899,Format,es,Spanish,qwen2.5-coder:7b,Formato,0.579
4900,Condition,es,Spanish,qwen2.5-coder:7b,Condición,0.574
4901,"Space """"",es,Spanish,qwen2.5-coder:7b,Espacio,0.756
4902,Review,es,Spanish,qwen2.5-coder:7b,Revisar,0.7
4903,Expression:,es,Spanish,qwen2.5-coder:7b,Expresión:,0.871
4904,purple3,es,Spanish,qwen2.5-coder:7b,morado3,0.708
4905,Hide drop target,es,Spanish,qwen2.5-coder:7b,Ocultar destino de soltar,1.125
4906,New target/ name:,es,Spanish,qwen2.5-coder:7b,Nuevo objetivo/nombre:,1.094
4907,Line spread,es,Spanish,qwen2.5-coder:7b,Distribución de líneas,1.042
4908,& License Agreement,es,Spanish,qwen2.5-coder:7b,& Acuerdo de Licencia,1.026
4909,Binding edge:,es,Spanish,qwen2.5-coder:7b,Margen de enlace:,1.116
4910,Yellows,es,Spanish,qwen2.5-coder:7b,Amarillos,0.741
4911,Remove Printer,es,Spanish,qwen2.5-coder:7b,Eliminar Impresora,1.017
4912,Template Title:,es,Spanish,qwen2.5-coder:7b,Nombre del Plantilla:,1.034
4913,Grayscale,es,Spanish,qwen2.5-coder:7b,Escala de grises,0.95
4914,& Real name:,es,Spanish,qwen2.5-coder:7b,& Nombre real:,0.867
4915,Search & for:,es,Spanish,qwen2.5-coder:7b,Buscar & por:,0.979
4916,Christmas Theme by Kenichiro Takahashi,es,Spanish,qwen2.5-coder:7b,Temática de Navidad por Kenichiro Takahashi,1.994
4917,N/ A,es,Spanish,qwen2.5-coder:7b,N/ A,0.772
4918,Indentation Properties,es,Spanish,qwen2.5-coder:7b,Propiedades de Alinear,1.012
4919,Dimethyl ether,es,Spanish,qwen2.5-coder:7b,Etileno dimetilado,1.428
4920,Keyboard Status Applet,es,Spanish,qwen2.5-coder:7b,Aplicación de Estado del Teclado,1.459
4921,KNemo wireless icon theme,es,Spanish,qwen2.5-coder:7b,KNemo tema de iconos inalámbricos,1.769
4922,Archives:,es,Spanish,qwen2.5-coder:7b,Archivos:,0.851
4923,Index log:,es,Spanish,qwen2.5-coder:7b,Índice de registro:,1.105
4924,Photos of & Me,es,Spanish,qwen2.5-coder:7b,Photos of & Me,1.057
4925,Mount CD,es,Spanish,qwen2.5-coder:7b,Montar CD,0.904
4926,Link quality: %1,es,Spanish,qwen2.5-coder:7b,Calidad de enlace: %1,1.308
4927,Copy From,es,Spanish,qwen2.5-coder:7b,Compartir desde,0.996
4928,Delayed,es,Spanish,qwen2.5-coder:7b,Atrasado,0.774
4929,View Gantt,es,Spanish,qwen2.5-coder:7b,Ver Gantt,0.923
4930,Illumination:,es,Spanish,qwen2.5-coder:7b,Illuminación:,0.938
4931,height,es,Spanish,qwen2.5-coder:7b,altura,0.517
4932,& Brightness:,es,Spanish,qwen2.5-coder:7b,& Brillo:,0.847
4933,Pencil tool,es,Spanish,qwen2.5-coder:7b, Herramienta de lápiz,1.329
4934,Rename...,es,Spanish,qwen2.5-coder:7b,Renombrar...,0.946
4935,& Open Photo,es,Spanish,qwen2.5-coder:7b,& Abrir Foto,0.967
4936,OpenGL version,es,Spanish,qwen2.5-coder:7b,Versión de OpenGL,0.879
4937,Keyboard Repeat,es,Spanish,qwen2.5-coder:7b,Repetición de Teclado,1.052
4938,Memory Enhancement Game,es,Spanish,qwen2.5-coder:7b,Juego de Aumento de Memoria,1.376
4939,Recalculation,es,Spanish,qwen2.5-coder:7b,Recálculo,0.749
4940,KDevelop Project Interface,es,Spanish,qwen2.5-coder:7b,Interfaz de Proyecto de KDevelop,1.533
4941,Template Preview,es,Spanish,qwen2.5-coder:7b,Vista previa de plantilla,1.289
4942,& Identity:,es,Spanish,qwen2.5-coder:7b,& Identidad:,0.837
4943,negative,es,Spanish,qwen2.5-coder:7b,negativo,0.657
4944,Server passwords,es,Spanish,qwen2.5-coder:7b,Contraseñas del servidor,0.913
4945,Remove & All,es,Spanish,qwen2.5-coder:7b,Eliminar & Todo,0.931
4946,Playlist name,es,Spanish,qwen2.5-coder:7b,Nombre de la lista de reproducción,1.103
4947,Target:,es,Spanish,qwen2.5-coder:7b,Objetivo:,0.888
4948,core developer,es,Spanish,qwen2.5-coder:7b,desarrollador principal,0.938
4949,& Copy,es,Spanish,qwen2.5-coder:7b,& Copiar,0.817
4950,North Korean Won,es,Spanish,qwen2.5-coder:7b,Won 북한,0.688
4951,Untranslated,es,Spanish,qwen2.5-coder:7b,Sin traducir,1.034
4952,Piecewise,es,Spanish,qwen2.5-coder:7b,Porciones,0.955
4953,Province:,es,Spanish,qwen2.5-coder:7b,Provincia:,0.713
4954,With Custom Template,es,Spanish,qwen2.5-coder:7b,Con Plantilla Personalizada,0.977
4955,Saving,es,Spanish,qwen2.5-coder:7b,Guardando,0.627
4956,Print Plot,es,Spanish,qwen2.5-coder:7b,Imprimir Gráfico,0.806
4957,# of Items,es,Spanish,qwen2.5-coder:7b,Número de elementos,0.955
4958,Czech Koruna,es,Spanish,qwen2.5-coder:7b,Corona Checa,0.97
4959,From Medium...,es,Spanish,qwen2.5-coder:7b,Desde Medium...,0.83
4960,0 levels,es,Spanish,qwen2.5-coder:7b,0 niveles,0.893
4961,Ruins,es,Spanish,qwen2.5-coder:7b,Ruinas,0.605
4962,Signing Key,es,Spanish,qwen2.5-coder:7b,Clave de Firma,1.094
4963,Tibetan (Bhutan),es,Spanish,qwen2.5-coder:7b,Tibetano (Bhután),1.651
4964,Output: #x1234;,es,Spanish,qwen2.5-coder:7b,Salida: #x1234;,1.705
4965,LDAP Password,es,Spanish,qwen2.5-coder:7b,Contraseña LDAP,0.726
4966,%1 inh.,es,Spanish,qwen2.5-coder:7b,%1 inh.,0.855
4967,Not word boundary,es,Spanish,qwen2.5-coder:7b,No límite de palabra,1.169
4968,& Attendees,es,Spanish,qwen2.5-coder:7b,& Asistentes,0.874
4969,"Server said: ""%1""",es,Spanish,qwen2.5-coder:7b,"El servidor dijo: ""%1",1.414
4970,Bottom Left,es,Spanish,qwen2.5-coder:7b,Abajo Izquierda,1.024
4971,Middle East,es,Spanish,qwen2.5-coder:7b,Medio Oriente,0.979
4972,Multiplayer,es,Spanish,qwen2.5-coder:7b,Multijugador,0.706
4973,Channel & password:,es,Spanish,qwen2.5-coder:7b,Canal & contraseña:,1.036
4974,Surface Chart,es,Spanish,qwen2.5-coder:7b,Gráfico de Superficie,1.003
4975,Server HTTP Configuration,es,Spanish,qwen2.5-coder:7b,Configuración HTTP del Servidor,1.12
4976,Toggle Full Screen,es,Spanish,qwen2.5-coder:7b,Alternar Pantalla Completa,1.197
4977,Turbulence:,es,Spanish,qwen2.5-coder:7b,Turbulencia:,0.988
4978,Channelsuite management,es,Spanish,qwen2.5-coder:7b,Suite de canales,1.13
4979,Scan results,es,Spanish,qwen2.5-coder:7b,Resultados de escaneo,1.313
4980,Parsing...,es,Spanish,qwen2.5-coder:7b,Analizando...,0.796
4981,Soften,es,Spanish,qwen2.5-coder:7b,Suavizar,0.948
4982,Scan Interval...,es,Spanish,qwen2.5-coder:7b,Intervalo de Escaneo...,1.144
4983,Public,es,Spanish,qwen2.5-coder:7b,Publico,0.789
4984,ParleyPractice is practiced.,es,Spanish,qwen2.5-coder:7b,ParleyPractice se practica.,1.301
4985,Template directory,es,Spanish,qwen2.5-coder:7b,Directorio de plantillas,1.183
4986,Cisco - PC Router Card,es,Spanish,qwen2.5-coder:7b,Cisco - Tarjeta de enrutador de PC,1.497
4987,The Canvas Menu,es,Spanish,qwen2.5-coder:7b,El Menú de la Tela,1.301
4988,Enable Arena,es,Spanish,qwen2.5-coder:7b,Activar Arena,0.888
4989,Strikeout:,es,Spanish,qwen2.5-coder:7b,Tachado:,0.827
4990,Subscribe,es,Spanish,qwen2.5-coder:7b,Suscríbete,0.854
4991,& kde; web and & FTP; mirror sites,es,Spanish,qwen2.5-coder:7b,& kde; web y & FTP; sitios de espejo,2.126
4992,Eccentricity:,es,Spanish,qwen2.5-coder:7b,Eccentricidad:,1.048
4993,Chief Investigator,es,Spanish,qwen2.5-coder:7b,Jefe de Investigación,0.98
4994,Tile size,es,Spanish,qwen2.5-coder:7b,Tamaño de la mosaico,1.239
4995,& Series...,es,Spanish,qwen2.5-coder:7b,& Serie...,0.728
4996,File view,es,Spanish,qwen2.5-coder:7b,Vista de archivo,1.101
4997,NavyBlue,es,Spanish,qwen2.5-coder:7b,NavyBlue,0.758
4998,Filter Effects,es,Spanish,qwen2.5-coder:7b,EFECTOS DE FILTRO,1.345
4999,timer,es,Spanish,qwen2.5-coder:7b,cronometro,0.717
5000,Event Viewer,es,Spanish,qwen2.5-coder:7b,Visualizador de Eventos,1.104
5001,TV Viewer,es,Spanish,qwen2.5-coder:7b,Visualizador de TV,0.983
5002,Wildcarded String,es,Spanish,qwen2.5-coder:7b,Cadena con comodín,1.027
5003,Attached:,es,Spanish,qwen2.5-coder:7b,Adjunto:,0.793
5004,< Custom >,es,Spanish,qwen2.5-coder:7b,< Personalizado >,0.965
5005,Managing Tags,es,Spanish,qwen2.5-coder:7b,Gestión de Etiquetas,1.229
5006,Slide Layouts,es,Spanish,qwen2.5-coder:7b, diseños de diapositivas,1.395
5007,Figure Environment,es,Spanish,qwen2.5-coder:7b,Entorno de Figura,0.943
5008,UML Collections,es,Spanish,qwen2.5-coder:7b,Colecciones UML,0.888
5009,Input/ Output Port Information,es,Spanish,qwen2.5-coder:7b,Información de Puerto de Entrada/Salida,1.692
5010,disable,es,Spanish,qwen2.5-coder:7b,desactivar,0.876
5011,Alarm color:,es,Spanish,qwen2.5-coder:7b,Color de alarma:,0.998
5012,"(c) 2000, KDE developers",es,Spanish,qwen2.5-coder:7b,"(c) 2000, desarrolladores de KDE",2.09
5013,Latin,es,Spanish,qwen2.5-coder:7b,Latino,0.623
5014,Translation memory,es,Spanish,qwen2.5-coder:7b,Memoria de traducción,1.168
5015,Strength:,es,Spanish,qwen2.5-coder:7b,Fortaleza:,0.815
5016,Starts With,es,Spanish,qwen2.5-coder:7b,Comienza Con,0.958
5017,Autocorrection plugin,es,Spanish,qwen2.5-coder:7b,Complemento de corrección automática,1.466
5018,& Appearance,es,Spanish,qwen2.5-coder:7b,& Apariencia,0.999
5019,Connection Time,es,Spanish,qwen2.5-coder:7b,Tiempo de Conexión,1.044
5020,Upgrade Database,es,Spanish,qwen2.5-coder:7b,Actualizar Base de Datos,1.009
5021,Print Manager,es,Spanish,qwen2.5-coder:7b,Administrador de Impresión,1.195
5022,Encryption key:,es,Spanish,qwen2.5-coder:7b,Clave de encriptación:,1.243
5023,Kolab user password,es,Spanish,qwen2.5-coder:7b,Contraseña de usuario de Kolab,1.209
5024,Texture List,es,Spanish,qwen2.5-coder:7b,Lista de Texturas,1.03
5025,& Greeting:,es,Spanish,qwen2.5-coder:7b,& Saludo:,0.896
5026,User Accounts,es,Spanish,qwen2.5-coder:7b,Cuentas de Usuario,0.993
5027,Printing the crontab.,es,Spanish,qwen2.5-coder:7b,Imprimiendo el crontab.,1.471
5028,ivory2,es,Spanish,qwen2.5-coder:7b,ivory2,0.776
5029,& Spanish,es,Spanish,qwen2.5-coder:7b,& Español,0.69
5030,& Done,es,Spanish,qwen2.5-coder:7b,& Hecho,0.704
5031,Miles,es,Spanish,qwen2.5-coder:7b,Miles,0.681
5032,Marc Mutz (mutz at kde org): Core developer,es,Spanish,qwen2.5-coder:7b,Marc Mutz (mutz at kde org): Desarrollador principal,2.421
5033,Composers,es,Spanish,qwen2.5-coder:7b,Compositores,0.77
5034,New row,es,Spanish,qwen2.5-coder:7b,New row,0.805
5035,Sprites,es,Spanish,qwen2.5-coder:7b,Sprites,0.482
5036,& Create Project,es,Spanish,qwen2.5-coder:7b,& Crear Proyecto,1.122
5037,Restricted,es,Spanish,qwen2.5-coder:7b,Restringido,0.923
5038,MetaBall Movement,es,Spanish,qwen2.5-coder:7b,Movimiento de MetaBall,1.198
5039,Workgroup,es,Spanish,qwen2.5-coder:7b,Grupo de trabajo,0.765
5040,transactions,es,Spanish,qwen2.5-coder:7b,transacciones,0.592
5041,& Finished,es,Spanish,qwen2.5-coder:7b,& Finalizado,0.733
5042,Linediff: B < - > C,es,Spanish,qwen2.5-coder:7b,Diferencia de líneas: B < - > C,1.961
5043,Serbia,es,Spanish,qwen2.5-coder:7b,Serbia,0.627
5044,Amount to pay (USD):,es,Spanish,qwen2.5-coder:7b,Monto a pagar (USD):,1.292
5045,Fair,es,Spanish,qwen2.5-coder:7b,Equitativo,0.885
5046,Current DTD:,es,Spanish,qwen2.5-coder:7b,DTD Actual:,0.833
5047,File:,es,Spanish,qwen2.5-coder:7b,Archivo:,0.581
5048,non-vj,es,Spanish,qwen2.5-coder:7b,no-vj,0.958
5049,Comment:,es,Spanish,qwen2.5-coder:7b,Comentario:,0.766
5050,Philippines,es,Spanish,qwen2.5-coder:7b,Filipinas,0.715
5051,Feature,es,Spanish,qwen2.5-coder:7b,Característica,0.89
5052,View,es,Spanish,qwen2.5-coder:7b,Ver,0.491
5053,Print Plugins,es,Spanish,qwen2.5-coder:7b,Imprimir Plugins,0.94
5054,Translation Status,es,Spanish,qwen2.5-coder:7b,Estado de Traducción,0.815
5055,& Extensions,es,Spanish,qwen2.5-coder:7b,& Extensiones,0.695
5056,Data Sets,es,Spanish,qwen2.5-coder:7b,Conjuntos de Datos,0.972
5057,From Bottom,es,Spanish,qwen2.5-coder:7b,Desde Abajo,0.915
5058,& XSLT file:,es,Spanish,qwen2.5-coder:7b,& Archivo XSLT:,1.202
5059,Medium Image,es,Spanish,qwen2.5-coder:7b,Imagen Media,0.656
5060,Category:,es,Spanish,qwen2.5-coder:7b,Categoría:,0.76
5061,Akonadi Resources Configuration,es,Spanish,qwen2.5-coder:7b,Configuración de Recursos de Akonadi,1.488
5062,blue3,es,Spanish,qwen2.5-coder:7b,azul3,0.732
5063,"Equal. eq(a, b) = a=b",es,Spanish,qwen2.5-coder:7b,"Igual. eq(a, b) = a=b",1.96
5064,suspended,es,Spanish,qwen2.5-coder:7b,en pausa,0.947
5065,Gears,es,Spanish,qwen2.5-coder:7b,Revoluciones,0.976
5066,Print Warning,es,Spanish,qwen2.5-coder:7b,Aviso de Impresión,1.026
5067,My Printer,es,Spanish,qwen2.5-coder:7b,Mi Impresora,1.034
5068,CDDA Extractor for KDE,es,Spanish,qwen2.5-coder:7b,Extractor de CDDA para KDE,1.58
5069,By Name,es,Spanish,qwen2.5-coder:7b,Por Nombre,0.631
5070,of Shawwal,es,Spanish,qwen2.5-coder:7b,de Shawwal,0.747
5071,Paper height (cm):,es,Spanish,qwen2.5-coder:7b,Altura del papel (cm):,1.374
5072,event,es,Spanish,qwen2.5-coder:7b,evento,0.485
5073,Membership type:,es,Spanish,qwen2.5-coder:7b,Tipo de membresía:,0.986
5074,CJK Compatibility,es,Spanish,qwen2.5-coder:7b,Compatibilidad CJK,0.802
5075,Scalable Graphics,es,Spanish,qwen2.5-coder:7b,Gráficos Escalables,1.06
5076,How to obtain & kdiff3;,es,Spanish,qwen2.5-coder:7b,¿Cómo obtener & kdiff3;,1.453
5077,Drawn,es,Spanish,qwen2.5-coder:7b,Dibujado,0.821
5078,Refresh rate:,es,Spanish,qwen2.5-coder:7b,Freuencia de refresco:,1.139
5079,Table View,es,Spanish,qwen2.5-coder:7b,Vista de Tabla,1.113
5080,Accessed,es,Spanish,qwen2.5-coder:7b,Accesado,0.715
5081,Runtime: %1ms,es,Spanish,qwen2.5-coder:7b,Tiempo de ejecución: %1ms,1.606
5082,Company Proprietary,es,Spanish,qwen2.5-coder:7b,Propiedad de la Empresa,1.038
5083,Lower,es,Spanish,qwen2.5-coder:7b,Menos,0.801
5084,Upper Case,es,Spanish,qwen2.5-coder:7b,Mayúsculas,0.832
5085,(No Stack),es,Spanish,qwen2.5-coder:7b,(Sin Pila),0.942
5086,Call(s) to %1,es,Spanish,qwen2.5-coder:7b,Llamada(s) a %1,1.368
5087,Spectator,es,Spanish,qwen2.5-coder:7b,Espectador,0.74
5088,& Ctrl; Right Arrow,es,Spanish,qwen2.5-coder:7b,& Ctrl; Flecha derecha,1.303
5089,Fear of Heights,es,Spanish,qwen2.5-coder:7b,Miedo a las Alturas,1.105
5090,No recipients,es,Spanish,qwen2.5-coder:7b,No destinatarios,0.884
5091,Folder Selection,es,Spanish,qwen2.5-coder:7b,Selección de carpeta,0.891
5092,Previous Sentence,es,Spanish,qwen2.5-coder:7b,Oración Anterior,0.995
5093,Builtin,es,Spanish,qwen2.5-coder:7b,Interno,0.818
5094,Batch Processing,es,Spanish,qwen2.5-coder:7b,Procesamiento por lotes,1.009
5095,Game Save,es,Spanish,qwen2.5-coder:7b,Guardar Juego,0.892
5096,Documentation & copy; 2004 Keith Isdale,es,Spanish,qwen2.5-coder:7b,Documentación © 2004 Keith Isdale,2.134
5097,Mobile,es,Spanish,qwen2.5-coder:7b,Móvil,0.7
5098,& Cleanup,es,Spanish,qwen2.5-coder:7b,& Limpiar,0.815
5099,increase,es,Spanish,qwen2.5-coder:7b,aumentar,0.806
5100,2nd pile,es,Spanish,qwen2.5-coder:7b,2ª pila,1.069
5101,Profile Dumps,es,Spanish,qwen2.5-coder:7b,Volcados de Perfil,1.041
5102,LightSeaGreen,es,Spanish,qwen2.5-coder:7b,VerdeMarClaro,1.007
5103,Organization,es,Spanish,qwen2.5-coder:7b,Organización,0.849
5104,Default Policy,es,Spanish,qwen2.5-coder:7b,Política Predeterminada,0.943
5105,Synchronization,es,Spanish,qwen2.5-coder:7b,Sincronización,0.837
5106,Ipod Collection,es,Spanish,qwen2.5-coder:7b,Recolección de iPods,1.26
5107,brown,es,Spanish,qwen2.5-coder:7b,marrón,0.685
5108,Scaling capability,es,Spanish,qwen2.5-coder:7b,Capacidad de escalado,0.951
5109,First-Last Sector,es,Spanish,qwen2.5-coder:7b,Primer-Último Sector,1.422
5110,Help document version,es,Spanish,qwen2.5-coder:7b,Versión del documento de ayuda,1.295
5111,& First language:,es,Spanish,qwen2.5-coder:7b,& Primera lengua:,1.049
5112,Transparency,es,Spanish,qwen2.5-coder:7b,Transparencia,0.751
5113,Enable antialiasing,es,Spanish,qwen2.5-coder:7b,Activar antialiasing,1.215
5114,None.,es,Spanish,qwen2.5-coder:7b,Ninguno.,0.792
5115,3rd pile,es,Spanish,qwen2.5-coder:7b,3ª pila,1.052
5116,Pad 1 - New Age,es,Spanish,qwen2.5-coder:7b,Placa 1 - Nueva Era,1.521
5117,Archived,es,Spanish,qwen2.5-coder:7b,Archivado,0.939
5118,Transfer error,es,Spanish,qwen2.5-coder:7b,Error de transferencia,1.063
5119,DarkOliveGreen,es,Spanish,qwen2.5-coder:7b,Verde Oliva Oscuro,1.261
5120,Pin Wheel,es,Spanish,qwen2.5-coder:7b,Rueda Mágica,0.998
5121,& Visibility,es,Spanish,qwen2.5-coder:7b,& Visibilidad,0.807
5122,Conversion,es,Spanish,qwen2.5-coder:7b,Conversión,0.918
5123,Course name: %1,es,Spanish,qwen2.5-coder:7b,Nombre del curso: %1,1.374
5124,@ (#064;) Commercial at sign,es,Spanish,qwen2.5-coder:7b,Signo comercial,1.191
5125,& Until,es,Spanish,qwen2.5-coder:7b,& Hasta,0.902
5126,battleship,es,Spanish,qwen2.5-coder:7b,battleship,1.012
5127,SVG Images,es,Spanish,qwen2.5-coder:7b,Imágenes SVG,0.707
5128,Does nothing,es,Spanish,qwen2.5-coder:7b,No hace nada,0.708
5129,Clanbomber Big Standard,es,Spanish,qwen2.5-coder:7b,Clanbomber Grande Estándar,1.637
5130,Wish List,es,Spanish,qwen2.5-coder:7b,Lista de Deseos,0.941
5131,Blue Curl,es,Spanish,qwen2.5-coder:7b,Blue Curl,0.85
5132,KDE Address Book,es,Spanish,qwen2.5-coder:7b,Agenda de KDE,1.107
5133,KHotkeys file id.,es,Spanish,qwen2.5-coder:7b,ID de archivo de KHotkeys.,1.449
5134,Using & kmenuedit;,es,Spanish,qwen2.5-coder:7b,Usando & kmenuedit;,1.364
5135,System colors:,es,Spanish,qwen2.5-coder:7b,Colores del sistema:,1.004
5136,Demo Liquid,es,Spanish,qwen2.5-coder:7b,Demo Líquido,0.887
5137,Handedness,es,Spanish,qwen2.5-coder:7b,Mano,0.662
5138,Afghan Afghani,es,Spanish,qwen2.5-coder:7b,Afganí afgano,1.177
5139,Size Canvas...,es,Spanish,qwen2.5-coder:7b,Tamano del lienzo...,1.063
5140,SSH protocol version,es,Spanish,qwen2.5-coder:7b,Versión del protocolo SSH,1.086
5141,A themable analog clock,es,Spanish,qwen2.5-coder:7b,Un reloj analógico tematizable,1.672
5142,Delete widget,es,Spanish,qwen2.5-coder:7b,Eliminar widget,0.799
5143,Channel:,es,Spanish,qwen2.5-coder:7b,Canal:,0.759
5144,& Event List,es,Spanish,qwen2.5-coder:7b,& Lista de Eventos,1.008
5145,Play List,es,Spanish,qwen2.5-coder:7b,Lista de Reproducción,1.102
5146,The Box,es,Spanish,qwen2.5-coder:7b,La Caja,0.708
5147,Article Training,es,Spanish,qwen2.5-coder:7b,Entrenamiento de Artículo,0.937
5148,Weather for %1,es,Spanish,qwen2.5-coder:7b,Tiempo para %1,1.225
5149,Gaussian:,es,Spanish,qwen2.5-coder:7b,Gaussiana:,0.843
5150,Speed:,es,Spanish,qwen2.5-coder:7b,Velocidad:,0.843
5151,Dvorak Spanish,es,Spanish,qwen2.5-coder:7b,Dvorak español,0.995
5152,Mathgroup:,es,Spanish,qwen2.5-coder:7b,Grupo Matemático:,1.015
5153,Statistics in & ktouch;,es,Spanish,qwen2.5-coder:7b,Estadísticas en & ktouch;,1.388
5154,Hot Pixels Correction,es,Spanish,qwen2.5-coder:7b,Corrección de píxeles calientes,1.686
5155,Jordanian Dinar,es,Spanish,qwen2.5-coder:7b,Dinar Jordano,0.894
5156,& Game,es,Spanish,qwen2.5-coder:7b,& Juego,0.738
5157,& Channel file,es,Spanish,qwen2.5-coder:7b,& Archivo de canal,0.911
5158,Source Folder,es,Spanish,qwen2.5-coder:7b,Carpetas de origen,1.167
5159,%1 (Current),es,Spanish,qwen2.5-coder:7b,%1 (Actual),1.014
5160,American foolscap,es,Spanish,qwen2.5-coder:7b,American foolscap,1.149
5161,No captions,es,Spanish,qwen2.5-coder:7b,No subtítulos,0.913
5162,channel owner,es,Spanish,qwen2.5-coder:7b,dueño del canal,0.992
5163,Currencies,es,Spanish,qwen2.5-coder:7b,Monedas,0.766
5164,Download added,es,Spanish,qwen2.5-coder:7b,Descarga añadida,1.143
5165,Cloudy weather,es,Spanish,qwen2.5-coder:7b,Tiempo nublado,1.269
5166,Angular distance:,es,Spanish,qwen2.5-coder:7b,Distancia angular:,0.93
5167,Vector Difference,es,Spanish,qwen2.5-coder:7b,Diferencia Vectorial,1.004
5168,Stop Layouting,es,Spanish,qwen2.5-coder:7b,Detener el Diseño,0.933
5169,& Network,es,Spanish,qwen2.5-coder:7b,& Red,0.64
5170,Move Up,es,Spanish,qwen2.5-coder:7b,Mover Arriba,1.013
5171,internationalization,es,Spanish,qwen2.5-coder:7b, internacionalización ,0.828
5172,KDE Input Method Panel,es,Spanish,qwen2.5-coder:7b,Panel de Método de Entrada KDE,1.374
5173,300 DPI Color,es,Spanish,qwen2.5-coder:7b,300 DPI Color,1.283
5174,Spanish (Honduras),es,Spanish,qwen2.5-coder:7b,Español (Honduras),1.326
5175,Gamma Correction,es,Spanish,qwen2.5-coder:7b,Corrección Gamma,0.812
5176,Ghostscript Resolution,es,Spanish,qwen2.5-coder:7b,Resolución de Ghostscript,0.926
5177,Add hydrogens,es,Spanish,qwen2.5-coder:7b,Añadir hidrógenos,1.228
5178,Float 64-bit,es,Spanish,qwen2.5-coder:7b,Flotante de 64 bits,1.544
5179,& Add Podcast,es,Spanish,qwen2.5-coder:7b,& Añadir Podcast,1.058
5180,Lookahead,es,Spanish,qwen2.5-coder:7b,Previsualización,0.935
5181,Copying theme,es,Spanish,qwen2.5-coder:7b,Copiando tema,0.942
5182,Game difficulty.,es,Spanish,qwen2.5-coder:7b,Dificultad del juego.,1.129
5183,Save As (%1),es,Spanish,qwen2.5-coder:7b,Guardar Como (%1),1.107
5184,Duration: %1,es,Spanish,qwen2.5-coder:7b,Duración: %1,1.169
5185,The Zenith,es,Spanish,qwen2.5-coder:7b,El Zenit,0.74
5186,geography,es,Spanish,qwen2.5-coder:7b,geografía,0.681
5187,Structure,es,Spanish,qwen2.5-coder:7b,Estructura,0.697
5188,last week,es,Spanish,qwen2.5-coder:7b,semana pasada,1.035
5189,Tape block size:,es,Spanish,qwen2.5-coder:7b,Tamaño del bloque de cinta:,1.303
5190,New Signal Handler,es,Spanish,qwen2.5-coder:7b,Manejo de Señal Nueva,1.341
5191,Registration Data,es,Spanish,qwen2.5-coder:7b,Datos de Registro,0.712
5192,DarkRed,es,Spanish,qwen2.5-coder:7b,Rojo Oscuro,0.843
5193,VGA forwarding,es,Spanish,qwen2.5-coder:7b,Reenvío VGA,1.047
5194,& Rotation:,es,Spanish,qwen2.5-coder:7b,& Rotación:,0.83
5195,Crop,es,Spanish,qwen2.5-coder:7b,Recortar,0.733
5196,Alaska Time,es,Spanish,qwen2.5-coder:7b,Hora de Alaska,0.779
5197,angle variance,es,Spanish,qwen2.5-coder:7b,varianza angular,1.085
5198,Currency Calculator,es,Spanish,qwen2.5-coder:7b,Calculadora de Moneda,0.948
5199,Color deformation,es,Spanish,qwen2.5-coder:7b,Deformación de color,0.986
5200,Training,es,Spanish,qwen2.5-coder:7b,Entrenamiento,0.732
5201,Contribute...,es,Spanish,qwen2.5-coder:7b,Contribuir...,0.741
5202,Font Color:,es,Spanish,qwen2.5-coder:7b,Color de Fuente:,1.005
5203,Klipper version,es,Spanish,qwen2.5-coder:7b,Versión de Klipper,1.086
5204,Kalzium concentration Calculator,es,Spanish,qwen2.5-coder:7b,Calculadora de concentración de Kalzium,1.571
5205,Tab position:,es,Spanish,qwen2.5-coder:7b,Posición de la pestaña:,1.289
5206,Spiral number:,es,Spanish,qwen2.5-coder:7b,Número espiral:,1.059
5207,The Account menu,es,Spanish,qwen2.5-coder:7b,El menú de Cuenta,1.261
5208,Function & 1:,es,Spanish,qwen2.5-coder:7b,Función & 1:,1.16
5209,Configuration,es,Spanish,qwen2.5-coder:7b,Configuración,0.699
5210,First matrix,es,Spanish,qwen2.5-coder:7b,Primera matriz,0.911
5211,Advanced > >,es,Spanish,qwen2.5-coder:7b,Avanzado >>,1.091
5212,9th Last,es,Spanish,qwen2.5-coder:7b,9º Último,1.316
5213,Clean,es,Spanish,qwen2.5-coder:7b,Limpiar,0.601
5214,honeydew,es,Spanish,qwen2.5-coder:7b,miel de abeja,1.077
5215,"Cordially,",es,Spanish,qwen2.5-coder:7b,"Querido,",0.933
5216,& kde; applications,es,Spanish,qwen2.5-coder:7b,& kde; aplicaciones,1.186
5217,DVI Viewer,es,Spanish,qwen2.5-coder:7b,Visualizador DVI,1.07
5218,What is & ktouch;?,es,Spanish,qwen2.5-coder:7b,¿Qué es & ktouch;?,1.429
5219,Keyboard Layout,es,Spanish,qwen2.5-coder:7b,Disposición del Teclado,1.179
5220,rectTemperatureVariance,es,Spanish,qwen2.5-coder:7b,rectTemperaturaVariancia,1.192
5221,& quality,es,Spanish,qwen2.5-coder:7b,& calidad,0.721
5222,Aperture Value,es,Spanish,qwen2.5-coder:7b,Valor de Apertura,0.924
5223,Dim target color:,es,Spanish,qwen2.5-coder:7b,Indica el color objetivo:,1.179
5224,Add Transport,es,Spanish,qwen2.5-coder:7b,Añadir Transporte,1.014
5225,Speed,es,Spanish,qwen2.5-coder:7b,Velocidad,0.677
5226,Serial Number,es,Spanish,qwen2.5-coder:7b,Número de Serie,0.706
5227,Transfer Timer,es,Spanish,qwen2.5-coder:7b,Temporizador de Transferencia,1.2
5228,"Cyan, Yellow",es,Spanish,qwen2.5-coder:7b,"Cyan, Amarillo",1.006
5229,Section:,es,Spanish,qwen2.5-coder:7b,Sección:,0.796
5230,Exposure time:,es,Spanish,qwen2.5-coder:7b,Tiempo de exposición:,1.038
5231,A hexagon,es,Spanish,qwen2.5-coder:7b,Un hexágono,0.837
5232,Thumbnail is null,es,Spanish,qwen2.5-coder:7b,Miniatura es nula,0.974
5233,Talker:,es,Spanish,qwen2.5-coder:7b,Locutor:,0.823
5234,Possible,es,Spanish,qwen2.5-coder:7b,Posible,0.766
5235,Gameport controller,es,Spanish,qwen2.5-coder:7b,Controlador de Gameport,0.969
5236,Foreground Color,es,Spanish,qwen2.5-coder:7b,Color de primer plano,0.804
5237,Suspended & rsibreak;,es,Spanish,qwen2.5-coder:7b,Suspended & rsibreak;,1.28
5238,FX 5 - Brightness,es,Spanish,qwen2.5-coder:7b,FX 5 - Brillo,1.149
5239,Scrambled:,es,Spanish,qwen2.5-coder:7b,Desordenado:,0.944
5240,"Colour, fast, CMYK",es,Spanish,qwen2.5-coder:7b,"Color, rápido, CMYK",1.552
5241,Part,es,Spanish,qwen2.5-coder:7b,Parte,0.806
5242,Transfer History,es,Spanish,qwen2.5-coder:7b,Historial de Transferencias,1.132
5243,Modify Transport,es,Spanish,qwen2.5-coder:7b,Modificar Transporte,0.949
5244,Video Clip Data Engine,es,Spanish,qwen2.5-coder:7b,Motor de Datos de Clip de Video,1.419
5245,Area Chart,es,Spanish,qwen2.5-coder:7b,Gráfico de Área,0.819
5246,Keyboard Identification Data,es,Spanish,qwen2.5-coder:7b,Datos de Identificación del Teclado,1.151
5247,Background Tool,es,Spanish,qwen2.5-coder:7b,Herramienta de Fondo,1.249
5248,Major Operation Modes:,es,Spanish,qwen2.5-coder:7b,Modos de Operación Principales:,1.318
5249,Exterior view,es,Spanish,qwen2.5-coder:7b,Vista exterior,0.76
5250,Execute Script,es,Spanish,qwen2.5-coder:7b,Ejecutar Script,0.899
5251,File size (in bytes):,es,Spanish,qwen2.5-coder:7b,Tamaño del archivo (en bytes):,1.428
5252,Driver Selection,es,Spanish,qwen2.5-coder:7b,Selección de Controlador,0.913
5253,blue4,es,Spanish,qwen2.5-coder:7b,azul4,0.722
5254,Fadeout & duration:,es,Spanish,qwen2.5-coder:7b,Desvanecimiento & duración:,1.336
5255,created %1 in %2,es,Spanish,qwen2.5-coder:7b,creado %1 en %2,1.42
5256,Deutsche Mark (DEM),es,Spanish,qwen2.5-coder:7b,Deutsche Mark (DEM),1.201
5257,Do & not descend:,es,Spanish,qwen2.5-coder:7b,No descend:,0.816
5258,Talk to %1,es,Spanish,qwen2.5-coder:7b,Habla con %1,1.24
5259,OpenPGP signing key,es,Spanish,qwen2.5-coder:7b,Clave de firma OpenPGP,1.233
5260,Image Editor,es,Spanish,qwen2.5-coder:7b,Editor de Imágenes,0.802
5261,Maximum width:,es,Spanish,qwen2.5-coder:7b,Ancho máximo:,0.908
5262,Subsections,es,Spanish,qwen2.5-coder:7b,Subsecciones,0.705
5263,Skill,es,Spanish,qwen2.5-coder:7b,Habilidad,0.583
5264,untitled,es,Spanish,qwen2.5-coder:7b,sin título,0.797
5265,Gravity Setup,es,Spanish,qwen2.5-coder:7b,Configuración de Gravedad,1.106
5266,Kyrgyzstan,es,Spanish,qwen2.5-coder:7b,Kirguistán,0.845
5267,Preview In,es,Spanish,qwen2.5-coder:7b,Vista Previa En,1.106
5268,Image file:,es,Spanish,qwen2.5-coder:7b,Archivo de imagen:,0.948
5269,File Information...,es,Spanish,qwen2.5-coder:7b,Información del archivo...,1.027
5270,Audio Settings,es,Spanish,qwen2.5-coder:7b,Ajustes de Audio,1.042
5271,Help Index,es,Spanish,qwen2.5-coder:7b,Índice de Ayuda,1.201
5272,YellowGreen,es,Spanish,qwen2.5-coder:7b,AmarilloVerde,0.888
5273,Snapshot file:,es,Spanish,qwen2.5-coder:7b,Archivo de captura:,1.053
5274,Program Features,es,Spanish,qwen2.5-coder:7b,Características del Programa,1.212
5275,Image file,es,Spanish,qwen2.5-coder:7b,Archivo de imagen,0.696
5276,One Sided,es,Spanish,qwen2.5-coder:7b,Un Lado,0.945
5277,Numeral,es,Spanish,qwen2.5-coder:7b,Número,0.717
5278,Spanish,es,Spanish,qwen2.5-coder:7b,Español,0.704
5279,US Dollar (Same day),es,Spanish,qwen2.5-coder:7b,Dólar de EE. UU. (Mismo día),1.919
5280,A6 Card,es,Spanish,qwen2.5-coder:7b,Tarjeta A6,0.832
5281,Job Separation,es,Spanish,qwen2.5-coder:7b,Separación de Trabajo,0.917
5282,System Settings View,es,Spanish,qwen2.5-coder:7b,Vista de Ajustes del Sistema,1.409
5283,Meaning,es,Spanish,qwen2.5-coder:7b,Significado,0.602
5284,nokey,es,Spanish,qwen2.5-coder:7b,nokey,0.797
5285,Mine fuel:,es,Spanish,qwen2.5-coder:7b,Combustible de mina:,1.242
5286,Icon Position,es,Spanish,qwen2.5-coder:7b,Posición del Icono,1.096
5287,Network Functions,es,Spanish,qwen2.5-coder:7b,Funciones de Red,0.821
5288,To screen,es,Spanish,qwen2.5-coder:7b,Para pantalla,0.815
5289,Executable Scripts,es,Spanish,qwen2.5-coder:7b,Scripts Ejecutables,1.147
5290,Volume Size:,es,Spanish,qwen2.5-coder:7b,Tamaño del Volumen:,1.156
5291,& Pressure:,es,Spanish,qwen2.5-coder:7b,& Presión:,0.835
5292,< < Files,es,Spanish,qwen2.5-coder:7b,< < Archivos,1.01
5293,File Location,es,Spanish,qwen2.5-coder:7b,Ubicación del archivo,1.241
5294,Mr.,es,Spanish,qwen2.5-coder:7b,Señor.,0.935
5295,Copy Color,es,Spanish,qwen2.5-coder:7b,Compartir Color,1.053
5296,Text & Alignment,es,Spanish,qwen2.5-coder:7b,Texto y Alineación,1.173
5297,year,es,Spanish,qwen2.5-coder:7b,año,0.69
5298,Minimized,es,Spanish,qwen2.5-coder:7b,Minimizado,0.716
5299,Drawing Program,es,Spanish,qwen2.5-coder:7b,Programa de Dibujo,1.181
5300,Zoom in (x 6),es,Spanish,qwen2.5-coder:7b,Acercar (x 6),1.526
5301,Video Collection,es,Spanish,qwen2.5-coder:7b,Recolección de Vídeos,1.402
5302,Scrollback limit:,es,Spanish,qwen2.5-coder:7b,Límite de desplazamiento:,1.369
5303,Peak acceleration:,es,Spanish,qwen2.5-coder:7b,Aceleración máxima:,1.024
5304,& New Row,es,Spanish,qwen2.5-coder:7b,& Nueva Fila,1.036
5305,At Sea,es,Spanish,qwen2.5-coder:7b,En el Mar,0.76
5306,& Complete:,es,Spanish,qwen2.5-coder:7b,& Completar:,0.973
5307,MD5 Shadow passwords,es,Spanish,qwen2.5-coder:7b,Sombras de contraseñas MD5,1.598
5308,Great Circles,es,Spanish,qwen2.5-coder:7b,Círculos Grandiosos,1.19
5309,Black Frame...,es,Spanish,qwen2.5-coder:7b,Marco negro...,0.832
5310,Enrollment type: %1,es,Spanish,qwen2.5-coder:7b,Tipo de inscripción: %1,1.508
5311,& Single Human (Arcade),es,Spanish,qwen2.5-coder:7b,& Un Humano Único (Arcade),1.785
5312,Paper Color,es,Spanish,qwen2.5-coder:7b,Color de Papel,1.072
5313,Accessibility,es,Spanish,qwen2.5-coder:7b,Accesibilidad,0.708
5314,Formula Settings,es,Spanish,qwen2.5-coder:7b,Ajustes de Fórmula,1.336
5315,Time Zone:,es,Spanish,qwen2.5-coder:7b,Zona horaria:,0.958
5316,KalziumPlasma Configuration,es,Spanish,qwen2.5-coder:7b,Configuración de KalziumPlasma,1.705
5317,Sensitivity,es,Spanish,qwen2.5-coder:7b,Sensibilidad,0.765
5318,Paint Program,es,Spanish,qwen2.5-coder:7b,Programa de Pintura,1.363
5319,& Machine (hostname):,es,Spanish,qwen2.5-coder:7b,& Máquina (nombre de host):,1.466
5320,Width,es,Spanish,qwen2.5-coder:7b,Ancho,0.647
5321,& Strict mode,es,Spanish,qwen2.5-coder:7b,& Modo estricto,1.153
5322,Vector Class Name,es,Spanish,qwen2.5-coder:7b,Nombre de la Clase Vector,1.246
5323,New Schema,es,Spanish,qwen2.5-coder:7b,Nuevo Esquema,0.8
5324,KDE X Screen Saver Configuration tool,es,Spanish,qwen2.5-coder:7b,Configuración del Ahorro de Pantalla KDE X,2.005
5325,preview window,es,Spanish,qwen2.5-coder:7b,ventana de vista previa,1.206
5326,Waves Vert.,es,Spanish,qwen2.5-coder:7b,Olas Vert.,0.831
5327,Average days,es,Spanish,qwen2.5-coder:7b,Días promedio,0.939
5328,Form Design,es,Spanish,qwen2.5-coder:7b,Diseño de Formulario,1.119
5329,Stamp Collection,es,Spanish,qwen2.5-coder:7b,Recolección de Stamps,1.218
5330,Display comments,es,Spanish,qwen2.5-coder:7b,Mostrar comentarios,0.766
5331,Cash,es,Spanish,qwen2.5-coder:7b,Efectivo,0.74
5332,Link quality,es,Spanish,qwen2.5-coder:7b,Calidad de enlace,0.923
5333,Class Operations,es,Spanish,qwen2.5-coder:7b,Operaciones de Clase,0.889
5334,Subject distance:,es,Spanish,qwen2.5-coder:7b,Distancia del sujeto:,1.182
5335,Anamorphic (16:9),es,Spanish,qwen2.5-coder:7b,Anamórfico (16:9),1.667
5336,Quicksearch,es,Spanish,qwen2.5-coder:7b,Búsqueda rápida,0.844
5337,Orientation:,es,Spanish,qwen2.5-coder:7b,Orientación:,0.93
5338,WY rotation speed,es,Spanish,qwen2.5-coder:7b,Velocidad de rotación de YW,1.605
5339,Group 2:,es,Spanish,qwen2.5-coder:7b,Grupo 2:,0.842
5340,Serial #:,es,Spanish,qwen2.5-coder:7b,Serial #:,0.733
5341,of March,es,Spanish,qwen2.5-coder:7b,de Marzo,0.753
5342,Playlist Toolbar,es,Spanish,qwen2.5-coder:7b,Barra de Reproducción,1.331
5343,Report Name,es,Spanish,qwen2.5-coder:7b,Nombre del Informe,0.843
5344,Number of bit:,es,Spanish,qwen2.5-coder:7b,Número de bits:,0.955
5345,Comparative:,es,Spanish,qwen2.5-coder:7b,Comparativo:,0.705
5346,Do you want to ignore %1?,es,Spanish,qwen2.5-coder:7b,¿Quieres ignorar %1?,1.37
5347,Class of Printers,es,Spanish,qwen2.5-coder:7b,Clase de Impresoras,1.074
5348,Watches,es,Spanish,qwen2.5-coder:7b,Relojos,0.743
5349,Double whole,es,Spanish,qwen2.5-coder:7b,Doble entero,0.829
5350,Inheritance depth,es,Spanish,qwen2.5-coder:7b,Profundidad de herencia,1.224
5351,Gemini,es,Spanish,qwen2.5-coder:7b,Gemini,0.653
5352,Page Properties,es,Spanish,qwen2.5-coder:7b,Propiedades de la página,0.94
5353,Recent file:,es,Spanish,qwen2.5-coder:7b,Archivo reciente:,0.941
5354,Speak,es,Spanish,qwen2.5-coder:7b,Hablar,0.805
5355,Color mode:,es,Spanish,qwen2.5-coder:7b,Modo de color:,0.981
5356,"Europe, Eastern",es,Spanish,qwen2.5-coder:7b,"Europa, Oriental",1.031
5357,IM Panel Settings,es,Spanish,qwen2.5-coder:7b,Configuración del Panel IM,1.284
5358,Shield amount,es,Spanish,qwen2.5-coder:7b,Monto de escudo,1.052
5359,discnumber,es,Spanish,qwen2.5-coder:7b,númerodecinta,1.115
5360,Display Cover,es,Spanish,qwen2.5-coder:7b,Mostrar cubierta,1.096
5361,Selection tool,es,Spanish,qwen2.5-coder:7b,Herramienta de selección,1.207
5362,Phone Number,es,Spanish,qwen2.5-coder:7b,Número de Teléfono,0.81
5363,fog declaration,es,Spanish,qwen2.5-coder:7b,declaración de neblina,1.199
5364,Chapter,es,Spanish,qwen2.5-coder:7b,Capítulo,0.589
5365,Timings,es,Spanish,qwen2.5-coder:7b,Horarios,0.611
5366,Word Completion,es,Spanish,qwen2.5-coder:7b,Completado de Palabras,1.205
5367,Contact List,es,Spanish,qwen2.5-coder:7b,Lista de Contactos,0.989
5368,Stop value:,es,Spanish,qwen2.5-coder:7b,Valor final:,0.841
5369,Initial,es,Spanish,qwen2.5-coder:7b,Inicial,0.686
5370,Withdrawals,es,Spanish,qwen2.5-coder:7b,Retiros,0.616
5371,Signal strength:,es,Spanish,qwen2.5-coder:7b,Potencia de la señal:,1.117
5372,Input Method Panel,es,Spanish,qwen2.5-coder:7b,Panel de Método de Entrada,1.277
5373,increaseShortcut,es,Spanish,qwen2.5-coder:7b,aumentarAtajo,1.032
5374,Quiet,es,Spanish,qwen2.5-coder:7b,Silencio,0.884
5375,Escape string:,es,Spanish,qwen2.5-coder:7b,Escape string:,0.812
5376,Postfix:,es,Spanish,qwen2.5-coder:7b,Postfijo:,0.927
5377,Games,es,Spanish,qwen2.5-coder:7b,Juegos,0.601
5378,Test Yourself:,es,Spanish,qwen2.5-coder:7b,Prueba Tú mismo:,1.068
5379,Interface Designer,es,Spanish,qwen2.5-coder:7b,Diseñador de Interfaces,1.011
5380,LibParted version:,es,Spanish,qwen2.5-coder:7b,Versión de LibParted:,1.296
5381,Pinch:,es,Spanish,qwen2.5-coder:7b,Pincha:,0.819
5382,Leader name:,es,Spanish,qwen2.5-coder:7b,Nombre del líder:,0.809
5383,New directory,es,Spanish,qwen2.5-coder:7b,Nuevo directorio,0.899
5384,State Diagram,es,Spanish,qwen2.5-coder:7b,Diagrama de Estado,0.857
5385,Deactivate,es,Spanish,qwen2.5-coder:7b,Desactivar,0.725
5386,SlideShow,es,Spanish,qwen2.5-coder:7b,Diapositivas,0.791
5387,Temperature: %1,es,Spanish,qwen2.5-coder:7b,Temperatura: %1,1.257
5388,Created:,es,Spanish,qwen2.5-coder:7b,Creado:,0.769
5389,Command Line,es,Spanish,qwen2.5-coder:7b,Línea de Comandos,1.089
5390,with,es,Spanish,qwen2.5-coder:7b,con,0.483
5391,ColorGrade,es,Spanish,qwen2.5-coder:7b,Ajuste de Color,0.912
5392,Account Types,es,Spanish,qwen2.5-coder:7b,Tipos de Cuenta,0.973
5393,Page Footer (Even),es,Spanish,qwen2.5-coder:7b,Footer de la página (Par),1.335
5394,revoked,es,Spanish,qwen2.5-coder:7b,anulado,0.861
5395,Using & kgpg;,es,Spanish,qwen2.5-coder:7b,Usando & kgpg;,1.212
5396,Processor information,es,Spanish,qwen2.5-coder:7b,Información del procesador,1.136
5397,& Image type:,es,Spanish,qwen2.5-coder:7b,& Tipo de imagen:,0.937
5398,Subject Distance,es,Spanish,qwen2.5-coder:7b,Distancia del Sujeto,1.033
5399,/ part #channel,es,Spanish,qwen2.5-coder:7b,/ parte #canal,1.091
5400,Australia/ Yancowinna,es,Spanish,qwen2.5-coder:7b,Australia/ Yancowinna,1.482
5401,Probability,es,Spanish,qwen2.5-coder:7b,Probabilidad,0.589
5402,Missing QuantaCore,es,Spanish,qwen2.5-coder:7b,QuantaCore Falta,1.192
5403,of Av,es,Spanish,qwen2.5-coder:7b,de Av,0.6
5404,Rise time:,es,Spanish,qwen2.5-coder:7b,Hora de salida:,0.978
5405,Playing & kjumpingcube;,es,Spanish,qwen2.5-coder:7b,Jugando & saltando cubo;,1.394
5406,NextWord,es,Spanish,qwen2.5-coder:7b,NextWord,0.796
5407,texture declaration,es,Spanish,qwen2.5-coder:7b,declaración de textura,1.147
5408,Printer Tools,es,Spanish,qwen2.5-coder:7b,Herramientas de Impresión,1.195
5409,Connection Space,es,Spanish,qwen2.5-coder:7b,Espacio de Conexión,0.984
5410,Quits & khangman;,es,Spanish,qwen2.5-coder:7b,Abandona & ahorcado;,1.524
5411,center Dec:,es,Spanish,qwen2.5-coder:7b,centrar Dec:,0.94
5412,Validation Options,es,Spanish,qwen2.5-coder:7b,Opciones de Validación,0.962
5413,The Repository Menu,es,Spanish,qwen2.5-coder:7b,El Menú del Repositorio,1.263
5414,File Access,es,Spanish,qwen2.5-coder:7b,Acceso al archivo,0.868
5415,Commission,es,Spanish,qwen2.5-coder:7b,Comisión,0.613
5416,File: %1,es,Spanish,qwen2.5-coder:7b,Archivo: %1,1.213
5417,Constraint,es,Spanish,qwen2.5-coder:7b,Restricción,0.697
5418,Address Book Properties...,es,Spanish,qwen2.5-coder:7b,Propiedades del Libro de Direcciones...,1.532
5419,System Files,es,Spanish,qwen2.5-coder:7b,Archivos del Sistema,1.074
5420,& by,es,Spanish,qwen2.5-coder:7b,& por,0.744
5421,"Punctuation, Open",es,Spanish,qwen2.5-coder:7b,"Puntuación, Abierto",1.338
5422,Exif date-time,es,Spanish,qwen2.5-coder:7b,Fecha y hora Exif,1.205
5423,Driver Information,es,Spanish,qwen2.5-coder:7b,Información del Controlador,1.13
5424,Match to:,es,Spanish,qwen2.5-coder:7b,Coincidir con:,0.989
5425,Attack 3,es,Spanish,qwen2.5-coder:7b,Ataque 3,0.873
5426,Vacation Checklist,es,Spanish,qwen2.5-coder:7b,Lista de Verificación de Vacaciones,1.364
5427,& Open With,es,Spanish,qwen2.5-coder:7b,& Abrir con,1.018
5428,Project Performance Chart,es,Spanish,qwen2.5-coder:7b,Gráfico de Desempeño del Proyecto,1.524
5429,Welcome to & kde;,es,Spanish,qwen2.5-coder:7b,Bienvenido a & kde;,1.506
5430,Topic Set,es,Spanish,qwen2.5-coder:7b,Conjunto de Temas,1.072
5431,Removable media,es,Spanish,qwen2.5-coder:7b,Medios removibles,1.238
5432,Set Initial PIN (SigG),es,Spanish,qwen2.5-coder:7b,Establecer PIN Inicial (SigG),1.684
5433,Camera Title,es,Spanish,qwen2.5-coder:7b,Nombre de la Cámara,1.09
5434,& amor; Themes,es,Spanish,qwen2.5-coder:7b,Temas,0.872
5435,Italy,es,Spanish,qwen2.5-coder:7b,Italia,0.623
5436,Serial Port #2 (NetBSD),es,Spanish,qwen2.5-coder:7b,Serial Port #2 (NetBSD),1.463
5437,Disk buffers:,es,Spanish,qwen2.5-coder:7b,Buffers de disco:,0.935
5438,Color:,es,Spanish,qwen2.5-coder:7b,Color:,0.72
5439,Japanese,es,Spanish,qwen2.5-coder:7b,Japonés,0.683
5440,Selected:,es,Spanish,qwen2.5-coder:7b,Seleccionado:,0.673
5441,Parity checking,es,Spanish,qwen2.5-coder:7b,Verificación de paridad,1.152
5442,Italic - \\itshape,es,Spanish,qwen2.5-coder:7b,Ándita - \\itshape,1.457
5443,In-painting,es,Spanish,qwen2.5-coder:7b,Rellenado,0.966
5444,weeks,es,Spanish,qwen2.5-coder:7b,semanas,0.692
5445,Show label,es,Spanish,qwen2.5-coder:7b,Mostrar etiqueta,0.834
5446,Run Nevertheless,es,Spanish,qwen2.5-coder:7b,Ejecutar de todos modos,1.188
5447,South Sikkim,es,Spanish,qwen2.5-coder:7b,Sur Sikkim,0.865
5448,(no part),es,Spanish,qwen2.5-coder:7b,(no parte),0.766
5449,Table of Contents,es,Spanish,qwen2.5-coder:7b,Tabla de Contenido,0.918
5450,Brightness/ Contrast/ Gamma,es,Spanish,qwen2.5-coder:7b,Brillo/ Contraste/ Gamma,1.265
5451,Last Name,es,Spanish,qwen2.5-coder:7b,Apellido,0.55
5452,Only,es,Spanish,qwen2.5-coder:7b,Solo,0.706
5453,Blue Jean,es,Spanish,qwen2.5-coder:7b,Jean Azul,0.73
5454,& Word Wrap,es,Spanish,qwen2.5-coder:7b,& Ajuste de línea,1.202
5455,User Information,es,Spanish,qwen2.5-coder:7b,Información del Usuario,0.874
5456,Attribute & name:,es,Spanish,qwen2.5-coder:7b,Atributo & nombre:,1.082
5457,Unspecified,es,Spanish,qwen2.5-coder:7b,Sin especificar,0.906
5458,Champion,es,Spanish,qwen2.5-coder:7b,Campeón,0.711
5459,Thursday,es,Spanish,qwen2.5-coder:7b,Jueves,0.684
5460,Queue Manager Controlled Downloads,es,Spanish,qwen2.5-coder:7b,Administrador de Colas Descargas Controladas,1.537
5461,Save Form '%1 'As,es,Spanish,qwen2.5-coder:7b,Guardar Formulario '%1' Como,1.47
5462,File Type,es,Spanish,qwen2.5-coder:7b,Tipo de archivo,0.733
5463,Press Release,es,Spanish,qwen2.5-coder:7b,Anuncio de prensa,1.272
5464,Max open files:,es,Spanish,qwen2.5-coder:7b,Max archivos abiertos:,1.187
5465,Rope,es,Spanish,qwen2.5-coder:7b,Cuerda,0.743
5466,Printer Configuration,es,Spanish,qwen2.5-coder:7b,Configuración de Impresora,1.13
5467,Forward Message,es,Spanish,qwen2.5-coder:7b,Enviar Mensaje,0.927
5468,Mobipocket thumbnailer,es,Spanish,qwen2.5-coder:7b,Miniaturizador de Mobipocket,1.421
5469,Light Speed,es,Spanish,qwen2.5-coder:7b,Velocidad Luminosa,0.989
5470,& Mean Removal,es,Spanish,qwen2.5-coder:7b,& Eliminación de Media,1.196
5471,Dr. Geo figure,es,Spanish,qwen2.5-coder:7b,Figura de Dr. Geo,1.313
5472,Group Header,es,Spanish,qwen2.5-coder:7b,Encabezado de Grupo,0.904
5473,Quiz Settings,es,Spanish,qwen2.5-coder:7b,Ajustes del Quiz,1.004
5474,Syria,es,Spanish,qwen2.5-coder:7b,Síria,0.75
5475,Last & Monday,es,Spanish,qwen2.5-coder:7b,Último &Lunes,1.323
5476,Page edge:,es,Spanish,qwen2.5-coder:7b,Margen de página:,1.007
5477,Satisfy:,es,Spanish,qwen2.5-coder:7b,Cumplir:,0.952
5478,Lighting,es,Spanish,qwen2.5-coder:7b,Iluminación,0.744
5479,Draft Quality,es,Spanish,qwen2.5-coder:7b,Calidad Borrador,0.91
5480,Similarity:,es,Spanish,qwen2.5-coder:7b,Similitud:,0.908
5481,Fleet Overview,es,Spanish,qwen2.5-coder:7b,Resumen de la flota,1.258
5482,Mike's Printing Style,es,Spanish,qwen2.5-coder:7b,Estilo de Impresión de Mike,1.293
5483,The Earth,es,Spanish,qwen2.5-coder:7b,La Tierra,0.734
5484,Identity name:,es,Spanish,qwen2.5-coder:7b,Nombre de identidad:,0.967
5485,Does not contain,es,Spanish,qwen2.5-coder:7b,No contiene,0.816
5486,Session time,es,Spanish,qwen2.5-coder:7b,Tiempo de sesión,0.81
5487,Deviation:,es,Spanish,qwen2.5-coder:7b,Desviación:,0.894
5488,Match,es,Spanish,qwen2.5-coder:7b,Coincidencia,0.853
5489,Start date,es,Spanish,qwen2.5-coder:7b,Fecha de inicio,0.703
5490,View Accounts,es,Spanish,qwen2.5-coder:7b,Ver Cuentas,1.039
5491,Old,es,Spanish,qwen2.5-coder:7b,Antiguo,0.704
5492,Ukrainian,es,Spanish,qwen2.5-coder:7b,Ucraniano,0.808
5493,Special filter rules:,es,Spanish,qwen2.5-coder:7b,Reglas de filtro especiales:,1.293
5494,54 Points,es,Spanish,qwen2.5-coder:7b,54 Puntos,0.85
5495,is between,es,Spanish,qwen2.5-coder:7b,está entre,0.913
5496,Surface,es,Spanish,qwen2.5-coder:7b,Superficie,0.863
5497,Reference Point:,es,Spanish,qwen2.5-coder:7b,Punto de Referencia:,1.013
5498,Favorite Icons,es,Spanish,qwen2.5-coder:7b,Iconos Favoritos,0.834
5499,turnright,es,Spanish,qwen2.5-coder:7b,giro derecha,0.984
5500,OpenPGP encryption key:,es,Spanish,qwen2.5-coder:7b,Clave de encriptación OpenPGP:,1.654
5501,Device manager,es,Spanish,qwen2.5-coder:7b,Administrador de dispositivos,1.137
5502,Screenshot,es,Spanish,qwen2.5-coder:7b,Captura de pantalla,0.819
5503,Image Options,es,Spanish,qwen2.5-coder:7b,Opciones de Imagen,0.919
5504,Running Time,es,Spanish,qwen2.5-coder:7b,Tiempo de Ejecución,0.985
5505,BarGraph,es,Spanish,qwen2.5-coder:7b,Gráfico de Barras,0.936
5506,Month,es,Spanish,qwen2.5-coder:7b,Mes,0.491
5507,Collaboration Diagram,es,Spanish,qwen2.5-coder:7b,Diagrama de Colaboración,1.253
5508,Application Name,es,Spanish,qwen2.5-coder:7b,Nombre de la Aplicación,0.996
5509,Cache Policy,es,Spanish,qwen2.5-coder:7b,Política de Caché,0.989
5510,Logfile:,es,Spanish,qwen2.5-coder:7b,Archivo de registro:,0.912
5511,Server port to use,es,Spanish,qwen2.5-coder:7b,Puerto del servidor a usar,1.066
5512,"Update, Conflict",es,Spanish,qwen2.5-coder:7b,"Actualizar, conflicto",1.038
5513,& From,es,Spanish,qwen2.5-coder:7b,& De,0.706
5514,verb name,es,Spanish,qwen2.5-coder:7b,nombre del verbo,0.839
5515,Acceleration,es,Spanish,qwen2.5-coder:7b,Aceleración,0.79
5516,Thank you goes to:,es,Spanish,qwen2.5-coder:7b,Gracias a:,1.047
5517,Task Manager,es,Spanish,qwen2.5-coder:7b,Administrador de Tareas,1.101
5518,ColourCorrection,es,Spanish,qwen2.5-coder:7b,Corrección de Color,1.095
5519,Sort direction:,es,Spanish,qwen2.5-coder:7b,Ordenar dirección:,0.913
5520,Accounting,es,Spanish,qwen2.5-coder:7b,Contabilidad,0.619
5521,Pitch,es,Spanish,qwen2.5-coder:7b,Lanza,0.59
5522,Device Selection,es,Spanish,qwen2.5-coder:7b,Selección de Dispositivo,1.071
5523,SMB Device,es,Spanish,qwen2.5-coder:7b,Dispositivo SMB,1.083
5524,Configuration file:,es,Spanish,qwen2.5-coder:7b,Archivo de configuración:,1.045
5525,Tiles,es,Spanish,qwen2.5-coder:7b,Cuadrículas,1.019
5526,%1 Address Book,es,Spanish,qwen2.5-coder:7b,%1 Libreta de Direcciones,1.364
5527,& No-click activation,es,Spanish,qwen2.5-coder:7b,& Activación sin clic,1.061
5528,Attachments,es,Spanish,qwen2.5-coder:7b,Adjuntos,0.601
5529,Maximum rate of death,es,Spanish,qwen2.5-coder:7b,Tasa máxima de muerte,1.062
5530,Overview,es,Spanish,qwen2.5-coder:7b,Resumen,0.787
5531,showPoints,es,Spanish,qwen2.5-coder:7b,mostrarPuntos,0.998
5532,Amazon (France),es,Spanish,qwen2.5-coder:7b,Amazon (Francia),0.975
5533,Count,es,Spanish,qwen2.5-coder:7b,Contar,0.784
5534,Packaging Bug,es,Spanish,qwen2.5-coder:7b,Error de Empaquetado,1.239
5535,Dispatched,es,Spanish,qwen2.5-coder:7b,Enviado,0.957
5536,Play using:,es,Spanish,qwen2.5-coder:7b,Jugar usando:,0.93
5537,& User Certificate:,es,Spanish,qwen2.5-coder:7b,& Certificado de Usuario:,1.031
5538,Clone Copy,es,Spanish,qwen2.5-coder:7b,Clonar Copia,1.118
5539,Section Editor,es,Spanish,qwen2.5-coder:7b,Editor de Sección,0.825
5540,Bar fall-rate:,es,Spanish,qwen2.5-coder:7b,Barra de caída:,1.196
5541,Irish (Ireland),es,Spanish,qwen2.5-coder:7b,Irlandés (Irlanda),1.306
5542,DOS file times,es,Spanish,qwen2.5-coder:7b,Horas de archivo DOS,1.16
5543,Saturation Weights,es,Spanish,qwen2.5-coder:7b,Pesos de Saturación,1.332
5544,& Single Player,es,Spanish,qwen2.5-coder:7b,& Juego Único,1.259
5545,last. fm Profile,es,Spanish,qwen2.5-coder:7b,Perfil de last. fm,1.238
5546,Editing Options,es,Spanish,qwen2.5-coder:7b,Opciones de Edición,1.191
5547,Paragraph,es,Spanish,qwen2.5-coder:7b,Parrafo,0.889
5548,Aborted,es,Spanish,qwen2.5-coder:7b,Abortado,0.639
5549,Color Schemes,es,Spanish,qwen2.5-coder:7b,Esquemas de Color,1.112
5550,Daily,es,Spanish,qwen2.5-coder:7b,Diario,0.581
5551,Comic Strips,es,Spanish,qwen2.5-coder:7b,Strips de cómics,1.217
5552,Tool,es,Spanish,qwen2.5-coder:7b,Herramienta,0.785
5553,Style Manager,es,Spanish,qwen2.5-coder:7b,Administrador de Estilos,1.094
5554,Salvage,es,Spanish,qwen2.5-coder:7b,Rescatar,0.759
5555,of Iyar,es,Spanish,qwen2.5-coder:7b,de Iyar,0.96
5556,KDE Time tracker tool,es,Spanish,qwen2.5-coder:7b, Herramienta de seguimiento de tiempo KDE,1.588
5557,ipsec-tools (racoon),es,Spanish,qwen2.5-coder:7b,ipsec-tools (racoon),1.336
5558,Medium Dark,es,Spanish,qwen2.5-coder:7b,Medio Oscuro,1.021
5559,topic protection,es,Spanish,qwen2.5-coder:7b,protección del tema,0.902
5560,Skipped %1.,es,Spanish,qwen2.5-coder:7b,Omitido %1.,1.205
5561,Low Color (8 Bit),es,Spanish,qwen2.5-coder:7b,Color Bajo (8 Bits),1.38
5562,& kde; User's Manual,es,Spanish,qwen2.5-coder:7b,& kde; Manual del Usuario,1.404
5563,Classified,es,Spanish,qwen2.5-coder:7b,Clasificado,0.773
5564,Stroke Properties,es,Spanish,qwen2.5-coder:7b,Propiedades del Stroke,0.848
5565,Set Point 1,es,Spanish,qwen2.5-coder:7b,Punto de Ajuste 1,1.258
5566,Ice Pellets,es,Spanish,qwen2.5-coder:7b,Escudos de hielo,1.222
5567,Capture/ Uncapture %1,es,Spanish,qwen2.5-coder:7b,Capturar/ Descapturar %1,1.516
5568,No Border,es,Spanish,qwen2.5-coder:7b,Sin Fronteras,0.962
5569,& City:,es,Spanish,qwen2.5-coder:7b,& Ciudad:,0.769
5570,Icon Finder,es,Spanish,qwen2.5-coder:7b,Buscador de Iconos,1.318
5571,Picture Shape,es,Spanish,qwen2.5-coder:7b,Forma de Imagen,1.125
5572,Print Index,es,Spanish,qwen2.5-coder:7b,Imprimir Índice,1.211
5573,Core Speed (MHz),es,Spanish,qwen2.5-coder:7b,Velocidad Principal (MHz),1.257
5574,Not Tagged,es,Spanish,qwen2.5-coder:7b,No Etiquetado,0.964
5575,Width (pixels):,es,Spanish,qwen2.5-coder:7b,Ancho (píxeles):,1.26
5576,Transformation Mask Settings,es,Spanish,qwen2.5-coder:7b,Ajustes de Máscara de Transformación,1.541
5577,Lithuania,es,Spanish,qwen2.5-coder:7b,Lituania,0.781
5578,Layout,es,Spanish,qwen2.5-coder:7b,Diseño,0.68
5579,Adjust,es,Spanish,qwen2.5-coder:7b,Ajustar,0.681
5580,HTTP Request:,es,Spanish,qwen2.5-coder:7b,Petición HTTP:,0.897
5581,No Source,es,Spanish,qwen2.5-coder:7b,No fuente,0.799
5582,Networktransparency via KIO.,es,Spanish,qwen2.5-coder:7b,Transparencia de red a través de KIO.,1.69
5583,User 2 (USR2),es,Spanish,qwen2.5-coder:7b,Usuario 2 (USR2),1.4
5584,b{w} Alignment,es,Spanish,qwen2.5-coder:7b,b{w} Alineación,1.484
5585,Cut-off radius:,es,Spanish,qwen2.5-coder:7b,Radio de corte:,1.007
5586,Toolbar folder:,es,Spanish,qwen2.5-coder:7b,Carpetilla de la barra de herramientas:,1.589
5587,Twice yearly,es,Spanish,qwen2.5-coder:7b,Dos veces al año,1.042
5588,1 Year,es,Spanish,qwen2.5-coder:7b,1 Año,0.705
5589,Focal length (mm):,es,Spanish,qwen2.5-coder:7b,Longitud focal (mm):,1.371
5590,attachment. %1,es,Spanish,qwen2.5-coder:7b,adjunto. %1,1.17
5591,3D Graphs,es,Spanish,qwen2.5-coder:7b,Gráficos 3D,1.058
5592,Activities,es,Spanish,qwen2.5-coder:7b,Actividades,0.767
5593,Zoom Function,es,Spanish,qwen2.5-coder:7b,Función de Zoom,0.82
5594,Fixed,es,Spanish,qwen2.5-coder:7b,Corregido,0.901
5595,Freezing,es,Spanish,qwen2.5-coder:7b,Congelado,0.729
5596,Top left:,es,Spanish,qwen2.5-coder:7b,Arriba a la izquierda:,1.214
5597,Overclocking,es,Spanish,qwen2.5-coder:7b,Aceleración,0.869
5598,Printing Mode,es,Spanish,qwen2.5-coder:7b,Modo de Impresión,1.2
5599,June Solstice,es,Spanish,qwen2.5-coder:7b,Solsticio de Junio,1.277
5600,Detailed,es,Spanish,qwen2.5-coder:7b,Detallado,0.906
5601,SoftBodySpring,es,Spanish,qwen2.5-coder:7b,SoftBodySpring,0.985
5602,& kmid; is a midi/ karaoke multimedia player,es,Spanish,qwen2.5-coder:7b,& kmid; es un reproductor multimedia de MIDI/karaoke,2.316
5603,Engine name:,es,Spanish,qwen2.5-coder:7b,Nombre del motor:,0.865
5604,Tenses,es,Spanish,qwen2.5-coder:7b,Tempos,0.805
5605,Video Size:,es,Spanish,qwen2.5-coder:7b,Tamaño del Video:,0.902
5606,Metalink download,es,Spanish,qwen2.5-coder:7b,Descarga Metalink,0.827
5607,Preferred Scale,es,Spanish,qwen2.5-coder:7b,Escala Preferida,0.819
5608,ASCII extensions,es,Spanish,qwen2.5-coder:7b,Extensiones ASCII,0.934
5609,Created: %1,es,Spanish,qwen2.5-coder:7b,Creado: %1,1.174
5610,& Share,es,Spanish,qwen2.5-coder:7b,& Compartir,0.833
5611,Hungarian (hu),es,Spanish,qwen2.5-coder:7b,Húngaro (hu),1.156
5612,Action,es,Spanish,qwen2.5-coder:7b,Acción,0.6
5613,Printer warning,es,Spanish,qwen2.5-coder:7b,Aviso de impresora,1.035
5614,& Read access,es,Spanish,qwen2.5-coder:7b,& Acceso de lectura,1.167
5615,Output & file:,es,Spanish,qwen2.5-coder:7b,Salida & archivo:,1.116
5616,Fine-Structure Constant,es,Spanish,qwen2.5-coder:7b,Constante de Estructura Finas,1.299
5617,Link Quality,es,Spanish,qwen2.5-coder:7b,Calidad de Enlace,0.938
5618,Setswana Tswana (South Africa),es,Spanish,qwen2.5-coder:7b,Setswana Tswana (Sudáfrica),1.786
5619,Angular velocity,es,Spanish,qwen2.5-coder:7b,Velocidad angular,0.86
5620,Characters,es,Spanish,qwen2.5-coder:7b,Personajes,0.62
5621,Color Picker,es,Spanish,qwen2.5-coder:7b,Selector de Color,0.735
5622,RPC: Modern operating systems,es,Spanish,qwen2.5-coder:7b,RPC: Sistemas operativos modernos,1.599
5623,Printer driver,es,Spanish,qwen2.5-coder:7b,Controlador de impresora,0.897
5624,contains / does not contain,es,Spanish,qwen2.5-coder:7b,contiene / no contiene,1.196
5625,Previews:,es,Spanish,qwen2.5-coder:7b,Vistas previas:,0.992
5626,Creation Time,es,Spanish,qwen2.5-coder:7b,Tiempo de Creación,1.088
5627,Drangajökull Glacier,es,Spanish,qwen2.5-coder:7b,Glaciar Drangajökull,1.377
5628,Particles,es,Spanish,qwen2.5-coder:7b,Partículas,0.677
5629,User 1 (USR1),es,Spanish,qwen2.5-coder:7b,Usuario 1 (USR1),1.302
5630,Step size,es,Spanish,qwen2.5-coder:7b,Tamaño del paso,0.805
5631,State Transition,es,Spanish,qwen2.5-coder:7b,Transición de Estado,0.823
5632,& Sample rate,es,Spanish,qwen2.5-coder:7b,& Frecuencia de muestreo,1.218
5633,Spanish (Ecuador),es,Spanish,qwen2.5-coder:7b,Español (Ecuador),1.258
5634,Critical,es,Spanish,qwen2.5-coder:7b,Crítico,0.949
5635,Uses,es,Spanish,qwen2.5-coder:7b,Utiliza,0.804
5636,& Yearly,es,Spanish,qwen2.5-coder:7b,& Anual,0.756
5637,Deleting %1.,es,Spanish,qwen2.5-coder:7b,Eliminando %1.,1.191
5638,White space handling,es,Spanish,qwen2.5-coder:7b,Manejo de espacios en blanco,1.31
5639,(None),es,Spanish,qwen2.5-coder:7b,(Ninguno),0.834
5640,Camera Views,es,Spanish,qwen2.5-coder:7b,Vistas de Cámara,1.14
5641,Articles,es,Spanish,qwen2.5-coder:7b,Artículos,0.569
5642,& Weather,es,Spanish,qwen2.5-coder:7b,& Clima,0.713
5643,User Actions,es,Spanish,qwen2.5-coder:7b,Acciones del Usuario,1.095
5644,Character Encodings,es,Spanish,qwen2.5-coder:7b,Codificaciones de Caracteres,1.074
5645,Directory %1 does not exist.,es,Spanish,qwen2.5-coder:7b,El directorio %1 no existe.,1.527
5646,Balance Sheet,es,Spanish,qwen2.5-coder:7b,Hoja de Balance,0.854
5647,of Tishrey,es,Spanish,qwen2.5-coder:7b,de Tishrey,0.94
5648,Zoom to Fit,es,Spanish,qwen2.5-coder:7b,Zoom to Fit,0.983
5649,contains,es,Spanish,qwen2.5-coder:7b,contiene,0.62
5650,xsldbg Output,es,Spanish,qwen2.5-coder:7b,xsldbg Salida,1.202
5651,Operation signature,es,Spanish,qwen2.5-coder:7b,Signatura de operación,1.129
5652,Destination Preview,es,Spanish,qwen2.5-coder:7b,Vista previa del destino,1.275
5653,Underlined,es,Spanish,qwen2.5-coder:7b,Subrayado,0.728
5654,Reply,es,Spanish,qwen2.5-coder:7b,Responder,0.684
5655,Target & file:,es,Spanish,qwen2.5-coder:7b,Archivo de destino:,0.914
5656,Background color:,es,Spanish,qwen2.5-coder:7b,Color de fondo:,0.914
5657,& Close Tab,es,Spanish,qwen2.5-coder:7b,& Cerrar Pestaña,1.037
5658,Arcade bombing game,es,Spanish,qwen2.5-coder:7b,Juego de bombardeo de arcades,1.443
5659,total:,es,Spanish,qwen2.5-coder:7b,total:,0.709
5660,Call Stack,es,Spanish,qwen2.5-coder:7b,Pila de Llamadas,1.025
5661,Print Preview...,es,Spanish,qwen2.5-coder:7b,Vista previa de impresión...,1.288
5662,Velocity Y:,es,Spanish,qwen2.5-coder:7b,Velocidad Y:,1.046
5663,Up:,es,Spanish,qwen2.5-coder:7b,Arriba:,0.8
5664,Screen Capture Program,es,Spanish,qwen2.5-coder:7b,Programa de Captura de Pantalla,1.462
5665,"Template related: templates, where, frame",es,Spanish,qwen2.5-coder:7b,"Plantilla relacionada: plantillas, dónde, marco",2.058
5666,Slide Tabs,es,Spanish,qwen2.5-coder:7b,Etiquetas de Diapositiva,1.395
5667,Players' Colors,es,Spanish,qwen2.5-coder:7b,Colores de los jugadores,1.285
5668,Feather:,es,Spanish,qwen2.5-coder:7b,Pájaro:,0.947
5669,Size Slash,es,Spanish,qwen2.5-coder:7b,Tamaño División,0.876
5670,Column Detection,es,Spanish,qwen2.5-coder:7b,Detección de Columnas,1.259
5671,Delete A,es,Spanish,qwen2.5-coder:7b,Eliminar A,0.861
5672,Certificate Selection,es,Spanish,qwen2.5-coder:7b,Selección de Certificado,0.956
5673,Javascript Applet,es,Spanish,qwen2.5-coder:7b,Aplicación de JavaScript,1.19
5674,Recorder,es,Spanish,qwen2.5-coder:7b,Grabador,0.799
5675,Pigment List,es,Spanish,qwen2.5-coder:7b,Lista de Pigmentos,1.164
5676,Collection & type:,es,Spanish,qwen2.5-coder:7b,Recopilación & tipo:,1.318
5677,Night Vision,es,Spanish,qwen2.5-coder:7b,Visión nocturna,0.937
5678,Sound file:,es,Spanish,qwen2.5-coder:7b,Archivo de sonido:,1.061
5679,& First Hole,es,Spanish,qwen2.5-coder:7b,& Primera Agujera,1.093
5680,Mountpoint,es,Spanish,qwen2.5-coder:7b,Punto de montaje,1.115
5681,Announcing,es,Spanish,qwen2.5-coder:7b,Anunciando,0.743
5682,Skip %1s Forward,es,Spanish,qwen2.5-coder:7b,Saltar %1s hacia adelante,1.505
5683,& Channel,es,Spanish,qwen2.5-coder:7b,& Canal,0.627
5684,measureRectSize,es,Spanish,qwen2.5-coder:7b,medirTamañoRectángulo,1.351
5685,Network Transmission,es,Spanish,qwen2.5-coder:7b,Transmisión de Red,0.836
5686,Purest green,es,Spanish,qwen2.5-coder:7b,Verde puro,1.088
5687,Server files:,es,Spanish,qwen2.5-coder:7b,Archivos del servidor:,1.058
5688,Unimportant,es,Spanish,qwen2.5-coder:7b,Desconocido,1.046
5689,Log Output,es,Spanish,qwen2.5-coder:7b,Salida del registro,1.038
5690,Size Backslash,es,Spanish,qwen2.5-coder:7b,Tamaño Retroceso,0.938
5691,Using & dolphin;,es,Spanish,qwen2.5-coder:7b,Usando & delfín;,1.293
5692,Create,es,Spanish,qwen2.5-coder:7b,Crear,0.698
5693,RoyalBlue4,es,Spanish,qwen2.5-coder:7b,RoyalBlue4,0.768
5694,String & Macros...,es,Spanish,qwen2.5-coder:7b,Texto & Macros...,0.932
5695,Abbreviated,es,Spanish,qwen2.5-coder:7b,Abreviada,1.028
5696,Non-photorealistic,es,Spanish,qwen2.5-coder:7b,No fotorealista,1.015
5697,Cursor & & Selection,es,Spanish,qwen2.5-coder:7b,Cursor & Selección,1.095
5698,As on & Monitor,es,Spanish,qwen2.5-coder:7b,Como en & Monitorear,1.281
5699,KDE DocBook Lists,es,Spanish,qwen2.5-coder:7b,Listas KDE DocBook,1.279
5700,Monitoring I/ O for %1 (%2),es,Spanish,qwen2.5-coder:7b,Monitoreo I/O para %1 (%2),1.89
5701,Head Case,es,Spanish,qwen2.5-coder:7b,Mayúsculas,1.041
5702,& Timestamp:,es,Spanish,qwen2.5-coder:7b,& Fecha y hora:,0.94
5703,DVD chapters pattern,es,Spanish,qwen2.5-coder:7b,Patrón de capítulos de DVD,1.634
5704,Carousel,es,Spanish,qwen2.5-coder:7b,Diapositiva,1.01
5705,Bass note,es,Spanish,qwen2.5-coder:7b,Nota grave,0.664
5706,Scripted HTML,es,Spanish,qwen2.5-coder:7b,HTML Scripted,0.995
5707,Options,es,Spanish,qwen2.5-coder:7b,Opciones,0.601
5708,Seek,es,Spanish,qwen2.5-coder:7b,Buscar,0.514
5709,GPG encryption activated,es,Spanish,qwen2.5-coder:7b,Encriptación GPG activada,1.377
5710,Red Eye,es,Spanish,qwen2.5-coder:7b,Ojo Rojo,0.818
5711,No operation (wml),es,Spanish,qwen2.5-coder:7b,Ninguna operación (wml),1.403
5712,Hungarian Forint,es,Spanish,qwen2.5-coder:7b,Forint húngaro,0.963
5713,Section Author,es,Spanish,qwen2.5-coder:7b,Sección Autor,0.948
5714,Certificate ID,es,Spanish,qwen2.5-coder:7b,ID del Certificado,1.016
5715,DVD Player,es,Spanish,qwen2.5-coder:7b,Reproductor de DVD,0.883
5716,Minimum blink dwell time,es,Spanish,qwen2.5-coder:7b,Tiempo mínimo de permanencia parpadeando,1.436
5717,Column Width,es,Spanish,qwen2.5-coder:7b,Ancho de columna,0.978
5718,Current Layer,es,Spanish,qwen2.5-coder:7b,Capa Actual,0.702
5719,of R. Thaani,es,Spanish,qwen2.5-coder:7b,de R. Thaani,1.192
5720,& Run Script...,es,Spanish,qwen2.5-coder:7b,& Ejecutar Script...,1.084
5721,Animation tool,es,Spanish,qwen2.5-coder:7b,Herramienta de animación,1.188
5722,New folder:,es,Spanish,qwen2.5-coder:7b,Nueva carpeta:,0.928
5723,Birthday,es,Spanish,qwen2.5-coder:7b,Día de cumpleaños,1.19
5724,"Letter, upper case",es,Spanish,qwen2.5-coder:7b,"Letra, mayúscula",1.354
5725,Download Order,es,Spanish,qwen2.5-coder:7b,Descargar Pedido,0.919
5726,Four-color CMYK,es,Spanish,qwen2.5-coder:7b,Cuatro-color CMYK,1.28
5727,Managed by:,es,Spanish,qwen2.5-coder:7b,Administrado por:,0.903
5728,Spookiness,es,Spanish,qwen2.5-coder:7b,Miedo,0.674
5729,& Suffix:,es,Spanish,qwen2.5-coder:7b,& Sufijo:,0.968
5730,Akonadi Configuration,es,Spanish,qwen2.5-coder:7b,Configuración de Akonadi,1.181
5731,Connection Name:,es,Spanish,qwen2.5-coder:7b,Nombre de la conexión:,0.892
5732,Image Contrast,es,Spanish,qwen2.5-coder:7b,Contraste de Imagen,1.108
5733,French (Monaco),es,Spanish,qwen2.5-coder:7b,Francés (Mónaco),1.196
5734,Bosnia And Herzegovina,es,Spanish,qwen2.5-coder:7b,Bosnia y Herzegovina,1.246
5735,Intensity Rendering,es,Spanish,qwen2.5-coder:7b,Representación de Intensidad,1.224
5736,Apple QuickDraw Picture,es,Spanish,qwen2.5-coder:7b,Imagen rápida de Apple,1.087
5737,Click to open %1,es,Spanish,qwen2.5-coder:7b,Haz clic para abrir %1,1.128
5738,Entity Attributes Settings,es,Spanish,qwen2.5-coder:7b,Ajustes de Atributos de Entidad,1.549
5739,Enabled Burnfree,es,Spanish,qwen2.5-coder:7b,Activo Burnfree,1.039
5740,Resolved,es,Spanish,qwen2.5-coder:7b,Resuelto,0.662
5741,Authentication Method,es,Spanish,qwen2.5-coder:7b,Metodo de Autenticación,1.166
5742,Signature file:,es,Spanish,qwen2.5-coder:7b,Archivo de firma:,0.882
5743,turn on,es,Spanish,qwen2.5-coder:7b,encender,0.823
5744,Sound information,es,Spanish,qwen2.5-coder:7b,Información sonora,1.056
5745,32-bit Words,es,Spanish,qwen2.5-coder:7b,Palabras de 32 bits,1.462
5746,Search with,es,Spanish,qwen2.5-coder:7b,Buscar con,0.856
5747,Volume Control Settings,es,Spanish,qwen2.5-coder:7b,Ajustes de Volumen,1.305
5748,Creating Accounts,es,Spanish,qwen2.5-coder:7b,Creando Cuentas,1.096
5749,Color space,es,Spanish,qwen2.5-coder:7b,Espacio de color,0.786
5750,penwidth (pw),es,Spanish,qwen2.5-coder:7b,ancho de lápiz (pw),1.392
5751,Independent document,es,Spanish,qwen2.5-coder:7b,Documento independiente,0.913
5752,Keyboard layout:,es,Spanish,qwen2.5-coder:7b,Disposición del teclado:,1.143
5753,C7 by C6,es,Spanish,qwen2.5-coder:7b,C7 por C6,1.121
5754,View forward,es,Spanish,qwen2.5-coder:7b,Ver adelante,0.969
5755,& Function:,es,Spanish,qwen2.5-coder:7b,& Función:,0.818
5756,speed2 gamma,es,Spanish,qwen2.5-coder:7b,velocidad2 gamma,1.194
5757,Use as Is,es,Spanish,qwen2.5-coder:7b,Usar como Está,0.989
5758,Download Toolbar,es,Spanish,qwen2.5-coder:7b,Descargar Barra de Herramientas,1.448
5759,"SystemID ""%1"" maps to: ""%2""",es,Spanish,qwen2.5-coder:7b,"ID del sistema ""%1"" se asigna a: ""%2",2.143
5760,Rename Unit,es,Spanish,qwen2.5-coder:7b,Renombrar Unidad,1.213
5761,Signature File,es,Spanish,qwen2.5-coder:7b,Archivo de Firma,0.811
5762,The Mask,es,Spanish,qwen2.5-coder:7b,La Máscara,1.004
5763,Thrust,es,Spanish,qwen2.5-coder:7b,Impulso,0.743
5764,Gold/ Treasure,es,Spanish,qwen2.5-coder:7b,Oro/ Tesoro,0.977
5765,World,es,Spanish,qwen2.5-coder:7b,Mundo,0.587
5766,Male Child,es,Spanish,qwen2.5-coder:7b,Niño Hombre,0.802
5767,Netmasks:,es,Spanish,qwen2.5-coder:7b,Máscaras de red:,1.117
5768,ST-30 Bulk Stacker,es,Spanish,qwen2.5-coder:7b,ST-30 Empilador de Carga Masiva,2.096
5769,Attachment,es,Spanish,qwen2.5-coder:7b,Adjunto,0.817
5770,newsreader,es,Spanish,qwen2.5-coder:7b,lector de noticias,0.716
5771,Zoom to & 200%,es,Spanish,qwen2.5-coder:7b,Zoom a & 200%,1.478
5772,CD Player,es,Spanish,qwen2.5-coder:7b,Reproductor de CD,0.91
5773,& Finish,es,Spanish,qwen2.5-coder:7b,& Finalizar,0.741
5774,Egyptian,es,Spanish,qwen2.5-coder:7b,Egipcio,0.998
5775,Gravitation constant,es,Spanish,qwen2.5-coder:7b,Constante gravitacional,1.208
5776,Rules of the Game,es,Spanish,qwen2.5-coder:7b,Reglas del Juego,1.001
5777,Convolution Filters,es,Spanish,qwen2.5-coder:7b,Filtros de Convolución,1.049
5778,Payee%1,es,Spanish,qwen2.5-coder:7b,Receptor%1,1.115
5779,Ð (#208;) Capital eth,es,Spanish,qwen2.5-coder:7b,Capital é,1.056
5780,overdue,es,Spanish,qwen2.5-coder:7b,vencido,0.984
5781,Car Phone,es,Spanish,qwen2.5-coder:7b,Teléfono de coche,0.939
5782,Supports Burnfree:,es,Spanish,qwen2.5-coder:7b,Compatible con Burnfree:,1.131
5783,Plugin Configuration,es,Spanish,qwen2.5-coder:7b,Configuración del complemento,1.207
5784,Farm,es,Spanish,qwen2.5-coder:7b,Granja,0.597
5785,& Protected,es,Spanish,qwen2.5-coder:7b,& Protegido,0.912
5786,Vert. Policy,es,Spanish,qwen2.5-coder:7b,Política de Versión,0.954
5787,Character set:,es,Spanish,qwen2.5-coder:7b,Conjunto de caracteres:,1.027
5788,Project Toolbar,es,Spanish,qwen2.5-coder:7b,Barra de Herramientas del Proyecto,1.543
5789,Print.,es,Spanish,qwen2.5-coder:7b,Imprimir.,0.696
5790,Settings Champion Speed,es,Spanish,qwen2.5-coder:7b,Ajustes Velocidad Campeón,1.408
5791,& Shape Layer,es,Spanish,qwen2.5-coder:7b,& Capa de Forma,1.013
5792,Job priority:,es,Spanish,qwen2.5-coder:7b,Prioridad del trabajo:,1.026
5793,& Multiplication,es,Spanish,qwen2.5-coder:7b,& Multiplicación,0.972
5794,& Network:,es,Spanish,qwen2.5-coder:7b,& Red:,0.74
5795,Glossy,es,Spanish,qwen2.5-coder:7b,Brillante,0.975
5796,Prefetchable,es,Spanish,qwen2.5-coder:7b,Pre-cargable,1.047
5797,Particle,es,Spanish,qwen2.5-coder:7b,Partícula,0.712
5798,Using & kjots;,es,Spanish,qwen2.5-coder:7b,Usando & kjots;,1.226
5799,On Click,es,Spanish,qwen2.5-coder:7b,Al Hacer Clic,1.159
5800,& Order,es,Spanish,qwen2.5-coder:7b,& Pedir,0.73
5801,Add object:,es,Spanish,qwen2.5-coder:7b,Añadir objeto:,0.937
5802,Run Tests...,es,Spanish,qwen2.5-coder:7b,Ejecutar Pruebas...,1.01
5803,Description,es,Spanish,qwen2.5-coder:7b,Descripción,0.78
5804,The type of data,es,Spanish,qwen2.5-coder:7b,El tipo de datos,1.083
5805,new_category,es,Spanish,qwen2.5-coder:7b,nueva_categoría,1.096
5806,Pitch (in Hz),es,Spanish,qwen2.5-coder:7b,Altura de resonancia (en Hz),1.457
5807,Delete Index,es,Spanish,qwen2.5-coder:7b,Eliminar Índice,1.08
5808,Translation Memories,es,Spanish,qwen2.5-coder:7b,Memorias de Traducción,0.899
5809,Estonian kroon,es,Spanish,qwen2.5-coder:7b,Krona estonio,1.282
5810,Great,es,Spanish,qwen2.5-coder:7b,Excelente,0.598
5811,3D Shadow & Effects,es,Spanish,qwen2.5-coder:7b,Sombras 3D & Efectos,1.582
5812,Artwork,es,Spanish,qwen2.5-coder:7b,Obra de arte,1.022
5813,French (Canada),es,Spanish,qwen2.5-coder:7b,Francés (Canadá),1.159
5814,& Movement,es,Spanish,qwen2.5-coder:7b,& Movimiento,0.73
5815,Comparison Training,es,Spanish,qwen2.5-coder:7b,Entrenamiento de Comparación,1.019
5816,Window Actions,es,Spanish,qwen2.5-coder:7b,Acciones de ventana,1.004
5817,& Outgoing,es,Spanish,qwen2.5-coder:7b,& Salientes,0.873
5818,Creation time,es,Spanish,qwen2.5-coder:7b,Tiempo de creación,1.125
5819,& Remember,es,Spanish,qwen2.5-coder:7b,& Recuerda,0.808
5820,Shear factor,es,Spanish,qwen2.5-coder:7b,Factor de corte,0.855
5821,Default Working Folder,es,Spanish,qwen2.5-coder:7b,Carpetilla de Trabajo Predeterminada,1.504
5822,Corrupt file?,es,Spanish,qwen2.5-coder:7b,Archivo corrupto?,0.974
5823,Do Not Load,es,Spanish,qwen2.5-coder:7b,No Cargar,0.885
5824,Ice Crystals,es,Spanish,qwen2.5-coder:7b,Escudos de hielo,1.243
5825,Location,es,Spanish,qwen2.5-coder:7b,Ubicación,0.675
5826,Half,es,Spanish,qwen2.5-coder:7b,Medio,0.757
5827,Approximate,es,Spanish,qwen2.5-coder:7b,Aproximado,0.899
5828,Cell Background,es,Spanish,qwen2.5-coder:7b,Color de fondo de la celda,1.287
5829,Radical Selector,es,Spanish,qwen2.5-coder:7b,Selector Radical,0.666
5830,Diagram Appearance,es,Spanish,qwen2.5-coder:7b,Apariencia del Diagrama,1.254
5831,Zoom in (x 12),es,Spanish,qwen2.5-coder:7b,Acercar (x 12),1.687
5832,Puzzle pieces,es,Spanish,qwen2.5-coder:7b,Trozos del rompecabezas,1.393
5833,& Version:,es,Spanish,qwen2.5-coder:7b,& Versión:,0.871
5834,Code Improvements,es,Spanish,qwen2.5-coder:7b,Mejoras en el código,1.084
5835,3D & Graph,es,Spanish,qwen2.5-coder:7b,3D & Gráfica,1.245
5836,Bookmarks,es,Spanish,qwen2.5-coder:7b,Marcadores,0.609
5837,Rotation Y:,es,Spanish,qwen2.5-coder:7b,Rotación Y:,0.912
5838,Run Options,es,Spanish,qwen2.5-coder:7b,Opciones de Ejecución,1.038
5839,Wave speed,es,Spanish,qwen2.5-coder:7b,Velocidad de onda,0.994
5840,Tools Spelling...,es,Spanish,qwen2.5-coder:7b,Herramientas Ortográficas...,1.219
5841,Logging Out,es,Spanish,qwen2.5-coder:7b,Desconectando,1.054
5842,Crosshairs,es,Spanish,qwen2.5-coder:7b,Carretillas,0.964
5843,Appearence,es,Spanish,qwen2.5-coder:7b,Apariencia,0.82
5844,Advanced Settings:,es,Spanish,qwen2.5-coder:7b,Ajustes Avanzados:,1.154
5845,& Level,es,Spanish,qwen2.5-coder:7b,& Nivel,0.731
5846,SMS Memory Slots,es,Spanish,qwen2.5-coder:7b,Slots de Memoria SMS,1.232
5847,SS C Style,es,Spanish,qwen2.5-coder:7b,Estilo C,0.989
5848,Go Forward,es,Spanish,qwen2.5-coder:7b,Ir Adelante,0.824
5849,usage,es,Spanish,qwen2.5-coder:7b,uso,0.666
5850,Data scale,es,Spanish,qwen2.5-coder:7b,Escala de datos,0.795
5851,***current***,es,Spanish,qwen2.5-coder:7b,***actual***,0.734
5852,Run in Konsole,es,Spanish,qwen2.5-coder:7b,Ejecutar en Konsole,1.297
5853,Function & 8:,es,Spanish,qwen2.5-coder:7b,Función & 8:,1.186
5854,Bitwise OR,es,Spanish,qwen2.5-coder:7b,O Binario,0.931
5855,& Server List...,es,Spanish,qwen2.5-coder:7b,& Lista de Servidores...,1.106
5856,The Validators,es,Spanish,qwen2.5-coder:7b,Los Validadores,0.94
5857,Partition Manager,es,Spanish,qwen2.5-coder:7b,Administrador de particiones,1.097
5858,Company,es,Spanish,qwen2.5-coder:7b,Compañía,0.909
5859,BookMan II,es,Spanish,qwen2.5-coder:7b,BookMan II,0.975
5860,Photo Management Program,es,Spanish,qwen2.5-coder:7b,Programa de Gestión de Fotos,1.358
5861,CUPS Configuration Error,es,Spanish,qwen2.5-coder:7b,Error de Configuración de CUPS,1.575
5862,Constellation lines,es,Spanish,qwen2.5-coder:7b,Lineas de constelación,1.301
5863,System Administration,es,Spanish,qwen2.5-coder:7b,Administración del Sistema,0.853
5864,& Actions,es,Spanish,qwen2.5-coder:7b,& Acciones,0.732
5865,Title Change,es,Spanish,qwen2.5-coder:7b,Cambio de Título,1.076
5866,prices,es,Spanish,qwen2.5-coder:7b,precios,0.586
5867,US Letter (Small),es,Spanish,qwen2.5-coder:7b,Carta EEE (Pequeña),1.508
5868,Shape definition,es,Spanish,qwen2.5-coder:7b,Definición de forma,1.17
5869,Sequence number,es,Spanish,qwen2.5-coder:7b,Número de secuencia,0.858
5870,Color Settings,es,Spanish,qwen2.5-coder:7b,Ajustes de Color,1.052
5871,"Copyright 2000-2007, KDE developers",es,Spanish,qwen2.5-coder:7b,"Copyright 2000-2007, desarrolladores de KDE",2.615
5872,Ireland,es,Spanish,qwen2.5-coder:7b,Irlanda,0.737
5873,& View,es,Spanish,qwen2.5-coder:7b,& Ver,0.698
5874,Share with & NFS (Linux/ UNIX),es,Spanish,qwen2.5-coder:7b,Compartir con & NFS (Linux/ UNIX),1.824
5875,delete( %1),es,Spanish,qwen2.5-coder:7b,eliminar( %1),1.052
5876,Availability,es,Spanish,qwen2.5-coder:7b,Disponibilidad,0.704
5877,& Previous tab,es,Spanish,qwen2.5-coder:7b,& Pestaña anterior,1.077
5878,& Find:,es,Spanish,qwen2.5-coder:7b,& Buscar:,0.809
5879,Edit EXIF...,es,Spanish,qwen2.5-coder:7b,Editar EXIF...,0.998
5880,Image info,es,Spanish,qwen2.5-coder:7b,Info de imagen,0.925
5881,Physics,es,Spanish,qwen2.5-coder:7b,Física,0.687
5882,Sound support,es,Spanish,qwen2.5-coder:7b,Soporte de sonido,0.908
5883,scriptsize: very small.,es,Spanish,qwen2.5-coder:7b,scriptsize: muy pequeño.,1.212
5884,Fine Tuning,es,Spanish,qwen2.5-coder:7b,Ajuste Fino,0.995
5885,Balance of %1,es,Spanish,qwen2.5-coder:7b,Saldo de %1,1.214
5886,Font Size,es,Spanish,qwen2.5-coder:7b,Tamaño de Fuente,0.963
5887,Highscores,es,Spanish,qwen2.5-coder:7b,Puntuaciones Altas,0.911
5888,Screen Match,es,Spanish,qwen2.5-coder:7b,Coincidencia de Pantalla,1.206
5889,Astrophysics,es,Spanish,qwen2.5-coder:7b,Astrophísica,1.066
5890,What's & Next,es,Spanish,qwen2.5-coder:7b,¿Qué es & Siguiente,1.273
5891,DVD subtitle pattern,es,Spanish,qwen2.5-coder:7b,Patrón de subtítulos de DVD,1.421
5892,New Name:,es,Spanish,qwen2.5-coder:7b,Nuevo Nombre:,0.84
5893,& End:,es,Spanish,qwen2.5-coder:7b,& Finalizar:,0.83
5894,Directory's name:,es,Spanish,qwen2.5-coder:7b,Nombre del directorio:,1.085
5895,Population:,es,Spanish,qwen2.5-coder:7b,Población:,0.799
5896,Move X:,es,Spanish,qwen2.5-coder:7b,Mover X:,0.828
5897,Speed limit,es,Spanish,qwen2.5-coder:7b,Límite de velocidad,1.027
5898,Audio Editor,es,Spanish,qwen2.5-coder:7b,Editor de Audio,0.754
5899,Game Settings,es,Spanish,qwen2.5-coder:7b,Ajustes del Juego,1.168
5900,Y length,es,Spanish,qwen2.5-coder:7b,Y longitud,0.826
5901,Document Switcher,es,Spanish,qwen2.5-coder:7b,Alternador de Documentos,1.233
5902,Truchet lines,es,Spanish,qwen2.5-coder:7b,Líneas de Truchet,1.195
5903,Alternative name,es,Spanish,qwen2.5-coder:7b,Nombre alternativo,0.711
5904,Negative,es,Spanish,qwen2.5-coder:7b,Negativo,0.586
5905,XSkat German,es,Spanish,qwen2.5-coder:7b,XSkat Alemán,1.05
5906,& Right directory:,es,Spanish,qwen2.5-coder:7b,& Directorio correcto:,1.049
5907,Group shadow file,es,Spanish,qwen2.5-coder:7b,Archivo de sombra de grupo,1.301
5908,density list,es,Spanish,qwen2.5-coder:7b,lista de densidad,1.012
5909,Add Tags,es,Spanish,qwen2.5-coder:7b,Añadir Etiquetas,1.091
5910,Shear Y:,es,Spanish,qwen2.5-coder:7b,Recorte Y:,0.989
5911,2D/ 3D movement:,es,Spanish,qwen2.5-coder:7b,2D/ 3D movimiento:,1.512
5912,ReplacePrevious,es,Spanish,qwen2.5-coder:7b,ReemplazarAnterior,1.126
5913,Python wallpaper,es,Spanish,qwen2.5-coder:7b,Python fondo de pantalla,1.015
5914,Authentication settings,es,Spanish,qwen2.5-coder:7b,Configuración de autenticación,1.106
5915,Could not understand '%1 ',es,Spanish,qwen2.5-coder:7b,No se pudo entender '%1,1.236
5916,Endpoint mode,es,Spanish,qwen2.5-coder:7b,Modo de punto final,1.08
5917,Rating < =,es,Spanish,qwen2.5-coder:7b,Calificación ≤,1.006
5918,Start in debugger,es,Spanish,qwen2.5-coder:7b,Comenzar en el depurador,1.507
5919,KDE Disk Format Utility,es,Spanish,qwen2.5-coder:7b,Utilidad de Formateo de Disco KDE,1.687
5920,Hardware Collections,es,Spanish,qwen2.5-coder:7b,Colecciones de Hardware,0.853
5921,Hotplug Events,es,Spanish,qwen2.5-coder:7b,Eventos de Hotplug,0.968
5922,Guatemalan Quetzal,es,Spanish,qwen2.5-coder:7b,Quetzal guatemalteco,1.252
5923,Preferred Number,es,Spanish,qwen2.5-coder:7b,Número Preferido,0.715
5924,Recycled,es,Spanish,qwen2.5-coder:7b,Reciclado,0.713
5925,Editor,es,Spanish,qwen2.5-coder:7b,Editor,0.485
5926,& Layer Name:,es,Spanish,qwen2.5-coder:7b,& Nombre de la Capa:,1.118
5927,Lowest,es,Spanish,qwen2.5-coder:7b,Menor,0.859
5928,Precipitation (December),es,Spanish,qwen2.5-coder:7b,Precipitación (Diciembre),1.536
5929,& Unpack...,es,Spanish,qwen2.5-coder:7b,& Desempaquetar...,1.188
5930,Milestone,es,Spanish,qwen2.5-coder:7b,Hito,0.874
5931,Output Directory,es,Spanish,qwen2.5-coder:7b,Directorio de Salida,1.121
5932,Quote char:,es,Spanish,qwen2.5-coder:7b,Carácter de cita:,1.073
5933,Decrease Volume,es,Spanish,qwen2.5-coder:7b,Reducir Volumen,0.951
5934,Signal plotter,es,Spanish,qwen2.5-coder:7b,Gráfico de señales,1.1
5935,Quality Settings,es,Spanish,qwen2.5-coder:7b,Ajustes de Calidad,1.1
5936,Game over.,es,Spanish,qwen2.5-coder:7b,Juego terminado.,0.9
5937,real ID,es,Spanish,qwen2.5-coder:7b,ID real,0.663
5938,Juggle,es,Spanish,qwen2.5-coder:7b,Jugar,0.647
5939,Remember & filters:,es,Spanish,qwen2.5-coder:7b,Recuerda & filtros:,1.159
5940,Negative Float,es,Spanish,qwen2.5-coder:7b,Flotante Negativo,1.093
5941,24 Points,es,Spanish,qwen2.5-coder:7b,24 Puntos,0.892
5942,color of the foreground,es,Spanish,qwen2.5-coder:7b,color de la fuente,1.194
5943,Layer Error,es,Spanish,qwen2.5-coder:7b,Error de Capa,0.997
5944,Log file,es,Spanish,qwen2.5-coder:7b,Archivo de registro,0.952
5945,ESRB Rating,es,Spanish,qwen2.5-coder:7b,Calificación ESRB,0.965
5946,Holidays:,es,Spanish,qwen2.5-coder:7b,Vacaciones:,0.813
5947,IP or Hostname,es,Spanish,qwen2.5-coder:7b,IP o Nombre de Host,1.172
5948,Comments & file:,es,Spanish,qwen2.5-coder:7b,Comentarios & archivo:,1.106
5949,LinearMotor,es,Spanish,qwen2.5-coder:7b,Motor Lineal,0.95
5950,LightBlue,es,Spanish,qwen2.5-coder:7b,AzulClaro,0.851
5951,DOS Compatibility,es,Spanish,qwen2.5-coder:7b,Compatibilidad con DOS,0.874
5952,Enclosure,es,Spanish,qwen2.5-coder:7b,Adjunto,0.89
5953,Connected,es,Spanish,qwen2.5-coder:7b,Conectado,0.714
5954,Shared,es,Spanish,qwen2.5-coder:7b,Compartido,0.69
5955,Lithuanian Litus,es,Spanish,qwen2.5-coder:7b,Lituano Lituano,1.148
5956,Parallel Test,es,Spanish,qwen2.5-coder:7b,Prueba Paralela,0.91
5957,Navigation Controls,es,Spanish,qwen2.5-coder:7b,Controles de Navegación,1.144
5958,17th Last,es,Spanish,qwen2.5-coder:7b,17º Último,1.412
5959,Exposure: 1/ %1 s,es,Spanish,qwen2.5-coder:7b,Exposición: 1/ %1 s,1.731
5960,Introduction to Databases,es,Spanish,qwen2.5-coder:7b,Introducción a las Bases de Datos,1.378
5961,Color Correction,es,Spanish,qwen2.5-coder:7b,Corrección de Color,1.183
5962,bristle length weight,es,Spanish,qwen2.5-coder:7b,longitud de púas peso,1.404
5963,& X offset:,es,Spanish,qwen2.5-coder:7b,& Desplazamiento X:,1.189
5964,Password Settings,es,Spanish,qwen2.5-coder:7b,Configuración de Contraseña,1.111
5965,Entity Relationship Model,es,Spanish,qwen2.5-coder:7b,Modelo de Relación de Entidades,1.485
5966,RET (Resolution Enhancement),es,Spanish,qwen2.5-coder:7b,RET (Mejora de Resolución),1.52
5967,& Priority:,es,Spanish,qwen2.5-coder:7b,& Prioridad:,0.873
5968,Connection time,es,Spanish,qwen2.5-coder:7b,Tiempo de conexión,0.87
5969,& Slow,es,Spanish,qwen2.5-coder:7b,& Lento,0.731
5970,Resolution Enhancement (REt),es,Spanish,qwen2.5-coder:7b,Mejora de Resolución (REt),1.576
5971,Generic,es,Spanish,qwen2.5-coder:7b,General,0.708
5972,On (faster),es,Spanish,qwen2.5-coder:7b,En (más rápido),1.214
5973,Search Playlist,es,Spanish,qwen2.5-coder:7b,Buscar Lista de Reproducción,1.253
5974,Spanish (Venezuela),es,Spanish,qwen2.5-coder:7b,Español (Venezuela),1.391
5975,Family Name,es,Spanish,qwen2.5-coder:7b,Apellido Familiar,0.734
5976,Multimedia Player,es,Spanish,qwen2.5-coder:7b,Reproductor Multimedia,0.884
5977,Print Jobs Settings,es,Spanish,qwen2.5-coder:7b,Configuración de Impresión,1.427
5978,C (Optional):,es,Spanish,qwen2.5-coder:7b,C (Opcional):,1.124
5979,HOURS(time),es,Spanish,qwen2.5-coder:7b,HORAS(%s),1.047
5980,Customize,es,Spanish,qwen2.5-coder:7b,Personalizar,0.801
5981,Goal Seek,es,Spanish,qwen2.5-coder:7b,Buscar Meta,0.815
5982,KDE DocBook Standard,es,Spanish,qwen2.5-coder:7b,Estándar KDE DocBook,1.323
5983,Database created.,es,Spanish,qwen2.5-coder:7b,Base de datos creada.,1.174
5984,stiffness,es,Spanish,qwen2.5-coder:7b,rigidez,0.772
5985,Script Builder,es,Spanish,qwen2.5-coder:7b,Constructor de Scripts,0.929
5986,Message Structure Viewer,es,Spanish,qwen2.5-coder:7b,Visualizador de Estructura de Mensaje,1.592
5987,current volume,es,Spanish,qwen2.5-coder:7b,volumen actual,1.037
5988,Change,es,Spanish,qwen2.5-coder:7b,Cambiar,0.594
5989,Intensity:,es,Spanish,qwen2.5-coder:7b,Intensidad:,0.863
5990,canvassize (cs),es,Spanish,qwen2.5-coder:7b,tamaño de lienzo (cs),1.446
5991,Memory usage: %1,es,Spanish,qwen2.5-coder:7b,Uso de memoria: %1,1.468
5992,White: nbsp; None,es,Spanish,qwen2.5-coder:7b,Blanco: nbsp; Ninguno,1.382
5993,Storage location,es,Spanish,qwen2.5-coder:7b,Ubicación de almacenamiento,1.189
5994,Background Processes,es,Spanish,qwen2.5-coder:7b,Procesos en segundo plano,0.999
5995,Input velocity:,es,Spanish,qwen2.5-coder:7b,Velocidad de entrada:,1.095
5996,Calendar Files,es,Spanish,qwen2.5-coder:7b,Archivos de Calendario,1.267
5997,Left:,es,Spanish,qwen2.5-coder:7b,Izquierda:,0.831
5998,Exposure Time,es,Spanish,qwen2.5-coder:7b,Tiempo de Expuesta,1.008
5999,Remove Download,es,Spanish,qwen2.5-coder:7b,Eliminar Descarga,0.913
6000,Main View,es,Spanish,qwen2.5-coder:7b,Vista Principal,0.915
6001,Selected type: %1,es,Spanish,qwen2.5-coder:7b,Tipo seleccionado: %1,1.365
6002,Manager:,es,Spanish,qwen2.5-coder:7b,Gerente:,0.81
6003,Night Rock by Tigert,es,Spanish,qwen2.5-coder:7b,Roca Noche de Tigert,1.389
6004,Lpq cache time:,es,Spanish,qwen2.5-coder:7b,Tiempo de caché LPQ:,1.406
6005,Sequence-%1,es,Spanish,qwen2.5-coder:7b,Secuencia-%1,1.083
6006,Sim card,es,Spanish,qwen2.5-coder:7b,SIM card,0.856
6007,Do nothing,es,Spanish,qwen2.5-coder:7b,No hacer nada,0.834
6008,Configuration XML file,es,Spanish,qwen2.5-coder:7b,Archivo XML de configuración,1.154
6009,& To-do List,es,Spanish,qwen2.5-coder:7b,& Lista de tareas,0.966
6010,24-bit color,es,Spanish,qwen2.5-coder:7b,Color de 24 bits,1.274
6011,Cleared,es,Spanish,qwen2.5-coder:7b,Borrado,0.81
6012,Ball size,es,Spanish,qwen2.5-coder:7b,Size de la pelota,1.115
6013,class diagram,es,Spanish,qwen2.5-coder:7b,diagrama de clases,0.919
6014,User activity:,es,Spanish,qwen2.5-coder:7b,Actividad del usuario:,1.091
6015,& Hostname:,es,Spanish,qwen2.5-coder:7b,& Nombre del anfitrión:,1.273
6016,Suspend Applet,es,Spanish,qwen2.5-coder:7b,Suspender Applet,1.113
6017,Keep-alive timeout:,es,Spanish,qwen2.5-coder:7b,Tiempo de espera de conexión:,1.291
6018,built,es,Spanish,qwen2.5-coder:7b,construido,0.884
6019,Dark red,es,Spanish,qwen2.5-coder:7b,Rojo oscuro,0.792
6020,English (Jamaica),es,Spanish,qwen2.5-coder:7b,Inglés (Jamaica),1.299
6021,North-Korea,es,Spanish,qwen2.5-coder:7b,Corea del Norte,0.883
6022,Minimum width,es,Spanish,qwen2.5-coder:7b,Ancho mínimo,0.754
6023,Shared:,es,Spanish,qwen2.5-coder:7b,Compartido:,0.798
6024,Acoustic,es,Spanish,qwen2.5-coder:7b,Acústico,0.807
6025,Has State,es,Spanish,qwen2.5-coder:7b,Tienes Estado,0.813
6026,Map & Quality,es,Spanish,qwen2.5-coder:7b,Mapa & Calidad,1.187
6027,New...,es,Spanish,qwen2.5-coder:7b,Nuevo...,0.722
6028,Run Length Encoding,es,Spanish,qwen2.5-coder:7b,Codificación de Longitud de Secuencia,1.253
6029,Bold: and Italic:,es,Spanish,qwen2.5-coder:7b,Negrita: y Cursiva:,1.299
6030,Duplex Tumble,es,Spanish,qwen2.5-coder:7b,Duplicado Tumbar,1.098
6031,Create Patch...,es,Spanish,qwen2.5-coder:7b,Crear parche...,0.917
6032,#else without #if,es,Spanish,qwen2.5-coder:7b,else sin #if,1.162
6033,Size pattern,es,Spanish,qwen2.5-coder:7b,Patrón de tamaño,0.985
6034,Windmill,es,Spanish,qwen2.5-coder:7b,Molino,0.73
6035,Cordless TrackMan Wheel,es,Spanish,qwen2.5-coder:7b,Rueda TrackMan sin cable,1.267
6036,Album name:,es,Spanish,qwen2.5-coder:7b,Nombre del álbum:,0.81
6037,Top Center,es,Spanish,qwen2.5-coder:7b,Superior Centro,0.945
6038,Save as,es,Spanish,qwen2.5-coder:7b,Guardar como,0.836
6039,& Generate Reports...,es,Spanish,qwen2.5-coder:7b,& Generar Informes...,1.102
6040,South Korean Won,es,Spanish,qwen2.5-coder:7b,Korean Won,0.826
6041,localPosition1,es,Spanish,qwen2.5-coder:7b,localPosition1,0.775
6042,& Parameter activity node,es,Spanish,qwen2.5-coder:7b,& Nodo de actividad de parámetro,1.498
6043,KDE Text-to-speech Job Manager,es,Spanish,qwen2.5-coder:7b,Administrador de Tareas de Texto a Voz KDE,2.12
6044,Phone Command,es,Spanish,qwen2.5-coder:7b,Comando de Teléfono,1.168
6045,Cisco selection: cisco,es,Spanish,qwen2.5-coder:7b,Selección de Cisco: cisco,1.287
6046,Core Developer,es,Spanish,qwen2.5-coder:7b,Desarrollador Principal,0.944
6047,Indentation Actions,es,Spanish,qwen2.5-coder:7b,Acciones de Apariencia,1.386
6048,Creating media.,es,Spanish,qwen2.5-coder:7b,Creando medios.,0.942
6049,Root directory:,es,Spanish,qwen2.5-coder:7b,Directorio raíz:,1.122
6050,Share ratio:,es,Spanish,qwen2.5-coder:7b,Proporción de compartición:,1.22
6051,%1 by request,es,Spanish,qwen2.5-coder:7b,%1 por solicitud,1.006
6052,Protocol version,es,Spanish,qwen2.5-coder:7b,Versión del protocolo,0.94
6053,Ungroup shapes,es,Spanish,qwen2.5-coder:7b,Desagrupar formas,1.189
6054,VPN connection,es,Spanish,qwen2.5-coder:7b,Conexión VPN,1.036
6055,Mummy Madness,es,Spanish,qwen2.5-coder:7b,Locura de Mummia,1.321
6056,Time Adjust,es,Spanish,qwen2.5-coder:7b,Ajuste de Tiempo,1.0
6057,Shortcut name: sys,es,Spanish,qwen2.5-coder:7b,Nombre del atajo: sys,1.247
6058,& Change the DTEP...,es,Spanish,qwen2.5-coder:7b,& Cambiar el DTEP...,1.335
6059,& Gag List,es,Spanish,qwen2.5-coder:7b,& Lista de Chistes,0.944
6060,Last Slide,es,Spanish,qwen2.5-coder:7b,Última Diapositiva,1.343
6061,Alternative Tool,es,Spanish,qwen2.5-coder:7b,Herramienta Alternativa,1.106
6062,Proportion:,es,Spanish,qwen2.5-coder:7b,Proporción:,0.834
6063,Field of view:,es,Spanish,qwen2.5-coder:7b,Campo de visión:,1.041
6064,Server port,es,Spanish,qwen2.5-coder:7b,Puerto del servidor,0.865
6065,4th pile,es,Spanish,qwen2.5-coder:7b,4ª pila,1.06
6066,- (%1 without cover),es,Spanish,qwen2.5-coder:7b,- (%1 sin cubierta),1.283
6067,direction X,es,Spanish,qwen2.5-coder:7b,dirección X,0.968
6068,Time server:,es,Spanish,qwen2.5-coder:7b,Servidor de tiempo:,1.056
6069,Three-color RGB,es,Spanish,qwen2.5-coder:7b,RGB de tres colores,1.186
6070,& Previous Sentence,es,Spanish,qwen2.5-coder:7b,& Sentencia Anterior,1.111
6071,mile,es,Spanish,qwen2.5-coder:7b,milla,0.839
6072,Main:,es,Spanish,qwen2.5-coder:7b,Principal:,0.688
6073,BIN2OCT(value),es,Spanish,qwen2.5-coder:7b,BIN2OCT(Valor),1.293
6074,Fiscal Year,es,Spanish,qwen2.5-coder:7b,Año Fiscal,0.882
6075,Body Area,es,Spanish,qwen2.5-coder:7b,Área Corporal,0.829
6076,& Reply,es,Spanish,qwen2.5-coder:7b,& Responder,0.821
6077,Language Selection,es,Spanish,qwen2.5-coder:7b,Selección de idioma,0.942
6078,Configuration Changes,es,Spanish,qwen2.5-coder:7b,Cambios de Configuración,0.992
6079,CorrectBlack,es,Spanish,qwen2.5-coder:7b,CorregirNegro,1.129
6080,DimGrey,es,Spanish,qwen2.5-coder:7b,GrisOscuro,0.932
6081,Contributors:,es,Spanish,qwen2.5-coder:7b,Autoras y autores:,1.113
6082,& Passphrase:,es,Spanish,qwen2.5-coder:7b,& Contraseña:,0.852
6083,Column Selection,es,Spanish,qwen2.5-coder:7b,Selección de Columnas,0.953
6084,Image Type:,es,Spanish,qwen2.5-coder:7b,Tipo de Imagen:,0.996
6085,Master IDE Device,es,Spanish,qwen2.5-coder:7b,Dispositivo IDE Maestro,1.304
6086,Name of file,es,Spanish,qwen2.5-coder:7b,Nombre del archivo,0.772
6087,Table tool,es,Spanish,qwen2.5-coder:7b,Herramienta de tabla,1.091
6088,Utilities,es,Spanish,qwen2.5-coder:7b,Utilidades,0.755
6089,Scattering,es,Spanish,qwen2.5-coder:7b,Difusión,0.843
6090,& Invite,es,Spanish,qwen2.5-coder:7b,& Invitar,0.868
6091,Command output,es,Spanish,qwen2.5-coder:7b,Salida del comando,1.05
6092,None (plain FTP),es,Spanish,qwen2.5-coder:7b,Ninguno (FTP plano),1.153
6093,Resource Type,es,Spanish,qwen2.5-coder:7b,Tipo de Recurso,0.908
6094,Purge,es,Spanish,qwen2.5-coder:7b,Limpiar,0.808
6095,& Scope selection:,es,Spanish,qwen2.5-coder:7b,& Selección de ámbito:,1.055
6096,Unknown Network,es,Spanish,qwen2.5-coder:7b,Red Desconocida,1.165
6097,Previous photo,es,Spanish,qwen2.5-coder:7b,Foto anterior,0.815
6098,Brass Section,es,Spanish,qwen2.5-coder:7b,Sección de Bronce,1.001
6099,Date & & Time...,es,Spanish,qwen2.5-coder:7b,Fecha & & Hora...,1.176
6100,Private Job,es,Spanish,qwen2.5-coder:7b,Trabajo Privado,0.811
6101,pppd & timeout:,es,Spanish,qwen2.5-coder:7b,pppd & tiempo de espera:,1.313
6102,& Portrait,es,Spanish,qwen2.5-coder:7b,& Portada,0.717
6103,Home,es,Spanish,qwen2.5-coder:7b,Principal,0.715
6104,Action window,es,Spanish,qwen2.5-coder:7b,Ventana de acción,1.002
6105,Channel 1,es,Spanish,qwen2.5-coder:7b,Canal 1,0.825
6106,Operation,es,Spanish,qwen2.5-coder:7b,Operación,0.585
6107,& SMB shared printer (Windows),es,Spanish,qwen2.5-coder:7b,& Impresora compartida SMB (Windows),1.589
6108,KDE Calculator,es,Spanish,qwen2.5-coder:7b,Calculadora KDE,0.801
6109,Monitor interfaces,es,Spanish,qwen2.5-coder:7b,Monitorear interfaces,1.045
6110,Edit Script...,es,Spanish,qwen2.5-coder:7b,Editar Script...,0.856
6111,Transit:,es,Spanish,qwen2.5-coder:7b,Transito:,0.838
6112,User6,es,Spanish,qwen2.5-coder:7b,Usuario6,0.612
6113,The & kshisen; Handbook,es,Spanish,qwen2.5-coder:7b,El & kshisen; Manual,1.255
6114,Device selection timing,es,Spanish,qwen2.5-coder:7b,Tiempo de selección de dispositivo,1.406
6115,X11 Framebuffer for KRfb,es,Spanish,qwen2.5-coder:7b,Marco de X11 para KRfb,1.65
6116,Alpha Channel:,es,Spanish,qwen2.5-coder:7b,Canal Alfa:,0.944
6117,Deployment Diagram,es,Spanish,qwen2.5-coder:7b,Diagrama de Despliegue,1.389
6118,Capital,es,Spanish,qwen2.5-coder:7b,Capital,0.511
6119,Ethylene oxide,es,Spanish,qwen2.5-coder:7b,Oxígeno etileno,1.259
6120,conditional-head1,es,Spanish,qwen2.5-coder:7b,condicional-título1,1.158
6121,%1 'missing.,es,Spanish,qwen2.5-coder:7b,%1 'falta.,1.141
6122,Import Warnings,es,Spanish,qwen2.5-coder:7b,Avisos de Importación,1.107
6123,Sign only key,es,Spanish,qwen2.5-coder:7b,Sign only key,0.966
6124,Current source:,es,Spanish,qwen2.5-coder:7b,Fuente actual:,0.961
6125,Dushanbe,es,Spanish,qwen2.5-coder:7b,Dushanbe,0.912
6126,The & kstars; Team:,es,Spanish,qwen2.5-coder:7b,El equipo de & kstars;:,1.499
6127,Temperature (ºC),es,Spanish,qwen2.5-coder:7b,Temperatura (ºC),1.32
6128,New & Album,es,Spanish,qwen2.5-coder:7b,Nuevo & Álbum,1.16
6129,Keep Open,es,Spanish,qwen2.5-coder:7b,Mantener Abierto,1.104
6130,& Root element is:,es,Spanish,qwen2.5-coder:7b,& Elemento raíz es:,1.312
6131,Show help,es,Spanish,qwen2.5-coder:7b,Mostrar ayuda,0.775
6132,Lead 3 - Calliope,es,Spanish,qwen2.5-coder:7b,Líder 3 - Calliope,1.572
6133,KDE Vocabulary Document,es,Spanish,qwen2.5-coder:7b,Documento de Vocabulario KDE,1.319
6134,PF-7 Bulk Feeder,es,Spanish,qwen2.5-coder:7b,PF-7 Alimentador en Lote,1.676
6135,& Unknown,es,Spanish,qwen2.5-coder:7b,& Desconocido,0.968
6136,Bi-Monthly,es,Spanish,qwen2.5-coder:7b,Bimestral,0.948
6137,File Size View,es,Spanish,qwen2.5-coder:7b,Ver Tamaño del Archivo,1.294
6138,Data Directory,es,Spanish,qwen2.5-coder:7b,Directorio de Datos,1.043
6139,Eb Major,es,Spanish,qwen2.5-coder:7b,Sol Mayor,0.892
6140,Copy %1- > Output,es,Spanish,qwen2.5-coder:7b,Copy %1 -> Output,1.262
6141,Use KNotes,es,Spanish,qwen2.5-coder:7b,Usa KNotes,1.127
6142,Authentication error,es,Spanish,qwen2.5-coder:7b,Error de autenticación,0.935
6143,Remove,es,Spanish,qwen2.5-coder:7b,Eliminar,0.684
6144,Question:,es,Spanish,qwen2.5-coder:7b,Pregunta:,0.676
6145,Current:,es,Spanish,qwen2.5-coder:7b,Actual:,0.675
6146,Evaluation Settings,es,Spanish,qwen2.5-coder:7b,Ajustes de Evaluación,1.086
6147,OpenGL Display Settings,es,Spanish,qwen2.5-coder:7b,Ajustes de pantalla OpenGL,1.122
6148,List Type,es,Spanish,qwen2.5-coder:7b,Tipo de Lista,0.927
6149,Hurricane,es,Spanish,qwen2.5-coder:7b,Esfera Tropical,0.998
6150,Network History,es,Spanish,qwen2.5-coder:7b,Historial de Red,1.063
6151,Prerequisites,es,Spanish,qwen2.5-coder:7b,Requisitos,0.775
6152,Focal Length,es,Spanish,qwen2.5-coder:7b,Longitud Focal,0.878
6153,Hide Selected,es,Spanish,qwen2.5-coder:7b,Ocultar Seleccionado,1.002
6154,Draw frame,es,Spanish,qwen2.5-coder:7b,Marcar cuadro,1.049
6155,Layer 1,es,Spanish,qwen2.5-coder:7b,Capa 1,0.879
6156,%1 earlier than %2,es,Spanish,qwen2.5-coder:7b,%1 antes que %2,1.299
6157,Internet & Network,es,Spanish,qwen2.5-coder:7b,Internet & Red,1.017
6158,Norwegian,es,Spanish,qwen2.5-coder:7b,Noruego,0.63
6159,& Insert in Project...,es,Spanish,qwen2.5-coder:7b,& Insertar en Proyecto...,1.168
6160,Shot speed,es,Spanish,qwen2.5-coder:7b,Velocidad de disparo,1.034
6161,Mount Point,es,Spanish,qwen2.5-coder:7b,Punto de Montaje,1.018
6162,Internet Links,es,Spanish,qwen2.5-coder:7b,Enlaces de Internet,0.811
6163,Dolphin Navigation,es,Spanish,qwen2.5-coder:7b,Navegación de Delfín,1.392
6164,No game,es,Spanish,qwen2.5-coder:7b,No juego,0.74
6165,Dashed Lines,es,Spanish,qwen2.5-coder:7b,Líneas Discontinuas,1.115
6166,Contributing,es,Spanish,qwen2.5-coder:7b,Contribuyendo,0.698
6167,Script Dialog,es,Spanish,qwen2.5-coder:7b,Diálogo de Script,0.894
6168,Sheets,es,Spanish,qwen2.5-coder:7b,Hojas,0.738
6169,strings,es,Spanish,qwen2.5-coder:7b, cadenas,0.798
6170,Notification Event List,es,Spanish,qwen2.5-coder:7b,Lista de Eventos de Notificación,1.346
6171,New Institution,es,Spanish,qwen2.5-coder:7b,Nueva Institución,0.905
6172,Script name:,es,Spanish,qwen2.5-coder:7b,Nombre del script:,0.886
6173,LightBlue2,es,Spanish,qwen2.5-coder:7b,AzulClaro2,0.984
6174,Exceptions:,es,Spanish,qwen2.5-coder:7b,Excepciones:,0.807
6175,Turn,es,Spanish,qwen2.5-coder:7b,Apagar,0.848
6176,ST-20 Bulk Stacker,es,Spanish,qwen2.5-coder:7b,ST-20 Empilador en Lote,1.824
6177,& Previous Feed,es,Spanish,qwen2.5-coder:7b,& Feed Anterior,0.958
6178,List Help,es,Spanish,qwen2.5-coder:7b,Lista de Ayuda,1.023
6179,By Rating,es,Spanish,qwen2.5-coder:7b,Por Calificación,0.888
6180,SeaGreen3,es,Spanish,qwen2.5-coder:7b,SeaGreen3,0.733
6181,Percent Function,es,Spanish,qwen2.5-coder:7b,Función Porcentaje,1.011
6182,Using & ksnapshot;,es,Spanish,qwen2.5-coder:7b,Usando & ksnapshot;,1.149
6183,Display controller,es,Spanish,qwen2.5-coder:7b,Controlador de pantalla,1.045
6184,Tab Order,es,Spanish,qwen2.5-coder:7b,Orden de las pestañas,1.232
6185,stopped,es,Spanish,qwen2.5-coder:7b,detenido,0.777
6186,Zimbabwe Dollar,es,Spanish,qwen2.5-coder:7b,Dólar de Zimbabwe,0.931
6187,OHP Transparency,es,Spanish,qwen2.5-coder:7b,Transparencia OHP,0.977
6188,Failed to open %1: %2,es,Spanish,qwen2.5-coder:7b,Error al abrir %1: %2,1.643
6189,System icons:,es,Spanish,qwen2.5-coder:7b,Iconos del sistema:,1.027
6190,One moment please...,es,Spanish,qwen2.5-coder:7b,"Un momento, por favor...",1.164
6191,Do Not Override,es,Spanish,qwen2.5-coder:7b,No Sobrescribir,1.066
6192,October,es,Spanish,qwen2.5-coder:7b,Octubre,0.775
6193,Extensions Manager,es,Spanish,qwen2.5-coder:7b,Administrador de Extensiones,1.083
6194,Incoming/,es,Spanish,qwen2.5-coder:7b,Incoming/,0.684
6195,Home Address City,es,Spanish,qwen2.5-coder:7b,Dirección de Casa Ciudad,1.124
6196,& With empty fields,es,Spanish,qwen2.5-coder:7b,& Con campos vacíos,1.153
6197,Bold Black,es,Spanish,qwen2.5-coder:7b,Negrita Negra,0.882
6198,Volume set size:,es,Spanish,qwen2.5-coder:7b,Tamaño del conjunto de volumen:,1.241
6199,Community,es,Spanish,qwen2.5-coder:7b,Comunidad,0.623
6200,Starting %1...,es,Spanish,qwen2.5-coder:7b,Iniciando %1...,1.028
6201,Extensions manager...,es,Spanish,qwen2.5-coder:7b,Administrador de extensiones...,1.105
6202,Alternating,es,Spanish,qwen2.5-coder:7b,Alternando,0.632
6203,Background Pixmap,es,Spanish,qwen2.5-coder:7b,Mapa de Fondo,1.176
6204,Usage Image Viewer,es,Spanish,qwen2.5-coder:7b,Visualizador de Imágenes,1.121
6205,Akonadi Server Configuration,es,Spanish,qwen2.5-coder:7b,Configuración del Servidor Akonadi,1.367
6206,Account number:,es,Spanish,qwen2.5-coder:7b,Número de cuenta:,0.828
6207,Print Format,es,Spanish,qwen2.5-coder:7b,Formato de Impresión,1.054
6208,Create Subrepository,es,Spanish,qwen2.5-coder:7b,Crear Subrepositorio,1.166
6209,history,es,Spanish,qwen2.5-coder:7b,historia,0.599
6210,HTTP Requests,es,Spanish,qwen2.5-coder:7b,Requisitos HTTP,1.021
6211,User canceled the transaction,es,Spanish,qwen2.5-coder:7b,El usuario canceló la transacción,1.381
6212,Using & xsldbg;,es,Spanish,qwen2.5-coder:7b,Usando & xsldbg;,1.299
6213,Air Pressure:,es,Spanish,qwen2.5-coder:7b,Presión Aérea:,0.991
6214,Configuration Okay,es,Spanish,qwen2.5-coder:7b,Configuración Correcta,1.112
6215,Player Name:,es,Spanish,qwen2.5-coder:7b,Nombre del Jugador:,0.888
6216,User Specified PIN,es,Spanish,qwen2.5-coder:7b,PIN Especificado por el Usuario,1.432
6217,Songkick Data Engine,es,Spanish,qwen2.5-coder:7b,Motor de Datos de Songkick,1.321
6218,Unmovable,es,Spanish,qwen2.5-coder:7b,Inmovable,0.759
6219,Working Color Space,es,Spanish,qwen2.5-coder:7b,Espacio de Color en Uso,1.325
6220,Caller,es,Spanish,qwen2.5-coder:7b,Llamador,0.792
6221,File permissions,es,Spanish,qwen2.5-coder:7b,Permisos de archivo,0.934
6222,& Dissociate,es,Spanish,qwen2.5-coder:7b,& Desasociar,1.097
6223,& Refresh time:,es,Spanish,qwen2.5-coder:7b,& Tiempo de refresco:,1.161
6224,Azerbaijani,es,Spanish,qwen2.5-coder:7b,Azerbaiyano,0.956
6225,Sub-tree query,es,Spanish,qwen2.5-coder:7b,Consulta de subárbol,1.232
6226,from %1 through %2,es,Spanish,qwen2.5-coder:7b,desde %1 hasta %2,1.462
6227,Metapost Files,es,Spanish,qwen2.5-coder:7b,Archivos Metapost,1.168
6228,Plain Rectangles,es,Spanish,qwen2.5-coder:7b,Rectángulos Planos,0.973
6229,& Certificate,es,Spanish,qwen2.5-coder:7b,& Certificado,0.76
6230,Bottom,es,Spanish,qwen2.5-coder:7b,Abajo,0.867
6231,Ctrl; P Print...,es,Spanish,qwen2.5-coder:7b,Ctrl; P Imprimir...,1.123
6232,Public key auth,es,Spanish,qwen2.5-coder:7b,Autenticación con clave pública,1.317
6233,Network Services,es,Spanish,qwen2.5-coder:7b,Servicios de Red,1.064
6234,IP version,es,Spanish,qwen2.5-coder:7b,Versión IP,0.747
6235,User & Info,es,Spanish,qwen2.5-coder:7b,Usuario & Información,1.02
6236,executing,es,Spanish,qwen2.5-coder:7b,ejecutando,1.028
6237,Username:,es,Spanish,qwen2.5-coder:7b,Nombre de usuario:,0.768
6238,Paint color:,es,Spanish,qwen2.5-coder:7b,Color de pintura:,0.994
6239,Old Italic,es,Spanish,qwen2.5-coder:7b,Antigua Itálica,1.124
6240,& Next,es,Spanish,qwen2.5-coder:7b,& Siguiente,0.832
6241,Switching,es,Spanish,qwen2.5-coder:7b,Intercambiando,1.096
6242,Spelling (from cursor)...,es,Spanish,qwen2.5-coder:7b,Ortografía (desde el cursor)...,1.707
6243,Pointer Position,es,Spanish,qwen2.5-coder:7b,Posición del Puntero,1.298
6244,CoastLine,es,Spanish,qwen2.5-coder:7b,Costa,0.667
6245,Emergency Procedures:,es,Spanish,qwen2.5-coder:7b,Procedimientos de Emergencia:,1.265
6246,(capture),es,Spanish,qwen2.5-coder:7b,(capturar),0.843
6247,Go 10% Forward,es,Spanish,qwen2.5-coder:7b,Avance 10%,1.305
6248,Samba Log Files,es,Spanish,qwen2.5-coder:7b,Archivos de registro de Samba,1.393
6249,minesweeper,es,Spanish,qwen2.5-coder:7b,minasweeping,0.898
6250,Please make your move,es,Spanish,qwen2.5-coder:7b,"Por favor, haz tu movimiento",1.079
6251,Spin speed,es,Spanish,qwen2.5-coder:7b,Velocidad de giro,1.044
6252,To the right,es,Spanish,qwen2.5-coder:7b,Hacia la derecha,1.063
6253,& Enable On Screen Display,es,Spanish,qwen2.5-coder:7b,& Habilitar Pantalla de Pantalla,1.498
6254,Job Separator,es,Spanish,qwen2.5-coder:7b,Separador de Trabajo,1.007
6255,Accounts Editor,es,Spanish,qwen2.5-coder:7b,Editor de Cuentas,0.932
6256,Monochrome ordered dithering,es,Spanish,qwen2.5-coder:7b,Dithering en escala de grises ordenada,1.73
6257,& Green,es,Spanish,qwen2.5-coder:7b,& Verde,0.644
6258,IRC Event,es,Spanish,qwen2.5-coder:7b,Evento IRC,0.846
6259,Arrow,es,Spanish,qwen2.5-coder:7b,Flecha,0.69
6260,Tanzanian Shilling,es,Spanish,qwen2.5-coder:7b,Chilombo Tanzano,1.057
6261,No name:,es,Spanish,qwen2.5-coder:7b,Sin nombre:,0.868
6262,Operation management,es,Spanish,qwen2.5-coder:7b,Gestión de operaciones,1.133
6263,search,es,Spanish,qwen2.5-coder:7b,buscar,0.684
6264,Search direction:,es,Spanish,qwen2.5-coder:7b,Dirección de búsqueda:,1.012
6265,CA file:,es,Spanish,qwen2.5-coder:7b,Archivo CA:,0.808
6266,Certificate,es,Spanish,qwen2.5-coder:7b,Certificado,0.611
6267,Tabs,es,Spanish,qwen2.5-coder:7b,Pestañas,0.712
6268,Navigation mode,es,Spanish,qwen2.5-coder:7b,Modo de navegación,1.161
6269,Dialog Parent,es,Spanish,qwen2.5-coder:7b,Diálogo Padre,1.192
6270,%1 already exists.,es,Spanish,qwen2.5-coder:7b,%1 ya existe.,1.007
6271,16th Last,es,Spanish,qwen2.5-coder:7b,16º Último,1.475
6272,Comic Books,es,Spanish,qwen2.5-coder:7b,Libros de cómics,1.244
6273,Recursions,es,Spanish,qwen2.5-coder:7b,Recursiones,0.731
6274,Unencrypted,es,Spanish,qwen2.5-coder:7b,Desencriptado,1.045
6275,Bond Length:,es,Spanish,qwen2.5-coder:7b,Longitud de Enlace:,1.13
6276,Window Management,es,Spanish,qwen2.5-coder:7b,Gestión de Ventanas,1.17
6277,Permission:,es,Spanish,qwen2.5-coder:7b,Permiso:,0.676
6278,Property Information,es,Spanish,qwen2.5-coder:7b,Información de la Propiedad,1.193
6279,Download speed,es,Spanish,qwen2.5-coder:7b,Velocidad de descarga,1.045
6280,Profile & name:,es,Spanish,qwen2.5-coder:7b,Perfil & nombre:,0.945
6281,Local Time,es,Spanish,qwen2.5-coder:7b,Hora Local,0.612
6282,Core engine developer,es,Spanish,qwen2.5-coder:7b,Desarrollador del motor principal,1.121
6283,Forwarded,es,Spanish,qwen2.5-coder:7b,Reenviado,0.905
6284,Removed: 0/ 0,es,Spanish,qwen2.5-coder:7b,Eliminado: 0/ 0,1.656
6285,Ethyl-Benzene,es,Spanish,qwen2.5-coder:7b,Etilbenzeno,1.243
6286,Turkish,es,Spanish,qwen2.5-coder:7b,Turkish,0.672
6287,Special type:,es,Spanish,qwen2.5-coder:7b,Tipo especial:,0.831
6288,Classifier Settings,es,Spanish,qwen2.5-coder:7b,Configuración del clasificador,1.233
6289,Function Cycle,es,Spanish,qwen2.5-coder:7b,Ciclo Función,0.911
6290,Plasma Window,es,Spanish,qwen2.5-coder:7b,Ventana de Plasma,0.841
6291,Instance name:,es,Spanish,qwen2.5-coder:7b,Nombre de instancia:,0.945
6292,Energy function,es,Spanish,qwen2.5-coder:7b,Función de energía,0.867
6293,& Do Not Save,es,Spanish,qwen2.5-coder:7b,& No Guardar,0.973
6294,Filter Accounts,es,Spanish,qwen2.5-coder:7b,Filtra Cuentas,1.108
6295,Index information:,es,Spanish,qwen2.5-coder:7b,Información de índice:,0.987
6296,Your choices,es,Spanish,qwen2.5-coder:7b,Tu elección,0.925
6297,Brightness / Contrast / Gamma,es,Spanish,qwen2.5-coder:7b,Brillo / Contraste / Gamma,1.406
6298,Serial Port #1 (Linux),es,Spanish,qwen2.5-coder:7b,Serial Port #1 (Linux),1.394
6299,EMF backend for Okular,es,Spanish,qwen2.5-coder:7b,Backend EMF para Okular,1.402
6300,Nigerian Naira,es,Spanish,qwen2.5-coder:7b,Naira Nigériano,1.118
6301,Sequence,es,Spanish,qwen2.5-coder:7b,Secuencia,0.79
6302,DarkSeaGreen3,es,Spanish,qwen2.5-coder:7b,OscuroMarino3,1.292
6303,DeepSkyBlue3,es,Spanish,qwen2.5-coder:7b,DeepSkyBlue3,1.092
6304,2D Graph,es,Spanish,qwen2.5-coder:7b,Gráfico 2D,0.936
6305,Event:,es,Spanish,qwen2.5-coder:7b,Evento:,0.7
6306,Pattern Matching,es,Spanish,qwen2.5-coder:7b,Coincidencia de Patrones,1.038
6307,msft-reserved,es,Spanish,qwen2.5-coder:7b,msft-reservado,1.178
6308,Call time:,es,Spanish,qwen2.5-coder:7b,Tiempo de llamada:,1.079
6309,New Zealand Dollar,es,Spanish,qwen2.5-coder:7b,Dólar de Nueva Zelanda,1.355
6310,Installation Failure,es,Spanish,qwen2.5-coder:7b,Error de Instalación,1.13
6311,. unsaved,es,Spanish,qwen2.5-coder:7b,. sin guardar,0.885
6312,Download Error,es,Spanish,qwen2.5-coder:7b,Error de Descarga,0.863
6313,conic arc,es,Spanish,qwen2.5-coder:7b,arco cóncavo,1.138
6314,Max clients:,es,Spanish,qwen2.5-coder:7b,Max clientes:,0.829
6315,Current time,es,Spanish,qwen2.5-coder:7b,Tiempo actual,0.927
6316,Nickname list:,es,Spanish,qwen2.5-coder:7b,Lista de apodos:,0.983
6317,term,es,Spanish,qwen2.5-coder:7b,termino,0.796
6318,Call(s) from %1,es,Spanish,qwen2.5-coder:7b,Llamadas(s) desde %1,1.358
6319,Singles,es,Spanish,qwen2.5-coder:7b,Solos,0.829
6320,RAW Image,es,Spanish,qwen2.5-coder:7b,Imagen RAW,0.631
6321,& Outline,es,Spanish,qwen2.5-coder:7b,& Esquema,0.862
6322,Property:,es,Spanish,qwen2.5-coder:7b,Propiedad:,0.815
6323,& Dictionary:,es,Spanish,qwen2.5-coder:7b,& Diccionario:,0.981
6324,Subdivision:,es,Spanish,qwen2.5-coder:7b,Subdivisión:,0.95
6325,Selecting,es,Spanish,qwen2.5-coder:7b,Seleccionando,0.833
6326,Interface design,es,Spanish,qwen2.5-coder:7b,Diseño de interfaz,1.028
6327,Suspend (STOP),es,Spanish,qwen2.5-coder:7b,Suspender (DETENER),1.154
6328,& Work Offline,es,Spanish,qwen2.5-coder:7b,& Trabajar Offline,0.955
6329,Strong,es,Spanish,qwen2.5-coder:7b,Fuerte,0.604
6330,State type:,es,Spanish,qwen2.5-coder:7b,Tipo de estado:,0.907
6331,Source environment:,es,Spanish,qwen2.5-coder:7b,Entorno de origen:,1.049
6332,native,es,Spanish,qwen2.5-coder:7b,nativo,0.799
6333,Papua New Guinea,es,Spanish,qwen2.5-coder:7b,Papúa Nueva Guinea,1.105
6334,Audio device:,es,Spanish,qwen2.5-coder:7b,Dispositivo de audio:,1.083
6335,Function & 7:,es,Spanish,qwen2.5-coder:7b,Función & 7:,1.151
6336,Bar Chart,es,Spanish,qwen2.5-coder:7b,Gráfico de Barras,0.902
6337,New type: cisco,es,Spanish,qwen2.5-coder:7b,Nuevo tipo: cisco,1.258
6338,Single,es,Spanish,qwen2.5-coder:7b,Único,0.882
6339,Edit Short Name,es,Spanish,qwen2.5-coder:7b,Editar Nombre Corto,1.044
6340,Password,es,Spanish,qwen2.5-coder:7b,Contraseña,0.603
6341,The Rack,es,Spanish,qwen2.5-coder:7b,El Rack,0.621
6342,cubic feet,es,Spanish,qwen2.5-coder:7b,pies cúbicos,0.849
6343,Brazil/ East,es,Spanish,qwen2.5-coder:7b,Brazil/Este,0.932
6344,Spray,es,Spanish,qwen2.5-coder:7b,Espray,0.809
6345,Best & Scores,es,Spanish,qwen2.5-coder:7b,Mejores & Puntuaciones,1.151
6346,Folder name,es,Spanish,qwen2.5-coder:7b,Nombre de la carpeta,0.888
6347,Mixer device,es,Spanish,qwen2.5-coder:7b,Dispositivo de mezcla,1.3
6348,Application version:,es,Spanish,qwen2.5-coder:7b,Versión de la aplicación:,1.12
6349,Manganese,es,Spanish,qwen2.5-coder:7b,Manganeso,0.861
6350,Contributions:,es,Spanish,qwen2.5-coder:7b,Contribuciones:,0.76
6351,Channel Topic,es,Spanish,qwen2.5-coder:7b,Temática del Canal,1.052
6352,Desktop Background,es,Spanish,qwen2.5-coder:7b,Fondo de Escritorio,1.031
6353,Give Voice,es,Spanish,qwen2.5-coder:7b,Dar Voz,0.75
6354,Output file:,es,Spanish,qwen2.5-coder:7b,Archivo de salida:,0.987
6355,File Watcher,es,Spanish,qwen2.5-coder:7b,Observador de Archivos,0.989
6356,Arcade game,es,Spanish,qwen2.5-coder:7b,Juego de arcades,1.023
6357,Group Policies,es,Spanish,qwen2.5-coder:7b,Políticas de Grupo,0.948
6358,Control Points,es,Spanish,qwen2.5-coder:7b,Puntos de Control,0.85
6359,Won,es,Spanish,qwen2.5-coder:7b,Ganó,0.717
6360,snow,es,Spanish,qwen2.5-coder:7b,nieve,0.591
6361,Passphrase:,es,Spanish,qwen2.5-coder:7b,Contraseña:,0.722
6362,Soundcard Type,es,Spanish,qwen2.5-coder:7b,Tipo de tarjeta de sonido,1.324
6363,& Hangup string:,es,Spanish,qwen2.5-coder:7b,& Colgar cadena:,1.021
6364,Bottom Arrow,es,Spanish,qwen2.5-coder:7b,Flecha Abajo,1.012
6365,density,es,Spanish,qwen2.5-coder:7b,densidad,0.837
6366,Base Classifiers,es,Spanish,qwen2.5-coder:7b,Clasificadores Básicos,1.17
6367,Remove Component,es,Spanish,qwen2.5-coder:7b,Eliminar Componente,0.926
6368,Image folder:,es,Spanish,qwen2.5-coder:7b,Carpetilla de imágenes:,1.177
6369,Default & search engine:,es,Spanish,qwen2.5-coder:7b,Motor de búsqueda por defecto:,1.319
6370,recover,es,Spanish,qwen2.5-coder:7b,recuperar,0.69
6371,& View Cover,es,Spanish,qwen2.5-coder:7b,& Ver cubierta,1.104
6372,Color Filters,es,Spanish,qwen2.5-coder:7b,Filtros de Color,0.95
6373,Find,es,Spanish,qwen2.5-coder:7b,Buscar,0.705
6374,Filesystem Utilization Viewer,es,Spanish,qwen2.5-coder:7b,Visualizador de Uso del Sistema de Archivos,1.745
6375,Native Language,es,Spanish,qwen2.5-coder:7b,Idioma Nativo,1.182
6376,Carpet,es,Spanish,qwen2.5-coder:7b,Ropa,0.825
6377,Receiving,es,Spanish,qwen2.5-coder:7b,Recibiendo,0.938
6378,Command char:,es,Spanish,qwen2.5-coder:7b,Carácter de comando:,1.145
6379,Hungarian,es,Spanish,qwen2.5-coder:7b,Húngaro,0.742
6380,Hue Control Settings,es,Spanish,qwen2.5-coder:7b,Ajustes de Control de Brillo,1.442
6381,Looking Up Kanji,es,Spanish,qwen2.5-coder:7b,Buscando Kanji,1.246
6382,CadetBlue3,es,Spanish,qwen2.5-coder:7b,CadetBlue3,0.934
6383,Draw Box:,es,Spanish,qwen2.5-coder:7b,Marcar Cuadro:,1.079
6384,"Searching uses of ""%1""",es,Spanish,qwen2.5-coder:7b,"Buscando usos de ""%1",1.504
6385,turnright (tr),es,Spanish,qwen2.5-coder:7b,giro derecha (tr),1.316
6386,Variable Name:,es,Spanish,qwen2.5-coder:7b,Nombre de Variable:,0.855
6387,Learn,es,Spanish,qwen2.5-coder:7b,Aprende,0.706
6388,Template Selection,es,Spanish,qwen2.5-coder:7b,Selección de plantilla,0.95
6389,style,es,Spanish,qwen2.5-coder:7b,estilo,0.612
6390,Guitar,es,Spanish,qwen2.5-coder:7b,Guitarra,0.711
6391,Maximum download speed:,es,Spanish,qwen2.5-coder:7b,Velocidad máxima de descarga:,1.32
6392,Color Profile Conversion,es,Spanish,qwen2.5-coder:7b,Conversión de Perfil de Color,1.443
6393,Destination Directory:,es,Spanish,qwen2.5-coder:7b,Directorio de Destino:,1.154
6394,Delete route,es,Spanish,qwen2.5-coder:7b,Eliminar ruta,0.832
6395,of Tamuz,es,Spanish,qwen2.5-coder:7b,de Tammuz,0.867
6396,Priority: %1,es,Spanish,qwen2.5-coder:7b,Prioridad: %1,1.247
6397,& Top:,es,Spanish,qwen2.5-coder:7b,& Top:,0.72
6398,This Year,es,Spanish,qwen2.5-coder:7b,Este Año,0.765
6399,Received,es,Spanish,qwen2.5-coder:7b,Recibido,0.669
6400,Logged in,es,Spanish,qwen2.5-coder:7b,Inició sesión,0.894
6401,Human,es,Spanish,qwen2.5-coder:7b,Humano,0.785
6402,Away Settings,es,Spanish,qwen2.5-coder:7b,Ajustes de ausencia,1.17
6403,Print jobs,es,Spanish,qwen2.5-coder:7b,Trabajos de impresión,1.24
6404,Plotting with & kchart;,es,Spanish,qwen2.5-coder:7b,Dibujando con & kchart;,1.501
6405,material declaration,es,Spanish,qwen2.5-coder:7b,declaración de material,0.839
6406,Edit Item...,es,Spanish,qwen2.5-coder:7b,Editar Elemento...,0.911
6407,& Scan for Plugins,es,Spanish,qwen2.5-coder:7b,& Buscar Plugins,0.985
6408,Object Properties,es,Spanish,qwen2.5-coder:7b,Propiedades del Objeto,0.93
6409,Clear Diagram,es,Spanish,qwen2.5-coder:7b,Limpiar Diagrama,1.018
6410,Selected 1,es,Spanish,qwen2.5-coder:7b,Seleccionado 1,1.075
6411,Channel Down,es,Spanish,qwen2.5-coder:7b,Canal Abajo,1.022
6412,Curl Correction,es,Spanish,qwen2.5-coder:7b,Corrección de Curl,1.135
6413,& User ID:,es,Spanish,qwen2.5-coder:7b,& ID de usuario:,0.911
6414,Starting Player,es,Spanish,qwen2.5-coder:7b,Iniciando Jugador,1.082
6415,Brazilian real,es,Spanish,qwen2.5-coder:7b,real brasileño,0.782
6416,Symbol View,es,Spanish,qwen2.5-coder:7b,Vista de Símbolos,1.466
6417,flower,es,Spanish,qwen2.5-coder:7b,flor,0.616
6418,End Point,es,Spanish,qwen2.5-coder:7b,Punto Final,0.766
6419,Preview Window,es,Spanish,qwen2.5-coder:7b,Ventana de Previsualización,1.192
6420,Download %1 with KGet.,es,Spanish,qwen2.5-coder:7b,Descarga %1 con KGet.,1.332
6421,Image Error,es,Spanish,qwen2.5-coder:7b,Error de imagen,0.744
6422,Lister,es,Spanish,qwen2.5-coder:7b,Listador,0.632
6423,Command Description,es,Spanish,qwen2.5-coder:7b,Descripción del Comando,1.124
6424,Choose City,es,Spanish,qwen2.5-coder:7b,Elige Ciudad,0.904
6425,Business Cards 10,es,Spanish,qwen2.5-coder:7b,Tarjetas de Negocios 10,1.464
6426,Panel background,es,Spanish,qwen2.5-coder:7b,Panel de fondo,0.891
6427,SCSI Interface Information,es,Spanish,qwen2.5-coder:7b,Información de Interfaz SCSI,1.336
6428,Mounted Camera,es,Spanish,qwen2.5-coder:7b,¡Cámara Montada!,1.105
6429,Irrelevant merge command:,es,Spanish,qwen2.5-coder:7b,Comando de fusión irrelevante:,1.479
6430,Nearby,es,Spanish,qwen2.5-coder:7b,Próximo,0.905
6431,Birthdays,es,Spanish,qwen2.5-coder:7b,Cumpleaños,0.834
6432,No service found,es,Spanish,qwen2.5-coder:7b,No se encontró servicio,1.106
6433,Resize,es,Spanish,qwen2.5-coder:7b,Redimensionar,0.886
6434,Background color,es,Spanish,qwen2.5-coder:7b,Color de fondo,0.714
6435,LightSkyBlue1,es,Spanish,qwen2.5-coder:7b,AzulClaro1,1.186
6436,Logging out,es,Spanish,qwen2.5-coder:7b,Desconectando,1.095
6437,Winbind enum groups,es,Spanish,qwen2.5-coder:7b,Enumerar grupos Winbind,1.178
6438,Match & case,es,Spanish,qwen2.5-coder:7b,Coincidencia & distinción de mayúsculas/minúsculas,2.237
6439,Launch with %1,es,Spanish,qwen2.5-coder:7b,Lanza con %1,1.101
6440,localPosition,es,Spanish,qwen2.5-coder:7b,posiciónLocal,0.606
6441,ktimetracker,es,Spanish,qwen2.5-coder:7b,ktimetracker,1.074
6442,& Others,es,Spanish,qwen2.5-coder:7b,& Otros,0.796
6443,Base family:,es,Spanish,qwen2.5-coder:7b, Familia base:,0.991
6444,X rotation,es,Spanish,qwen2.5-coder:7b,Rotación en X,0.824
6445,Correct the perspective,es,Spanish,qwen2.5-coder:7b,Corrija la perspectiva,1.345
6446,front,es,Spanish,qwen2.5-coder:7b,delantera,0.874
6447,& HSV Adjustment...,es,Spanish,qwen2.5-coder:7b,& Ajuste HSV...,1.027
6448,Group Scheduling,es,Spanish,qwen2.5-coder:7b,Agendamiento Grupal,1.198
6449,& CA certificate:,es,Spanish,qwen2.5-coder:7b,& Certificado CA:,0.962
6450,& Copy Here\t %1,es,Spanish,qwen2.5-coder:7b,& Copiar Aquí\t %1,1.395
6451,Call Graph,es,Spanish,qwen2.5-coder:7b,Gráfico de Llamadas,1.027
6452,Video Files,es,Spanish,qwen2.5-coder:7b,Archivos de Video,1.0
6453,"Find in ""%1""",es,Spanish,qwen2.5-coder:7b,"Buscar en ""%1",1.127
6454,Collection: %1,es,Spanish,qwen2.5-coder:7b,Colección: %1,1.19
6455,Dimensions,es,Spanish,qwen2.5-coder:7b,Dimensiones,0.765
6456,policies,es,Spanish,qwen2.5-coder:7b,políticas,0.722
6457,Source Files,es,Spanish,qwen2.5-coder:7b,Archivos fuente,1.002
6458,Player Menu,es,Spanish,qwen2.5-coder:7b,Menú del Jugador,1.127
6459,Disc ID:,es,Spanish,qwen2.5-coder:7b,ID del Disco:,0.931
6460,Patience Card Game,es,Spanish,qwen2.5-coder:7b,Juego de Tarjetas de Paciencia,1.528
6461,Typing Rate,es,Spanish,qwen2.5-coder:7b,Velocidad de escritura,1.29
6462,Up Arrow,es,Spanish,qwen2.5-coder:7b, Flecha Arriba,1.037
6463,File Name:,es,Spanish,qwen2.5-coder:7b,Nombre del archivo:,0.834
6464,Selection Window,es,Spanish,qwen2.5-coder:7b,Ventana de Selección,1.163
6465,Standard Gateway,es,Spanish,qwen2.5-coder:7b,Puerta de Enlace Estándar,1.453
6466,String value:,es,Spanish,qwen2.5-coder:7b,Valor de cadena:,0.927
6467,SkyBlue4,es,Spanish,qwen2.5-coder:7b,Aqua,0.645
6468,required,es,Spanish,qwen2.5-coder:7b,obligatorio,0.889
6469,Find Component,es,Spanish,qwen2.5-coder:7b,Buscar Componente,0.973
6470,Viola,es,Spanish,qwen2.5-coder:7b,Violeta,0.733
6471,X offset,es,Spanish,qwen2.5-coder:7b,Desplazamiento X,1.115
6472,Oufuku Card,es,Spanish,qwen2.5-coder:7b,Tarjeta Oufuku,0.956
6473,Executing script at %1,es,Spanish,qwen2.5-coder:7b,Executing script at %1,1.215
6474,User Details,es,Spanish,qwen2.5-coder:7b,Detalles del Usuario,1.062
6475,Be free.,es,Spanish,qwen2.5-coder:7b,Libre.,0.836
6476,Gantt charts,es,Spanish,qwen2.5-coder:7b,Gráficos de Gantt,1.04
6477,Network Management,es,Spanish,qwen2.5-coder:7b,Gestión de Red,0.996
6478,I/ O Nice level: %1 (%2),es,Spanish,qwen2.5-coder:7b,I/ O Nivel de calidad: %1 (%2),1.944
6479,forces,es,Spanish,qwen2.5-coder:7b,fuerzas,0.804
6480,search term,es,Spanish,qwen2.5-coder:7b,búsqueda,0.842
6481,Accuracy:,es,Spanish,qwen2.5-coder:7b,Exactitud:,0.792
6482,3rd Last,es,Spanish,qwen2.5-coder:7b,3º Último,1.276
6483,Cell Tool,es,Spanish,qwen2.5-coder:7b,Herramienta de Celda,1.102
6484,Favorite Folders,es,Spanish,qwen2.5-coder:7b, Carpetas Favoritas,1.078
6485,Use anti-aliasing,es,Spanish,qwen2.5-coder:7b,Usar anti-aliasing,1.292
6486,Tape name:,es,Spanish,qwen2.5-coder:7b,Nombre de la cinta:,1.112
6487,Visualization Features,es,Spanish,qwen2.5-coder:7b,Características de Visualización,1.254
6488,Direct Network Setting,es,Spanish,qwen2.5-coder:7b,Configuración de Red Directa,1.219
6489,Certificate authority:,es,Spanish,qwen2.5-coder:7b,Authority de certificación:,1.048
6490,Closing Balance,es,Spanish,qwen2.5-coder:7b,Saldo Final,0.95
6491,Main Menu,es,Spanish,qwen2.5-coder:7b,Menú Principal,0.908
6492,Access: %1,es,Spanish,qwen2.5-coder:7b,Acceso: %1,1.22
6493,Header Properties,es,Spanish,qwen2.5-coder:7b,Propiedades del encabezado,1.026
6494,Neutral:,es,Spanish,qwen2.5-coder:7b,Neutral:,0.726
6495,Audio input device,es,Spanish,qwen2.5-coder:7b,Dispositivo de entrada de audio,1.39
6496,Goto,es,Spanish,qwen2.5-coder:7b,Ir a,0.647
6497,Kontact KOrganizer To-do List Plugin,es,Spanish,qwen2.5-coder:7b,Complemento de lista de tareas de Kontact KOrganizer,2.249
6498,& Management,es,Spanish,qwen2.5-coder:7b,& Gestión,0.748
6499,Scaled,es,Spanish,qwen2.5-coder:7b,Escala,0.633
6500,Distribution List %1,es,Spanish,qwen2.5-coder:7b,Lista de Distribución %1,1.305
6501,Using & kchart; in & kspread;,es,Spanish,qwen2.5-coder:7b,Usando & kchart; en & kspread;,1.945
6502,Hot orange,es,Spanish,qwen2.5-coder:7b,Ánimo naranja,1.231
6503,Line Color,es,Spanish,qwen2.5-coder:7b,Color de línea,0.935
6504,Transparency: %1,es,Spanish,qwen2.5-coder:7b,Transparencia: %1,1.107
6505,Output of %1,es,Spanish,qwen2.5-coder:7b,Salida de %1,1.173
6506,Expanding,es,Spanish,qwen2.5-coder:7b,Expandiendo,0.831
6507,Remove Tracker,es,Spanish,qwen2.5-coder:7b,Eliminar Seguimiento,0.989
6508,Creating horizon,es,Spanish,qwen2.5-coder:7b,Creando horizonte,1.101
6509,Multi-Purpose Tray,es,Spanish,qwen2.5-coder:7b,Rechazador Versátil,1.371
6510,Combo Box,es,Spanish,qwen2.5-coder:7b,Desplegable,0.89
6511,Typing speed:,es,Spanish,qwen2.5-coder:7b,Velocidad de escritura:,1.243
6512,Reject,es,Spanish,qwen2.5-coder:7b,Rechazar,0.684
6513,Default certificate:,es,Spanish,qwen2.5-coder:7b,Certificado predeterminado:,1.086
6514,Guide:,es,Spanish,qwen2.5-coder:7b,Guía:,0.772
6515,of Dec,es,Spanish,qwen2.5-coder:7b,de Dic,0.725
6516,Score Weighted,es,Spanish,qwen2.5-coder:7b,Peso de la puntuación,1.153
6517,Custom 7,es,Spanish,qwen2.5-coder:7b,Personalizado 7,1.052
6518,for,es,Spanish,qwen2.5-coder:7b,para,0.705
6519,forward Port,es,Spanish,qwen2.5-coder:7b,Adelantar Puerto,1.007
6520,Azores,es,Spanish,qwen2.5-coder:7b,Azares,0.726
6521,The Align Tool,es,Spanish,qwen2.5-coder:7b,La Herramienta de Alineación,1.383
6522,Bass,es,Spanish,qwen2.5-coder:7b,Bajo,0.601
6523,& Custom,es,Spanish,qwen2.5-coder:7b,& Personalizado,0.699
6524,Bytes Sent:,es,Spanish,qwen2.5-coder:7b,Bytes Enviados:,0.987
6525,Non-critical,es,Spanish,qwen2.5-coder:7b,No crítico,0.877
6526,Translation Error,es,Spanish,qwen2.5-coder:7b,Error de Traducción,1.052
6527,momentumVariance,es,Spanish,qwen2.5-coder:7b,varianzaMomentum,1.224
6528,France,es,Spanish,qwen2.5-coder:7b,Francia,0.603
6529,Loading,es,Spanish,qwen2.5-coder:7b,Cargando,0.707
6530,Usages:,es,Spanish,qwen2.5-coder:7b,Uso:,0.832
6531,Delete Map?,es,Spanish,qwen2.5-coder:7b,¿Eliminar Mapa?,1.066
6532,K3b Bookmarks,es,Spanish,qwen2.5-coder:7b,Marcadores de K3b,1.419
6533,Player Pointer,es,Spanish,qwen2.5-coder:7b,Puntero del Jugador,1.095
6534,Game New,es,Spanish,qwen2.5-coder:7b,Juego Nuevo,0.71
6535,Blinking effects,es,Spanish,qwen2.5-coder:7b,Efectos parpadeantes,1.212
6536,Host Name,es,Spanish,qwen2.5-coder:7b,Nombre del Servidor,0.837
6537,Creation Date,es,Spanish,qwen2.5-coder:7b,Fecha de Creación,1.049
6538,Double buffer,es,Spanish,qwen2.5-coder:7b,Buffer doble,0.935
6539,Column number,es,Spanish,qwen2.5-coder:7b,Número de columna,0.956
6540,Side switch frequency:,es,Spanish,qwen2.5-coder:7b,Freuencia del interruptor lateral:,1.268
6541,PGP signature:,es,Spanish,qwen2.5-coder:7b,Firma PGP:,1.003
6542,LDAP machine suffix:,es,Spanish,qwen2.5-coder:7b,Suffixo de máquina LDAP:,1.173
6543,Lightness,es,Spanish,qwen2.5-coder:7b,Brillo,0.63
6544,Data Sources:,es,Spanish,qwen2.5-coder:7b,Orígenes de Datos:,1.156
6545,Row Source,es,Spanish,qwen2.5-coder:7b,Origen de la fila,1.117
6546,Maximum speed:,es,Spanish,qwen2.5-coder:7b,Velocidad máxima:,0.929
6547,Deform Amount,es,Spanish,qwen2.5-coder:7b,量 Deformación,1.02
6548,& Contents,es,Spanish,qwen2.5-coder:7b,& Contenido,0.733
6549,Project Manager View,es,Spanish,qwen2.5-coder:7b,Vista del Gerente de Proyecto,1.543
6550,Numbers:,es,Spanish,qwen2.5-coder:7b,Números:,0.686
6551,Request Update,es,Spanish,qwen2.5-coder:7b,Solicitar Actualización,0.986
6552,Elevation (m):,es,Spanish,qwen2.5-coder:7b,Elevación (m):,1.192
6553,Sheet Selection,es,Spanish,qwen2.5-coder:7b,Selección de Hoja,0.881
6554,Exact Match,es,Spanish,qwen2.5-coder:7b,Coincidencia Exacta,1.133
6555,Blur smoothness,es,Spanish,qwen2.5-coder:7b,Suavidad del desenfoque,1.485
6556,Bracket highlight,es,Spanish,qwen2.5-coder:7b,Resaltado de paréntesis,1.44
6557,Write Speed,es,Spanish,qwen2.5-coder:7b,Velocidad de Escritura,1.184
6558,Torrent activity,es,Spanish,qwen2.5-coder:7b,Actividad de torrent,1.094
6559,Media Device Collection,es,Spanish,qwen2.5-coder:7b,Recolección de Dispositivos Multimedia,1.488
6560,Windows workgroup,es,Spanish,qwen2.5-coder:7b,Grupo de trabajo de Windows,1.194
6561,Cancelation,es,Spanish,qwen2.5-coder:7b,Cancelación,0.632
6562,Photograph Properties,es,Spanish,qwen2.5-coder:7b,Propiedades de la Fotografía,1.066
6563,& Fit to Size,es,Spanish,qwen2.5-coder:7b,& Ajustar al Tamaño,1.278
6564,activity diagram,es,Spanish,qwen2.5-coder:7b,diagrama de actividades,1.214
6565,Info List View,es,Spanish,qwen2.5-coder:7b,Vista de Lista de Información,1.399
6566,Progress indicator,es,Spanish,qwen2.5-coder:7b,Indicador de progreso,1.028
6567,Cameroon,es,Spanish,qwen2.5-coder:7b,Camerún,0.725
6568,Cisco - Mac Woman,es,Spanish,qwen2.5-coder:7b,Cisco - Mujer Mac,0.982
6569,Execute,es,Spanish,qwen2.5-coder:7b,Ejecutar,0.764
6570,Terrain,es,Spanish,qwen2.5-coder:7b,Terreno,0.591
6571,? (#063;) Question mark,es,Spanish,qwen2.5-coder:7b,? (#063;) Punto interrogativo,1.811
6572,Australia/ Currie,es,Spanish,qwen2.5-coder:7b,Australia/ Currie,1.112
6573,New budget,es,Spanish,qwen2.5-coder:7b,Nuevo presupuesto,0.709
6574,Copying CD,es,Spanish,qwen2.5-coder:7b,Copiando CD,0.937
6575,seven,es,Spanish,qwen2.5-coder:7b,siete,0.588
6576,question,es,Spanish,qwen2.5-coder:7b,Pregunta,0.712
6577,No operation,es,Spanish,qwen2.5-coder:7b,Ninguna operación,1.011
6578,at LOCATION,es,Spanish,qwen2.5-coder:7b,en LOCATION,0.615
6579,File Tree,es,Spanish,qwen2.5-coder:7b,Árbol de Archivos,0.986
6580,Thumbnail Information,es,Spanish,qwen2.5-coder:7b,Información de miniatura,1.097
6581,Number of moles:,es,Spanish,qwen2.5-coder:7b,Número de moléculas:,1.316
6582,8 Cards,es,Spanish,qwen2.5-coder:7b,8 Tarjetas,0.816
6583,& DCOP; Functions,es,Spanish,qwen2.5-coder:7b,& DCOP; Funciones,1.201
6584,Newsgroup Servers,es,Spanish,qwen2.5-coder:7b,Servidores de Grupos de Noticias,1.388
6585,& marble; measuring,es,Spanish,qwen2.5-coder:7b,& mármore; medir,1.207
6586,Navigation Keys,es,Spanish,qwen2.5-coder:7b,Teclas de Navegación,1.406
6587,Maximum bitrate:,es,Spanish,qwen2.5-coder:7b,Bitrate máxima:,0.972
6588,Document '%1 'opened.,es,Spanish,qwen2.5-coder:7b,Documento '%1' abierto.,1.351
6589,Printer Description,es,Spanish,qwen2.5-coder:7b,Descripción del Impresor,1.22
6590,Minimum height,es,Spanish,qwen2.5-coder:7b,Altura mínima,0.996
6591,Authorization,es,Spanish,qwen2.5-coder:7b,Autorización,0.763
6592,Print System,es,Spanish,qwen2.5-coder:7b,Imprimir Sistema,0.908
6593,2 Suits (Medium),es,Spanish,qwen2.5-coder:7b,2 Conjuntos (Medio),1.205
6594,Ivory coast,es,Spanish,qwen2.5-coder:7b,Costa de Marfil,1.03
6595,Rating:,es,Spanish,qwen2.5-coder:7b,Calificación:,0.833
6596,Short Circuit,es,Spanish,qwen2.5-coder:7b,Circuito Corto,0.934
6597,Progress Bar,es,Spanish,qwen2.5-coder:7b,Barra de Progreso,1.148
6598,13th Last,es,Spanish,qwen2.5-coder:7b,13º Último,1.49
6599,KDE Info Center,es,Spanish,qwen2.5-coder:7b,Centro de Información KDE,1.27
6600,XML Parsing Error,es,Spanish,qwen2.5-coder:7b,Error de análisis XML,0.85
6601,Andromeda Galaxy,es,Spanish,qwen2.5-coder:7b,Galaxia Andromeda,1.089
6602,Executed,es,Spanish,qwen2.5-coder:7b,Ejecutado,0.895
6603,Filename definition:,es,Spanish,qwen2.5-coder:7b,Definición de nombre de archivo:,1.392
6604,Progress,es,Spanish,qwen2.5-coder:7b,Progreso,0.618
6605,Color mode,es,Spanish,qwen2.5-coder:7b,Modo de color,0.999
6606,Newsgroups,es,Spanish,qwen2.5-coder:7b,Grupos de noticias,0.847
6607,Superlative:,es,Spanish,qwen2.5-coder:7b,Superlativo:,1.028
6608,Maxpect,es,Spanish,qwen2.5-coder:7b,Maxpect,0.652
6609,Remove selected tag,es,Spanish,qwen2.5-coder:7b,Eliminar la etiqueta seleccionada,1.307
6610,FS Type,es,Spanish,qwen2.5-coder:7b,Tipo de FS,0.739
6611,Created,es,Spanish,qwen2.5-coder:7b,Creado,0.796
6612,Example Training,es,Spanish,qwen2.5-coder:7b,Entrenamiento de Ejemplo,1.003
6613,X Offset,es,Spanish,qwen2.5-coder:7b,Desplazamiento X,1.115
6614,Swedish,es,Spanish,qwen2.5-coder:7b,Sueco,0.806
6615,Belgian (fr-be),es,Spanish,qwen2.5-coder:7b,Belga (fr-be),1.23
6616,New PhotoSet,es,Spanish,qwen2.5-coder:7b,Nuevo Conjunto de Fotos,1.289
6617,Unnamed Macro #%1,es,Spanish,qwen2.5-coder:7b,Macro sin nombre #%1,1.253
6618,Telephone:,es,Spanish,qwen2.5-coder:7b,Teléfono:,0.708
6619,Network routes,es,Spanish,qwen2.5-coder:7b,Rutas de red,0.891
6620,General (1),es,Spanish,qwen2.5-coder:7b,General (1),0.988
6621,Photo size,es,Spanish,qwen2.5-coder:7b,Tamaño de la foto,1.027
6622,Sound Settings,es,Spanish,qwen2.5-coder:7b,Ajustes de Sonido,1.19
6623,Start operation,es,Spanish,qwen2.5-coder:7b,Comenzar operación,1.172
6624,Tea time:,es,Spanish,qwen2.5-coder:7b,Hora del té:,1.186
6625,Vocabularies,es,Spanish,qwen2.5-coder:7b,Vocabularios,0.982
6626,LightGoldenrod,es,Spanish,qwen2.5-coder:7b,Aurora Amarilla,1.027
6627,stepSize,es,Spanish,qwen2.5-coder:7b,tamañoDePaso,1.107
6628,& Example Tool,es,Spanish,qwen2.5-coder:7b,& Herramienta Ejemplo,1.128
6629,Stretch contrast,es,Spanish,qwen2.5-coder:7b,Estirar contraste,1.195
6630,Projection:,es,Spanish,qwen2.5-coder:7b,Proyección:,0.931
6631,Miner for kat,es,Spanish,qwen2.5-coder:7b,Minero para kat,1.142
6632,Creation date,es,Spanish,qwen2.5-coder:7b,Fecha de creación,1.168
6633,repeat number {...},es,Spanish,qwen2.5-coder:7b,repetir número {...},1.458
6634,IP Addresses:,es,Spanish,qwen2.5-coder:7b, direcciones IP:,1.069
6635,Preview,es,Spanish,qwen2.5-coder:7b,Vista previa,1.083
6636,Get help...,es,Spanish,qwen2.5-coder:7b,Obtener ayuda...,1.002
6637,Log Message,es,Spanish,qwen2.5-coder:7b,Mensaje de registro,0.964
6638,Group password: %1,es,Spanish,qwen2.5-coder:7b,Contraseña del grupo: %1,1.524
6639,Pairs,es,Spanish,qwen2.5-coder:7b,Pares,0.722
6640,ImagePlugin_ChannelMixer,es,Spanish,qwen2.5-coder:7b,Plugin de Canal de Imagen,1.379
6641,& Kind of Group,es,Spanish,qwen2.5-coder:7b,& Tipo de Grupo,1.146
6642,Finished Copying CSS...,es,Spanish,qwen2.5-coder:7b,Finalizando Copia de CSS...,1.322
6643,Paragraph Space,es,Spanish,qwen2.5-coder:7b,Espacio de párrafo,1.213
6644,Canada/ Atlantic,es,Spanish,qwen2.5-coder:7b,Canadá/Atlántico,1.371
6645,Print Style,es,Spanish,qwen2.5-coder:7b,Estilo de Impresión,1.263
6646,Already at %1,es,Spanish,qwen2.5-coder:7b,Ya en %1,0.884
6647,Music Collection,es,Spanish,qwen2.5-coder:7b,Colección de Música,1.178
6648,horizontalBox,es,Spanish,qwen2.5-coder:7b,cajaHorizontal,0.701
6649,< < & Remove,es,Spanish,qwen2.5-coder:7b,< < & Eliminar,1.097
6650,& MAL server name:,es,Spanish,qwen2.5-coder:7b,& Nombre del servidor MAL:,1.07
6651,Increase & Hue,es,Spanish,qwen2.5-coder:7b,Aumentar & Tonos,1.22
6652,Hangup,es,Spanish,qwen2.5-coder:7b,Colgar,0.645
6653,Nepomuk Activities Service,es,Spanish,qwen2.5-coder:7b,Servicio de Actividades Nepomuk,1.578
6654,surname,es,Spanish,qwen2.5-coder:7b,Apellido,0.524
6655,Log & file:,es,Spanish,qwen2.5-coder:7b,Registro & archivo:,1.022
6656,Move History,es,Spanish,qwen2.5-coder:7b,Historial de Movimientos,1.151
6657,Do Not Store,es,Spanish,qwen2.5-coder:7b,No Almacenar,0.97
6658,Performance Tuning,es,Spanish,qwen2.5-coder:7b,Ajuste de rendimiento,1.112
6659,Automatic detection,es,Spanish,qwen2.5-coder:7b,Detección automática,1.125
6660,Manage Filters,es,Spanish,qwen2.5-coder:7b,Administrar Filtros,1.125
6661,Loading FITS,es,Spanish,qwen2.5-coder:7b,Cargando FITS,0.958
6662,Access Point scanning (ap_scan),es,Spanish,qwen2.5-coder:7b,Escaneo de punto de acceso (ap_scan),1.697
6663,Name Selection,es,Spanish,qwen2.5-coder:7b,Selección de Nombre,0.796
6664,space,es,Spanish,qwen2.5-coder:7b,espacio,0.586
6665,Players are %1 and %2,es,Spanish,qwen2.5-coder:7b,Jugadores son %1 y %2,1.474
6666,(La)TeX Source Files,es,Spanish,qwen2.5-coder:7b,Archivos de Código (La)TeX,1.317
6667,Case & sensitive,es,Spanish,qwen2.5-coder:7b,Distinción entre mayúsculas y minúsculas,1.913
6668,Unable to find '%1 ',es,Spanish,qwen2.5-coder:7b,No se encuentra '%1,1.126
6669,Stamp,es,Spanish,qwen2.5-coder:7b,Sello,0.668
6670,Enter for example lp.,es,Spanish,qwen2.5-coder:7b,Introduce por ejemplo lp.,1.055
6671,Delta Row,es,Spanish,qwen2.5-coder:7b,Fila Delta,0.725
6672,Wavelength:,es,Spanish,qwen2.5-coder:7b,Longitud de onda:,0.993
6673,Continue,es,Spanish,qwen2.5-coder:7b,Continuar,0.568
6674,Transfer,es,Spanish,qwen2.5-coder:7b,Transferir,0.615
6675,Backup suffix,es,Spanish,qwen2.5-coder:7b,Sufijo de copia de seguridad,1.268
6676,Fisheye lens,es,Spanish,qwen2.5-coder:7b,lente fisheye,1.061
6677,Box Properties,es,Spanish,qwen2.5-coder:7b,Propiedades de la caja,1.031
6678,Image file name:,es,Spanish,qwen2.5-coder:7b,Nombre del archivo de imagen:,1.086
6679,Background transparency:,es,Spanish,qwen2.5-coder:7b,Transparencia de fondo:,1.155
6680,Test Actions,es,Spanish,qwen2.5-coder:7b,Acciones de Prueba,1.143
6681,Editing Expressions/ Actions,es,Spanish,qwen2.5-coder:7b,Editando Expresiones/ Acciones,1.536
6682,Target language:,es,Spanish,qwen2.5-coder:7b,Idioma objetivo:,1.008
6683,KOrganizer event duration:,es,Spanish,qwen2.5-coder:7b,Duración del evento de KOrganizer:,1.481
6684,project configuration file,es,Spanish,qwen2.5-coder:7b,archivo de configuración del proyecto,1.285
6685,Plugin for KGet,es,Spanish,qwen2.5-coder:7b,Complemento para KGet,1.307
6686,ask,es,Spanish,qwen2.5-coder:7b,preguntar,0.898
6687,KDE's application finder,es,Spanish,qwen2.5-coder:7b,Buscador de aplicaciones de KDE,1.576
6688,Formula tool,es,Spanish,qwen2.5-coder:7b,Herramienta de fórmula,1.454
6689,Domain & name:,es,Spanish,qwen2.5-coder:7b,Domínio & nombre:,1.214
6690,Data Format,es,Spanish,qwen2.5-coder:7b,Formato de Datos,0.839
6691,Size (KB),es,Spanish,qwen2.5-coder:7b,Tamaño (KB),0.983
6692,Video Bitrate:,es,Spanish,qwen2.5-coder:7b,Velocidad de bits del video:,1.387
6693,Could not start %1,es,Spanish,qwen2.5-coder:7b,No se pudo iniciar %1,1.272
6694,TTY/ TTD Phone,es,Spanish,qwen2.5-coder:7b,TTY/ TTD Teléfono,1.306
6695,Online Enrollment Method,es,Spanish,qwen2.5-coder:7b,Metodo de Inscripción en Línea,1.596
6696,Text Association,es,Spanish,qwen2.5-coder:7b,Asociación de Texto,1.026
6697,openDesktop Account,es,Spanish,qwen2.5-coder:7b,Cuenta de openDesktop,0.95
6698,File Listing Options,es,Spanish,qwen2.5-coder:7b,Opciones de Listado de Archivos,1.29
6699,Image Sizes,es,Spanish,qwen2.5-coder:7b,Tamaños de Imagen,1.141
6700,Port number,es,Spanish,qwen2.5-coder:7b,Número de puerto,0.757
6701,Skin Definition,es,Spanish,qwen2.5-coder:7b,Definición de la piel,1.032
6702,of Qi`dah,es,Spanish,qwen2.5-coder:7b,de Qi`dah,1.029
6703,Image formats,es,Spanish,qwen2.5-coder:7b,Formatos de imagen,0.834
6704,Lattice Maze,es,Spanish,qwen2.5-coder:7b,Laberinto de Lattice,1.118
6705,Parsing Error,es,Spanish,qwen2.5-coder:7b,Error de Análisis,0.904
6706,Edit IPTC...,es,Spanish,qwen2.5-coder:7b,Editar IPTC...,0.925
6707,Template Management,es,Spanish,qwen2.5-coder:7b,Administración de plantillas,1.086
6708,Javanese,es,Spanish,qwen2.5-coder:7b,Javanés,0.777
6709,Heavy,es,Spanish,qwen2.5-coder:7b,Pesado,0.605
6710,File Comparison And Merge,es,Spanish,qwen2.5-coder:7b,Comparación y fusión de archivos,1.159
6711,View Modes,es,Spanish,qwen2.5-coder:7b,Modos de Vista,0.997
6712,Source Revision,es,Spanish,qwen2.5-coder:7b,Revisión de Origen,0.946
6713,Postscript Tools,es,Spanish,qwen2.5-coder:7b,Herramientas de Postscript,1.183
6714,Dial prefix:,es,Spanish,qwen2.5-coder:7b,Prefijo de llamada:,1.212
6715,Bookmark Media Sources View,es,Spanish,qwen2.5-coder:7b,Ver fuentes de medios marcadas,1.449
6716,Romania,es,Spanish,qwen2.5-coder:7b,Rumania,0.744
6717,Preview URL:,es,Spanish,qwen2.5-coder:7b,URL de vista previa:,1.121
6718,hide (sh),es,Spanish,qwen2.5-coder:7b,ocultar (sh),1.14
6719,Presentation Slides:,es,Spanish,qwen2.5-coder:7b,Diapositivas de Presentación:,1.205
6720,Authentication direction:,es,Spanish,qwen2.5-coder:7b,Dirección de autenticación:,1.247
6721,Year Format,es,Spanish,qwen2.5-coder:7b,Formato de Año,0.949
6722,XMLUI conversion,es,Spanish,qwen2.5-coder:7b,Conversión de XMLUI,1.303
6723,Phrases,es,Spanish,qwen2.5-coder:7b,Frases,0.644
6724,Fertility,es,Spanish,qwen2.5-coder:7b,Fertilidad,0.716
6725,Generate Stub,es,Spanish,qwen2.5-coder:7b,Generar Esquema,1.101
6726,RoundRect,es,Spanish,qwen2.5-coder:7b,Rectangular Redondeado,1.11
6727,Bit depth:,es,Spanish,qwen2.5-coder:7b,Profundidad de bits:,1.076
6728,Håvard Frøiland & Haavard. Froeiland. mail;,es,Spanish,qwen2.5-coder:7b,Håvard Frøiland & Haavard. Froeiland. mail;,2.579
6729,restLengthVariance,es,Spanish,qwen2.5-coder:7b,varianzaDeLongitudRestante,1.543
6730,Cloudy,es,Spanish,qwen2.5-coder:7b,Nublado,0.823
6731,Center:,es,Spanish,qwen2.5-coder:7b,Centrar:,0.77
6732,This week,es,Spanish,qwen2.5-coder:7b,Esta semana,0.614
6733,Measurement Converter,es,Spanish,qwen2.5-coder:7b,Conversor de Medidas,1.193
6734,Kate Highlight Definition,es,Spanish,qwen2.5-coder:7b,Definición de Kate Highlight,1.227
6735,Account Type,es,Spanish,qwen2.5-coder:7b,Tipo de Cuenta,0.811
6736,soft,es,Spanish,qwen2.5-coder:7b,suave,0.785
6737,publisher,es,Spanish,qwen2.5-coder:7b,editorial,0.589
6738,Change share command:,es,Spanish,qwen2.5-coder:7b,Comando de compartir:,1.076
6739,Look at %1,es,Spanish,qwen2.5-coder:7b,Ver %1,1.021
6740,Display options:,es,Spanish,qwen2.5-coder:7b,Opciones de visualización:,1.132
6741,White Wine,es,Spanish,qwen2.5-coder:7b,Vino Blanco,0.738
6742,Settlement,es,Spanish,qwen2.5-coder:7b,Conciliación,0.998
6743,dark green,es,Spanish,qwen2.5-coder:7b,verde oscuro,0.807
6744,Extender Position,es,Spanish,qwen2.5-coder:7b,Extender Posición,1.03
6745,Page & set:,es,Spanish,qwen2.5-coder:7b,Pagina & establecer:,1.117
6746,Ctrl; Q File Quit,es,Spanish,qwen2.5-coder:7b,Ctrl; Q Archivo Salir,1.279
6747,& Groups,es,Spanish,qwen2.5-coder:7b,& Grupos,0.818
6748,Game Fleet Overview,es,Spanish,qwen2.5-coder:7b,Resumen de la Flota del Juego,1.541
6749,Slope Practise,es,Spanish,qwen2.5-coder:7b,Práctica de Inclinación,1.191
6750,& Topic,es,Spanish,qwen2.5-coder:7b,& Tema,0.729
6751,Line art,es,Spanish,qwen2.5-coder:7b,Art líneas,0.988
6752,At Night,es,Spanish,qwen2.5-coder:7b,A la noche,0.83
6753,& Matrix Environments,es,Spanish,qwen2.5-coder:7b,& Entornos Matriz,1.184
6754,Window Tabbing,es,Spanish,qwen2.5-coder:7b,Etiquetas de Ventana,1.26
6755,Magnification,es,Spanish,qwen2.5-coder:7b,Aumento,0.81
6756,Tag actions,es,Spanish,qwen2.5-coder:7b,Acciones de etiqueta,1.099
6757,Directory security mask:,es,Spanish,qwen2.5-coder:7b,Máscara de seguridad del directorio:,1.541
6758,Move 1,es,Spanish,qwen2.5-coder:7b,Mover 1,1.006
6759,Published: %1,es,Spanish,qwen2.5-coder:7b,Publicado: %1,1.208
6760,CSV File,es,Spanish,qwen2.5-coder:7b,Archivo CSV,0.63
6761,Auto Sheet Feeder,es,Spanish,qwen2.5-coder:7b,Feeder de Hojas Automático,1.422
6762,Done,es,Spanish,qwen2.5-coder:7b,Hecho,0.694
6763,DarkBlue,es,Spanish,qwen2.5-coder:7b,Azul Oscuro,0.844
6764,Tape mounted.,es,Spanish,qwen2.5-coder:7b,Etiqueta montada.,1.039
6765,Glossy finishing,es,Spanish,qwen2.5-coder:7b,Acabado mate,1.122
6766,CVS & Output,es,Spanish,qwen2.5-coder:7b,CVS & Salida,1.21
6767,Pointer acceleration,es,Spanish,qwen2.5-coder:7b,Aceleración del puntero,1.116
6768,Thumbnail size,es,Spanish,qwen2.5-coder:7b,Tamano de miniatura,1.103
6769,& Standard scheme:,es,Spanish,qwen2.5-coder:7b,& Esquema estándar:,1.309
6770,Brightness / Contrast,es,Spanish,qwen2.5-coder:7b,Brillo / Contraste,1.168
6771,Network Printer Information,es,Spanish,qwen2.5-coder:7b,Información de Impresora de Red,1.416
6772,Message Box dialog,es,Spanish,qwen2.5-coder:7b,Cuadro de diálogo de mensaje,1.251
6773,Snake Wipe Effect,es,Spanish,qwen2.5-coder:7b,Efecto de Borrado de Serpiente,1.595
6774,D Code Generation,es,Spanish,qwen2.5-coder:7b,Generación de Código D,0.962
6775,Source Selection,es,Spanish,qwen2.5-coder:7b,Selección de Origen,0.927
6776,New Moon,es,Spanish,qwen2.5-coder:7b,Luna Nueva,0.799
6777,Problem Reporter View,es,Spanish,qwen2.5-coder:7b,Vista del Reportador de Problemas,1.456
6778,inactive,es,Spanish,qwen2.5-coder:7b,inactivo,0.708
6779,triangle,es,Spanish,qwen2.5-coder:7b,triángulo,0.684
6780,Basis Calculation method,es,Spanish,qwen2.5-coder:7b,Método de cálculo de base,1.43
6781,Button size:,es,Spanish,qwen2.5-coder:7b,Tamaño del botón:,0.983
6782,& Temperatures,es,Spanish,qwen2.5-coder:7b,& Temperaturas,0.749
6783,spriteshow (ss),es,Spanish,qwen2.5-coder:7b,spriteshow (ss),1.004
6784,Grandma,es,Spanish,qwen2.5-coder:7b,Abuela,0.828
6785,Mailing List,es,Spanish,qwen2.5-coder:7b,Lista de Correo,1.06
6786,& User Mailing List,es,Spanish,qwen2.5-coder:7b,& Lista de Correo de Usuarios,1.337
6787,JavaScript area,es,Spanish,qwen2.5-coder:7b,Área de JavaScript,1.077
6788,& Deny,es,Spanish,qwen2.5-coder:7b,& Denegar,0.982
6789,Presentation Document...,es,Spanish,qwen2.5-coder:7b,Documento de Presentación...,1.107
6790,(Reverse DCC),es,Spanish,qwen2.5-coder:7b,(Reverso DCC),1.169
6791,Previous Terminal,es,Spanish,qwen2.5-coder:7b,Terminal Anterior,0.946
6792,Panamanian Balboa,es,Spanish,qwen2.5-coder:7b,Balboa Panamericano,1.186
6793,Doing A Directory Merge,es,Spanish,qwen2.5-coder:7b,Realizando una fusión de directorios,1.512
6794,Telephone/ Fax:,es,Spanish,qwen2.5-coder:7b,Teléfono/Fax:,0.979
6795,timeScale,es,Spanish,qwen2.5-coder:7b,escalaDeTiempo,1.167
6796,Edit Element,es,Spanish,qwen2.5-coder:7b,Editar Elemento,0.948
6797,Volume Name:,es,Spanish,qwen2.5-coder:7b,Nombre del Volumen:,1.017
6798,Slovakia,es,Spanish,qwen2.5-coder:7b,Eslovaquia,0.847
6799,Drop speed,es,Spanish,qwen2.5-coder:7b,Velocidad de caída,1.039
6800,Original:,es,Spanish,qwen2.5-coder:7b,Original:,0.71
6801,Capitalize,es,Spanish,qwen2.5-coder:7b,Capitalizar,0.882
6802,Header position:,es,Spanish,qwen2.5-coder:7b,Posición del encabezado:,1.266
6803,Client channel:,es,Spanish,qwen2.5-coder:7b,Canal de cliente:,1.036
6804,File Format,es,Spanish,qwen2.5-coder:7b,Formato de archivo,0.821
6805,Level?,es,Spanish,qwen2.5-coder:7b,Nivel?,0.667
6806,Channel,es,Spanish,qwen2.5-coder:7b,Canal,0.583
6807,Cover size,es,Spanish,qwen2.5-coder:7b,Size de cubierta,1.099
6808,ColorSmart Business Graphics,es,Spanish,qwen2.5-coder:7b,ColorSmart Gráficos Empresariales,1.652
6809,Screen Brightness,es,Spanish,qwen2.5-coder:7b,Brillo de Pantalla,1.167
6810,Compass Labels,es,Spanish,qwen2.5-coder:7b,Etiquetas del Brújula,1.3
6811,(never),es,Spanish,qwen2.5-coder:7b,(nunca),0.828
6812,Team Development,es,Spanish,qwen2.5-coder:7b,Desarrollo de Equipo,1.016
6813,Profile name,es,Spanish,qwen2.5-coder:7b,Nombre del perfil,0.728
6814,Query,es,Spanish,qwen2.5-coder:7b,Consulta,0.483
6815,Major radius:,es,Spanish,qwen2.5-coder:7b,Radio mayor:,0.82
6816,& Password:,es,Spanish,qwen2.5-coder:7b,& Contraseña:,0.802
6817,MediumPurple4,es,Spanish,qwen2.5-coder:7b,MediumPurple4,0.961
6818,Endless,es,Spanish,qwen2.5-coder:7b,Sin Fin,0.807
6819,Payee,es,Spanish,qwen2.5-coder:7b,Beneficiario,0.906
6820,User Manual,es,Spanish,qwen2.5-coder:7b,Manual del Usuario,0.71
6821,Existing:,es,Spanish,qwen2.5-coder:7b,Existente:,0.783
6822,forward X,es,Spanish,qwen2.5-coder:7b,avanzar X,0.998
6823,Icon size,es,Spanish,qwen2.5-coder:7b,Size del icono,1.006
6824,SSL Certificate Password,es,Spanish,qwen2.5-coder:7b,Contraseña del Certificado SSL,1.044
6825,Below,es,Spanish,qwen2.5-coder:7b,Debajo,0.881
6826,& kaddressbook; -gt; & korganizer; To-do List,es,Spanish,qwen2.5-coder:7b,& kaddressbook; -gt; & korganizer; Lista de Tareas,2.635
6827,Updating %1...,es,Spanish,qwen2.5-coder:7b,Actualizando %1...,1.136
6828,Feeds added: %1,es,Spanish,qwen2.5-coder:7b,Se agregaron fuentes: %1,1.586
6829,Shared %1,es,Spanish,qwen2.5-coder:7b,Compartido %1,0.985
6830,Rename download,es,Spanish,qwen2.5-coder:7b,Renombrar descarga,1.258
6831,& Collection...,es,Spanish,qwen2.5-coder:7b,&Colección...,0.822
6832,Customizing & kuser;,es,Spanish,qwen2.5-coder:7b,Personalizando & kuser;,1.284
6833,User certificate,es,Spanish,qwen2.5-coder:7b,Certificado de usuario,0.851
6834,Calendar View,es,Spanish,qwen2.5-coder:7b,Vista del Calendario,1.252
6835,Ascending,es,Spanish,qwen2.5-coder:7b,Ascendente,0.927
6836,East,es,Spanish,qwen2.5-coder:7b,Este,0.515
6837,Printing error,es,Spanish,qwen2.5-coder:7b,Error de impresión,1.083
6838,Levels of Gray,es,Spanish,qwen2.5-coder:7b,Niveles de Gris,1.082
6839,Group widgets,es,Spanish,qwen2.5-coder:7b,Agrupa widgets,0.953
6840,Strikethrough,es,Spanish,qwen2.5-coder:7b,Tachado,0.836
6841,Test Groups,es,Spanish,qwen2.5-coder:7b,Grupos de Prueba,0.907
6842,Consolidate,es,Spanish,qwen2.5-coder:7b,Consolidar,0.98
6843,Confidential,es,Spanish,qwen2.5-coder:7b,Confidencial,0.76
6844,New Hole,es,Spanish,qwen2.5-coder:7b,Nuevo Agujero,0.832
6845,& Vertically,es,Spanish,qwen2.5-coder:7b,& Verticalmente,0.858
6846,& Spanish To,es,Spanish,qwen2.5-coder:7b,& Español A,0.722
6847,Any character,es,Spanish,qwen2.5-coder:7b,Cualquier carácter,0.891
6848,& Ban List,es,Spanish,qwen2.5-coder:7b,& Lista de Baneo,1.073
6849,European foolscap,es,Spanish,qwen2.5-coder:7b,Carta europea,1.153
6850,Plot & Area...,es,Spanish,qwen2.5-coder:7b,Gráfica & Área...,1.159
6851,Stage & Padding:,es,Spanish,qwen2.5-coder:7b,Etapa & Relleno:,1.246
6852,Framework Version,es,Spanish,qwen2.5-coder:7b,Versión del Framework,0.783
6853,Minimum rate of growth,es,Spanish,qwen2.5-coder:7b,Rango mínimo de crecimiento,1.256
6854,Mono-Channel,es,Spanish,qwen2.5-coder:7b,Mono-Canal,0.878
6855,Dial,es,Spanish,qwen2.5-coder:7b,Marcar,0.872
6856,Boron,es,Spanish,qwen2.5-coder:7b,Boro,0.627
6857,Function & 5:,es,Spanish,qwen2.5-coder:7b,Función & 5:,1.106
6858,Castle View,es,Spanish,qwen2.5-coder:7b,Vista del Castillo,1.025
6859,The panel,es,Spanish,qwen2.5-coder:7b,El panel,0.655
6860,Grow...,es,Spanish,qwen2.5-coder:7b,Crecer...,0.829
6861,East Flanders,es,Spanish,qwen2.5-coder:7b,Flandes Este,0.891
6862,Files > >,es,Spanish,qwen2.5-coder:7b,Archivos > >,1.09
6863,Iris Wipe Effect,es,Spanish,qwen2.5-coder:7b,Efecto Iris Wipe,1.207
6864,Idle.,es,Spanish,qwen2.5-coder:7b,Sin actividad.,0.797
6865,Files:,es,Spanish,qwen2.5-coder:7b,Archivos:,0.685
6866,Bottom Dock,es,Spanish,qwen2.5-coder:7b,Dock inferior,0.804
6867,New type: other,es,Spanish,qwen2.5-coder:7b,Nuevo tipo: otro,1.054
6868,K3b data project,es,Spanish,qwen2.5-coder:7b,Proyecto de datos K3b,1.411
6869,Smooth point,es,Spanish,qwen2.5-coder:7b,Punto suave,0.931
6870,Output Bin,es,Spanish,qwen2.5-coder:7b,Salida Binaria,1.033
6871,Dark Blue,es,Spanish,qwen2.5-coder:7b,Azul Oscuro,0.862
6872,union,es,Spanish,qwen2.5-coder:7b,unión,0.811
6873,Application version string,es,Spanish,qwen2.5-coder:7b,Versión de la aplicación,1.126
6874,Space Arcade Game,es,Spanish,qwen2.5-coder:7b,Juego de Arcade en Espacio,1.159
6875,Subscription,es,Spanish,qwen2.5-coder:7b,Suscripción,0.693
6876,Custom 4,es,Spanish,qwen2.5-coder:7b,Personalizado 4,1.106
6877,Clipboard History,es,Spanish,qwen2.5-coder:7b,Historial del Portapapeles,1.326
6878,BCC:,es,Spanish,qwen2.5-coder:7b,BCC:,0.735
6879,Number of toasters,es,Spanish,qwen2.5-coder:7b,Número de tostadores,1.211
6880,Pad 8 - Sweep,es,Spanish,qwen2.5-coder:7b,Panel 8 - Escaneo,1.474
6881,Graphics system:,es,Spanish,qwen2.5-coder:7b, Sistema gráfico:,0.929
6882,Unmodified,es,Spanish,qwen2.5-coder:7b,Sin modificar,0.652
6883,Cache size:,es,Spanish,qwen2.5-coder:7b,Tamaño de la caché:,1.092
6884,& Mail this...,es,Spanish,qwen2.5-coder:7b,& Enviar por correo...,1.02
6885,Project Close Project,es,Spanish,qwen2.5-coder:7b,Cerrar Proyecto,0.955
6886,Stacker-Separator-Collator,es,Spanish,qwen2.5-coder:7b,Empilador-Separador-Agrupador,1.816
6887,Gray Scale,es,Spanish,qwen2.5-coder:7b,Escala Grises,0.827
6888,Screen size:,es,Spanish,qwen2.5-coder:7b,Tamaño de pantalla:,0.927
6889,Height 1,es,Spanish,qwen2.5-coder:7b,Altura 1,0.825
6890,Functions,es,Spanish,qwen2.5-coder:7b,Funciones,0.593
6891,Start In Terminal,es,Spanish,qwen2.5-coder:7b,Comenzar en Terminal,1.199
6892,resource,es,Spanish,qwen2.5-coder:7b,recurso,0.799
6893,Strange,es,Spanish,qwen2.5-coder:7b,Extraño,0.608
6894,Function group,es,Spanish,qwen2.5-coder:7b,Grupo de funciones,0.932
6895,Date format,es,Spanish,qwen2.5-coder:7b,Formato de fecha,0.827
6896,Property Changes,es,Spanish,qwen2.5-coder:7b,Cambios en las Propiedades,1.02
6897,& Descending,es,Spanish,qwen2.5-coder:7b,& Descendente,0.993
6898,Example.,es,Spanish,qwen2.5-coder:7b, Ejemplo.,0.834
6899,Frame Shape,es,Spanish,qwen2.5-coder:7b,Forma del marco,1.147
6900,User Identification,es,Spanish,qwen2.5-coder:7b,Identificación del Usuario,0.847
6901,Increase contrast,es,Spanish,qwen2.5-coder:7b,Aumentar contraste,1.066
6902,Function macro,es,Spanish,qwen2.5-coder:7b,Macro de función,0.901
6903,Volume accounting:,es,Spanish,qwen2.5-coder:7b,Contabilidad de volumen:,1.098
6904,Preferred accounts,es,Spanish,qwen2.5-coder:7b,Cuentas preferidas,0.913
6905,Do n't Panic,es,Spanish,qwen2.5-coder:7b,No te pongas nervioso,1.062
6906,Latvian latas,es,Spanish,qwen2.5-coder:7b,latas latinas,0.946
6907,Look Desert Theme,es,Spanish,qwen2.5-coder:7b,Ver Tema Desértico,1.268
6908,Minimum Expanding,es,Spanish,qwen2.5-coder:7b,Expansión Mínima,1.232
6909,RTF Compressed,es,Spanish,qwen2.5-coder:7b,RTF Comprimido,1.21
6910,Row source:,es,Spanish,qwen2.5-coder:7b,Origen de la fila:,1.149
6911,Rendering Intent,es,Spanish,qwen2.5-coder:7b,Intención de Renderizado,1.16
6912,Memory view,es,Spanish,qwen2.5-coder:7b,Vista de memoria,1.032
6913,New folder,es,Spanish,qwen2.5-coder:7b,Nueva carpeta,0.959
6914,Silver,es,Spanish,qwen2.5-coder:7b,Plata,0.605
6915,Main Script File,es,Spanish,qwen2.5-coder:7b,Archivo de Script Principal,1.028
6916,%1 has been exited.,es,Spanish,qwen2.5-coder:7b,%1 ha sido cerrado.,1.191
6917,View Style,es,Spanish,qwen2.5-coder:7b,Ver Estilo,0.976
6918,Go To,es,Spanish,qwen2.5-coder:7b,Ir a,0.636
6919,Color Matrix,es,Spanish,qwen2.5-coder:7b,Matriz de Color,0.804
6920,Skip Item,es,Spanish,qwen2.5-coder:7b,Omitir Elemento,1.092
6921,Letter Synchronization,es,Spanish,qwen2.5-coder:7b,Sincronización de Letras,1.198
6922,Time Tracker Component,es,Spanish,qwen2.5-coder:7b,Componente de Seguimiento de Tiempo,1.566
6923,Shutter priority,es,Spanish,qwen2.5-coder:7b,Prioridad de la cámara,1.286
6924,Average,es,Spanish,qwen2.5-coder:7b,Promedio,0.808
6925,Translated,es,Spanish,qwen2.5-coder:7b,Traducido,0.712
6926,Scan Network,es,Spanish,qwen2.5-coder:7b,Escanea Red,1.072
6927,Play Order,es,Spanish,qwen2.5-coder:7b,Orden de Juego,1.041
6928,Add Scripts,es,Spanish,qwen2.5-coder:7b,Añadir Scripts,0.905
6929,KTTS - Text-to-Speech,es,Spanish,qwen2.5-coder:7b,KTTS - Texto a Voz,1.347
6930,Events: %1,es,Spanish,qwen2.5-coder:7b,Eventos: %1,1.162
6931,Available:,es,Spanish,qwen2.5-coder:7b,Disponible:,0.779
6932,Layout mode:,es,Spanish,qwen2.5-coder:7b,Modo de diseño:,1.017
6933,(once),es,Spanish,qwen2.5-coder:7b,(una vez),0.818
6934,Boot load size:,es,Spanish,qwen2.5-coder:7b,Tamaño de carga inicial:,1.053
6935,Next Due Date,es,Spanish,qwen2.5-coder:7b,Fecha de vencimiento siguiente,1.304
6936,Server group,es,Spanish,qwen2.5-coder:7b,Grupo de servidor,0.95
6937,Bytes (Encoded):,es,Spanish,qwen2.5-coder:7b,Bytes (Codificados):,1.015
6938,Rating > =,es,Spanish,qwen2.5-coder:7b,Calificación ≥,0.966
6939,Filenames,es,Spanish,qwen2.5-coder:7b,Nombres de archivos,0.81
6940,Playlists,es,Spanish,qwen2.5-coder:7b,Listas de reproducción,0.903
6941,Camera List,es,Spanish,qwen2.5-coder:7b,Lista de Cámara,1.058
6942,Allow 8-bit encoding,es,Spanish,qwen2.5-coder:7b,Permitir codificación de 8 bits,1.569
6943,Particle gas,es,Spanish,qwen2.5-coder:7b,Gas de partículas,0.898
6944,NULL pointer,es,Spanish,qwen2.5-coder:7b,Puntero nulo,1.019
6945,Remove Items?,es,Spanish,qwen2.5-coder:7b,¿Eliminar Elementos?,1.001
6946,Device Toolbar,es,Spanish,qwen2.5-coder:7b,Barra de Herramientas del Dispositivo,1.556
6947,Suggestion List,es,Spanish,qwen2.5-coder:7b,Lista de Sugerencias,1.126
6948,Untranslated:,es,Spanish,qwen2.5-coder:7b,Sin traducir:,0.988
6949,Cook Islands,es,Spanish,qwen2.5-coder:7b,Islas Cook,0.783
6950,Using & kformula;,es,Spanish,qwen2.5-coder:7b,Usando & kformula;,1.271
6951,Print & week,es,Spanish,qwen2.5-coder:7b,Imprimir & semana,0.868
6952,Sprays graffiti,es,Spanish,qwen2.5-coder:7b,Spray de graffiti,1.046
6953,Maple,es,Spanish,qwen2.5-coder:7b,Maple,0.626
6954,No profile,es,Spanish,qwen2.5-coder:7b,No perfil,0.75
6955,Increase,es,Spanish,qwen2.5-coder:7b,Aumentar,0.697
6956,File Operations,es,Spanish,qwen2.5-coder:7b,Operaciones de Archivo,0.904
6957,velocity,es,Spanish,qwen2.5-coder:7b,velocidad,0.684
6958,& Submit tracks,es,Spanish,qwen2.5-coder:7b,&Enviar pistas,0.934
6959,Active console,es,Spanish,qwen2.5-coder:7b,Consola activa,1.071
6960,& Loop,es,Spanish,qwen2.5-coder:7b,& Repetir,0.869
6961,Messier objects,es,Spanish,qwen2.5-coder:7b,Objetos de Messier,1.124
6962,Data file,es,Spanish,qwen2.5-coder:7b,Archivo de datos,0.762
6963,Everything,es,Spanish,qwen2.5-coder:7b,Todo,0.503
6964,Gravity,es,Spanish,qwen2.5-coder:7b,Gravedad,0.729
6965,Current mixer,es,Spanish,qwen2.5-coder:7b,Mixador actual,0.925
6966,Edit Filter,es,Spanish,qwen2.5-coder:7b,Editar Filtro,0.921
6967,Body,es,Spanish,qwen2.5-coder:7b,Cuerpo,0.697
6968,Evening,es,Spanish,qwen2.5-coder:7b,Véspera,1.016
6969,Message Group,es,Spanish,qwen2.5-coder:7b,Grupo de Mensajes,1.096
6970,Reference Functions,es,Spanish,qwen2.5-coder:7b,Funciones de Referencia,0.952
6971,Zoom to 100%,es,Spanish,qwen2.5-coder:7b,Zoom a 100%,1.347
6972,http is the H yper T ext T ransfer P rotocol.,es,Spanish,qwen2.5-coder:7b,http es el protocolo de transferencia de texto hiper.,2.257
6973,Vendor String,es,Spanish,qwen2.5-coder:7b,Proveedor de Cadenas,1.135
6974,temporary,es,Spanish,qwen2.5-coder:7b,temporal,0.833
6975,Landscapes,es,Spanish,qwen2.5-coder:7b,Escenarios,0.884
6976,ImagePlugin_LensDistortion,es,Spanish,qwen2.5-coder:7b,ImagePlugin_LenteDistorsión,1.463
6977,Ship Movement,es,Spanish,qwen2.5-coder:7b,Movimiento de Barco,1.149
6978,& Skip,es,Spanish,qwen2.5-coder:7b,& Omitir,0.833
6979,Form Completion Entries,es,Spanish,qwen2.5-coder:7b,Entradas de Formulario Completo,1.216
6980,Kolab user name,es,Spanish,qwen2.5-coder:7b,Nombre de usuario de Kolab,1.152
6981,Truck shape,es,Spanish,qwen2.5-coder:7b,Forma de camión,1.107
6982,Collaboration,es,Spanish,qwen2.5-coder:7b,Colaboración,0.751
6983,Selection: %1,es,Spanish,qwen2.5-coder:7b,Selección: %1,1.15
6984,Ink Reduction,es,Spanish,qwen2.5-coder:7b,Reducción de Tinta,0.931
6985,Maximum traces:,es,Spanish,qwen2.5-coder:7b,Trazas máximas:,1.194
6986,"Make a & DCOP; call. @dcop( kmail, KMailIface, checkMail(),)",es,Spanish,qwen2.5-coder:7b,"Haz una llamada & DCOP;.@dcop( kmail, KMailIface, checkMail(),)",3.708
6987,Select Translation:,es,Spanish,qwen2.5-coder:7b,Seleccionar Traducción:,1.078
6988,Paraguayan Guarani,es,Spanish,qwen2.5-coder:7b,Guaraní paraguayo,1.179
6989,& Use KWallet,es,Spanish,qwen2.5-coder:7b,& Usar KWallet,1.068
6990,Power Consumption %1 mA,es,Spanish,qwen2.5-coder:7b,Consumo de Potencia %1 mA,1.521
6991,Loans,es,Spanish,qwen2.5-coder:7b,Préstamos,0.723
6992,Coordinate Selection,es,Spanish,qwen2.5-coder:7b,Selección de Coordenadas,1.039
6993,Size 1:,es,Spanish,qwen2.5-coder:7b,Tamaño 1:,0.989
6994,frozen,es,Spanish,qwen2.5-coder:7b,congelado,0.727
6995,Server List,es,Spanish,qwen2.5-coder:7b,Lista de Servidores,1.05
6996,Final Activity,es,Spanish,qwen2.5-coder:7b,Actividad Final,0.958
6997,ICQ Reading status,es,Spanish,qwen2.5-coder:7b,Estado de lectura de ICQ,1.197
6998,Advanced Tag/ Branch...,es,Spanish,qwen2.5-coder:7b,Etiqueta/rama avanzada...,1.202
6999,Drawing angle,es,Spanish,qwen2.5-coder:7b,Ángulo de dibujo,1.175
7000,Explanation,es,Spanish,qwen2.5-coder:7b,Explicación,0.88
7001,& Drag location:,es,Spanish,qwen2.5-coder:7b,& Arrastra la ubicación:,1.221
7002,Pause playback,es,Spanish,qwen2.5-coder:7b,Pausar reproducción,1.082
7003,observation_,es,Spanish,qwen2.5-coder:7b,observación_,0.736
7004,UNIX Users,es,Spanish,qwen2.5-coder:7b,Usuarios de UNIX,0.9
7005,Log & level:,es,Spanish,qwen2.5-coder:7b,Registro & nivel:,0.954
7006,Action Properties,es,Spanish,qwen2.5-coder:7b,Propiedades de Acción,0.961
7007,Pad 2 - Warm,es,Spanish,qwen2.5-coder:7b,Pad 2 - Caliente,1.303
7008,Highlight failed,es,Spanish,qwen2.5-coder:7b,Resaltar errores,0.91
7009,Encryption preference:,es,Spanish,qwen2.5-coder:7b,Preferencia de cifrado:,1.192
7010,Spanish (Mexico),es,Spanish,qwen2.5-coder:7b,Español (México),1.21
7011,Changes,es,Spanish,qwen2.5-coder:7b,Cambios,0.595
7012,Certificate support,es,Spanish,qwen2.5-coder:7b,Soporte de certificados,0.903
7013,Nature reserve,es,Spanish,qwen2.5-coder:7b,Reserva natural,0.714
7014,except,es,Spanish,qwen2.5-coder:7b,excepto,0.797
7015,Engineering,es,Spanish,qwen2.5-coder:7b,Ingeniería,0.857
7016,Specials,es,Spanish,qwen2.5-coder:7b,Ofertas Especiales,1.099
7017,Out of paper,es,Spanish,qwen2.5-coder:7b,Sin papel,0.855
7018,Open with & Firefox,es,Spanish,qwen2.5-coder:7b,Abrir con & Firefox,1.146
7019,Apply Patch...,es,Spanish,qwen2.5-coder:7b,Aplicar parche...,1.094
7020,Dependency,es,Spanish,qwen2.5-coder:7b,Dependencia,0.678
7021,Filesystem,es,Spanish,qwen2.5-coder:7b,Sistema de archivos,0.849
7022,Find Maximum Point,es,Spanish,qwen2.5-coder:7b,Encontrar Punto Máximo,1.406
7023,KsirK Preferences,es,Spanish,qwen2.5-coder:7b,Preferencias de KsirK,1.405
7024,Task View,es,Spanish,qwen2.5-coder:7b,Vista de Tareas,1.132
7025,Payee source,es,Spanish,qwen2.5-coder:7b,Origen del destinatario,1.211
7026,Fast Forward,es,Spanish,qwen2.5-coder:7b,Avanzar,0.718
7027,"in bytes, for example > 1000",es,Spanish,qwen2.5-coder:7b,"en bytes, por ejemplo > 1000",2.0
7028,DataSource,es,Spanish,qwen2.5-coder:7b,Origen de Datos,0.957
7029,End:,es,Spanish,qwen2.5-coder:7b,Fin:,0.681
7030,Letterhead,es,Spanish,qwen2.5-coder:7b,Carta de encabezado,1.014
7031,like,es,Spanish,qwen2.5-coder:7b,como,0.674
7032,Remote,es,Spanish,qwen2.5-coder:7b,Remoto,0.607
7033,Iraqi Dinar,es,Spanish,qwen2.5-coder:7b,Dinar iraquí,0.966
7034,Working Color Space:,es,Spanish,qwen2.5-coder:7b,Espacio de Color en Uso:,1.322
7035,& Height:,es,Spanish,qwen2.5-coder:7b,& Altura:,0.789
7036,Agency number,es,Spanish,qwen2.5-coder:7b,Número de agencia,0.9
7037,End activity,es,Spanish,qwen2.5-coder:7b,Finalizar actividad,0.885
7038,Unknown track,es,Spanish,qwen2.5-coder:7b,Ruta desconocida,1.104
7039,Show high scores,es,Spanish,qwen2.5-coder:7b,Mostrar puntuaciones altas,1.214
7040,Working with & umbrello;,es,Spanish,qwen2.5-coder:7b,Trabajando con & umbrello;,1.46
7041,Single player,es,Spanish,qwen2.5-coder:7b,Jugador solo,0.74
7042,Look and feel,es,Spanish,qwen2.5-coder:7b,Apariencia y feel,1.192
7043,Data Structure,es,Spanish,qwen2.5-coder:7b,Estructura de Datos,0.938
7044,AutoStart Configuration,es,Spanish,qwen2.5-coder:7b,Configuración de AutoInicio,1.059
7045,Accept friendship,es,Spanish,qwen2.5-coder:7b,Aceptar amistad,0.993
7046,Task selection,es,Spanish,qwen2.5-coder:7b,Selección de tareas,0.923
7047,& Anonymous,es,Spanish,qwen2.5-coder:7b,& Anónimo,0.81
7048,Duplicate Entry,es,Spanish,qwen2.5-coder:7b,Entrada Duplicada,1.118
7049,Squaring,es,Spanish,qwen2.5-coder:7b,Potenciación,0.951
7050,Music Theory,es,Spanish,qwen2.5-coder:7b,Teoría Musical,1.008
7051,Yearly Budget,es,Spanish,qwen2.5-coder:7b,Presupuesto Anual,0.922
7052,& Code Environment,es,Spanish,qwen2.5-coder:7b,& Entorno de Código,0.92
7053,paused,es,Spanish,qwen2.5-coder:7b,pausado,0.709
7054,& Language is:,es,Spanish,qwen2.5-coder:7b,& Idioma es:,1.035
7055,Vector Drawing,es,Spanish,qwen2.5-coder:7b,Dibujo Vectorial,0.947
7056,Calls,es,Spanish,qwen2.5-coder:7b,Llamadas,0.704
7057,& Group size:,es,Spanish,qwen2.5-coder:7b,& Tamaño del grupo:,1.083
7058,& Layer,es,Spanish,qwen2.5-coder:7b,& Capa,0.706
7059,Address Selection,es,Spanish,qwen2.5-coder:7b,Selección de Dirección,0.98
7060,Dolphin View Modes,es,Spanish,qwen2.5-coder:7b,Modos de Vista de Dolphin,1.373
7061,New Account,es,Spanish,qwen2.5-coder:7b,Nueva Cuenta,0.988
7062,Lead 4 - Chiflead,es,Spanish,qwen2.5-coder:7b,Conduzca 4 - Chiflead,1.758
7063,Nepomuk Desktop Search Runner,es,Spanish,qwen2.5-coder:7b,Buscador de Escritorio Nepomuk,1.8
7064,Anytime,es,Spanish,qwen2.5-coder:7b,En cualquier momento,0.948
7065,Batch Process,es,Spanish,qwen2.5-coder:7b,Proceso por lotes,0.925
7066,Side Pane,es,Spanish,qwen2.5-coder:7b,Panel Lateral,0.739
7067,Tagger Delete,es,Spanish,qwen2.5-coder:7b,Etiquetador Eliminar,1.34
7068,Equal to,es,Spanish,qwen2.5-coder:7b,Igual a,0.855
7069,Failed to create folder,es,Spanish,qwen2.5-coder:7b,Error al crear la carpeta,1.313
7070,introduction,es,Spanish,qwen2.5-coder:7b,introducción,0.945
7071,Increase:,es,Spanish,qwen2.5-coder:7b,Aumentar:,0.789
7072,Data View.,es,Spanish,qwen2.5-coder:7b,Vista de Datos.,1.017
7073,E Orientation East,es,Spanish,qwen2.5-coder:7b,Orientación Este,1.082
7074,Element Size,es,Spanish,qwen2.5-coder:7b,Tamaño del Elemento,1.016
7075,Shadow password file:,es,Spanish,qwen2.5-coder:7b,Archivo de contraseña oculta:,1.147
7076,Setuid User: %1,es,Spanish,qwen2.5-coder:7b,Usuario Setuid: %1,1.348
7077,Stage,es,Spanish,qwen2.5-coder:7b,Escenario,0.603
7078,Actions Toolbar,es,Spanish,qwen2.5-coder:7b,Barra de Acciones,1.169
7079,Cover manager,es,Spanish,qwen2.5-coder:7b,Administrador de cubiertas,1.264
7080,backup copy,es,Spanish,qwen2.5-coder:7b,copia de seguridad,1.079
7081,Navigating Modules,es,Spanish,qwen2.5-coder:7b,Navegando Módulos,1.286
7082,Pictures path:,es,Spanish,qwen2.5-coder:7b,Ruta de las imágenes:,1.131
7083,Lecture Properties,es,Spanish,qwen2.5-coder:7b,Propiedades de la Lectura,1.108
7084,SliderHandle,es,Spanish,qwen2.5-coder:7b,ManejoDeslizante,1.14
7085,Credits:,es,Spanish,qwen2.5-coder:7b,Agradecimientos:,0.912
7086,22nd Last,es,Spanish,qwen2.5-coder:7b,22º Último,1.399
7087,Height Field,es,Spanish,qwen2.5-coder:7b,Campo de Altura,0.83
7088,Water level:,es,Spanish,qwen2.5-coder:7b,nivel de agua:,0.918
7089,Payee:,es,Spanish,qwen2.5-coder:7b,Receptor:,0.801
7090,& Your name:,es,Spanish,qwen2.5-coder:7b,& Tu nombre:,0.817
7091,Search Bar,es,Spanish,qwen2.5-coder:7b,Barra de búsqueda,1.019
7092,& Copy...,es,Spanish,qwen2.5-coder:7b,& Copiar...,0.799
7093,The [Shutdown] section of & kdmrc;,es,Spanish,qwen2.5-coder:7b,La sección [Apagar] de & kdmrc;,2.186
7094,Stacker,es,Spanish,qwen2.5-coder:7b,Pila,0.633
7095,WEP key:,es,Spanish,qwen2.5-coder:7b,Clave WEP:,1.107
7096,Frame color & 1:,es,Spanish,qwen2.5-coder:7b,Color del marco & 1:,1.386
7097,Game Description,es,Spanish,qwen2.5-coder:7b,Descripción del Juego,1.111
7098,Digest,es,Spanish,qwen2.5-coder:7b,Digest,0.508
7099,new_field,es,Spanish,qwen2.5-coder:7b,nuevo_campo,0.822
7100,Network Watcher,es,Spanish,qwen2.5-coder:7b,Observador de Red,1.045
7101,Window Decorations,es,Spanish,qwen2.5-coder:7b,Decoraciones de Ventana,1.107
7102,& quantaplus; Development Team,es,Spanish,qwen2.5-coder:7b,& quantaplus; Equipo de Desarrollo,1.65
7103,"Starting ""%1""...",es,Spanish,qwen2.5-coder:7b,"Iniciando ""%1""...",1.155
7104,Edit Modem:,es,Spanish,qwen2.5-coder:7b,Editar Modem:,0.975
7105,Simple test,es,Spanish,qwen2.5-coder:7b,Prueba simple,0.747
7106,Gas Calculator,es,Spanish,qwen2.5-coder:7b,Calculadora de Combustible,1.037
7107,Round:,es,Spanish,qwen2.5-coder:7b,Redondeo:,0.875
7108,Whole words,es,Spanish,qwen2.5-coder:7b,Palabras completas,0.996
7109,Preparation Time,es,Spanish,qwen2.5-coder:7b,Tiempo de Preparación,1.079
7110,delete,es,Spanish,qwen2.5-coder:7b,eliminar,0.69
7111,Area Name...,es,Spanish,qwen2.5-coder:7b,Nombre del Área...,0.797
7112,LightSkyBlue,es,Spanish,qwen2.5-coder:7b,AuroraCeleste,0.919
7113,& Policy,es,Spanish,qwen2.5-coder:7b,& Política,0.66
7114,Signed,es,Spanish,qwen2.5-coder:7b,Firmado,0.749
7115,Printer Setting,es,Spanish,qwen2.5-coder:7b,Configuración de Impresora,1.123
7116,Image Practice,es,Spanish,qwen2.5-coder:7b,Práctica de Imágenes,1.012
7117,Pure DOM Tree,es,Spanish,qwen2.5-coder:7b,Árbol DOM Puro,1.028
7118,Rename Format:,es,Spanish,qwen2.5-coder:7b,Formato de Renombrado:,1.284
7119,Group Properties,es,Spanish,qwen2.5-coder:7b,Propiedades del Grupo,0.801
7120,Game Over!,es,Spanish,qwen2.5-coder:7b,¡Juego Terminado!,1.044
7121,Required tools:,es,Spanish,qwen2.5-coder:7b, Herramientas requeridas:,1.143
7122,Suspend,es,Spanish,qwen2.5-coder:7b,Pausar,0.862
7123,Speech Synthesizer Frontend,es,Spanish,qwen2.5-coder:7b,Interfaz del sintetizador de voz,1.703
7124,Grid color,es,Spanish,qwen2.5-coder:7b,Color de cuadrícula,1.23
7125,Replies,es,Spanish,qwen2.5-coder:7b,Respuestas,0.634
7126,description,es,Spanish,qwen2.5-coder:7b,descripción,0.893
7127,Force Field:,es,Spanish,qwen2.5-coder:7b,Campo de Fuerza:,1.096
7128,Legal Frame Size,es,Spanish,qwen2.5-coder:7b,Marco Legal,0.831
7129,Rel. Humidity:,es,Spanish,qwen2.5-coder:7b,Hum. Rel:,0.959
7130,Current Sentence,es,Spanish,qwen2.5-coder:7b,Oración Actual,0.906
7131,Account Details,es,Spanish,qwen2.5-coder:7b,Detalles de Cuenta,0.924
7132,Unique Constraint...,es,Spanish,qwen2.5-coder:7b,Restricción Única...,1.296
7133,fraction,es,Spanish,qwen2.5-coder:7b,fracción,0.58
7134,Color separations,es,Spanish,qwen2.5-coder:7b,Separaciones de color,0.853
7135,Svg filename,es,Spanish,qwen2.5-coder:7b,Nombre de archivo SVG,0.796
7136,Temperature Alarm,es,Spanish,qwen2.5-coder:7b,Alarma de Temperatura,1.137
7137,& Degree,es,Spanish,qwen2.5-coder:7b,& Grado,0.718
7138,Enter,es,Spanish,qwen2.5-coder:7b,Introduce,0.799
7139,Serial Type,es,Spanish,qwen2.5-coder:7b,Tipo de Serie,0.891
7140,Size 2:,es,Spanish,qwen2.5-coder:7b,Tamaño 2:,0.975
7141,This is the path to vpnc-connect,es,Spanish,qwen2.5-coder:7b,Esta es la ruta para vpnc-connect,1.572
7142,Foreground,es,Spanish,qwen2.5-coder:7b,Primario,0.755
7143,Edit Contact...,es,Spanish,qwen2.5-coder:7b,Editar Contacto...,0.892
7144,Protected EAP (PEAP),es,Spanish,qwen2.5-coder:7b,EAP Protegido (PEAP),1.411
7145,Channel event,es,Spanish,qwen2.5-coder:7b,Evento de canal,0.898
7146,Operating systems:,es,Spanish,qwen2.5-coder:7b,Los sistemas operativos:,0.982
7147,Selected Tracks,es,Spanish,qwen2.5-coder:7b,Selección de pistas,1.169
7148,Post-text:,es,Spanish,qwen2.5-coder:7b,Texto posterior:,0.878
7149,ImagePlugin_LensCorrection,es,Spanish,qwen2.5-coder:7b,ImagePlugin_CorrecciónDeLente,1.736
7150,Softweave (Driver internal),es,Spanish,qwen2.5-coder:7b,Softweave (Driver interno),1.468
7151,Lower Sorbian,es,Spanish,qwen2.5-coder:7b,Baška Sorbian,1.128
7152,& Usage expression:,es,Spanish,qwen2.5-coder:7b,& Uso de expresión:,1.13
7153,Query:,es,Spanish,qwen2.5-coder:7b,Consulta:,0.745
7154,(Paused),es,Spanish,qwen2.5-coder:7b,(Pausado),0.839
7155,XY rotation speed,es,Spanish,qwen2.5-coder:7b,Velocidad de rotación XY,1.345
7156,Display Options,es,Spanish,qwen2.5-coder:7b,Opciones de Visualización,0.926
7157,LightSteelBlue1,es,Spanish,qwen2.5-coder:7b,AzulMetal1,1.063
7158,Password:,es,Spanish,qwen2.5-coder:7b,Contraseña:,0.696
7159,Auto assignment,es,Spanish,qwen2.5-coder:7b,Asignación automática,0.985
7160,Start time,es,Spanish,qwen2.5-coder:7b,Hora de inicio,0.736
7161,Default Route,es,Spanish,qwen2.5-coder:7b,Ruta predeterminada,0.924
7162,Black & White,es,Spanish,qwen2.5-coder:7b,Negro y blanco,0.843
7163,Document Password,es,Spanish,qwen2.5-coder:7b,Contraseña del Documento,0.899
7164,6: Absolute Value,es,Spanish,qwen2.5-coder:7b,6: Valor Absoluto,1.321
7165,Default height:,es,Spanish,qwen2.5-coder:7b,Altura predeterminada:,1.1
7166,Resource dialog,es,Spanish,qwen2.5-coder:7b,Diálogo de recursos,1.092
7167,All Styles,es,Spanish,qwen2.5-coder:7b,Todos los Estilos,1.019
7168,Noise Reduction,es,Spanish,qwen2.5-coder:7b,Reducción de Ruido,0.906
7169,Offering,es,Spanish,qwen2.5-coder:7b,Ofreciendo,0.909
7170,KDE Wallet Manager,es,Spanish,qwen2.5-coder:7b,Administrador de Cartera KDE,1.36
7171,typewriting,es,Spanish,qwen2.5-coder:7b,escribir con teclado,1.265
7172,Port Settings,es,Spanish,qwen2.5-coder:7b,Ajustes de Puerto,1.017
7173,& Crashes,es,Spanish,qwen2.5-coder:7b,& Incidentes,0.898
7174,Edit Script,es,Spanish,qwen2.5-coder:7b,Editar Script,0.889
7175,Initialization string %1:,es,Spanish,qwen2.5-coder:7b,String de inicialización %1:,1.299
7176,Distortion,es,Spanish,qwen2.5-coder:7b,Distorsión,0.728
7177,Department Name,es,Spanish,qwen2.5-coder:7b,Nombre del Departamento,0.815
7178,vpnc capabilities: %1,es,Spanish,qwen2.5-coder:7b,funcionalidades de vpnc: %1,1.673
7179,Preferred Style Sheet:,es,Spanish,qwen2.5-coder:7b,Estilo de hoja de estilo preferido:,1.541
7180,The Anal & XML; Guy & Documentation,es,Spanish,qwen2.5-coder:7b,El Anal & XML; Guy & Documentación,1.735
7181,Xsldbg Source Files,es,Spanish,qwen2.5-coder:7b,Archivos fuente Xsldbg,1.523
7182,Shake Blur,es,Spanish,qwen2.5-coder:7b,Desenfoque de sacudida,1.462
7183,Message Tags,es,Spanish,qwen2.5-coder:7b,Etiquetas de Mensaje,1.065
7184,Tape unmounted.,es,Spanish,qwen2.5-coder:7b,Desmontaje de cinta terminado.,1.472
7185,Adding Holes,es,Spanish,qwen2.5-coder:7b,Añadiendo agujeros,1.204
7186,New Filter,es,Spanish,qwen2.5-coder:7b,Nuevo Filtro,0.902
7187,Exposure Indicators,es,Spanish,qwen2.5-coder:7b,Indicadores de Exposición,1.089
7188,Telescope,es,Spanish,qwen2.5-coder:7b,Telescopio,0.813
7189,From & file,es,Spanish,qwen2.5-coder:7b,Desde & archivo,0.944
7190,Beginner Speed,es,Spanish,qwen2.5-coder:7b,Velocidad Inicial,1.123
7191,Category list,es,Spanish,qwen2.5-coder:7b,Lista de categorías,1.036
7192,Top Margin,es,Spanish,qwen2.5-coder:7b,Margen Superior,0.762
7193,Performance Settings,es,Spanish,qwen2.5-coder:7b,Ajustes de rendimiento,1.199
7194,& Exit,es,Spanish,qwen2.5-coder:7b,& Salir,0.784
7195,Hungarian forint,es,Spanish,qwen2.5-coder:7b,Húngaro forint,1.048
7196,Nepomuk PIMO annotation plugin,es,Spanish,qwen2.5-coder:7b,Complemento de anotación PIMO de Nepomuk,2.095
7197,11th Last,es,Spanish,qwen2.5-coder:7b,11º Último,1.423
7198,Track Altitude:,es,Spanish,qwen2.5-coder:7b,Altitud de la traza:,1.279
7199,Function & 4:,es,Spanish,qwen2.5-coder:7b,Función & 4:,1.167
7200,"Delete item ""%1""?",es,Spanish,qwen2.5-coder:7b,"¿Eliminar elemento ""%1""?",1.184
7201,Passed,es,Spanish,qwen2.5-coder:7b,Aprobado,0.657
7202,& Horizontally,es,Spanish,qwen2.5-coder:7b,& Horizontalmente,0.827
7203,< Merge >,es,Spanish,qwen2.5-coder:7b,< Mezclar >,1.039
7204,today,es,Spanish,qwen2.5-coder:7b,hoy,0.722
7205,Data tool,es,Spanish,qwen2.5-coder:7b,Herramienta de datos,1.134
7206,Dock position:,es,Spanish,qwen2.5-coder:7b,Posición del panel:,1.067
7207,& Underlined,es,Spanish,qwen2.5-coder:7b,& Subrayado,0.883
7208,elapsed:,es,Spanish,qwen2.5-coder:7b,transcurrido:,0.899
7209,No Institution,es,Spanish,qwen2.5-coder:7b,Ninguna Institución,0.994
7210,Restrictions,es,Spanish,qwen2.5-coder:7b,Restricciones,0.821
7211,1/ 60 Hour = 1 Minute,es,Spanish,qwen2.5-coder:7b,1/ 60 Hora = 1 Minuto,1.837
7212,No Private Key,es,Spanish,qwen2.5-coder:7b,No Clave Privada,1.023
7213,Edit Details...,es,Spanish,qwen2.5-coder:7b,Editar Detalles...,0.903
7214,Wind & speed:,es,Spanish,qwen2.5-coder:7b,Viento & velocidad:,1.039
7215,Cannot start %1:,es,Spanish,qwen2.5-coder:7b,No se puede iniciar %1:,1.181
7216,KnownX,es,Spanish,qwen2.5-coder:7b,ConocidoX,0.835
7217,down,es,Spanish,qwen2.5-coder:7b,abajo,0.499
7218,File/ Folder,es,Spanish,qwen2.5-coder:7b,Archivo/Carpeta,0.922
7219,KAB GMX XXPort Plugin,es,Spanish,qwen2.5-coder:7b,KAB GMX XXPort Plugin,1.563
7220,Files: %1,es,Spanish,qwen2.5-coder:7b,Archivos: %1,1.177
7221,Cisco - Government Building,es,Spanish,qwen2.5-coder:7b,Cisco - Edificio gubernamental,1.063
7222,Startup Settings.,es,Spanish,qwen2.5-coder:7b,Configuración de inicio.,1.086
7223,File Selection,es,Spanish,qwen2.5-coder:7b,Selección de archivo,0.83
7224,Add Preview,es,Spanish,qwen2.5-coder:7b,Añadir Vista Previa,1.188
7225,Certificate password:,es,Spanish,qwen2.5-coder:7b,Contraseña del certificado:,1.036
7226,Amarok is paused,es,Spanish,qwen2.5-coder:7b,Amarok está pausado,1.359
7227,Filter name:,es,Spanish,qwen2.5-coder:7b,Nombre del filtro:,0.962
7228,Spanish (Uruguay),es,Spanish,qwen2.5-coder:7b,Español (Uruguay),1.232
7229,Enter entry name:,es,Spanish,qwen2.5-coder:7b,Introduce el nombre de la entrada:,1.412
7230,Shutdown Dialog,es,Spanish,qwen2.5-coder:7b,Diálogo de Apagón,1.397
7231,Colors Settings,es,Spanish,qwen2.5-coder:7b,Ajustes de Colores,1.17
7232,Event Actions,es,Spanish,qwen2.5-coder:7b,Acciones de Evento,1.156
7233,Certificate:,es,Spanish,qwen2.5-coder:7b,Certificado:,0.784
7234,Using Plugins,es,Spanish,qwen2.5-coder:7b,Usando Plugins,0.906
7235,Uranium,es,Spanish,qwen2.5-coder:7b,Uranio,0.74
7236,New South Wales - Yancowinna,es,Spanish,qwen2.5-coder:7b,Nueva Gales del Sur - Yancowinna,1.922
7237,Keywords,es,Spanish,qwen2.5-coder:7b,Palabras clave,0.695
7238,Expiration time,es,Spanish,qwen2.5-coder:7b,Tiempo de expiración,0.992
7239,%1 as well as %2,es,Spanish,qwen2.5-coder:7b,%1 también como %2,1.313
7240,Fractal Maps,es,Spanish,qwen2.5-coder:7b,Mapas Fractales,1.01
7241,Type of Output,es,Spanish,qwen2.5-coder:7b,Tipo de Salida,1.082
7242,Whirl,es,Spanish,qwen2.5-coder:7b,Vuelta,0.978
7243,Construct,es,Spanish,qwen2.5-coder:7b,Construir,0.943
7244,Target location:,es,Spanish,qwen2.5-coder:7b,Ubicación objetivo:,1.073
7245,Mouse Gesture Action,es,Spanish,qwen2.5-coder:7b,Acción de Gestura del Ratón,1.515
7246,"Color, fast, CMYK",es,Spanish,qwen2.5-coder:7b,"Color, rápido, CMYK",1.451
7247,Tools Equalizer,es,Spanish,qwen2.5-coder:7b,Equalizador de Herramientas,1.227
7248,Reverse,es,Spanish,qwen2.5-coder:7b,Reverso,0.92
7249,AudioCd Collection,es,Spanish,qwen2.5-coder:7b,Recolección de Discos de Audio CD,1.584
7250,Date start,es,Spanish,qwen2.5-coder:7b,Fecha de inicio,0.937
7251,Script Manager...,es,Spanish,qwen2.5-coder:7b,Administrador de Scripts...,0.998
7252,Uzbekistani Sum,es,Spanish,qwen2.5-coder:7b,Somoni uzbeko,0.959
7253,Spray brush,es,Spanish,qwen2.5-coder:7b,Brocha de spray,0.843
7254,Exponential,es,Spanish,qwen2.5-coder:7b,Exponencial,0.708
7255,& Case sensitive,es,Spanish,qwen2.5-coder:7b,& Sensitive a mayúsculas y minúsculas,1.829
7256,& Admin users:,es,Spanish,qwen2.5-coder:7b,& Usuarios administradores:,0.987
7257,Gantt Chart Settings,es,Spanish,qwen2.5-coder:7b,Ajustes de Gráfico de Gantt,1.491
7258,Message template for reply,es,Spanish,qwen2.5-coder:7b,Plantilla de mensaje para respuesta,1.257
7259,& Large,es,Spanish,qwen2.5-coder:7b,& Grande,0.637
7260,MinPlayers,es,Spanish,qwen2.5-coder:7b,MinJugadores,1.131
7261,print X,es,Spanish,qwen2.5-coder:7b,imprimir X,0.917
7262,Release,es,Spanish,qwen2.5-coder:7b,Liberar,0.785
7263,Delete Pixmap,es,Spanish,qwen2.5-coder:7b,Eliminar Pixmap,0.958
7264,Italics,es,Spanish,qwen2.5-coder:7b,Itálicos,0.79
7265,Icon Size:,es,Spanish,qwen2.5-coder:7b,Icono Tamaño:,1.074
7266,Recommended:,es,Spanish,qwen2.5-coder:7b,Recomendado:,1.009
7267,Counter proposal: %1,es,Spanish,qwen2.5-coder:7b,Propuesta alternativa: %1,1.25
7268,Phone overview,es,Spanish,qwen2.5-coder:7b,Resumen del teléfono,1.113
7269,Other & Licenses,es,Spanish,qwen2.5-coder:7b,Otros & Licencias,0.992
7270,pppd is missing,es,Spanish,qwen2.5-coder:7b,pppd está ausente,1.145
7271,· (#183;) Middle dot,es,Spanish,qwen2.5-coder:7b,· (#183;) Punto medio,1.497
7272,Anonymous,es,Spanish,qwen2.5-coder:7b,Anónimo,0.696
7273,Using & kalzium;,es,Spanish,qwen2.5-coder:7b,Usando & kalzium;,1.341
7274,Image directory,es,Spanish,qwen2.5-coder:7b,Directorio de imágenes,0.996
7275,Global language:,es,Spanish,qwen2.5-coder:7b,Idioma global:,1.002
7276,Expenses,es,Spanish,qwen2.5-coder:7b,Gastos,0.613
7277,central Crimea,es,Spanish,qwen2.5-coder:7b,Crimea central,0.903
7278,street,es,Spanish,qwen2.5-coder:7b,calle,0.694
7279,Central Buffer,es,Spanish,qwen2.5-coder:7b,Buffer Central,0.851
7280,Register balance as of %1,es,Spanish,qwen2.5-coder:7b,Registrar el saldo como de %1,1.47
7281,& Flashcards,es,Spanish,qwen2.5-coder:7b,& Tarjetas,0.856
7282,Series Number,es,Spanish,qwen2.5-coder:7b,Número de Serie,0.75
7283,Abbreviations,es,Spanish,qwen2.5-coder:7b,Acrónimos,0.858
7284,& Design,es,Spanish,qwen2.5-coder:7b,& Diseño,0.714
7285,Area name:,es,Spanish,qwen2.5-coder:7b,Nombre del área:,0.833
7286,Comments:,es,Spanish,qwen2.5-coder:7b,Comentarios:,0.77
7287,Raster Image,es,Spanish,qwen2.5-coder:7b,Imagen Raster,0.718
7288,Replace %1 with %2?,es,Spanish,qwen2.5-coder:7b,Reemplazar %1 con %2?,1.548
7289,Throw away,es,Spanish,qwen2.5-coder:7b,Descartar,0.895
7290,Outline tiles,es,Spanish,qwen2.5-coder:7b,Esquema de las fichas,1.288
7291,Web Development,es,Spanish,qwen2.5-coder:7b,Desarrollo Web,0.813
7292,Color Treatment,es,Spanish,qwen2.5-coder:7b,Tratamiento de Color,1.096
7293,Eject medium,es,Spanish,qwen2.5-coder:7b,Expulsar medio,1.036
7294,& Print,es,Spanish,qwen2.5-coder:7b,& Imprimir,0.749
7295,(usually X),es,Spanish,qwen2.5-coder:7b,(generalmente X),1.023
7296,& XML; Validation,es,Spanish,qwen2.5-coder:7b,& XML; Validación,1.081
7297,New To-do,es,Spanish,qwen2.5-coder:7b,Nuevo To-do,0.972
7298,Sidebar Media Player,es,Spanish,qwen2.5-coder:7b,Reproductor de Medios en el Panel Lateral,1.745
7299,Destination folder:,es,Spanish,qwen2.5-coder:7b,Carpetas de destino:,1.106
7300,XML Transformer,es,Spanish,qwen2.5-coder:7b,Transformador XML,0.712
7301,Play:,es,Spanish,qwen2.5-coder:7b,Reproducir:,0.963
7302,Track Progress,es,Spanish,qwen2.5-coder:7b,Seguimiento de Progreso,1.224
7303,Write CD-TEXT,es,Spanish,qwen2.5-coder:7b,Escribe CD-TEXT,1.023
7304,Local name:,es,Spanish,qwen2.5-coder:7b,Nombre local:,0.728
7305,UserInfo,es,Spanish,qwen2.5-coder:7b,Info de Usuario,0.885
7306,Stored Data,es,Spanish,qwen2.5-coder:7b,Datos Almacenados,0.798
7307,Package Manager,es,Spanish,qwen2.5-coder:7b,Administrador de Paquetes,1.16
7308,What are...,es,Spanish,qwen2.5-coder:7b,¿Qué son...,0.931
7309,Green Curve,es,Spanish,qwen2.5-coder:7b,Curva Verde,0.726
7310,StpBrightness,es,Spanish,qwen2.5-coder:7b,Brillo,0.87
7311,Collection Fields,es,Spanish,qwen2.5-coder:7b,Campos de Colección,1.161
7312,& End of Line,es,Spanish,qwen2.5-coder:7b,& Fin de línea,0.993
7313,unknown,es,Spanish,qwen2.5-coder:7b,desconocido,0.855
7314,Personal Organizer,es,Spanish,qwen2.5-coder:7b,Organizador Personal,0.727
7315,& Security:,es,Spanish,qwen2.5-coder:7b,& Seguridad:,0.811
7316,Trunk road,es,Spanish,qwen2.5-coder:7b,Carretera principal,1.054
7317,in progress,es,Spanish,qwen2.5-coder:7b,en progreso,0.94
7318,& Script Manager,es,Spanish,qwen2.5-coder:7b,& Administrador de Scripts,1.064
7319,& Recent Scans,es,Spanish,qwen2.5-coder:7b,& Últimos Escaneos,1.417
7320,Printer Name,es,Spanish,qwen2.5-coder:7b,Nombre del Impresor,0.99
7321,Akonadi PIM data engine,es,Spanish,qwen2.5-coder:7b,Motor de datos PIM de Akonadi,1.764
7322,Strike out,es,Spanish,qwen2.5-coder:7b,Tachar,0.753
7323,thistle,es,Spanish,qwen2.5-coder:7b,espinilla,0.724
7324,How to obtain & kommander;,es,Spanish,qwen2.5-coder:7b,¿Cómo obtener & kommander;,1.481
7325,Name resolve order:,es,Spanish,qwen2.5-coder:7b,Orden de resolución de nombres:,1.297
7326,& Operating systems,es,Spanish,qwen2.5-coder:7b,& Sistemas operativos,1.13
7327,Selection mask:,es,Spanish,qwen2.5-coder:7b,Máscara de selección:,1.343
7328,actions,es,Spanish,qwen2.5-coder:7b,acciones,0.541
7329,Size.,es,Spanish,qwen2.5-coder:7b,Tamaño.,0.678
7330,Image Description:,es,Spanish,qwen2.5-coder:7b,Descripción de la imagen:,1.1
7331,Server administrator:,es,Spanish,qwen2.5-coder:7b,Administrador del servidor:,0.998
7332,Ingredient 1,es,Spanish,qwen2.5-coder:7b,Ingrediente 1,0.943
7333,Object Library,es,Spanish,qwen2.5-coder:7b,Librería de Objetos,1.314
7334,Project Location,es,Spanish,qwen2.5-coder:7b,Ubicación del Proyecto,1.2
7335,Usenet News Reader,es,Spanish,qwen2.5-coder:7b,Lector de Noticias de Usenet,1.283
7336,(no value),es,Spanish,qwen2.5-coder:7b,(ningún valor),0.971
7337,not opened: %1 (%2),es,Spanish,qwen2.5-coder:7b,no abierto: %1 (%2),1.657
7338,Checking tun device support,es,Spanish,qwen2.5-coder:7b,Verificando soporte de dispositivo tun,1.455
7339,From cursor,es,Spanish,qwen2.5-coder:7b,Desde el cursor,0.892
7340,Notices,es,Spanish,qwen2.5-coder:7b,Avisos,0.727
7341,Using Watches,es,Spanish,qwen2.5-coder:7b,Usando Relojos,1.083
7342,Authentication domain,es,Spanish,qwen2.5-coder:7b,Dominio de autenticación,1.023
7343,Structure Tree,es,Spanish,qwen2.5-coder:7b,Árbol de Estructura,1.351
7344,& Transfer,es,Spanish,qwen2.5-coder:7b,& Transfer,0.633
7345,DatabaseList,es,Spanish,qwen2.5-coder:7b,Lista de Bases de Datos,1.28
7346,& Themes,es,Spanish,qwen2.5-coder:7b,& Temas,0.729
7347,& Profile name:,es,Spanish,qwen2.5-coder:7b,& Nombre del perfil:,0.927
7348,Animations,es,Spanish,qwen2.5-coder:7b,Animaciones,0.815
7349,Configuration description files,es,Spanish,qwen2.5-coder:7b,Archivos de descripción de configuración,1.47
7350,[%1] has been deleted,es,Spanish,qwen2.5-coder:7b,[%1] ha sido eliminado,1.499
7351,Does Contain,es,Spanish,qwen2.5-coder:7b,Contiene,0.891
7352,certificate password,es,Spanish,qwen2.5-coder:7b,contraseña del certificado,1.142
7353,& Year:,es,Spanish,qwen2.5-coder:7b,& Año:,0.827
7354,Contrast Slider,es,Spanish,qwen2.5-coder:7b,Deslizador de Contraste,1.083
7355,Add Entry,es,Spanish,qwen2.5-coder:7b,Añadir Entrada,1.007
7356,Two Staples,es,Spanish,qwen2.5-coder:7b,Dos Clavos,0.801
7357,The vocabulary file,es,Spanish,qwen2.5-coder:7b,El archivo de vocabulario,1.114
7358,High Contrast,es,Spanish,qwen2.5-coder:7b,Alto Contraste,1.015
7359,Server user,es,Spanish,qwen2.5-coder:7b,Usuario del servidor,0.98
7360,72 MB or more,es,Spanish,qwen2.5-coder:7b,72 MB o más,1.022
7361,Desktop Configuration Editor,es,Spanish,qwen2.5-coder:7b,Editor de Configuración de Escritorio,1.306
7362,Subtitle Settings,es,Spanish,qwen2.5-coder:7b,Ajustes de subtítulos,1.19
7363,Target Indicator,es,Spanish,qwen2.5-coder:7b,Indicador de Objetivo,1.107
7364,Dice Game,es,Spanish,qwen2.5-coder:7b,Juego de Dados,0.914
7365,1 Suit (Easy),es,Spanish,qwen2.5-coder:7b,1 Conjunto (Fácil),1.261
7366,The Tools Menu,es,Spanish,qwen2.5-coder:7b,El Menú de Herramientas,1.361
7367,Number,es,Spanish,qwen2.5-coder:7b,Número,0.502
7368,Task Description,es,Spanish,qwen2.5-coder:7b,Descripción de la tarea,1.107
7369,Printing system,es,Spanish,qwen2.5-coder:7b,Sistema de impresión,0.904
7370,& Help,es,Spanish,qwen2.5-coder:7b,& Ayuda,0.736
7371,News Management Mode,es,Spanish,qwen2.5-coder:7b,Modo de Gestión de Noticias,1.469
7372,Path List,es,Spanish,qwen2.5-coder:7b,Lista de Rutas,0.98
7373,chart,es,Spanish,qwen2.5-coder:7b,grafico,0.801
7374,Predictor:,es,Spanish,qwen2.5-coder:7b,Predicción:,0.921
7375,samplerate,es,Spanish,qwen2.5-coder:7b,tasa de muestreo,1.24
7376,Exception Dates,es,Spanish,qwen2.5-coder:7b,Excepciones de Fecha,1.164
7377,compare,es,Spanish,qwen2.5-coder:7b,comparar,0.942
7378,vpnclient: %1,es,Spanish,qwen2.5-coder:7b,vpnclient: %1,1.039
7379,Grey,es,Spanish,qwen2.5-coder:7b,Gris,0.606
7380,Vocabulary Editor,es,Spanish,qwen2.5-coder:7b,Editor de Vocabulario,0.966
7381,Actions:,es,Spanish,qwen2.5-coder:7b,Acciones:,0.823
7382,Brightness value:,es,Spanish,qwen2.5-coder:7b,Valor de brillo:,1.06
7383,Print Assistant,es,Spanish,qwen2.5-coder:7b,Asistente de Impresión,1.133
7384,Summatory,es,Spanish,qwen2.5-coder:7b,Sumatorio,0.861
7385,Modified,es,Spanish,qwen2.5-coder:7b,Modificado,0.609
7386,Partial,es,Spanish,qwen2.5-coder:7b,Parcial,0.616
7387,Movie Properties,es,Spanish,qwen2.5-coder:7b,Propiedades de la Película,1.102
7388,Stock Chart,es,Spanish,qwen2.5-coder:7b,Gráfico de Inventario,0.907
7389,Core developer,es,Spanish,qwen2.5-coder:7b,Desarrollador principal,0.938
7390,Editing Area,es,Spanish,qwen2.5-coder:7b,Área de Edición,1.109
7391,Tabbing,es,Spanish,qwen2.5-coder:7b,Tabulación,0.89
7392,Difficulty level,es,Spanish,qwen2.5-coder:7b,Nivel de dificultad,1.001
7393,Maximum size:,es,Spanish,qwen2.5-coder:7b,Tamaño máximo:,0.815
7394,Grown-up Timer,es,Spanish,qwen2.5-coder:7b,Temporizador para adultos,1.13
7395,Key Selection,es,Spanish,qwen2.5-coder:7b,Selección de Clave,0.913
7396,Lead 5 - Charang,es,Spanish,qwen2.5-coder:7b,Líder 5 - Charang,1.414
7397,QIF Files,es,Spanish,qwen2.5-coder:7b,Archivos QIF,0.868
7398,Words,es,Spanish,qwen2.5-coder:7b,Palabras,0.602
7399,Still Image Compression,es,Spanish,qwen2.5-coder:7b,Compresión de Imagen Estática,1.298
7400,File type,es,Spanish,qwen2.5-coder:7b,Tipo de archivo,0.749
7401,Use a timer or not,es,Spanish,qwen2.5-coder:7b,Usa un temporizador o no,1.386
7402,Remove stop,es,Spanish,qwen2.5-coder:7b,Eliminar parada,0.934
7403,LightGreen,es,Spanish,qwen2.5-coder:7b,VerdeClaro,0.813
7404,Sensitivity (ISO):,es,Spanish,qwen2.5-coder:7b,Sensibilidad (ISO):,1.209
7405,Suspend to & Disk,es,Spanish,qwen2.5-coder:7b,Suspender a & Disco,1.163
7406,Sweden,es,Spanish,qwen2.5-coder:7b,Suecia,0.707
7407,Top & Y:,es,Spanish,qwen2.5-coder:7b,Superior & Y:,1.094
7408,Spanish (Peru),es,Spanish,qwen2.5-coder:7b,Español (Perú),1.203
7409,Altitude at transit:,es,Spanish,qwen2.5-coder:7b,Altitud en transito:,1.21
7410,Copy skeleton,es,Spanish,qwen2.5-coder:7b,Compartir esqueleto,1.375
7411,Function & 3:,es,Spanish,qwen2.5-coder:7b,Función & 3:,1.21
7412,My Books,es,Spanish,qwen2.5-coder:7b,Mis Libros,0.741
7413,Signing Options,es,Spanish,qwen2.5-coder:7b,Opciones de Firma,0.908
7414,& Single Human,es,Spanish,qwen2.5-coder:7b,& Un Humano,0.861
7415,blue (bold),es,Spanish,qwen2.5-coder:7b,azul (negrita),1.061
7416,File management,es,Spanish,qwen2.5-coder:7b,Gestión de archivos,0.996
7417,Make Project Builder,es,Spanish,qwen2.5-coder:7b,Crear Constructor de Proyectos,1.154
7418,New Album,es,Spanish,qwen2.5-coder:7b,Nuevo Álbum,0.832
7419,Cocos Islands,es,Spanish,qwen2.5-coder:7b,Islas Cocos,0.843
7420,Edit Account,es,Spanish,qwen2.5-coder:7b,Editar Cuenta,0.913
7421,Update,es,Spanish,qwen2.5-coder:7b,Actualizar,0.525
7422,Delegate:,es,Spanish,qwen2.5-coder:7b,Delegado:,0.878
7423,Using & konversation;,es,Spanish,qwen2.5-coder:7b,Usando & konversation;,1.191
7424,Bookmark update [%1],es,Spanish,qwen2.5-coder:7b,Actualización de marcador [%1],1.436
7425,tape management,es,Spanish,qwen2.5-coder:7b,gestión de cinta,1.139
7426,Find Prev,es,Spanish,qwen2.5-coder:7b,Buscar Anterior,0.933
7427,& Completed,es,Spanish,qwen2.5-coder:7b,& Completado,0.799
7428,New Tab,es,Spanish,qwen2.5-coder:7b,Nueva Pestaña,1.047
7429,Great Britain pound,es,Spanish,qwen2.5-coder:7b,libra británica,0.95
7430,& Fit to Height,es,Spanish,qwen2.5-coder:7b,& Ajustar a Altura,1.249
7431,Prague,es,Spanish,qwen2.5-coder:7b,Praga,0.649
7432,user,es,Spanish,qwen2.5-coder:7b,usuario,0.476
7433,& Server supports Sieve,es,Spanish,qwen2.5-coder:7b,& Servidor soporta Sieve,1.388
7434,USB Soundcard,es,Spanish,qwen2.5-coder:7b,Tarjeta de sonido USB,1.325
7435,Enable alarm,es,Spanish,qwen2.5-coder:7b,Activar alarma,1.004
7436,Kanjidic dictionary files,es,Spanish,qwen2.5-coder:7b,Archivos del diccionario Kanjidic,1.565
7437,Blackbody Radiation,es,Spanish,qwen2.5-coder:7b,Radiación de cuerpo negro,0.937
7438,Ctrl; R Hole Reset,es,Spanish,qwen2.5-coder:7b,Ctrl; R Reinicio de agujero,1.688
7439,Driver Settings,es,Spanish,qwen2.5-coder:7b,Ajustes del controlador,1.108
7440,BibTeX Files,es,Spanish,qwen2.5-coder:7b,Archivos BibTeX,0.881
7441,Documentation:,es,Spanish,qwen2.5-coder:7b,Documentación:,0.772
7442,& Group:,es,Spanish,qwen2.5-coder:7b,& Grupo:,0.711
7443,Headline,es,Spanish,qwen2.5-coder:7b,Encabezado,0.764
7444,Database file:,es,Spanish,qwen2.5-coder:7b,Archivo de base de datos:,1.166
7445,ImagePlugin_Unsharp,es,Spanish,qwen2.5-coder:7b,Plugin Desenfoque,1.199
7446,Editor Toolbar,es,Spanish,qwen2.5-coder:7b,Barra de Herramientas del Editor,1.391
7447,Delete Items,es,Spanish,qwen2.5-coder:7b,Eliminar Elementos,0.903
7448,%n: program name,es,Spanish,qwen2.5-coder:7b,%n: nombre del programa,0.999
7449,Cube size,es,Spanish,qwen2.5-coder:7b,Size del cubo,1.053
7450,Do something,es,Spanish,qwen2.5-coder:7b,Haz algo,0.653
7451,DivineProportion editing tool,es,Spanish,qwen2.5-coder:7b,Divina Proporción edición de herramienta,1.599
7452,Constellations,es,Spanish,qwen2.5-coder:7b,Constelaciones,0.968
7453,Text Label,es,Spanish,qwen2.5-coder:7b,Etiqueta de Texto,0.91
7454,CMake Project Builder,es,Spanish,qwen2.5-coder:7b,Constructor de Proyectos CMake,1.244
7455,Remove Box,es,Spanish,qwen2.5-coder:7b,Eliminar Caja,0.899
7456,My Computer,es,Spanish,qwen2.5-coder:7b,Mi Computadora,0.901
7457,Copy Input,es,Spanish,qwen2.5-coder:7b,Compartir Entrada,1.101
7458,Zoom out,es,Spanish,qwen2.5-coder:7b,Acercarse,0.907
7459,18th Last,es,Spanish,qwen2.5-coder:7b,18º Último,1.432
7460,Winner,es,Spanish,qwen2.5-coder:7b,Ganador,0.702
7461,Rotate hue,es,Spanish,qwen2.5-coder:7b,Girar tono,1.01
7462,File type:,es,Spanish,qwen2.5-coder:7b,Tipo de archivo:,0.918
7463,Flowcharting Collections,es,Spanish,qwen2.5-coder:7b,Diagramación de Colecciones,1.21
7464,unmount,es,Spanish,qwen2.5-coder:7b,desmontar,0.944
7465,Attribute value is,es,Spanish,qwen2.5-coder:7b,El valor del atributo es,1.286
7466,Czech,es,Spanish,qwen2.5-coder:7b,Checo,0.641
7467,Matrix size:,es,Spanish,qwen2.5-coder:7b,Size de la matriz:,1.018
7468,Bank transfer,es,Spanish,qwen2.5-coder:7b,Transferencia bancaria,0.818
7469,Monitor Simulation (RGB),es,Spanish,qwen2.5-coder:7b,Simulación de Monitor (RGB),1.354
7470,Constellation & names,es,Spanish,qwen2.5-coder:7b,Constelación & nombres,1.193
7471,Budget Overruns,es,Spanish,qwen2.5-coder:7b,Desbordamientos de Presupuesto,1.213
7472,Folder location:,es,Spanish,qwen2.5-coder:7b,Ubicación de la carpeta:,1.366
7473,Preferred EMail,es,Spanish,qwen2.5-coder:7b,Correo Electrónico Preferido,1.299
7474,July,es,Spanish,qwen2.5-coder:7b,Julio,0.592
7475,Price Quotation,es,Spanish,qwen2.5-coder:7b,cotización de precio,1.009
7476,music,es,Spanish,qwen2.5-coder:7b,música,0.888
7477,Nicaraguan Cordoba Oro,es,Spanish,qwen2.5-coder:7b,Córdoba Oro Nicaragüense,1.51
7478,Card Games,es,Spanish,qwen2.5-coder:7b,Juegos de Tarjetas,1.055
7479,& Stiffness:,es,Spanish,qwen2.5-coder:7b,& Rígidez:,1.139
7480,Server signing:,es,Spanish,qwen2.5-coder:7b,Servidor firmado:,1.057
7481,Moscow+07 - Sakhalin Island,es,Spanish,qwen2.5-coder:7b,Moscú+07 - Isla de Sakhalín,2.134
7482,Radio List dialog,es,Spanish,qwen2.5-coder:7b,Diálogo de lista de radio,1.412
7483,Highlights:,es,Spanish,qwen2.5-coder:7b,Destacados:,0.783
7484,TOC file:,es,Spanish,qwen2.5-coder:7b,Archivo TOC:,0.932
7485,Index generation,es,Spanish,qwen2.5-coder:7b,Generación de índice,0.805
7486,Min food,es,Spanish,qwen2.5-coder:7b,Mi comida,0.843
7487,1 (highest),es,Spanish,qwen2.5-coder:7b,1 (más alto),1.205
7488,KPPP Configuration,es,Spanish,qwen2.5-coder:7b,Configuración de KPPP,1.278
7489,NTLM authentication,es,Spanish,qwen2.5-coder:7b,Autenticación NTLM,1.017
7490,Upcoming tracks,es,Spanish,qwen2.5-coder:7b,Próximos trazos,1.408
7491,No such Account: %1,es,Spanish,qwen2.5-coder:7b,No existe tal Cuenta: %1,1.495
7492,Moves Penalty,es,Spanish,qwen2.5-coder:7b,Penalización por Movimientos,1.064
7493,Line Islands,es,Spanish,qwen2.5-coder:7b,Islas de la Línea,1.135
7494,Timeline View,es,Spanish,qwen2.5-coder:7b,Vista de Cronología,1.114
7495,Shape Animation,es,Spanish,qwen2.5-coder:7b,Animación de Forma,0.903
7496,Company:,es,Spanish,qwen2.5-coder:7b,Compañía:,0.893
7497,EML Files,es,Spanish,qwen2.5-coder:7b,Archivos EML,0.852
7498,Program Trace,es,Spanish,qwen2.5-coder:7b,Seguimiento del Programa,0.994
7499,Classic Rock,es,Spanish,qwen2.5-coder:7b,Rock Clásico,1.0
7500,Download Info,es,Spanish,qwen2.5-coder:7b,Info de Descarga,1.007
7501,Skip,es,Spanish,qwen2.5-coder:7b,Omitir,0.859
7502,rectPressureVariance,es,Spanish,qwen2.5-coder:7b,rectPresiónVariancia,1.138
7503,bytes out,es,Spanish,qwen2.5-coder:7b,bytes salientes,0.732
7504,Home location:,es,Spanish,qwen2.5-coder:7b,Ubicación principal:,0.994
7505,Spanish (es),es,Spanish,qwen2.5-coder:7b,Español (es),1.065
7506,Sheet properties,es,Spanish,qwen2.5-coder:7b,Propiedades de la hoja,1.028
7507,A formula,es,Spanish,qwen2.5-coder:7b,Una fórmula,1.088
7508,How to obtain & xsldbg;,es,Spanish,qwen2.5-coder:7b,¿Cómo obtener & xsldbg;,1.444
7509,& Delete Entry,es,Spanish,qwen2.5-coder:7b,& Eliminar Entrada,1.041
7510,Time Zone...,es,Spanish,qwen2.5-coder:7b,Zona horaria...,0.933
7511,Short name:,es,Spanish,qwen2.5-coder:7b,Nombre corto:,0.803
7512,Theme Files,es,Spanish,qwen2.5-coder:7b,Archivos de Tema,1.133
7513,Format options:,es,Spanish,qwen2.5-coder:7b,Opciones de formato:,0.946
7514,children,es,Spanish,qwen2.5-coder:7b,niños,0.813
7515,FIBS Home,es,Spanish,qwen2.5-coder:7b,Portada de FIBS,1.26
7516,& kde; The Application Development Framework,es,Spanish,qwen2.5-coder:7b,& kde; El Marco de Desarrollo de Aplicaciones,2.185
7517,Unmount,es,Spanish,qwen2.5-coder:7b,Desmontar,0.727
7518,Compositing has been suspended,es,Spanish,qwen2.5-coder:7b,El composición ha sido suspendida,1.483
7519,MetaBall Radius,es,Spanish,qwen2.5-coder:7b,Radio de MetaBall,0.908
7520,Top Accounts,es,Spanish,qwen2.5-coder:7b,Cuentas Principales,0.94
7521,Add Podcast,es,Spanish,qwen2.5-coder:7b,Añadir Podcast,0.917
7522,Can't open the %1 directory!,es,Spanish,qwen2.5-coder:7b,No se puede abrir el directorio %1!,1.567
7523,of July,es,Spanish,qwen2.5-coder:7b,de julio,0.766
7524,Charcell,es,Spanish,qwen2.5-coder:7b,Charcell,0.664
7525,Deep-sea green,es,Spanish,qwen2.5-coder:7b,Verde profundo,0.9
7526,John Doe,es,Spanish,qwen2.5-coder:7b,John Doe,0.635
7527,False:,es,Spanish,qwen2.5-coder:7b,Falso:,0.721
7528,Project name,es,Spanish,qwen2.5-coder:7b,Nombre del proyecto,0.722
7529,Font size:,es,Spanish,qwen2.5-coder:7b,Tamaño de fuente:,1.009
7530,Developer (2004-2005),es,Spanish,qwen2.5-coder:7b,Desarrollador (2004-2005),2.188
7531,Object group,es,Spanish,qwen2.5-coder:7b,Grupo de objetos,0.901
7532,Holiday,es,Spanish,qwen2.5-coder:7b,Vacaciones,0.814
7533,Program Name,es,Spanish,qwen2.5-coder:7b,Nombre del Programa,0.853
7534,& Playerlist,es,Spanish,qwen2.5-coder:7b,& Lista de jugadores,1.054
7535,Main Functions,es,Spanish,qwen2.5-coder:7b,Funciones Principales,0.879
7536,Dual Channel,es,Spanish,qwen2.5-coder:7b,Canal Dual,0.946
7537,Output file,es,Spanish,qwen2.5-coder:7b,Archivo de salida,0.929
7538,General URL:,es,Spanish,qwen2.5-coder:7b,URL General:,0.75
7539,Generate,es,Spanish,qwen2.5-coder:7b,Generar,0.621
7540,Server channel:,es,Spanish,qwen2.5-coder:7b,Canal del servidor:,1.068
7541,Games:,es,Spanish,qwen2.5-coder:7b,Juegos:,0.713
7542,auto-detected,es,Spanish,qwen2.5-coder:7b,detectado automáticamente,1.027
7543,Action Buttons,es,Spanish,qwen2.5-coder:7b,Botones de Acción,0.922
7544,since %1,es,Spanish,qwen2.5-coder:7b,desde %1,1.038
7545,Game Over,es,Spanish,qwen2.5-coder:7b,Juego Terminado,0.8
7546,of June,es,Spanish,qwen2.5-coder:7b,de junio,0.712
7547,Mode selection,es,Spanish,qwen2.5-coder:7b,Selección de modo,0.861
7548,& Source:,es,Spanish,qwen2.5-coder:7b,& Fuente:,0.85
7549,Dialog title,es,Spanish,qwen2.5-coder:7b,Titulo de diálogo,0.926
7550,Failed,es,Spanish,qwen2.5-coder:7b,Fallido,0.768
7551,SlateBlue1,es,Spanish,qwen2.5-coder:7b,SlateBlue1,0.878
7552,Adaptive:,es,Spanish,qwen2.5-coder:7b,Adaptativo:,0.946
7553,From,es,Spanish,qwen2.5-coder:7b,De,0.689
7554,%1 likes:,es,Spanish,qwen2.5-coder:7b,%1 gusta:,0.866
7555,Write Speeds,es,Spanish,qwen2.5-coder:7b,Velocidades de Escritura,1.196
7556,Maximize,es,Spanish,qwen2.5-coder:7b,Maximizar,0.919
7557,Using IMS German Festival,es,Spanish,qwen2.5-coder:7b,Utilizando el Festival IMS Aleman,1.446
7558,& French,es,Spanish,qwen2.5-coder:7b,& Francés,0.744
7559,By & position,es,Spanish,qwen2.5-coder:7b,Por & posición,1.01
7560,%1 timestamp,es,Spanish,qwen2.5-coder:7b,%1 marca de tiempo,1.094
7561,Animation Tool,es,Spanish,qwen2.5-coder:7b,Herramienta de Animación,1.186
7562,File Options,es,Spanish,qwen2.5-coder:7b,Opciones de archivo,0.842
7563,Spoooooky,es,Spanish,qwen2.5-coder:7b,Spooky,0.677
7564,Venezuelan Bolivar,es,Spanish,qwen2.5-coder:7b,Bolívar venezolano,1.233
7565,Turn off computer,es,Spanish,qwen2.5-coder:7b,Apagar computadora,0.851
7566,< unknown >,es,Spanish,qwen2.5-coder:7b,< desconocido >,1.086
7567,Control Pictures,es,Spanish,qwen2.5-coder:7b,Controlar Imágenes,1.077
7568,BBC Weather from UK MET Office,es,Spanish,qwen2.5-coder:7b,Tiempo de BBC desde el MET Office de Reino Unido,2.104
7569,Party On!,es,Spanish,qwen2.5-coder:7b,¡Fiesta en marcha!,1.107
7570,& Bar graph,es,Spanish,qwen2.5-coder:7b,& Gráfico de barras,1.145
7571,Plot average:,es,Spanish,qwen2.5-coder:7b,Promedio de trama:,1.194
7572,Allow 8-bit,es,Spanish,qwen2.5-coder:7b,Permitir 8-bit,1.106
7573,Cue file:,es,Spanish,qwen2.5-coder:7b,Archivo de pista:,1.054
7574,Preview size,es,Spanish,qwen2.5-coder:7b,Previsualización de tamaño,1.104
7575,Condition: %1,es,Spanish,qwen2.5-coder:7b,Condición: %1,0.995
7576,Old backend,es,Spanish,qwen2.5-coder:7b,Backend antiguo,0.768
7577,& Profile acls,es,Spanish,qwen2.5-coder:7b,& Perfil acls,1.141
7578,& Open with '%1 ',es,Spanish,qwen2.5-coder:7b,& Abrir con '%1 ,1.247
7579,DSL network interfaces,es,Spanish,qwen2.5-coder:7b,Interfaces de red DSL,1.158
7580,Slide,es,Spanish,qwen2.5-coder:7b,Diapositiva,0.78
7581,Paper color:,es,Spanish,qwen2.5-coder:7b,Color de papel:,0.897
7582,Custom Type,es,Spanish,qwen2.5-coder:7b,Tipo Personalizado,0.72
7583,& Remove Display,es,Spanish,qwen2.5-coder:7b,& Eliminar Pantalla,1.035
7584,(Unknown Protocol),es,Spanish,qwen2.5-coder:7b,(Protocolo Desconocido),1.275
7585,Search Action,es,Spanish,qwen2.5-coder:7b,Acción de búsqueda,1.079
7586,Vertical RGB,es,Spanish,qwen2.5-coder:7b,Vertical RGB,0.805
7587,Saved OK,es,Spanish,qwen2.5-coder:7b,Guardado OK,0.703
7588,Change Tags,es,Spanish,qwen2.5-coder:7b,Cambiar Etiquetas,0.915
7589,Intersect,es,Spanish,qwen2.5-coder:7b,Intersección,0.99
7590,KDE Screen Locker,es,Spanish,qwen2.5-coder:7b,KDE Bloqueador de Pantalla,1.516
7591,& New Project,es,Spanish,qwen2.5-coder:7b,& Nuevo Proyecto,0.855
7592,Line %1:,es,Spanish,qwen2.5-coder:7b,Linea %1:,1.076
7593,GSM Speech,es,Spanish,qwen2.5-coder:7b,Voz GSM,0.963
7594,Jump %1 times to 0x%2,es,Spanish,qwen2.5-coder:7b,Salta %1 veces a 0x%2,2.054
7595,Measure,es,Spanish,qwen2.5-coder:7b,Medir,0.607
7596,Bandwidth:,es,Spanish,qwen2.5-coder:7b,Ancho de banda:,0.957
7597,Personal Cron,es,Spanish,qwen2.5-coder:7b,Cron Personal,0.724
7598,Relaxed aps,es,Spanish,qwen2.5-coder:7b,Apps relajadas,1.109
7599,ivory,es,Spanish,qwen2.5-coder:7b,marfil,0.663
7600,I & Know,es,Spanish,qwen2.5-coder:7b,Yo & Sé,1.051
7601,Wednesday,es,Spanish,qwen2.5-coder:7b,Miércoles,0.723
7602,My Turn,es,Spanish,qwen2.5-coder:7b,Mi turno,0.836
7603,help center,es,Spanish,qwen2.5-coder:7b,centro de ayuda,1.006
7604,Pixmap Cache,es,Spanish,qwen2.5-coder:7b,Cache de Imágenes,1.0
7605,Function & 2:,es,Spanish,qwen2.5-coder:7b,Función & 2:,1.238
7606,VNC failure,es,Spanish,qwen2.5-coder:7b,Error de VNC,1.092
7607,To-do List,es,Spanish,qwen2.5-coder:7b,Lista de tareas,1.076
7608,UNIX2DATE(unixtime),es,Spanish,qwen2.5-coder:7b,UNIX2FECHA(tiempounix),1.417
7609,Effect Region,es,Spanish,qwen2.5-coder:7b,Región de Efecto,1.205
7610,The [General] section of & kdmrc;,es,Spanish,qwen2.5-coder:7b,La sección [General] de & kdmrc;,1.921
7611,Merge Tracks,es,Spanish,qwen2.5-coder:7b,Combinar Pistas,1.106
7612,Unicode Char in Oct.,es,Spanish,qwen2.5-coder:7b,Carácter Unicode en Oct.,1.299
7613,Image Saving,es,Spanish,qwen2.5-coder:7b,Guardado de Imagen,0.898
7614,Canvas Size,es,Spanish,qwen2.5-coder:7b,Canvas Size,0.842
7615,non-free,es,Spanish,qwen2.5-coder:7b,no libre,0.875
7616,Blame...,es,Spanish,qwen2.5-coder:7b,culpa...,0.829
7617,Cannot open %1!,es,Spanish,qwen2.5-coder:7b,No se puede abrir %1!,1.173
7618,Deleting,es,Spanish,qwen2.5-coder:7b,Eliminando,0.891
7619,& File View,es,Spanish,qwen2.5-coder:7b,& Vista de Archivo,0.945
7620,& Search in,es,Spanish,qwen2.5-coder:7b,& Buscar en,0.921
7621,Select all updates,es,Spanish,qwen2.5-coder:7b,Seleccionar todas las actualizaciones,1.491
7622,Keybindings,es,Spanish,qwen2.5-coder:7b,Atajos de teclado,1.066
7623,KPlato project management work package,es,Spanish,qwen2.5-coder:7b,Paquete de trabajo de gestión de proyectos KPlato,1.926
7624,16-bit Words,es,Spanish,qwen2.5-coder:7b,Palabras de 16 bits,1.462
7625,Session management,es,Spanish,qwen2.5-coder:7b,Gestión de sesiones,1.169
7626,Show documentation for,es,Spanish,qwen2.5-coder:7b,Mostrar documentación para,1.19
7627,Commands for editing,es,Spanish,qwen2.5-coder:7b,Comandos para editar,1.222
7628,& End date:,es,Spanish,qwen2.5-coder:7b,& Fecha final:,0.877
7629,Key Conflict,es,Spanish,qwen2.5-coder:7b,Conflicto de Clave,1.239
7630,Events:,es,Spanish,qwen2.5-coder:7b,Eventos:,0.691
7631,Never Default Route,es,Spanish,qwen2.5-coder:7b,Nunca Ruta Predeterminada,1.333
7632,Recording,es,Spanish,qwen2.5-coder:7b,Grabación,0.85
7633,Lines of Context,es,Spanish,qwen2.5-coder:7b,Lineas de Contexto,1.211
7634,DeepSkyBlue,es,Spanish,qwen2.5-coder:7b,AzulProfundo,0.881
7635,MPPE support is missing,es,Spanish,qwen2.5-coder:7b,El soporte de MPPE está ausente,1.628
7636,Edit Name,es,Spanish,qwen2.5-coder:7b,Editar Nombre,0.862
7637,Asia/ Tehran,es,Spanish,qwen2.5-coder:7b,Asia/Tehran,0.888
7638,Keyboard title:,es,Spanish,qwen2.5-coder:7b,Nombre del teclado:,1.025
7639,& Moving,es,Spanish,qwen2.5-coder:7b,& Movimiento,0.815
7640,manager,es,Spanish,qwen2.5-coder:7b,administrador,0.803
7641,Up: %1 KB/ s,es,Spanish,qwen2.5-coder:7b,Arriba: %1 KB/s,1.447
7642,Preserve symlinks,es,Spanish,qwen2.5-coder:7b,Preserva enlaces simbólicos,1.352
7643,Repository Location,es,Spanish,qwen2.5-coder:7b,Ubicación del Repositorio,1.224
7644,Learning,es,Spanish,qwen2.5-coder:7b,Aprendizaje,0.855
7645,Left-Microphone,es,Spanish,qwen2.5-coder:7b,Microfono Izquierdo,0.994
7646,Keyboard Control,es,Spanish,qwen2.5-coder:7b,Control de Teclado,0.797
7647,Speech Toolbar,es,Spanish,qwen2.5-coder:7b,Barra de Voz,1.126
7648,Time Format,es,Spanish,qwen2.5-coder:7b,Formato de Tiempo,0.975
7649,& Channel:,es,Spanish,qwen2.5-coder:7b,& Canal:,0.746
7650,Selected Files,es,Spanish,qwen2.5-coder:7b,Archivos Seleccionados,0.995
7651,Cannot load ThumbCreator %1,es,Spanish,qwen2.5-coder:7b,No se puede cargar ThumbCreator %1,1.518
7652,Watermark Size,es,Spanish,qwen2.5-coder:7b,Tamaño de marca de agua,1.208
7653,Tristate,es,Spanish,qwen2.5-coder:7b,Tristado,0.787
7654,ASCII Extensions,es,Spanish,qwen2.5-coder:7b,Extensiones ASCII,0.755
7655,No Minimum,es,Spanish,qwen2.5-coder:7b,Sin Mínimo,0.867
7656,Classname:,es,Spanish,qwen2.5-coder:7b,Nombre de la clase:,0.963
7657,Publishing,es,Spanish,qwen2.5-coder:7b,Publicación,0.919
7658,Update Trackers,es,Spanish,qwen2.5-coder:7b,Actualizar Seguimientos,1.11
7659,Clipboard contents,es,Spanish,qwen2.5-coder:7b,Contenido del portapapeles,1.15
7660,Music folder:,es,Spanish,qwen2.5-coder:7b,Carpetas de música:,1.153
7661,Intervals:,es,Spanish,qwen2.5-coder:7b,Intervalos:,0.737
7662,System Calls,es,Spanish,qwen2.5-coder:7b,Llamadas al Sistema,0.908
7663,Nickname,es,Spanish,qwen2.5-coder:7b,Apodo,0.59
7664,Compound regexp,es,Spanish,qwen2.5-coder:7b,Expresión regular compuesta,1.272
7665,& Next Hole,es,Spanish,qwen2.5-coder:7b,& Siguiente Agujero,1.165
7666,The [Xdmcp] section of & kdmrc;,es,Spanish,qwen2.5-coder:7b,La sección [Xdmcp] de & kdmrc;,2.308
7667,Audio Quality,es,Spanish,qwen2.5-coder:7b,Calidad de Audio,0.882
7668,Ship,es,Spanish,qwen2.5-coder:7b,Enviar,0.735
7669,ZSoft PaintBrush image,es,Spanish,qwen2.5-coder:7b,ZSoft Pincel de imagen,1.456
7670,Scheduled Time,es,Spanish,qwen2.5-coder:7b,Hora Programada,0.934
7671,Tasmania - King Island,es,Spanish,qwen2.5-coder:7b,Tasmania - Isla Reina,1.388
7672,Sub operations,es,Spanish,qwen2.5-coder:7b,Operaciones secundarias,0.911
7673,Jigsaw puzzle game,es,Spanish,qwen2.5-coder:7b,Juego de rompecabezas,1.18
7674,Operation Properties,es,Spanish,qwen2.5-coder:7b,Propiedades de la Operación,1.001
7675,Duration,es,Spanish,qwen2.5-coder:7b,Duración,0.621
7676,CDE preview,es,Spanish,qwen2.5-coder:7b,Vista previa CDE,1.264
7677,AcquireImages,es,Spanish,qwen2.5-coder:7b,AdquirirImágenes,1.127
7678,Controlled object,es,Spanish,qwen2.5-coder:7b,Objeto controlado,1.021
7679,Channel Owners (+q),es,Spanish,qwen2.5-coder:7b,Propietarios de Canales (+q),1.474
7680,Encryption certificate:,es,Spanish,qwen2.5-coder:7b,Certificado de encriptación:,1.265
7681,Checkered,es,Spanish,qwen2.5-coder:7b,Interseccionado,1.046
7682,Authentication log file:,es,Spanish,qwen2.5-coder:7b,Archivo de registro de autenticación:,1.339
7683,Summer Field,es,Spanish,qwen2.5-coder:7b,Campo de Verano,1.02
7684,Wallet Management Tool,es,Spanish,qwen2.5-coder:7b,Herramienta de Gestión de Cartera,1.62
7685,Contact List Animations,es,Spanish,qwen2.5-coder:7b,Animaciones de Lista de Contactos,1.373
7686,Organizational Unit,es,Spanish,qwen2.5-coder:7b,Unidad Organizacional,0.944
7687,Book,es,Spanish,qwen2.5-coder:7b,Libro,0.598
7688,Ethernet Network Device,es,Spanish,qwen2.5-coder:7b,Dispositivo de Red Ethernet,1.243
7689,Violin,es,Spanish,qwen2.5-coder:7b,Violín,0.639
7690,Key Colors,es,Spanish,qwen2.5-coder:7b,Colores Clave,1.063
7691,Mac OS X input method,es,Spanish,qwen2.5-coder:7b,Mac OS X método de entrada,1.326
7692,Cheat mode,es,Spanish,qwen2.5-coder:7b,Modo de trampa,0.973
7693,Service Manager,es,Spanish,qwen2.5-coder:7b,Administrador de Servicios,1.139
7694,& Layout,es,Spanish,qwen2.5-coder:7b,& Diseño,0.748
7695,Screen Management Applet,es,Spanish,qwen2.5-coder:7b,Apliclet de Gestión de Pantalla,1.654
7696,& Next Week,es,Spanish,qwen2.5-coder:7b,& Siguiente Semana,1.093
7697,Height 2:,es,Spanish,qwen2.5-coder:7b,Altura 2:,1.111
7698,Update settings,es,Spanish,qwen2.5-coder:7b,Actualizar configuración,0.919
7699,Preface,es,Spanish,qwen2.5-coder:7b,Antecedentes,0.941
7700,End effect,es,Spanish,qwen2.5-coder:7b,Effecto final,0.931
7701,& Players,es,Spanish,qwen2.5-coder:7b,& Jugadores,0.732
7702,PGP Version 5. x,es,Spanish,qwen2.5-coder:7b,Versión PGP 5. x,1.683
7703,turn off computer,es,Spanish,qwen2.5-coder:7b,apagar computadora,1.082
7704,Image Wizard,es,Spanish,qwen2.5-coder:7b,El Asistente de Imágenes,1.327
7705,strikeout,es,Spanish,qwen2.5-coder:7b,tachado,0.715
7706,Rows from,es,Spanish,qwen2.5-coder:7b,Filas desde,0.929
7707,previewing,es,Spanish,qwen2.5-coder:7b,previendo,0.907
7708,South Sumatra,es,Spanish,qwen2.5-coder:7b,Sumatra del Sur,0.876
7709,One Staple,es,Spanish,qwen2.5-coder:7b,Una Clavija,1.098
7710,Solid,es,Spanish,qwen2.5-coder:7b,Sólido,0.689
7711,KDE Compatibility Assistant,es,Spanish,qwen2.5-coder:7b,Asistente de Compatibilidad con KDE,1.354
7712,Close script...,es,Spanish,qwen2.5-coder:7b,Cerrar script...,0.813
7713,Brick size:,es,Spanish,qwen2.5-coder:7b,Tamaño del ladrillo:,1.221
7714,Light Group,es,Spanish,qwen2.5-coder:7b,Grupo de Luz,0.782
7715,Talk,es,Spanish,qwen2.5-coder:7b,Hablar,0.81
7716,Font Shape,es,Spanish,qwen2.5-coder:7b,Forma de Fuente,1.157
7717,3 for & SuSE;. 4. x and 5. x,es,Spanish,qwen2.5-coder:7b,3 para & SuSE;. 4. x y 5. x,2.72
7718,FIFO Overruns,es,Spanish,qwen2.5-coder:7b,Sobrecargas FIFO,1.05
7719,%1 Bills.,es,Spanish,qwen2.5-coder:7b,%1 Facturas.,0.981
7720,View Settings,es,Spanish,qwen2.5-coder:7b,Ver Ajustes,1.083
7721,° (#176;) Degree sign,es,Spanish,qwen2.5-coder:7b,°,0.99
7722,window size,es,Spanish,qwen2.5-coder:7b,tamaño de la ventana,1.228
7723,Arc,es,Spanish,qwen2.5-coder:7b,Arco,0.823
7724,Music Players,es,Spanish,qwen2.5-coder:7b,Reproductores de música,0.963
7725,South Darfur,es,Spanish,qwen2.5-coder:7b,Sur Darfur,0.992
7726,Pure,es,Spanish,qwen2.5-coder:7b,Puro,0.617
7727,Project age:,es,Spanish,qwen2.5-coder:7b,Edad del proyecto:,1.075
7728,30 Points,es,Spanish,qwen2.5-coder:7b,30 Puntos,0.906
7729,Diff,es,Spanish,qwen2.5-coder:7b,Diferencia,0.796
7730,& Playlist,es,Spanish,qwen2.5-coder:7b,& Lista de reproducción,0.947
7731,Rear view,es,Spanish,qwen2.5-coder:7b,Vista trasera,1.11
7732,Phrase Book,es,Spanish,qwen2.5-coder:7b,Libro de Frases,1.134
7733,angularAcceleration,es,Spanish,qwen2.5-coder:7b,aceleraciónAngular,1.032
7734,Missing element: %1.,es,Spanish,qwen2.5-coder:7b,Elemento faltante: %1.,1.598
7735,Keep It,es,Spanish,qwen2.5-coder:7b,Manténlo,0.949
7736,Outgoing server:,es,Spanish,qwen2.5-coder:7b,Servidor saliente:,0.986
7737,Matching,es,Spanish,qwen2.5-coder:7b,Coincidencia,0.924
7738,Matched,es,Spanish,qwen2.5-coder:7b,Coincidió,1.044
7739,Border Outline,es,Spanish,qwen2.5-coder:7b,Contorno del Borde,1.097
7740,no margins,es,Spanish,qwen2.5-coder:7b,sin márgenes,0.994
7741,LDAP user suffix:,es,Spanish,qwen2.5-coder:7b,Sufijo de usuario LDAP:,1.141
7742,KDE Service Manager,es,Spanish,qwen2.5-coder:7b,Administrador de Servicios de KDE,1.384
7743,Scale factor,es,Spanish,qwen2.5-coder:7b,Factor de escala,0.85
7744,card game,es,Spanish,qwen2.5-coder:7b,juego de cartas,1.175
7745,Dutch (nl),es,Spanish,qwen2.5-coder:7b,Holandés (nl),1.11
7746,transfers,es,Spanish,qwen2.5-coder:7b,transferencias,0.815
7747,(%1 occurrences),es,Spanish,qwen2.5-coder:7b,(%1 ocurrencias),1.169
7748,Temporary,es,Spanish,qwen2.5-coder:7b,Temporal,0.558
7749,Scale Bar,es,Spanish,qwen2.5-coder:7b,Barra de Escala,0.915
7750,observer_,es,Spanish,qwen2.5-coder:7b,observador_,0.723
7751,pigment map declaration,es,Spanish,qwen2.5-coder:7b,declaración de mapa de pigmento,1.466
7752,Gallery & Title,es,Spanish,qwen2.5-coder:7b,Galería & Título,1.195
7753,Searching for %1,es,Spanish,qwen2.5-coder:7b,Buscando %1,1.264
7754,Won Games,es,Spanish,qwen2.5-coder:7b,Juegos Ganados,0.851
7755,LeavePrevious,es,Spanish,qwen2.5-coder:7b,Dejar atrás,0.934
7756,Geometry,es,Spanish,qwen2.5-coder:7b,Geometría,0.691
7757,This profile:,es,Spanish,qwen2.5-coder:7b,Este perfil:,0.811
7758,Migration Plugin,es,Spanish,qwen2.5-coder:7b,Complemento de Migración,1.297
7759,crab,es,Spanish,qwen2.5-coder:7b,cangrejo,0.852
7760,rectMeanVelocity,es,Spanish,qwen2.5-coder:7b,velocidadMediaRecta,1.258
7761,Border,es,Spanish,qwen2.5-coder:7b,Frontiera,0.782
7762,density declaration,es,Spanish,qwen2.5-coder:7b,declaración de densidad,1.093
7763,Telescope:,es,Spanish,qwen2.5-coder:7b,Telescopio:,1.08
7764,Look at,es,Spanish,qwen2.5-coder:7b,Ver,0.728
7765,Personal Radio,es,Spanish,qwen2.5-coder:7b,Radio Personal,0.625
7766,Bb Major,es,Spanish,qwen2.5-coder:7b,Bb Mayor,0.844
7767,Xsldbg Breakpoints,es,Spanish,qwen2.5-coder:7b,Xsldbg Puntos de interrupción,1.721
7768,X PixMap Image (. xpm),es,Spanish,qwen2.5-coder:7b,X PixMap Image (. xpm),1.511
7769,Visibility,es,Spanish,qwen2.5-coder:7b,Visibilidad,0.606
7770,"go X, Y",es,Spanish,qwen2.5-coder:7b,"ir X, Y",1.059
7771,& Inspector,es,Spanish,qwen2.5-coder:7b,& Inspector,0.624
7772,Mahjongg Solitaire for KDE,es,Spanish,qwen2.5-coder:7b,Solitario Mahjongg para KDE,1.486
7773,Tiger,es,Spanish,qwen2.5-coder:7b,Tigre,0.737
7774,Document List,es,Spanish,qwen2.5-coder:7b,Lista de Documentos,1.016
7775,UserToolbars Plugin,es,Spanish,qwen2.5-coder:7b,Complementos de Barras de Usuario,1.524
7776,Satellite View,es,Spanish,qwen2.5-coder:7b,Vista Satelital,1.223
7777,Histogram Viewer,es,Spanish,qwen2.5-coder:7b,Visualizador de Histograma,1.155
7778,Copy a File/ Directory...,es,Spanish,qwen2.5-coder:7b,Copiar un Archivo/ Carpeta...,1.525
7779,Link Quality:,es,Spanish,qwen2.5-coder:7b,Calidad de Enlace:,0.993
7780,ForestGreen,es,Spanish,qwen2.5-coder:7b,VerdeSelva,0.802
7781,Brazilian Real,es,Spanish,qwen2.5-coder:7b,Real Brasileño,0.832
7782,Supported Plugins,es,Spanish,qwen2.5-coder:7b,Complementos Soportados,1.271
7783,Channel Mixer,es,Spanish,qwen2.5-coder:7b,Mixer de Canales,1.079
7784,& Foreground:,es,Spanish,qwen2.5-coder:7b,& Primario:,0.926
7785,blue:,es,Spanish,qwen2.5-coder:7b,azul:,0.851
7786,Articles list.,es,Spanish,qwen2.5-coder:7b,Lista de artículos.,1.025
7787,Auto Rotation Tool,es,Spanish,qwen2.5-coder:7b,Herramienta de Rotación Automática,1.407
7788,& Goal Seek...,es,Spanish,qwen2.5-coder:7b,& Buscar Objetivo...,1.165
7789,Keyboard Settings,es,Spanish,qwen2.5-coder:7b,Ajustes del Teclado,1.16
7790,Delete '%1 'tag?,es,Spanish,qwen2.5-coder:7b,¿Eliminar la etiqueta '%1'?,1.502
7791,XMP: created,es,Spanish,qwen2.5-coder:7b,XMP: creado,0.928
7792,SVG background pictures,es,Spanish,qwen2.5-coder:7b,Imágenes de fondo SVG,1.156
7793,Re: This is a test,es,Spanish,qwen2.5-coder:7b,Re: Este es un test,1.33
7794,Cipher algorithm,es,Spanish,qwen2.5-coder:7b,Algoritmo de cifrado,1.053
7795,Section Level 4,es,Spanish,qwen2.5-coder:7b,Nivel de Sección 4,1.174
7796,Game speed,es,Spanish,qwen2.5-coder:7b,Velocidad del juego,1.096
7797,ColorSpace,es,Spanish,qwen2.5-coder:7b,Espacio de Color,0.845
7798,& Rectangle,es,Spanish,qwen2.5-coder:7b,& Rectángulo,0.818
7799,Indicator Options,es,Spanish,qwen2.5-coder:7b,Opciones del Indicador,1.081
7800,Notes Color,es,Spanish,qwen2.5-coder:7b,Color de Notas,1.088
7801,& Mask,es,Spanish,qwen2.5-coder:7b,&Máscara,0.85
7802,& Changed:,es,Spanish,qwen2.5-coder:7b,& Cambiado:,0.814
7803,Script Data,es,Spanish,qwen2.5-coder:7b,Datos de Script,0.8
7804,Dropdown List,es,Spanish,qwen2.5-coder:7b,Lista desplegable,1.131
7805,Close Item,es,Spanish,qwen2.5-coder:7b,Cerrar Elemento,0.744
7806,Instant,es,Spanish,qwen2.5-coder:7b,Instant,0.7
7807,List Options,es,Spanish,qwen2.5-coder:7b,Opciones de Lista,1.075
7808,Object is created,es,Spanish,qwen2.5-coder:7b,Se crea el objeto,1.055
7809,Grayscalizer Filter,es,Spanish,qwen2.5-coder:7b,Filtro Grisescalador,1.102
7810,Feed added: %1,es,Spanish,qwen2.5-coder:7b,Se agregó el feed: %1,1.569
7811,Add record,es,Spanish,qwen2.5-coder:7b,Añadir registro,0.965
7812,Window position,es,Spanish,qwen2.5-coder:7b,Posición de la ventana,1.148
7813,Picture:,es,Spanish,qwen2.5-coder:7b,Imagen:,0.711
7814,Copy Input To,es,Spanish,qwen2.5-coder:7b,Compartir Entrada Con,1.225
7815,Activity Settings,es,Spanish,qwen2.5-coder:7b,Ajustes de Actividad,1.152
7816,Formatting (HTML),es,Spanish,qwen2.5-coder:7b,Formato (HTML),1.086
7817,Core,es,Spanish,qwen2.5-coder:7b,Kernel,0.708
7818,& Bitrate,es,Spanish,qwen2.5-coder:7b,& Bitrate,0.765
7819,Address book identifier,es,Spanish,qwen2.5-coder:7b,Identificador del libro de direcciones,1.388
7820,Color & depth:,es,Spanish,qwen2.5-coder:7b,Color & profundidad:,1.103
7821,Previewing...,es,Spanish,qwen2.5-coder:7b,Vista previa...,1.036
7822,Developer (2002-2005),es,Spanish,qwen2.5-coder:7b,Desarrollador (2002-2005),2.241
7823,Quotes,es,Spanish,qwen2.5-coder:7b,Citas,0.61
7824,Warning - Cantor,es,Spanish,qwen2.5-coder:7b,Aviso - Cantor,0.979
7825,Wallpapers,es,Spanish,qwen2.5-coder:7b,Esperanzas,1.021
7826,Key Combo,es,Spanish,qwen2.5-coder:7b,Combinación de Teclas,1.248
7827,Non-script action,es,Spanish,qwen2.5-coder:7b,Acción no script,1.095
7828,Subdivision,es,Spanish,qwen2.5-coder:7b,Subdivisión,0.762
7829,Chart Tool,es,Spanish,qwen2.5-coder:7b,Herramienta de Gráfico,1.229
7830,From Top,es,Spanish,qwen2.5-coder:7b,Desde Arriba,0.916
7831,Incomplete,es,Spanish,qwen2.5-coder:7b,Incompleto,0.87
7832,Query via Xesam,es,Spanish,qwen2.5-coder:7b,Consulta mediante Xesam,1.258
7833,Tails,es,Spanish,qwen2.5-coder:7b,Cola,0.836
7834,Tools Scripts,es,Spanish,qwen2.5-coder:7b,Scripts Herramientas,1.07
7835,Std. deviation:,es,Spanish,qwen2.5-coder:7b,Desviación estándar:,1.166
7836,GraphViz dot files viewer,es,Spanish,qwen2.5-coder:7b,Visualizador de archivos dot de GraphViz,1.63
7837,& Phrase Books,es,Spanish,qwen2.5-coder:7b,& Libros de Frases,1.037
7838,& Weather condition:,es,Spanish,qwen2.5-coder:7b,& Condición climática:,1.009
7839,IPP Operation,es,Spanish,qwen2.5-coder:7b,Operación IPP,1.028
7840,4 Cards,es,Spanish,qwen2.5-coder:7b,4 Tarjetas,0.846
7841,Physical Path:,es,Spanish,qwen2.5-coder:7b,Ruta Física:,1.04
7842,Creation:,es,Spanish,qwen2.5-coder:7b,Creado:,0.829
7843,Pipe length,es,Spanish,qwen2.5-coder:7b,Longitud del tubo,1.148
7844,Safe,es,Spanish,qwen2.5-coder:7b,Seguro,0.607
7845,New institution...,es,Spanish,qwen2.5-coder:7b,Nueva institución...,0.94
7846,Code Generated,es,Spanish,qwen2.5-coder:7b,Código Generado,0.86
7847,Driver Name:,es,Spanish,qwen2.5-coder:7b,Nombre del controlador:,0.973
7848,Resource allocation,es,Spanish,qwen2.5-coder:7b,Asignación de recursos,1.057
7849,User3,es,Spanish,qwen2.5-coder:7b,Usuario3,0.629
7850,KOrganizer master file,es,Spanish,qwen2.5-coder:7b,Archivo maestro de KOrganizer,1.458
7851,Per units:,es,Spanish,qwen2.5-coder:7b,Por unidades:,0.884
7852,KDE Partition Manager KPart,es,Spanish,qwen2.5-coder:7b,Administrador de particiones de KDE KPart,1.685
7853,Activation Method,es,Spanish,qwen2.5-coder:7b,Metodo de Activación,1.104
7854,"File10,",es,Spanish,qwen2.5-coder:7b,"Archivo10,",0.849
7855,password:,es,Spanish,qwen2.5-coder:7b,contraseña:,0.822
7856,Chrominance Blue,es,Spanish,qwen2.5-coder:7b,Blue Chrominance,1.012
7857,Soundtrack preview,es,Spanish,qwen2.5-coder:7b,Vista previa de la banda sonora,1.59
7858,Trackers management,es,Spanish,qwen2.5-coder:7b,Administración de rastreadores,1.444
7859,Revocation Signature,es,Spanish,qwen2.5-coder:7b,Reversión de Firma,1.271
7860,UADescription (w3m 0.1.9),es,Spanish,qwen2.5-coder:7b,Descripción UAD (w3m 0.1.9),2.436
7861,acceleration variance,es,Spanish,qwen2.5-coder:7b,varianza de aceleración,1.186
7862,Dictionary file,es,Spanish,qwen2.5-coder:7b,Archivo de diccionario,1.105
7863,Close,es,Spanish,qwen2.5-coder:7b,Cerrar,0.506
7864,Max treshold,es,Spanish,qwen2.5-coder:7b,Umbral máximo,0.952
7865,Sentence Boundary Detector,es,Spanish,qwen2.5-coder:7b,Detector de Frontera de Frase,1.219
7866,Unmount Tape,es,Spanish,qwen2.5-coder:7b,Desmontar Cinta,1.15
7867,Wallpaper,es,Spanish,qwen2.5-coder:7b,Wallpaper,0.864
7868,Crash Information (backtrace),es,Spanish,qwen2.5-coder:7b,Información de Falla (rastreo de pila),1.984
7869,Custom,es,Spanish,qwen2.5-coder:7b,Personalizado,0.625
7870,Download added: %1,es,Spanish,qwen2.5-coder:7b,Descargado añadido: %1,1.798
7871,User Agent,es,Spanish,qwen2.5-coder:7b,Agente de Usuario,1.049
7872,Nepomuk - Task Manager,es,Spanish,qwen2.5-coder:7b,Nepomuk - Administrador de Tareas,1.557
7873,Write modes:,es,Spanish,qwen2.5-coder:7b,Modos de escritura:,1.096
7874,Page Drying Time,es,Spanish,qwen2.5-coder:7b,Tiempo de Secado de la Página,1.447
7875,Using & ksysguard;,es,Spanish,qwen2.5-coder:7b,Usando & ksysguard;,1.333
7876,Using & rsibreak;,es,Spanish,qwen2.5-coder:7b,Usando & rsibreak;,1.255
7877,FX 4 - Atmosphere,es,Spanish,qwen2.5-coder:7b,FX 4 - Atmosfera,1.304
7878,Document Contents,es,Spanish,qwen2.5-coder:7b,Contenido del Documento,1.172
7879,light blue,es,Spanish,qwen2.5-coder:7b,azul claro,0.741
7880,Height:,es,Spanish,qwen2.5-coder:7b,Altura:,0.771
7881,Detailed Debugging,es,Spanish,qwen2.5-coder:7b,Depuración Detallada,1.041
7882,vtun is missing,es,Spanish,qwen2.5-coder:7b,vtun está ausente,1.233
7883,FOSS Project Commit Statistics,es,Spanish,qwen2.5-coder:7b,Estadísticas de Commits del Proyecto FOSS,1.911
7884,Distortion Correction,es,Spanish,qwen2.5-coder:7b,Corrección de Distorsión,1.395
7885,File Installer,es,Spanish,qwen2.5-coder:7b,Instalador de Archivos,1.037
7886,tentative,es,Spanish,qwen2.5-coder:7b,tentativa,0.871
7887,Cannot open %1.,es,Spanish,qwen2.5-coder:7b,No se puede abrir %1.,1.261
7888,& Image Selection,es,Spanish,qwen2.5-coder:7b,& Selección de Imágenes,1.155
7889,Blu-ray Size,es,Spanish,qwen2.5-coder:7b,Tamaño de Blu-ray,1.147
7890,Type selection,es,Spanish,qwen2.5-coder:7b,Selección de tipo,0.829
7891,Chart Type,es,Spanish,qwen2.5-coder:7b,Tipo de Gráfico,0.991
7892,Total: %1,es,Spanish,qwen2.5-coder:7b,Total: %1,1.06
7893,Received:,es,Spanish,qwen2.5-coder:7b,Recibido:,0.856
7894,Generic Project Manager,es,Spanish,qwen2.5-coder:7b,Administrador de Proyectos General,1.285
7895,PCI information,es,Spanish,qwen2.5-coder:7b,Información PCI,1.01
7896,Timestamp,es,Spanish,qwen2.5-coder:7b,Marca de tiempo,0.887
7897,"3 Staples, parallel",es,Spanish,qwen2.5-coder:7b,"3 Clavos, paralelos",1.454
7898,Job Type,es,Spanish,qwen2.5-coder:7b,Tipo de trabajo,0.723
7899,MAL Server Information,es,Spanish,qwen2.5-coder:7b,Información del Servidor MAL,1.243
7900,Installation problem,es,Spanish,qwen2.5-coder:7b,Problema de instalación,1.295
7901,Nicer,es,Spanish,qwen2.5-coder:7b,Mejor,0.954
7902,Style Settings,es,Spanish,qwen2.5-coder:7b,Ajustes de Estilo,1.121
7903,Wallet Manager,es,Spanish,qwen2.5-coder:7b,Administrador de Cartera,1.106
7904,& View A,es,Spanish,qwen2.5-coder:7b,& Ver A,0.89
7905,USB controller,es,Spanish,qwen2.5-coder:7b,Controlador USB,0.771
7906,How to authenticate,es,Spanish,qwen2.5-coder:7b,Cómo autenticarse,1.085
7907,Booklet maker,es,Spanish,qwen2.5-coder:7b,Generador de folletos,1.279
7908,%1% - Thumbnail,es,Spanish,qwen2.5-coder:7b,%1% - Miniatura,1.232
7909,Give up,es,Spanish,qwen2.5-coder:7b,Abandonar,1.007
7910,Combined View,es,Spanish,qwen2.5-coder:7b,Vista Combinada,1.175
7911,Front Cover Tray,es,Spanish,qwen2.5-coder:7b,Rebostillo frontal,1.214
7912,Alphanumeric,es,Spanish,qwen2.5-coder:7b,Alfanumérico,0.969
7913,(c) 2004-2005 The KDE PIM Team,es,Spanish,qwen2.5-coder:7b,(c) 2004-2005 El Equipo KDE PIM,2.923
7914,Example Tags,es,Spanish,qwen2.5-coder:7b,Etiquetas de ejemplo,0.964
7915,Merge,es,Spanish,qwen2.5-coder:7b,Combinar,0.889
7916,Token missing,es,Spanish,qwen2.5-coder:7b,Token faltante,1.073
7917,Getting Help,es,Spanish,qwen2.5-coder:7b,Obtener Ayuda,1.063
7918,(moderated),es,Spanish,qwen2.5-coder:7b,(moderado),1.02
7919,Cache pattern,es,Spanish,qwen2.5-coder:7b,Patrón de caché,1.127
7920,six,es,Spanish,qwen2.5-coder:7b,seis,0.648
7921,Encapsulated Postscript Image (. eps),es,Spanish,qwen2.5-coder:7b,Imagen Encapsulada de Postscript (.eps),1.79
7922,Keyboard Battery,es,Spanish,qwen2.5-coder:7b,Batería de Teclado,1.069
7923,& Minimum value:,es,Spanish,qwen2.5-coder:7b,& Valor mínimo:,0.828
7924,Serial number,es,Spanish,qwen2.5-coder:7b,Número de serie,0.749
7925,Tracks Added,es,Spanish,qwen2.5-coder:7b,Rastros Añadidos,1.322
7926,Search Engines,es,Spanish,qwen2.5-coder:7b, motores de búsqueda,1.027
7927,trash,es,Spanish,qwen2.5-coder:7b,basura,0.599
7928,Sample Size,es,Spanish,qwen2.5-coder:7b,Tamaño de Muestra,0.918
7929,Roman,es,Spanish,qwen2.5-coder:7b,Romano,0.816
7930,Group Name,es,Spanish,qwen2.5-coder:7b,Nombre del Grupo,0.724
7931,Plasma. operations input file,es,Spanish,qwen2.5-coder:7b,Plasma. archivo de entrada de operaciones,1.671
7932,Caching time of directory listings:,es,Spanish,qwen2.5-coder:7b,Tiempo de caché de listados de directorios:,1.863
7933,Expansion Filter,es,Spanish,qwen2.5-coder:7b,Filtro de Expansión,1.034
7934,Main Developer,es,Spanish,qwen2.5-coder:7b,Desarrollador Principal,0.888
7935,Cryptography Toolbar,es,Spanish,qwen2.5-coder:7b,Barra de Criptografía,1.212
7936,Filters Configuration,es,Spanish,qwen2.5-coder:7b,Configuración de Filtros,1.086
7937,Speed Limits,es,Spanish,qwen2.5-coder:7b,Límites de Velocidad,1.184
7938,& Duration:,es,Spanish,qwen2.5-coder:7b,& Duración:,0.83
7939,Green,es,Spanish,qwen2.5-coder:7b,Verde,0.62
7940,cleared,es,Spanish,qwen2.5-coder:7b,limpiado,0.904
7941,Operating system:,es,Spanish,qwen2.5-coder:7b, Sistema operativo:,0.957
7942,process monitor,es,Spanish,qwen2.5-coder:7b,monitor de procesos,1.07
7943,Photo 0 of 0,es,Spanish,qwen2.5-coder:7b,Foto 0 de 0,1.451
7944,Arrows,es,Spanish,qwen2.5-coder:7b,Flechas,0.767
7945,Pauker Lesson,es,Spanish,qwen2.5-coder:7b,Lección de Pauker,1.107
7946,Starting the & infocenter;,es,Spanish,qwen2.5-coder:7b,Iniciando el & centro de información;,1.513
7947,% Completed,es,Spanish,qwen2.5-coder:7b,% Completado,0.933
7948,& Group Name:,es,Spanish,qwen2.5-coder:7b,& Nombre del Grupo:,0.952
7949,Custom Type 6,es,Spanish,qwen2.5-coder:7b,Tipo Personalizado 6,1.006
7950,Guides,es,Spanish,qwen2.5-coder:7b,Guias,0.629
7951,Direction,es,Spanish,qwen2.5-coder:7b,Dirección,0.584
7952,Zoom in (x 2),es,Spanish,qwen2.5-coder:7b,Acercar (x 2),1.507
7953,Machine print,es,Spanish,qwen2.5-coder:7b,Impresión de máquina,0.956
7954,Column width:,es,Spanish,qwen2.5-coder:7b,Ancho de columna:,1.03
7955,W Orientation West,es,Spanish,qwen2.5-coder:7b,Orientación Occidental,1.139
7956,Abstract file:,es,Spanish,qwen2.5-coder:7b,Archivo abstracto:,0.937
7957,Renaming...,es,Spanish,qwen2.5-coder:7b,Renombrando...,1.035
7958,Figure,es,Spanish,qwen2.5-coder:7b,Figura,0.597
7959,Inactive,es,Spanish,qwen2.5-coder:7b,Inactivo,0.618
7960,Middle-East,es,Spanish,qwen2.5-coder:7b,Medio Oriente,1.033
7961,RF Channel,es,Spanish,qwen2.5-coder:7b,Canal RF,0.72
7962,(n) New,es,Spanish,qwen2.5-coder:7b,(n) Nuevo,0.991
7963,Go (wml),es,Spanish,qwen2.5-coder:7b,Ir (wml),0.994
7964,Konsole part view,es,Spanish,qwen2.5-coder:7b,Vista de la parte de la consola,1.578
7965,Crystal Desktop Search,es,Spanish,qwen2.5-coder:7b,Buscador de Escritorio de Cristal,1.653
7966,& Search:,es,Spanish,qwen2.5-coder:7b,& Buscar:,0.86
7967,Expression,es,Spanish,qwen2.5-coder:7b,Expresión,0.773
7968,turnleft X,es,Spanish,qwen2.5-coder:7b,girarizquierda %s,1.303
7969,View Schema,es,Spanish,qwen2.5-coder:7b,Ver Estructura,1.071
7970,Network device:,es,Spanish,qwen2.5-coder:7b,Dispositivo de red:,1.114
7971,West Azarbaijan,es,Spanish,qwen2.5-coder:7b,Oeste Azerbaycan,1.291
7972,Show Notification Popup,es,Spanish,qwen2.5-coder:7b,Mostrar Pop-up de Notificación,1.139
7973,Directory name,es,Spanish,qwen2.5-coder:7b,Nombre del directorio,0.84
7974,Blue,es,Spanish,qwen2.5-coder:7b,Azul,0.622
7975,& koffice; features:,es,Spanish,qwen2.5-coder:7b,& koffice; características:,1.24
7976,Key Combination,es,Spanish,qwen2.5-coder:7b,Combinación de Teclas,1.107
7977,Nested transactions,es,Spanish,qwen2.5-coder:7b,Transacciones anidadas,0.939
7978,The Panel,es,Spanish,qwen2.5-coder:7b,El Panel,0.654
7979,LDAP Directory Manager,es,Spanish,qwen2.5-coder:7b,Administrador de Directorio LDAP,1.269
7980,KDE Text-to-speech Manager,es,Spanish,qwen2.5-coder:7b,Administrador de texto a voz KDE,1.473
7981,B vs. C Overview,es,Spanish,qwen2.5-coder:7b,B vs. C Resumen,1.202
7982,Scope,es,Spanish,qwen2.5-coder:7b,Ámbito,0.904
7983,S/ MIME export file:,es,Spanish,qwen2.5-coder:7b,Exportar archivo S/MIME:,1.363
7984,Shark proximity,es,Spanish,qwen2.5-coder:7b,Proximidad de tiburón,1.253
7985,Userspace,es,Spanish,qwen2.5-coder:7b,Espacio de usuario,0.821
7986,Locking Keys,es,Spanish,qwen2.5-coder:7b,Clave Bloqueada,1.14
7987,Close KGoldrunner,es,Spanish,qwen2.5-coder:7b,Cerrar KGoldrunner,1.126
7988,& Dial,es,Spanish,qwen2.5-coder:7b,& Llamo,0.844
7989,Calculator,es,Spanish,qwen2.5-coder:7b,Calculadora,0.636
7990,Master Slide,es,Spanish,qwen2.5-coder:7b,Diapositiva Maestra,1.104
7991,Emoticons Manager,es,Spanish,qwen2.5-coder:7b,Administrador de Emoticones,1.36
7992,Cisco password decoder,es,Spanish,qwen2.5-coder:7b,Decodificador de contraseña Cisco,1.119
7993,Preview String,es,Spanish,qwen2.5-coder:7b,Vista Previa,1.013
7994,30m at 1.3cm,es,Spanish,qwen2.5-coder:7b,30m a 1.3cm,1.752
7995,& Job priority:,es,Spanish,qwen2.5-coder:7b,& Prioridad del trabajo:,1.044
7996,Distinct,es,Spanish,qwen2.5-coder:7b,Distinguido,0.82
7997,How to obtain & kformula;,es,Spanish,qwen2.5-coder:7b,¿Cómo obtener & kformula;,1.401
7998,Custom 6,es,Spanish,qwen2.5-coder:7b,Personalizado 6,1.075
7999,Shortcut name: b,es,Spanish,qwen2.5-coder:7b,Nombre del atajo: b,1.3
8000,Ending Market Value,es,Spanish,qwen2.5-coder:7b,Valor de Mercado Final,1.171
8001,Capture mode:,es,Spanish,qwen2.5-coder:7b,Modo de captura:,1.124
8002,Horizontal:,es,Spanish,qwen2.5-coder:7b,Horizontal:,0.723
8003,& Execution,es,Spanish,qwen2.5-coder:7b,&Ejecución,0.71
8004,Cisco - IP Phone,es,Spanish,qwen2.5-coder:7b,Cisco - Teléfono IP,1.007
8005,Endless Cascade,es,Spanish,qwen2.5-coder:7b,Cascada Infinita,1.04
8006,do nothing,es,Spanish,qwen2.5-coder:7b,No hacer nada,0.806
8007,Equatorial Guinea,es,Spanish,qwen2.5-coder:7b,Guinea Ecuatorial,0.936
8008,Canceled.,es,Spanish,qwen2.5-coder:7b,Cancelado.,0.698
8009,Enter Details,es,Spanish,qwen2.5-coder:7b,Introduce Detalles,1.087
8010,& Difference,es,Spanish,qwen2.5-coder:7b,& Diferencia,0.937
8011,Length: %1 px,es,Spanish,qwen2.5-coder:7b,Longitud: %1 px,1.328
8012,KDE Configuration Manager,es,Spanish,qwen2.5-coder:7b,Administrador de Configuración de KDE,1.437
8013,User private groups,es,Spanish,qwen2.5-coder:7b,Grupos privados de usuario,1.02
8014,Delete Item?,es,Spanish,qwen2.5-coder:7b,¿Eliminar Elemento?,1.025
8015,Finger key,es,Spanish,qwen2.5-coder:7b,Tecla dedo,1.068
8016,Leader:,es,Spanish,qwen2.5-coder:7b,Líder:,0.794
8017,Dear Sir or Madam:,es,Spanish,qwen2.5-coder:7b,Estimado/a Señor/a:,1.584
8018,Heavy Media > = 28lbs,es,Spanish,qwen2.5-coder:7b,Medios Pesados > = 28lbs,1.912
8019,21st Last,es,Spanish,qwen2.5-coder:7b,21º Último,1.417
8020,& Page Size,es,Spanish,qwen2.5-coder:7b,&Tamaño de la página,0.958
8021,Expiration:,es,Spanish,qwen2.5-coder:7b,Expiración:,0.952
8022,Maturity,es,Spanish,qwen2.5-coder:7b,Madurez,0.849
8023,Color schemes,es,Spanish,qwen2.5-coder:7b,Esquemas de color,1.166
8024,Distortion Effects,es,Spanish,qwen2.5-coder:7b,Efectos de distorsión,1.219
8025,Certificate Warning,es,Spanish,qwen2.5-coder:7b,Aviso de Certificado,1.012
8026,Card Stock,es,Spanish,qwen2.5-coder:7b,Carta,0.608
8027,Function Types,es,Spanish,qwen2.5-coder:7b,Tipos de Función,0.903
8028,SSL compatibility,es,Spanish,qwen2.5-coder:7b,Compatibilidad SSL,0.715
8029,Filename pattern:,es,Spanish,qwen2.5-coder:7b,Patrón de nombre de archivo:,1.362
8030,Convert Layer Tye,es,Spanish,qwen2.5-coder:7b,Convertir Tipo de Capa,1.373
8031,Data Source,es,Spanish,qwen2.5-coder:7b,Origen de Datos,1.011
8032,Device Actions,es,Spanish,qwen2.5-coder:7b,Acciones del Dispositivo,1.196
8033,LeftImg,es,Spanish,qwen2.5-coder:7b,IzquierdaImg,0.807
8034,Sphere sweep:,es,Spanish,qwen2.5-coder:7b,Esfera desplazamiento:,1.352
8035,Password level:,es,Spanish,qwen2.5-coder:7b,nivel de contraseña:,0.918
8036,Foreground color:,es,Spanish,qwen2.5-coder:7b,Color de primer plano:,1.048
8037,ATTN:,es,Spanish,qwen2.5-coder:7b,ATENCIÓN:,0.94
8038,Akonadi Compatibility Resource,es,Spanish,qwen2.5-coder:7b,Recurso de Compatibilidad Akonadi,1.64
8039,& Yellow,es,Spanish,qwen2.5-coder:7b,& Amarillo,0.725
8040,Examples:,es,Spanish,qwen2.5-coder:7b,Ejemplos:,0.966
8041,72 Points,es,Spanish,qwen2.5-coder:7b,72 Puntos,0.908
8042,Smooth threshold:,es,Spanish,qwen2.5-coder:7b,Umbral suave:,1.063
8043,Update interval,es,Spanish,qwen2.5-coder:7b,Intervalo de actualización,0.934
8044,Question Glue,es,Spanish,qwen2.5-coder:7b,Glue Pregunta,1.043
8045,Bumps,es,Spanish,qwen2.5-coder:7b,Colisiones,0.932
8046,& Trigger word:,es,Spanish,qwen2.5-coder:7b,& Palabra clave:,0.981
8047,Unlimited,es,Spanish,qwen2.5-coder:7b,Ilimitado,0.791
8048,Bosnia and Herzegovina,es,Spanish,qwen2.5-coder:7b,Bosnia y Herzegovina,1.371
8049,new_folder,es,Spanish,qwen2.5-coder:7b,nueva_carpeta,1.151
8050,Target image,es,Spanish,qwen2.5-coder:7b,Imagen objetivo,0.858
8051,Proofing Profile,es,Spanish,qwen2.5-coder:7b,Perfil de Aprobación,0.97
8052,Function Optimizer,es,Spanish,qwen2.5-coder:7b,Optimizador de Funciones,1.297
8053,color hue,es,Spanish,qwen2.5-coder:7b,tono de color,1.084
8054,Removing items,es,Spanish,qwen2.5-coder:7b,Eliminando elementos,1.002
8055,& Measurement Converter,es,Spanish,qwen2.5-coder:7b,& Conversor de Medidas,1.025
8056,%1 Received Data,es,Spanish,qwen2.5-coder:7b,%1 Datos Recibidos,1.154
8057,File Associations,es,Spanish,qwen2.5-coder:7b,Asociaciones de Archivos,1.098
8058,& Help file:,es,Spanish,qwen2.5-coder:7b,& Archivo de ayuda:,1.085
8059,Circle Chart,es,Spanish,qwen2.5-coder:7b,Gráfico Circular,0.767
8060,Last sector:,es,Spanish,qwen2.5-coder:7b,Último sector:,1.041
8061,Function & 6:,es,Spanish,qwen2.5-coder:7b,Función & 6:,1.194
8062,New Document,es,Spanish,qwen2.5-coder:7b,Nuevo Documento,0.947
8063,height field file,es,Spanish,qwen2.5-coder:7b,archivo de campo de altura,1.148
8064,Encryption method,es,Spanish,qwen2.5-coder:7b,Metodo de cifrado,1.103
8065,Folder name:,es,Spanish,qwen2.5-coder:7b,Nombre de la carpeta:,1.035
8066,Whistle,es,Spanish,qwen2.5-coder:7b,Soplido,0.74
8067,& Follow Mouse Mode,es,Spanish,qwen2.5-coder:7b,& Modo Seguir Ratón,1.311
8068,Script Name,es,Spanish,qwen2.5-coder:7b,Nombre del Script,0.817
8069,Quit KTurtle,es,Spanish,qwen2.5-coder:7b,Salir de KTurtle,1.185
8070,Callers,es,Spanish,qwen2.5-coder:7b,Llamadores,0.746
8071,Sections,es,Spanish,qwen2.5-coder:7b,Secciones,0.606
8072,Cisco - PC Adapter Card,es,Spanish,qwen2.5-coder:7b,Cisco - Tarjeta de Adaptador de PC,1.429
8073,Key size:,es,Spanish,qwen2.5-coder:7b,Tamaño de clave:,0.918
8074,Direction:,es,Spanish,qwen2.5-coder:7b,Dirección:,0.806
8075,Overview Column,es,Spanish,qwen2.5-coder:7b,Columna de Resumen,1.093
8076,Demo profile,es,Spanish,qwen2.5-coder:7b,Perfil de demostración,0.908
8077,PC - > Handheld,es,Spanish,qwen2.5-coder:7b,PC - > Dispositivo Móvil,1.493
8078,Player 1,es,Spanish,qwen2.5-coder:7b,Jugador 1,0.878
8079,Diff Statistics,es,Spanish,qwen2.5-coder:7b,Estadísticas de Diferencias,1.084
8080,Name of Game,es,Spanish,qwen2.5-coder:7b,Nombre del Juego,0.849
8081,SpringGreen1,es,Spanish,qwen2.5-coder:7b,SpringGreen1,0.779
8082,Ethernet Networking,es,Spanish,qwen2.5-coder:7b,Redes Ethernet,0.92
8083,Regularity:,es,Spanish,qwen2.5-coder:7b,Regularidad:,0.716
8084,& Modifications,es,Spanish,qwen2.5-coder:7b,& Modificaciones,0.745
8085,Arcade Emulator,es,Spanish,qwen2.5-coder:7b,Emulador de Arcade,1.023
8086,& Differential geometry,es,Spanish,qwen2.5-coder:7b,& Geometría diferencial,1.134
8087,Plasma applet,es,Spanish,qwen2.5-coder:7b,Applet de Plasma,1.133
8088,Shortcut name: f,es,Spanish,qwen2.5-coder:7b,Nombre del atajo: f,1.27
8089,Cheater!,es,Spanish,qwen2.5-coder:7b,Trampa!,0.846
8090,X tile size,es,Spanish,qwen2.5-coder:7b,Tamaño de la celda X,1.296
8091,Destination Numbers,es,Spanish,qwen2.5-coder:7b,Números de Destino,1.066
8092,Copy as & HTML,es,Spanish,qwen2.5-coder:7b,Compartir como & HTML,1.339
8093,Unit metadata,es,Spanish,qwen2.5-coder:7b,Metadatos de unidad,1.191
8094,Anchor:,es,Spanish,qwen2.5-coder:7b,Ancla:,0.694
8095,Emphasized,es,Spanish,qwen2.5-coder:7b,Destacado,0.938
8096,new_artifact,es,Spanish,qwen2.5-coder:7b,nuevo_artifacto,1.16
8097,Track List Editor...,es,Spanish,qwen2.5-coder:7b,Editor de Lista de Rastreo...,1.405
8098,Case Sensitive,es,Spanish,qwen2.5-coder:7b,Distinción entre mayúsculas y minúsculas,2.018
8099,Dash,es,Spanish,qwen2.5-coder:7b,Guía,0.788
8100,North Korea,es,Spanish,qwen2.5-coder:7b,Corea del Norte,0.805
8101,Not running,es,Spanish,qwen2.5-coder:7b,No está ejecutando,1.009
8102,Expected,es,Spanish,qwen2.5-coder:7b,Esperado,0.893
8103,Copy To,es,Spanish,qwen2.5-coder:7b,Compartir con,1.021
8104,Google Groups,es,Spanish,qwen2.5-coder:7b,Grupos de Google,0.855
8105,Some tips,es,Spanish,qwen2.5-coder:7b,Algunos consejos,0.9
8106,Swamp thing,es,Spanish,qwen2.5-coder:7b,Serpiente de matorral,1.313
8107,Workspace Profile,es,Spanish,qwen2.5-coder:7b,Perfil de Espacio de Trabajo,1.16
8108,light,es,Spanish,qwen2.5-coder:7b,luz,0.822
8109,Combined,es,Spanish,qwen2.5-coder:7b,Combinado,0.869
8110,Open & With,es,Spanish,qwen2.5-coder:7b,Abrir & Con,1.042
8111,system notification,es,Spanish,qwen2.5-coder:7b,notificación del sistema,0.855
8112,Stalled,es,Spanish,qwen2.5-coder:7b,Detenido,0.877
8113,& First,es,Spanish,qwen2.5-coder:7b,& Primero,0.731
8114,Savings,es,Spanish,qwen2.5-coder:7b,Ahorro,0.795
8115,Browsing Settings,es,Spanish,qwen2.5-coder:7b,Configuración de Navegación,1.549
8116,%d: current directory (short),es,Spanish,qwen2.5-coder:7b,%d: directorio actual (corto),1.66
8117,Previous:,es,Spanish,qwen2.5-coder:7b,Anterior:,0.813
8118,Encoder Quality,es,Spanish,qwen2.5-coder:7b,Calidad del Codificador,0.936
8119,Rechargeable:,es,Spanish,qwen2.5-coder:7b,Recargable:,0.937
8120,Tree:,es,Spanish,qwen2.5-coder:7b,Árbol:,0.882
8121,Distort,es,Spanish,qwen2.5-coder:7b,Distorsionar,0.796
8122,& Main Toolbar,es,Spanish,qwen2.5-coder:7b,& Barra de herramientas principal,1.272
8123,Panel,es,Spanish,qwen2.5-coder:7b,Panel,0.531
8124,Switzerland,es,Spanish,qwen2.5-coder:7b,Suiza,0.608
8125,card,es,Spanish,qwen2.5-coder:7b,tarjeta,0.597
8126,kwest-search-daemon,es,Spanish,qwen2.5-coder:7b,kwest-buscar-daemon,1.292
8127,How to obtain & konsolekalendar;,es,Spanish,qwen2.5-coder:7b,¿Cómo obtener & konsolekalendar;,1.672
8128,American Foolscap,es,Spanish,qwen2.5-coder:7b,American Foolscap,1.128
8129,Subtitles,es,Spanish,qwen2.5-coder:7b,Subtítulos,1.111
8130,Hero,es,Spanish,qwen2.5-coder:7b,Héroe,0.704
8131,material map,es,Spanish,qwen2.5-coder:7b,mapa de material,0.819
8132,Extending & quantaplus;,es,Spanish,qwen2.5-coder:7b,Extendiendo & quantaplus;,1.357
8133,Torrent files,es,Spanish,qwen2.5-coder:7b,Archivos torrent,0.976
8134,"Unable to save %1 ""%2"".",es,Spanish,qwen2.5-coder:7b,"No se puede guardar %1 ""%2"".",1.621
8135,& Jens. Hoefkens;,es,Spanish,qwen2.5-coder:7b,& Jens. Hoefkens;,1.418
8136,(Extreme Quality),es,Spanish,qwen2.5-coder:7b,(Quality Extrema),0.974
8137,Part Class,es,Spanish,qwen2.5-coder:7b,Clase de Parte,1.01
8138,force,es,Spanish,qwen2.5-coder:7b,fuerte,0.809
8139,Income:,es,Spanish,qwen2.5-coder:7b,Ingresos:,0.805
8140,Update & interval:,es,Spanish,qwen2.5-coder:7b,Actualizar & intervalo:,1.086
8141,Rotated 180 degrees,es,Spanish,qwen2.5-coder:7b,Rotado 180 grados,1.538
8142,Underlining:,es,Spanish,qwen2.5-coder:7b,Subrayar:,0.812
8143,"The ""repeat"" loop",es,Spanish,qwen2.5-coder:7b,"El bucle ""repeat",1.252
8144,Authentication error.,es,Spanish,qwen2.5-coder:7b,Error de autenticación.,1.129
8145,Empty Location,es,Spanish,qwen2.5-coder:7b,Ubicación vacía,1.138
8146,Flowers,es,Spanish,qwen2.5-coder:7b,Flores,0.651
8147,Value:,es,Spanish,qwen2.5-coder:7b,Valor:,0.621
8148,CPU Frequency:,es,Spanish,qwen2.5-coder:7b,CPU Frecuencia:,1.039
8149,backward (bw),es,Spanish,qwen2.5-coder:7b,atrás (bw),1.046
8150,Delete Object,es,Spanish,qwen2.5-coder:7b,Eliminar Objeto,0.943
8151,StatusNet server:,es,Spanish,qwen2.5-coder:7b,Servidor StatusNet:,0.967
8152,Copies:,es,Spanish,qwen2.5-coder:7b,Copias:,0.833
8153,User_%1,es,Spanish,qwen2.5-coder:7b,Usuario_%1,0.969
8154,Download Speed,es,Spanish,qwen2.5-coder:7b,Velocidad de Descarga,1.189
8155,Shear,es,Spanish,qwen2.5-coder:7b,Rebanar,0.907
8156,Avoid,es,Spanish,qwen2.5-coder:7b,Evita,0.597
8157,Use PFS,es,Spanish,qwen2.5-coder:7b,Usar PFS,1.128
8158,Structure Group Editor,es,Spanish,qwen2.5-coder:7b,Editor de Grupo de Estructura,1.213
8159,Keyboard Map Tool,es,Spanish,qwen2.5-coder:7b,Herramienta de Mapa de Teclado,1.609
8160,Interface,es,Spanish,qwen2.5-coder:7b,Interfaz,0.707
8161,Create New Project,es,Spanish,qwen2.5-coder:7b,Crear Nuevo Proyecto,1.05
8162,ChargedParticleErrors,es,Spanish,qwen2.5-coder:7b,Errores de Partículas Cargadas,1.582
8163,Typewriter - \\texttt{},es,Spanish,qwen2.5-coder:7b,Maquinaria de escribir - \\texttt{},1.91
8164,Translation Units,es,Spanish,qwen2.5-coder:7b,Unidades de Traducción,1.182
8165,Category Medium,es,Spanish,qwen2.5-coder:7b,Categoría Media,0.978
8166,Templates directory,es,Spanish,qwen2.5-coder:7b,Directorio de plantillas,1.176
8167,Yugoslavian Dinar,es,Spanish,qwen2.5-coder:7b,Dinar Yugoslavo,1.0
8168,Connected.,es,Spanish,qwen2.5-coder:7b,Conectado.,0.79
8169,drive partition,es,Spanish,qwen2.5-coder:7b,partición de disco,1.008
8170,MINUTES(time),es,Spanish,qwen2.5-coder:7b,MINUTOS(%s),1.168
8171,Centered,es,Spanish,qwen2.5-coder:7b,Centrado,0.633
8172,Font Size+1,es,Spanish,qwen2.5-coder:7b,Size de Fuente+1,1.268
8173,Background Shading,es,Spanish,qwen2.5-coder:7b,Sombreado de fondo,1.207
8174,A flower,es,Spanish,qwen2.5-coder:7b,Una flor,0.851
8175,searchOption,es,Spanish,qwen2.5-coder:7b,opciónDeBúsqueda,1.12
8176,New name:,es,Spanish,qwen2.5-coder:7b,Nuevo nombre:,0.822
8177,sources,es,Spanish,qwen2.5-coder:7b,fuentes,0.739
8178,Operations Menu,es,Spanish,qwen2.5-coder:7b,Menú de Operaciones,1.167
8179,Cube dimensions: %1x%2x%3,es,Spanish,qwen2.5-coder:7b,Dimensiones del cubo: %1x%2x%3,2.398
8180,Alternative Name,es,Spanish,qwen2.5-coder:7b,Nombre Alternativo,0.769
8181,developer,es,Spanish,qwen2.5-coder:7b,desarrollador,0.827
8182,Opponent:,es,Spanish,qwen2.5-coder:7b,Oponente:,0.903
8183,Medium,es,Spanish,qwen2.5-coder:7b,Medio,0.791
8184,Appearance time:,es,Spanish,qwen2.5-coder:7b,Tiempo de aparición:,1.138
8185,Not Started,es,Spanish,qwen2.5-coder:7b,No Iniciado,0.959
8186,Tardis image,es,Spanish,qwen2.5-coder:7b,Imagen de Tardis,1.209
8187,Key Bindings,es,Spanish,qwen2.5-coder:7b,Teclas de Atajo,1.19
8188,Running....,es,Spanish,qwen2.5-coder:7b,Corriendo....,1.095
8189,Rendering Intent:,es,Spanish,qwen2.5-coder:7b,Intención de Renderizado:,1.179
8190,36 MB or more,es,Spanish,qwen2.5-coder:7b,36 MB o más,1.281
8191,Coloring:,es,Spanish,qwen2.5-coder:7b,Colorear:,0.946
8192,Hold,es,Spanish,qwen2.5-coder:7b,Mantén,0.78
8193,Actions Settings,es,Spanish,qwen2.5-coder:7b,Ajustes de Acciones,1.13
8194,Presence Status,es,Spanish,qwen2.5-coder:7b,Estado de Presencia,0.865
8195,How to obtain & kalzium;,es,Spanish,qwen2.5-coder:7b,¿Cómo obtener & kalzium;,1.513
8196,Audio channel:,es,Spanish,qwen2.5-coder:7b,Canal de audio:,1.045
8197,ImagePlugin_DistortionFX,es,Spanish,qwen2.5-coder:7b,ImagePlugin_EfectoDistorsión,1.625
8198,Run project,es,Spanish,qwen2.5-coder:7b,Ejecutar proyecto,0.944
8199,Log & Out,es,Spanish,qwen2.5-coder:7b,Sal &ir,0.994
8200,Grid spacing:,es,Spanish,qwen2.5-coder:7b,Espaciado de cuadrícula:,1.487
8201,Searches,es,Spanish,qwen2.5-coder:7b,Búsquedas,1.052
8202,Notifications,es,Spanish,qwen2.5-coder:7b,Notificaciones,0.635
8203,Sent,es,Spanish,qwen2.5-coder:7b,Sent,0.706
8204,Participants,es,Spanish,qwen2.5-coder:7b,Participantes,0.684
8205,Key Properties,es,Spanish,qwen2.5-coder:7b,Propiedades Clave,0.818
8206,ImagePlugin_ContentAwareResizing,es,Spanish,qwen2.5-coder:7b,Reajuste Consciente de Imágenes,1.662
8207,Acceleration:,es,Spanish,qwen2.5-coder:7b,Aceleración:,0.898
8208,Referenced Column,es,Spanish,qwen2.5-coder:7b,Columna Referenciada,1.236
8209,Print size:,es,Spanish,qwen2.5-coder:7b,Tamaño de impresión:,1.057
8210,Filtering & action:,es,Spanish,qwen2.5-coder:7b,Filtra y acción:,1.122
8211,Game,es,Spanish,qwen2.5-coder:7b,Juego,0.593
8212,Bibliographic Data (BibTeXML),es,Spanish,qwen2.5-coder:7b,Datos Bibliográficos (BibTeXML),1.643
8213,& Function...,es,Spanish,qwen2.5-coder:7b,& Función...,0.834
8214,Adverb,es,Spanish,qwen2.5-coder:7b,Adverbio,1.002
8215,Column name,es,Spanish,qwen2.5-coder:7b,Nombre de la columna,0.818
8216,Vfs options:,es,Spanish,qwen2.5-coder:7b,Opciones de Vfs:,1.063
8217,Track Comment,es,Spanish,qwen2.5-coder:7b,Comentario de la pista,1.235
8218,Hand writing,es,Spanish,qwen2.5-coder:7b,Escritura a mano,0.906
8219,Lower Austria,es,Spanish,qwen2.5-coder:7b,Austria Inferior,0.856
8220,Source Medium,es,Spanish,qwen2.5-coder:7b,Medio de Origen,1.109
8221,Date Correction:,es,Spanish,qwen2.5-coder:7b,Corrección de Fecha:,1.091
8222,green:,es,Spanish,qwen2.5-coder:7b,verde:,0.702
8223,File Naming Scheme,es,Spanish,qwen2.5-coder:7b,Esquema de Nomenclatura de Archivos,1.423
8224,(body part),es,Spanish,qwen2.5-coder:7b,(Parte del cuerpo),0.977
8225,Early Start,es,Spanish,qwen2.5-coder:7b,Inicio Temprano,1.041
8226,Spanish (Paraguay),es,Spanish,qwen2.5-coder:7b,Español (Paraguay),1.212
8227,Document Structure Tree,es,Spanish,qwen2.5-coder:7b,Árbol de Estructura de Documento,1.597
8228,See The & khelpcenter;.,es,Spanish,qwen2.5-coder:7b,Ver & khelpcenter;.,1.386
8229,Launch Feedback,es,Spanish,qwen2.5-coder:7b,Lanza Feedback,0.85
8230,group password,es,Spanish,qwen2.5-coder:7b,contraseña del grupo,1.016
8231,Browsing,es,Spanish,qwen2.5-coder:7b,Navegando,0.8
8232,Logon home:,es,Spanish,qwen2.5-coder:7b,Inicio de sesión:,0.923
8233,Transfer details:,es,Spanish,qwen2.5-coder:7b,Detalles de transferencia:,1.123
8234,Contents of %1,es,Spanish,qwen2.5-coder:7b,Contenido de %1,1.021
8235,Window title:,es,Spanish,qwen2.5-coder:7b,Nombre de la ventana:,1.046
8236,& Rename Account,es,Spanish,qwen2.5-coder:7b,& Cambiar Nombre de Cuenta,1.238
8237,Uppercase letters,es,Spanish,qwen2.5-coder:7b,Letras mayúsculas,1.343
8238,Sierra Leone,es,Spanish,qwen2.5-coder:7b,Sierra Leone,0.783
8239,LaTeX Environment,es,Spanish,qwen2.5-coder:7b,Entorno LaTeX,0.784
8240,Search results:,es,Spanish,qwen2.5-coder:7b,Resultados de búsqueda:,1.003
8241,Graphics,es,Spanish,qwen2.5-coder:7b,Gráficos,0.681
8242,Extra Files,es,Spanish,qwen2.5-coder:7b,Archivos Adicionales,0.928
8243,Resource,es,Spanish,qwen2.5-coder:7b,Recurso,0.584
8244,KDE version:,es,Spanish,qwen2.5-coder:7b,Versión de KDE:,1.06
8245,& kde; on & AIX;?,es,Spanish,qwen2.5-coder:7b,& kde; en & AIX;?,1.674
8246,Output levels,es,Spanish,qwen2.5-coder:7b,Niveles de salida,0.932
8247,"Letter, Grayscale",es,Spanish,qwen2.5-coder:7b,"Letra, Escala de grises",1.531
8248,& ktimetracker;,es,Spanish,qwen2.5-coder:7b,& ktimetracker;,1.105
8249,Locality,es,Spanish,qwen2.5-coder:7b,Localidad,0.678
8250,Project Views,es,Spanish,qwen2.5-coder:7b,Vistas del Proyecto,1.149
8251,Cisco - FC Storage,es,Spanish,qwen2.5-coder:7b,Cisco - Almacenamiento FC,1.131
8252,Median:,es,Spanish,qwen2.5-coder:7b,Mediana:,0.822
8253,Animate Effect,es,Spanish,qwen2.5-coder:7b,Animar Efecto,1.117
8254,A %1 (custom widget),es,Spanish,qwen2.5-coder:7b,A %1 (widget personalizado),1.398
8255,Pressure,es,Spanish,qwen2.5-coder:7b,Presión,0.641
8256,State Toolbar,es,Spanish,qwen2.5-coder:7b,Barra de Estado,1.069
8257,Edit Type,es,Spanish,qwen2.5-coder:7b,Editar Tipo,0.812
8258,Transfer Progress,es,Spanish,qwen2.5-coder:7b,Progreso de Transferencia,1.084
8259,Minimum value:,es,Spanish,qwen2.5-coder:7b,Valor mínimo:,0.85
8260,Staple,es,Spanish,qwen2.5-coder:7b,Clamp,0.901
8261,Containers,es,Spanish,qwen2.5-coder:7b,Contenedores,0.923
8262,Church Organ,es,Spanish,qwen2.5-coder:7b,Organo de Iglesia,1.161
8263,"GUI design, plugins",es,Spanish,qwen2.5-coder:7b,"Diseño de interfaz gráfica, complementos",1.798
8264,& smime; signing certificate,es,Spanish,qwen2.5-coder:7b,& Firma de certificado S/MIME,1.448
8265,Space,es,Spanish,qwen2.5-coder:7b,Espacio,0.673
8266,Project's database name:,es,Spanish,qwen2.5-coder:7b,Nombre de la base de datos del proyecto:,1.537
8267,Update interval:,es,Spanish,qwen2.5-coder:7b,Intervalo de actualización:,1.01
8268,KOrganizer Part Interface,es,Spanish,qwen2.5-coder:7b,Interfaz de Parte de KOrganizer,1.507
8269,Parent directory,es,Spanish,qwen2.5-coder:7b,Directorio padre,0.723
8270,COUNTBLANK(range),es,Spanish,qwen2.5-coder:7b,CONTARBLANCOS(rango),1.406
8271,Alarm List,es,Spanish,qwen2.5-coder:7b,Lista de Alarmas,1.054
8272,Photograph Restoration,es,Spanish,qwen2.5-coder:7b,Restauración de Fotografías,1.339
8273,Textured,es,Spanish,qwen2.5-coder:7b,Texturizado,0.731
8274,A Major,es,Spanish,qwen2.5-coder:7b,Un Gran,0.86
8275,Remote IP address (for tunnel),es,Spanish,qwen2.5-coder:7b,Dirección IP remota (para túnel),1.695
8276,Page size,es,Spanish,qwen2.5-coder:7b,Tamaño de página,0.939
8277,Computer Difficulty,es,Spanish,qwen2.5-coder:7b,Dificultad del Computador,1.206
8278,Channel & List,es,Spanish,qwen2.5-coder:7b,Canal & Lista,0.88
8279,new_association,es,Spanish,qwen2.5-coder:7b,nueva_asociación,1.196
8280,House number,es,Spanish,qwen2.5-coder:7b,Número de casa,0.724
8281,Colour Correction Mode,es,Spanish,qwen2.5-coder:7b,Modo de Corrección de Color,1.428
8282,Password hash:,es,Spanish,qwen2.5-coder:7b,Hash de contraseña:,0.936
8283,Context annotation plugin,es,Spanish,qwen2.5-coder:7b,Complemento de anotación de contexto,1.575
8284,Mnt. Point,es,Spanish,qwen2.5-coder:7b,Punto Mnt.,1.012
8285,Day length:,es,Spanish,qwen2.5-coder:7b,Duración del día:,1.058
8286,Warning Dialogs,es,Spanish,qwen2.5-coder:7b,Diálogos de Aviso,1.367
8287,Confirmations,es,Spanish,qwen2.5-coder:7b,Confirmaciones,0.625
8288,Source Position,es,Spanish,qwen2.5-coder:7b,Posición de Origen,1.167
8289,Trails,es,Spanish,qwen2.5-coder:7b,Senderos,0.641
8290,Burning,es,Spanish,qwen2.5-coder:7b,Quemando,0.733
8291,deleting,es,Spanish,qwen2.5-coder:7b,eliminando,0.93
8292,direction filter,es,Spanish,qwen2.5-coder:7b,filtrador de dirección,1.026
8293,Adjust Curve,es,Spanish,qwen2.5-coder:7b,Ajustar Curva,0.927
8294,10% of Node,es,Spanish,qwen2.5-coder:7b,10% de Nodo,1.38
8295,File Comparison Mode,es,Spanish,qwen2.5-coder:7b,Modo de Comparación de Archivos,1.432
8296,4 for Slackware,es,Spanish,qwen2.5-coder:7b,4 para Slackware,1.098
8297,Size of Cell,es,Spanish,qwen2.5-coder:7b,Tamaño de la Celda,1.221
8298,Collaboration Message,es,Spanish,qwen2.5-coder:7b,Mensaje de Colaboración,1.19
8299,of May,es,Spanish,qwen2.5-coder:7b,de mayo,0.642
8300,& Devices List,es,Spanish,qwen2.5-coder:7b,& Lista de Dispositivos,1.052
8301,Signature Editor,es,Spanish,qwen2.5-coder:7b,Editor de Firma,0.86
8302,PIM Synchronization,es,Spanish,qwen2.5-coder:7b,Sincronización PIM,1.135
8303,Input file,es,Spanish,qwen2.5-coder:7b,Archivo de entrada,0.922
8304,Goal Seeking,es,Spanish,qwen2.5-coder:7b,Buscando Objetivos,1.19
8305,Metalink published,es,Spanish,qwen2.5-coder:7b,Metalink publicó,1.094
8306,No replacements made.,es,Spanish,qwen2.5-coder:7b,No se realizaron reemplazos.,1.359
8307,TNEF Correlation Key,es,Spanish,qwen2.5-coder:7b,Clave de Correlación TNEF,1.473
8308,Force tabs,es,Spanish,qwen2.5-coder:7b,Obligar pestañas,1.293
8309,Topic,es,Spanish,qwen2.5-coder:7b,Temática,0.833
8310,Collection List,es,Spanish,qwen2.5-coder:7b,Lista de Colección,1.104
8311,CPU Architecture,es,Spanish,qwen2.5-coder:7b,Arquitectura de CPU,1.29
8312,Russia,es,Spanish,qwen2.5-coder:7b,Rusia,0.732
8313,Exposure:,es,Spanish,qwen2.5-coder:7b,Exposición:,0.852
8314,"Best regards,",es,Spanish,qwen2.5-coder:7b,"Mejores saludos,",1.118
8315,Preparation Method,es,Spanish,qwen2.5-coder:7b,Metodo de Preparación,1.225
8316,Altitude at noon:,es,Spanish,qwen2.5-coder:7b,Altitud a mediodía:,1.292
8317,PGP 6 compatibility,es,Spanish,qwen2.5-coder:7b,Compatibilidad con PGP 6,1.207
8318,IFHP Driver (%1),es,Spanish,qwen2.5-coder:7b,Controlador IFHP (%1),1.403
8319,Enrollment timer event,es,Spanish,qwen2.5-coder:7b,Evento del temporizador de inscripción,1.509
8320,Without,es,Spanish,qwen2.5-coder:7b,Sin,0.508
8321,Lava-Island,es,Spanish,qwen2.5-coder:7b,Isla-Lava,0.991
8322,KTTSD Phonon audio plugin,es,Spanish,qwen2.5-coder:7b,KTTSD Plugin de audio Phonon,1.654
8323,RoyalBlue1,es,Spanish,qwen2.5-coder:7b,RoyalBlue1,0.807
8324,Sudden Winds,es,Spanish,qwen2.5-coder:7b,Vientos Súbitos,1.089
8325,Credit:,es,Spanish,qwen2.5-coder:7b,Crédito:,0.92
8326,Bookmark Properties,es,Spanish,qwen2.5-coder:7b,Propiedades del marcador,0.936
8327,List Box,es,Spanish,qwen2.5-coder:7b,Cuadro de Lista,1.04
8328,Grid color:,es,Spanish,qwen2.5-coder:7b,Color de la cuadrícula:,1.36
8329,WX rotation speed,es,Spanish,qwen2.5-coder:7b,Velocidad de rotación WX,1.383
8330,Main text,es,Spanish,qwen2.5-coder:7b,Texto principal,0.648
8331,Summary Selection,es,Spanish,qwen2.5-coder:7b,Selección de Resumen,1.028
8332,Media size:,es,Spanish,qwen2.5-coder:7b,Tamaño de medio:,0.956
8333,Batch Queue Manager,es,Spanish,qwen2.5-coder:7b,Administrador de Cola por Lotes,1.495
8334,localPosition1Variance,es,Spanish,qwen2.5-coder:7b,varianzaLocalPosition1,1.342
8335,Refine Path,es,Spanish,qwen2.5-coder:7b,Mejora Ruta,1.183
8336,Hor. Alignment,es,Spanish,qwen2.5-coder:7b,Alineación Hor.,0.966
8337,Indentation amount:,es,Spanish,qwen2.5-coder:7b,"Indentación:""
```",1.037
8338,Account type,es,Spanish,qwen2.5-coder:7b,Tipo de cuenta,0.751
8339,Project major version,es,Spanish,qwen2.5-coder:7b,Versión mayor del proyecto,1.162
8340,& Image size type:,es,Spanish,qwen2.5-coder:7b,&Tipo de tamaño de imagen:,1.222
8341,Secure:,es,Spanish,qwen2.5-coder:7b,Seguro:,0.86
8342,kind,es,Spanish,qwen2.5-coder:7b,amable,0.819
8343,Variance (Dur),es,Spanish,qwen2.5-coder:7b,Varianza (Dur),1.194
8344,NetBIOS name:,es,Spanish,qwen2.5-coder:7b,Nombre NetBIOS:,0.973
8345,disks,es,Spanish,qwen2.5-coder:7b,discos,0.622
8346,Folder selection,es,Spanish,qwen2.5-coder:7b,Selección de carpeta,0.956
8347,Could not open %1,es,Spanish,qwen2.5-coder:7b,No se pudo abrir %1,1.228
8348,Active Downloads,es,Spanish,qwen2.5-coder:7b,Descargas Activas,0.806
8349,LDAP User filter,es,Spanish,qwen2.5-coder:7b,Filtro de usuario LDAP,0.976
8350,Phone,es,Spanish,qwen2.5-coder:7b,Teléfono,0.612
8351,Start & time:,es,Spanish,qwen2.5-coder:7b,Comenzar & tiempo:,1.171
8352,Gadu-Gadu contacts list,es,Spanish,qwen2.5-coder:7b,Lista de contactos de Gadu-Gadu,1.884
8353,Never,es,Spanish,qwen2.5-coder:7b,Nunca,0.728
8354,layout,es,Spanish,qwen2.5-coder:7b,diseño,0.824
8355,Time Zone,es,Spanish,qwen2.5-coder:7b,Zona Horaria,0.843
8356,File Manager,es,Spanish,qwen2.5-coder:7b,Gestor de Archivos,1.008
8357,Resolution Enhancement,es,Spanish,qwen2.5-coder:7b,Mejora de Resolución,1.013
8358,Anti-alias lines,es,Spanish,qwen2.5-coder:7b,Anti-alias líneas,1.188
8359,Constant of Gravitation,es,Spanish,qwen2.5-coder:7b,Constante de Gravedad,1.374
8360,Curves Adjust...,es,Spanish,qwen2.5-coder:7b,Ajustar Curvas...,1.045
8361,Position Slider,es,Spanish,qwen2.5-coder:7b,Deslizador de Posición,0.98
8362,Playlist Information,es,Spanish,qwen2.5-coder:7b,Información de la lista de reproducción,1.377
8363,Velocity,es,Spanish,qwen2.5-coder:7b,Velocidad,0.731
8364,Attach Label,es,Spanish,qwen2.5-coder:7b,Adjuntar Etiqueta,1.16
8365,Slider Control Settings,es,Spanish,qwen2.5-coder:7b,Configuración del Control deslizante,1.657
8366,Traffic,es,Spanish,qwen2.5-coder:7b,Tráfico,0.809
8367,Password file,es,Spanish,qwen2.5-coder:7b,Archivo de contraseña,0.931
8368,SteelBlue1,es,Spanish,qwen2.5-coder:7b,SteelBlue1,0.784
8369,Cancel,es,Spanish,qwen2.5-coder:7b,Cancelar,0.501
8370,Slide Show,es,Spanish,qwen2.5-coder:7b,Diapositivas,0.857
8371,End Date,es,Spanish,qwen2.5-coder:7b,Fecha Final,0.623
8372,Pre-amp,es,Spanish,qwen2.5-coder:7b,Preamp,0.832
8373,JPEG 2000 quality:,es,Spanish,qwen2.5-coder:7b,Calidad JPEG 2000:,1.584
8374,LightSkyBlue2,es,Spanish,qwen2.5-coder:7b,Aqua,0.703
8375,Channel: %1_,es,Spanish,qwen2.5-coder:7b,Canal: %1_,1.265
8376,Panel Background,es,Spanish,qwen2.5-coder:7b,Panel de fondo,0.942
8377,network,es,Spanish,qwen2.5-coder:7b,red,0.521
8378,Sudoku Game,es,Spanish,qwen2.5-coder:7b,Juego de Sudoku,0.862
8379,application,es,Spanish,qwen2.5-coder:7b,aplicación,0.907
8380,by Date/ Time,es,Spanish,qwen2.5-coder:7b,por Fecha/Hora,1.145
8381,X funky,es,Spanish,qwen2.5-coder:7b,X funky,0.813
8382,Fax System Selection,es,Spanish,qwen2.5-coder:7b,Selección del Sistema de Fax,1.276
8383,Replacement,es,Spanish,qwen2.5-coder:7b,Reemplazo,0.716
8384,Using & kmail;,es,Spanish,qwen2.5-coder:7b,Usando & kmail;,1.226
8385,Job Tracker,es,Spanish,qwen2.5-coder:7b,Seguimiento de Trabajos,1.151
8386,Rating Filter,es,Spanish,qwen2.5-coder:7b,Filtro de Calificación,0.935
8387,Preserve hard links,es,Spanish,qwen2.5-coder:7b,Mantener enlaces duros,1.257
8388,By Date/ Time,es,Spanish,qwen2.5-coder:7b,Por Fecha/Hora,1.052
8389,Hendrik vom Lehn (hennevl at hennevl de): Developer,es,Spanish,qwen2.5-coder:7b,Hendrik von Lehn (hennevl at hennevl de): Desarrollador,2.919
8390,Away message:,es,Spanish,qwen2.5-coder:7b,Mensaje de ausencia:,1.033
8391,File Size Viewer,es,Spanish,qwen2.5-coder:7b,Visualizador de Tamaño de Archivo,1.435
8392,Reviewer,es,Spanish,qwen2.5-coder:7b,Revisor,0.795
8393,Trackers,es,Spanish,qwen2.5-coder:7b,Seguimientos,0.712
8394,Integration Settings,es,Spanish,qwen2.5-coder:7b,Configuración de Integración,1.019
8395,localPosition2,es,Spanish,qwen2.5-coder:7b,localPosition2,0.743
8396,& Music,es,Spanish,qwen2.5-coder:7b,& Música,0.848
8397,MediumSlateBlue,es,Spanish,qwen2.5-coder:7b,MediumSlateBlue,1.213
8398,%1 user,es,Spanish,qwen2.5-coder:7b,%1 usuario,0.924
8399,"The ""%1"" script output:",es,Spanish,qwen2.5-coder:7b,"La salida del script ""%1"":",1.428
8400,Tabular Environments,es,Spanish,qwen2.5-coder:7b,Entornos Tabulares,1.173
8401,KDM configuration,es,Spanish,qwen2.5-coder:7b,Configuración de KDM,1.223
8402,Fold,es,Spanish,qwen2.5-coder:7b,Contraer,0.881
8403,Line Feed Adjustment,es,Spanish,qwen2.5-coder:7b,Ajuste de Salto de Línea,1.505
8404,& Playground,es,Spanish,qwen2.5-coder:7b,& Jardín de recreación,1.145
8405,Assignments,es,Spanish,qwen2.5-coder:7b,Asignaciones,0.807
8406,Backup Profiles,es,Spanish,qwen2.5-coder:7b,Perfiles de Copia de Seguridad,1.255
8407,Density File,es,Spanish,qwen2.5-coder:7b,Archivo de Densidad,0.932
8408,Icon List,es,Spanish,qwen2.5-coder:7b,Lista de Iconos,1.007
8409,& System connection,es,Spanish,qwen2.5-coder:7b,& Conexión del sistema,1.212
8410,Function & 9:,es,Spanish,qwen2.5-coder:7b,Función & 9:,1.241
8411,backward X,es,Spanish,qwen2.5-coder:7b,atrás X,0.951
8412,Disk Copy,es,Spanish,qwen2.5-coder:7b,Clonar Disco,1.012
8413,Color wheel,es,Spanish,qwen2.5-coder:7b,Rueda de colores,1.044
8414,Black Printing Mode,es,Spanish,qwen2.5-coder:7b,Modo de Impresión Negra,1.427
8415,Plugin Manager,es,Spanish,qwen2.5-coder:7b,Administrador de complementos,1.102
8416,Properties,es,Spanish,qwen2.5-coder:7b,Propiedades,0.588
8417,OpenGL Image Viewer...,es,Spanish,qwen2.5-coder:7b,Visualizador de Imágenes OpenGL...,1.255
8418,is / is not,es,Spanish,qwen2.5-coder:7b,es / no es,1.155
8419,Navigation Settings.,es,Spanish,qwen2.5-coder:7b,Configuración de Navegación.,1.475
8420,Input File:,es,Spanish,qwen2.5-coder:7b,Archivo de Entrada:,1.058
8421,& kexi; Developers:,es,Spanish,qwen2.5-coder:7b,& kexi; Desarrolladores:,1.543
8422,Profile description,es,Spanish,qwen2.5-coder:7b,Descripción del perfil,1.04
8423,Assembly Instructions,es,Spanish,qwen2.5-coder:7b,Instrucciones de Ensamblaje,1.221
8424,Red Wine,es,Spanish,qwen2.5-coder:7b,Vino Rojo,0.828
8425,Pyruvic Acid,es,Spanish,qwen2.5-coder:7b,Ácido Piruvílico,1.119
8426,Trail length,es,Spanish,qwen2.5-coder:7b,Longitud de la trilha,1.196
8427,anonymous,es,Spanish,qwen2.5-coder:7b,anónimo,0.688
8428,Starting the & kcontrol;,es,Spanish,qwen2.5-coder:7b,Iniciando el & kcontrol;,1.401
8429,Random Data,es,Spanish,qwen2.5-coder:7b,Datos Aleatorios,0.86
8430,Calculated,es,Spanish,qwen2.5-coder:7b,Calculado,0.854
8431,& Search for:,es,Spanish,qwen2.5-coder:7b,& Buscar:,0.859
8432,Default Applications,es,Spanish,qwen2.5-coder:7b,Aplicaciones Predeterminadas,1.074
8433,XSync Based (recommended),es,Spanish,qwen2.5-coder:7b,XSync Basado (recomendado),1.704
8434,Textquote:,es,Spanish,qwen2.5-coder:7b,Texto de cita:,0.949
8435,Precision:,es,Spanish,qwen2.5-coder:7b,Precisión:,0.811
8436,Pilot & user:,es,Spanish,qwen2.5-coder:7b,Piloto y usuario:,1.065
8437,System group:,es,Spanish,qwen2.5-coder:7b,Grupo del sistema:,0.951
8438,Animate icons,es,Spanish,qwen2.5-coder:7b,Animar iconos,1.048
8439,Adaptive Random,es,Spanish,qwen2.5-coder:7b,Adaptativo Aleatorio,1.217
8440,Image Management,es,Spanish,qwen2.5-coder:7b,Gestión de Imágenes,1.151
8441,Hong Kong Dollar,es,Spanish,qwen2.5-coder:7b,Dólar de Hong Kong,1.116
8442,Elevation (meters):,es,Spanish,qwen2.5-coder:7b,Elevación (metros):,1.352
8443,no medium,es,Spanish,qwen2.5-coder:7b,ningún medio,0.957
8444,Duplicate,es,Spanish,qwen2.5-coder:7b,Duplicar,0.706
8445,Account Delete Account,es,Spanish,qwen2.5-coder:7b,Eliminar Cuenta,1.018
8446,Remove record,es,Spanish,qwen2.5-coder:7b,Eliminar registro,0.832
8447,All Dates,es,Spanish,qwen2.5-coder:7b,Todas las Fechas,1.113
8448,state diagram,es,Spanish,qwen2.5-coder:7b,diagrama de estado,0.915
8449,Appendable %1 medium,es,Spanish,qwen2.5-coder:7b,Medio %1 añadible,1.402
8450,Ctrl; F Find...,es,Spanish,qwen2.5-coder:7b,Ctrl; F Buscar...,1.075
8451,& Round Corners...,es,Spanish,qwen2.5-coder:7b,& Redondear Esquinas...,1.28
8452,Relations,es,Spanish,qwen2.5-coder:7b,Relaciones,0.612
8453,False,es,Spanish,qwen2.5-coder:7b,Falso,0.635
8454,Custom Type 3,es,Spanish,qwen2.5-coder:7b,Tipo Personalizado 3,1.04
8455,Pipes - another (GL),es,Spanish,qwen2.5-coder:7b,Conductos - otro (GL),1.464
8456,News Article,es,Spanish,qwen2.5-coder:7b,Artículo de Noticias,0.945
8457,Host name,es,Spanish,qwen2.5-coder:7b,Nombre del servidor,0.715
8458,Choose Object,es,Spanish,qwen2.5-coder:7b,Elige Objeto,1.025
8459,CRET Color,es,Spanish,qwen2.5-coder:7b,Color CRET,0.97
8460,One,es,Spanish,qwen2.5-coder:7b,Uno,0.701
8461,Placeholder shape,es,Spanish,qwen2.5-coder:7b,Forma de marcador,1.137
8462,Start Date,es,Spanish,qwen2.5-coder:7b,Fecha de inicio,0.735
8463,for White,es,Spanish,qwen2.5-coder:7b,para Blanco,0.876
8464,Menu Activation,es,Spanish,qwen2.5-coder:7b,Activación del Menú,1.155
8465,Translation Memory,es,Spanish,qwen2.5-coder:7b,Memoria de Traducción,1.182
8466,Thread leader:,es,Spanish,qwen2.5-coder:7b,Líder de hilo:,1.165
8467,Address Book Associations,es,Spanish,qwen2.5-coder:7b,Associaciones del Libro de Direcciones,1.597
8468,Shortcut name: q,es,Spanish,qwen2.5-coder:7b,Nombre del atajo: q,1.327
8469,XSkat French,es,Spanish,qwen2.5-coder:7b,XSkat Francés,1.05
8470,Screen,es,Spanish,qwen2.5-coder:7b,Pantalla,0.694
8471,Pencil size:,es,Spanish,qwen2.5-coder:7b,Tamaño de lápiz:,1.135
8472,speed1 gamma,es,Spanish,qwen2.5-coder:7b,velocidad1 gamma,1.136
8473,is before,es,Spanish,qwen2.5-coder:7b,está antes de,1.031
8474,CImg Image restoration filter,es,Spanish,qwen2.5-coder:7b,Filter de restauración de imagen CImg,1.506
8475,& Points,es,Spanish,qwen2.5-coder:7b,& Puntos,0.755
8476,Column positions,es,Spanish,qwen2.5-coder:7b,Posiciones de las columnas,1.335
8477,Ships: %1,es,Spanish,qwen2.5-coder:7b,Barcos: %1,1.291
8478,ends with '#V1S# ',es,Spanish,qwen2.5-coder:7b,termina con '#V1S# ,1.609
8479,Draw horizon?,es,Spanish,qwen2.5-coder:7b,¿Dibujar horizonte?,1.463
8480,Grade Boxes,es,Spanish,qwen2.5-coder:7b,Cuadros de Calificación,1.189
8481,TIFF Image (. tiff),es,Spanish,qwen2.5-coder:7b,Imagen TIFF (. tiff),1.24
8482,Composing,es,Spanish,qwen2.5-coder:7b,Componiendo,0.913
8483,Mask Name:,es,Spanish,qwen2.5-coder:7b,Nombre de la Máscara:,1.197
8484,& Tree View,es,Spanish,qwen2.5-coder:7b,& Vista de Árbol,1.083
8485,Selected stations:,es,Spanish,qwen2.5-coder:7b,Estaciones seleccionadas:,1.076
8486,Video bit rate,es,Spanish,qwen2.5-coder:7b,Velocidad de bits del video,1.429
8487,(no trace parts),es,Spanish,qwen2.5-coder:7b,(sin partes de rastreo),1.289
8488,Set a protocol:,es,Spanish,qwen2.5-coder:7b,Establece un protocolo:,1.248
8489,read-only,es,Spanish,qwen2.5-coder:7b,solo lectura,0.815
8490,Main frame,es,Spanish,qwen2.5-coder:7b,Marco principal,0.637
8491,Input device controller,es,Spanish,qwen2.5-coder:7b,Controlador de dispositivo de entrada,1.103
8492,torrent files,es,Spanish,qwen2.5-coder:7b,archivos torrent,0.741
8493,Definition expression:,es,Spanish,qwen2.5-coder:7b,Expresión de definición:,1.191
8494,Picture Altitude:,es,Spanish,qwen2.5-coder:7b,Altitud de la Imagen:,1.223
8495,First Run,es,Spanish,qwen2.5-coder:7b,Primera Ejecución,1.088
8496,Right-Microphone,es,Spanish,qwen2.5-coder:7b,Microfono Derecho,1.105
8497,Default profile,es,Spanish,qwen2.5-coder:7b,Perfil predeterminado,0.84
8498,Mount Tape,es,Spanish,qwen2.5-coder:7b,Montar Cinta,0.82
8499,System Info,es,Spanish,qwen2.5-coder:7b,Info del Sistema,0.895
8500,Code Viewer -,es,Spanish,qwen2.5-coder:7b,Visualizador de Código -,1.136
8501,This year:,es,Spanish,qwen2.5-coder:7b,Este año:,0.86
8502,thistle3,es,Spanish,qwen2.5-coder:7b,cardo3,0.988
8503,Personal suffixes:,es,Spanish,qwen2.5-coder:7b,Sufijos personales:,1.186
8504,Quote characters,es,Spanish,qwen2.5-coder:7b,Caracteres de cita,1.108
8505,Signing key:,es,Spanish,qwen2.5-coder:7b,Clave de firma:,1.041
8506,Priority:,es,Spanish,qwen2.5-coder:7b,Prioridad:,0.787
8507,vocabulary,es,Spanish,qwen2.5-coder:7b,vocabulario,0.625
8508,Toggle Auto,es,Spanish,qwen2.5-coder:7b,Alternar Auto,0.93
8509,Weather Station Configuration,es,Spanish,qwen2.5-coder:7b,Configuración de Estación Meteorológica,1.515
8510,Female Child,es,Spanish,qwen2.5-coder:7b,Niña,0.633
8511,Sky culture,es,Spanish,qwen2.5-coder:7b,Cultura del cielo,1.152
8512,Turkish Lira A/ 05,es,Spanish,qwen2.5-coder:7b,Lira Turca A/ 05,1.62
8513,First sector:,es,Spanish,qwen2.5-coder:7b,Primer sector:,0.907
8514,Pakistan Rupee,es,Spanish,qwen2.5-coder:7b,Peso Pakístani,1.211
8515,Included through,es,Spanish,qwen2.5-coder:7b,Incluido a través de,1.168
8516,Partition information,es,Spanish,qwen2.5-coder:7b,Información de partición,1.16
8517,Max size,es,Spanish,qwen2.5-coder:7b,Tamaño máximo,0.738
8518,Bill,es,Spanish,qwen2.5-coder:7b,Factura,0.6
8519,Busy response:,es,Spanish,qwen2.5-coder:7b,Respuesta ocupada:,0.996
8520,Media Player,es,Spanish,qwen2.5-coder:7b,Reproductor Multimedia,0.848
8521,Idle time:,es,Spanish,qwen2.5-coder:7b,Tiempo inactivo:,0.941
8522,Feature Check,es,Spanish,qwen2.5-coder:7b,Verificación de Funcionalidad,1.206
8523,Audio Output,es,Spanish,qwen2.5-coder:7b,Salida de Audio,1.071
8524,Very high (4x sampling),es,Spanish,qwen2.5-coder:7b,Muy alto (4x muestreo),1.598
8525,Lithuanian Litas,es,Spanish,qwen2.5-coder:7b,Lituano Litas,1.111
8526,Part Function,es,Spanish,qwen2.5-coder:7b,Función del Parte,0.937
8527,Bin 1 (Side),es,Spanish,qwen2.5-coder:7b,Bin 1 (Lado),1.251
8528,& Output folder:,es,Spanish,qwen2.5-coder:7b,& Carpeta de salida:,1.041
8529,Customizing & cervisia;,es,Spanish,qwen2.5-coder:7b,Personalizar & cervisia;,1.293
8530,Scoring,es,Spanish,qwen2.5-coder:7b,Puntuación,0.837
8531,Envelope Feeder,es,Spanish,qwen2.5-coder:7b,Receptor de Envelopes,1.318
8532,At date/ time:,es,Spanish,qwen2.5-coder:7b,En fecha/hora:,1.111
8533,KDE User Manager,es,Spanish,qwen2.5-coder:7b,Administrador de Usuarios de KDE,1.271
8534,Calculate,es,Spanish,qwen2.5-coder:7b,Calcular,0.583
8535,Previous Function,es,Spanish,qwen2.5-coder:7b,Función Anterior,0.808
8536,Ground,es,Spanish,qwen2.5-coder:7b,Tierra,0.574
8537,Content Items,es,Spanish,qwen2.5-coder:7b,Elementos de Contenido,1.105
8538,End of line,es,Spanish,qwen2.5-coder:7b,Fin de línea,0.959
8539,New TCP/ IP,es,Spanish,qwen2.5-coder:7b,Nuevo TCP/IP,1.015
8540,Most Recent,es,Spanish,qwen2.5-coder:7b,Reciente,0.846
8541,Gold Bars,es,Spanish,qwen2.5-coder:7b,Medallas de Oro,1.052
8542,Today:,es,Spanish,qwen2.5-coder:7b,Hoy:,0.749
8543,Exception,es,Spanish,qwen2.5-coder:7b,Excepción,0.722
8544,Magazine,es,Spanish,qwen2.5-coder:7b,Revista,0.836
8545,Custom Document,es,Spanish,qwen2.5-coder:7b,Documento Personalizado,0.94
8546,First step,es,Spanish,qwen2.5-coder:7b,Primera etapa,1.017
8547,DeepSkyBlue4,es,Spanish,qwen2.5-coder:7b,DeepSkyBlue4,1.07
8548,overall,es,Spanish,qwen2.5-coder:7b,general,0.715
8549,Search Configuration,es,Spanish,qwen2.5-coder:7b,Configuración de Búsqueda,1.266
8550,Top right:,es,Spanish,qwen2.5-coder:7b,Arriba a la derecha:,1.284
8551,Activated,es,Spanish,qwen2.5-coder:7b,Activado,0.649
8552,Task Name:,es,Spanish,qwen2.5-coder:7b,Nombre de la tarea:,0.926
8553,Grid resolution,es,Spanish,qwen2.5-coder:7b,Resolución de cuadrícula,1.318
8554,Standard Package,es,Spanish,qwen2.5-coder:7b,Paquete Estándar,0.971
8555,Color Configuration.,es,Spanish,qwen2.5-coder:7b,Configuración de Color.,1.048
8556,Player 1:,es,Spanish,qwen2.5-coder:7b,Jugador 1:,1.022
8557,Red: Oldest item.,es,Spanish,qwen2.5-coder:7b,Red: Elemento más antiguo.,1.4
8558,View Zoom,es,Spanish,qwen2.5-coder:7b,Ver Zoom,0.787
8559,Jamaican Dollar,es,Spanish,qwen2.5-coder:7b,Dólar Jamaicano,1.1
8560,& 2D Graph,es,Spanish,qwen2.5-coder:7b,& 2D Gráfico,1.224
8561,Colour correction,es,Spanish,qwen2.5-coder:7b,Corrección de color,1.21
8562,User Toolbar,es,Spanish,qwen2.5-coder:7b,Barra de Herramientas del Usuario,1.474
8563,Comparison,es,Spanish,qwen2.5-coder:7b,Comparación,0.622
8564,SmartMedia Card Reader,es,Spanish,qwen2.5-coder:7b,Lector de tarjeta SmartMedia,1.458
8565,Permissions,es,Spanish,qwen2.5-coder:7b,Permisos,0.697
8566,Copyright (c) 2009 The Granatier Team!,es,Spanish,qwen2.5-coder:7b,Copyright (c) 2009 El Equipo Granatier!,2.549
8567,Created on,es,Spanish,qwen2.5-coder:7b,Creado el,0.96
8568,Called: %1,es,Spanish,qwen2.5-coder:7b,Llamado: %1,1.215
8569,Welcome screen,es,Spanish,qwen2.5-coder:7b,Pantalla de bienvenida,1.146
8570,Toolviews,es,Spanish,qwen2.5-coder:7b,Vistas de herramientas,1.095
8571,PGP Warning,es,Spanish,qwen2.5-coder:7b,Aviso PGP,0.851
8572,Hungary,es,Spanish,qwen2.5-coder:7b,Hungria,0.847
8573,Styles,es,Spanish,qwen2.5-coder:7b,Estilos,0.617
8574,How to obtain & kpager;,es,Spanish,qwen2.5-coder:7b,¿Cómo obtener & kpager;,1.395
8575,Zoom to & 100%,es,Spanish,qwen2.5-coder:7b,Zoom a & 100%,1.517
8576,Perl Location:,es,Spanish,qwen2.5-coder:7b,Ubicación de Perl:,1.196
8577,cvs edit file names,es,Spanish,qwen2.5-coder:7b,cvs editar nombres de archivos,1.261
8578,underline,es,Spanish,qwen2.5-coder:7b,subrayar,0.682
8579,Use of Icon,es,Spanish,qwen2.5-coder:7b,Uso de Ícono,1.27
8580,Party,es,Spanish,qwen2.5-coder:7b,Reunión,0.909
8581,Effect Toolbar,es,Spanish,qwen2.5-coder:7b,Barra de Efectos,1.282
8582,Constellation Lines,es,Spanish,qwen2.5-coder:7b,Líneas de Constelación,1.177
8583,Directions,es,Spanish,qwen2.5-coder:7b,Direcciones,0.602
8584,Grading Service,es,Spanish,qwen2.5-coder:7b,Servicio de Calificación,1.198
8585,Time Downloaded,es,Spanish,qwen2.5-coder:7b,Tiempo Descargado,0.977
8586,& Profile handler,es,Spanish,qwen2.5-coder:7b,& Manejador de perfil,1.063
8587,Current Directory (Short),es,Spanish,qwen2.5-coder:7b,Directorio Actual (Corto),1.436
8588,Filename.,es,Spanish,qwen2.5-coder:7b,Nombre de archivo.,0.801
8589,Compiling,es,Spanish,qwen2.5-coder:7b,Compilando,0.912
8590,English,es,Spanish,qwen2.5-coder:7b,Español,0.881
8591,Unknown Cartridge,es,Spanish,qwen2.5-coder:7b,Cartridge Desconocida,1.227
8592,Draw Mars?,es,Spanish,qwen2.5-coder:7b,¿Dibujar Marte?,1.316
8593,of Tevet,es,Spanish,qwen2.5-coder:7b,de Tevet,0.754
8594,& Kick reason:,es,Spanish,qwen2.5-coder:7b,& Motivo del rechazo:,1.313
8595,outbox:,es,Spanish,qwen2.5-coder:7b,bandeja de salida:,1.196
8596,Color space:,es,Spanish,qwen2.5-coder:7b,Espacio de color:,0.995
8597,Audio bit rate,es,Spanish,qwen2.5-coder:7b,Velocidad de bits de audio,1.337
8598,Share Ratio,es,Spanish,qwen2.5-coder:7b,Proporción de Compartir,1.291
8599,Read Speed,es,Spanish,qwen2.5-coder:7b,Velocidad de Lectura,1.031
8600,Champion Speed,es,Spanish,qwen2.5-coder:7b,Velocidad Campeón,1.317
8601,Greeting:,es,Spanish,qwen2.5-coder:7b,Saludo:,0.854
8602,Project Admin,es,Spanish,qwen2.5-coder:7b,Administrador de Proyecto,1.104
8603,Playing & kgoldrunner;,es,Spanish,qwen2.5-coder:7b,Jugando & kgoldrunner;,1.381
8604,Unknown status,es,Spanish,qwen2.5-coder:7b,Estado desconocido,0.839
8605,copying,es,Spanish,qwen2.5-coder:7b,copiando,0.95
8606,Scotland,es,Spanish,qwen2.5-coder:7b,Escocia,0.711
8607,& Start month:,es,Spanish,qwen2.5-coder:7b,& Mes inicial:,0.863
8608,Closed (%1),es,Spanish,qwen2.5-coder:7b,Cerrado (%1),1.096
8609,Top right,es,Spanish,qwen2.5-coder:7b,Arriba a la derecha,1.202
8610,Industrial,es,Spanish,qwen2.5-coder:7b,Industrial,0.476
8611,of Adar,es,Spanish,qwen2.5-coder:7b,de Adar,0.749
8612,No Photo,es,Spanish,qwen2.5-coder:7b,No Foto,0.782
8613,libbz2 plugin for Kerfuffle,es,Spanish,qwen2.5-coder:7b,plugin de libbz2 para Kerfuffle,1.745
8614,Group Settings,es,Spanish,qwen2.5-coder:7b,Ajustes del Grupo,1.029
8615,Drag and Drop Functionality,es,Spanish,qwen2.5-coder:7b,Funcionalidad de Arrastrar y Soltar,1.678
8616,Starting %1 process.,es,Spanish,qwen2.5-coder:7b,Iniciando el proceso %1.,1.339
8617,KreML version %1,es,Spanish,qwen2.5-coder:7b,Versión de KreML %1,1.501
8618,Unknown Genre,es,Spanish,qwen2.5-coder:7b,Género Desconocido,1.257
8619,Motion:,es,Spanish,qwen2.5-coder:7b,Movimiento:,0.826
8620,Line numbers:,es,Spanish,qwen2.5-coder:7b,Números de línea:,0.931
8621,How to obtain & kstars;,es,Spanish,qwen2.5-coder:7b,¿Cómo obtener & kstars;,1.328
8622,Internet Search...,es,Spanish,qwen2.5-coder:7b,Buscar en Internet...,0.905
8623,TEX Files,es,Spanish,qwen2.5-coder:7b,Archivos TEX,0.919
8624,Text-to-Speech Configuration,es,Spanish,qwen2.5-coder:7b,Configuración de Texto a Voz,1.491
8625,Unit Conversion,es,Spanish,qwen2.5-coder:7b,Conversión de Unidades,1.211
8626,Flickr Configuration,es,Spanish,qwen2.5-coder:7b,Configuración de Flickr,0.956
8627,Talkers,es,Spanish,qwen2.5-coder:7b,Conversadores,0.948
8628,KDE Bounce Ball Game,es,Spanish,qwen2.5-coder:7b,Juego de Balón KDE,1.153
8629,KDE 1 decoration,es,Spanish,qwen2.5-coder:7b,KDE 1 decoración,1.229
8630,Copy Current & Line,es,Spanish,qwen2.5-coder:7b,Compartir & Línea Actual,1.536
8631,%1 Encrypted Container,es,Spanish,qwen2.5-coder:7b,%1 Contenedor Cifrado,1.366
8632,Arrow shape,es,Spanish,qwen2.5-coder:7b,Forma de flecha,1.228
8633,ChargedParticle,es,Spanish,qwen2.5-coder:7b,PartículaCargada,1.08
8634,Orientation,es,Spanish,qwen2.5-coder:7b,Orientación,0.917
8635,Answer,es,Spanish,qwen2.5-coder:7b,Responder,0.693
8636,Encoding:,es,Spanish,qwen2.5-coder:7b,Codificación:,0.814
8637,Find in & Project...,es,Spanish,qwen2.5-coder:7b,Buscar en & Proyecto...,1.184
8638,Garden,es,Spanish,qwen2.5-coder:7b,Jardín,0.722
8639,Color Selector,es,Spanish,qwen2.5-coder:7b,Selector de Color,0.743
8640,Move hero,es,Spanish,qwen2.5-coder:7b,Mover héroe,0.944
8641,Crimean Tatar,es,Spanish,qwen2.5-coder:7b,Tatar de Crimea,0.865
8642,Copy Page,es,Spanish,qwen2.5-coder:7b,Compartir Página,1.093
8643,Configuration files,es,Spanish,qwen2.5-coder:7b,Archivos de configuración,1.154
8644,Root folder:,es,Spanish,qwen2.5-coder:7b,Carpetra raíz:,1.282
8645,File Extension,es,Spanish,qwen2.5-coder:7b,Extensión de archivo,0.932
8646,"PublicID ""%1"" maps to: ""%2""",es,Spanish,qwen2.5-coder:7b,"PublicID ""%1"" se asigna a: ""%2",2.045
8647,eBay Monitor,es,Spanish,qwen2.5-coder:7b,Monitor de eBay,0.761
8648,Passive Torrents,es,Spanish,qwen2.5-coder:7b,Torrentes Pasivos,1.107
8649,exp,es,Spanish,qwen2.5-coder:7b,exp,0.727
8650,Texture Preview,es,Spanish,qwen2.5-coder:7b,Vista previa de textura,1.291
8651,DVD language pattern,es,Spanish,qwen2.5-coder:7b,Patrón de idioma de DVD,1.302
8652,mount point,es,Spanish,qwen2.5-coder:7b,punto de montaje,0.963
8653,Exploding,es,Spanish,qwen2.5-coder:7b,Explotando,0.999
8654,Pillars,es,Spanish,qwen2.5-coder:7b,Pilares,0.905
8655,Justified,es,Spanish,qwen2.5-coder:7b,Justificado,0.638
8656,Network name (Service Set IDentifier),es,Spanish,qwen2.5-coder:7b,Nombre de la red (Identificador de conjunto de servicios),1.817
8657,My Cards,es,Spanish,qwen2.5-coder:7b,Mis Tarjetas,0.815
8658,& Decrypt,es,Spanish,qwen2.5-coder:7b,& Desencriptar,0.908
8659,Per resource,es,Spanish,qwen2.5-coder:7b,Por recurso,0.959
8660,Property name:,es,Spanish,qwen2.5-coder:7b,Nombre de la propiedad:,0.911
8661,Turn off,es,Spanish,qwen2.5-coder:7b,Apagar,0.651
8662,Output:,es,Spanish,qwen2.5-coder:7b,Salida:,0.803
8663,Shot speed:,es,Spanish,qwen2.5-coder:7b,Velocidad de disparo:,1.25
8664,Current status,es,Spanish,qwen2.5-coder:7b,Estado actual,0.841
8665,& Enter,es,Spanish,qwen2.5-coder:7b,& Ingresar,0.835
8666,Up #2,es,Spanish,qwen2.5-coder:7b,Arriba #2,1.08
8667,a single%,es,Spanish,qwen2.5-coder:7b,un solo%,0.879
8668,Free:,es,Spanish,qwen2.5-coder:7b,Gratuito:,0.927
8669,Taskbar Thumbnails,es,Spanish,qwen2.5-coder:7b,Miniaturas de la barra de tareas,1.332
8670,Columns view mode,es,Spanish,qwen2.5-coder:7b,Modo de vista de columnas,1.407
8671,kdegames,es,Spanish,qwen2.5-coder:7b,kdegames,0.767
8672,Tracker Grouping,es,Spanish,qwen2.5-coder:7b,Agrupación de Seguimiento,1.382
8673,Process Error,es,Spanish,qwen2.5-coder:7b,Error de Proceso,1.043
8674,%u: user name,es,Spanish,qwen2.5-coder:7b,%u: nombre de usuario,1.228
8675,Principal,es,Spanish,qwen2.5-coder:7b,Principal,0.505
8676,Drive tray open,es,Spanish,qwen2.5-coder:7b,Relevo de la unidad abierta,1.562
8677,pigment list,es,Spanish,qwen2.5-coder:7b,lista de pigmentos,1.042
8678,Channel Admins (+p),es,Spanish,qwen2.5-coder:7b,Administradores de Canal (+p),1.296
8679,Preferred Account,es,Spanish,qwen2.5-coder:7b,Cuenta Preferida,0.862
8680,Local keyring file:,es,Spanish,qwen2.5-coder:7b,Archivo de la llave local:,1.336
8681,Author:,es,Spanish,qwen2.5-coder:7b,Autor:,0.7
8682,Shutter speed:,es,Spanish,qwen2.5-coder:7b,Velocidad de obturador:,1.303
8683,Ms.,es,Spanish,qwen2.5-coder:7b,Señora.,0.921
8684,Php Language Support,es,Spanish,qwen2.5-coder:7b,Soporte de idioma PHP,1.075
8685,& Order by:,es,Spanish,qwen2.5-coder:7b,& Ordenar por:,0.998
8686,Show all lines,es,Spanish,qwen2.5-coder:7b,Mostrar todas las líneas,1.097
8687,Charge,es,Spanish,qwen2.5-coder:7b,Cargar,0.579
8688,Irish Pound,es,Spanish,qwen2.5-coder:7b,Libra Irlandesa,0.925
8689,Fortnightly,es,Spanish,qwen2.5-coder:7b,Quincenal,0.954
8690,speed1 filter,es,Spanish,qwen2.5-coder:7b,velocidad1 filtro,1.175
8691,Parent task,es,Spanish,qwen2.5-coder:7b,Tarea principal,0.739
8692,Phone number,es,Spanish,qwen2.5-coder:7b,Número de teléfono,0.729
8693,Image Object,es,Spanish,qwen2.5-coder:7b,Objeto de Imagen,1.073
8694,Firewire Soundcard,es,Spanish,qwen2.5-coder:7b,Tarjeta de sonido Firewire,1.422
8695,& Easy,es,Spanish,qwen2.5-coder:7b,& Fácil,0.731
8696,east,es,Spanish,qwen2.5-coder:7b,este,0.523
8697,Outstanding Bugs,es,Spanish,qwen2.5-coder:7b,Errores Notables,1.057
8698,Overview of Senses,es,Spanish,qwen2.5-coder:7b,Resumen de los Sentidos,1.326
8699,Transmitter,es,Spanish,qwen2.5-coder:7b,Transmisor,0.727
8700,%1 is away: %2,es,Spanish,qwen2.5-coder:7b,%1 está ausente: %2,1.498
8701,SDL - Function Header,es,Spanish,qwen2.5-coder:7b,SDL - Encabezado de Función,1.277
8702,The & kde; Team,es,Spanish,qwen2.5-coder:7b,El equipo & kde;,1.141
8703,& Card color:,es,Spanish,qwen2.5-coder:7b,& Color de la tarjeta:,1.203
8704,Run Slower,es,Spanish,qwen2.5-coder:7b,Corre más lento,1.195
8705,Download size: %1,es,Spanish,qwen2.5-coder:7b,Tamaño de descarga: %1,1.377
8706,Password Policy,es,Spanish,qwen2.5-coder:7b,Política de Contraseña,0.903
8707,Mono-Microphone,es,Spanish,qwen2.5-coder:7b,Mono-Auricular,0.93
8708,(Selection),es,Spanish,qwen2.5-coder:7b,(Selección),0.851
8709,Expand,es,Spanish,qwen2.5-coder:7b,Expandir,0.626
8710,Capability,es,Spanish,qwen2.5-coder:7b,Capacidad,0.604
8711,System shutdown.,es,Spanish,qwen2.5-coder:7b,Apagón del sistema.,0.996
8712,Appearance,es,Spanish,qwen2.5-coder:7b,Apariencia,0.784
8713,Head,es,Spanish,qwen2.5-coder:7b,Encabezado,0.901
8714,Osmanya,es,Spanish,qwen2.5-coder:7b,Osmanya,0.766
8715,Query CDDB,es,Spanish,qwen2.5-coder:7b,Consultar CDDB,1.079
8716,& Maintenance,es,Spanish,qwen2.5-coder:7b,&Mantenimiento,0.749
8717,& kde; on & Solaris;,es,Spanish,qwen2.5-coder:7b,& kde; en & Solaris;,1.545
8718,Volume Up,es,Spanish,qwen2.5-coder:7b,Aumentar Volumen,1.095
8719,Audio,es,Spanish,qwen2.5-coder:7b,Audio,0.505
8720,Calibrating cycle,es,Spanish,qwen2.5-coder:7b,Calibrando ciclo,1.095
8721,& HTTP Requests,es,Spanish,qwen2.5-coder:7b,& Solicitudes HTTP,0.993
8722,Christian Rap,es,Spanish,qwen2.5-coder:7b,Rap Cristiano,0.77
8723,Delete...,es,Spanish,qwen2.5-coder:7b,Eliminar...,0.67
8724,signal,es,Spanish,qwen2.5-coder:7b,señal,0.705
8725,Recipients,es,Spanish,qwen2.5-coder:7b,Destinatarios,0.836
8726,Game ID,es,Spanish,qwen2.5-coder:7b,ID del Juego,0.855
8727,spinBox,es,Spanish,qwen2.5-coder:7b,cajaDeRuedas,1.248
8728,File Systems,es,Spanish,qwen2.5-coder:7b,Sistemas de Archivos,1.043
8729,north,es,Spanish,qwen2.5-coder:7b,norte,0.615
8730,DOM Tree Viewer,es,Spanish,qwen2.5-coder:7b,Visualizador de Árbol DOM,1.411
8731,Brightness:,es,Spanish,qwen2.5-coder:7b,Brillo:,0.813
8732,Action category:,es,Spanish,qwen2.5-coder:7b,Categoría de acción:,1.052
8733,of Safar,es,Spanish,qwen2.5-coder:7b,de Safar,0.804
8734,Host name:,es,Spanish,qwen2.5-coder:7b,Nombre del servidor:,0.869
8735,Corrections,es,Spanish,qwen2.5-coder:7b,Correcciones,0.707
8736,Next Function,es,Spanish,qwen2.5-coder:7b,Función Siguiente,0.993
8737,Application window,es,Spanish,qwen2.5-coder:7b,Ventana de la aplicación,1.101
8738,& Network Configuration...,es,Spanish,qwen2.5-coder:7b,& Configuración de la red...,1.222
8739,Acceleration profile,es,Spanish,qwen2.5-coder:7b,Perfil de aceleración,1.003
8740,"6 Staples, parallel",es,Spanish,qwen2.5-coder:7b,"6 Clavos, paralelos",1.488
8741,Profile name:,es,Spanish,qwen2.5-coder:7b,Nombre del perfil:,0.811
8742,Quality/ Bitrate,es,Spanish,qwen2.5-coder:7b,Calidad/ Tasa de bits,1.181
8743,candle light,es,Spanish,qwen2.5-coder:7b,luz de velita,1.188
8744,Argentine Peso,es,Spanish,qwen2.5-coder:7b,Peso Argentino,1.111
8745,Texture,es,Spanish,qwen2.5-coder:7b,Textura,0.624
8746,Insertion speed,es,Spanish,qwen2.5-coder:7b,Velocidad de inserción,1.085
8747,& List,es,Spanish,qwen2.5-coder:7b,& Lista,0.728
8748,Mozambican Metical,es,Spanish,qwen2.5-coder:7b,Mozambique Metical,1.091
8749,Organization:,es,Spanish,qwen2.5-coder:7b,Organización:,0.778
8750,CTL Color Spaces,es,Spanish,qwen2.5-coder:7b,Espacios de Color CTL,1.211
8751,French Polynesia,es,Spanish,qwen2.5-coder:7b,Polinesia Francesa,1.046
8752,Shortcut name: up,es,Spanish,qwen2.5-coder:7b,Nombre del atajo: arriba,1.429
8753,Templates Projects,es,Spanish,qwen2.5-coder:7b,Plantillas Proyectos,1.041
8754,North,es,Spanish,qwen2.5-coder:7b,Norte,0.612
8755,Tape block size,es,Spanish,qwen2.5-coder:7b,Tamaño del bloque de cinta,1.35
8756,Conversion schedule,es,Spanish,qwen2.5-coder:7b,Horario de conversión,1.137
8757,Network:,es,Spanish,qwen2.5-coder:7b,Red:,0.715
8758,Sample Rate,es,Spanish,qwen2.5-coder:7b,Velocidad de Muestreo,1.319
8759,Keyboard Shortcut,es,Spanish,qwen2.5-coder:7b,Atajo de teclado,0.898
8760,Star map:,es,Spanish,qwen2.5-coder:7b,Mapa estelar:,1.148
8761,Yugoslav Dinar,es,Spanish,qwen2.5-coder:7b,Dinar Yugoslavo,0.924
8762,Run Script,es,Spanish,qwen2.5-coder:7b,Ejecutar Script,0.905
8763,The amount of indentation,es,Spanish,qwen2.5-coder:7b,La cantidad de sangría,1.171
8764,Rational,es,Spanish,qwen2.5-coder:7b,Racional,0.628
8765,D-Bus/ Application Action Options,es,Spanish,qwen2.5-coder:7b,Opciones de acción de aplicación/D-Bus,1.534
8766,Opacity:,es,Spanish,qwen2.5-coder:7b,Opacidad:,0.816
8767,Top to Down,es,Spanish,qwen2.5-coder:7b,Arriba hacia Abajo,1.18
8768,Slower,es,Spanish,qwen2.5-coder:7b,Lento,0.661
8769,new_class,es,Spanish,qwen2.5-coder:7b,nueva_clase,1.055
8770,Active filter:,es,Spanish,qwen2.5-coder:7b,Activar filtro:,0.962
8771,Uppercase,es,Spanish,qwen2.5-coder:7b,Mayúsculas,1.13
8772,Development Team,es,Spanish,qwen2.5-coder:7b,Equipo de Desarrollo,1.269
8773,SSL Signers,es,Spanish,qwen2.5-coder:7b,Signatarios SSL,1.121
8774,file manager,es,Spanish,qwen2.5-coder:7b,gestor de archivos,1.087
8775,Transform Tool,es,Spanish,qwen2.5-coder:7b,Herramienta de Transformación,1.203
8776,Playlist pattern:,es,Spanish,qwen2.5-coder:7b,Patrón de lista de reproducción:,1.379
8777,Billing Information,es,Spanish,qwen2.5-coder:7b,Información de Facturación,1.004
8778,Hint for level:,es,Spanish,qwen2.5-coder:7b,Consejo para el nivel:,1.281
8779,Music Player,es,Spanish,qwen2.5-coder:7b,Reproductor de Música,1.146
8780,Related Uid,es,Spanish,qwen2.5-coder:7b,Uid Relacionado,0.898
8781,Character Ranges,es,Spanish,qwen2.5-coder:7b,Rangos de Caracteres,1.373
8782,Months:,es,Spanish,qwen2.5-coder:7b,Meses:,0.836
8783,Saturation Control Settings,es,Spanish,qwen2.5-coder:7b,Ajustes de Control de Saturación,1.496
8784,Turbulence,es,Spanish,qwen2.5-coder:7b,Turbulencia,0.861
8785,Rename Torrent,es,Spanish,qwen2.5-coder:7b,Renombrar Torrent,1.174
8786,Tracker,es,Spanish,qwen2.5-coder:7b,Seguimiento,0.715
8787,& Copy to clipboard,es,Spanish,qwen2.5-coder:7b,& Copiar al portapapeles,1.467
8788,Note Properties,es,Spanish,qwen2.5-coder:7b,Propiedades de la Nota,1.074
8789,Description: %1,es,Spanish,qwen2.5-coder:7b,Descripción: %1,1.21
8790,Delete Server,es,Spanish,qwen2.5-coder:7b,Eliminar Servidor,0.923
8791,Tab Position,es,Spanish,qwen2.5-coder:7b,Posición de la pestaña,1.139
8792,Active Uploads,es,Spanish,qwen2.5-coder:7b,Subidas Activas,1.088
8793,Output device,es,Spanish,qwen2.5-coder:7b,Dispositivo de salida,0.975
8794,Go to,es,Spanish,qwen2.5-coder:7b,Ir a,0.69
8795,Logon script:,es,Spanish,qwen2.5-coder:7b,Script de inicio de sesión:,1.158
8796,JPEG Image (. jpg),es,Spanish,qwen2.5-coder:7b,Imagen JPEG (.jpg),1.075
8797,Zoom speed,es,Spanish,qwen2.5-coder:7b,Velocidad de zoom,1.105
8798,Label density:,es,Spanish,qwen2.5-coder:7b,Densidad de etiquetas:,1.151
8799,Reload time:,es,Spanish,qwen2.5-coder:7b,Tiempo de recarga:,1.075
8800,IPv4 network address,es,Spanish,qwen2.5-coder:7b,Dirección de red IPv4,1.308
8801,Information Panel,es,Spanish,qwen2.5-coder:7b,Panel de Información,0.811
8802,Track Mouse,es,Spanish,qwen2.5-coder:7b,Seguir el Ratón,0.919
8803,Gold Sandwich,es,Spanish,qwen2.5-coder:7b,Sandwich de Oro,0.809
8804,by Name:,es,Spanish,qwen2.5-coder:7b,por Nombre:,0.816
8805,Folder Format,es,Spanish,qwen2.5-coder:7b,Formato de carpeta,1.091
8806,Users Access Settings,es,Spanish,qwen2.5-coder:7b,Configuración de Acceso de Usuarios,1.503
8807,Card Game,es,Spanish,qwen2.5-coder:7b,Juego de Tarjetas,1.008
8808,Heightfield:,es,Spanish,qwen2.5-coder:7b,Altura del terreno:,1.094
8809,Earth-like,es,Spanish,qwen2.5-coder:7b,Terrestre,0.904
8810,Image Map,es,Spanish,qwen2.5-coder:7b,Mapa de Imagen,0.969
8811,Pound Sterling (GBP),es,Spanish,qwen2.5-coder:7b,Libra Esterlina (GBP),1.442
8812,Out of Gamut,es,Spanish,qwen2.5-coder:7b,Fuera de gama,1.016
8813,Previous row,es,Spanish,qwen2.5-coder:7b,Filas anterior,0.963
8814,Agent Identity,es,Spanish,qwen2.5-coder:7b,Identidad del Agente,0.944
8815,New Directory...,es,Spanish,qwen2.5-coder:7b,Nuevo Directorio...,0.919
8816,Has duration,es,Spanish,qwen2.5-coder:7b,Duración,0.804
8817,List management,es,Spanish,qwen2.5-coder:7b,Administración de listas,1.116
8818,Autobookmarker,es,Spanish,qwen2.5-coder:7b,Autobookmarker,1.012
8819,Area light,es,Spanish,qwen2.5-coder:7b,Luces de área,1.094
8820,Thumbnail size:,es,Spanish,qwen2.5-coder:7b,Tamaño de miniatura:,1.029
8821,Invitation,es,Spanish,qwen2.5-coder:7b,Invitación,0.949
8822,Issuer:,es,Spanish,qwen2.5-coder:7b,Emisor:,0.701
8823,% kate myfile. txt,es,Spanish,qwen2.5-coder:7b,% kate myfile. txt,1.282
8824,Search on Wikipedia,es,Spanish,qwen2.5-coder:7b,Buscar en Wikipedia,1.032
8825,Column positions:,es,Spanish,qwen2.5-coder:7b,Posiciones de las columnas:,1.263
8826,& Marker Line,es,Spanish,qwen2.5-coder:7b,& Línea Marcadora,1.174
8827,overview,es,Spanish,qwen2.5-coder:7b,resumen,0.824
8828,Override,es,Spanish,qwen2.5-coder:7b,Sobrescribir,0.914
8829,Standard,es,Spanish,qwen2.5-coder:7b,Estándar,0.671
8830,View with & Netscape,es,Spanish,qwen2.5-coder:7b,Ver con & Netscape,1.218
8831,Key text:,es,Spanish,qwen2.5-coder:7b,Texto clave:,0.882
8832,Network games:,es,Spanish,qwen2.5-coder:7b,Juegos de red:,0.956
8833,Security Class,es,Spanish,qwen2.5-coder:7b,Clase de Seguridad,0.969
8834,Total of %1,es,Spanish,qwen2.5-coder:7b,Total de %1,1.112
8835,Plugged in,es,Spanish,qwen2.5-coder:7b,Conectado,0.784
8836,True:,es,Spanish,qwen2.5-coder:7b,Verdadero:,0.906
8837,Expand out,es,Spanish,qwen2.5-coder:7b,Expandir,0.854
8838,GDB Output,es,Spanish,qwen2.5-coder:7b,Salida de GDB,1.168
8839,Opening Date,es,Spanish,qwen2.5-coder:7b,Fecha de Apertura,1.063
8840,Exchange mode:,es,Spanish,qwen2.5-coder:7b,Modo de intercambio:,1.244
8841,Cross,es,Spanish,qwen2.5-coder:7b,Intersección,0.906
8842,Snow,es,Spanish,qwen2.5-coder:7b,Nieve,0.598
8843,answer,es,Spanish,qwen2.5-coder:7b,responder,0.773
8844,XPlanet by Hari Nair,es,Spanish,qwen2.5-coder:7b,XPlanet por Hari Nair,1.147
8845,Gravity:,es,Spanish,qwen2.5-coder:7b,Gravedad:,0.798
8846,Preview Text,es,Spanish,qwen2.5-coder:7b,Texto Previsualización,1.066
8847,Tura Caves,es,Spanish,qwen2.5-coder:7b,Cavernas de Tura,1.112
8848,Verify Chunks,es,Spanish,qwen2.5-coder:7b,Verificar Fragmentos,1.059
8849,Degrees of freedom 2,es,Spanish,qwen2.5-coder:7b,Grados de libertad 2,1.399
8850,Drivers,es,Spanish,qwen2.5-coder:7b,Conductores,0.711
8851,Paragraph Style:,es,Spanish,qwen2.5-coder:7b,Estilo de párrafo:,1.191
8852,Time and Date,es,Spanish,qwen2.5-coder:7b,Hora y Fecha,0.985
8853,[%1] is disabled,es,Spanish,qwen2.5-coder:7b,[%1] está deshabilitado,1.317
8854,Directory Name,es,Spanish,qwen2.5-coder:7b,Nombre del Directorio,0.891
8855,Icon size:,es,Spanish,qwen2.5-coder:7b,Icono tamaño:,0.979
8856,color saturation,es,Spanish,qwen2.5-coder:7b,saturación de color,0.95
8857,language 1,es,Spanish,qwen2.5-coder:7b,idioma 1,1.074
8858,28th Last,es,Spanish,qwen2.5-coder:7b,28º Último,1.371
8859,Output Device,es,Spanish,qwen2.5-coder:7b,Dispositivo de Salida,0.995
8860,D-Bus Communication Error,es,Spanish,qwen2.5-coder:7b,Error de Comunicación D-Bus,1.582
8861,Send & Later Via,es,Spanish,qwen2.5-coder:7b,Enviar & Más Tarde,1.013
8862,& Quality level:,es,Spanish,qwen2.5-coder:7b,& Nivel de calidad:,1.099
8863,"Artwork: Nuno Pinheiro, Torsten Rahn",es,Spanish,qwen2.5-coder:7b,"Arte: Nuno Pinheiro, Torsten Rahn",2.148
8864,Surname,es,Spanish,qwen2.5-coder:7b,Apellido,0.48
8865,Password prompt,es,Spanish,qwen2.5-coder:7b,Prompt de contraseña,0.969
8866,Printer Name:,es,Spanish,qwen2.5-coder:7b,Nombre del Impresor:,1.09
8867,Checkerboard,es,Spanish,qwen2.5-coder:7b,Tablero de damas,0.938
8868,Barn Door,es,Spanish,qwen2.5-coder:7b,Puerta de Barnocho,1.091
8869,Character 8-bit,es,Spanish,qwen2.5-coder:7b,Carácter 8-bit,1.325
8870,Started:,es,Spanish,qwen2.5-coder:7b,Comenzó:,0.915
8871,Strigi Index Exclude Filters,es,Spanish,qwen2.5-coder:7b,Strigi Index Exclude Filters,1.241
8872,Copying Failed,es,Spanish,qwen2.5-coder:7b,Copiar Fallido,1.063
8873,Localization,es,Spanish,qwen2.5-coder:7b,Localización,0.65
8874,Shopping List,es,Spanish,qwen2.5-coder:7b,Lista de Compras,0.84
8875,New Printer,es,Spanish,qwen2.5-coder:7b,Nueva Impresora,1.026
8876,& Session name:,es,Spanish,qwen2.5-coder:7b,& Nombre de sesión:,0.959
8877,Do Nothing,es,Spanish,qwen2.5-coder:7b,No Hacer Nada,1.049
8878,& Delete...,es,Spanish,qwen2.5-coder:7b,& Eliminar...,0.809
8879,Portrait mode,es,Spanish,qwen2.5-coder:7b,Modo retrato,1.094
8880,unknown%1,es,Spanish,qwen2.5-coder:7b,desconocido%1,1.291
8881,Activity...,es,Spanish,qwen2.5-coder:7b,Actividad...,0.815
8882,Title:,es,Spanish,qwen2.5-coder:7b,Titulo:,0.661
8883,password,es,Spanish,qwen2.5-coder:7b,contraseña,0.601
8884,Default gateway,es,Spanish,qwen2.5-coder:7b,Puerta de enlace predeterminada,1.405
8885,Moodbar File:,es,Spanish,qwen2.5-coder:7b,Archivo de Moodbar:,1.158
8886,Non-word character,es,Spanish,qwen2.5-coder:7b,Carácter no válido,1.175
8887,Country/ Region & Language,es,Spanish,qwen2.5-coder:7b,País/Región & Idioma,1.466
8888,Usenet Component,es,Spanish,qwen2.5-coder:7b,Componente Usenet,0.88
8889,& Keyboard Filters,es,Spanish,qwen2.5-coder:7b,& Filtros de Teclado,1.201
8890,Equity,es,Spanish,qwen2.5-coder:7b,Equidad,0.712
8891,Usability:,es,Spanish,qwen2.5-coder:7b,Usabilidad:,0.753
8892,Type:,es,Spanish,qwen2.5-coder:7b,Escriba:,0.844
8893,Restriction category (0..3):,es,Spanish,qwen2.5-coder:7b,Categoría de restricción (0..3):,2.027
8894,Delete feeds:,es,Spanish,qwen2.5-coder:7b,Eliminar fuentes:,0.937
8895,Go to %1,es,Spanish,qwen2.5-coder:7b,Ve a %1,1.136
8896,Other (%1),es,Spanish,qwen2.5-coder:7b,Otros (%1),1.108
8897,goy Y,es,Spanish,qwen2.5-coder:7b,goy Y,0.883
8898,Exiting...,es,Spanish,qwen2.5-coder:7b,Saliendo...,0.795
8899,D Major,es,Spanish,qwen2.5-coder:7b,D Mayor,0.612
8900,%1 selected,es,Spanish,qwen2.5-coder:7b,%1 seleccionado,0.941
8901,KTouch keyboard editor error,es,Spanish,qwen2.5-coder:7b,Editor de teclado de KTouch error,1.567
8902,Vertical:,es,Spanish,qwen2.5-coder:7b,Vertical:,0.726
8903,Filesize:,es,Spanish,qwen2.5-coder:7b,Tamaño del archivo:,0.986
8904,Deleting %1...,es,Spanish,qwen2.5-coder:7b,Eliminando %1...,1.183
8905,unformatted,es,Spanish,qwen2.5-coder:7b,desformatado,0.947
8906,Class CvsIgnoreList from Cervisia,es,Spanish,qwen2.5-coder:7b,Clase CvsIgnoreList desde Cervisia,1.74
8907,Playground Aquarium,es,Spanish,qwen2.5-coder:7b,Aquarium de Jardín,1.294
8908,& Data Format,es,Spanish,qwen2.5-coder:7b,& Formato de Datos,1.072
8909,Create Frame,es,Spanish,qwen2.5-coder:7b,Crear Marco,0.914
8910,Pointing Hand,es,Spanish,qwen2.5-coder:7b,Mano Apuntando,0.974
8911,Predefined:,es,Spanish,qwen2.5-coder:7b,Predefinido:,1.023
8912,English (Trinidad),es,Spanish,qwen2.5-coder:7b,English (Trinidad),1.072
8913,& Haavard. Froeiland. mail;,es,Spanish,qwen2.5-coder:7b,& Haavard. Froeiland. mail;,1.799
8914,Formic Acid,es,Spanish,qwen2.5-coder:7b,Ácido Formico,0.887
8915,Female 3,es,Spanish,qwen2.5-coder:7b,Hembra 3,1.023
8916,Removable,es,Spanish,qwen2.5-coder:7b,Removible,0.902
8917,& Description,es,Spanish,qwen2.5-coder:7b,& Descripción,0.825
8918,Zoom to 150%,es,Spanish,qwen2.5-coder:7b,Zoom a 150%,1.414
8919,Do not save,es,Spanish,qwen2.5-coder:7b,No guardar,0.768
8920,& Ending banner:,es,Spanish,qwen2.5-coder:7b,& Fin de la bandera:,1.122
8921,two,es,Spanish,qwen2.5-coder:7b,dos,0.756
8922,Octal 8-bit,es,Spanish,qwen2.5-coder:7b,Octal 8-bit,1.066
8923,Sign mode,es,Spanish,qwen2.5-coder:7b,Modo de firma,1.06
8924,Log File,es,Spanish,qwen2.5-coder:7b,Archivo de registro,0.958
8925,Maximum value:,es,Spanish,qwen2.5-coder:7b,Valor máximo:,0.857
8926,Paragraph Format,es,Spanish,qwen2.5-coder:7b,Formato de párrafo,1.15
8927,8th Last,es,Spanish,qwen2.5-coder:7b,8º Último,1.316
8928,Telephone,es,Spanish,qwen2.5-coder:7b,Teléfono,0.598
8929,Show statistics,es,Spanish,qwen2.5-coder:7b,Mostrar estadísticas,0.825
8930,Validity...,es,Spanish,qwen2.5-coder:7b,Valididad...,0.779
8931,Current Script,es,Spanish,qwen2.5-coder:7b,Script Actual,0.799
8932,Guitar Harmonics,es,Spanish,qwen2.5-coder:7b,Armónicos de Guitarra,1.308
8933,Layout direction:,es,Spanish,qwen2.5-coder:7b,Orientación del diseño:,1.17
8934,Roughness:,es,Spanish,qwen2.5-coder:7b,Rugosidad:,1.064
8935,Mark & Thread,es,Spanish,qwen2.5-coder:7b,Marcar & Hilo,1.134
8936,Asia,es,Spanish,qwen2.5-coder:7b,Asia,0.486
8937,& Central Buffer,es,Spanish,qwen2.5-coder:7b,& Buffer Central,0.867
8938,News Reader,es,Spanish,qwen2.5-coder:7b,Lector de Noticias,1.003
8939,Stack Selection,es,Spanish,qwen2.5-coder:7b,Selección de Pila,0.95
8940,Detail preservation:,es,Spanish,qwen2.5-coder:7b,Preservación de detalles:,1.131
8941,Outline,es,Spanish,qwen2.5-coder:7b,Esquema,0.879
8942,Level:,es,Spanish,qwen2.5-coder:7b,Nivel:,0.678
8943,Property name,es,Spanish,qwen2.5-coder:7b,Nombre de la propiedad,0.828
8944,Grid brush,es,Spanish,qwen2.5-coder:7b,Brocha de cuadrícula,1.302
8945,Clipboard History Manager,es,Spanish,qwen2.5-coder:7b,Administrador de Historial del Portapapeles,1.692
8946,Calculation mode,es,Spanish,qwen2.5-coder:7b,Modo de cálculo,1.257
8947,soundcard,es,Spanish,qwen2.5-coder:7b,tarjeta de sonido,0.887
8948,Exposure bias:,es,Spanish,qwen2.5-coder:7b,Compensación de exposición:,1.235
8949,& Night Vision,es,Spanish,qwen2.5-coder:7b,& Visión nocturna,1.075
8950,Help ImagePlugins' Handbooks,es,Spanish,qwen2.5-coder:7b,Ayuda los Manuales de ImagePlugins,1.354
8951,Paper size:,es,Spanish,qwen2.5-coder:7b,Tamaño de papel:,0.898
8952,Footer Properties,es,Spanish,qwen2.5-coder:7b,Propiedades del pie de página,1.064
8953,Format Conversion,es,Spanish,qwen2.5-coder:7b,Conversión de Formato,1.247
8954,Slovenian,es,Spanish,qwen2.5-coder:7b,Esloveno,0.931
8955,With value:,es,Spanish,qwen2.5-coder:7b,Con valor:,0.754
8956,"Python, Ruby and JavaScript Plugins",es,Spanish,qwen2.5-coder:7b,"Complementos de Python, Ruby y JavaScript",1.613
8957,Written,es,Spanish,qwen2.5-coder:7b,Escrito,0.594
8958,Custom zoom,es,Spanish,qwen2.5-coder:7b,Zoom personalizado,0.993
8959,Group Password:,es,Spanish,qwen2.5-coder:7b,Contraseña del Grupo:,1.052
8960,& New document,es,Spanish,qwen2.5-coder:7b,& Nuevo documento,0.879
8961,Rewrite,es,Spanish,qwen2.5-coder:7b,Reescribir,0.897
8962,Driver:,es,Spanish,qwen2.5-coder:7b,Conductor:,0.819
8963,KOrganizer Print Plugin Interface,es,Spanish,qwen2.5-coder:7b,Interfaz de complemento de impresión de KOrganizer,2.114
8964,Mine fuel,es,Spanish,qwen2.5-coder:7b,Combustible de mina,1.285
8965,Duotone Colormode Block,es,Spanish,qwen2.5-coder:7b,Modo de Color Duotono Bloque,1.707
8966,and folders:,es,Spanish,qwen2.5-coder:7b,y carpetas:,0.941
8967,"See ""%1"" above.",es,Spanish,qwen2.5-coder:7b,"Ver ""%1"" arriba.",1.359
8968,Default Identification,es,Spanish,qwen2.5-coder:7b,Identificación Predeterminada,0.976
8969,of Adar I,es,Spanish,qwen2.5-coder:7b,de Adar I,0.895
8970,Remove Applet,es,Spanish,qwen2.5-coder:7b,Eliminar Applet,0.965
8971,Write Accesses,es,Spanish,qwen2.5-coder:7b,Accesos de Escritura,1.115
8972,Dodecahedron,es,Spanish,qwen2.5-coder:7b,Dodecaedro,1.022
8973,Simple,es,Spanish,qwen2.5-coder:7b,Sencillo,0.718
8974,Create items...,es,Spanish,qwen2.5-coder:7b,Crear elementos...,0.871
8975,Contact Group %1,es,Spanish,qwen2.5-coder:7b,Grupo de Contactos %1,1.268
8976,Sending,es,Spanish,qwen2.5-coder:7b,Enviando,0.867
8977,Remove Filter,es,Spanish,qwen2.5-coder:7b,Quitar Filtro,1.043
8978,KResources Manager,es,Spanish,qwen2.5-coder:7b,Administrador de Recursos K,1.316
8979,Export Style,es,Spanish,qwen2.5-coder:7b,Exportar Estilo,1.02
8980,X Values:,es,Spanish,qwen2.5-coder:7b,Valores de X:,0.915
8981,Do Not Start,es,Spanish,qwen2.5-coder:7b,No Iniciar,0.875
8982,Invisible,es,Spanish,qwen2.5-coder:7b,Invisible,0.62
8983,Forecasts,es,Spanish,qwen2.5-coder:7b,Predicciones,0.75
8984,Visibility level:,es,Spanish,qwen2.5-coder:7b,nivel de visibilidad:,1.111
8985,in; to; as,es,Spanish,qwen2.5-coder:7b,en; a; como,1.284
8986,Invitations,es,Spanish,qwen2.5-coder:7b,Invitaciones,0.745
8987,Picture Page,es,Spanish,qwen2.5-coder:7b,Imagen de la página,1.015
8988,Draw Grids,es,Spanish,qwen2.5-coder:7b,Dar Cuadrículas,1.151
8989,Arc Length,es,Spanish,qwen2.5-coder:7b,Longitud de Arco,0.911
8990,Security Alert,es,Spanish,qwen2.5-coder:7b,Alerta de Seguridad,0.976
8991,User & Password,es,Spanish,qwen2.5-coder:7b,Usuario & Contraseña,1.069
8992,File %1 had no contents.,es,Spanish,qwen2.5-coder:7b,El archivo %1 no tenía contenido.,1.514
8993,Plain,es,Spanish,qwen2.5-coder:7b,Simple,0.691
8994,IP Filter,es,Spanish,qwen2.5-coder:7b,Filtro IP,0.744
8995,isiZulu Zulu (South Africa),es,Spanish,qwen2.5-coder:7b,Zulú (Sudáfrica),1.549
8996,Goldrunner Prophecy,es,Spanish,qwen2.5-coder:7b,Proverbio de Goldrunner,1.344
8997,Group Policy,es,Spanish,qwen2.5-coder:7b,Política de Grupo,0.871
8998,Structure keywords:,es,Spanish,qwen2.5-coder:7b,Palabras clave de estructura:,1.25
8999,print,es,Spanish,qwen2.5-coder:7b,imprimir,0.79
9000,Center & Y:,es,Spanish,qwen2.5-coder:7b,Centro & Y:,1.115
9001,Certificate & password:,es,Spanish,qwen2.5-coder:7b,Certificado & contraseña:,1.057
9002,Card Readers,es,Spanish,qwen2.5-coder:7b,Lectores de Tarjetas,1.088
9003,& Code Generation Wizard...,es,Spanish,qwen2.5-coder:7b,& Asistente de Generación de Código...,1.431
9004,Bhutanese Ngultrum,es,Spanish,qwen2.5-coder:7b,Bhutanés Ngultrum,1.46
9005,Lower limit:,es,Spanish,qwen2.5-coder:7b,Límite inferior:,0.887
9006,Equals,es,Spanish,qwen2.5-coder:7b,Igual,0.695
9007,Calendar data engine,es,Spanish,qwen2.5-coder:7b,Motor de datos del calendario,1.34
9008,Square Dithering,es,Spanish,qwen2.5-coder:7b,Dithering Cuadrada,1.193
9009,KOffice image manipulation application,es,Spanish,qwen2.5-coder:7b,Aplicación de manipulación de imágenes de KOffice,1.902
9010,Quality,es,Spanish,qwen2.5-coder:7b,Calidad,0.624
9011,Program version:,es,Spanish,qwen2.5-coder:7b,Versión del programa:,1.045
9012,StpGamma,es,Spanish,qwen2.5-coder:7b,Gamma,0.576
9013,Due Date,es,Spanish,qwen2.5-coder:7b,Fecha de vencimiento,0.959
9014,Friction:,es,Spanish,qwen2.5-coder:7b,Fricción:,0.951
9015,Really Rename %1?,es,Spanish,qwen2.5-coder:7b,¿Realmente renombrar %1?,1.617
9016,Image Viewer,es,Spanish,qwen2.5-coder:7b,Visualizador de Imágenes,1.177
9017,Cut-off angle:,es,Spanish,qwen2.5-coder:7b,Ángulo de corte:,1.187
9018,Color selectors,es,Spanish,qwen2.5-coder:7b,Selectores de color,1.026
9019,DarkOliveGreen1,es,Spanish,qwen2.5-coder:7b,OliveDark1,1.102
9020,Diamonds,es,Spanish,qwen2.5-coder:7b,Diamantes,0.718
9021,& Background Color:,es,Spanish,qwen2.5-coder:7b,& Color de fondo:,0.962
9022,Hellenic,es,Spanish,qwen2.5-coder:7b,Hellénico,1.042
9023,Vocabulary list,es,Spanish,qwen2.5-coder:7b,Lista de vocabulario,1.078
9024,& Facility:,es,Spanish,qwen2.5-coder:7b,& Instalación:,0.936
9025,Periodicity:,es,Spanish,qwen2.5-coder:7b,Periódicidad:,1.194
9026,Class Members,es,Spanish,qwen2.5-coder:7b,Miembros de la Clase,1.073
9027,Java support,es,Spanish,qwen2.5-coder:7b,Soporte de Java,0.873
9028,Always On,es,Spanish,qwen2.5-coder:7b,Siempre Encendido,1.166
9029,IP protocol,es,Spanish,qwen2.5-coder:7b,Protocolo IP,0.735
9030,media declaration,es,Spanish,qwen2.5-coder:7b,declaración de medios,1.013
9031,Using & kmag;,es,Spanish,qwen2.5-coder:7b,Usando & kmag;,1.183
9032,Select Image Background...,es,Spanish,qwen2.5-coder:7b,Seleccionar fondo de imagen...,1.155
9033,Not scheduled,es,Spanish,qwen2.5-coder:7b,No programado,0.834
9034,Data Read Access,es,Spanish,qwen2.5-coder:7b,Acceso de Lectura de Datos,1.419
9035,Border Color,es,Spanish,qwen2.5-coder:7b,Color de Borde,1.03
9036,Spacer Configuration,es,Spanish,qwen2.5-coder:7b,Configuración de Espaciado,1.143
9037,KFileReplace Main Toolbar,es,Spanish,qwen2.5-coder:7b,Barra de herramientas principal de KFileReplace,1.685
9038,Mount point,es,Spanish,qwen2.5-coder:7b,Punto de montaje,1.004
9039,Player 2,es,Spanish,qwen2.5-coder:7b,Jugador 2,0.876
9040,SSH Authorization,es,Spanish,qwen2.5-coder:7b,Autenticación SSH,1.068
9041,Moscow,es,Spanish,qwen2.5-coder:7b,Moscú,0.729
9042,& Close Element,es,Spanish,qwen2.5-coder:7b,& Cerrar Elemento,1.1
9043,& Robert. Gogolok; (robertgogolock at gmx de): Developer,es,Spanish,qwen2.5-coder:7b,& Robert. Gogolok; (robertgogolock at gmx de): Desarrollador,3.55
9044,< group >,es,Spanish,qwen2.5-coder:7b,< grupo >,0.905
9045,Altitude vs. Time...,es,Spanish,qwen2.5-coder:7b,Altitud vs. Tiempo...,1.328
9046,Leitner Box,es,Spanish,qwen2.5-coder:7b,Caja Leitner,0.969
9047,Enum Literal...,es,Spanish,qwen2.5-coder:7b,Enumeración Literal...,0.903
9048,Grand Total,es,Spanish,qwen2.5-coder:7b,Total General,0.829
9049,OpenPGP Key Selection,es,Spanish,qwen2.5-coder:7b,Selección de Clave OpenPGP,1.32
9050,Classes,es,Spanish,qwen2.5-coder:7b,Clases,0.576
9051,FileTransfer,es,Spanish,qwen2.5-coder:7b,Transferencia de Archivos,0.906
9052,IP/ hostname:,es,Spanish,qwen2.5-coder:7b,IP/ nombre de host:,1.126
9053,Single Line,es,Spanish,qwen2.5-coder:7b,Una Línea,1.047
9054,Republic of Korea,es,Spanish,qwen2.5-coder:7b,República de Corea,0.967
9055,User Password:,es,Spanish,qwen2.5-coder:7b,Contraseña del usuario:,0.983
9056,Key Material,es,Spanish,qwen2.5-coder:7b,Material Clave,0.768
9057,showLines,es,Spanish,qwen2.5-coder:7b,mostrar líneas,1.02
9058,On the,es,Spanish,qwen2.5-coder:7b,En el,0.808
9059,Color depth,es,Spanish,qwen2.5-coder:7b,Profundidad de color,0.914
9060,accounts,es,Spanish,qwen2.5-coder:7b,cuentas,0.676
9061,Rename Album (%1),es,Spanish,qwen2.5-coder:7b,Renombrar Álbum (%1),1.635
9062,Runge-Kutta edited,es,Spanish,qwen2.5-coder:7b,Runge-Kutta editado,1.317
9063,Shares,es,Spanish,qwen2.5-coder:7b,Compartidos,0.715
9064,Sequence number:,es,Spanish,qwen2.5-coder:7b,Número de secuencia:,1.038
9065,Data Section,es,Spanish,qwen2.5-coder:7b,Sección de Datos,0.879
9066,Cooling factor,es,Spanish,qwen2.5-coder:7b,Factor de enfriamiento,1.01
9067,Body of Message,es,Spanish,qwen2.5-coder:7b,Cuerpo del Mensaje,1.099
9068,Microphone,es,Spanish,qwen2.5-coder:7b,Microfono,0.628
9069,Chart Settings,es,Spanish,qwen2.5-coder:7b,Ajustes del Gráfico,1.164
9070,String Macros,es,Spanish,qwen2.5-coder:7b,Macros de Cadenas,1.023
9071,Give Feedback...,es,Spanish,qwen2.5-coder:7b,Deja Comentarios...,1.082
9072,Copy Content,es,Spanish,qwen2.5-coder:7b,Compartir Contenido,1.104
9073,ImagePlugin_Solarize,es,Spanish,qwen2.5-coder:7b,Plugin_Solarizar,1.12
9074,& Place names:,es,Spanish,qwen2.5-coder:7b,& Nombres de lugares:,1.089
9075,Playlist Tool,es,Spanish,qwen2.5-coder:7b,Herramienta de Lista de Reproducción,1.528
9076,New type: openvpn,es,Spanish,qwen2.5-coder:7b,Nuevo tipo: openvpn,1.219
9077,& South,es,Spanish,qwen2.5-coder:7b,& Sur,0.741
9078,"In file %1 StripsPerImage tag 273=%2, tag279=%3",es,Spanish,qwen2.5-coder:7b,"En el archivo %1 StripsPerImage tag 273=%2, tag279=%3",3.696
9079,Auto quality,es,Spanish,qwen2.5-coder:7b,Calidad automática,0.87
9080,& Group Settings,es,Spanish,qwen2.5-coder:7b,& Configuración del Grupo,1.265
9081,Compatibility Version,es,Spanish,qwen2.5-coder:7b,Versión de compatibilidad,0.978
9082,Do permission checks,es,Spanish,qwen2.5-coder:7b,Realizar comprobaciones de permisos,1.485
9083,modified,es,Spanish,qwen2.5-coder:7b,modificado,0.613
9084,Machine Identification Number,es,Spanish,qwen2.5-coder:7b,Número de Identificación de Máquina,1.163
9085,Incomplete data,es,Spanish,qwen2.5-coder:7b,Datos incompletos,0.865
9086,Background:,es,Spanish,qwen2.5-coder:7b, fondo:,0.73
9087,Class name:,es,Spanish,qwen2.5-coder:7b,Nombre de la clase:,0.826
9088,Simple Test,es,Spanish,qwen2.5-coder:7b,Prueba Simple,0.848
9089,Filesystem Configuration,es,Spanish,qwen2.5-coder:7b,Configuración del Sistema de Archivos,1.116
9090,Chalk brush,es,Spanish,qwen2.5-coder:7b,Brocha de lápiz,1.168
9091,plain,es,Spanish,qwen2.5-coder:7b,sin formato,0.755
9092,Cash Flow,es,Spanish,qwen2.5-coder:7b,Flujo de efectivo,0.989
9093,Where to get the & PPD; s for & PostScript; Printers,es,Spanish,qwen2.5-coder:7b,Dónde obtener los & PPD; s para & PostScript; Impresoras,2.793
9094,Drawing Options,es,Spanish,qwen2.5-coder:7b,Opciones de Dibujo,1.086
9095,Release Year:,es,Spanish,qwen2.5-coder:7b,Año de Lanzamiento:,1.183
9096,Weak,es,Spanish,qwen2.5-coder:7b,Débil,0.62
9097,Username map:,es,Spanish,qwen2.5-coder:7b,Mapa de usuario:,1.071
9098,Delete account,es,Spanish,qwen2.5-coder:7b,Borrar cuenta,0.834
9099,Epos TTS speech synthesizer,es,Spanish,qwen2.5-coder:7b,Synthesizador de voz TTS Epos,1.641
9100,Removing...,es,Spanish,qwen2.5-coder:7b,Eliminando...,0.875
9101,Field of View:,es,Spanish,qwen2.5-coder:7b,Campo de Visión:,1.079
9102,Customizing & kde;,es,Spanish,qwen2.5-coder:7b,Personalizando & kde;,1.225
9103,Red player:,es,Spanish,qwen2.5-coder:7b,Jugador rojo:,0.945
9104,Items Shown,es,Spanish,qwen2.5-coder:7b,Elementos Mostrados,1.193
9105,On Branch,es,Spanish,qwen2.5-coder:7b,En Rama,0.974
9106,Using & kgamma;,es,Spanish,qwen2.5-coder:7b,Usando & kgamma;,1.242
9107,HellaNZB Status Information,es,Spanish,qwen2.5-coder:7b,Estado de HellaNZB,1.4
9108,1st Level,es,Spanish,qwen2.5-coder:7b,1er Nivel,1.072
9109,The factorial of x.,es,Spanish,qwen2.5-coder:7b,El factorial de x.,1.144
9110,Interrupt information,es,Spanish,qwen2.5-coder:7b,Interrumpe información,1.109
9111,Find by & name,es,Spanish,qwen2.5-coder:7b,Buscar por & nombre,1.144
9112,statement expected,es,Spanish,qwen2.5-coder:7b,se espera una declaración,1.065
9113,Halftone Graphics,es,Spanish,qwen2.5-coder:7b,Gráficos de Halftone,1.253
9114,colors,es,Spanish,qwen2.5-coder:7b,colores,0.634
9115,Hierarchy:,es,Spanish,qwen2.5-coder:7b,Hierarquía:,0.992
9116,Preferred Accounts,es,Spanish,qwen2.5-coder:7b,Cuentas Preferidas,0.949
9117,Front,es,Spanish,qwen2.5-coder:7b,Front,0.709
9118,Default Paint Operations,es,Spanish,qwen2.5-coder:7b,Operaciones de pintura predeterminadas,1.51
9119,List Style:,es,Spanish,qwen2.5-coder:7b,Estilo de Lista:,1.062
9120,Music editing tool,es,Spanish,qwen2.5-coder:7b, Herramienta de edición de música,1.38
9121,Absolute Cell References,es,Spanish,qwen2.5-coder:7b,Referencias de Celda Absolutas,1.346
9122,(Empty),es,Spanish,qwen2.5-coder:7b,(Vacío),0.835
9123,Image Displayer,es,Spanish,qwen2.5-coder:7b,Visualizador de Imágenes,1.163
9124,Log Out,es,Spanish,qwen2.5-coder:7b,Cerrar Sesión,0.925
9125,Editing tips.,es,Spanish,qwen2.5-coder:7b,Consejos de edición.,0.992
9126,& New Task...,es,Spanish,qwen2.5-coder:7b,& Nueva Tarea...,1.071
9127,Verified,es,Spanish,qwen2.5-coder:7b,Verificado,0.617
9128,Writer Drives,es,Spanish,qwen2.5-coder:7b,Escritor Conduce,1.127
9129,Bricks 2,es,Spanish,qwen2.5-coder:7b,Bloques 2,1.07
9130,Valid from:,es,Spanish,qwen2.5-coder:7b,Válido desde:,0.906
9131,Asia/ Tel_Aviv,es,Spanish,qwen2.5-coder:7b,Asia/Tel_Aviv,1.387
9132,Your turn.,es,Spanish,qwen2.5-coder:7b,Tu turno.,0.741
9133,Fingerprint Manager,es,Spanish,qwen2.5-coder:7b,Administrador de Huellas Dactilares,1.669
9134,Spanish (El Salvador),es,Spanish,qwen2.5-coder:7b,Español (El Salvador),1.17
9135,First,es,Spanish,qwen2.5-coder:7b,Primero,0.595
9136,GnuPG Administrative Console,es,Spanish,qwen2.5-coder:7b,Consola Administrativa de GnuPG,1.496
9137,Edit Hosts,es,Spanish,qwen2.5-coder:7b,Editar Hosts,0.941
9138,State Diagram...,es,Spanish,qwen2.5-coder:7b,Diagrama de Estado...,1.053
9139,Database Design,es,Spanish,qwen2.5-coder:7b,Diseño de Base de Datos,1.144
9140,& Print Log...,es,Spanish,qwen2.5-coder:7b,& Imprimir Registro...,0.951
9141,Source File,es,Spanish,qwen2.5-coder:7b,Archivo fuente,0.747
9142,With,es,Spanish,qwen2.5-coder:7b,Con,0.497
9143,Color Management,es,Spanish,qwen2.5-coder:7b,Gestión de Colores,1.056
9144,Length:,es,Spanish,qwen2.5-coder:7b,Longitud:,0.807
9145,Last & Week,es,Spanish,qwen2.5-coder:7b,Última & Semana,1.265
9146,Red multiplier,es,Spanish,qwen2.5-coder:7b,Multiplicador de red,1.171
9147,Gooood luck! Mwarrhh hwwarrrr haarrrr!,es,Spanish,qwen2.5-coder:7b,Buena suerte! Mwarrhh hwwarrrr haarrrr!,2.674
9148,Delete track,es,Spanish,qwen2.5-coder:7b,Eliminar pista,0.926
9149,Channel 2,es,Spanish,qwen2.5-coder:7b,Canal 2,0.875
9150,& Write list:,es,Spanish,qwen2.5-coder:7b,& Escribe lista:,0.962
9151,& Ctrl; Arrow keys,es,Spanish,qwen2.5-coder:7b,& Ctrl; Teclas de flecha,1.37
9152,southwest,es,Spanish,qwen2.5-coder:7b,sur-oeste,0.929
9153,Bookmark,es,Spanish,qwen2.5-coder:7b,Marcador,0.62
9154,Color Mode,es,Spanish,qwen2.5-coder:7b,Modo de Color,1.001
9155,Chart Data,es,Spanish,qwen2.5-coder:7b,Datos del Gráfico,0.813
9156,Rarely,es,Spanish,qwen2.5-coder:7b,Raramente,0.914
9157,Tracing,es,Spanish,qwen2.5-coder:7b,Seguimiento,0.752
9158,Tracking,es,Spanish,qwen2.5-coder:7b,Seguimiento,0.673
9159,Elevation,es,Spanish,qwen2.5-coder:7b,Elevación,0.721
9160,Network Game,es,Spanish,qwen2.5-coder:7b,Juego de Red,0.807
9161,Find Routers,es,Spanish,qwen2.5-coder:7b,Buscar Routers,0.958
9162,Line Ending Type,es,Spanish,qwen2.5-coder:7b,Tipo de Fin de Línea,1.226
9163,feet³,es,Spanish,qwen2.5-coder:7b,pies³,0.681
9164,Colors: XX,es,Spanish,qwen2.5-coder:7b,Colores: XX,1.107
9165,Lid Button,es,Spanish,qwen2.5-coder:7b,Botón de Cierre,1.018
9166,L1 Data Read Miss,es,Spanish,qwen2.5-coder:7b,L1 Falta de Lectura de Datos,1.489
9167,German,es,Spanish,qwen2.5-coder:7b,Alemán,0.679
9168,Access Level,es,Spanish,qwen2.5-coder:7b,Nivel de Acceso,0.908
9169,No description available,es,Spanish,qwen2.5-coder:7b,No descripción disponible,0.944
9170,Temperature,es,Spanish,qwen2.5-coder:7b,Temperatura,0.71
9171,Not by:,es,Spanish,qwen2.5-coder:7b,No por:,0.728
9172,random,es,Spanish,qwen2.5-coder:7b,aleatorio,0.602
9173,& Part,es,Spanish,qwen2.5-coder:7b,& Parte,0.852
9174,Wake up,es,Spanish,qwen2.5-coder:7b,Despierta,0.759
9175,(active),es,Spanish,qwen2.5-coder:7b,(activa),0.821
9176,Free%,es,Spanish,qwen2.5-coder:7b,Gratuito%,0.912
9177,Command history,es,Spanish,qwen2.5-coder:7b,Historial de comandos,1.18
9178,Command,es,Spanish,qwen2.5-coder:7b,Comando,0.634
9179,Please enter & name:,es,Spanish,qwen2.5-coder:7b,"Por favor, ingrese & nombre:",1.339
9180,Remove Item,es,Spanish,qwen2.5-coder:7b,Eliminar Elemento,0.938
9181,LightSkyBlue4,es,Spanish,qwen2.5-coder:7b,Aqua,0.747
9182,inertiaVariance,es,Spanish,qwen2.5-coder:7b,inerciaVariance,1.245
9183,Layer Properties,es,Spanish,qwen2.5-coder:7b,Propiedades de la Capa,1.053
9184,Clipboard actions,es,Spanish,qwen2.5-coder:7b,Acciones del portapapeles,1.364
9185,& Resolution:,es,Spanish,qwen2.5-coder:7b,& Resolución:,0.857
9186,FindBuffer contents,es,Spanish,qwen2.5-coder:7b,Contenido del búfer,1.203
9187,Figure 2,es,Spanish,qwen2.5-coder:7b,Figura 2,0.857
9188,Image Effects,es,Spanish,qwen2.5-coder:7b,Efectos de Imagen,1.005
9189,Unzip txt2pho to / usr/ local/ txt2pho.,es,Spanish,qwen2.5-coder:7b,Descomprime txt2pho en /usr/local/txt2pho.,2.568
9190,Bug Description,es,Spanish,qwen2.5-coder:7b,Descripción del Error,1.022
9191,& Horizontal:,es,Spanish,qwen2.5-coder:7b,& Horizontal:,0.737
9192,version control,es,Spanish,qwen2.5-coder:7b,control de versiones,0.844
9193,Arrow Style,es,Spanish,qwen2.5-coder:7b,Estilo de Flecha,1.137
9194,Ctrl; W Close,es,Spanish,qwen2.5-coder:7b,Ctrl; W Cerrar,1.189
9195,IP Setup,es,Spanish,qwen2.5-coder:7b,Configuración de IP,0.952
9196,Then By,es,Spanish,qwen2.5-coder:7b,Entonces Por,0.972
9197,Easy,es,Spanish,qwen2.5-coder:7b,Fácil,0.623
9198,Search plugins,es,Spanish,qwen2.5-coder:7b,Buscar complementos,0.919
9199,GetUpdates,es,Spanish,qwen2.5-coder:7b,ObtenerActualizaciones,1.123
9200,Delete Diagram,es,Spanish,qwen2.5-coder:7b,Eliminar Diagrama,0.984
9201,Ink depletion,es,Spanish,qwen2.5-coder:7b,Agotamiento de tinta,1.353
9202,Connection Selection,es,Spanish,qwen2.5-coder:7b,Selección de Conexión,1.048
9203,Auto Bullets,es,Spanish,qwen2.5-coder:7b,Balas Automáticas,0.905
9204,& Hue:,es,Spanish,qwen2.5-coder:7b,& Color:,0.796
9205,Mean Score,es,Spanish,qwen2.5-coder:7b,Puntuación Media,0.907
9206,Thunder Storm,es,Spanish,qwen2.5-coder:7b,tormenta eléctrica,0.973
9207,List Archives,es,Spanish,qwen2.5-coder:7b,Listar Archivos,1.041
9208,Preconditions,es,Spanish,qwen2.5-coder:7b,Prerrequisitos,1.107
9209,Network interface:,es,Spanish,qwen2.5-coder:7b,Interfaz de red:,1.142
9210,Composite Mode,es,Spanish,qwen2.5-coder:7b,Modo Composito,1.125
9211,Max number,es,Spanish,qwen2.5-coder:7b,Número máximo,0.644
9212,LightGrey,es,Spanish,qwen2.5-coder:7b,Claro,0.631
9213,Preview image,es,Spanish,qwen2.5-coder:7b,Vista previa de la imagen,1.332
9214,Unsorted,es,Spanish,qwen2.5-coder:7b,Desordenado,0.92
9215,Is Not,es,Spanish,qwen2.5-coder:7b,No es,0.768
9216,networktransparent,es,Spanish,qwen2.5-coder:7b,transparente,0.85
9217,Speed limit in KiB/ s,es,Spanish,qwen2.5-coder:7b,Límite de velocidad en KiB/s,1.596
9218,forceVariance,es,Spanish,qwen2.5-coder:7b,varianzaForzada,1.296
9219,Title alignment:,es,Spanish,qwen2.5-coder:7b,Alineación del título:,1.056
9220,Day View,es,Spanish,qwen2.5-coder:7b,Vista Diaria,1.028
9221,Start Time,es,Spanish,qwen2.5-coder:7b,Hora de inicio,0.714
9222,Relevance: %1,es,Spanish,qwen2.5-coder:7b,Relevancia: %1,1.367
9223,Date,es,Spanish,qwen2.5-coder:7b,Fecha,0.514
9224,Relationship,es,Spanish,qwen2.5-coder:7b,Relación,0.612
9225,Post Processing,es,Spanish,qwen2.5-coder:7b,Procesamiento Posterior,1.103
9226,Driver Handle,es,Spanish,qwen2.5-coder:7b,Manejo del controlador,1.046
9227,Quality based,es,Spanish,qwen2.5-coder:7b,Basado en calidad,1.047
9228,Adept Manager,es,Spanish,qwen2.5-coder:7b,Gerente Adepto,1.145
9229,To unit,es,Spanish,qwen2.5-coder:7b,Para unir,0.926
9230,Unchanged:,es,Spanish,qwen2.5-coder:7b,Sin cambios:,0.829
9231,SteelBlue3,es,Spanish,qwen2.5-coder:7b,SteelBlue3,0.74
9232,Glossary,es,Spanish,qwen2.5-coder:7b,Glosario,0.752
9233,Requirements,es,Spanish,qwen2.5-coder:7b,Requisitos,0.684
9234,No Log,es,Spanish,qwen2.5-coder:7b,No Log,0.747
9235,Equal To,es,Spanish,qwen2.5-coder:7b,Igual a,0.861
9236,Design,es,Spanish,qwen2.5-coder:7b,Diseño,0.804
9237,Add track,es,Spanish,qwen2.5-coder:7b,Añadir pista,1.043
9238,Vocabulary documents,es,Spanish,qwen2.5-coder:7b,Documentos de vocabulario,1.153
9239,& Closeable,es,Spanish,qwen2.5-coder:7b,& Cerrable,0.872
9240,Customization,es,Spanish,qwen2.5-coder:7b,Personalización,0.657
9241,Unknown tag,es,Spanish,qwen2.5-coder:7b,Etiqueta desconocida,0.955
9242,ferry,es,Spanish,qwen2.5-coder:7b,ferriero,0.795
9243,IRC Operator Password,es,Spanish,qwen2.5-coder:7b,Contraseña de Operador IRC,1.304
9244,twins,es,Spanish,qwen2.5-coder:7b,gemelos,0.745
9245,& Category:,es,Spanish,qwen2.5-coder:7b,& Categoría:,0.956
9246,speed2 filter,es,Spanish,qwen2.5-coder:7b,filtro2 velocidad,1.114
9247,File name:,es,Spanish,qwen2.5-coder:7b,Nombre del archivo:,0.86
9248,Current Item,es,Spanish,qwen2.5-coder:7b,Elemento Actual,0.95
9249,Name of game:,es,Spanish,qwen2.5-coder:7b,Nombre del juego:,0.851
9250,Password echo type,es,Spanish,qwen2.5-coder:7b,Tipo de eco de contraseña,1.156
9251,Data Type,es,Spanish,qwen2.5-coder:7b,Tipo de Datos,0.745
9252,Ownership,es,Spanish,qwen2.5-coder:7b,Propiedad,0.594
9253,& Remove,es,Spanish,qwen2.5-coder:7b,& Eliminar,0.835
9254,Overall,es,Spanish,qwen2.5-coder:7b,General,0.769
9255,Input Actions Daemon,es,Spanish,qwen2.5-coder:7b,Demónio de Acciones de Entrada,1.548
9256,Comment/ Tags:,es,Spanish,qwen2.5-coder:7b,Comentario/ Etiquetas:,1.249
9257,Filter Log,es,Spanish,qwen2.5-coder:7b,Filtra el registro,1.076
9258,Deletion,es,Spanish,qwen2.5-coder:7b,Eliminación,0.941
9259,Fade,es,Spanish,qwen2.5-coder:7b,Desvanecer,0.904
9260,Business Fax,es,Spanish,qwen2.5-coder:7b,Fax de Negocios,1.167
9261,AntiqueWhite,es,Spanish,qwen2.5-coder:7b,AntiguoBlanco,0.997
9262,PPTP Settings,es,Spanish,qwen2.5-coder:7b,Configuración PPTP,1.382
9263,Germany,es,Spanish,qwen2.5-coder:7b,Alemania,0.601
9264,Quiz for %1,es,Spanish,qwen2.5-coder:7b,Prueba para %1,1.176
9265,Character Tool,es,Spanish,qwen2.5-coder:7b,Herramienta de Personaje,1.19
9266,Shift,es,Spanish,qwen2.5-coder:7b,Desplazar,0.871
9267,Strings,es,Spanish,qwen2.5-coder:7b,Cadenas,0.701
9268,New To-do...,es,Spanish,qwen2.5-coder:7b,Nuevo To-do...,0.94
9269,Image,es,Spanish,qwen2.5-coder:7b,Imagen,0.496
9270,Below 1M,es,Spanish,qwen2.5-coder:7b,Menos de 1M,1.32
9271,Upload profiles,es,Spanish,qwen2.5-coder:7b,Subir perfiles,0.852
9272,Right,es,Spanish,qwen2.5-coder:7b,Derecha,0.728
9273,Kontact Planner Summary,es,Spanish,qwen2.5-coder:7b,Resumen del Planificador de Kontact,1.358
9274,Got details,es,Spanish,qwen2.5-coder:7b,Detalles obtenidos,1.033
9275,Cell Wood,es,Spanish,qwen2.5-coder:7b,Madera de Celda,0.961
9276,Image Enhancement,es,Spanish,qwen2.5-coder:7b,Mejora de Imagen,1.052
9277,Digital In,es,Spanish,qwen2.5-coder:7b,Digital In,0.857
9278,Bigger,es,Spanish,qwen2.5-coder:7b,Mayor,0.754
9279,Mathematics,es,Spanish,qwen2.5-coder:7b,Matemáticas,0.742
9280,Top Priority:,es,Spanish,qwen2.5-coder:7b,Prioridad Alta:,0.925
9281,Walls,es,Spanish,qwen2.5-coder:7b,Muros,0.637
9282,Microsoft Media Format,es,Spanish,qwen2.5-coder:7b,Formato de Microsoft Media,0.952
9283,Smoothing,es,Spanish,qwen2.5-coder:7b,Suavizado,0.722
9284,Synchronization information,es,Spanish,qwen2.5-coder:7b,Información de sincronización,1.235
9285,Accessibility warning,es,Spanish,qwen2.5-coder:7b,Aviso de accesibilidad,0.912
9286,Korean,es,Spanish,qwen2.5-coder:7b,Coreano,0.636
9287,& Key size:,es,Spanish,qwen2.5-coder:7b,& Tamaño de clave:,1.094
9288,Ctrl; S Save,es,Spanish,qwen2.5-coder:7b,Ctrl; S Guardar,1.254
9289,Usability improvements,es,Spanish,qwen2.5-coder:7b,Mejoras de usabilidad,1.088
9290,Networking,es,Spanish,qwen2.5-coder:7b,Redes,0.807
9291,Railway station,es,Spanish,qwen2.5-coder:7b,Estación ferroviaria,1.113
9292,new_actor,es,Spanish,qwen2.5-coder:7b,nuevo_actor,0.739
9293,Simple Simon,es,Spanish,qwen2.5-coder:7b,Simple Simon,0.826
9294,Pick Start Date,es,Spanish,qwen2.5-coder:7b,Elige la Fecha de Inicio,1.331
9295,Change Alias...,es,Spanish,qwen2.5-coder:7b,Cambiar Alias...,0.917
9296,Image file format:,es,Spanish,qwen2.5-coder:7b,Formato de archivo de imagen:,1.162
9297,GPX file:,es,Spanish,qwen2.5-coder:7b,Archivo GPX:,0.99
9298,Video support,es,Spanish,qwen2.5-coder:7b,Soporte de video,0.843
9299,Language:,es,Spanish,qwen2.5-coder:7b,Idioma:,0.938
9300,Wander speed,es,Spanish,qwen2.5-coder:7b,Velocidad de desplazamiento,1.317
9301,EXR Version,es,Spanish,qwen2.5-coder:7b,Versión EXR,0.858
9302,Group rid:,es,Spanish,qwen2.5-coder:7b,Agrupa por:,0.933
9303,"Earlier on %B, %Y",es,Spanish,qwen2.5-coder:7b,"Hace un tiempo en %B, %Y",1.763
9304,PS Files,es,Spanish,qwen2.5-coder:7b,Archivos PS,0.949
9305,desktop manager,es,Spanish,qwen2.5-coder:7b,administrador de escritorio,1.14
9306,Not Chile,es,Spanish,qwen2.5-coder:7b,No Chile,0.732
9307,Create object,es,Spanish,qwen2.5-coder:7b,Crear objeto,0.814
9308,Diff: A< - > C,es,Spanish,qwen2.5-coder:7b,Diff: A< - > C,1.496
9309,Default List,es,Spanish,qwen2.5-coder:7b,Lista Predeterminada,1.079
9310,Central Time - central Nunavut,es,Spanish,qwen2.5-coder:7b,Tiempo Central - central Nunavut,1.645
9311,Terminal execution,es,Spanish,qwen2.5-coder:7b,Ejecución de terminal,1.041
9312,Server certificate,es,Spanish,qwen2.5-coder:7b,Certificado del servidor,0.828
9313,Rotation speed,es,Spanish,qwen2.5-coder:7b,Velocidad de rotación,1.073
9314,Transference,es,Spanish,qwen2.5-coder:7b,Transferencia,0.646
9315,& Profiles:,es,Spanish,qwen2.5-coder:7b,& Perfiles:,0.843
9316,Open Collection File,es,Spanish,qwen2.5-coder:7b,Abrir archivo de colección,1.125
9317,Friend,es,Spanish,qwen2.5-coder:7b,Amigo,0.613
9318,& Remove Form,es,Spanish,qwen2.5-coder:7b,& Eliminar Formulario,1.062
9319,File Inclusion,es,Spanish,qwen2.5-coder:7b,Inclusión de Archivo,1.177
9320,Street address,es,Spanish,qwen2.5-coder:7b,Dirección de calle,1.027
9321,character %1,es,Spanish,qwen2.5-coder:7b,personaje %1,0.854
9322,Ordered dithering,es,Spanish,qwen2.5-coder:7b,Dithering ordenado,1.12
9323,RIP: From & PostScript; to Raster,es,Spanish,qwen2.5-coder:7b,RIP: De & PostScript; a Raster,2.025
9324,Roads,es,Spanish,qwen2.5-coder:7b,Carreteras,1.074
9325,& Advanced...,es,Spanish,qwen2.5-coder:7b,& Avanzado...,0.966
9326,flat,es,Spanish,qwen2.5-coder:7b,plano,0.873
9327,Task completion,es,Spanish,qwen2.5-coder:7b,Completado de tarea,1.128
9328,Akonadi available,es,Spanish,qwen2.5-coder:7b,Akonadi disponible,0.908
9329,Toner Density,es,Spanish,qwen2.5-coder:7b,Densidad de Tono,1.138
9330,Resource Selection,es,Spanish,qwen2.5-coder:7b,Selección de Recursos,0.963
9331,Duplicates,es,Spanish,qwen2.5-coder:7b,Duplicados,0.704
9332,& Match:,es,Spanish,qwen2.5-coder:7b,& Coincidir:,0.948
9333,Remove component,es,Spanish,qwen2.5-coder:7b,Eliminar componente,0.86
9334,Add widgets,es,Spanish,qwen2.5-coder:7b,Añadir widgets,0.894
9335,L1 Instr. Fetch Miss,es,Spanish,qwen2.5-coder:7b,L1 Falta de instrucción,1.427
9336,Fine Paper,es,Spanish,qwen2.5-coder:7b,Papel de Alta Calidad,1.058
9337,Could not open document '%1 '.,es,Spanish,qwen2.5-coder:7b,No se pudo abrir el documento '%1'.,1.553
9338,MediumSpringGreen,es,Spanish,qwen2.5-coder:7b,VerdeClaro,0.832
9339,"Asia, South",es,Spanish,qwen2.5-coder:7b,"Asia, Sur",0.775
9340,Image Mime Type,es,Spanish,qwen2.5-coder:7b,Tipo MIME de imagen,0.868
9341,Spanish (Colombia),es,Spanish,qwen2.5-coder:7b,Español (Colombia),1.304
9342,& Location:,es,Spanish,qwen2.5-coder:7b,& Ubicación:,0.958
9343,Belgian Dutch (nl-be),es,Spanish,qwen2.5-coder:7b,Dutch belga (nl-be),1.456
9344,KGeo figure,es,Spanish,qwen2.5-coder:7b,Figura KGeo,0.884
9345,Light Table Settings,es,Spanish,qwen2.5-coder:7b,Ajustes de la Mesa de Luz,1.34
9346,IPTC: created,es,Spanish,qwen2.5-coder:7b,IPTC: creado,1.088
9347,& Public Only,es,Spanish,qwen2.5-coder:7b,& Público Solo,0.91
9348,Backup Success,es,Spanish,qwen2.5-coder:7b,Respaldo Exitoso,1.232
9349,Height,es,Spanish,qwen2.5-coder:7b,Altura,0.626
9350,Tropic of Capricorn,es,Spanish,qwen2.5-coder:7b,Trópico de Capricornio,1.62
9351,(recovered),es,Spanish,qwen2.5-coder:7b,(recuperado),0.845
9352,performance monitor,es,Spanish,qwen2.5-coder:7b,monitor de rendimiento,1.08
9353,inertia variance,es,Spanish,qwen2.5-coder:7b,varianza de inercia,1.139
9354,¥(#165;) Yen sign,es,Spanish,qwen2.5-coder:7b,¥(#165;) Símbolo de yen,1.799
9355,Writing Mode,es,Spanish,qwen2.5-coder:7b,Modo de Escritura,1.171
9356,Average Score:,es,Spanish,qwen2.5-coder:7b,Calificación Promedio:,1.032
9357,Printing Options,es,Spanish,qwen2.5-coder:7b,Opciones de Impresión,1.062
9358,Connection specific:: SSH,es,Spanish,qwen2.5-coder:7b,Conexión específica:: SSH,1.381
9359,Type (optional),es,Spanish,qwen2.5-coder:7b,Escriba (opcional),1.243
9360,Version Number,es,Spanish,qwen2.5-coder:7b,Número de Versión,0.871
9361,%1: does n't exist,es,Spanish,qwen2.5-coder:7b,%1: no existe,1.27
9362,Edit Document,es,Spanish,qwen2.5-coder:7b,Editar Documento,1.048
9363,ATMOSphere Control Center Module,es,Spanish,qwen2.5-coder:7b,Centro de Control de ATMOSfera Módulo,1.972
9364,Moving speed,es,Spanish,qwen2.5-coder:7b,Velocidad de movimiento,0.902
9365,Vfs objects:,es,Spanish,qwen2.5-coder:7b,Objetos VFS:,1.133
9366,Attribute Settings,es,Spanish,qwen2.5-coder:7b,Ajustes de Atributo,1.249
9367,Page Selection,es,Spanish,qwen2.5-coder:7b,Selección de Página,0.934
9368,coral,es,Spanish,qwen2.5-coder:7b,coral,0.681
9369,Lead developer,es,Spanish,qwen2.5-coder:7b,Desarrollador principal,0.943
9370,disc,es,Spanish,qwen2.5-coder:7b,disco,0.815
9371,Territory Capture Game,es,Spanish,qwen2.5-coder:7b,Juego de Captura de Territorio,1.369
9372,Replacement:,es,Spanish,qwen2.5-coder:7b,Reemplazo:,0.886
9373,Outside (O/ o),es,Spanish,qwen2.5-coder:7b,Fuera (O/ o),1.317
9374,Control key,es,Spanish,qwen2.5-coder:7b,Tecla de control,0.99
9375,ask X,es,Spanish,qwen2.5-coder:7b,pregunta a X,1.05
9376,Top Secret,es,Spanish,qwen2.5-coder:7b,Top Secret,0.851
9377,By Path,es,Spanish,qwen2.5-coder:7b,Por Ruta,0.956
9378,Code contributions,es,Spanish,qwen2.5-coder:7b,Contribuciones de código,0.833
9379,Network privacy level:,es,Spanish,qwen2.5-coder:7b,nivel de privacidad de la red:,1.355
9380,& Check board,es,Spanish,qwen2.5-coder:7b,& Verificar tablero,1.049
9381,Brightness,es,Spanish,qwen2.5-coder:7b,Brillo,0.617
9382,To Right,es,Spanish,qwen2.5-coder:7b,向右,0.796
9383,US Legal (Small),es,Spanish,qwen2.5-coder:7b,Legal Estadounidense (Pequeño),1.73
9384,MegaGradient highcolor style,es,Spanish,qwen2.5-coder:7b,Estilo MegaGradient highcolor,1.467
9385,FIFO Overruns Rate,es,Spanish,qwen2.5-coder:7b,Velocidad de Sobreescritura FIFO,1.775
9386,Financial,es,Spanish,qwen2.5-coder:7b,Financiero,0.724
9387,CTags database file:,es,Spanish,qwen2.5-coder:7b,Archivo de base de datos de CTags:,1.558
9388,Recursive:,es,Spanish,qwen2.5-coder:7b,Recursivo:,0.884
9389,Archiving Tool,es,Spanish,qwen2.5-coder:7b,Herramienta de Archivo,1.127
9390,Encrypted,es,Spanish,qwen2.5-coder:7b,Encriptado,0.952
9391,& Profile,es,Spanish,qwen2.5-coder:7b,& Perfil,0.75
9392,Your Username.,es,Spanish,qwen2.5-coder:7b,Tu Nombre de Usuario.,1.025
9393,Progress Dialog,es,Spanish,qwen2.5-coder:7b,Diálogo de Progreso,1.193
9394,Southern,es,Spanish,qwen2.5-coder:7b,Sur,0.5
9395,Writing app:,es,Spanish,qwen2.5-coder:7b,Aplicación de escritura:,1.318
9396,Colorize & frames,es,Spanish,qwen2.5-coder:7b,Colorear & marcos,1.331
9397,Scrolling speed,es,Spanish,qwen2.5-coder:7b,Velocidad de desplazamiento,1.463
9398,(rows: more than %1),es,Spanish,qwen2.5-coder:7b,(filas: más de %1),1.475
9399,Rate,es,Spanish,qwen2.5-coder:7b,Calificar,0.637
9400,ImagePlugin_WhiteBalance,es,Spanish,qwen2.5-coder:7b,ImagePlugin_WhiteBalance,1.291
9401,Sound File,es,Spanish,qwen2.5-coder:7b,Archivo de Sonido,0.845
9402,Reserved,es,Spanish,qwen2.5-coder:7b,Reservado,0.693
9403,Atomic Number,es,Spanish,qwen2.5-coder:7b,Número Atómico,0.796
9404,User Manager,es,Spanish,qwen2.5-coder:7b,Administrador de Usuarios,1.004
9405,New Tape,es,Spanish,qwen2.5-coder:7b,New Tape,0.845
9406,Initial value:,es,Spanish,qwen2.5-coder:7b,Valor inicial:,0.745
9407,Rename Items,es,Spanish,qwen2.5-coder:7b,Renombrar Elementos,1.204
9408,File Manager,es,Spanish,qwen2.5-coder:7b,Gestor de Archivos,1.05
9409,(C) 2006-2009 Peter Penz,es,Spanish,qwen2.5-coder:7b,(C) 2006-2009 Peter Penz,2.636
9410,Peter Penz,es,Spanish,qwen2.5-coder:7b,Peter Penz,0.847
9411,Maintainer and developer,es,Spanish,qwen2.5-coder:7b,Mantenedor y desarrollador,1.237
9412,David Faure,es,Spanish,qwen2.5-coder:7b,David Faure,0.762
9413,Developer,es,Spanish,qwen2.5-coder:7b,Desarrollador,0.777
9414,Aaron J. Seigo,es,Spanish,qwen2.5-coder:7b,Aaron J. Seigo,1.017
9415,Rafael Fernández López,es,Spanish,qwen2.5-coder:7b,Rafael Fernández López,1.175
9416,Kevin Ottens,es,Spanish,qwen2.5-coder:7b,Kevin Ottens,0.784
9417,Holger Freyther,es,Spanish,qwen2.5-coder:7b,Holger Freyther,1.081
9418,Max Blazejak,es,Spanish,qwen2.5-coder:7b,Max Blazejak,0.765
9419,Michael Austin,es,Spanish,qwen2.5-coder:7b,Michael Austin,0.663
9420,Documentation,es,Spanish,qwen2.5-coder:7b,Documentación,0.799
9421,Document to open,es,Spanish,qwen2.5-coder:7b,Documento para abrir,0.949
9422,Empty Trash,es,Spanish,qwen2.5-coder:7b,Borrar Papelera,1.017
9423,Add to Places,es,Spanish,qwen2.5-coder:7b,Añadir a Lugares,1.166
9424,Do you really want to empty the Trash? All items will be deleted.,es,Spanish,qwen2.5-coder:7b,¿Realmente quieres vaciar la Papelera? Todos los elementos serán eliminados.,2.697
9425,Trash,es,Spanish,qwen2.5-coder:7b,Basura,0.622
9426,Restore,es,Spanish,qwen2.5-coder:7b,Restaurar,0.881
9427,Create New,es,Spanish,qwen2.5-coder:7b,Crear Nuevo,0.807
9428,View Mode,es,Spanish,qwen2.5-coder:7b,Modo de Vista,1.016
9429,Properties,es,Spanish,qwen2.5-coder:7b,Propiedades,0.617
9430,Paste Into Folder,es,Spanish,qwen2.5-coder:7b,Pega en la carpeta,1.17
9431,Others,es,Spanish,qwen2.5-coder:7b,Otros,0.603
9432,Normal,es,Spanish,qwen2.5-coder:7b,Normal,0.493
9433,Update required,es,Spanish,qwen2.5-coder:7b,Actualización requerida,1.11
9434,Locally modified,es,Spanish,qwen2.5-coder:7b,Modificado localmente,1.059
9435,Added,es,Spanish,qwen2.5-coder:7b,Añadido,0.779
9436,Removed,es,Spanish,qwen2.5-coder:7b,Eliminado,0.917
9437,Conflicting,es,Spanish,qwen2.5-coder:7b,Conflictivo,0.835
9438,Unversioned,es,Spanish,qwen2.5-coder:7b,No versionado,0.759
9439,Version,es,Spanish,qwen2.5-coder:7b,Versión,0.575
9440,Folders,es,Spanish,qwen2.5-coder:7b,Carpetas,0.594
9441,Small,es,Spanish,qwen2.5-coder:7b,Pequeño,0.716
9442,Medium,es,Spanish,qwen2.5-coder:7b,Medio,0.837
9443,Big,es,Spanish,qwen2.5-coder:7b,Grande,0.621
9444,Today,es,Spanish,qwen2.5-coder:7b,Hoy,0.71
9445,Yesterday,es,Spanish,qwen2.5-coder:7b,Ayer,0.698
9446,%A,es,Spanish,qwen2.5-coder:7b,%A,0.544
9447,Last Week,es,Spanish,qwen2.5-coder:7b,Semana Pasada,1.124
9448,Two Weeks Ago,es,Spanish,qwen2.5-coder:7b,Dos semanas atrás,0.769
9449,Three Weeks Ago,es,Spanish,qwen2.5-coder:7b,tres semanas atrás,0.984
9450,Earlier this Month,es,Spanish,qwen2.5-coder:7b,Hace un mes,0.991
9451,"Yesterday (%B, %Y)",es,Spanish,qwen2.5-coder:7b,"Ayer (%B, %Y)",1.39
9452,"%A (%B, %Y)",es,Spanish,qwen2.5-coder:7b,"%A (%B, %Y)",1.296
9453,"Last Week (%B, %Y)",es,Spanish,qwen2.5-coder:7b,"Semana Pasada (%B, %Y)",1.71
9454,"Two Weeks Ago (%B, %Y)",es,Spanish,qwen2.5-coder:7b,"Dos Semanas Atrás (%B, %Y)",1.924
9455,"Three Weeks Ago (%B, %Y)",es,Spanish,qwen2.5-coder:7b,"tres semanas atrás (%B, %Y)",1.706
9456,"Earlier on %B, %Y",es,Spanish,qwen2.5-coder:7b,"Hace un tiempo en %B, %Y",1.732
9457,"%B, %Y",es,Spanish,qwen2.5-coder:7b,"%B, %Y",1.122
9458,"Read,",es,Spanish,qwen2.5-coder:7b,"Leer,",0.815
9459,"Write,",es,Spanish,qwen2.5-coder:7b,"Escribe,",0.688
9460,"Execute,",es,Spanish,qwen2.5-coder:7b,"Ejecutar,",0.787
9461,Forbidden,es,Spanish,qwen2.5-coder:7b,Prohibido,0.726
9462,(User: %1) (Group: %2) (Others: %3),es,Spanish,qwen2.5-coder:7b,(Usuario: %1) (Grupo: %2) (Otros: %3),2.962
9463,Unknown error.,es,Spanish,qwen2.5-coder:7b,Error desconocido.,0.988
9464,Add Comment...,es,Spanish,qwen2.5-coder:7b,Añadir Comentario...,1.02
9465,Change...,es,Spanish,qwen2.5-coder:7b,Modificar...,0.69
9466,Change Comment,es,Spanish,qwen2.5-coder:7b,Cambiar Comentario,0.78
9467,Add Comment,es,Spanish,qwen2.5-coder:7b,Añadir Comentario,1.034
9468,Changing annotations,es,Spanish,qwen2.5-coder:7b,Cambiando anotaciones,1.144
9469,Configure Shown Data,es,Spanish,qwen2.5-coder:7b,Configure Datos Mostrados,1.213
9470,Configure which data should be shown,es,Spanish,qwen2.5-coder:7b,Configure qué datos deben mostrarse,1.391
9471,Type,es,Spanish,qwen2.5-coder:7b,Escriba,0.7
9472,Size,es,Spanish,qwen2.5-coder:7b,Tamaño,0.587
9473,Modified,es,Spanish,qwen2.5-coder:7b,Modificado,0.586
9474,Owner,es,Spanish,qwen2.5-coder:7b,Propietario,0.708
9475,Permissions,es,Spanish,qwen2.5-coder:7b,Permisos,0.702
9476,Rating,es,Spanish,qwen2.5-coder:7b,Calificación,0.596
9477,Tags,es,Spanish,qwen2.5-coder:7b,Etiquetas,0.699
9478,Comment,es,Spanish,qwen2.5-coder:7b,Comentar,0.806
9479,Change Tags,es,Spanish,qwen2.5-coder:7b,Cambiar Etiquetas,0.915
9480,Add Tags,es,Spanish,qwen2.5-coder:7b,Añadir Etiquetas,1.127
9481,Configure which tags should be applied.,es,Spanish,qwen2.5-coder:7b,Configure qué etiquetas deben aplicarse.,1.457
9482,Create new tag:,es,Spanish,qwen2.5-coder:7b,Crear nueva etiqueta:,1.033
9483,Delete tag,es,Spanish,qwen2.5-coder:7b,Eliminar etiqueta,0.908
9484,Should the tag %1 really be deleted for all files?,es,Spanish,qwen2.5-coder:7b,¿Debería la etiqueta %1 realmente ser eliminada para todos los archivos?,2.377
9485,Delete,es,Spanish,qwen2.5-coder:7b,Eliminar,0.689
9486,Cancel,es,Spanish,qwen2.5-coder:7b,Cancelar,0.491
9487,Add Tags...,es,Spanish,qwen2.5-coder:7b,Añadir Etiquetas...,1.112
9488,Width x Height:,es,Spanish,qwen2.5-coder:7b,Ancho x Alto:,1.063
9489,Size:,es,Spanish,qwen2.5-coder:7b,Tamaño:,0.674
9490,Folder,es,Spanish,qwen2.5-coder:7b,Carpeta,0.665
9491,Total Size:,es,Spanish,qwen2.5-coder:7b,Tamaño Total:,0.819
9492,Type:,es,Spanish,qwen2.5-coder:7b,Escriba:,0.826
9493,Modified:,es,Spanish,qwen2.5-coder:7b,Modificado:,0.767
9494,Owner:,es,Spanish,qwen2.5-coder:7b,Propietario:,0.883
9495,Permissions:,es,Spanish,qwen2.5-coder:7b,Permisos:,0.772
9496,Rating:,es,Spanish,qwen2.5-coder:7b,Calificación:,0.798
9497,Tags:,es,Spanish,qwen2.5-coder:7b,Etiquetas:,0.78
9498,Comment:,es,Spanish,qwen2.5-coder:7b,Comentario:,0.794
9499,Preview,es,Spanish,qwen2.5-coder:7b,Vista previa,0.974
9500,Configure...,es,Spanish,qwen2.5-coder:7b,Configurar...,0.793
9501,Configure which data should be shown in the Information Panel.,es,Spanish,qwen2.5-coder:7b,Configure qué datos deben mostrarse en el Panel de Información.,2.147
9502,play,es,Spanish,qwen2.5-coder:7b,reproducir,1.023
9503,stop,es,Spanish,qwen2.5-coder:7b,detener,0.81
9504,Cut,es,Spanish,qwen2.5-coder:7b,Recortar,0.926
9505,Copy,es,Spanish,qwen2.5-coder:7b,Compartir,0.883
9506,Paste,es,Spanish,qwen2.5-coder:7b,Pegar,0.789
9507,Rename...,es,Spanish,qwen2.5-coder:7b,Renombrar...,1.007
9508,Move to Trash,es,Spanish,qwen2.5-coder:7b,Mover a Papelera,1.114
9509,Show Hidden Files,es,Spanish,qwen2.5-coder:7b,Mostrar Archivos Ocultos,1.205
9510,& Edit File Type...,es,Spanish,qwen2.5-coder:7b,& Edit Tipo de Archivo...,1.214
9511,Select Items Matching...,es,Spanish,qwen2.5-coder:7b,Seleccionar Elementos Coincidentes...,1.522
9512,Unselect Items Matching...,es,Spanish,qwen2.5-coder:7b,Desseleccionar Elementos Coincidentes...,1.783
9513,Unselect All,es,Spanish,qwen2.5-coder:7b,Deseleccionar Todo,1.027
9514,Invert Selection,es,Spanish,qwen2.5-coder:7b,Invertir Selección,0.939
9515,Applications,es,Spanish,qwen2.5-coder:7b,Aplicaciones,0.693
9516,& Network Folders,es,Spanish,qwen2.5-coder:7b,& Carpetas de Red,0.956
9517,Settings,es,Spanish,qwen2.5-coder:7b,Ajustes,0.748
9518,Autostart,es,Spanish,qwen2.5-coder:7b,Arranque Automático,1.137
9519,Open & Terminal,es,Spanish,qwen2.5-coder:7b,Abrir & Terminal,0.863
9520,Dolphin Part,es,Spanish,qwen2.5-coder:7b,Parte del Delfín,1.266
9521,Select,es,Spanish,qwen2.5-coder:7b,Seleccionar,0.605
9522,Select all items matching this pattern:,es,Spanish,qwen2.5-coder:7b,Selecciona todos los elementos que coincidan con este patrón:,2.101
9523,Unselect,es,Spanish,qwen2.5-coder:7b,Deseleccionar,0.912
9524,Unselect all items matching this pattern:,es,Spanish,qwen2.5-coder:7b,Desseleccionar todos los elementos que coincidan con este patrón:,2.122
9525,& Edit,es,Spanish,qwen2.5-coder:7b,& Editar,0.802
9526,Selection,es,Spanish,qwen2.5-coder:7b,Selección,0.619
9527,& View,es,Spanish,qwen2.5-coder:7b,& Ver,0.741
9528,Sort By,es,Spanish,qwen2.5-coder:7b,Ordenar por,0.993
9529,Additional Information,es,Spanish,qwen2.5-coder:7b,Información Adicional,0.845
9530,& Go,es,Spanish,qwen2.5-coder:7b,& Ir,0.729
9531,Tools,es,Spanish,qwen2.5-coder:7b,Herramientas,0.826
9532,Dolphin Toolbar,es,Spanish,qwen2.5-coder:7b,Barra de herramientas de Delfín,1.629
9533,Panels,es,Spanish,qwen2.5-coder:7b,Paneles,0.832
9534,Location Bar,es,Spanish,qwen2.5-coder:7b,Barra de Ubicación,1.197
9535,Main Toolbar,es,Spanish,qwen2.5-coder:7b,Barra de Herramientas Principal,1.37
9536,Search Toolbar,es,Spanish,qwen2.5-coder:7b,Barra de Búsqueda,1.131
9537,Your names,es,Spanish,qwen2.5-coder:7b,Tu nombre,0.815
9538,Your emails,es,Spanish,qwen2.5-coder:7b, Tus correos electrónicos ,1.23
9539,Show preview,es,Spanish,qwen2.5-coder:7b,Mostrar vista previa,0.926
9540,Show hidden files,es,Spanish,qwen2.5-coder:7b,Mostrar archivos ocultos,1.006
9541,Location,es,Spanish,qwen2.5-coder:7b,Ubicación,0.71
9542,What,es,Spanish,qwen2.5-coder:7b,Qué,0.544
9543,Criteria,es,Spanish,qwen2.5-coder:7b,Criteria,0.702
9544,"When this option is enabled hidden files, such as those starting with a '.', will be shown in the file view.",es,Spanish,qwen2.5-coder:7b,"Cuando esta opción está habilitada, los archivos ocultos, como aquellos que comienzan con un '.', se mostrarán en la vista de archivos.",4.364
9545,"This option controls the style of the view. Currently supported values include icons (0), details (1) and column (2) views.",es,Spanish,qwen2.5-coder:7b,"Esta opción controla el estilo de la vista. Los valores actualmente soportados incluyen iconos (0), detalles (1) y vistas de columna (2).",3.09
9546,"When this option is enabled, a preview of the file content is shown as an icon.",es,Spanish,qwen2.5-coder:7b,"Cuando esta opción está habilitada, se muestra una vista previa del contenido del archivo como un icono.",3.316
9547,Categorized Sorting,es,Spanish,qwen2.5-coder:7b,Ordenamiento Categorizado,1.157
9548,"When this option is enabled, the sorted items are summarized by their category.",es,Spanish,qwen2.5-coder:7b,"Cuando esta opción está habilitada, los elementos ordenados se resumen por su categoría.",3.005
9549,Sort files by,es,Spanish,qwen2.5-coder:7b,Ordenar archivos por,1.087
9550,"This option defines which attribute (name, size, date, etc.) sorting is performed on.",es,Spanish,qwen2.5-coder:7b,"Esta opción define qué atributo (nombre, tamaño, fecha, etc.) se utiliza para el ordenamiento.",3.438
9551,Order in which to sort files,es,Spanish,qwen2.5-coder:7b,Orden en el que ordenar los archivos,1.632
9552,Show folders first when sorting files and folders,es,Spanish,qwen2.5-coder:7b,Mostrar carpetas primero al ordenar archivos y carpetas,2.096
9553,Additional information,es,Spanish,qwen2.5-coder:7b,Información adicional,0.886
9554,Properties last changed,es,Spanish,qwen2.5-coder:7b,Propiedades últimas modificadas,1.324
9555,The last time these properties were changed by the user.,es,Spanish,qwen2.5-coder:7b,La última vez que estos propiedades fueron cambiados por el usuario.,2.16
9556,Font family,es,Spanish,qwen2.5-coder:7b,Familia de fuentes,1.057
9557,Use system font,es,Spanish,qwen2.5-coder:7b,Usar fuente del sistema,1.245
9558,Font size,es,Spanish,qwen2.5-coder:7b,Tamaño de fuente,0.9
9559,Italic,es,Spanish,qwen2.5-coder:7b,Cursiva,0.675
9560,Font weight,es,Spanish,qwen2.5-coder:7b,Grasa de la fuente,1.195
9561,Icon size,es,Spanish,qwen2.5-coder:7b,Size del icono,1.003
9562,Preview size,es,Spanish,qwen2.5-coder:7b,Previsualización de tamaño,1.092
9563,Expandable folders,es,Spanish,qwen2.5-coder:7b,Carpetas expandibles,0.857
9564,Position of columns,es,Spanish,qwen2.5-coder:7b,Posición de las columnas,1.255
9565,Disabled plugins,es,Spanish,qwen2.5-coder:7b,Complementos desactivados,1.228
9566,Arrangement,es,Spanish,qwen2.5-coder:7b,Arreglado,1.029
9567,Item height,es,Spanish,qwen2.5-coder:7b,Altura del elemento,1.022
9568,Item width,es,Spanish,qwen2.5-coder:7b,Ancho del elemento,0.822
9569,Grid spacing,es,Spanish,qwen2.5-coder:7b,Espaciado de cuadrícula,1.292
9570,Number of textlines,es,Spanish,qwen2.5-coder:7b,Número de líneas de texto,1.331
9571,Column width,es,Spanish,qwen2.5-coder:7b,Ancho de columna,1.08
9572,Should the URL be editable for the user,es,Spanish,qwen2.5-coder:7b,¿La URL debe ser editable para el usuario?,1.688
9573,Text completion mode of the URL Navigator,es,Spanish,qwen2.5-coder:7b,Modo de completado de texto del Navegador de URL,2.26
9574,Should the full path be shown inside the location bar,es,Spanish,qwen2.5-coder:7b,¿Debería mostrar la ruta completa en la barra de ubicación?,2.379
9575,Is the application started the first time,es,Spanish,qwen2.5-coder:7b,¿Es la aplicación iniciada por primera vez?,1.792
9576,Home URL,es,Spanish,qwen2.5-coder:7b,URL de inicio,0.74
9577,Split the view into two panes,es,Spanish,qwen2.5-coder:7b,Divide la vista en dos paneles,1.678
9578,Should the filter bar be shown,es,Spanish,qwen2.5-coder:7b,¿Debería mostrarse la barra de filtro?,1.788
9579,Should the view properties be used for all directories,es,Spanish,qwen2.5-coder:7b,¿Deberían las propiedades de la vista usarse para todos los directorios?,2.591
9580,Browse through archives,es,Spanish,qwen2.5-coder:7b,Navega por los archivos,1.172
9581,Ask for confirmation when closing windows with multiple tabs.,es,Spanish,qwen2.5-coder:7b,Preguntar por la confirmación al cerrar ventanas con múltiples pestañas.,2.865
9582,Rename inline,es,Spanish,qwen2.5-coder:7b,Renombrar en línea,1.209
9583,Show selection toggle,es,Spanish,qwen2.5-coder:7b,Mostrar alternar selección,1.045
9584,Show tooltips,es,Spanish,qwen2.5-coder:7b,Mostrar sugerencias,0.977
9585,Show'Copy To 'and'Move To' commands in context menu,es,Spanish,qwen2.5-coder:7b,Mostrar comandos 'Copiar a' y 'Mover a' en el menú contextual,3.005
9586,Timestamp since when the view properties are valid,es,Spanish,qwen2.5-coder:7b,Timestamp desde cuando las propiedades de la vista son válidas,2.026
9587,Use auto-expanding folders for all view types,es,Spanish,qwen2.5-coder:7b,Use folders que se expanden automáticamente para todos los tipos de vista,2.276
9588,Show zoom slider in the statusbar,es,Spanish,qwen2.5-coder:7b,Mostrar deslizador de zoom en la barra de estado,2.121
9589,Show the space information in the statusbar,es,Spanish,qwen2.5-coder:7b,Mostrar la información del espacio en la barra de estado,2.031
9590,Successfully copied.,es,Spanish,qwen2.5-coder:7b,Copiado con éxito.,1.043
9591,Successfully moved.,es,Spanish,qwen2.5-coder:7b,Se movió con éxito.,1.147
9592,Successfully linked.,es,Spanish,qwen2.5-coder:7b,Enlace exitoso.,1.027
9593,Successfully moved to trash.,es,Spanish,qwen2.5-coder:7b,Se movió a la papelera con éxito.,1.625
9594,Successfully renamed.,es,Spanish,qwen2.5-coder:7b,Renombrado exitoso.,1.213
9595,Created folder.,es,Spanish,qwen2.5-coder:7b,Se creó la carpeta.,1.243
9596,Go back,es,Spanish,qwen2.5-coder:7b,Ir atrás,0.656
9597,Go forward,es,Spanish,qwen2.5-coder:7b,Ir hacia adelante,0.793
9598,Confirmation,es,Spanish,qwen2.5-coder:7b,Confirmación,0.59
9599,Close Current Tab,es,Spanish,qwen2.5-coder:7b,Cerrar Pestaña Actual,1.186
9600,"You have multiple tabs open in this window, are you sure you want to quit?",es,Spanish,qwen2.5-coder:7b,"Tiene varias pestañas abiertas en esta ventana, ¿está seguro de que desea salir?",3.234
9601,Do not ask again,es,Spanish,qwen2.5-coder:7b,No preguntar de nuevo,1.259
9602,New Tab,es,Spanish,qwen2.5-coder:7b,Nueva Pestaña,1.066
9603,Close Other Tabs,es,Spanish,qwen2.5-coder:7b,Cerrar otras pestañas,1.154
9604,Close Tab,es,Spanish,qwen2.5-coder:7b,Cerrar Pestaña,0.799
9605,New & Window,es,Spanish,qwen2.5-coder:7b,Nuevo & Ventana,1.076
9606,Select All,es,Spanish,qwen2.5-coder:7b,Seleccionar Todo,0.73
9607,Stop,es,Spanish,qwen2.5-coder:7b,Detener,0.576
9608,Stop loading,es,Spanish,qwen2.5-coder:7b,Detener la carga,0.842
9609,Editable Location,es,Spanish,qwen2.5-coder:7b,Ubicación Editable,1.141
9610,Replace Location,es,Spanish,qwen2.5-coder:7b,Reemplazar Ubicación,1.234
9611,Recently Closed Tabs,es,Spanish,qwen2.5-coder:7b,Tarjas Cerradas Recientemente,1.45
9612,Show Search Bar,es,Spanish,qwen2.5-coder:7b,Mostrar Barra de Búsqueda,1.142
9613,Show Filter Bar,es,Spanish,qwen2.5-coder:7b,Mostrar Barra de Filtros,1.4
9614,Compare Files,es,Spanish,qwen2.5-coder:7b,Comparar Archivos,1.053
9615,Open Terminal,es,Spanish,qwen2.5-coder:7b,Abrir Terminal,0.743
9616,Activate Next Tab,es,Spanish,qwen2.5-coder:7b,Activar Siguiente Pestaña,1.343
9617,Activate Previous Tab,es,Spanish,qwen2.5-coder:7b,Activar Pestaña Anterior,1.302
9618,Open in New Tab,es,Spanish,qwen2.5-coder:7b,Abrir en Nueva Pestaña,1.333
9619,Open in New Window,es,Spanish,qwen2.5-coder:7b,Abrir en Nueva Ventana,1.109
9620,Search Bar,es,Spanish,qwen2.5-coder:7b,Barra de búsqueda,1.076
9621,Information,es,Spanish,qwen2.5-coder:7b,Información,0.591
9622,Terminal,es,Spanish,qwen2.5-coder:7b,Terminal,0.534
9623,Places,es,Spanish,qwen2.5-coder:7b,Ubicaciones,0.892
9624,Close,es,Spanish,qwen2.5-coder:7b,Cerrar,0.485
9625,Close right view,es,Spanish,qwen2.5-coder:7b,Cerrar vista derecha,1.017
9626,Close left view,es,Spanish,qwen2.5-coder:7b,Cerrar vista izquierda,1.061
9627,Split,es,Spanish,qwen2.5-coder:7b,Dividir,0.712
9628,Split view,es,Spanish,qwen2.5-coder:7b,Vista dividida,0.998
9629,Tag,es,Spanish,qwen2.5-coder:7b,Etiqueta,0.588
9630,Search...,es,Spanish,qwen2.5-coder:7b,Buscar...,0.688
9631,Everywhere,es,Spanish,qwen2.5-coder:7b,En todo lugar,0.913
9632,From Here,es,Spanish,qwen2.5-coder:7b,Desde aquí,0.647
9633,All,es,Spanish,qwen2.5-coder:7b,Todos,0.504
9634,Images,es,Spanish,qwen2.5-coder:7b,Imágenes,0.636
9635,Text,es,Spanish,qwen2.5-coder:7b,Texto,0.484
9636,Filenames,es,Spanish,qwen2.5-coder:7b,Nombres de archivos,0.82
9637,Search:,es,Spanish,qwen2.5-coder:7b,Buscar:,0.679
9638,What:,es,Spanish,qwen2.5-coder:7b,¿Qué:,0.812
9639,Add search option,es,Spanish,qwen2.5-coder:7b,Añadir opción de búsqueda,1.152
9640,Search,es,Spanish,qwen2.5-coder:7b,Buscar,0.697
9641,Start searching,es,Spanish,qwen2.5-coder:7b,Iniciar búsqueda,0.902
9642,Save,es,Spanish,qwen2.5-coder:7b,Guardar,0.715
9643,Save search options,es,Spanish,qwen2.5-coder:7b,Guardar opciones de búsqueda,1.067
9644,Close search options,es,Spanish,qwen2.5-coder:7b,Cerrar opciones de búsqueda,1.036
9645,Name:,es,Spanish,qwen2.5-coder:7b,Nombre:,0.577
9646,Save Search Options,es,Spanish,qwen2.5-coder:7b,Guardar Opciones de Búsqueda,1.211
9647,Remove search option,es,Spanish,qwen2.5-coder:7b,Eliminar opción de búsqueda,1.069
9648,Greater Than,es,Spanish,qwen2.5-coder:7b,Mayor que,0.878
9649,Greater Than or Equal to,es,Spanish,qwen2.5-coder:7b,Mayor o Igual A,1.172
9650,Less Than,es,Spanish,qwen2.5-coder:7b,Menos Que,0.728
9651,Less Than or Equal to,es,Spanish,qwen2.5-coder:7b,Menor o Igual,0.977
9652,Anytime,es,Spanish,qwen2.5-coder:7b,En cualquier momento,0.917
9653,This Week,es,Spanish,qwen2.5-coder:7b,Esta Semana,0.891
9654,This Month,es,Spanish,qwen2.5-coder:7b,Este Mes,0.599
9655,This Year,es,Spanish,qwen2.5-coder:7b,Este Año,0.684
9656,Date:,es,Spanish,qwen2.5-coder:7b,Fecha:,0.683
9657,Any,es,Spanish,qwen2.5-coder:7b,Cualquier,0.715
9658,Equal to,es,Spanish,qwen2.5-coder:7b,Igual a,0.808
9659,Not Equal to,es,Spanish,qwen2.5-coder:7b,Diferente de,0.942
9660,Tag:,es,Spanish,qwen2.5-coder:7b,Etiqueta:,0.729
9661,No Tags Available,es,Spanish,qwen2.5-coder:7b,No Etiquetas Disponibles,1.307
9662,Byte,es,Spanish,qwen2.5-coder:7b,Byte,0.499
9663,KByte,es,Spanish,qwen2.5-coder:7b,Kilobyte,0.868
9664,MByte,es,Spanish,qwen2.5-coder:7b,MByte,0.665
9665,GByte,es,Spanish,qwen2.5-coder:7b,GByte,0.646
9666,Deselect Item,es,Spanish,qwen2.5-coder:7b,Deseleccionar Elemento,1.203
9667,Select Item,es,Spanish,qwen2.5-coder:7b,Seleccionar Elemento,1.07
9668,Icon Size,es,Spanish,qwen2.5-coder:7b,Size del Icono,1.035
9669,Default:,es,Spanish,qwen2.5-coder:7b,Predeterminado:,0.926
9670,Preview:,es,Spanish,qwen2.5-coder:7b,Vista previa:,0.996
9671,Show zoom slider,es,Spanish,qwen2.5-coder:7b,Mostrar deslizador de zoom,1.353
9672,Show space information,es,Spanish,qwen2.5-coder:7b,Mostrar información del espacio,1.212
9673,System Font,es,Spanish,qwen2.5-coder:7b,Fuente del Sistema,0.818
9674,Custom Font,es,Spanish,qwen2.5-coder:7b,Fuente Personalizada,0.814
9675,Choose...,es,Spanish,qwen2.5-coder:7b,Elige...,0.796
9676,Configure which services should be shown in the context menu.,es,Spanish,qwen2.5-coder:7b,Configure qué servicios deben mostrarse en el menú contextual.,1.976
9677,Download New Services...,es,Spanish,qwen2.5-coder:7b,Descargar Nuevos Servicios...,1.404
9678,Status Bar,es,Spanish,qwen2.5-coder:7b,Barra de Estado,0.849
9679,Show previews for:,es,Spanish,qwen2.5-coder:7b,Mostrar previsualizaciones para:,1.43
9680,Maximum file size:,es,Spanish,qwen2.5-coder:7b,Tamaño máximo de archivo:,1.079
9681,Use thumbnails embedded in files,es,Spanish,qwen2.5-coder:7b,Usa miniaturas incrustadas en los archivos,1.75
9682,Applying View Properties,es,Spanish,qwen2.5-coder:7b,Aplicando Propiedades de Vista,1.425
9683,Counting folders: %1,es,Spanish,qwen2.5-coder:7b,Contando carpetas: %1,1.485
9684,Folders: %1,es,Spanish,qwen2.5-coder:7b,Carpeta: %1,1.299
9685,Font:,es,Spanish,qwen2.5-coder:7b,Fuente:,0.801
9686,Text width:,es,Spanish,qwen2.5-coder:7b,Ancho del texto:,1.054
9687,Large,es,Spanish,qwen2.5-coder:7b,Grande,0.601
9688,Huge,es,Spanish,qwen2.5-coder:7b,Grande,0.633
9689,Number of lines:,es,Spanish,qwen2.5-coder:7b,Número de líneas:,1.033
9690,Grid,es,Spanish,qwen2.5-coder:7b,Cuadrícula,0.822
9691,Arrangement:,es,Spanish,qwen2.5-coder:7b,Arreglado:,1.041
9692,Rows,es,Spanish,qwen2.5-coder:7b,Filas,0.59
9693,Grid spacing:,es,Spanish,qwen2.5-coder:7b,Espaciado de cuadrícula:,1.449
9694,Dolphin Preferences,es,Spanish,qwen2.5-coder:7b,Preferencias de Delfín,1.435
9695,Startup,es,Spanish,qwen2.5-coder:7b,Arranque,0.868
9696,View Modes,es,Spanish,qwen2.5-coder:7b,Modos de Vista,1.006
9697,Navigation,es,Spanish,qwen2.5-coder:7b,Navegación,0.967
9698,Services,es,Spanish,qwen2.5-coder:7b,Servicios,0.635
9699,General,es,Spanish,qwen2.5-coder:7b,General,0.512
9700,Mouse,es,Spanish,qwen2.5-coder:7b,Ratón,0.695
9701,Single-click to open files and folders,es,Spanish,qwen2.5-coder:7b,Haz clic una vez para abrir archivos y carpetas,1.744
9702,Double-click to open files and folders,es,Spanish,qwen2.5-coder:7b,Doble-clic para abrir archivos y carpetas,1.648
9703,Open archives as folder,es,Spanish,qwen2.5-coder:7b,Abre archivos como carpeta,1.28
9704,Open folders during drag operations,es,Spanish,qwen2.5-coder:7b,Abre carpetas durante las operaciones de arrastrar,1.845
9705,Home Folder,es,Spanish,qwen2.5-coder:7b,Carpeta Personal,0.814
9706,Location:,es,Spanish,qwen2.5-coder:7b,Ubicación:,0.883
9707,Use Current Location,es,Spanish,qwen2.5-coder:7b,Usar Ubicación Actual,1.25
9708,Use Default Location,es,Spanish,qwen2.5-coder:7b,Usar Ubicación Predeterminada,1.371
9709,Split view mode,es,Spanish,qwen2.5-coder:7b,Modo de vista dividida,1.282
9710,Editable location bar,es,Spanish,qwen2.5-coder:7b,Barra de ubicación editable,1.282
9711,Show full path inside location bar,es,Spanish,qwen2.5-coder:7b,Mostrar ruta completa en la barra de ubicación,1.9
9712,Show filter bar,es,Spanish,qwen2.5-coder:7b,Mostrar barra de filtro,1.279
9713,"The location for the home folder is invalid or does not exist, it will not be applied.",es,Spanish,qwen2.5-coder:7b,"La ubicación de la carpeta de inicio es inválida o no existe, no se aplicará.",3.341
9714,Show'Delete 'command,es,Spanish,qwen2.5-coder:7b,Mostrar'Borrar 'comando,1.341
9715,Show'Copy To 'and'Move To' commands,es,Spanish,qwen2.5-coder:7b,Mostrar 'Copiar a' y 'Mover a' comandos,2.494
9716,View Properties,es,Spanish,qwen2.5-coder:7b,Ver Propiedades,0.953
9717,Remember view properties for each folder,es,Spanish,qwen2.5-coder:7b,Recuerda las propiedades de vista para cada carpeta,1.739
9718,Use common view properties for all folders,es,Spanish,qwen2.5-coder:7b,Use properties de vista comunes para todas las carpetas,1.835
9719,Ask For Confirmation When,es,Spanish,qwen2.5-coder:7b,Preguntar por Confirmación Cuando,1.474
9720,Moving files or folders to trash,es,Spanish,qwen2.5-coder:7b,Mover archivos o carpetas a la papelera,1.703
9721,Deleting files or folders,es,Spanish,qwen2.5-coder:7b,Eliminando archivos o carpetas,1.43
9722,Closing windows with multiple tabs,es,Spanish,qwen2.5-coder:7b,Cerrando ventanas con múltiples pestañas,1.826
9723,Show selection marker,es,Spanish,qwen2.5-coder:7b,Mostrar marcador de selección,1.38
9724,Natural sorting of items,es,Spanish,qwen2.5-coder:7b,Ordenación natural de elementos,1.231
9725,Configure which data should be shown in the tooltip.,es,Spanish,qwen2.5-coder:7b,Configure qué datos deben mostrarse en el tooltip.,1.804
9726,View mode:,es,Spanish,qwen2.5-coder:7b,Modo de vista:,1.055
9727,Sorting:,es,Spanish,qwen2.5-coder:7b,Ordenando:,0.814
9728,Ascending,es,Spanish,qwen2.5-coder:7b,Ascendente,0.927
9729,Descending,es,Spanish,qwen2.5-coder:7b,Descendente,0.912
9730,By Name,es,Spanish,qwen2.5-coder:7b,Por Nombre,0.647
9731,By Size,es,Spanish,qwen2.5-coder:7b,Por Tamaño,0.903
9732,By Date,es,Spanish,qwen2.5-coder:7b,Por Fecha,0.798
9733,By Permissions,es,Spanish,qwen2.5-coder:7b,Por Permisos,0.783
9734,By Owner,es,Spanish,qwen2.5-coder:7b,Por Dueño,0.931
9735,By Group,es,Spanish,qwen2.5-coder:7b,Por Grupo,0.823
9736,By Type,es,Spanish,qwen2.5-coder:7b,Por Tipo,0.809
9737,Show folders first,es,Spanish,qwen2.5-coder:7b,Mostrar carpetas primero,1.192
9738,Show in groups,es,Spanish,qwen2.5-coder:7b,Mostrar en grupos,1.082
9739,Apply View Properties To,es,Spanish,qwen2.5-coder:7b,Aplicar Propiedades de Vista a,1.542
9740,Current folder,es,Spanish,qwen2.5-coder:7b,Carpeta actual,0.853
9741,Current folder including all sub folders,es,Spanish,qwen2.5-coder:7b,"Carpetas actuales, incluyendo todas las subcarpetas",2.259
9742,All folders,es,Spanish,qwen2.5-coder:7b,Todas las carpetas,1.153
9743,Use as default for new folders,es,Spanish,qwen2.5-coder:7b,Usar como predeterminado para nuevas carpetas,1.801
9744,The view properties of all sub folders will be changed. Do you want to continue?,es,Spanish,qwen2.5-coder:7b,Las propiedades de todas las carpetas subyacentes cambiarán. ¿Desea continuar?,3.164
9745,The view properties of all folders will be changed. Do you want to continue?,es,Spanish,qwen2.5-coder:7b,Las propiedades de todas las carpetas cambiarán. ¿Desea continuar?,2.546
9746,Date,es,Spanish,qwen2.5-coder:7b,Fecha,0.532
9747,Group,es,Spanish,qwen2.5-coder:7b,Grupo,0.74
9748,Unknown size,es,Spanish,qwen2.5-coder:7b,Tamaño desconocido,1.08
9749,%1 free,es,Spanish,qwen2.5-coder:7b,%1 gratis,0.893
9750,Create Folder...,es,Spanish,qwen2.5-coder:7b,Crear Carpeta...,1.014
9751,Delete (using shortcut for Trash),es,Spanish,qwen2.5-coder:7b,Eliminar (usando atajo para Papelera),1.838
9752,Show preview of files and folders,es,Spanish,qwen2.5-coder:7b,Mostrar vista previa de archivos y carpetas,1.75
9753,Folders First,es,Spanish,qwen2.5-coder:7b,Carpetas Primero,1.112
9754,Show in Groups,es,Spanish,qwen2.5-coder:7b,Mostrar en Grupos,1.134
9755,Adjust View Properties...,es,Spanish,qwen2.5-coder:7b,Ajustar Propiedades de Vista...,1.289
9756,Find File...,es,Spanish,qwen2.5-coder:7b,Buscar Archivo...,0.957
9757,Name,es,Spanish,qwen2.5-coder:7b,Nombre,0.509
9758,Icons view mode,es,Spanish,qwen2.5-coder:7b,Modo de vista de iconos,1.427
9759,Details view mode,es,Spanish,qwen2.5-coder:7b,Modo de vista detallada,1.398
9760,Columns view mode,es,Spanish,qwen2.5-coder:7b,Modo de vista de columnas,1.37
9761,Navigation Bar,es,Spanish,qwen2.5-coder:7b,Barra de Navegación,1.131
9762,Date Modified,es,Spanish,qwen2.5-coder:7b,Fecha Modificada,1.017
9763,File Size,es,Spanish,qwen2.5-coder:7b,Tamaño del archivo,0.894
9764,Copy operation completed.,es,Spanish,qwen2.5-coder:7b,Operación de copia completada.,1.35
9765,Move operation completed.,es,Spanish,qwen2.5-coder:7b,Operación de movimiento completada.,1.294
9766,Link operation completed.,es,Spanish,qwen2.5-coder:7b,Operación de enlace completada.,1.392
9767,Move to trash operation completed.,es,Spanish,qwen2.5-coder:7b,Operación de mover a la papelera completada.,1.71
9768,Renaming operation completed.,es,Spanish,qwen2.5-coder:7b,Operación de renombrado completada.,1.595
9769,Texts,es,Spanish,qwen2.5-coder:7b,Textos,0.828
9770,Show comment,es,Spanish,qwen2.5-coder:7b,Mostrar comentario,0.71
9771,Show tags,es,Spanish,qwen2.5-coder:7b,Mostrar etiquetas,0.804
9772,with optional icon and description,es,Spanish,qwen2.5-coder:7b,con icono y descripción opcionales,1.306
9773,No Tags,es,Spanish,qwen2.5-coder:7b,Sin Etiquetas,0.834
9774,Detailed description (optional):,es,Spanish,qwen2.5-coder:7b,Descripción detallada (opcional):,1.658
9775,Editing,es,Spanish,qwen2.5-coder:7b,Edición,0.806
9776,Not yet tagged,es,Spanish,qwen2.5-coder:7b,No etiquetado,0.872
9777,Move To Trash,es,Spanish,qwen2.5-coder:7b,Mover a Papelera,1.145
9778,& Rename...,es,Spanish,qwen2.5-coder:7b,& Renombrar...,1.034
9779,& Delete,es,Spanish,qwen2.5-coder:7b,& Eliminar,0.766
9780,& Properties,es,Spanish,qwen2.5-coder:7b,& Propiedades,0.694
9781,Preview,es,Spanish,qwen2.5-coder:7b,Vista previa,1.006
9782,Descending,es,Spanish,qwen2.5-coder:7b,Descendente,0.939
9783,Show & Hidden Files,es,Spanish,qwen2.5-coder:7b,Mostrar & Archivos Ocultos,1.559
9784,& Size,es,Spanish,qwen2.5-coder:7b,& Tamaño,0.736
9785,Date,es,Spanish,qwen2.5-coder:7b,Fecha,0.521
9786,Permissions,es,Spanish,qwen2.5-coder:7b,Permisos,0.671
9787,& Owner,es,Spanish,qwen2.5-coder:7b,& Propietario,0.811
9788,Group,es,Spanish,qwen2.5-coder:7b,Grupo,0.711
9789,& Type,es,Spanish,qwen2.5-coder:7b,& Escribe,0.741
9790,& Date,es,Spanish,qwen2.5-coder:7b,& Fecha,0.617
9791,& Group,es,Spanish,qwen2.5-coder:7b,& Grupo,0.587
9792,& Icons,es,Spanish,qwen2.5-coder:7b,& Iconos,0.675
9793,Details,es,Spanish,qwen2.5-coder:7b,Detalles,0.622
9794,Columns,es,Spanish,qwen2.5-coder:7b,Columnas,0.819
9795,Information Panel,es,Spanish,qwen2.5-coder:7b,Panel de Información,0.853
9796,Quick View,es,Spanish,qwen2.5-coder:7b,Vista Rápida,0.908
9797,Paste One Folder,es,Spanish,qwen2.5-coder:7b,Pega una carpeta,1.045
9798,Paste One File,es,Spanish,qwen2.5-coder:7b,Pega un archivo,0.905
9799,Album:,es,Spanish,qwen2.5-coder:7b,Álbum:,0.787
9800,Artist:,es,Spanish,qwen2.5-coder:7b,Artista:,0.694
9801,Genre:,es,Spanish,qwen2.5-coder:7b,Género:,0.788
9802,Lines:,es,Spanish,qwen2.5-coder:7b,Lineas:,0.792
9803,Title:,es,Spanish,qwen2.5-coder:7b,Titulo:,0.712
9804,Track:,es,Spanish,qwen2.5-coder:7b,Rastrear:,0.901
9805,Width:,es,Spanish,qwen2.5-coder:7b,Ancho:,0.684
9806,All settings will be reset to default values. Do you want to continue?,es,Spanish,qwen2.5-coder:7b,Todos los ajustes se restablecerán a los valores predeterminados. ¿Desea continuar?,3.23
9807,modified,es,Spanish,qwen2.5-coder:7b,modificado,0.659
9808,Web style plugin,es,Spanish,qwen2.5-coder:7b,Plugin de estilo web,1.099
9809,Use wider lines,es,Spanish,qwen2.5-coder:7b,Usa líneas más anchas,1.411
9810,Dialog,es,Spanish,qwen2.5-coder:7b,Diálogo,0.687
9811,General,es,Spanish,qwen2.5-coder:7b,General,0.489
9812,Draw toolbar item separators,es,Spanish,qwen2.5-coder:7b,Separadores de elementos de la barra de herramientas,1.774
9813,Enable animations,es,Spanish,qwen2.5-coder:7b,Activar animaciones,1.061
9814,Use'X 'in checkboxes instead of check,es,Spanish,qwen2.5-coder:7b,Use 'X' en las casillas de verificación en lugar de ver,2.335
9815,Animate tab transitions,es,Spanish,qwen2.5-coder:7b,Animar transiciones de pestañas,1.416
9816,Views,es,Spanish,qwen2.5-coder:7b,Vistas,0.769
9817,Use triangle tree expander instead of +/ -,es,Spanish,qwen2.5-coder:7b,Use expandidor de árbol de triángulo en lugar de +/ -,2.628
9818,Draw tree branch lines,es,Spanish,qwen2.5-coder:7b,Trazar líneas de ramas de árbol,1.836
9819,Draw focus indicator,es,Spanish,qwen2.5-coder:7b,Marcar indicador de enfoque,1.479
9820,Tabs,es,Spanish,qwen2.5-coder:7b,Pestañas,0.714
9821,Tab style:,es,Spanish,qwen2.5-coder:7b,Estilo de pestaña:,1.252
9822,Single,es,Spanish,qwen2.5-coder:7b,Único,0.902
9823,Plain,es,Spanish,qwen2.5-coder:7b,Simple,0.696
9824,Scrollbars,es,Spanish,qwen2.5-coder:7b,Desplazadores,0.867
9825,Width:,es,Spanish,qwen2.5-coder:7b,Ancho:,0.703
9826,Draw scrollbar bevel,es,Spanish,qwen2.5-coder:7b,Dibuja el borde de la barra de desplazamiento,2.175
9827,Colorful hovered scrollbars,es,Spanish,qwen2.5-coder:7b,Deslizadores de barra resaltantes y coloridos,2.073
9828,Menu Highlight,es,Spanish,qwen2.5-coder:7b,Destacar Menú,1.169
9829,Dark,es,Spanish,qwen2.5-coder:7b,Oscuro,0.956
9830,Use selection color,es,Spanish,qwen2.5-coder:7b,Usar color de selección,1.313
9831,Subtle,es,Spanish,qwen2.5-coder:7b,Suave,0.839
9832,Animate progress bars,es,Spanish,qwen2.5-coder:7b,Animar barras de progreso,1.44
9833,Draw toolbar separator,es,Spanish,qwen2.5-coder:7b,Separador de barra de herramientas,1.494
9834,Highlight focused text input fields,es,Spanish,qwen2.5-coder:7b,Destaca los campos de entrada de texto enfocados,1.808
9835,Custom text input highlight color:,es,Spanish,qwen2.5-coder:7b,Color de resaltado de entrada de texto personalizado:,1.882
9836,Custom mouseover highlight color:,es,Spanish,qwen2.5-coder:7b,Color de resaltado del mouseover personalizado:,1.713
9837,Custom checkmark color:,es,Spanish,qwen2.5-coder:7b,Color de marcador personalizado:,1.242
9838,The global shortcut for %1 was issued.,es,Spanish,qwen2.5-coder:7b,La combinación global para %1 fue emitida.,1.761
9839,The application %1 has registered a new global shortcut,es,Spanish,qwen2.5-coder:7b,La aplicación %1 ha registrado un nuevo atajo global,1.884
9840,Open Global Shortcuts Editor,es,Spanish,qwen2.5-coder:7b,Editor de Atajos Globales,1.4
9841,KDE Global Shortcuts Service,es,Spanish,qwen2.5-coder:7b,Servicio de Atajos Globales de KDE,1.757
9842,"(C) 2007-2009 Andreas Hartmetz, Michael Jansen",es,Spanish,qwen2.5-coder:7b,"(C) 2007-2009 Andreas Hartmetz, Michael Jansen",3.392
9843,Andreas Hartmetz,es,Spanish,qwen2.5-coder:7b,Andreas Hartmetz,1.127
9844,Maintainer,es,Spanish,qwen2.5-coder:7b,Mantenimiento,0.743
9845,Michael Jansen,es,Spanish,qwen2.5-coder:7b,Michael Jansen,0.798
9846,Your names,es,Spanish,qwen2.5-coder:7b,Tu nombre,0.872
9847,Your emails,es,Spanish,qwen2.5-coder:7b, Tus correos electrónicos ,1.211
9848,Launch Feedback You can configure the application-launch feedback here.,es,Spanish,qwen2.5-coder:7b,Enviar Comentarios Puedes configurar el feedback de inicio de la aplicación aquí.,2.524
9849,Busy Cursor,es,Spanish,qwen2.5-coder:7b,Cursor ocupado,0.746
9850,"Busy Cursor KDE offers a busy cursor for application startup notification. To enable the busy cursor, select one kind of visual feedback from the combobox. It may occur, that some applications are not aware of this startup notification. In this case, the cursor stops blinking after the time given in the section'Startup indication timeout '",es,Spanish,qwen2.5-coder:7b,"Cursor ocupado KDE ofrece un cursor ocupado para la notificación de inicio de aplicación. Para habilitar el cursor ocupado, seleccione un tipo de retroalimentación visual desde el menú desplegable. Puede ocurrir que algunas aplicaciones no estén conscientes de esta notificación de inicio. En este caso, el cursor deja de parpadear después del tiempo indicado en la sección 'Tiempo de espera de indicación de inicio'.",9.089
9851,No Busy Cursor,es,Spanish,qwen2.5-coder:7b,Cursor No Ocioso,1.092
9852,Passive Busy Cursor,es,Spanish,qwen2.5-coder:7b,Cursor de ocupado pasivo,1.112
9853,Blinking Cursor,es,Spanish,qwen2.5-coder:7b,Cursor Parpadeante,1.001
9854,Bouncing Cursor,es,Spanish,qwen2.5-coder:7b,Cursor Saltarín,1.014
9855,& Startup indication timeout:,es,Spanish,qwen2.5-coder:7b,& Tiempo de espera de indicación de inicio:,1.568
9856,sec,es,Spanish,qwen2.5-coder:7b,segundo,0.819
9857,Taskbar & Notification,es,Spanish,qwen2.5-coder:7b,Barra de tareas & Notificaciones,1.521
9858,"Taskbar Notification You can enable a second method of startup notification which is used by the taskbar where a button with a rotating hourglass appears, symbolizing that your started application is loading. It may occur, that some applications are not aware of this startup notification. In this case, the button disappears after the time given in the section'Startup indication timeout '",es,Spanish,qwen2.5-coder:7b,"Notificación de la barra de tareas Puedes habilitar un segundo método de notificación de inicio que se usa por la barra de tareas, donde aparece un botón con una horquilla que gira, simbolizando que tu aplicación iniciada está cargando. Puede ocurrir que algunas aplicaciones no estén al tanto de esta notificación de inicio. En este caso, el botón desaparece después del tiempo dado en la se",8.914
9859,Enable & taskbar notification,es,Spanish,qwen2.5-coder:7b,Activar & notificación de la barra de tareas,1.998
9860,Startup indication timeout:,es,Spanish,qwen2.5-coder:7b,Tiempo de espera de indicación de arranque:,1.727
9861,kcm_partition,es,Spanish,qwen2.5-coder:7b,kcm_partición,0.95
9862,KDE Partitions Information Control Module,es,Spanish,qwen2.5-coder:7b,Modulo de Control de Información de Particiones de KDE,2.05
9863,(c) 2008 Nicolas Ternisien,es,Spanish,qwen2.5-coder:7b,(c) 2008 Nicolas Ternisien,2.25
9864,Nicolas Ternisien,es,Spanish,qwen2.5-coder:7b,Nicolas Ternisien,1.216
9865,This list displays partitions of your system.,es,Spanish,qwen2.5-coder:7b,Esta lista muestra las particiones de tu sistema.,1.683
9866,Mount Point,es,Spanish,qwen2.5-coder:7b,Punto de Montaje,1.009
9867,Label,es,Spanish,qwen2.5-coder:7b,Etiqueta,0.611
9868,Type,es,Spanish,qwen2.5-coder:7b,Escriba,0.733
9869,Total Size,es,Spanish,qwen2.5-coder:7b,Tamaño Total,0.751
9870,Free Size,es,Spanish,qwen2.5-coder:7b,Tamaño Libre,0.743
9871,Used Size,es,Spanish,qwen2.5-coder:7b,Tamaño Usado,0.918
9872,%1 (%2),es,Spanish,qwen2.5-coder:7b,%1 (%2),1.005
9873,none,es,Spanish,qwen2.5-coder:7b,ninguno,0.66
9874,IDE,es,Spanish,qwen2.5-coder:7b,IDE,0.511
9875,USB,es,Spanish,qwen2.5-coder:7b,USB,0.504
9876,IEEE 1394,es,Spanish,qwen2.5-coder:7b,IEEE 1394,1.159
9877,SCSI,es,Spanish,qwen2.5-coder:7b,SCSI,0.641
9878,S-ATA,es,Spanish,qwen2.5-coder:7b,S-ATA,0.781
9879,Platform,es,Spanish,qwen2.5-coder:7b,Plataforma,0.687
9880,Unknown Bus,es,Spanish,qwen2.5-coder:7b,Autobús Desconocido,1.293
9881,Hard Disk,es,Spanish,qwen2.5-coder:7b,Disco Rígido,0.908
9882,CD/ DVD Drive,es,Spanish,qwen2.5-coder:7b,Unidad de CD/DVD,1.341
9883,Floppy Drive,es,Spanish,qwen2.5-coder:7b,Disquete,0.854
9884,Tape,es,Spanish,qwen2.5-coder:7b,Cinta,0.623
9885,Compact Flash,es,Spanish,qwen2.5-coder:7b,Compact Flash,0.617
9886,Memory Stick,es,Spanish,qwen2.5-coder:7b,Memoria USB,0.899
9887,Smart Media,es,Spanish,qwen2.5-coder:7b,Medios Inteligentes,1.085
9888,SD/ MMC,es,Spanish,qwen2.5-coder:7b,SD/ MMC,0.776
9889,Xd,es,Spanish,qwen2.5-coder:7b,Xd,0.498
9890,Unknown Type,es,Spanish,qwen2.5-coder:7b,Tipo Desconocido,0.926
9891,This display shows information about partitions and hard disks of your system.,es,Spanish,qwen2.5-coder:7b,Esta pantalla muestra información sobre las particiones y discos duros de su sistema.,2.424
9892,Your names,es,Spanish,qwen2.5-coder:7b,Tu nombre,0.859
9893,Your emails,es,Spanish,qwen2.5-coder:7b, Tus correos electrónicos ,1.271
9894,unknown,es,Spanish,qwen2.5-coder:7b,desconocido,0.795
9895,KDE Control Module,es,Spanish,qwen2.5-coder:7b,Modulo de Control KDE,1.168
9896,A tool to start single KDE control modules,es,Spanish,qwen2.5-coder:7b,Herramienta para iniciar módulos de control KDE individuales,2.106
9897,"(c) 1999-2004, The KDE Developers",es,Spanish,qwen2.5-coder:7b,"(c) 1999-2004, Los Desarrolladores de KDE",3.253
9898,Frans Englich,es,Spanish,qwen2.5-coder:7b,Francés,0.762
9899,Maintainer,es,Spanish,qwen2.5-coder:7b,Mantenimiento,0.775
9900,Daniel Molkentin,es,Spanish,qwen2.5-coder:7b,Daniel Molkentin,0.936
9901,Matthias Hoelzer-Kluepfel,es,Spanish,qwen2.5-coder:7b,Matthias Hoelzer-Kluepfel,1.883
9902,Matthias Elter,es,Spanish,qwen2.5-coder:7b,Matthias Elter,0.954
9903,Matthias Ettrich,es,Spanish,qwen2.5-coder:7b,Matthias Ettrich,1.15
9904,Waldo Bastian,es,Spanish,qwen2.5-coder:7b,Waldo Bastian,0.922
9905,List all possible modules,es,Spanish,qwen2.5-coder:7b,Lista todos los módulos posibles,1.467
9906,Configuration module to open,es,Spanish,qwen2.5-coder:7b,Modulo de configuración para abrir,1.401
9907,Specify a particular language,es,Spanish,qwen2.5-coder:7b,Especifique un idioma específico,1.254
9908,Do not display main window,es,Spanish,qwen2.5-coder:7b,No mostrar la ventana principal,1.118
9909,The following modules are available:,es,Spanish,qwen2.5-coder:7b,Los siguientes módulos están disponibles:,1.387
9910,No description available,es,Spanish,qwen2.5-coder:7b,No descripción disponible,0.962
9911,Your names,es,Spanish,qwen2.5-coder:7b,Tu nombre,0.822
9912,Your emails,es,Spanish,qwen2.5-coder:7b, Tus correos electrónicos ,1.196
9913,Embeds the module with buttons in window with id,es,Spanish,qwen2.5-coder:7b,Inserta el módulo con botones en la ventana con id,2.522
9914,Embeds the module without buttons in window with id,es,Spanish,qwen2.5-coder:7b,Inserta el módulo sin botones en la ventana con id,2.144
9915,Configure - %1,es,Spanish,qwen2.5-coder:7b,Configurar - %1,1.225
9916,Plasma Engine Explorer,es,Spanish,qwen2.5-coder:7b,Explorador de Motor de Plasma,1.227
9917,Search,es,Spanish,qwen2.5-coder:7b,Buscar,0.728
9918,Collapse All,es,Spanish,qwen2.5-coder:7b,Colapsar Todo,1.116
9919,Expand All,es,Spanish,qwen2.5-coder:7b,Expandir Todo,0.769
9920,DataSource,es,Spanish,qwen2.5-coder:7b,Origen de Datos,1.061
9921,Key,es,Spanish,qwen2.5-coder:7b,Clave,0.618
9922,Value,es,Spanish,qwen2.5-coder:7b,Valor,0.504
9923,Type,es,Spanish,qwen2.5-coder:7b,Escriba,0.763
9924,Get associated service,es,Spanish,qwen2.5-coder:7b,Obtener servicio asociado,1.205
9925,Update source now,es,Spanish,qwen2.5-coder:7b,Actualiza la fuente ahora,1.345
9926,Remove source,es,Spanish,qwen2.5-coder:7b,Eliminar fuente,1.0
9927,< empty >,es,Spanish,qwen2.5-coder:7b,< vacío >,1.03
9928,Plasma DataEngine Explorer,es,Spanish,qwen2.5-coder:7b,Explorador de Plasma DataEngine,1.31
9929,Search Columns,es,Spanish,qwen2.5-coder:7b,Buscar Columnas,0.965
9930,All Visible Columns,es,Spanish,qwen2.5-coder:7b,Todas las Columnas Visibles,1.371
9931,Search:,es,Spanish,qwen2.5-coder:7b,Buscar:,0.721
9932,Explore the data published by Plasma DataEngines,es,Spanish,qwen2.5-coder:7b,Explora los datos publicados por Plasma DataEngines,2.143
9933,No description available,es,Spanish,qwen2.5-coder:7b,No descripción disponible,0.984
9934,"(c) 2006, The KDE Team",es,Spanish,qwen2.5-coder:7b,"(c) 2006, El Equipo KDE",2.209
9935,Aaron J. Seigo,es,Spanish,qwen2.5-coder:7b,Aaron J. Seigo,1.161
9936,Author and maintainer,es,Spanish,qwen2.5-coder:7b,Autor y mantenedor,1.123
9937,Displays a list of known engines and their descriptions,es,Spanish,qwen2.5-coder:7b,Muestra una lista de motores conocidos y sus descripciones,2.131
9938,The desired height in pixels,es,Spanish,qwen2.5-coder:7b,La altura deseada en píxeles,1.719
9939,The desired width in pixels,es,Spanish,qwen2.5-coder:7b,Ancho deseado en píxeles,1.627
9940,The desired x position in pixels,es,Spanish,qwen2.5-coder:7b,La posición x deseada en píxeles,1.833
9941,The desired y position in pixels,es,Spanish,qwen2.5-coder:7b,La posición y deseada en píxeles,1.772
9942,The data engine to use,es,Spanish,qwen2.5-coder:7b,El motor de datos a usar,1.38
9943,The source to request,es,Spanish,qwen2.5-coder:7b,El origen para solicitar,1.168
9944,Update interval in milliseconds,es,Spanish,qwen2.5-coder:7b,Intervalo de actualización en milisegundos,1.513
9945,Only show engines associated with the parent application; maps to the X-KDE-ParentApp entry in the DataEngine's. desktop file.,es,Spanish,qwen2.5-coder:7b,Mostrar solo motores asociados con la aplicación principal; se mapea al entrada X-KDE-ParentApp en el archivo .desktop del DataEngine.,3.044
9946,Source name,es,Spanish,qwen2.5-coder:7b,Nombre de origen,0.705
9947,Update on demand,es,Spanish,qwen2.5-coder:7b,Actualizar a petición,1.035
9948,ms,es,Spanish,qwen2.5-coder:7b,ms,0.71
9949,Update every,es,Spanish,qwen2.5-coder:7b,Actualizar cada,0.848
9950,Request,es,Spanish,qwen2.5-coder:7b,Solicitud,0.604
9951,& Operation:,es,Spanish,qwen2.5-coder:7b,& Operación:,0.91
9952,Operation count,es,Spanish,qwen2.5-coder:7b,Conteo de operaciones,1.201
9953,Your names,es,Spanish,qwen2.5-coder:7b,Tu nombre,0.919
9954,Your emails,es,Spanish,qwen2.5-coder:7b, Tus correos electrónicos ,1.239
9955,Start Operation,es,Spanish,qwen2.5-coder:7b,Iniciar Operación,0.921
9956,Unknown,es,Spanish,qwen2.5-coder:7b,Desconocido,0.853
9957,%1 Service Explorer,es,Spanish,qwen2.5-coder:7b,%1 Explorador de Servicios,1.468
9958,DataEngine: %1; Source: %2; Service %3,es,Spanish,qwen2.5-coder:7b,DataEngine: %1; Fuente: %2; Servicio %3,2.785
9959,%1 operation with destination %2 failed. The error was: %3,es,Spanish,qwen2.5-coder:7b,%1 operación con destino %2 falló. El error fue: %3,2.757
9960,Operation Result,es,Spanish,qwen2.5-coder:7b,Resultado de la Operación,1.244
9961,No response from job.,es,Spanish,qwen2.5-coder:7b,No respuesta del trabajo.,1.036
9962,%1 operation with destination %2 returned successfully. The result was: %3,es,Spanish,qwen2.5-coder:7b,%1 operación con destino %2 se realizó con éxito. El resultado fue: %3,3.109
9963,Data Engines,es,Spanish,qwen2.5-coder:7b,Motor de Datos,1.077
9964,%1 service for %2 DataEngine source %3,es,Spanish,qwen2.5-coder:7b,%1 servicio para %2 DataEngine fuente %3,2.167
9965,"KIO Exec - Opens remote files, watches modifications, asks for upload",es,Spanish,qwen2.5-coder:7b,"KIO Ejec - Abre archivos remotos, monitorea modificaciones, solicita subida",3.342
9966,command 'expected.,es,Spanish,qwen2.5-coder:7b,comando 'esperado.,1.236
9967,The URL %1 is malformed,es,Spanish,qwen2.5-coder:7b,La URL %1 está mal formada,1.566
9968,Remote URL %1 not allowed with --tempfiles switch,es,Spanish,qwen2.5-coder:7b,URL remota %1 no permitida con la opción --tempfiles,2.144
9969,The supposedly temporary file %1 has been modified. Do you still want to delete it?,es,Spanish,qwen2.5-coder:7b,El archivo supuestamente temporal %1 ha sido modificado. ¿Desea eliminarlo aún?,3.124
9970,File Changed,es,Spanish,qwen2.5-coder:7b,Archivo Cambiado,1.011
9971,Do Not Delete,es,Spanish,qwen2.5-coder:7b,No Borrar,0.914
9972,The file %1 has been modified. Do you want to upload the changes?,es,Spanish,qwen2.5-coder:7b,El archivo %1 ha sido modificado. ¿Desea cargar los cambios?,2.642
9973,Upload,es,Spanish,qwen2.5-coder:7b,Subir,0.631
9974,Do Not Upload,es,Spanish,qwen2.5-coder:7b,No Subir,0.902
9975,KIOExec,es,Spanish,qwen2.5-coder:7b,KIOExec,0.777
9976,"(c) 1998-2000,2003 The KFM/ Konqueror Developers",es,Spanish,qwen2.5-coder:7b,"(c) 1998-2000,2003 Los Desarrolladores de KFM/ Konqueror",2.767
9977,David Faure,es,Spanish,qwen2.5-coder:7b,David Faure,0.753
9978,Stephan Kulow,es,Spanish,qwen2.5-coder:7b,Stephan Kulow,0.886
9979,Bernhard Rosenkraenzer,es,Spanish,qwen2.5-coder:7b,Bernhard Rosenkraenzer,1.316
9980,Waldo Bastian,es,Spanish,qwen2.5-coder:7b,Waldo Bastian,0.905
9981,Oswald Buddenhagen,es,Spanish,qwen2.5-coder:7b,Oswald Buddenhagen,1.192
9982,Treat URLs as local files and delete them afterwards,es,Spanish,qwen2.5-coder:7b,Trea URL como archivos locales y elimínalos después,2.031
9983,Suggested file name for the downloaded file,es,Spanish,qwen2.5-coder:7b,Nombre de archivo sugerido para el archivo descargado,1.863
9984,Command to execute,es,Spanish,qwen2.5-coder:7b,Comando para ejecutar,1.217
9985,URL(s) or local file(s) used for'command ',es,Spanish,qwen2.5-coder:7b,URL(s) o archivo(s) locales utilizados para 'comando,2.532
9986,Your names,es,Spanish,qwen2.5-coder:7b,Tu nombre,0.906
9987,Your emails,es,Spanish,qwen2.5-coder:7b, Tus correos electrónicos ,1.236
9988,Click to safely remove this device from the computer.,es,Spanish,qwen2.5-coder:7b,Haz clic para eliminar de forma segura este dispositivo del computador.,2.157
9989,Device is plugged in and can be accessed by applications.,es,Spanish,qwen2.5-coder:7b,El dispositivo está conectado y puede ser accedido por aplicaciones.,2.283
9990,Click to access this device from other applications.,es,Spanish,qwen2.5-coder:7b,Haz clic para acceder a este dispositivo desde otras aplicaciones.,2.066
9991,"Device is plugged in, but not mounted for access yet.",es,Spanish,qwen2.5-coder:7b,"Dispositivo conectado, pero no montado para el acceso aún.",2.431
9992,%1 free,es,Spanish,qwen2.5-coder:7b,%1 gratis,0.964
9993,No devices plugged in,es,Spanish,qwen2.5-coder:7b,No dispositivos conectados,1.206
9994,Last plugged in device: %1,es,Spanish,qwen2.5-coder:7b,Último dispositivo conectado: %1,1.751
9995,General,es,Spanish,qwen2.5-coder:7b,General,0.537
9996,Show hidden devices,es,Spanish,qwen2.5-coder:7b,Mostrar dispositivos ocultos,1.243
9997,Could not unmount the device. One or more files on this device are open within an application.,es,Spanish,qwen2.5-coder:7b,No se pudo desmontar el dispositivo. Uno o más archivos en este dispositivo están abiertos dentro de una aplicación.,3.666
9998,Cannot eject the disc. One or more files on this disc are open within an application.,es,Spanish,qwen2.5-coder:7b,No se puede expulsar el disco. Uno o más archivos en este disco están abiertos en una aplicación.,3.531
9999,Cannot mount the disc.,es,Spanish,qwen2.5-coder:7b,No se puede montar el disco.,1.376
10000,Hide %1,es,Spanish,qwen2.5-coder:7b,Ocultar %1,1.025
10001,No devices plugged in.,es,Spanish,qwen2.5-coder:7b,No hay dispositivos conectados.,1.249
10002,Devices recently plugged in:,es,Spanish,qwen2.5-coder:7b,Dispositivos recién conectados:,1.41
10003,Display:,es,Spanish,qwen2.5-coder:7b,Mostrar:,0.806
10004,Removable devices only,es,Spanish,qwen2.5-coder:7b,Dispositivos removibles solo,1.537
10005,Non-removable devices only,es,Spanish,qwen2.5-coder:7b,Dispositivos no removibles solo,1.693
10006,All devices,es,Spanish,qwen2.5-coder:7b,Todos los dispositivos,0.916
10007,KDE su daemon,es,Spanish,qwen2.5-coder:7b,KDE su daemon,1.265
10008,Daemon used by kdesu,es,Spanish,qwen2.5-coder:7b,Daemon utilizado por kdesu,1.464
10009,"Copyright (c) 1999,2000 Geert Jansen",es,Spanish,qwen2.5-coder:7b,"Copyright (c) 1999,2000 Geert Jansen",3.303
10010,Geert Jansen,es,Spanish,qwen2.5-coder:7b,Geert Jansen,1.008
10011,Author,es,Spanish,qwen2.5-coder:7b,Autor,0.759
10012,Your names,es,Spanish,qwen2.5-coder:7b,Tu nombre,0.914
10013,Your emails,es,Spanish,qwen2.5-coder:7b, Tus correos electrónicos ,1.234
10014,Color,es,Spanish,qwen2.5-coder:7b,Color,0.523
10015,Solid,es,Spanish,qwen2.5-coder:7b,Sólido,0.762
10016,Horizontal,es,Spanish,qwen2.5-coder:7b,Horizontal,0.539
10017,Vertical,es,Spanish,qwen2.5-coder:7b,Vertical,0.528
10018,Rectangular,es,Spanish,qwen2.5-coder:7b,Rectangular,0.723
10019,Radial,es,Spanish,qwen2.5-coder:7b,Radial,0.866
10020,Top Left Diagonal,es,Spanish,qwen2.5-coder:7b,Diagonal Superior Izquierda,1.012
10021,Top Right Diagonal,es,Spanish,qwen2.5-coder:7b,Diagonal Superior Derecha,1.017
10022,& First Color:,es,Spanish,qwen2.5-coder:7b,& Primera Color:,1.041
10023,& Second Color:,es,Spanish,qwen2.5-coder:7b,& Segunda Color:,1.021
10024,& Background Mode,es,Spanish,qwen2.5-coder:7b,& Modo de fondo,1.094
10025,Lock Panel,es,Spanish,qwen2.5-coder:7b,Panel de Bloqueo,1.195
10026,Unlock Panel,es,Spanish,qwen2.5-coder:7b,Desbloquear Panel,0.945
10027,The player '%1 'cannot be found.,es,Spanish,qwen2.5-coder:7b,El jugador '%1' no se puede encontrar.,1.734
10028,The player '%1 'cannot perform the action'play'.,es,Spanish,qwen2.5-coder:7b,El jugador '%1' no puede realizar la acción 'reproducir'.,2.466
10029,The player '%1 'cannot perform the action'pause'.,es,Spanish,qwen2.5-coder:7b,El jugador '%1' no puede realizar la acción 'pausa'.,2.098
10030,The player '%1 'cannot perform the action'stop'.,es,Spanish,qwen2.5-coder:7b,El jugador '%1' no puede realizar la acción 'detener'.,2.302
10031,The player '%1 'cannot perform the action'previous'.,es,Spanish,qwen2.5-coder:7b,El jugador '%1' no puede realizar la acción 'anterior'.,2.009
10032,The player '%1 'cannot perform the action'next'.,es,Spanish,qwen2.5-coder:7b,El jugador '%1' no puede realizar la acción 'siguiente'.,2.086
10033,The'level 'argument to the'volume' command must be between 0 and 1.,es,Spanish,qwen2.5-coder:7b,El argumento 'nivel' del comando 'volumen' debe estar entre 0 y 1.,3.506
10034,The'volume 'command requires a'level' argument.,es,Spanish,qwen2.5-coder:7b,El comando 'volume' requiere un argumento 'nivel'.,2.353
10035,The player '%1 'cannot perform the action'volume'.,es,Spanish,qwen2.5-coder:7b,El jugador '%1' no puede realizar la acción 'volumen'.,2.509
10036,The'seconds' argument to the'seek 'command must be between 0 and the length of the track.,es,Spanish,qwen2.5-coder:7b,El segundo argumento del comando 'seek' debe estar entre 0 y la longitud de la pista.,3.713
10037,The'seek 'command requires a'seconds' argument.,es,Spanish,qwen2.5-coder:7b,El comando 'seek' requiere un argumento 'seconds'.,2.436
10038,The player '%1 'cannot perform the action'seek'.,es,Spanish,qwen2.5-coder:7b,El jugador '%1' no puede realizar la acción 'seek'.,2.371
10039,KNotify,es,Spanish,qwen2.5-coder:7b,KNotify,0.71
10040,KDE Notification Daemon,es,Spanish,qwen2.5-coder:7b,Demónio de Notificación de KDE,1.528
10041,"(C) 1997-2008, KDE Developers",es,Spanish,qwen2.5-coder:7b,"(C) 1997-2008, Desarrolladores KDE",3.105
10042,Olivier Goffart,es,Spanish,qwen2.5-coder:7b,Olivier Goffart,1.354
10043,Current Maintainer,es,Spanish,qwen2.5-coder:7b,Mantenedor Actual,1.04
10044,Carsten Pfeiffer,es,Spanish,qwen2.5-coder:7b,Carsten Pfeiffer,1.152
10045,Previous Maintainer,es,Spanish,qwen2.5-coder:7b,Anterior Mantenedor,1.161
10046,Christian Esken,es,Spanish,qwen2.5-coder:7b,Christian Esken,0.842
10047,Stefan Westerfeld,es,Spanish,qwen2.5-coder:7b,Stefan Westerfeld,1.372
10048,Sound support,es,Spanish,qwen2.5-coder:7b,Soporte de sonido,1.031
10049,Charles Samuels,es,Spanish,qwen2.5-coder:7b,Charles Samuels,0.809
10050,Allan Sandfeld Jensen,es,Spanish,qwen2.5-coder:7b,Allan Sandfeld Jensen,1.088
10051,Porting to KDE 4,es,Spanish,qwen2.5-coder:7b,Porting to KDE 4,1.382
10052,Starting KTTSD Failed,es,Spanish,qwen2.5-coder:7b,Error al iniciar KTTSD,1.402
10053,Your names,es,Spanish,qwen2.5-coder:7b,Tu nombre,0.843
10054,Your emails,es,Spanish,qwen2.5-coder:7b, Tus correos electrónicos ,1.193
10055,KNotifyTest,es,Spanish,qwen2.5-coder:7b,KNotifyTest,0.772
10056,A test program for KDE Notifications,es,Spanish,qwen2.5-coder:7b,Un programa de prueba para las notificaciones de KDE,1.831
10057,Configure Notifications,es,Spanish,qwen2.5-coder:7b,Configurar Notificaciones,1.025
10058,"During the previous startup, KNotify crashed while creating Arts: :Dispatcher. Do you want to try again or disable aRts sound output? If you choose to disable aRts output now, you can re-enable it later or select an alternate sound player in the System Notifications control panel.",es,Spanish,qwen2.5-coder:7b,"Durante el inicio anterior, KNotify se cayó mientras creaba Arts: :Dispatcher. ¿Desea intentarlo de nuevo o deshabilitar la salida de sonido de aRts? Si elige deshabilitar la salida de sonido de aRts ahora, puede reactivarla más tarde o seleccionar un reproductor de sonido alternativo en el panel de control de Notificaciones del Sistema.",8.508
10059,KNotify Problem,es,Spanish,qwen2.5-coder:7b,Problema de KNotify,1.283
10060,& Try Again,es,Spanish,qwen2.5-coder:7b,& Intenta de nuevo,1.085
10061,Disable aRts Output,es,Spanish,qwen2.5-coder:7b,Desactivar salida aRts,1.55
10062,"During the previous startup, KNotify crashed while instantiating KNotify. Do you want to try again or disable aRts sound output? If you choose to disable aRts output now, you can re-enable it later or select an alternate sound player in the System Notifications control panel.",es,Spanish,qwen2.5-coder:7b,"Durante el inicio anterior, KNotify falló al instanciar KNotify. ¿Desea intentarlo de nuevo o deshabilitar la salida de sonido aRts? Si elige deshabilitar la salida de sonido aRts ahora, puede reactivarla más tarde o seleccionar un reproductor de sonido alternativo en el panel de control de Notificaciones del Sistema.",7.767
10063,Catastrophe!,es,Spanish,qwen2.5-coder:7b,Catástrofe!,1.121
10064,Do nothing,es,Spanish,qwen2.5-coder:7b,No hacer nada,0.851
10065,Unknown,es,Spanish,qwen2.5-coder:7b,Desconocido,0.795
10066,A new device has been detected. What do you want to do?,es,Spanish,qwen2.5-coder:7b,Se ha detectado un nuevo dispositivo. ¿Qué desea hacer?,2.237
10067,...,es,Spanish,qwen2.5-coder:7b,...,0.639
10068,%1 'needs a password to be accessed. Please enter a password.,es,Spanish,qwen2.5-coder:7b,"%1 necesita una contraseña para ser accedido. Por favor, ingrese una contraseña.",2.463
10069,Enter the user you want to run the application as here.,es,Spanish,qwen2.5-coder:7b,Introduce el usuario que deseas ejecutar la aplicación aquí.,2.302
10070,Username:,es,Spanish,qwen2.5-coder:7b,Nombre de usuario:,0.804
10071,Enter the password here for the user you specified above.,es,Spanish,qwen2.5-coder:7b,Introduce la contraseña aquí para el usuario que especificaste anteriormente.,2.252
10072,Password:,es,Spanish,qwen2.5-coder:7b,Contraseña:,0.732
10073,Check this option if the application you want to run is a text mode application. The application will then be run in a terminal emulator window.,es,Spanish,qwen2.5-coder:7b,Verifique esta opción si la aplicación que desea ejecutar es una aplicación de modo texto. La aplicación se ejecutará en una ventana del emulador de terminal.,3.201
10074,Run in & terminal window,es,Spanish,qwen2.5-coder:7b,Ejecutar en la ventana del terminal,1.414
10075,Check this option if you want to run the application with a different user id. Every process has a user id associated with it. This id code determines file access and other permissions. The password of the user is required to do this.,es,Spanish,qwen2.5-coder:7b,Verifique esta opción si desea ejecutar la aplicación con un ID de usuario diferente. Cada proceso tiene un ID de usuario asociado. Este código de ID determina el acceso a los archivos y otras permisiones. Se requiere la contraseña del usuario para hacer esto.,5.244
10076,Run as a different & user,es,Spanish,qwen2.5-coder:7b,Ejecutar como otro & usuario,1.437
10077,"Finds commands that match: q:, using common shell syntax",es,Spanish,qwen2.5-coder:7b,"Busca comandos que coincidan: q:, usando una sintaxis común de shell",2.972
10078,Run %1,es,Spanish,qwen2.5-coder:7b,Ejecutar %1,1.074
10079,"Select whether realtime scheduling should be enabled for the application. The scheduler governs which process will run and which will have to wait. Two schedulers are available: Normal: This is the standard, timesharing scheduler. It will divide fairly the available processing time between all processes. Realtime: This scheduler will run your application uninterrupted until it gives up the processor. This can be dangerous. An application that does not give up the processor might hang the system. You need root's password to use the scheduler.",es,Spanish,qwen2.5-coder:7b,"Seleccione si la programación en tiempo real debe estar habilitada para la aplicación. El programador determina cuál proceso ejecutará y cuál tendrá que esperar. Dos programadores están disponibles: Normal: Este es el programador estándar, de tiempo compartido. Dividirá de manera equitativa el tiempo de procesamiento disponible entre todos los procesos. Realtime: Este programador ejecutará su aplicación sin interrupciones hasta que la libere",9.133
10080,Run with realtime & scheduling,es,Spanish,qwen2.5-coder:7b,Ejecutar con tiempo real y programación,1.604
10081,"The priority that the command will be run with can be set here. From left to right, it goes from low to high. The center position is the default value. For priorities higher than the default, you will need to provide the root password.",es,Spanish,qwen2.5-coder:7b,"La prioridad con la que se ejecutará el comando se puede establecer aquí. De izquierda a derecha, va de baja a alta. La posición central es el valor predeterminado. Para prioridades superiores al predeterminado, necesitará proporcionar la contraseña de root.",5.504
10082,& Priority:,es,Spanish,qwen2.5-coder:7b,& Prioridad:,0.82
10083,Check this option if you want to run the application with a different priority. A higher priority tells the operating system to give more processing time to your application.,es,Spanish,qwen2.5-coder:7b,Verifique esta opción si desea ejecutar la aplicación con una prioridad diferente. Una prioridad más alta le dice al sistema operativo que dé más tiempo de procesamiento a su aplicación.,3.421
10084,Run with a & different priority,es,Spanish,qwen2.5-coder:7b,Ejecutar con una & prioridad diferente,1.535
10085,Low,es,Spanish,qwen2.5-coder:7b,Bajo,0.713
10086,High,es,Spanish,qwen2.5-coder:7b,Alto,0.86
10087,System Settings,es,Spanish,qwen2.5-coder:7b,Ajustes del Sistema,1.06
10088,Central configuration center for KDE.,es,Spanish,qwen2.5-coder:7b,Centro de configuración central para KDE.,1.594
10089,"(c) 2009, Ben Cooksley",es,Spanish,qwen2.5-coder:7b,"(c) 2009, Ben Cooksley",2.321
10090,Ben Cooksley,es,Spanish,qwen2.5-coder:7b,Ben Cooksley,1.001
10091,Maintainer,es,Spanish,qwen2.5-coder:7b,Mantenimiento,0.829
10092,Mathias Soeken,es,Spanish,qwen2.5-coder:7b,Mathias Soeken,0.933
10093,Developer,es,Spanish,qwen2.5-coder:7b,Desarrollador,0.81
10094,Will Stephenson,es,Spanish,qwen2.5-coder:7b,Will Stephenson,0.826
10095,"Internal module representation, internal module model",es,Spanish,qwen2.5-coder:7b,"Representación del módulo interno, modelo del módulo interno",2.376
10096,Search,es,Spanish,qwen2.5-coder:7b,Buscar,0.719
10097,Configure,es,Spanish,qwen2.5-coder:7b,Configurar,0.786
10098,Help,es,Spanish,qwen2.5-coder:7b,Ayuda,0.59
10099,About Active Module,es,Spanish,qwen2.5-coder:7b,Acerca del Módulo Activo,1.538
10100,General,es,Spanish,qwen2.5-coder:7b,General,0.512
10101,"System Settings was unable to find any views, and hence nothing is available to configure.",es,Spanish,qwen2.5-coder:7b,"La Configuración del Sistema no pudo encontrar ninguna vista, por lo que no hay nada disponible para configurar.",3.344
10102,No views found,es,Spanish,qwen2.5-coder:7b,No se encontraron vistas,1.1
10103,"System Settings was unable to find any views, and hence has nothing to display.",es,Spanish,qwen2.5-coder:7b,"La Configuración del Sistema no pudo encontrar ninguna vista y, por lo tanto, no tiene nada que mostrar.",3.486
10104,About Active View,es,Spanish,qwen2.5-coder:7b,Acerca de Active View,1.286
10105,About %1,es,Spanish,qwen2.5-coder:7b,Acerca de %1,1.272
10106,%1 is an external application and has been automatically launched,es,Spanish,qwen2.5-coder:7b,%1 es una aplicación externa y se ha iniciado automáticamente,2.367
10107,Relaunch %1,es,Spanish,qwen2.5-coder:7b,Reiniciar %1,1.139
10108,Reset all current changes to previous values,es,Spanish,qwen2.5-coder:7b,Reiniciar todos los cambios actuales a los valores anteriores,2.429
10109,The settings of the current module have changed. Do you want to apply the changes or discard them?,es,Spanish,qwen2.5-coder:7b,Los ajustes del módulo actual han cambiado. ¿Desea aplicar los cambios o descartarlos?,4.022
10110,Apply Settings,es,Spanish,qwen2.5-coder:7b,Aplicar Ajustes,1.307
10111,Icon View,es,Spanish,qwen2.5-coder:7b,Vista de Iconos,1.232
10112,Provides a categorized icons view of control modules.,es,Spanish,qwen2.5-coder:7b,Proporciona una vista de iconos categorizados de los módulos de control.,2.655
10113,Author,es,Spanish,qwen2.5-coder:7b,Autor,0.708
10114,Overview,es,Spanish,qwen2.5-coder:7b,Resumen,0.797
10115,Keyboard Shortcut: %1,es,Spanish,qwen2.5-coder:7b,Acción del Teclado: %1,1.489
10116,Your names,es,Spanish,qwen2.5-coder:7b,Tu nombre,0.805
10117,Your emails,es,Spanish,qwen2.5-coder:7b, Tus correos electrónicos ,1.178
10118,View Style,es,Spanish,qwen2.5-coder:7b,Ver Estilo,0.891
10119,Show detailed tooltips,es,Spanish,qwen2.5-coder:7b,Mostrar sugerencias detalladas,1.344
10120,Determines whether detailed tooltips should be used,es,Spanish,qwen2.5-coder:7b,Establece si se deben usar tooltips detallados,2.007
10121,Internal name for the view used,es,Spanish,qwen2.5-coder:7b,Nombre interno de la vista utilizada,1.358
10122,About System Settings,es,Spanish,qwen2.5-coder:7b,Acerca de la Configuración del Sistema,1.538
10123,Dialog,es,Spanish,qwen2.5-coder:7b,Diálogo,0.716
10124,Expand the first level automatically,es,Spanish,qwen2.5-coder:7b,Expandir el primer nivel automáticamente,1.352
10125,Tree View,es,Spanish,qwen2.5-coder:7b,Vista de Árbol,1.214
10126,Provides a classic tree-based view of control modules.,es,Spanish,qwen2.5-coder:7b,Proporciona una vista clásica en árbol de los módulos de control.,2.801
10127,Configure your system,es,Spanish,qwen2.5-coder:7b,Configure su sistema,1.031
10128,"Welcome to ""System Settings"", a central place to configure your computer system.",es,Spanish,qwen2.5-coder:7b,"Bienvenido a ""Ajustes del Sistema"", un lugar central para configurar su sistema de computadora.",3.337
10129,"(c) 2005, Benjamin C. Meyer; (c) 2007, Canonical Ltd",es,Spanish,qwen2.5-coder:7b,"(c) 2005, Benjamin C. Meyer; (c) 2007, Canonical Ltd",2.292
10130,Benjamin C. Meyer,es,Spanish,qwen2.5-coder:7b,Benjamin C. Meyer,0.976
10131,Jonathan Riddell,es,Spanish,qwen2.5-coder:7b,Jonathan Riddell,0.88
10132,Contributor,es,Spanish,qwen2.5-coder:7b,Contribuyente,0.714
10133,Michael D. Stemle,es,Spanish,qwen2.5-coder:7b,Michael D. Stemle,1.037
10134,Simon Edwards,es,Spanish,qwen2.5-coder:7b,Simon Edwards,0.631
10135,Ellen Reitmayr,es,Spanish,qwen2.5-coder:7b,Ellen Reitmayr,1.168
10136,Usability,es,Spanish,qwen2.5-coder:7b,Usabilidad,0.669
10137,Search Bar Enter a search term.,es,Spanish,qwen2.5-coder:7b,Barra de búsqueda Introduce un término de búsqueda.,1.87
10138,Unsaved Changes,es,Spanish,qwen2.5-coder:7b,Cambios No Guardados,1.055
10139,Unable to locate file %1 which is necessary to run this service. Please check your software installation.,es,Spanish,qwen2.5-coder:7b,"No se puede localizar el archivo %1, que es necesario para ejecutar este servicio. Por favor, verifique su instalación de software.",3.933
10140,Configure Anti-Alias Settings,es,Spanish,qwen2.5-coder:7b,Configure Configuración de Anti-Alias,1.469
10141,Exclude range:,es,Spanish,qwen2.5-coder:7b,Excluir rango:,0.992
10142,pt,es,Spanish,qwen2.5-coder:7b,es,0.759
10143,to,es,Spanish,qwen2.5-coder:7b,para,0.733
10144,"If you have a TFT or LCD screen you can further improve the quality of displayed fonts by selecting this option. Sub-pixel rendering is also known as ClearType(tm). In order for sub-pixel rendering to work correctly you need to know how the sub-pixels of your display are aligned. On TFT or LCD displays a single pixel is actually composed of three sub-pixels, red, green and blue. Most displays have a linear ordering of RGB sub-pixel, some have BGR. This feature does not work with CRT monitors.",es,Spanish,qwen2.5-coder:7b,"Si tienes una pantalla TFT o LCD, puedes mejorar la calidad de los caracteres mostrados seleccionando esta opción. El renderizado de sub-píxeles también se conoce como ClearType(tm). Para que el renderizado de sub-píxeles funcione correctamente, necesitas saber cómo están alineados los sub-píxeles de tu pantalla. En las pantallas TFT o LCD, un solo píxel está compuesto por tres sub-píxeles: rojo",9.371
10145,& Use sub-pixel rendering:,es,Spanish,qwen2.5-coder:7b,& Usar renderizado sub-píxel:,1.767
10146,Hinting style:,es,Spanish,qwen2.5-coder:7b,Estilo de sugerencia:,1.283
10147,Hinting is a process used to enhance the quality of fonts at small sizes.,es,Spanish,qwen2.5-coder:7b,El hinting es un proceso utilizado para mejorar la calidad de las fuentes en tamaños pequeños.,3.363
10148,General,es,Spanish,qwen2.5-coder:7b,General,0.519
10149,Fixed width,es,Spanish,qwen2.5-coder:7b,Ancho fijo,0.84
10150,Small,es,Spanish,qwen2.5-coder:7b,Pequeño,0.689
10151,Toolbar,es,Spanish,qwen2.5-coder:7b,Barra de herramientas,0.958
10152,Menu,es,Spanish,qwen2.5-coder:7b,Menú,0.604
10153,Window title,es,Spanish,qwen2.5-coder:7b,Titulo de la ventana,1.071
10154,Taskbar,es,Spanish,qwen2.5-coder:7b,Barra de tareas,1.208
10155,Desktop,es,Spanish,qwen2.5-coder:7b,Escritorio,0.721
10156,"Used for normal text (e. g. button labels, list items).",es,Spanish,qwen2.5-coder:7b,"Usado para texto normal (por ejemplo, etiquetas de botón, elementos de lista).",2.97
10157,A non-proportional font (i. e. typewriter font).,es,Spanish,qwen2.5-coder:7b,"Una fuente no proporcional (es decir, fuente de máquina de escribir).",2.977
10158,Smallest font that is still readable well.,es,Spanish,qwen2.5-coder:7b,Fuente más pequeña que siga siendo legible con buenos resultados.,2.295
10159,Used to display text beside toolbar icons.,es,Spanish,qwen2.5-coder:7b,Se usa para mostrar texto al lado de los iconos de la barra de herramientas.,2.759
10160,Used by menu bars and popup menus.,es,Spanish,qwen2.5-coder:7b,Usado por las barras de menú y los menús emergentes.,2.229
10161,Used by the window titlebar.,es,Spanish,qwen2.5-coder:7b,Usado por la barra de título de la ventana.,1.895
10162,Used by the taskbar.,es,Spanish,qwen2.5-coder:7b,Usado por la barra de tareas.,1.684
10163,Used for desktop icons.,es,Spanish,qwen2.5-coder:7b,Usado para los iconos del escritorio.,1.639
10164,%1:,es,Spanish,qwen2.5-coder:7b,%1:,0.821
10165,Adjust All Fonts...,es,Spanish,qwen2.5-coder:7b,Ajustar Todas las Fuentes...,1.601
10166,Click to change all fonts,es,Spanish,qwen2.5-coder:7b,Haz clic para cambiar todos los tipos de letra,1.495
10167,Use anti-aliasing:,es,Spanish,qwen2.5-coder:7b,Usar anti-aliasing:,1.371
10168,Enabled,es,Spanish,qwen2.5-coder:7b,Habilitado,0.745
10169,System Settings,es,Spanish,qwen2.5-coder:7b,Ajustes del Sistema,1.043
10170,Disabled,es,Spanish,qwen2.5-coder:7b,Deshabilitado,0.807
10171,"If this option is selected, KDE will smooth the edges of curves in fonts.",es,Spanish,qwen2.5-coder:7b,"Si se selecciona esta opción, KDE suavizará los bordes de las curvas en las fuentes.",3.628
10172,Configure...,es,Spanish,qwen2.5-coder:7b,Configurar...,0.908
10173,Force fonts DPI:,es,Spanish,qwen2.5-coder:7b,Fuza los tipos de letra DPI:,1.369
10174,96 DPI,es,Spanish,qwen2.5-coder:7b,96 DPI,0.76
10175,120 DPI,es,Spanish,qwen2.5-coder:7b,120 DPI,0.952
10176,This option forces a specific DPI value for fonts. It may be useful when the real DPI of the hardware is not detected properly and it is also often misused when poor quality fonts are used that do not look well with DPI values other than 96 or 120 DPI. The use of this option is generally discouraged. For selecting proper DPI value a better option is explicitly configuring it for the whole X server if possible (e. g. DisplaySize in xorg. conf or adding -dpi value to ServerLocalArgs= in $KDEDIR/ share/ config/ kdm/ kdmrc). When fonts do not render properly with real DPI value better fonts should be used or configuration of font hinting should be checked.,es,Spanish,qwen2.5-coder:7b,"Esta opción fuerza un valor específico de DPI para las fuentes. Puede ser útil cuando el DPI real del hardware no se detecta correctamente y también a menudo se usa de manera incorrecta cuando se utilizan fuentes de baja calidad que no se ven bien con valores de DPI diferentes a 96 o 120 DPI. El uso de esta opción se generalmente desaconseja. Para seleccionar un valor de DPI adecuado, una mejor opción es configur",9.329
10177,Some changes such as anti-aliasing will only affect newly started applications.,es,Spanish,qwen2.5-coder:7b,Algunos cambios como el anti-aliasing solo afectarán a las aplicaciones nuevas que se inician.,3.477
10178,Font Settings Changed,es,Spanish,qwen2.5-coder:7b,Configuración de la fuente cambiada,1.668
10179,Some changes such as DPI will only affect newly started applications.,es,Spanish,qwen2.5-coder:7b,Algunos cambios como la DPI solo afectarán a las aplicaciones iniciadas recientemente.,3.157
10180,RGB,es,Spanish,qwen2.5-coder:7b,RGB,0.524
10181,BGR,es,Spanish,qwen2.5-coder:7b,BGR,0.697
10182,Vertical RGB,es,Spanish,qwen2.5-coder:7b,Vertical RGB,0.89
10183,Vertical BGR,es,Spanish,qwen2.5-coder:7b,Vertical BGR,0.967
10184,Medium,es,Spanish,qwen2.5-coder:7b,Medio,0.8
10185,Slight,es,Spanish,qwen2.5-coder:7b,Leve,0.863
10186,Full,es,Spanish,qwen2.5-coder:7b,Completo,0.629
10187,If you have a TFT or LCD screen you can further improve the quality of displayed fonts by selecting this option. Sub-pixel hinting is also known as ClearType(tm). This will not work with CRT monitors.,es,Spanish,qwen2.5-coder:7b,"Si tienes una pantalla TFT o LCD, puedes mejorar la calidad de los caracteres mostrados seleccionando esta opción. El suavizado de píxeles también se conoce como ClearType(tm). Esto no funcionará con monitores CRT.",4.449
10188,Grayscale,es,Spanish,qwen2.5-coder:7b,Escala de grises,0.937
10189,KTraderClient,es,Spanish,qwen2.5-coder:7b,KTraderClient,0.808
10190,A command-line tool for querying the KDE trader system,es,Spanish,qwen2.5-coder:7b,Una herramienta de línea de comandos para consultar el sistema de comercio KDE,2.733
10191,A mimetype,es,Spanish,qwen2.5-coder:7b,Un tipo MIME,0.912
10192,"A servicetype, like KParts/ ReadOnlyPart or KMyApp/ Plugin",es,Spanish,qwen2.5-coder:7b,"Un tipo de servicio, como KParts/ ReadOnlyPart o KMyApp/ Plugin",2.824
10193,A constraint expressed in the trader query language,es,Spanish,qwen2.5-coder:7b,Una restricción expresada en el lenguaje de consulta del comerciante,2.558
10194,kfile,es,Spanish,qwen2.5-coder:7b,karchivo,0.63
10195,A command-line tool to read and modify metadata of files.,es,Spanish,qwen2.5-coder:7b,Herramienta de línea de comandos para leer y modificar metadatos de archivos.,2.817
10196,"(c) 2002, Carsten Pfeiffer",es,Spanish,qwen2.5-coder:7b,"(c) 2002, Carsten Pfeiffer",2.44
10197,Carsten Pfeiffer,es,Spanish,qwen2.5-coder:7b,Carsten Pfeiffer,1.157
10198,Do not print the mimetype of the given file(s),es,Spanish,qwen2.5-coder:7b,No imprima el mimetype del archivo(s) dado(s),1.956
10199,List all supported metadata keys.,es,Spanish,qwen2.5-coder:7b,Lista todas las claves de metadatos soportadas.,1.867
10200,List all metadata keys which have a value in the given file(s).,es,Spanish,qwen2.5-coder:7b,Lista todas las claves de metadatos que tienen un valor en el(los) archivo(s) dado(s).,3.278
10201,Do not print a warning when more than one file was given and they do not all have the same mimetype.,es,Spanish,qwen2.5-coder:7b,No imprima una advertencia cuando se proporcionan más de un archivo y no todos tienen el mismo mimetype.,3.486
10202,"Prints all metadata values, available in the given file(s).",es,Spanish,qwen2.5-coder:7b,Imprime todos los valores de metadatos disponibles en el(los) archivo(s) proporcionado(s).,3.161
10203,Opens a KDE properties dialog to allow viewing and modifying of metadata of the given file(s),es,Spanish,qwen2.5-coder:7b,Abre un diálogo de propiedades de KDE para permitir la visualización y modificación de los metadatos del archivo(s),3.875
10204,Prints the value for'key 'of the given file(s). 'key' may also be a comma-separated list of keys,es,Spanish,qwen2.5-coder:7b,Imprime el valor de 'clave' del(los) archivo(s) proporcionado(s). 'clave' también puede ser una lista de claves separadas por comas.,3.069
10205,Attempts to set the value'value 'for the metadata key'key' for the given file(s),es,Spanish,qwen2.5-coder:7b,Intentos de establecer el valor '%s' para la clave de metadatos '%s' para el(los) archivo(s) dado(s),3.828
10206,The file (or a number of files) to operate on.,es,Spanish,qwen2.5-coder:7b,El archivo (o varios archivos) para operar.,1.99
10207,No files specified,es,Spanish,qwen2.5-coder:7b,No se especificaron archivos,1.06
10208,Cannot determine metadata,es,Spanish,qwen2.5-coder:7b,No se puede determinar la metadatos,1.48
10209,Your names,es,Spanish,qwen2.5-coder:7b,Tu nombre,0.816
10210,Your emails,es,Spanish,qwen2.5-coder:7b, Tus correos electrónicos ,1.185
10211,Draw window frames using & titlebar colors,es,Spanish,qwen2.5-coder:7b,Dibuja marcos de ventana usando & colores de la barra de título,2.431
10212,"When selected, the window borders are drawn using the titlebar colors; otherwise, they are drawn using normal border colors.",es,Spanish,qwen2.5-coder:7b,"Cuando está seleccionado, los bordes de la ventana se dibujan usando los colores de la barra de título; de lo contrario, se dibujan usando los colores de los bordes normales.",6.024
10213,Draw & resize handle,es,Spanish,qwen2.5-coder:7b,Gráfica & control de tamaño,1.418
10214,"When selected, decorations are drawn with a ""grab handle"" in the bottom right corner of the windows; otherwise, no grab handle is drawn.",es,Spanish,qwen2.5-coder:7b,"Cuando se selecciona, las decoraciones se dibujan con un ""manija de agarre"" en la esquina inferior derecha de las ventanas; de lo contrario, no se dibuja ninguna manija de agarre.",4.352
10215,Auto-move titlebar,es,Spanish,qwen2.5-coder:7b,Mover automáticamente la barra de título,1.344
10216,"When selected, titlebars are automatically relocated to visible positions; otherwise, they are only moved manually using shift+drag.",es,Spanish,qwen2.5-coder:7b,"Cuando se selecciona, las barras de título se reubican automáticamente en posiciones visibles; de lo contrario, solo se mueven manualmente usando shift+drag.",5.079
10217,Actions Settings,es,Spanish,qwen2.5-coder:7b,Ajustes de Acciones,1.158
10218,Double click on menu button:,es,Spanish,qwen2.5-coder:7b,Doble clic en el botón del menú:,1.687
10219,Do Nothing,es,Spanish,qwen2.5-coder:7b,No Hacer Nada,1.016
10220,Minimize Window,es,Spanish,qwen2.5-coder:7b,Minimizar Ventana,0.969
10221,Shade Window,es,Spanish,qwen2.5-coder:7b,Oscurecer Ventana,1.23
10222,Close Window,es,Spanish,qwen2.5-coder:7b,Cerrar Ventana,0.765
10223,An action can be associated to a double click of the menu button. Leave it to none if in doubt.,es,Spanish,qwen2.5-coder:7b,Una acción puede asociarse con un doble clic del botón del menú. Déjelo en ninguno si está en duda.,3.881
10224,Not on all desktops,es,Spanish,qwen2.5-coder:7b,No en todos los escritorios,1.37
